===== targeted chunk-timeout reruns (now fixed by MPI_Abort) =====
##### RETRY dist=lockfree_rma fanout=-1 nodes=128 mode=fixed expected_us=1000000 rpn=102 #####
RESULT distributor=lockfree_rma mode=fixed expected_us=1000000 nodes=128 world_size=13056 max_upper_fanout=-1 total_tasks=243914 elapsed_s=20.0002 throughput_tasks_per_s=12195.6
Abort(0) on node 0 (rank 0 in comm 0): application called MPI_Abort(MPI_COMM_WORLD, 0) - process 0
Rank 0 aborted with code 0: application called MPI_Abort(MPI_COMM_WORLD, 0) - process 0
Abort(15) on node 9592: Fatal error in internal_Win_flush: Other MPI error
Abort(15) on node 9593: Fatal error in internal_Win_flush: Other MPI error
Abort(15) on node 9594: Fatal error in internal_Win_flush: Other MPI error
Abort(15) on node 9595: Fatal error in internal_Win_flush: Other MPI error
Abort(15) on node 9600: Fatal error in internal_Win_flush: Other MPI error
Abort(15) on node 9607: Fatal error in internal_Win_flush: Other MPI error
Abort(15) on node 9663: Fatal error in internal_Win_flush: Other MPI error
Abort(15) on node 9588: Fatal error in internal_Win_flush: Other MPI error
Abort(15) on node 9589: Fatal error in internal_Win_flush: Other MPI error
Abort(15) on node 9590: Fatal error in internal_Win_flush: Other MPI error
Abort(15) on node 9591: Fatal error in internal_Win_flush: Other MPI error
Abort(15) on node 9597: Fatal error in internal_Win_flush: Other MPI error
Abort(15) on node 9598: Fatal error in internal_Win_flush: Other MPI error
Abort(15) on node 9599: Fatal error in internal_Win_flush: Other MPI error
Abort(15) on node 9602: Fatal error in internal_Win_flush: Other MPI error
Abort(15) on node 9605: Fatal error in internal_Win_flush: Other MPI error
Abort(15) on node 9606: Fatal error in internal_Win_flush: Other MPI error
Abort(15) on node 9614: Fatal error in internal_Win_flush: Other MPI error
Abort(15) on node 9616: Fatal error in internal_Win_flush: Other MPI error
Abort(15) on node 9620: Fatal error in internal_Win_flush: Other MPI error
Abort(15) on node 9621: Fatal error in internal_Win_flush: Other MPI error
Abort(15) on node 9625: Fatal error in internal_Win_flush: Other MPI error
Abort(15) on node 9626: Fatal error in internal_Win_flush: Other MPI error
Abort(15) on node 9629: Fatal error in internal_Win_flush: Other MPI error
Abort(15) on node 9637: Fatal error in internal_Win_flush: Other MPI error
Abort(15) on node 9641: Fatal error in internal_Win_flush: Other MPI error
Abort(15) on node 9645: Fatal error in internal_Win_flush: Other MPI error
Abort(15) on node 9649: Fatal error in internal_Win_flush: Other MPI error
Abort(15) on node 9650: Fatal error in internal_Win_flush: Other MPI error
Abort(15) on node 9651: Fatal error in internal_Win_flush: Other MPI error
Abort(15) on node 9652: Fatal error in internal_Win_flush: Other MPI error
Abort(15) on node 9655: Fatal error in internal_Win_flush: Other MPI error
Abort(15) on node 9656: Fatal error in internal_Win_flush: Other MPI error
Abort(15) on node 9658: Fatal error in internal_Win_flush: Other MPI error
Abort(15) on node 9665: Fatal error in internal_Win_flush: Other MPI error
Abort(15) on node 9666: Fatal error in internal_Win_flush: Other MPI error
Abort(15) on node 9670: Fatal error in internal_Win_flush: Other MPI error
Abort(15) on node 9672: Fatal error in internal_Win_flush: Other MPI error
Abort(15) on node 9673: Fatal error in internal_Win_flush: Other MPI error
Abort(15) on node 9676: Fatal error in internal_Win_flush: Other MPI error
Abort(15) on node 9677: Fatal error in internal_Win_flush: Other MPI error
Abort(15) on node 9678: Fatal error in internal_Win_flush: Other MPI error
Abort(15) on node 9679: Fatal error in internal_Win_flush: Other MPI error
Abort(15) on node 9683: Fatal error in internal_Win_flush: Other MPI error
Abort(15) on node 9684: Fatal error in internal_Win_flush: Other MPI error
Abort(15) on node 9686: Fatal error in internal_Win_flush: Other MPI error
Abort(15) on node 9688: Fatal error in internal_Win_flush: Other MPI error
Abort(15) on node 9689: Fatal error in internal_Win_flush: Other MPI error
Abort(15) on node 6758: Fatal error in internal_Win_flush: Other MPI error
Abort(15) on node 6732: Fatal error in internal_Win_flush: Other MPI error
Abort(15) on node 6734: Fatal error in internal_Win_flush: Other MPI error
Abort(15) on node 6735: Fatal error in internal_Win_flush: Other MPI error
Abort(15) on node 6737: Fatal error in internal_Win_flush: Other MPI error
Abort(15) on node 6738: Fatal error in internal_Win_flush: Other MPI error
Abort(15) on node 6739: Fatal error in internal_Win_flush: Other MPI error
Abort(15) on node 6742: Fatal error in internal_Win_flush: Other MPI error
Abort(15) on node 6744: Fatal error in internal_Win_flush: Other MPI error
Abort(15) on node 6745: Fatal error in internal_Win_flush: Other MPI error
Abort(15) on node 6748: Fatal error in internal_Win_flush: Other MPI error
Abort(15) on node 6749: Fatal error in internal_Win_flush: Other MPI error
Abort(15) on node 6750: Fatal error in internal_Win_flush: Other MPI error
Abort(15) on node 6752: Fatal error in internal_Win_flush: Other MPI error
Abort(15) on node 6754: Fatal error in internal_Win_flush: Other MPI error
Abort(15) on node 6774: Fatal error in internal_Win_flush: Other MPI error
Abort(15) on node 6777: Fatal error in internal_Win_flush: Other MPI error
Abort(15) on node 6778: Fatal error in internal_Win_flush: Other MPI error
Abort(15) on node 6795: Fatal error in internal_Win_flush: Other MPI error
Abort(15) on node 6801: Fatal error in internal_Win_flush: Other MPI error
Abort(15) on node 6802: Fatal error in internal_Win_flush: Other MPI error
Abort(15) on node 6803: Fatal error in internal_Win_flush: Other MPI error
Abort(15) on node 6805: Fatal error in internal_Win_flush: Other MPI error
Abort(15) on node 6807: Fatal error in internal_Win_flush: Other MPI error
Abort(15) on node 6818: Fatal error in internal_Win_flush: Other MPI error
Abort(15) on node 6822: Fatal error in internal_Win_flush: Other MPI error
Abort(15) on node 6823: Fatal error in internal_Win_flush: Other MPI error
Abort(15) on node 6824: Fatal error in internal_Win_flush: Other MPI error
Abort(15) on node 5817: Fatal error in internal_Win_flush: Other MPI error
Abort(15) on node 5896: Fatal error in internal_Win_flush: Other MPI error
Abort(15) on node 5814: Fatal error in internal_Win_flush: Other MPI error
Abort(15) on node 5816: Fatal error in internal_Win_flush: Other MPI error
Abort(15) on node 5818: Fatal error in internal_Win_flush: Other MPI error
Abort(15) on node 5822: Fatal error in internal_Win_flush: Other MPI error
Abort(15) on node 5823: Fatal error in internal_Win_flush: Other MPI error
Abort(15) on node 5824: Fatal error in internal_Win_flush: Other MPI error
Abort(15) on node 5825: Fatal error in internal_Win_flush: Other MPI error
Abort(15) on node 5826: Fatal error in internal_Win_flush: Other MPI error
Abort(15) on node 5827: Fatal error in internal_Win_flush: Other MPI error
Abort(15) on node 5829: Fatal error in internal_Win_flush: Other MPI error
Abort(15) on node 5830: Fatal error in internal_Win_flush: Other MPI error
Abort(15) on node 5831: Fatal error in internal_Win_flush: Other MPI error
Abort(15) on node 5832: Fatal error in internal_Win_flush: Other MPI error
Abort(15) on node 5833: Fatal error in internal_Win_flush: Other MPI error
Abort(15) on node 5834: Fatal error in internal_Win_flush: Other MPI error
Abort(15) on node 5835: Fatal error in internal_Win_flush: Other MPI error
Abort(15) on node 5836: Fatal error in internal_Win_flush: Other MPI error
Abort(15) on node 5837: Fatal error in internal_Win_flush: Other MPI error
Abort(15) on node 5838: Fatal error in internal_Win_flush: Other MPI error
Abort(15) on node 5839: Fatal error in internal_Win_flush: Other MPI error
Abort(15) on node 5840: Fatal error in internal_Win_flush: Other MPI error
Abort(15) on node 5841: Fatal error in internal_Win_flush: Other MPI error
Abort(15) on node 5842: Fatal error in internal_Win_flush: Other MPI error
Abort(15) on node 5843: Fatal error in internal_Win_flush: Other MPI error
Abort(15) on node 5844: Fatal error in internal_Win_flush: Other MPI error
Abort(15) on node 5845: Fatal error in internal_Win_flush: Other MPI error
Abort(15) on node 5846: Fatal error in internal_Win_flush: Other MPI error
Abort(15) on node 5847: Fatal error in internal_Win_flush: Other MPI error
Abort(15) on node 5848: Fatal error in internal_Win_flush: Other MPI error
Abort(15) on node 5850: Fatal error in internal_Win_flush: Other MPI error
Abort(15) on node 6658: Fatal error in internal_Win_flush: Other MPI error
Abort(15) on node 5851: Fatal error in internal_Win_flush: Other MPI error
Abort(15) on node 6678: Fatal error in internal_Win_flush: Other MPI error
Abort(15) on node 5852: Fatal error in internal_Win_flush: Other MPI error
Abort(15) on node 6731: Fatal error in internal_Win_flush: Other MPI error
Abort(15) on node 5854: Fatal error in internal_Win_flush: Other MPI error
Abort(15) on node 5855: Fatal error in internal_Win_flush: Other MPI error
Abort(15) on node 5856: Fatal error in internal_Win_flush: Other MPI error
Abort(15) on node 5857: Fatal error in internal_Win_flush: Other MPI error
Abort(15) on node 5859: Fatal error in internal_Win_flush: Other MPI error
Abort(15) on node 5861: Fatal error in internal_Win_flush: Other MPI error
Abort(15) on node 5862: Fatal error in internal_Win_flush: Other MPI error
Abort(15) on node 5864: Fatal error in internal_Win_flush: Other MPI error
Abort(15) on node 5865: Fatal error in internal_Win_flush: Other MPI error
Abort(15) on node 5866: Fatal error in internal_Win_flush: Other MPI error
Abort(15) on node 5867: Fatal error in internal_Win_flush: Other MPI error
Abort(15) on node 5868: Fatal error in internal_Win_flush: Other MPI error
Abort(15) on node 5869: Fatal error in internal_Win_flush: Other MPI error
Abort(15) on node 5871: Fatal error in internal_Win_flush: Other MPI error
Abort(15) on node 5875: Fatal error in internal_Win_flush: Other MPI error
Abort(15) on node 5876: Fatal error in internal_Win_flush: Other MPI error
Abort(15) on node 12041: Fatal error in internal_Win_flush: Other MPI error
Abort(15) on node 12073: Fatal error in internal_Win_flush: Other MPI error
Abort(15) on node 5877: Fatal error in internal_Win_flush: Other MPI error
Abort(15) on node 5878: Fatal error in internal_Win_flush: Other MPI error
Abort(15) on node 5879: Fatal error in internal_Win_flush: Other MPI error
Abort(15) on node 5880: Fatal error in internal_Win_flush: Other MPI error
Abort(15) on node 5881: Fatal error in internal_Win_flush: Other MPI error
Abort(15) on node 5882: Fatal error in internal_Win_flush: Other MPI error
Abort(15) on node 5884: Fatal error in internal_Win_flush: Other MPI error
Abort(15) on node 5885: Fatal error in internal_Win_flush: Other MPI error
Abort(15) on node 5887: Fatal error in internal_Win_flush: Other MPI error
Abort(15) on node 5888: Fatal error in internal_Win_flush: Other MPI error
Abort(15) on node 5889: Fatal error in internal_Win_flush: Other MPI error
Abort(15) on node 5890: Fatal error in internal_Win_flush: Other MPI error
Abort(15) on node 5892: Fatal error in internal_Win_flush: Other MPI error
Abort(15) on node 5893: Fatal error in internal_Win_flush: Other MPI error
Abort(15) on node 5894: Fatal error in internal_Win_flush: Other MPI error
Abort(15) on node 5900: Fatal error in internal_Win_flush: Other MPI error
Abort(15) on node 5901: Fatal error in internal_Win_flush: Other MPI error
Abort(15) on node 5902: Fatal error in internal_Win_flush: Other MPI error
Abort(15) on node 5904: Fatal error in internal_Win_flush: Other MPI error
Abort(15) on node 5905: Fatal error in internal_Win_flush: Other MPI error
Abort(15) on node 5906: Fatal error in internal_Win_flush: Other MPI error
Abort(15) on node 5907: Fatal error in internal_Win_flush: Other MPI error
Abort(15) on node 5908: Fatal error in internal_Win_flush: Other MPI error
Abort(15) on node 5909: Fatal error in internal_Win_flush: Other MPI error
Abort(15) on node 5910: Fatal error in internal_Win_flush: Other MPI error
Abort(15) on node 5911: Fatal error in internal_Win_flush: Other MPI error
Abort(15) on node 5913: Fatal error in internal_Win_flush: Other MPI error
Abort(15) on node 5914: Fatal error in internal_Win_flush: Other MPI error
Abort(15) on node 5915: Fatal error in internal_Win_flush: Other MPI error
Abort(15) on node 10228: Fatal error in internal_Win_flush: Other MPI error
Abort(15) on node 10283: Fatal error in internal_Win_flush: Other MPI error
Abort(15) on node 10201: Fatal error in internal_Win_flush: Other MPI error
Abort(15) on node 10202: Fatal error in internal_Win_flush: Other MPI error
Abort(15) on node 10203: Fatal error in internal_Win_flush: Other MPI error
Abort(15) on node 10204: Fatal error in internal_Win_flush: Other MPI error
Abort(15) on node 10207: Fatal error in internal_Win_flush: Other MPI error
Abort(15) on node 10209: Fatal error in internal_Win_flush: Other MPI error
Abort(15) on node 10212: Fatal error in internal_Win_flush: Other MPI error
Abort(15) on node 10213: Fatal error in internal_Win_flush: Other MPI error
Abort(15) on node 10214: Fatal error in internal_Win_flush: Other MPI error
Abort(15) on node 10215: Fatal error in internal_Win_flush: Other MPI error
Abort(15) on node 10216: Fatal error in internal_Win_flush: Other MPI error
Abort(15) on node 10220: Fatal error in internal_Win_flush: Other MPI error
Abort(15) on node 10222: Fatal error in internal_Win_flush: Other MPI error
Abort(15) on node 10223: Fatal error in internal_Win_flush: Other MPI error
Abort(15) on node 10224: Fatal error in internal_Win_flush: Other MPI error
Abort(15) on node 10225: Fatal error in internal_Win_flush: Other MPI error
Abort(15) on node 10226: Fatal error in internal_Win_flush: Other MPI error
Abort(15) on node 10227: Fatal error in internal_Win_flush: Other MPI error
Abort(15) on node 10229: Fatal error in internal_Win_flush: Other MPI error
Abort(15) on node 10230: Fatal error in internal_Win_flush: Other MPI error
Abort(15) on node 10231: Fatal error in internal_Win_flush: Other MPI error
Abort(15) on node 10232: Fatal error in internal_Win_flush: Other MPI error
Abort(15) on node 10233: Fatal error in internal_Win_flush: Other MPI error
Abort(15) on node 10234: Fatal error in internal_Win_flush: Other MPI error
Abort(15) on node 10235: Fatal error in internal_Win_flush: Other MPI error
Abort(15) on node 10237: Fatal error in internal_Win_flush: Other MPI error
x4706c2s0b0n0.hsn.cm.aurora.alcf.anl.gov: rank 8 died from signal 15
Abort(15) on node 10238: Fatal error in internal_Win_flush: Other MPI error
Abort(15) on node 10239: Fatal error in internal_Win_flush: Other MPI error
Abort(15) on node 10240: Fatal error in internal_Win_flush: Other MPI error
Abort(15) on node 10242: Fatal error in internal_Win_flush: Other MPI error
Abort(15) on node 10243: Fatal error in internal_Win_flush: Other MPI error
Abort(15) on node 10244: Fatal error in internal_Win_flush: Other MPI error
Abort(15) on node 10245: Fatal error in internal_Win_flush: Other MPI error
Abort(15) on node 10246: Fatal error in internal_Win_flush: Other MPI error
Abort(15) on node 10247: Fatal error in internal_Win_flush: Other MPI error
Abort(15) on node 10248: Fatal error in internal_Win_flush: Other MPI error
Abort(15) on node 10249: Fatal error in internal_Win_flush: Other MPI error
Abort(15) on node 10250: Fatal error in internal_Win_flush: Other MPI error
Abort(15) on node 10252: Fatal error in internal_Win_flush: Other MPI error
Abort(15) on node 10253: Fatal error in internal_Win_flush: Other MPI error
Abort(15) on node 10255: Fatal error in internal_Win_flush: Other MPI error
Abort(15) on node 10257: Fatal error in internal_Win_flush: Other MPI error
Abort(15) on node 10258: Fatal error in internal_Win_flush: Other MPI error
Abort(15) on node 10261: Fatal error in internal_Win_flush: Other MPI error
Abort(15) on node 10263: Fatal error in internal_Win_flush: Other MPI error
Abort(15) on node 10265: Fatal error in internal_Win_flush: Other MPI error
Abort(15) on node 10267: Fatal error in internal_Win_flush: Other MPI error
Abort(15) on node 10268: Fatal error in internal_Win_flush: Other MPI error
Abort(15) on node 10269: Fatal error in internal_Win_flush: Other MPI error
Abort(15) on node 10270: Fatal error in internal_Win_flush: Other MPI error
Abort(15) on node 10272: Fatal error in internal_Win_flush: Other MPI error
Abort(15) on node 10273: Fatal error in internal_Win_flush: Other MPI error
Abort(15) on node 10275: Fatal error in internal_Win_flush: Other MPI error
Abort(15) on node 10276: Fatal error in internal_Win_flush: Other MPI error
Abort(15) on node 10277: Fatal error in internal_Win_flush: Other MPI error
Abort(15) on node 10278: Fatal error in internal_Win_flush: Other MPI error
Abort(15) on node 10280: Fatal error in internal_Win_flush: Other MPI error
Abort(15) on node 10282: Fatal error in internal_Win_flush: Other MPI error
Abort(15) on node 10284: Fatal error in internal_Win_flush: Other MPI error
Abort(15) on node 10285: Fatal error in internal_Win_flush: Other MPI error
Abort(15) on node 10286: Fatal error in internal_Win_flush: Other MPI error
Abort(15) on node 10287: Fatal error in internal_Win_flush: Other MPI error
Abort(15) on node 10288: Fatal error in internal_Win_flush: Other MPI error
Abort(15) on node 10289: Fatal error in internal_Win_flush: Other MPI error
Abort(15) on node 10290: Fatal error in internal_Win_flush: Other MPI error
Abort(15) on node 10291: Fatal error in internal_Win_flush: Other MPI error
Abort(15) on node 10292: Fatal error in internal_Win_flush: Other MPI error
Abort(15) on node 10293: Fatal error in internal_Win_flush: Other MPI error
Abort(15) on node 10295: Fatal error in internal_Win_flush: Other MPI error
Abort(15) on node 10296: Fatal error in internal_Win_flush: Other MPI error
Abort(15) on node 10298: Fatal error in internal_Win_flush: Other MPI error
Abort(15) on node 10299: Fatal error in internal_Win_flush: Other MPI error
Abort(15) on node 10301: Fatal error in internal_Win_flush: Other MPI error
Abort(15) on node 10200: Fatal error in internal_Win_flush: Other MPI error
Abort(15) on node 10206: Fatal error in internal_Win_flush: Other MPI error
Abort(15) on node 10210: Fatal error in internal_Win_flush: Other MPI error
Abort(15) on node 10217: Fatal error in internal_Win_flush: Other MPI error
Abort(15) on node 10218: Fatal error in internal_Win_flush: Other MPI error
Abort(15) on node 10219: Fatal error in internal_Win_flush: Other MPI error
Abort(15) on node 10274: Fatal error in internal_Win_flush: Other MPI error
Abort(15) on node 10297: Fatal error in internal_Win_flush: Other MPI error
x4707c2s7b0n0.hsn.cm.aurora.alcf.anl.gov: rank 6824 exited with code 15
exit=143
##### RETRY dist=lockfree_rma fanout=-1 nodes=128 mode=uniform expected_us=1000000 rpn=102 #####
RESULT distributor=lockfree_rma mode=uniform expected_us=1000000 nodes=128 world_size=13056 max_upper_fanout=-1 total_tasks=239121 elapsed_s=20.0829 throughput_tasks_per_s=11906.7
Abort(0) on node 0 (rank 0 in comm 0): application called MPI_Abort(MPI_COMM_WORLD, 0) - process 0
Rank 0 aborted with code 0: application called MPI_Abort(MPI_COMM_WORLD, 0) - process 0
x4706c2s0b0n0.hsn.cm.aurora.alcf.anl.gov: rank 60 died from signal 15
exit=143
##### RETRY dist=lockfree_rma fanout=-1 nodes=16 mode=fixed expected_us=1000000 rpn=102 #####
RESULT distributor=lockfree_rma mode=fixed expected_us=1000000 nodes=16 world_size=1632 max_upper_fanout=-1 total_tasks=30849 elapsed_s=20 throughput_tasks_per_s=1542.45
Abort(0) on node 0 (rank 0 in comm 0): application called MPI_Abort(MPI_COMM_WORLD, 0) - process 0
Rank 0 aborted with code 0: application called MPI_Abort(MPI_COMM_WORLD, 0) - process 0
x4706c2s0b0n0.hsn.cm.aurora.alcf.anl.gov: rank 10 died from signal 15
exit=143
##### RETRY dist=lockfree_rma fanout=-1 nodes=16 mode=fixed expected_us=100000 rpn=102 #####
RESULT distributor=lockfree_rma mode=fixed expected_us=100000 nodes=16 world_size=1632 max_upper_fanout=-1 total_tasks=324478 elapsed_s=20.0002 throughput_tasks_per_s=16223.8
Abort(0) on node 0 (rank 0 in comm 0): application called MPI_Abort(MPI_COMM_WORLD, 0) - process 0
Rank 0 aborted with code 0: application called MPI_Abort(MPI_COMM_WORLD, 0) - process 0
x4706c2s0b0n0.hsn.cm.aurora.alcf.anl.gov: rank 7 died from signal 15
exit=143
##### RETRY dist=lockfree_rma fanout=-1 nodes=16 mode=uniform expected_us=1000000 rpn=102 #####
RESULT distributor=lockfree_rma mode=uniform expected_us=1000000 nodes=16 world_size=1632 max_upper_fanout=-1 total_tasks=29998 elapsed_s=20 throughput_tasks_per_s=1499.9
Abort(0) on node 0 (rank 0 in comm 0): application called MPI_Abort(MPI_COMM_WORLD, 0) - process 0
Rank 0 aborted with code 0: application called MPI_Abort(MPI_COMM_WORLD, 0) - process 0
x4706c2s0b0n0.hsn.cm.aurora.alcf.anl.gov: rank 64 died from signal 15
exit=143
##### RETRY dist=lockfree_rma fanout=-1 nodes=16 mode=uniform expected_us=100000 rpn=102 #####
RESULT distributor=lockfree_rma mode=uniform expected_us=100000 nodes=16 world_size=1632 max_upper_fanout=-1 total_tasks=323205 elapsed_s=20.0002 throughput_tasks_per_s=16160.1
Abort(0) on node 0 (rank 0 in comm 0): application called MPI_Abort(MPI_COMM_WORLD, 0) - process 0
Rank 0 aborted with code 0: application called MPI_Abort(MPI_COMM_WORLD, 0) - process 0
x4706c2s0b0n0.hsn.cm.aurora.alcf.anl.gov: rank 1 died from signal 15
Abort(15) on node 547: Fatal error in internal_Win_flush: Other MPI error
Abort(15) on node 1410: Fatal error in internal_Win_flush: Other MPI error
Abort(15) on node 135: Fatal error in internal_Win_flush: Other MPI error
Abort(15) on node 268: Fatal error in internal_Win_flush: Other MPI error
Abort(15) on node 779: Fatal error in internal_Win_flush: Other MPI error
Abort(15) on node 1379: Fatal error in internal_Win_flush: Other MPI error
Abort(15) on node 282: Fatal error in internal_Win_flush: Other MPI error
Abort(15) on node 402: Fatal error in internal_Win_flush: Other MPI error
Abort(15) on node 697: Fatal error in internal_Win_flush: Other MPI error
Abort(15) on node 860: Fatal error in internal_Win_flush: Other MPI error
Abort(15) on node 1411: Fatal error in internal_Win_flush: Other MPI error
Abort(15) on node 136: Fatal error in internal_Win_flush: Other MPI error
Abort(15) on node 288: Fatal error in internal_Win_flush: Other MPI error
Abort(15) on node 893: Fatal error in internal_Win_flush: Other MPI error
Abort(15) on node 920: Fatal error in internal_Win_flush: Other MPI error
Abort(15) on node 1415: Fatal error in internal_Win_flush: Other MPI error
Abort(15) on node 170: Fatal error in internal_Win_flush: Other MPI error
Abort(15) on node 300: Fatal error in internal_Win_flush: Other MPI error
Abort(15) on node 997: Fatal error in internal_Win_flush: Other MPI error
Abort(15) on node 1097: Fatal error in internal_Win_flush: Other MPI error
Abort(15) on node 1320: Fatal error in internal_Win_flush: Other MPI error
Abort(15) on node 1614: Fatal error in internal_Win_flush: Other MPI error
Abort(15) on node 1013: Fatal error in internal_Win_flush: Other MPI error
Abort(15) on node 1324: Fatal error in internal_Win_flush: Other MPI error
Abort(15) on node 594: Fatal error in internal_Win_flush: Other MPI error
Abort(15) on node 595: Fatal error in internal_Win_flush: Other MPI error
Abort(15) on node 809: Fatal error in internal_Win_flush: Other MPI error
exit=143
##### RETRY dist=lockfree_rma fanout=-1 nodes=1 mode=fixed expected_us=1000000 rpn=102 #####
RESULT distributor=lockfree_rma mode=fixed expected_us=1000000 nodes=1 world_size=102 max_upper_fanout=-1 total_tasks=1919 elapsed_s=20.0001 throughput_tasks_per_s=95.9497
Abort(0) on node 0 (rank 0 in comm 0): application called MPI_Abort(MPI_COMM_WORLD, 0) - process 0
Rank 0 aborted with code 0: application called MPI_Abort(MPI_COMM_WORLD, 0) - process 0
x4706c2s0b0n0.hsn.cm.aurora.alcf.anl.gov: rank 14 died from signal 15
exit=143
##### RETRY dist=lockfree_rma fanout=-1 nodes=1 mode=fixed expected_us=100000 rpn=102 #####
RESULT distributor=lockfree_rma mode=fixed expected_us=100000 nodes=1 world_size=102 max_upper_fanout=-1 total_tasks=17789 elapsed_s=20 throughput_tasks_per_s=889.449
Abort(0) on node 0 (rank 0 in comm 0): application called MPI_Abort(MPI_COMM_WORLD, 0) - process 0
Rank 0 aborted with code 0: application called MPI_Abort(MPI_COMM_WORLD, 0) - process 0
x4706c2s0b0n0.hsn.cm.aurora.alcf.anl.gov: rank 22 died from signal 15
exit=143
##### RETRY dist=lockfree_rma fanout=-1 nodes=1 mode=uniform expected_us=1000000 rpn=102 #####
RESULT distributor=lockfree_rma mode=uniform expected_us=1000000 nodes=1 world_size=102 max_upper_fanout=-1 total_tasks=1884 elapsed_s=20 throughput_tasks_per_s=94.1999
Abort(0) on node 0 (rank 0 in comm 0): application called MPI_Abort(MPI_COMM_WORLD, 0) - process 0
Rank 0 aborted with code 0: application called MPI_Abort(MPI_COMM_WORLD, 0) - process 0
x4706c2s0b0n0.hsn.cm.aurora.alcf.anl.gov: rank 0 died from signal 15
exit=143
##### RETRY dist=lockfree_rma fanout=-1 nodes=1 mode=uniform expected_us=100000 rpn=102 #####
RESULT distributor=lockfree_rma mode=uniform expected_us=100000 nodes=1 world_size=102 max_upper_fanout=-1 total_tasks=18046 elapsed_s=20 throughput_tasks_per_s=902.298
Abort(0) on node 0 (rank 0 in comm 0): application called MPI_Abort(MPI_COMM_WORLD, 0) - process 0
Rank 0 aborted with code 0: application called MPI_Abort(MPI_COMM_WORLD, 0) - process 0
x4706c2s0b0n0.hsn.cm.aurora.alcf.anl.gov: rank 68 died from signal 15
exit=143
##### RETRY dist=lockfree_rma fanout=-1 nodes=2 mode=fixed expected_us=1000000 rpn=102 #####
RESULT distributor=lockfree_rma mode=fixed expected_us=1000000 nodes=2 world_size=204 max_upper_fanout=-1 total_tasks=3814 elapsed_s=20.0106 throughput_tasks_per_s=190.599
Abort(0) on node 0 (rank 0 in comm 0): application called MPI_Abort(MPI_COMM_WORLD, 0) - process 0
Rank 0 aborted with code 0: application called MPI_Abort(MPI_COMM_WORLD, 0) - process 0
x4706c2s0b0n0.hsn.cm.aurora.alcf.anl.gov: rank 4 died from signal 15
exit=143
##### RETRY dist=lockfree_rma fanout=-1 nodes=2 mode=fixed expected_us=100000 rpn=102 #####
RESULT distributor=lockfree_rma mode=fixed expected_us=100000 nodes=2 world_size=204 max_upper_fanout=-1 total_tasks=40397 elapsed_s=20.0001 throughput_tasks_per_s=2019.84
Abort(0) on node 0 (rank 0 in comm 0): application called MPI_Abort(MPI_COMM_WORLD, 0) - process 0
Rank 0 aborted with code 0: application called MPI_Abort(MPI_COMM_WORLD, 0) - process 0
x4706c2s0b0n0.hsn.cm.aurora.alcf.anl.gov: rank 4 died from signal 15
exit=143
##### RETRY dist=lockfree_rma fanout=-1 nodes=2 mode=uniform expected_us=1000000 rpn=102 #####
RESULT distributor=lockfree_rma mode=uniform expected_us=1000000 nodes=2 world_size=204 max_upper_fanout=-1 total_tasks=3762 elapsed_s=20 throughput_tasks_per_s=188.1
Abort(0) on node 0 (rank 0 in comm 0): application called MPI_Abort(MPI_COMM_WORLD, 0) - process 0
Rank 0 aborted with code 0: application called MPI_Abort(MPI_COMM_WORLD, 0) - process 0
x4706c2s0b0n0.hsn.cm.aurora.alcf.anl.gov: rank 60 died from signal 15
exit=143
##### RETRY dist=lockfree_rma fanout=-1 nodes=2 mode=uniform expected_us=100000 rpn=102 #####
RESULT distributor=lockfree_rma mode=uniform expected_us=100000 nodes=2 world_size=204 max_upper_fanout=-1 total_tasks=40192 elapsed_s=20 throughput_tasks_per_s=2009.6
Abort(0) on node 0 (rank 0 in comm 0): application called MPI_Abort(MPI_COMM_WORLD, 0) - process 0
Rank 0 aborted with code 0: application called MPI_Abort(MPI_COMM_WORLD, 0) - process 0
Abort(15) on node 199: Fatal error in internal_Win_flush: Other MPI error
Abort(15) on node 138: Fatal error in internal_Win_flush: Other MPI error
Abort(15) on node 153: Fatal error in internal_Win_flush: Other MPI error
Abort(15) on node 189: Fatal error in internal_Win_flush: Other MPI error
Abort(15) on node 134: Fatal error in internal_Win_flush: Other MPI error
Abort(15) on node 122: Fatal error in internal_Win_flush: Other MPI error
Abort(15) on node 120: Fatal error in internal_Win_flush: Other MPI error
Abort(15) on node 196: Fatal error in internal_Win_flush: Other MPI error
Abort(15) on node 159: Fatal error in internal_Win_flush: Other MPI error
Abort(15) on node 158: Fatal error in internal_Win_flush: Other MPI error
Abort(15) on node 174: Fatal error in internal_Win_flush: Other MPI error
Abort(15) on node 126: Fatal error in internal_Win_flush: Other MPI error
Abort(15) on node 167: Fatal error in internal_Win_flush: Other MPI error
Abort(15) on node 172: Fatal error in internal_Win_flush: Other MPI error
Abort(15) on node 112: Fatal error in internal_Win_flush: Other MPI error
Abort(15) on node 103: Fatal error in internal_Win_flush: Other MPI error
Abort(15) on node 140: Fatal error in internal_Win_flush: Other MPI error
Abort(15) on node 200: Fatal error in internal_Win_flush: Other MPI error
Abort(15) on node 106: Fatal error in internal_Win_flush: Other MPI error
Abort(15) on node 135: Fatal error in internal_Win_flush: Other MPI error
Abort(15) on node 197: Fatal error in internal_Win_flush: Other MPI error
Abort(15) on node 154: Fatal error in internal_Win_flush: Other MPI error
Abort(15) on node 198: Fatal error in internal_Win_flush: Other MPI error
Abort(15) on node 163: Fatal error in internal_Win_flush: Other MPI error
Abort(15) on node 146: Fatal error in internal_Win_flush: Other MPI error
Abort(15) on node 175: Fatal error in internal_Win_flush: Other MPI error
Abort(15) on node 130: Fatal error in internal_Win_flush: Other MPI error
Abort(15) on node 190: Fatal error in internal_Win_flush: Other MPI error
Abort(15) on node 125: Fatal error in internal_Win_flush: Other MPI error
Abort(15) on node 166: Fatal error in internal_Win_flush: Other MPI error
Abort(15) on node 156: Fatal error in internal_Win_flush: Other MPI error
Abort(15) on node 117: Fatal error in internal_Win_flush: Other MPI error
Abort(15) on node 116: Fatal error in internal_Win_flush: Other MPI error
Abort(15) on node 191: Fatal error in internal_Win_flush: Other MPI error
Abort(15) on node 177: Fatal error in internal_Win_flush: Other MPI error
Abort(15) on node 194: Fatal error in internal_Win_flush: Other MPI error
Abort(15) on node 107: Fatal error in internal_Win_flush: Other MPI error
Abort(15) on node 149: Fatal error in internal_Win_flush: Other MPI error
Abort(15) on node 150: Fatal error in internal_Win_flush: Other MPI error
Abort(15) on node 176: Fatal error in internal_Win_flush: Other MPI error
Abort(15) on node 155: Fatal error in internal_Win_flush: Other MPI error
Abort(15) on node 186: Fatal error in internal_Win_flush: Other MPI error
Abort(15) on node 113: Fatal error in internal_Win_flush: Other MPI error
Abort(15) on node 136: Fatal error in internal_Win_flush: Other MPI error
x4706c2s0b0n0.hsn.cm.aurora.alcf.anl.gov: rank 4 died from signal 15
Abort(15) on node 179: Fatal error in internal_Win_flush: Other MPI error
Abort(15) on node 148: Fatal error in internal_Win_flush: Other MPI error
x4706c2s1b0n0.hsn.cm.aurora.alcf.anl.gov: rank 134 exited with code 15
exit=143
##### RETRY dist=lockfree_rma fanout=-1 nodes=32 mode=fixed expected_us=1000000 rpn=102 #####
RESULT distributor=lockfree_rma mode=fixed expected_us=1000000 nodes=32 world_size=3264 max_upper_fanout=-1 total_tasks=61212 elapsed_s=20 throughput_tasks_per_s=3060.59
Abort(0) on node 0 (rank 0 in comm 0): application called MPI_Abort(MPI_COMM_WORLD, 0) - process 0
Rank 0 aborted with code 0: application called MPI_Abort(MPI_COMM_WORLD, 0) - process 0
x4706c2s0b0n0.hsn.cm.aurora.alcf.anl.gov: rank 4 died from signal 15
exit=143
##### RETRY dist=lockfree_rma fanout=-1 nodes=32 mode=uniform expected_us=1000000 rpn=102 #####
RESULT distributor=lockfree_rma mode=uniform expected_us=1000000 nodes=32 world_size=3264 max_upper_fanout=-1 total_tasks=59369 elapsed_s=20.0001 throughput_tasks_per_s=2968.44
Abort(0) on node 0 (rank 0 in comm 0): application called MPI_Abort(MPI_COMM_WORLD, 0) - process 0
Rank 0 aborted with code 0: application called MPI_Abort(MPI_COMM_WORLD, 0) - process 0
Abort(15) on node 520: Fatal error in internal_Win_flush: Other MPI error
Abort(15) on node 559: Fatal error in internal_Win_flush: Other MPI error
Abort(15) on node 2111: Fatal error in internal_Win_flush: Other MPI error
Abort(15) on node 1985: Fatal error in internal_Win_flush: Other MPI error
Abort(15) on node 2679: Fatal error in internal_Win_flush: Other MPI error
Abort(15) on node 2834: Fatal error in internal_Win_flush: Other MPI error
Abort(15) on node 315: Fatal error in internal_Win_flush: Other MPI error
Abort(15) on node 1911: Fatal error in internal_Win_flush: Other MPI error
Abort(15) on node 3079: Fatal error in internal_Win_flush: Other MPI error
Abort(15) on node 2477: Fatal error in internal_Win_flush: Other MPI error
Abort(15) on node 1317: Fatal error in internal_Win_flush: Other MPI error
Abort(15) on node 940: Fatal error in internal_Win_flush: Other MPI error
Abort(15) on node 961: Fatal error in internal_Win_flush: Other MPI error
Abort(15) on node 283: Fatal error in internal_Win_flush: Other MPI error
Abort(15) on node 780: Fatal error in internal_Win_flush: Other MPI error
Abort(15) on node 955: Fatal error in internal_Win_flush: Other MPI error
Abort(15) on node 2441: Fatal error in internal_Win_flush: Other MPI error
Abort(15) on node 466: Fatal error in internal_Win_flush: Other MPI error
Abort(15) on node 921: Fatal error in internal_Win_flush: Other MPI error
Abort(15) on node 1508: Fatal error in internal_Win_flush: Other MPI error
Abort(15) on node 1817: Fatal error in internal_Win_flush: Other MPI error
Abort(15) on node 272: Fatal error in internal_Win_flush: Other MPI error
Abort(15) on node 2187: Fatal error in internal_Win_flush: Other MPI error
Abort(15) on node 2827: Fatal error in internal_Win_flush: Other MPI error
Abort(15) on node 2712: Fatal error in internal_Win_flush: Other MPI error
Abort(15) on node 1559: Fatal error in internal_Win_flush: Other MPI error
Abort(15) on node 3005: Fatal error in internal_Win_flush: Other MPI error
Abort(15) on node 2146: Fatal error in internal_Win_flush: Other MPI error
Abort(15) on node 2479: Fatal error in internal_Win_flush: Other MPI error
Abort(15) on node 362: Fatal error in internal_Win_flush: Other MPI error
Abort(15) on node 2159: Fatal error in internal_Win_flush: Other MPI error
Abort(15) on node 1189: Fatal error in internal_Win_flush: Other MPI error
Abort(15) on node 1199: Fatal error in internal_Win_flush: Other MPI error
Abort(15) on node 2988: Fatal error in internal_Win_flush: Other MPI error
Abort(15) on node 1816: Fatal error in internal_Win_flush: Other MPI error
Abort(15) on node 2460: Fatal error in internal_Win_flush: Other MPI error
Abort(15) on node 171: Fatal error in internal_Win_flush: Other MPI error
Abort(15) on node 243: Fatal error in internal_Win_flush: Other MPI error
Abort(15) on node 497: Fatal error in internal_Win_flush: Other MPI error
Abort(15) on node 883: Fatal error in internal_Win_flush: Other MPI error
Abort(15) on node 1375: Fatal error in internal_Win_flush: Other MPI error
Abort(15) on node 2600: Fatal error in internal_Win_flush: Other MPI error
Abort(15) on node 2633: Fatal error in internal_Win_flush: Other MPI error
Abort(15) on node 2638: Fatal error in internal_Win_flush: Other MPI error
Abort(15) on node 2644: Fatal error in internal_Win_flush: Other MPI error
Abort(15) on node 2646: Fatal error in internal_Win_flush: Other MPI error
Abort(15) on node 2555: Fatal error in internal_Win_flush: Other MPI error
Abort(15) on node 2559: Fatal error in internal_Win_flush: Other MPI error
Abort(15) on node 2561: Fatal error in internal_Win_flush: Other MPI error
Abort(15) on node 2562: Fatal error in internal_Win_flush: Other MPI error
Abort(15) on node 2567: Fatal error in internal_Win_flush: Other MPI error
Abort(15) on node 2570: Fatal error in internal_Win_flush: Other MPI error
Abort(15) on node 2571: Fatal error in internal_Win_flush: Other MPI error
Abort(15) on node 2574: Fatal error in internal_Win_flush: Other MPI error
Abort(15) on node 2578: Fatal error in internal_Win_flush: Other MPI error
Abort(15) on node 2413: Fatal error in internal_Win_flush: Other MPI error
Abort(15) on node 2583: Fatal error in internal_Win_flush: Other MPI error
Abort(15) on node 3181: Fatal error in internal_Win_flush: Other MPI error
Abort(15) on node 2589: Fatal error in internal_Win_flush: Other MPI error
Abort(15) on node 2591: Fatal error in internal_Win_flush: Other MPI error
Abort(15) on node 2599: Fatal error in internal_Win_flush: Other MPI error
Abort(15) on node 2606: Fatal error in internal_Win_flush: Other MPI error
Abort(15) on node 2607: Fatal error in internal_Win_flush: Other MPI error
Abort(15) on node 2818: Fatal error in internal_Win_flush: Other MPI error
Abort(15) on node 2630: Fatal error in internal_Win_flush: Other MPI error
Abort(15) on node 682: Fatal error in internal_Win_flush: Other MPI error
Abort(15) on node 870: Fatal error in internal_Win_flush: Other MPI error
Abort(15) on node 967: Fatal error in internal_Win_flush: Other MPI error
Abort(15) on node 553: Fatal error in internal_Win_flush: Other MPI error
Abort(15) on node 2174: Fatal error in internal_Win_flush: Other MPI error
Abort(15) on node 2970: Fatal error in internal_Win_flush: Other MPI error
Abort(15) on node 470: Fatal error in internal_Win_flush: Other MPI error
Abort(15) on node 2692: Fatal error in internal_Win_flush: Other MPI error
Abort(15) on node 341: Fatal error in internal_Win_flush: Other MPI error
Abort(15) on node 2955: Fatal error in internal_Win_flush: Other MPI error
Abort(15) on node 2831: Fatal error in internal_Win_flush: Other MPI error
Abort(15) on node 418: Fatal error in internal_Win_flush: Other MPI error
Abort(15) on node 791: Fatal error in internal_Win_flush: Other MPI error
Abort(15) on node 576: Fatal error in internal_Win_flush: Other MPI error
Abort(15) on node 1654: Fatal error in internal_Win_flush: Other MPI error
Abort(15) on node 2437: Fatal error in internal_Win_flush: Other MPI error
Abort(15) on node 2350: Fatal error in internal_Win_flush: Other MPI error
Abort(15) on node 1196: Fatal error in internal_Win_flush: Other MPI error
Abort(15) on node 1400: Fatal error in internal_Win_flush: Other MPI error
Abort(15) on node 2267: Fatal error in internal_Win_flush: Other MPI error
Abort(15) on node 570: Fatal error in internal_Win_flush: Other MPI error
Abort(15) on node 736: Fatal error in internal_Win_flush: Other MPI error
Abort(15) on node 2249: Fatal error in internal_Win_flush: Other MPI error
Abort(15) on node 874: Fatal error in internal_Win_flush: Other MPI error
Abort(15) on node 184: Fatal error in internal_Win_flush: Other MPI error
Abort(15) on node 2983: Fatal error in internal_Win_flush: Other MPI error
Abort(15) on node 1910: Fatal error in internal_Win_flush: Other MPI error
Abort(15) on node 760: Fatal error in internal_Win_flush: Other MPI error
Abort(15) on node 2303: Fatal error in internal_Win_flush: Other MPI error
Abort(15) on node 787: Fatal error in internal_Win_flush: Other MPI error
x4706c4s5b0n0.hsn.cm.aurora.alcf.anl.gov: rank 2111 exited with code 15
Abort(15) on node 1791: Fatal error in internal_Win_flush: Other MPI error
Abort(15) on node 1852: Fatal error in internal_Win_flush: Other MPI error
Abort(15) on node 2304: Fatal error in internal_Win_flush: Other MPI error
Abort(15) on node 2422: Fatal error in internal_Win_flush: Other MPI error
Abort(15) on node 858: Fatal error in internal_Win_flush: Other MPI error
Abort(15) on node 2609: Fatal error in internal_Win_flush: Other MPI error
Abort(15) on node 836: Fatal error in internal_Win_flush: Other MPI error
x4706c3s0b0n0.hsn.cm.aurora.alcf.anl.gov: rank 714 died from signal 15
Abort(15) on node 1103: Fatal error in internal_Win_flush: Other MPI error
Abort(15) on node 155: Fatal error in internal_Win_flush: Other MPI error
Abort(15) on node 327: Fatal error in internal_Win_flush: Other MPI error
exit=143
##### RETRY dist=lockfree_rma fanout=-1 nodes=4 mode=fixed expected_us=1000000 rpn=102 #####
RESULT distributor=lockfree_rma mode=fixed expected_us=1000000 nodes=4 world_size=408 max_upper_fanout=-1 total_tasks=7706 elapsed_s=20.0001 throughput_tasks_per_s=385.299
Abort(0) on node 0 (rank 0 in comm 0): application called MPI_Abort(MPI_COMM_WORLD, 0) - process 0
Rank 0 aborted with code 0: application called MPI_Abort(MPI_COMM_WORLD, 0) - process 0
Abort(15) on node 135: Fatal error in internal_Win_flush: Other MPI error
Abort(15) on node 202: Fatal error in internal_Win_flush: Other MPI error
x4706c2s1b0n0.hsn.cm.aurora.alcf.anl.gov: rank 135 exited with code 15
x4706c2s0b0n0.hsn.cm.aurora.alcf.anl.gov: rank 3 died from signal 15
exit=143
##### RETRY dist=lockfree_rma fanout=-1 nodes=4 mode=fixed expected_us=100000 rpn=102 #####
RESULT distributor=lockfree_rma mode=fixed expected_us=100000 nodes=4 world_size=408 max_upper_fanout=-1 total_tasks=80993 elapsed_s=20.0001 throughput_tasks_per_s=4049.63
Abort(0) on node 0 (rank 0 in comm 0): application called MPI_Abort(MPI_COMM_WORLD, 0) - process 0
Rank 0 aborted with code 0: application called MPI_Abort(MPI_COMM_WORLD, 0) - process 0
x4706c2s0b0n0.hsn.cm.aurora.alcf.anl.gov: rank 25 died from signal 15
exit=143
##### RETRY dist=lockfree_rma fanout=-1 nodes=4 mode=uniform expected_us=1000000 rpn=102 #####
RESULT distributor=lockfree_rma mode=uniform expected_us=1000000 nodes=4 world_size=408 max_upper_fanout=-1 total_tasks=7648 elapsed_s=20.0001 throughput_tasks_per_s=382.399
Abort(0) on node 0 (rank 0 in comm 0): application called MPI_Abort(MPI_COMM_WORLD, 0) - process 0
Rank 0 aborted with code 0: application called MPI_Abort(MPI_COMM_WORLD, 0) - process 0
Abort(15) on node 355: Fatal error in internal_Win_flush: Other MPI error
Abort(15) on node 371: Fatal error in internal_Win_flush: Other MPI error
Abort(15) on node 380: Fatal error in internal_Win_flush: Other MPI error
Abort(15) on node 381: Fatal error in internal_Win_flush: Other MPI error
Abort(15) on node 385: Fatal error in internal_Win_flush: Other MPI error
Abort(15) on node 391: Fatal error in internal_Win_flush: Other MPI error
Abort(15) on node 394: Fatal error in internal_Win_flush: Other MPI error
Abort(15) on node 401: Fatal error in internal_Win_flush: Other MPI error
Abort(15) on node 314: Fatal error in internal_Win_flush: Other MPI error
Abort(15) on node 342: Fatal error in internal_Win_flush: Other MPI error
Abort(15) on node 351: Fatal error in internal_Win_flush: Other MPI error
Abort(15) on node 200: Fatal error in internal_Win_flush: Other MPI error
Abort(15) on node 368: Fatal error in internal_Win_flush: Other MPI error
Abort(15) on node 166: Fatal error in internal_Win_flush: Other MPI error
Abort(15) on node 399: Fatal error in internal_Win_flush: Other MPI error
x4706c2s1b0n0.hsn.cm.aurora.alcf.anl.gov: rank 200 exited with code 15
Abort(15) on node 149: Fatal error in internal_Win_flush: Other MPI error
x4706c2s0b0n0.hsn.cm.aurora.alcf.anl.gov: rank 66 died from signal 15
exit=143
##### RETRY dist=lockfree_rma fanout=-1 nodes=4 mode=uniform expected_us=100000 rpn=102 #####
RESULT distributor=lockfree_rma mode=uniform expected_us=100000 nodes=4 world_size=408 max_upper_fanout=-1 total_tasks=80745 elapsed_s=20.0001 throughput_tasks_per_s=4037.23
Abort(0) on node 0 (rank 0 in comm 0): application called MPI_Abort(MPI_COMM_WORLD, 0) - process 0
Rank 0 aborted with code 0: application called MPI_Abort(MPI_COMM_WORLD, 0) - process 0
Abort(15) on node 119: Fatal error in internal_Win_flush: Other MPI error
Abort(15) on node 167: Fatal error in internal_Win_flush: Other MPI error
Abort(15) on node 279: Fatal error in internal_Win_flush: Other MPI error
Abort(15) on node 372: Fatal error in internal_Win_flush: Other MPI error
Abort(15) on node 242: Fatal error in internal_Win_flush: Other MPI error
Abort(15) on node 312: Fatal error in internal_Win_flush: Other MPI error
Abort(15) on node 159: Fatal error in internal_Win_flush: Other MPI error
Abort(15) on node 267: Fatal error in internal_Win_flush: Other MPI error
Abort(15) on node 407: Fatal error in internal_Win_flush: Other MPI error
Abort(15) on node 160: Fatal error in internal_Win_flush: Other MPI error
Abort(15) on node 168: Fatal error in internal_Win_flush: Other MPI error
Abort(15) on node 246: Fatal error in internal_Win_flush: Other MPI error
Abort(15) on node 178: Fatal error in internal_Win_flush: Other MPI error
Abort(15) on node 261: Fatal error in internal_Win_flush: Other MPI error
Abort(15) on node 224: Fatal error in internal_Win_flush: Other MPI error
Abort(15) on node 299: Fatal error in internal_Win_flush: Other MPI error
Abort(15) on node 343: Fatal error in internal_Win_flush: Other MPI error
Abort(15) on node 163: Fatal error in internal_Win_flush: Other MPI error
Abort(15) on node 270: Fatal error in internal_Win_flush: Other MPI error
Abort(15) on node 328: Fatal error in internal_Win_flush: Other MPI error
Abort(15) on node 316: Fatal error in internal_Win_flush: Other MPI error
Abort(15) on node 212: Fatal error in internal_Win_flush: Other MPI error
Abort(15) on node 366: Fatal error in internal_Win_flush: Other MPI error
Abort(15) on node 325: Fatal error in internal_Win_flush: Other MPI error
Abort(15) on node 314: Fatal error in internal_Win_flush: Other MPI error
Abort(15) on node 220: Fatal error in internal_Win_flush: Other MPI error
Abort(15) on node 375: Fatal error in internal_Win_flush: Other MPI error
Abort(15) on node 252: Fatal error in internal_Win_flush: Other MPI error
Abort(15) on node 191: Fatal error in internal_Win_flush: Other MPI error
Abort(15) on node 214: Fatal error in internal_Win_flush: Other MPI error
Abort(15) on node 383: Fatal error in internal_Win_flush: Other MPI error
Abort(15) on node 177: Fatal error in internal_Win_flush: Other MPI error
Abort(15) on node 154: Fatal error in internal_Win_flush: Other MPI error
Abort(15) on node 127: Fatal error in internal_Win_flush: Other MPI error
Abort(15) on node 272: Fatal error in internal_Win_flush: Other MPI error
Abort(15) on node 206: Fatal error in internal_Win_flush: Other MPI error
Abort(15) on node 322: Fatal error in internal_Win_flush: Other MPI error
Abort(15) on node 251: Fatal error in internal_Win_flush: Other MPI error
Abort(15) on node 194: Fatal error in internal_Win_flush: Other MPI error
Abort(15) on node 247: Fatal error in internal_Win_flush: Other MPI error
Abort(15) on node 345: Fatal error in internal_Win_flush: Other MPI error
Abort(15) on node 196: Fatal error in internal_Win_flush: Other MPI error
Abort(15) on node 351: Fatal error in internal_Win_flush: Other MPI error
Abort(15) on node 161: Fatal error in internal_Win_flush: Other MPI error
Abort(15) on node 402: Fatal error in internal_Win_flush: Other MPI error
Abort(15) on node 308: Fatal error in internal_Win_flush: Other MPI error
Abort(15) on node 360: Fatal error in internal_Win_flush: Other MPI error
Abort(15) on node 250: Fatal error in internal_Win_flush: Other MPI error
Abort(15) on node 331: Fatal error in internal_Win_flush: Other MPI error
Abort(15) on node 174: Fatal error in internal_Win_flush: Other MPI error
Abort(15) on node 254: Fatal error in internal_Win_flush: Other MPI error
Abort(15) on node 393: Fatal error in internal_Win_flush: Other MPI error
Abort(15) on node 293: Fatal error in internal_Win_flush: Other MPI error
Abort(15) on node 122: Fatal error in internal_Win_flush: Other MPI error
Abort(15) on node 139: Fatal error in internal_Win_flush: Other MPI error
Abort(15) on node 295: Fatal error in internal_Win_flush: Other MPI error
Abort(15) on node 173: Fatal error in internal_Win_flush: Other MPI error
Abort(15) on node 106: Fatal error in internal_Win_flush: Other MPI error
Abort(15) on node 344: Fatal error in internal_Win_flush: Other MPI error
Abort(15) on node 263: Fatal error in internal_Win_flush: Other MPI error
Abort(15) on node 355: Fatal error in internal_Win_flush: Other MPI error
Abort(15) on node 269: Fatal error in internal_Win_flush: Other MPI error
Abort(15) on node 304: Fatal error in internal_Win_flush: Other MPI error
Abort(15) on node 229: Fatal error in internal_Win_flush: Other MPI error
Abort(15) on node 143: Fatal error in internal_Win_flush: Other MPI error
Abort(15) on node 273: Fatal error in internal_Win_flush: Other MPI error
Abort(15) on node 332: Fatal error in internal_Win_flush: Other MPI error
Abort(15) on node 239: Fatal error in internal_Win_flush: Other MPI error
Abort(15) on node 313: Fatal error in internal_Win_flush: Other MPI error
Abort(15) on node 382: Fatal error in internal_Win_flush: Other MPI error
Abort(15) on node 199: Fatal error in internal_Win_flush: Other MPI error
Abort(15) on node 286: Fatal error in internal_Win_flush: Other MPI error
Abort(15) on node 114: Fatal error in internal_Win_flush: Other MPI error
Abort(15) on node 172: Fatal error in internal_Win_flush: Other MPI error
Abort(15) on node 238: Fatal error in internal_Win_flush: Other MPI error
Abort(15) on node 132: Fatal error in internal_Win_flush: Other MPI error
x4706c2s4b0n0.hsn.cm.aurora.alcf.anl.gov: rank 372 exited with code 15
Abort(15) on node 232: Fatal error in internal_Win_flush: Other MPI error
Abort(15) on node 280: Fatal error in internal_Win_flush: Other MPI error
x4706c2s1b0n0.hsn.cm.aurora.alcf.anl.gov: rank 102 died from signal 15
exit=143
##### RETRY dist=lockfree_rma fanout=-1 nodes=64 mode=fixed expected_us=1000000 rpn=102 #####
RESULT distributor=lockfree_rma mode=fixed expected_us=1000000 nodes=64 world_size=6528 max_upper_fanout=-1 total_tasks=122870 elapsed_s=20.0002 throughput_tasks_per_s=6143.45
Abort(0) on node 0 (rank 0 in comm 0): application called MPI_Abort(MPI_COMM_WORLD, 0) - process 0
Rank 0 aborted with code 0: application called MPI_Abort(MPI_COMM_WORLD, 0) - process 0
x4706c2s0b0n0.hsn.cm.aurora.alcf.anl.gov: rank 20 died from signal 15
exit=143
##### RETRY dist=lockfree_rma fanout=-1 nodes=64 mode=uniform expected_us=1000000 rpn=102 #####
RESULT distributor=lockfree_rma mode=uniform expected_us=1000000 nodes=64 world_size=6528 max_upper_fanout=-1 total_tasks=119523 elapsed_s=20.0001 throughput_tasks_per_s=5976.12
Abort(0) on node 0 (rank 0 in comm 0): application called MPI_Abort(MPI_COMM_WORLD, 0) - process 0
Rank 0 aborted with code 0: application called MPI_Abort(MPI_COMM_WORLD, 0) - process 0
Abort(15) on node 4572: Fatal error in internal_Win_flush: Other MPI error
Abort(15) on node 5769: Fatal error in internal_Win_flush: Other MPI error
Abort(15) on node 2809: Fatal error in internal_Win_flush: Other MPI error
Abort(15) on node 684: Fatal error in internal_Win_flush: Other MPI error
Abort(15) on node 4715: Fatal error in internal_Win_flush: Other MPI error
Abort(15) on node 3451: Fatal error in internal_Win_flush: Other MPI error
Abort(15) on node 5531: Fatal error in internal_Win_flush: Other MPI error
Abort(15) on node 5567: Fatal error in internal_Win_flush: Other MPI error
Abort(15) on node 3009: Fatal error in internal_Win_flush: Other MPI error
Abort(15) on node 4052: Fatal error in internal_Win_flush: Other MPI error
Abort(15) on node 2247: Fatal error in internal_Win_flush: Other MPI error
Abort(15) on node 6299: Fatal error in internal_Win_flush: Other MPI error
Abort(15) on node 4045: Fatal error in internal_Win_flush: Other MPI error
Abort(15) on node 5609: Fatal error in internal_Win_flush: Other MPI error
Abort(15) on node 2278: Fatal error in internal_Win_flush: Other MPI error
Abort(15) on node 1490: Fatal error in internal_Win_flush: Other MPI error
Abort(15) on node 1051: Fatal error in internal_Win_flush: Other MPI error
Abort(15) on node 1810: Fatal error in internal_Win_flush: Other MPI error
Abort(15) on node 5051: Fatal error in internal_Win_flush: Other MPI error
Abort(15) on node 5049: Fatal error in internal_Win_flush: Other MPI error
Abort(15) on node 1296: Fatal error in internal_Win_flush: Other MPI error
Abort(15) on node 835: Fatal error in internal_Win_flush: Other MPI error
Abort(15) on node 5078: Fatal error in internal_Win_flush: Other MPI error
Abort(15) on node 2243: Fatal error in internal_Win_flush: Other MPI error
Abort(15) on node 4862: Fatal error in internal_Win_flush: Other MPI error
Abort(15) on node 4879: Fatal error in internal_Win_flush: Other MPI error
Abort(15) on node 2941: Fatal error in internal_Win_flush: Other MPI error
Abort(15) on node 4892: Fatal error in internal_Win_flush: Other MPI error
Abort(15) on node 4813: Fatal error in internal_Win_flush: Other MPI error
Abort(15) on node 4821: Fatal error in internal_Win_flush: Other MPI error
Abort(15) on node 4823: Fatal error in internal_Win_flush: Other MPI error
Abort(15) on node 5182: Fatal error in internal_Win_flush: Other MPI error
Abort(15) on node 2902: Fatal error in internal_Win_flush: Other MPI error
Abort(15) on node 4824: Fatal error in internal_Win_flush: Other MPI error
Abort(15) on node 4830: Fatal error in internal_Win_flush: Other MPI error
Abort(15) on node 4842: Fatal error in internal_Win_flush: Other MPI error
Abort(15) on node 4844: Fatal error in internal_Win_flush: Other MPI error
Abort(15) on node 4847: Fatal error in internal_Win_flush: Other MPI error
Abort(15) on node 5695: Fatal error in internal_Win_flush: Other MPI error
Abort(15) on node 4850: Fatal error in internal_Win_flush: Other MPI error
Abort(15) on node 4852: Fatal error in internal_Win_flush: Other MPI error
Abort(15) on node 993: Fatal error in internal_Win_flush: Other MPI error
Abort(15) on node 4855: Fatal error in internal_Win_flush: Other MPI error
Abort(15) on node 3829: Fatal error in internal_Win_flush: Other MPI error
Abort(15) on node 4250: Fatal error in internal_Win_flush: Other MPI error
Abort(15) on node 4857: Fatal error in internal_Win_flush: Other MPI error
Abort(15) on node 3471: Fatal error in internal_Win_flush: Other MPI error
Abort(15) on node 4860: Fatal error in internal_Win_flush: Other MPI error
Abort(15) on node 3543: Fatal error in internal_Win_flush: Other MPI error
Abort(15) on node 4869: Fatal error in internal_Win_flush: Other MPI error
Abort(15) on node 3548: Fatal error in internal_Win_flush: Other MPI error
Abort(15) on node 3557: Fatal error in internal_Win_flush: Other MPI error
Abort(15) on node 4873: Fatal error in internal_Win_flush: Other MPI error
Abort(15) on node 3567: Fatal error in internal_Win_flush: Other MPI error
Abort(15) on node 4875: Fatal error in internal_Win_flush: Other MPI error
Abort(15) on node 5115: Fatal error in internal_Win_flush: Other MPI error
Abort(15) on node 3472: Fatal error in internal_Win_flush: Other MPI error
Abort(15) on node 4878: Fatal error in internal_Win_flush: Other MPI error
Abort(15) on node 6405: Fatal error in internal_Win_flush: Other MPI error
Abort(15) on node 3473: Fatal error in internal_Win_flush: Other MPI error
Abort(15) on node 4882: Fatal error in internal_Win_flush: Other MPI error
Abort(15) on node 5169: Fatal error in internal_Win_flush: Other MPI error
Abort(15) on node 3502: Fatal error in internal_Win_flush: Other MPI error
Abort(15) on node 3529: Fatal error in internal_Win_flush: Other MPI error
Abort(15) on node 3533: Fatal error in internal_Win_flush: Other MPI error
Abort(15) on node 657: Fatal error in internal_Win_flush: Other MPI error
Abort(15) on node 3703: Fatal error in internal_Win_flush: Other MPI error
Abort(15) on node 3395: Fatal error in internal_Win_flush: Other MPI error
Abort(15) on node 2066: Fatal error in internal_Win_flush: Other MPI error
Abort(15) on node 1089: Fatal error in internal_Win_flush: Other MPI error
Abort(15) on node 5077: Fatal error in internal_Win_flush: Other MPI error
Abort(15) on node 5487: Fatal error in internal_Win_flush: Other MPI error
Abort(15) on node 4928: Fatal error in internal_Win_flush: Other MPI error
Abort(15) on node 6183: Fatal error in internal_Win_flush: Other MPI error
Abort(15) on node 3531: Fatal error in internal_Win_flush: Other MPI error
Abort(15) on node 453: Fatal error in internal_Win_flush: Other MPI error
Abort(15) on node 5967: Fatal error in internal_Win_flush: Other MPI error
Abort(15) on node 4103: Fatal error in internal_Win_flush: Other MPI error
Abort(15) on node 4290: Fatal error in internal_Win_flush: Other MPI error
Abort(15) on node 4105: Fatal error in internal_Win_flush: Other MPI error
Abort(15) on node 4150: Fatal error in internal_Win_flush: Other MPI error
Abort(15) on node 4152: Fatal error in internal_Win_flush: Other MPI error
Abort(15) on node 452: Fatal error in internal_Win_flush: Other MPI error
Abort(15) on node 4173: Fatal error in internal_Win_flush: Other MPI error
Abort(15) on node 718: Fatal error in internal_Win_flush: Other MPI error
Abort(15) on node 4364: Fatal error in internal_Win_flush: Other MPI error
Abort(15) on node 5080: Fatal error in internal_Win_flush: Other MPI error
Abort(15) on node 4065: Fatal error in internal_Win_flush: Other MPI error
Abort(15) on node 2028: Fatal error in internal_Win_flush: Other MPI error
Abort(15) on node 5258: Fatal error in internal_Win_flush: Other MPI error
Abort(15) on node 6217: Fatal error in internal_Win_flush: Other MPI error
Abort(15) on node 1403: Fatal error in internal_Win_flush: Other MPI error
Abort(15) on node 1977: Fatal error in internal_Win_flush: Other MPI error
Abort(15) on node 901: Fatal error in internal_Win_flush: Other MPI error
Abort(15) on node 1468: Fatal error in internal_Win_flush: Other MPI error
Abort(15) on node 1276: Fatal error in internal_Win_flush: Other MPI error
Abort(15) on node 2147: Fatal error in internal_Win_flush: Other MPI error
Abort(15) on node 1915: Fatal error in internal_Win_flush: Other MPI error
Abort(15) on node 4555: Fatal error in internal_Win_flush: Other MPI error
Abort(15) on node 1938: Fatal error in internal_Win_flush: Other MPI error
Abort(15) on node 2081: Fatal error in internal_Win_flush: Other MPI error
Abort(15) on node 4193: Fatal error in internal_Win_flush: Other MPI error
Abort(15) on node 2052: Fatal error in internal_Win_flush: Other MPI error
Abort(15) on node 6204: Fatal error in internal_Win_flush: Other MPI error
Abort(15) on node 1228: Fatal error in internal_Win_flush: Other MPI error
Abort(15) on node 2415: Fatal error in internal_Win_flush: Other MPI error
Abort(15) on node 1932: Fatal error in internal_Win_flush: Other MPI error
Abort(15) on node 5059: Fatal error in internal_Win_flush: Other MPI error
Abort(15) on node 672: Fatal error in internal_Win_flush: Other MPI error
Abort(15) on node 5524: Fatal error in internal_Win_flush: Other MPI error
Abort(15) on node 611: Fatal error in internal_Win_flush: Other MPI error
Abort(15) on node 4527: Fatal error in internal_Win_flush: Other MPI error
Abort(15) on node 2955: Fatal error in internal_Win_flush: Other MPI error
Abort(15) on node 843: Fatal error in internal_Win_flush: Other MPI error
Abort(15) on node 2970: Fatal error in internal_Win_flush: Other MPI error
Abort(15) on node 1721: Fatal error in internal_Win_flush: Other MPI error
Abort(15) on node 244: Fatal error in internal_Win_flush: Other MPI error
Abort(15) on node 2007: Fatal error in internal_Win_flush: Other MPI error
Abort(15) on node 2406: Fatal error in internal_Win_flush: Other MPI error
Abort(15) on node 1650: Fatal error in internal_Win_flush: Other MPI error
Abort(15) on node 3424: Fatal error in internal_Win_flush: Other MPI error
Abort(15) on node 5426: Fatal error in internal_Win_flush: Other MPI error
Abort(15) on node 2349: Fatal error in internal_Win_flush: Other MPI error
Abort(15) on node 1733: Fatal error in internal_Win_flush: Other MPI error
Abort(15) on node 6146: Fatal error in internal_Win_flush: Other MPI error
Abort(15) on node 726: Fatal error in internal_Win_flush: Other MPI error
Abort(15) on node 6147: Fatal error in internal_Win_flush: Other MPI error
Abort(15) on node 566: Fatal error in internal_Win_flush: Other MPI error
Abort(15) on node 5138: Fatal error in internal_Win_flush: Other MPI error
Abort(15) on node 5539: Fatal error in internal_Win_flush: Other MPI error
Abort(15) on node 1258: Fatal error in internal_Win_flush: Other MPI error
Abort(15) on node 4923: Fatal error in internal_Win_flush: Other MPI error
Abort(15) on node 4247: Fatal error in internal_Win_flush: Other MPI error
Abort(15) on node 5846: Fatal error in internal_Win_flush: Other MPI error
Abort(15) on node 5875: Fatal error in internal_Win_flush: Other MPI error
Abort(15) on node 5850: Fatal error in internal_Win_flush: Other MPI error
Abort(15) on node 1327: Fatal error in internal_Win_flush: Other MPI error
Abort(15) on node 2877: Fatal error in internal_Win_flush: Other MPI error
Abort(15) on node 2906: Fatal error in internal_Win_flush: Other MPI error
Abort(15) on node 3778: Fatal error in internal_Win_flush: Other MPI error
Abort(15) on node 2897: Fatal error in internal_Win_flush: Other MPI error
Abort(15) on node 480: Fatal error in internal_Win_flush: Other MPI error
Abort(15) on node 4787: Fatal error in internal_Win_flush: Other MPI error
Abort(15) on node 1439: Fatal error in internal_Win_flush: Other MPI error
Abort(15) on node 5166: Fatal error in internal_Win_flush: Other MPI error
Abort(15) on node 3006: Fatal error in internal_Win_flush: Other MPI error
Abort(15) on node 2870: Fatal error in internal_Win_flush: Other MPI error
Abort(15) on node 3032: Fatal error in internal_Win_flush: Other MPI error
Abort(15) on node 4184: Fatal error in internal_Win_flush: Other MPI error
Abort(15) on node 5564: Fatal error in internal_Win_flush: Other MPI error
Abort(15) on node 1754: Fatal error in internal_Win_flush: Other MPI error
Abort(15) on node 2295: Fatal error in internal_Win_flush: Other MPI error
Abort(15) on node 5591: Fatal error in internal_Win_flush: Other MPI error
Abort(15) on node 5123: Fatal error in internal_Win_flush: Other MPI error
Abort(15) on node 6268: Fatal error in internal_Win_flush: Other MPI error
Abort(15) on node 2535: Fatal error in internal_Win_flush: Other MPI error
Abort(15) on node 3517: Fatal error in internal_Win_flush: Other MPI error
Abort(15) on node 1505: Fatal error in internal_Win_flush: Other MPI error
Abort(15) on node 5673: Fatal error in internal_Win_flush: Other MPI error
Abort(15) on node 2542: Fatal error in internal_Win_flush: Other MPI error
Abort(15) on node 6489: Fatal error in internal_Win_flush: Other MPI error
Abort(15) on node 4454: Fatal error in internal_Win_flush: Other MPI error
Abort(15) on node 880: Fatal error in internal_Win_flush: Other MPI error
Abort(15) on node 1006: Fatal error in internal_Win_flush: Other MPI error
Abort(15) on node 2526: Fatal error in internal_Win_flush: Other MPI error
Abort(15) on node 2723: Fatal error in internal_Win_flush: Other MPI error
Abort(15) on node 405: Fatal error in internal_Win_flush: Other MPI error
Abort(15) on node 2872: Fatal error in internal_Win_flush: Other MPI error
Abort(15) on node 5599: Fatal error in internal_Win_flush: Other MPI error
Abort(15) on node 5988: Fatal error in internal_Win_flush: Other MPI error
Abort(15) on node 4883: Fatal error in internal_Win_flush: Other MPI error
Abort(15) on node 5214: Fatal error in internal_Win_flush: Other MPI error
Abort(15) on node 2495: Fatal error in internal_Win_flush: Other MPI error
Abort(15) on node 6476: Fatal error in internal_Win_flush: Other MPI error
Abort(15) on node 538: Fatal error in internal_Win_flush: Other MPI error
Abort(15) on node 517: Fatal error in internal_Win_flush: Other MPI error
Abort(15) on node 394: Fatal error in internal_Win_flush: Other MPI error
Abort(15) on node 5856: Fatal error in internal_Win_flush: Other MPI error
Abort(15) on node 4361: Fatal error in internal_Win_flush: Other MPI error
Abort(15) on node 4340: Fatal error in internal_Win_flush: Other MPI error
Abort(15) on node 290: Fatal error in internal_Win_flush: Other MPI error
Abort(15) on node 5994: Fatal error in internal_Win_flush: Other MPI error
Abort(15) on node 2504: Fatal error in internal_Win_flush: Other MPI error
Abort(15) on node 3260: Fatal error in internal_Win_flush: Other MPI error
Abort(15) on node 1475: Fatal error in internal_Win_flush: Other MPI error
Abort(15) on node 5691: Fatal error in internal_Win_flush: Other MPI error
Abort(15) on node 5367: Fatal error in internal_Win_flush: Other MPI error
Abort(15) on node 2320: Fatal error in internal_Win_flush: Other MPI error
Abort(15) on node 4029: Fatal error in internal_Win_flush: Other MPI error
Abort(15) on node 4673: Fatal error in internal_Win_flush: Other MPI error
Abort(15) on node 2820: Fatal error in internal_Win_flush: Other MPI error
Abort(15) on node 4263: Fatal error in internal_Win_flush: Other MPI error
Abort(15) on node 2188: Fatal error in internal_Win_flush: Other MPI error
Abort(15) on node 906: Fatal error in internal_Win_flush: Other MPI error
Abort(15) on node 3187: Fatal error in internal_Win_flush: Other MPI error
Abort(15) on node 798: Fatal error in internal_Win_flush: Other MPI error
Abort(15) on node 4691: Fatal error in internal_Win_flush: Other MPI error
Abort(15) on node 327: Fatal error in internal_Win_flush: Other MPI error
Abort(15) on node 6193: Fatal error in internal_Win_flush: Other MPI error
Abort(15) on node 4603: Fatal error in internal_Win_flush: Other MPI error
Abort(15) on node 5506: Fatal error in internal_Win_flush: Other MPI error
Abort(15) on node 2457: Fatal error in internal_Win_flush: Other MPI error
Abort(15) on node 6163: Fatal error in internal_Win_flush: Other MPI error
Abort(15) on node 699: Fatal error in internal_Win_flush: Other MPI error
Abort(15) on node 951: Fatal error in internal_Win_flush: Other MPI error
Abort(15) on node 4965: Fatal error in internal_Win_flush: Other MPI error
Abort(15) on node 3140: Fatal error in internal_Win_flush: Other MPI error
Abort(15) on node 5956: Fatal error in internal_Win_flush: Other MPI error
Abort(15) on node 1618: Fatal error in internal_Win_flush: Other MPI error
Abort(15) on node 2445: Fatal error in internal_Win_flush: Other MPI error
Abort(15) on node 312: Fatal error in internal_Win_flush: Other MPI error
Abort(15) on node 1723: Fatal error in internal_Win_flush: Other MPI error
Abort(15) on node 3337: Fatal error in internal_Win_flush: Other MPI error
Abort(15) on node 1845: Fatal error in internal_Win_flush: Other MPI error
x4707c1s4b0n0.hsn.cm.aurora.alcf.anl.gov: rank 5769 exited with code 15
Abort(15) on node 4622: Fatal error in internal_Win_flush: Other MPI error
Abort(15) on node 4841: Fatal error in internal_Win_flush: Other MPI error
Abort(15) on node 5117: Fatal error in internal_Win_flush: Other MPI error
Abort(15) on node 5670: Fatal error in internal_Win_flush: Other MPI error
Abort(15) on node 1868: Fatal error in internal_Win_flush: Other MPI error
Abort(15) on node 2549: Fatal error in internal_Win_flush: Other MPI error
Abort(15) on node 2565: Fatal error in internal_Win_flush: Other MPI error
Abort(15) on node 842: Fatal error in internal_Win_flush: Other MPI error
Abort(15) on node 5364: Fatal error in internal_Win_flush: Other MPI error
x4707c0s7b0n0.hsn.cm.aurora.alcf.anl.gov: rank 5367 died from signal 15
Abort(15) on node 2332: Fatal error in internal_Win_flush: Other MPI error
Abort(15) on node 4093: Fatal error in internal_Win_flush: Other MPI error
Abort(15) on node 1965: Fatal error in internal_Win_flush: Other MPI error
Abort(15) on node 5072: Fatal error in internal_Win_flush: Other MPI error
Abort(15) on node 708: Fatal error in internal_Win_flush: Other MPI error
exit=143
##### RETRY dist=lockfree_rma fanout=-1 nodes=8 mode=fixed expected_us=1000000 rpn=102 #####
RESULT distributor=lockfree_rma mode=fixed expected_us=1000000 nodes=8 world_size=816 max_upper_fanout=-1 total_tasks=15396 elapsed_s=20 throughput_tasks_per_s=769.799
Abort(0) on node 0 (rank 0 in comm 0): application called MPI_Abort(MPI_COMM_WORLD, 0) - process 0
Rank 0 aborted with code 0: application called MPI_Abort(MPI_COMM_WORLD, 0) - process 0
Abort(15) on node 513: Fatal error in internal_Win_flush: Other MPI error
Abort(15) on node 520: Fatal error in internal_Win_flush: Other MPI error
Abort(15) on node 523: Fatal error in internal_Win_flush: Other MPI error
Abort(15) on node 524: Fatal error in internal_Win_flush: Other MPI error
Abort(15) on node 528: Fatal error in internal_Win_flush: Other MPI error
Abort(15) on node 586: Fatal error in internal_Win_flush: Other MPI error
Abort(15) on node 606: Fatal error in internal_Win_flush: Other MPI error
Abort(15) on node 512: Fatal error in internal_Win_flush: Other MPI error
Abort(15) on node 517: Fatal error in internal_Win_flush: Other MPI error
Abort(15) on node 531: Fatal error in internal_Win_flush: Other MPI error
Abort(15) on node 535: Fatal error in internal_Win_flush: Other MPI error
Abort(15) on node 542: Fatal error in internal_Win_flush: Other MPI error
Abort(15) on node 543: Fatal error in internal_Win_flush: Other MPI error
Abort(15) on node 552: Fatal error in internal_Win_flush: Other MPI error
Abort(15) on node 554: Fatal error in internal_Win_flush: Other MPI error
Abort(15) on node 557: Fatal error in internal_Win_flush: Other MPI error
Abort(15) on node 566: Fatal error in internal_Win_flush: Other MPI error
Abort(15) on node 570: Fatal error in internal_Win_flush: Other MPI error
Abort(15) on node 572: Fatal error in internal_Win_flush: Other MPI error
Abort(15) on node 573: Fatal error in internal_Win_flush: Other MPI error
Abort(15) on node 574: Fatal error in internal_Win_flush: Other MPI error
Abort(15) on node 584: Fatal error in internal_Win_flush: Other MPI error
Abort(15) on node 587: Fatal error in internal_Win_flush: Other MPI error
Abort(15) on node 593: Fatal error in internal_Win_flush: Other MPI error
Abort(15) on node 598: Fatal error in internal_Win_flush: Other MPI error
x4706c2s6b0n0.hsn.cm.aurora.alcf.anl.gov: rank 542 exited with code 15
x4706c2s6b0n0.hsn.cm.aurora.alcf.anl.gov: rank 527 died from signal 15
exit=143
##### RETRY dist=lockfree_rma fanout=-1 nodes=8 mode=fixed expected_us=100000 rpn=102 #####
RESULT distributor=lockfree_rma mode=fixed expected_us=100000 nodes=8 world_size=816 max_upper_fanout=-1 total_tasks=162164 elapsed_s=20.0001 throughput_tasks_per_s=8108.17
Abort(0) on node 0 (rank 0 in comm 0): application called MPI_Abort(MPI_COMM_WORLD, 0) - process 0
Rank 0 aborted with code 0: application called MPI_Abort(MPI_COMM_WORLD, 0) - process 0
Abort(15) on node 204: Fatal error in internal_Win_flush: Other MPI error
Abort(15) on node 558: Fatal error in internal_Win_flush: Other MPI error
Abort(15) on node 644: Fatal error in internal_Win_flush: Other MPI error
Abort(15) on node 264: Fatal error in internal_Win_flush: Other MPI error
Abort(15) on node 723: Fatal error in internal_Win_flush: Other MPI error
Abort(15) on node 746: Fatal error in internal_Win_flush: Other MPI error
Abort(15) on node 398: Fatal error in internal_Win_flush: Other MPI error
Abort(15) on node 778: Fatal error in internal_Win_flush: Other MPI error
Abort(15) on node 212: Fatal error in internal_Win_flush: Other MPI error
Abort(15) on node 518: Fatal error in internal_Win_flush: Other MPI error
Abort(15) on node 629: Fatal error in internal_Win_flush: Other MPI error
Abort(15) on node 210: Fatal error in internal_Win_flush: Other MPI error
Abort(15) on node 583: Fatal error in internal_Win_flush: Other MPI error
Abort(15) on node 379: Fatal error in internal_Win_flush: Other MPI error
Abort(15) on node 214: Fatal error in internal_Win_flush: Other MPI error
Abort(15) on node 236: Fatal error in internal_Win_flush: Other MPI error
Abort(15) on node 542: Fatal error in internal_Win_flush: Other MPI error
Abort(15) on node 714: Fatal error in internal_Win_flush: Other MPI error
Abort(15) on node 272: Fatal error in internal_Win_flush: Other MPI error
Abort(15) on node 407: Fatal error in internal_Win_flush: Other MPI error
Abort(15) on node 208: Fatal error in internal_Win_flush: Other MPI error
Abort(15) on node 599: Fatal error in internal_Win_flush: Other MPI error
Abort(15) on node 268: Fatal error in internal_Win_flush: Other MPI error
Abort(15) on node 402: Fatal error in internal_Win_flush: Other MPI error
Abort(15) on node 800: Fatal error in internal_Win_flush: Other MPI error
Abort(15) on node 269: Fatal error in internal_Win_flush: Other MPI error
Abort(15) on node 405: Fatal error in internal_Win_flush: Other MPI error
Abort(15) on node 675: Fatal error in internal_Win_flush: Other MPI error
Abort(15) on node 812: Fatal error in internal_Win_flush: Other MPI error
Abort(15) on node 722: Fatal error in internal_Win_flush: Other MPI error
Abort(15) on node 696: Fatal error in internal_Win_flush: Other MPI error
Abort(15) on node 713: Fatal error in internal_Win_flush: Other MPI error
Abort(15) on node 747: Fatal error in internal_Win_flush: Other MPI error
Abort(15) on node 774: Fatal error in internal_Win_flush: Other MPI error
Abort(15) on node 389: Fatal error in internal_Win_flush: Other MPI error
Abort(15) on node 665: Fatal error in internal_Win_flush: Other MPI error
Abort(15) on node 813: Fatal error in internal_Win_flush: Other MPI error
Abort(15) on node 319: Fatal error in internal_Win_flush: Other MPI error
Abort(15) on node 523: Fatal error in internal_Win_flush: Other MPI error
Abort(15) on node 687: Fatal error in internal_Win_flush: Other MPI error
Abort(15) on node 296: Fatal error in internal_Win_flush: Other MPI error
Abort(15) on node 808: Fatal error in internal_Win_flush: Other MPI error
Abort(15) on node 312: Fatal error in internal_Win_flush: Other MPI error
Abort(15) on node 575: Fatal error in internal_Win_flush: Other MPI error
Abort(15) on node 303: Fatal error in internal_Win_flush: Other MPI error
Abort(15) on node 689: Fatal error in internal_Win_flush: Other MPI error
Abort(15) on node 318: Fatal error in internal_Win_flush: Other MPI error
Abort(15) on node 731: Fatal error in internal_Win_flush: Other MPI error
Abort(15) on node 305: Fatal error in internal_Win_flush: Other MPI error
Abort(15) on node 513: Fatal error in internal_Win_flush: Other MPI error
Abort(15) on node 642: Fatal error in internal_Win_flush: Other MPI error
Abort(15) on node 316: Fatal error in internal_Win_flush: Other MPI error
Abort(15) on node 732: Fatal error in internal_Win_flush: Other MPI error
Abort(15) on node 559: Fatal error in internal_Win_flush: Other MPI error
Abort(15) on node 627: Fatal error in internal_Win_flush: Other MPI error
Abort(15) on node 167: Fatal error in internal_Win_flush: Other MPI error
Abort(15) on node 720: Fatal error in internal_Win_flush: Other MPI error
Abort(15) on node 206: Fatal error in internal_Win_flush: Other MPI error
Abort(15) on node 390: Fatal error in internal_Win_flush: Other MPI error
Abort(15) on node 560: Fatal error in internal_Win_flush: Other MPI error
Abort(15) on node 690: Fatal error in internal_Win_flush: Other MPI error
Abort(15) on node 215: Fatal error in internal_Win_flush: Other MPI error
Abort(15) on node 727: Fatal error in internal_Win_flush: Other MPI error
Abort(15) on node 573: Fatal error in internal_Win_flush: Other MPI error
Abort(15) on node 807: Fatal error in internal_Win_flush: Other MPI error
Abort(15) on node 218: Fatal error in internal_Win_flush: Other MPI error
Abort(15) on node 174: Fatal error in internal_Win_flush: Other MPI error
Abort(15) on node 543: Fatal error in internal_Win_flush: Other MPI error
Abort(15) on node 247: Fatal error in internal_Win_flush: Other MPI error
Abort(15) on node 253: Fatal error in internal_Win_flush: Other MPI error
Abort(15) on node 261: Fatal error in internal_Win_flush: Other MPI error
Abort(15) on node 276: Fatal error in internal_Win_flush: Other MPI error
Abort(15) on node 621: Fatal error in internal_Win_flush: Other MPI error
Abort(15) on node 110: Fatal error in internal_Win_flush: Other MPI error
Abort(15) on node 281: Fatal error in internal_Win_flush: Other MPI error
Abort(15) on node 293: Fatal error in internal_Win_flush: Other MPI error
Abort(15) on node 660: Fatal error in internal_Win_flush: Other MPI error
Abort(15) on node 815: Fatal error in internal_Win_flush: Other MPI error
Abort(15) on node 582: Fatal error in internal_Win_flush: Other MPI error
Abort(15) on node 299: Fatal error in internal_Win_flush: Other MPI error
Abort(15) on node 672: Fatal error in internal_Win_flush: Other MPI error
Abort(15) on node 721: Fatal error in internal_Win_flush: Other MPI error
Abort(15) on node 304: Fatal error in internal_Win_flush: Other MPI error
Abort(15) on node 351: Fatal error in internal_Win_flush: Other MPI error
Abort(15) on node 594: Fatal error in internal_Win_flush: Other MPI error
Abort(15) on node 623: Fatal error in internal_Win_flush: Other MPI error
Abort(15) on node 790: Fatal error in internal_Win_flush: Other MPI error
Abort(15) on node 207: Fatal error in internal_Win_flush: Other MPI error
Abort(15) on node 673: Fatal error in internal_Win_flush: Other MPI error
Abort(15) on node 309: Fatal error in internal_Win_flush: Other MPI error
Abort(15) on node 792: Fatal error in internal_Win_flush: Other MPI error
Abort(15) on node 164: Fatal error in internal_Win_flush: Other MPI error
Abort(15) on node 521: Fatal error in internal_Win_flush: Other MPI error
Abort(15) on node 209: Fatal error in internal_Win_flush: Other MPI error
Abort(15) on node 337: Fatal error in internal_Win_flush: Other MPI error
Abort(15) on node 684: Fatal error in internal_Win_flush: Other MPI error
Abort(15) on node 211: Fatal error in internal_Win_flush: Other MPI error
Abort(15) on node 535: Fatal error in internal_Win_flush: Other MPI error
Abort(15) on node 773: Fatal error in internal_Win_flush: Other MPI error
Abort(15) on node 365: Fatal error in internal_Win_flush: Other MPI error
Abort(15) on node 685: Fatal error in internal_Win_flush: Other MPI error
Abort(15) on node 784: Fatal error in internal_Win_flush: Other MPI error
Abort(15) on node 104: Fatal error in internal_Win_flush: Other MPI error
Abort(15) on node 213: Fatal error in internal_Win_flush: Other MPI error
Abort(15) on node 562: Fatal error in internal_Win_flush: Other MPI error
Abort(15) on node 563: Fatal error in internal_Win_flush: Other MPI error
Abort(15) on node 228: Fatal error in internal_Win_flush: Other MPI error
Abort(15) on node 584: Fatal error in internal_Win_flush: Other MPI error
Abort(15) on node 640: Fatal error in internal_Win_flush: Other MPI error
Abort(15) on node 234: Fatal error in internal_Win_flush: Other MPI error
Abort(15) on node 118: Fatal error in internal_Win_flush: Other MPI error
Abort(15) on node 267: Fatal error in internal_Win_flush: Other MPI error
Abort(15) on node 598: Fatal error in internal_Win_flush: Other MPI error
Abort(15) on node 661: Fatal error in internal_Win_flush: Other MPI error
Abort(15) on node 342: Fatal error in internal_Win_flush: Other MPI error
Abort(15) on node 601: Fatal error in internal_Win_flush: Other MPI error
Abort(15) on node 277: Fatal error in internal_Win_flush: Other MPI error
Abort(15) on node 658: Fatal error in internal_Win_flush: Other MPI error
Abort(15) on node 603: Fatal error in internal_Win_flush: Other MPI error
Abort(15) on node 280: Fatal error in internal_Win_flush: Other MPI error
Abort(15) on node 724: Fatal error in internal_Win_flush: Other MPI error
Abort(15) on node 314: Fatal error in internal_Win_flush: Other MPI error
Abort(15) on node 610: Fatal error in internal_Win_flush: Other MPI error
Abort(15) on node 205: Fatal error in internal_Win_flush: Other MPI error
Abort(15) on node 725: Fatal error in internal_Win_flush: Other MPI error
Abort(15) on node 400: Fatal error in internal_Win_flush: Other MPI error
Abort(15) on node 232: Fatal error in internal_Win_flush: Other MPI error
Abort(15) on node 511: Fatal error in internal_Win_flush: Other MPI error
Abort(15) on node 406: Fatal error in internal_Win_flush: Other MPI error
Abort(15) on node 531: Fatal error in internal_Win_flush: Other MPI error
Abort(15) on node 273: Fatal error in internal_Win_flush: Other MPI error
Abort(15) on node 715: Fatal error in internal_Win_flush: Other MPI error
Abort(15) on node 408: Fatal error in internal_Win_flush: Other MPI error
Abort(15) on node 550: Fatal error in internal_Win_flush: Other MPI error
Abort(15) on node 344: Fatal error in internal_Win_flush: Other MPI error
Abort(15) on node 647: Fatal error in internal_Win_flush: Other MPI error
Abort(15) on node 288: Fatal error in internal_Win_flush: Other MPI error
Abort(15) on node 410: Fatal error in internal_Win_flush: Other MPI error
Abort(15) on node 749: Fatal error in internal_Win_flush: Other MPI error
Abort(15) on node 291: Fatal error in internal_Win_flush: Other MPI error
Abort(15) on node 352: Fatal error in internal_Win_flush: Other MPI error
Abort(15) on node 556: Fatal error in internal_Win_flush: Other MPI error
Abort(15) on node 783: Fatal error in internal_Win_flush: Other MPI error
Abort(15) on node 384: Fatal error in internal_Win_flush: Other MPI error
Abort(15) on node 411: Fatal error in internal_Win_flush: Other MPI error
Abort(15) on node 590: Fatal error in internal_Win_flush: Other MPI error
Abort(15) on node 663: Fatal error in internal_Win_flush: Other MPI error
Abort(15) on node 292: Fatal error in internal_Win_flush: Other MPI error
Abort(15) on node 412: Fatal error in internal_Win_flush: Other MPI error
Abort(15) on node 772: Fatal error in internal_Win_flush: Other MPI error
Abort(15) on node 217: Fatal error in internal_Win_flush: Other MPI error
Abort(15) on node 368: Fatal error in internal_Win_flush: Other MPI error
Abort(15) on node 597: Fatal error in internal_Win_flush: Other MPI error
Abort(15) on node 417: Fatal error in internal_Win_flush: Other MPI error
Abort(15) on node 605: Fatal error in internal_Win_flush: Other MPI error
Abort(15) on node 787: Fatal error in internal_Win_flush: Other MPI error
Abort(15) on node 219: Fatal error in internal_Win_flush: Other MPI error
Abort(15) on node 370: Fatal error in internal_Win_flush: Other MPI error
Abort(15) on node 418: Fatal error in internal_Win_flush: Other MPI error
Abort(15) on node 736: Fatal error in internal_Win_flush: Other MPI error
Abort(15) on node 230: Fatal error in internal_Win_flush: Other MPI error
Abort(15) on node 374: Fatal error in internal_Win_flush: Other MPI error
Abort(15) on node 526: Fatal error in internal_Win_flush: Other MPI error
Abort(15) on node 667: Fatal error in internal_Win_flush: Other MPI error
Abort(15) on node 420: Fatal error in internal_Win_flush: Other MPI error
Abort(15) on node 538: Fatal error in internal_Win_flush: Other MPI error
Abort(15) on node 804: Fatal error in internal_Win_flush: Other MPI error
Abort(15) on node 255: Fatal error in internal_Win_flush: Other MPI error
Abort(15) on node 328: Fatal error in internal_Win_flush: Other MPI error
Abort(15) on node 424: Fatal error in internal_Win_flush: Other MPI error
Abort(15) on node 676: Fatal error in internal_Win_flush: Other MPI error
Abort(15) on node 263: Fatal error in internal_Win_flush: Other MPI error
Abort(15) on node 356: Fatal error in internal_Win_flush: Other MPI error
Abort(15) on node 426: Fatal error in internal_Win_flush: Other MPI error
Abort(15) on node 540: Fatal error in internal_Win_flush: Other MPI error
Abort(15) on node 799: Fatal error in internal_Win_flush: Other MPI error
Abort(15) on node 283: Fatal error in internal_Win_flush: Other MPI error
Abort(15) on node 555: Fatal error in internal_Win_flush: Other MPI error
Abort(15) on node 614: Fatal error in internal_Win_flush: Other MPI error
Abort(15) on node 393: Fatal error in internal_Win_flush: Other MPI error
Abort(15) on node 429: Fatal error in internal_Win_flush: Other MPI error
Abort(15) on node 577: Fatal error in internal_Win_flush: Other MPI error
Abort(15) on node 622: Fatal error in internal_Win_flush: Other MPI error
Abort(15) on node 284: Fatal error in internal_Win_flush: Other MPI error
Abort(15) on node 441: Fatal error in internal_Win_flush: Other MPI error
Abort(15) on node 638: Fatal error in internal_Win_flush: Other MPI error
Abort(15) on node 443: Fatal error in internal_Win_flush: Other MPI error
Abort(15) on node 567: Fatal error in internal_Win_flush: Other MPI error
Abort(15) on node 244: Fatal error in internal_Win_flush: Other MPI error
Abort(15) on node 677: Fatal error in internal_Win_flush: Other MPI error
Abort(15) on node 444: Fatal error in internal_Win_flush: Other MPI error
Abort(15) on node 514: Fatal error in internal_Win_flush: Other MPI error
Abort(15) on node 222: Fatal error in internal_Win_flush: Other MPI error
Abort(15) on node 331: Fatal error in internal_Win_flush: Other MPI error
Abort(15) on node 449: Fatal error in internal_Win_flush: Other MPI error
Abort(15) on node 274: Fatal error in internal_Win_flush: Other MPI error
Abort(15) on node 574: Fatal error in internal_Win_flush: Other MPI error
Abort(15) on node 670: Fatal error in internal_Win_flush: Other MPI error
Abort(15) on node 451: Fatal error in internal_Win_flush: Other MPI error
Abort(15) on node 585: Fatal error in internal_Win_flush: Other MPI error
Abort(15) on node 671: Fatal error in internal_Win_flush: Other MPI error
Abort(15) on node 259: Fatal error in internal_Win_flush: Other MPI error
Abort(15) on node 132: Fatal error in internal_Win_flush: Other MPI error
Abort(15) on node 310: Fatal error in internal_Win_flush: Other MPI error
Abort(15) on node 680: Fatal error in internal_Win_flush: Other MPI error
Abort(15) on node 466: Fatal error in internal_Win_flush: Other MPI error
Abort(15) on node 589: Fatal error in internal_Win_flush: Other MPI error
Abort(15) on node 294: Fatal error in internal_Win_flush: Other MPI error
Abort(15) on node 467: Fatal error in internal_Win_flush: Other MPI error
Abort(15) on node 688: Fatal error in internal_Win_flush: Other MPI error
Abort(15) on node 361: Fatal error in internal_Win_flush: Other MPI error
Abort(15) on node 469: Fatal error in internal_Win_flush: Other MPI error
Abort(15) on node 619: Fatal error in internal_Win_flush: Other MPI error
Abort(15) on node 471: Fatal error in internal_Win_flush: Other MPI error
Abort(15) on node 682: Fatal error in internal_Win_flush: Other MPI error
Abort(15) on node 472: Fatal error in internal_Win_flush: Other MPI error
Abort(15) on node 692: Fatal error in internal_Win_flush: Other MPI error
Abort(15) on node 475: Fatal error in internal_Win_flush: Other MPI error
Abort(15) on node 703: Fatal error in internal_Win_flush: Other MPI error
Abort(15) on node 478: Fatal error in internal_Win_flush: Other MPI error
Abort(15) on node 479: Fatal error in internal_Win_flush: Other MPI error
Abort(15) on node 480: Fatal error in internal_Win_flush: Other MPI error
Abort(15) on node 481: Fatal error in internal_Win_flush: Other MPI error
Abort(15) on node 139: Fatal error in internal_Win_flush: Other MPI error
Abort(15) on node 510: Fatal error in internal_Win_flush: Other MPI error
Abort(15) on node 240: Fatal error in internal_Win_flush: Other MPI error
Abort(15) on node 483: Fatal error in internal_Win_flush: Other MPI error
Abort(15) on node 522: Fatal error in internal_Win_flush: Other MPI error
Abort(15) on node 484: Fatal error in internal_Win_flush: Other MPI error
Abort(15) on node 231: Fatal error in internal_Win_flush: Other MPI error
Abort(15) on node 554: Fatal error in internal_Win_flush: Other MPI error
Abort(15) on node 306: Fatal error in internal_Win_flush: Other MPI error
Abort(15) on node 492: Fatal error in internal_Win_flush: Other MPI error
Abort(15) on node 254: Fatal error in internal_Win_flush: Other MPI error
Abort(15) on node 572: Fatal error in internal_Win_flush: Other MPI error
Abort(15) on node 503: Fatal error in internal_Win_flush: Other MPI error
Abort(15) on node 239: Fatal error in internal_Win_flush: Other MPI error
Abort(15) on node 338: Fatal error in internal_Win_flush: Other MPI error
Abort(15) on node 719: Fatal error in internal_Win_flush: Other MPI error
Abort(15) on node 504: Fatal error in internal_Win_flush: Other MPI error
Abort(15) on node 515: Fatal error in internal_Win_flush: Other MPI error
Abort(15) on node 199: Fatal error in internal_Win_flush: Other MPI error
Abort(15) on node 224: Fatal error in internal_Win_flush: Other MPI error
Abort(15) on node 516: Fatal error in internal_Win_flush: Other MPI error
Abort(15) on node 369: Fatal error in internal_Win_flush: Other MPI error
Abort(15) on node 708: Fatal error in internal_Win_flush: Other MPI error
Abort(15) on node 225: Fatal error in internal_Win_flush: Other MPI error
Abort(15) on node 413: Fatal error in internal_Win_flush: Other MPI error
Abort(15) on node 520: Fatal error in internal_Win_flush: Other MPI error
Abort(15) on node 616: Fatal error in internal_Win_flush: Other MPI error
Abort(15) on node 377: Fatal error in internal_Win_flush: Other MPI error
Abort(15) on node 414: Fatal error in internal_Win_flush: Other MPI error
Abort(15) on node 229: Fatal error in internal_Win_flush: Other MPI error
Abort(15) on node 552: Fatal error in internal_Win_flush: Other MPI error
Abort(15) on node 618: Fatal error in internal_Win_flush: Other MPI error
Abort(15) on node 765: Fatal error in internal_Win_flush: Other MPI error
Abort(15) on node 238: Fatal error in internal_Win_flush: Other MPI error
Abort(15) on node 399: Fatal error in internal_Win_flush: Other MPI error
Abort(15) on node 416: Fatal error in internal_Win_flush: Other MPI error
Abort(15) on node 578: Fatal error in internal_Win_flush: Other MPI error
Abort(15) on node 811: Fatal error in internal_Win_flush: Other MPI error
Abort(15) on node 245: Fatal error in internal_Win_flush: Other MPI error
Abort(15) on node 403: Fatal error in internal_Win_flush: Other MPI error
Abort(15) on node 419: Fatal error in internal_Win_flush: Other MPI error
Abort(15) on node 633: Fatal error in internal_Win_flush: Other MPI error
Abort(15) on node 105: Fatal error in internal_Win_flush: Other MPI error
Abort(15) on node 404: Fatal error in internal_Win_flush: Other MPI error
Abort(15) on node 580: Fatal error in internal_Win_flush: Other MPI error
Abort(15) on node 743: Fatal error in internal_Win_flush: Other MPI error
Abort(15) on node 233: Fatal error in internal_Win_flush: Other MPI error
Abort(15) on node 421: Fatal error in internal_Win_flush: Other MPI error
Abort(15) on node 596: Fatal error in internal_Win_flush: Other MPI error
Abort(15) on node 664: Fatal error in internal_Win_flush: Other MPI error
Abort(15) on node 754: Fatal error in internal_Win_flush: Other MPI error
Abort(15) on node 290: Fatal error in internal_Win_flush: Other MPI error
Abort(15) on node 315: Fatal error in internal_Win_flush: Other MPI error
Abort(15) on node 427: Fatal error in internal_Win_flush: Other MPI error
Abort(15) on node 604: Fatal error in internal_Win_flush: Other MPI error
Abort(15) on node 300: Fatal error in internal_Win_flush: Other MPI error
Abort(15) on node 347: Fatal error in internal_Win_flush: Other MPI error
Abort(15) on node 431: Fatal error in internal_Win_flush: Other MPI error
Abort(15) on node 686: Fatal error in internal_Win_flush: Other MPI error
Abort(15) on node 740: Fatal error in internal_Win_flush: Other MPI error
Abort(15) on node 349: Fatal error in internal_Win_flush: Other MPI error
Abort(15) on node 434: Fatal error in internal_Win_flush: Other MPI error
Abort(15) on node 512: Fatal error in internal_Win_flush: Other MPI error
Abort(15) on node 742: Fatal error in internal_Win_flush: Other MPI error
Abort(15) on node 161: Fatal error in internal_Win_flush: Other MPI error
Abort(15) on node 227: Fatal error in internal_Win_flush: Other MPI error
Abort(15) on node 388: Fatal error in internal_Win_flush: Other MPI error
Abort(15) on node 527: Fatal error in internal_Win_flush: Other MPI error
Abort(15) on node 613: Fatal error in internal_Win_flush: Other MPI error
Abort(15) on node 242: Fatal error in internal_Win_flush: Other MPI error
Abort(15) on node 436: Fatal error in internal_Win_flush: Other MPI error
Abort(15) on node 529: Fatal error in internal_Win_flush: Other MPI error
Abort(15) on node 615: Fatal error in internal_Win_flush: Other MPI error
Abort(15) on node 123: Fatal error in internal_Win_flush: Other MPI error
Abort(15) on node 278: Fatal error in internal_Win_flush: Other MPI error
Abort(15) on node 322: Fatal error in internal_Win_flush: Other MPI error
Abort(15) on node 438: Fatal error in internal_Win_flush: Other MPI error
Abort(15) on node 530: Fatal error in internal_Win_flush: Other MPI error
Abort(15) on node 127: Fatal error in internal_Win_flush: Other MPI error
Abort(15) on node 336: Fatal error in internal_Win_flush: Other MPI error
Abort(15) on node 447: Fatal error in internal_Win_flush: Other MPI error
Abort(15) on node 634: Fatal error in internal_Win_flush: Other MPI error
Abort(15) on node 221: Fatal error in internal_Win_flush: Other MPI error
Abort(15) on node 341: Fatal error in internal_Win_flush: Other MPI error
Abort(15) on node 453: Fatal error in internal_Win_flush: Other MPI error
Abort(15) on node 544: Fatal error in internal_Win_flush: Other MPI error
Abort(15) on node 700: Fatal error in internal_Win_flush: Other MPI error
Abort(15) on node 138: Fatal error in internal_Win_flush: Other MPI error
Abort(15) on node 279: Fatal error in internal_Win_flush: Other MPI error
Abort(15) on node 545: Fatal error in internal_Win_flush: Other MPI error
Abort(15) on node 733: Fatal error in internal_Win_flush: Other MPI error
Abort(15) on node 135: Fatal error in internal_Win_flush: Other MPI error
Abort(15) on node 394: Fatal error in internal_Win_flush: Other MPI error
Abort(15) on node 454: Fatal error in internal_Win_flush: Other MPI error
Abort(15) on node 551: Fatal error in internal_Win_flush: Other MPI error
Abort(15) on node 809: Fatal error in internal_Win_flush: Other MPI error
Abort(15) on node 707: Fatal error in internal_Win_flush: Other MPI error
Abort(15) on node 729: Fatal error in internal_Win_flush: Other MPI error
Abort(15) on node 286: Fatal error in internal_Win_flush: Other MPI error
Abort(15) on node 455: Fatal error in internal_Win_flush: Other MPI error
Abort(15) on node 764: Fatal error in internal_Win_flush: Other MPI error
Abort(15) on node 158: Fatal error in internal_Win_flush: Other MPI error
Abort(15) on node 226: Fatal error in internal_Win_flush: Other MPI error
Abort(15) on node 457: Fatal error in internal_Win_flush: Other MPI error
Abort(15) on node 177: Fatal error in internal_Win_flush: Other MPI error
Abort(15) on node 266: Fatal error in internal_Win_flush: Other MPI error
Abort(15) on node 401: Fatal error in internal_Win_flush: Other MPI error
Abort(15) on node 458: Fatal error in internal_Win_flush: Other MPI error
Abort(15) on node 565: Fatal error in internal_Win_flush: Other MPI error
Abort(15) on node 612: Fatal error in internal_Win_flush: Other MPI error
Abort(15) on node 297: Fatal error in internal_Win_flush: Other MPI error
Abort(15) on node 353: Fatal error in internal_Win_flush: Other MPI error
Abort(15) on node 465: Fatal error in internal_Win_flush: Other MPI error
Abort(15) on node 570: Fatal error in internal_Win_flush: Other MPI error
Abort(15) on node 617: Fatal error in internal_Win_flush: Other MPI error
Abort(15) on node 781: Fatal error in internal_Win_flush: Other MPI error
Abort(15) on node 275: Fatal error in internal_Win_flush: Other MPI error
Abort(15) on node 357: Fatal error in internal_Win_flush: Other MPI error
Abort(15) on node 470: Fatal error in internal_Win_flush: Other MPI error
Abort(15) on node 581: Fatal error in internal_Win_flush: Other MPI error
Abort(15) on node 648: Fatal error in internal_Win_flush: Other MPI error
Abort(15) on node 794: Fatal error in internal_Win_flush: Other MPI error
Abort(15) on node 285: Fatal error in internal_Win_flush: Other MPI error
Abort(15) on node 363: Fatal error in internal_Win_flush: Other MPI error
Abort(15) on node 473: Fatal error in internal_Win_flush: Other MPI error
Abort(15) on node 586: Fatal error in internal_Win_flush: Other MPI error
Abort(15) on node 649: Fatal error in internal_Win_flush: Other MPI error
Abort(15) on node 806: Fatal error in internal_Win_flush: Other MPI error
Abort(15) on node 119: Fatal error in internal_Win_flush: Other MPI error
Abort(15) on node 241: Fatal error in internal_Win_flush: Other MPI error
Abort(15) on node 367: Fatal error in internal_Win_flush: Other MPI error
Abort(15) on node 487: Fatal error in internal_Win_flush: Other MPI error
Abort(15) on node 591: Fatal error in internal_Win_flush: Other MPI error
Abort(15) on node 666: Fatal error in internal_Win_flush: Other MPI error
Abort(15) on node 810: Fatal error in internal_Win_flush: Other MPI error
Abort(15) on node 172: Fatal error in internal_Win_flush: Other MPI error
Abort(15) on node 220: Fatal error in internal_Win_flush: Other MPI error
Abort(15) on node 382: Fatal error in internal_Win_flush: Other MPI error
Abort(15) on node 488: Fatal error in internal_Win_flush: Other MPI error
Abort(15) on node 517: Fatal error in internal_Win_flush: Other MPI error
Abort(15) on node 697: Fatal error in internal_Win_flush: Other MPI error
Abort(15) on node 737: Fatal error in internal_Win_flush: Other MPI error
Abort(15) on node 251: Fatal error in internal_Win_flush: Other MPI error
Abort(15) on node 385: Fatal error in internal_Win_flush: Other MPI error
Abort(15) on node 494: Fatal error in internal_Win_flush: Other MPI error
Abort(15) on node 519: Fatal error in internal_Win_flush: Other MPI error
Abort(15) on node 620: Fatal error in internal_Win_flush: Other MPI error
Abort(15) on node 756: Fatal error in internal_Win_flush: Other MPI error
Abort(15) on node 295: Fatal error in internal_Win_flush: Other MPI error
Abort(15) on node 326: Fatal error in internal_Win_flush: Other MPI error
Abort(15) on node 496: Fatal error in internal_Win_flush: Other MPI error
Abort(15) on node 524: Fatal error in internal_Win_flush: Other MPI error
Abort(15) on node 628: Fatal error in internal_Win_flush: Other MPI error
Abort(15) on node 777: Fatal error in internal_Win_flush: Other MPI error
Abort(15) on node 343: Fatal error in internal_Win_flush: Other MPI error
Abort(15) on node 497: Fatal error in internal_Win_flush: Other MPI error
Abort(15) on node 532: Fatal error in internal_Win_flush: Other MPI error
Abort(15) on node 636: Fatal error in internal_Win_flush: Other MPI error
Abort(15) on node 364: Fatal error in internal_Win_flush: Other MPI error
Abort(15) on node 536: Fatal error in internal_Win_flush: Other MPI error
Abort(15) on node 131: Fatal error in internal_Win_flush: Other MPI error
Abort(15) on node 546: Fatal error in internal_Win_flush: Other MPI error
Abort(15) on node 383: Fatal error in internal_Win_flush: Other MPI error
Abort(15) on node 547: Fatal error in internal_Win_flush: Other MPI error
Abort(15) on node 639: Fatal error in internal_Win_flush: Other MPI error
Abort(15) on node 392: Fatal error in internal_Win_flush: Other MPI error
Abort(15) on node 549: Fatal error in internal_Win_flush: Other MPI error
Abort(15) on node 656: Fatal error in internal_Win_flush: Other MPI error
Abort(15) on node 801: Fatal error in internal_Win_flush: Other MPI error
Abort(15) on node 190: Fatal error in internal_Win_flush: Other MPI error
Abort(15) on node 223: Fatal error in internal_Win_flush: Other MPI error
Abort(15) on node 324: Fatal error in internal_Win_flush: Other MPI error
Abort(15) on node 499: Fatal error in internal_Win_flush: Other MPI error
Abort(15) on node 561: Fatal error in internal_Win_flush: Other MPI error
Abort(15) on node 693: Fatal error in internal_Win_flush: Other MPI error
Abort(15) on node 735: Fatal error in internal_Win_flush: Other MPI error
Abort(15) on node 107: Fatal error in internal_Win_flush: Other MPI error
Abort(15) on node 248: Fatal error in internal_Win_flush: Other MPI error
Abort(15) on node 327: Fatal error in internal_Win_flush: Other MPI error
Abort(15) on node 507: Fatal error in internal_Win_flush: Other MPI error
Abort(15) on node 566: Fatal error in internal_Win_flush: Other MPI error
Abort(15) on node 695: Fatal error in internal_Win_flush: Other MPI error
Abort(15) on node 739: Fatal error in internal_Win_flush: Other MPI error
Abort(15) on node 162: Fatal error in internal_Win_flush: Other MPI error
Abort(15) on node 298: Fatal error in internal_Win_flush: Other MPI error
Abort(15) on node 335: Fatal error in internal_Win_flush: Other MPI error
Abort(15) on node 508: Fatal error in internal_Win_flush: Other MPI error
Abort(15) on node 569: Fatal error in internal_Win_flush: Other MPI error
Abort(15) on node 705: Fatal error in internal_Win_flush: Other MPI error
Abort(15) on node 745: Fatal error in internal_Win_flush: Other MPI error
Abort(15) on node 196: Fatal error in internal_Win_flush: Other MPI error
Abort(15) on node 302: Fatal error in internal_Win_flush: Other MPI error
Abort(15) on node 358: Fatal error in internal_Win_flush: Other MPI error
Abort(15) on node 415: Fatal error in internal_Win_flush: Other MPI error
Abort(15) on node 576: Fatal error in internal_Win_flush: Other MPI error
Abort(15) on node 711: Fatal error in internal_Win_flush: Other MPI error
Abort(15) on node 755: Fatal error in internal_Win_flush: Other MPI error
Abort(15) on node 133: Fatal error in internal_Win_flush: Other MPI error
Abort(15) on node 237: Fatal error in internal_Win_flush: Other MPI error
Abort(15) on node 371: Fatal error in internal_Win_flush: Other MPI error
Abort(15) on node 425: Fatal error in internal_Win_flush: Other MPI error
Abort(15) on node 579: Fatal error in internal_Win_flush: Other MPI error
Abort(15) on node 625: Fatal error in internal_Win_flush: Other MPI error
Abort(15) on node 759: Fatal error in internal_Win_flush: Other MPI error
Abort(15) on node 152: Fatal error in internal_Win_flush: Other MPI error
Abort(15) on node 243: Fatal error in internal_Win_flush: Other MPI error
Abort(15) on node 386: Fatal error in internal_Win_flush: Other MPI error
Abort(15) on node 430: Fatal error in internal_Win_flush: Other MPI error
Abort(15) on node 587: Fatal error in internal_Win_flush: Other MPI error
Abort(15) on node 630: Fatal error in internal_Win_flush: Other MPI error
Abort(15) on node 762: Fatal error in internal_Win_flush: Other MPI error
Abort(15) on node 159: Fatal error in internal_Win_flush: Other MPI error
Abort(15) on node 246: Fatal error in internal_Win_flush: Other MPI error
Abort(15) on node 387: Fatal error in internal_Win_flush: Other MPI error
Abort(15) on node 432: Fatal error in internal_Win_flush: Other MPI error
Abort(15) on node 588: Fatal error in internal_Win_flush: Other MPI error
Abort(15) on node 652: Fatal error in internal_Win_flush: Other MPI error
Abort(15) on node 768: Fatal error in internal_Win_flush: Other MPI error
Abort(15) on node 194: Fatal error in internal_Win_flush: Other MPI error
Abort(15) on node 249: Fatal error in internal_Win_flush: Other MPI error
Abort(15) on node 311: Fatal error in internal_Win_flush: Other MPI error
Abort(15) on node 433: Fatal error in internal_Win_flush: Other MPI error
Abort(15) on node 593: Fatal error in internal_Win_flush: Other MPI error
Abort(15) on node 655: Fatal error in internal_Win_flush: Other MPI error
Abort(15) on node 730: Fatal error in internal_Win_flush: Other MPI error
Abort(15) on node 200: Fatal error in internal_Win_flush: Other MPI error
Abort(15) on node 252: Fatal error in internal_Win_flush: Other MPI error
Abort(15) on node 323: Fatal error in internal_Win_flush: Other MPI error
Abort(15) on node 437: Fatal error in internal_Win_flush: Other MPI error
Abort(15) on node 602: Fatal error in internal_Win_flush: Other MPI error
Abort(15) on node 669: Fatal error in internal_Win_flush: Other MPI error
Abort(15) on node 738: Fatal error in internal_Win_flush: Other MPI error
Abort(15) on node 108: Fatal error in internal_Win_flush: Other MPI error
Abort(15) on node 262: Fatal error in internal_Win_flush: Other MPI error
Abort(15) on node 325: Fatal error in internal_Win_flush: Other MPI error
Abort(15) on node 439: Fatal error in internal_Win_flush: Other MPI error
Abort(15) on node 608: Fatal error in internal_Win_flush: Other MPI error
Abort(15) on node 683: Fatal error in internal_Win_flush: Other MPI error
Abort(15) on node 744: Fatal error in internal_Win_flush: Other MPI error
Abort(15) on node 265: Fatal error in internal_Win_flush: Other MPI error
Abort(15) on node 339: Fatal error in internal_Win_flush: Other MPI error
Abort(15) on node 445: Fatal error in internal_Win_flush: Other MPI error
Abort(15) on node 609: Fatal error in internal_Win_flush: Other MPI error
Abort(15) on node 691: Fatal error in internal_Win_flush: Other MPI error
Abort(15) on node 751: Fatal error in internal_Win_flush: Other MPI error
Abort(15) on node 271: Fatal error in internal_Win_flush: Other MPI error
Abort(15) on node 348: Fatal error in internal_Win_flush: Other MPI error
Abort(15) on node 462: Fatal error in internal_Win_flush: Other MPI error
Abort(15) on node 611: Fatal error in internal_Win_flush: Other MPI error
Abort(15) on node 698: Fatal error in internal_Win_flush: Other MPI error
Abort(15) on node 766: Fatal error in internal_Win_flush: Other MPI error
Abort(15) on node 141: Fatal error in internal_Win_flush: Other MPI error
Abort(15) on node 301: Fatal error in internal_Win_flush: Other MPI error
Abort(15) on node 354: Fatal error in internal_Win_flush: Other MPI error
Abort(15) on node 464: Fatal error in internal_Win_flush: Other MPI error
Abort(15) on node 525: Fatal error in internal_Win_flush: Other MPI error
Abort(15) on node 709: Fatal error in internal_Win_flush: Other MPI error
Abort(15) on node 769: Fatal error in internal_Win_flush: Other MPI error
Abort(15) on node 181: Fatal error in internal_Win_flush: Other MPI error
Abort(15) on node 216: Fatal error in internal_Win_flush: Other MPI error
Abort(15) on node 355: Fatal error in internal_Win_flush: Other MPI error
Abort(15) on node 485: Fatal error in internal_Win_flush: Other MPI error
Abort(15) on node 528: Fatal error in internal_Win_flush: Other MPI error
Abort(15) on node 712: Fatal error in internal_Win_flush: Other MPI error
Abort(15) on node 814: Fatal error in internal_Win_flush: Other MPI error
Abort(15) on node 111: Fatal error in internal_Win_flush: Other MPI error
Abort(15) on node 235: Fatal error in internal_Win_flush: Other MPI error
Abort(15) on node 378: Fatal error in internal_Win_flush: Other MPI error
Abort(15) on node 486: Fatal error in internal_Win_flush: Other MPI error
Abort(15) on node 533: Fatal error in internal_Win_flush: Other MPI error
Abort(15) on node 624: Fatal error in internal_Win_flush: Other MPI error
Abort(15) on node 741: Fatal error in internal_Win_flush: Other MPI error
Abort(15) on node 112: Fatal error in internal_Win_flush: Other MPI error
Abort(15) on node 250: Fatal error in internal_Win_flush: Other MPI error
Abort(15) on node 307: Fatal error in internal_Win_flush: Other MPI error
Abort(15) on node 490: Fatal error in internal_Win_flush: Other MPI error
Abort(15) on node 534: Fatal error in internal_Win_flush: Other MPI error
Abort(15) on node 626: Fatal error in internal_Win_flush: Other MPI error
Abort(15) on node 760: Fatal error in internal_Win_flush: Other MPI error
Abort(15) on node 113: Fatal error in internal_Win_flush: Other MPI error
Abort(15) on node 256: Fatal error in internal_Win_flush: Other MPI error
Abort(15) on node 308: Fatal error in internal_Win_flush: Other MPI error
Abort(15) on node 498: Fatal error in internal_Win_flush: Other MPI error
Abort(15) on node 537: Fatal error in internal_Win_flush: Other MPI error
Abort(15) on node 631: Fatal error in internal_Win_flush: Other MPI error
Abort(15) on node 770: Fatal error in internal_Win_flush: Other MPI error
Abort(15) on node 153: Fatal error in internal_Win_flush: Other MPI error
Abort(15) on node 258: Fatal error in internal_Win_flush: Other MPI error
Abort(15) on node 313: Fatal error in internal_Win_flush: Other MPI error
Abort(15) on node 509: Fatal error in internal_Win_flush: Other MPI error
Abort(15) on node 539: Fatal error in internal_Win_flush: Other MPI error
Abort(15) on node 650: Fatal error in internal_Win_flush: Other MPI error
Abort(15) on node 785: Fatal error in internal_Win_flush: Other MPI error
Abort(15) on node 282: Fatal error in internal_Win_flush: Other MPI error
Abort(15) on node 329: Fatal error in internal_Win_flush: Other MPI error
Abort(15) on node 409: Fatal error in internal_Win_flush: Other MPI error
Abort(15) on node 541: Fatal error in internal_Win_flush: Other MPI error
Abort(15) on node 653: Fatal error in internal_Win_flush: Other MPI error
Abort(15) on node 789: Fatal error in internal_Win_flush: Other MPI error
Abort(15) on node 260: Fatal error in internal_Win_flush: Other MPI error
Abort(15) on node 330: Fatal error in internal_Win_flush: Other MPI error
Abort(15) on node 422: Fatal error in internal_Win_flush: Other MPI error
Abort(15) on node 548: Fatal error in internal_Win_flush: Other MPI error
Abort(15) on node 674: Fatal error in internal_Win_flush: Other MPI error
Abort(15) on node 798: Fatal error in internal_Win_flush: Other MPI error
Abort(15) on node 270: Fatal error in internal_Win_flush: Other MPI error
Abort(15) on node 332: Fatal error in internal_Win_flush: Other MPI error
Abort(15) on node 428: Fatal error in internal_Win_flush: Other MPI error
Abort(15) on node 553: Fatal error in internal_Win_flush: Other MPI error
Abort(15) on node 679: Fatal error in internal_Win_flush: Other MPI error
Abort(15) on node 716: Fatal error in internal_Win_flush: Other MPI error
Abort(15) on node 289: Fatal error in internal_Win_flush: Other MPI error
Abort(15) on node 334: Fatal error in internal_Win_flush: Other MPI error
Abort(15) on node 435: Fatal error in internal_Win_flush: Other MPI error
Abort(15) on node 557: Fatal error in internal_Win_flush: Other MPI error
Abort(15) on node 681: Fatal error in internal_Win_flush: Other MPI error
Abort(15) on node 757: Fatal error in internal_Win_flush: Other MPI error
Abort(15) on node 257: Fatal error in internal_Win_flush: Other MPI error
Abort(15) on node 345: Fatal error in internal_Win_flush: Other MPI error
Abort(15) on node 440: Fatal error in internal_Win_flush: Other MPI error
Abort(15) on node 564: Fatal error in internal_Win_flush: Other MPI error
Abort(15) on node 694: Fatal error in internal_Win_flush: Other MPI error
Abort(15) on node 775: Fatal error in internal_Win_flush: Other MPI error
Abort(15) on node 287: Fatal error in internal_Win_flush: Other MPI error
Abort(15) on node 346: Fatal error in internal_Win_flush: Other MPI error
Abort(15) on node 446: Fatal error in internal_Win_flush: Other MPI error
Abort(15) on node 568: Fatal error in internal_Win_flush: Other MPI error
Abort(15) on node 702: Fatal error in internal_Win_flush: Other MPI error
Abort(15) on node 796: Fatal error in internal_Win_flush: Other MPI error
Abort(15) on node 350: Fatal error in internal_Win_flush: Other MPI error
Abort(15) on node 448: Fatal error in internal_Win_flush: Other MPI error
Abort(15) on node 571: Fatal error in internal_Win_flush: Other MPI error
Abort(15) on node 706: Fatal error in internal_Win_flush: Other MPI error
Abort(15) on node 797: Fatal error in internal_Win_flush: Other MPI error
Abort(15) on node 366: Fatal error in internal_Win_flush: Other MPI error
Abort(15) on node 452: Fatal error in internal_Win_flush: Other MPI error
Abort(15) on node 592: Fatal error in internal_Win_flush: Other MPI error
Abort(15) on node 710: Fatal error in internal_Win_flush: Other MPI error
Abort(15) on node 748: Fatal error in internal_Win_flush: Other MPI error
Abort(15) on node 381: Fatal error in internal_Win_flush: Other MPI error
Abort(15) on node 456: Fatal error in internal_Win_flush: Other MPI error
Abort(15) on node 595: Fatal error in internal_Win_flush: Other MPI error
Abort(15) on node 632: Fatal error in internal_Win_flush: Other MPI error
Abort(15) on node 750: Fatal error in internal_Win_flush: Other MPI error
Abort(15) on node 391: Fatal error in internal_Win_flush: Other MPI error
Abort(15) on node 459: Fatal error in internal_Win_flush: Other MPI error
Abort(15) on node 600: Fatal error in internal_Win_flush: Other MPI error
Abort(15) on node 635: Fatal error in internal_Win_flush: Other MPI error
Abort(15) on node 752: Fatal error in internal_Win_flush: Other MPI error
Abort(15) on node 468: Fatal error in internal_Win_flush: Other MPI error
Abort(15) on node 606: Fatal error in internal_Win_flush: Other MPI error
Abort(15) on node 637: Fatal error in internal_Win_flush: Other MPI error
Abort(15) on node 763: Fatal error in internal_Win_flush: Other MPI error
Abort(15) on node 474: Fatal error in internal_Win_flush: Other MPI error
Abort(15) on node 607: Fatal error in internal_Win_flush: Other MPI error
Abort(15) on node 643: Fatal error in internal_Win_flush: Other MPI error
Abort(15) on node 767: Fatal error in internal_Win_flush: Other MPI error
Abort(15) on node 476: Fatal error in internal_Win_flush: Other MPI error
Abort(15) on node 646: Fatal error in internal_Win_flush: Other MPI error
Abort(15) on node 780: Fatal error in internal_Win_flush: Other MPI error
Abort(15) on node 477: Fatal error in internal_Win_flush: Other MPI error
Abort(15) on node 657: Fatal error in internal_Win_flush: Other MPI error
Abort(15) on node 788: Fatal error in internal_Win_flush: Other MPI error
Abort(15) on node 489: Fatal error in internal_Win_flush: Other MPI error
Abort(15) on node 668: Fatal error in internal_Win_flush: Other MPI error
Abort(15) on node 791: Fatal error in internal_Win_flush: Other MPI error
Abort(15) on node 491: Fatal error in internal_Win_flush: Other MPI error
Abort(15) on node 678: Fatal error in internal_Win_flush: Other MPI error
Abort(15) on node 803: Fatal error in internal_Win_flush: Other MPI error
Abort(15) on node 493: Fatal error in internal_Win_flush: Other MPI error
Abort(15) on node 699: Fatal error in internal_Win_flush: Other MPI error
Abort(15) on node 495: Fatal error in internal_Win_flush: Other MPI error
Abort(15) on node 701: Fatal error in internal_Win_flush: Other MPI error
Abort(15) on node 501: Fatal error in internal_Win_flush: Other MPI error
Abort(15) on node 704: Fatal error in internal_Win_flush: Other MPI error
Abort(15) on node 506: Fatal error in internal_Win_flush: Other MPI error
Abort(15) on node 442: Fatal error in internal_Win_flush: Other MPI error
Abort(15) on node 450: Fatal error in internal_Win_flush: Other MPI error
Abort(15) on node 460: Fatal error in internal_Win_flush: Other MPI error
Abort(15) on node 461: Fatal error in internal_Win_flush: Other MPI error
Abort(15) on node 463: Fatal error in internal_Win_flush: Other MPI error
Abort(15) on node 500: Fatal error in internal_Win_flush: Other MPI error
Abort(15) on node 502: Fatal error in internal_Win_flush: Other MPI error
Abort(15) on node 197: Fatal error in internal_Win_flush: Other MPI error
Abort(15) on node 128: Fatal error in internal_Win_flush: Other MPI error
Abort(15) on node 150: Fatal error in internal_Win_flush: Other MPI error
Abort(15) on node 151: Fatal error in internal_Win_flush: Other MPI error
Abort(15) on node 176: Fatal error in internal_Win_flush: Other MPI error
Abort(15) on node 192: Fatal error in internal_Win_flush: Other MPI error
Abort(15) on node 203: Fatal error in internal_Win_flush: Other MPI error
Abort(15) on node 114: Fatal error in internal_Win_flush: Other MPI error
Abort(15) on node 117: Fatal error in internal_Win_flush: Other MPI error
Abort(15) on node 124: Fatal error in internal_Win_flush: Other MPI error
Abort(15) on node 175: Fatal error in internal_Win_flush: Other MPI error
Abort(15) on node 397: Fatal error in internal_Win_flush: Other MPI error
Abort(15) on node 317: Fatal error in internal_Win_flush: Other MPI error
Abort(15) on node 320: Fatal error in internal_Win_flush: Other MPI error
Abort(15) on node 321: Fatal error in internal_Win_flush: Other MPI error
Abort(15) on node 333: Fatal error in internal_Win_flush: Other MPI error
Abort(15) on node 340: Fatal error in internal_Win_flush: Other MPI error
Abort(15) on node 373: Fatal error in internal_Win_flush: Other MPI error
Abort(15) on node 376: Fatal error in internal_Win_flush: Other MPI error
Abort(15) on node 396: Fatal error in internal_Win_flush: Other MPI error
Abort(15) on node 802: Fatal error in internal_Win_flush: Other MPI error
Abort(15) on node 359: Fatal error in internal_Win_flush: Other MPI error
Abort(15) on node 143: Fatal error in internal_Win_flush: Other MPI error
Abort(15) on node 154: Fatal error in internal_Win_flush: Other MPI error
Abort(15) on node 372: Fatal error in internal_Win_flush: Other MPI error
Abort(15) on node 776: Fatal error in internal_Win_flush: Other MPI error
Abort(15) on node 201: Fatal error in internal_Win_flush: Other MPI error
Abort(15) on node 380: Fatal error in internal_Win_flush: Other MPI error
Abort(15) on node 779: Fatal error in internal_Win_flush: Other MPI error
Abort(15) on node 360: Fatal error in internal_Win_flush: Other MPI error
Abort(15) on node 641: Fatal error in internal_Win_flush: Other MPI error
Abort(15) on node 395: Fatal error in internal_Win_flush: Other MPI error
Abort(15) on node 728: Fatal error in internal_Win_flush: Other MPI error
Abort(15) on node 662: Fatal error in internal_Win_flush: Other MPI error
Abort(15) on node 102: Fatal error in internal_Win_flush: Other MPI error
Abort(15) on node 753: Fatal error in internal_Win_flush: Other MPI error
Abort(15) on node 645: Fatal error in internal_Win_flush: Other MPI error
Abort(15) on node 505: Fatal error in internal_Win_flush: Other MPI error
Abort(15) on node 146: Fatal error in internal_Win_flush: Other MPI error
Abort(15) on node 758: Fatal error in internal_Win_flush: Other MPI error
Abort(15) on node 651: Fatal error in internal_Win_flush: Other MPI error
Abort(15) on node 482: Fatal error in internal_Win_flush: Other MPI error
Abort(15) on node 786: Fatal error in internal_Win_flush: Other MPI error
Abort(15) on node 160: Fatal error in internal_Win_flush: Other MPI error
Abort(15) on node 195: Fatal error in internal_Win_flush: Other MPI error
Abort(15) on node 375: Fatal error in internal_Win_flush: Other MPI error
Abort(15) on node 718: Fatal error in internal_Win_flush: Other MPI error
Abort(15) on node 654: Fatal error in internal_Win_flush: Other MPI error
Abort(15) on node 761: Fatal error in internal_Win_flush: Other MPI error
Abort(15) on node 103: Fatal error in internal_Win_flush: Other MPI error
Abort(15) on node 793: Fatal error in internal_Win_flush: Other MPI error
Abort(15) on node 659: Fatal error in internal_Win_flush: Other MPI error
Abort(15) on node 109: Fatal error in internal_Win_flush: Other MPI error
Abort(15) on node 795: Fatal error in internal_Win_flush: Other MPI error
Abort(15) on node 115: Fatal error in internal_Win_flush: Other MPI error
Abort(15) on node 362: Fatal error in internal_Win_flush: Other MPI error
Abort(15) on node 805: Fatal error in internal_Win_flush: Other MPI error
Abort(15) on node 121: Fatal error in internal_Win_flush: Other MPI error
Abort(15) on node 717: Fatal error in internal_Win_flush: Other MPI error
Abort(15) on node 122: Fatal error in internal_Win_flush: Other MPI error
Abort(15) on node 726: Fatal error in internal_Win_flush: Other MPI error
Abort(15) on node 126: Fatal error in internal_Win_flush: Other MPI error
Abort(15) on node 734: Fatal error in internal_Win_flush: Other MPI error
Abort(15) on node 130: Fatal error in internal_Win_flush: Other MPI error
Abort(15) on node 771: Fatal error in internal_Win_flush: Other MPI error
Abort(15) on node 134: Fatal error in internal_Win_flush: Other MPI error
Abort(15) on node 423: Fatal error in internal_Win_flush: Other MPI error
Abort(15) on node 137: Fatal error in internal_Win_flush: Other MPI error
Abort(15) on node 782: Fatal error in internal_Win_flush: Other MPI error
Abort(15) on node 142: Fatal error in internal_Win_flush: Other MPI error
Abort(15) on node 144: Fatal error in internal_Win_flush: Other MPI error
Abort(15) on node 145: Fatal error in internal_Win_flush: Other MPI error
Abort(15) on node 147: Fatal error in internal_Win_flush: Other MPI error
Abort(15) on node 149: Fatal error in internal_Win_flush: Other MPI error
Abort(15) on node 156: Fatal error in internal_Win_flush: Other MPI error
Abort(15) on node 165: Fatal error in internal_Win_flush: Other MPI error
Abort(15) on node 166: Fatal error in internal_Win_flush: Other MPI error
Abort(15) on node 169: Fatal error in internal_Win_flush: Other MPI error
Abort(15) on node 183: Fatal error in internal_Win_flush: Other MPI error
Abort(15) on node 186: Fatal error in internal_Win_flush: Other MPI error
Abort(15) on node 187: Fatal error in internal_Win_flush: Other MPI error
Abort(15) on node 188: Fatal error in internal_Win_flush: Other MPI error
Abort(15) on node 193: Fatal error in internal_Win_flush: Other MPI error
Abort(15) on node 106: Fatal error in internal_Win_flush: Other MPI error
Abort(15) on node 116: Fatal error in internal_Win_flush: Other MPI error
Abort(15) on node 120: Fatal error in internal_Win_flush: Other MPI error
Abort(15) on node 125: Fatal error in internal_Win_flush: Other MPI error
Abort(15) on node 129: Fatal error in internal_Win_flush: Other MPI error
Abort(15) on node 136: Fatal error in internal_Win_flush: Other MPI error
Abort(15) on node 140: Fatal error in internal_Win_flush: Other MPI error
Abort(15) on node 148: Fatal error in internal_Win_flush: Other MPI error
Abort(15) on node 155: Fatal error in internal_Win_flush: Other MPI error
Abort(15) on node 157: Fatal error in internal_Win_flush: Other MPI error
Abort(15) on node 163: Fatal error in internal_Win_flush: Other MPI error
Abort(15) on node 168: Fatal error in internal_Win_flush: Other MPI error
Abort(15) on node 170: Fatal error in internal_Win_flush: Other MPI error
Abort(15) on node 171: Fatal error in internal_Win_flush: Other MPI error
Abort(15) on node 173: Fatal error in internal_Win_flush: Other MPI error
Abort(15) on node 178: Fatal error in internal_Win_flush: Other MPI error
Abort(15) on node 179: Fatal error in internal_Win_flush: Other MPI error
Abort(15) on node 180: Fatal error in internal_Win_flush: Other MPI error
Abort(15) on node 182: Fatal error in internal_Win_flush: Other MPI error
Abort(15) on node 184: Fatal error in internal_Win_flush: Other MPI error
Abort(15) on node 185: Fatal error in internal_Win_flush: Other MPI error
Abort(15) on node 189: Fatal error in internal_Win_flush: Other MPI error
Abort(15) on node 191: Fatal error in internal_Win_flush: Other MPI error
Abort(15) on node 198: Fatal error in internal_Win_flush: Other MPI error
Abort(15) on node 202: Fatal error in internal_Win_flush: Other MPI error
x4706c2s0b0n0.hsn.cm.aurora.alcf.anl.gov: rank 1 died from signal 15
exit=143
##### RETRY dist=lockfree_rma fanout=-1 nodes=8 mode=uniform expected_us=1000000 rpn=102 #####
RESULT distributor=lockfree_rma mode=uniform expected_us=1000000 nodes=8 world_size=816 max_upper_fanout=-1 total_tasks=15060 elapsed_s=20.0066 throughput_tasks_per_s=752.751
Abort(0) on node 0 (rank 0 in comm 0): application called MPI_Abort(MPI_COMM_WORLD, 0) - process 0
Rank 0 aborted with code 0: application called MPI_Abort(MPI_COMM_WORLD, 0) - process 0
Abort(15) on node 671: Fatal error in internal_Win_flush: Other MPI error
Abort(15) on node 371: Fatal error in internal_Win_flush: Other MPI error
Abort(15) on node 168: Fatal error in internal_Win_flush: Other MPI error
Abort(15) on node 553: Fatal error in internal_Win_flush: Other MPI error
Abort(15) on node 426: Fatal error in internal_Win_flush: Other MPI error
Abort(15) on node 128: Fatal error in internal_Win_flush: Other MPI error
Abort(15) on node 560: Fatal error in internal_Win_flush: Other MPI error
Abort(15) on node 137: Fatal error in internal_Win_flush: Other MPI error
Abort(15) on node 188: Fatal error in internal_Win_flush: Other MPI error
Abort(15) on node 431: Fatal error in internal_Win_flush: Other MPI error
Abort(15) on node 167: Fatal error in internal_Win_flush: Other MPI error
Abort(15) on node 270: Fatal error in internal_Win_flush: Other MPI error
Abort(15) on node 473: Fatal error in internal_Win_flush: Other MPI error
Abort(15) on node 536: Fatal error in internal_Win_flush: Other MPI error
Abort(15) on node 276: Fatal error in internal_Win_flush: Other MPI error
Abort(15) on node 653: Fatal error in internal_Win_flush: Other MPI error
Abort(15) on node 542: Fatal error in internal_Win_flush: Other MPI error
x4706c2s0b0n0.hsn.cm.aurora.alcf.anl.gov: rank 27 died from signal 15
x4706c2s7b0n0.hsn.cm.aurora.alcf.anl.gov: rank 671 exited with code 15
exit=143
##### RETRY dist=lockfree_rma fanout=-1 nodes=8 mode=uniform expected_us=100000 rpn=102 #####
RESULT distributor=lockfree_rma mode=uniform expected_us=100000 nodes=8 world_size=816 max_upper_fanout=-1 total_tasks=161750 elapsed_s=20.0002 throughput_tasks_per_s=8087.43
Abort(0) on node 0 (rank 0 in comm 0): application called MPI_Abort(MPI_COMM_WORLD, 0) - process 0
Rank 0 aborted with code 0: application called MPI_Abort(MPI_COMM_WORLD, 0) - process 0
x4706c2s0b0n0.hsn.cm.aurora.alcf.anl.gov: rank 63 died from signal 15
exit=143
##### RETRY dist=hierarchical_lockfree_rma fanout=0 nodes=128 mode=fixed expected_us=1000000 rpn=102 #####
RESULT distributor=hierarchical_lockfree_rma mode=fixed expected_us=1000000 nodes=128 world_size=13056 max_upper_fanout=0 total_tasks=233152 elapsed_s=20.0004 throughput_tasks_per_s=11657.4
Abort(0) on node 0 (rank 0 in comm 0): application called MPI_Abort(MPI_COMM_WORLD, 0) - process 0
Rank 0 aborted with code 0: application called MPI_Abort(MPI_COMM_WORLD, 0) - process 0
x4706c2s0b0n0.hsn.cm.aurora.alcf.anl.gov: rank 54 died from signal 15
exit=143
##### RETRY dist=hierarchical_lockfree_rma fanout=0 nodes=128 mode=uniform expected_us=1000000 rpn=102 #####
RESULT distributor=hierarchical_lockfree_rma mode=uniform expected_us=1000000 nodes=128 world_size=13056 max_upper_fanout=0 total_tasks=228644 elapsed_s=20.0004 throughput_tasks_per_s=11431.9
Abort(0) on node 0 (rank 0 in comm 0): application called MPI_Abort(MPI_COMM_WORLD, 0) - process 0
Rank 0 aborted with code 0: application called MPI_Abort(MPI_COMM_WORLD, 0) - process 0
x4706c2s0b0n0.hsn.cm.aurora.alcf.anl.gov: rank 10 died from signal 15
exit=143
##### RETRY dist=hierarchical_lockfree_rma fanout=0 nodes=16 mode=fixed expected_us=1000000 rpn=102 #####
RESULT distributor=hierarchical_lockfree_rma mode=fixed expected_us=1000000 nodes=16 world_size=1632 max_upper_fanout=0 total_tasks=30685 elapsed_s=20.0002 throughput_tasks_per_s=1534.24
Abort(0) on node 0 (rank 0 in comm 0): application called MPI_Abort(MPI_COMM_WORLD, 0) - process 0
Rank 0 aborted with code 0: application called MPI_Abort(MPI_COMM_WORLD, 0) - process 0
x4706c2s0b0n0.hsn.cm.aurora.alcf.anl.gov: rank 4 died from signal 15
exit=143
##### RETRY dist=hierarchical_lockfree_rma fanout=0 nodes=16 mode=fixed expected_us=100000 rpn=102 #####
RESULT distributor=hierarchical_lockfree_rma mode=fixed expected_us=100000 nodes=16 world_size=1632 max_upper_fanout=0 total_tasks=321385 elapsed_s=20.0003 throughput_tasks_per_s=16069
Abort(0) on node 0 (rank 0 in comm 0): application called MPI_Abort(MPI_COMM_WORLD, 0) - process 0
Rank 0 aborted with code 0: application called MPI_Abort(MPI_COMM_WORLD, 0) - process 0
x4706c2s0b0n0.hsn.cm.aurora.alcf.anl.gov: rank 9 died from signal 15
exit=143
##### RETRY dist=hierarchical_lockfree_rma fanout=0 nodes=16 mode=uniform expected_us=1000000 rpn=102 #####
RESULT distributor=hierarchical_lockfree_rma mode=uniform expected_us=1000000 nodes=16 world_size=1632 max_upper_fanout=0 total_tasks=29263 elapsed_s=20.0001 throughput_tasks_per_s=1463.14
Abort(0) on node 0 (rank 0 in comm 0): application called MPI_Abort(MPI_COMM_WORLD, 0) - process 0
Rank 0 aborted with code 0: application called MPI_Abort(MPI_COMM_WORLD, 0) - process 0
x4706c2s0b0n0.hsn.cm.aurora.alcf.anl.gov: rank 56 died from signal 15
exit=143
##### RETRY dist=hierarchical_lockfree_rma fanout=0 nodes=16 mode=uniform expected_us=100000 rpn=102 #####
RESULT distributor=hierarchical_lockfree_rma mode=uniform expected_us=100000 nodes=16 world_size=1632 max_upper_fanout=0 total_tasks=319657 elapsed_s=20.0004 throughput_tasks_per_s=15982.6
Abort(0) on node 0 (rank 0 in comm 0): application called MPI_Abort(MPI_COMM_WORLD, 0) - process 0
Rank 0 aborted with code 0: application called MPI_Abort(MPI_COMM_WORLD, 0) - process 0
x4706c2s0b0n0.hsn.cm.aurora.alcf.anl.gov: rank 12 died from signal 15
exit=143
##### RETRY dist=hierarchical_lockfree_rma fanout=0 nodes=1 mode=fixed expected_us=1000000 rpn=102 #####
RESULT distributor=hierarchical_lockfree_rma mode=fixed expected_us=1000000 nodes=1 world_size=102 max_upper_fanout=0 total_tasks=1900 elapsed_s=20.0001 throughput_tasks_per_s=94.9997
Abort(0) on node 0 (rank 0 in comm 0): application called MPI_Abort(MPI_COMM_WORLD, 0) - process 0
Rank 0 aborted with code 0: application called MPI_Abort(MPI_COMM_WORLD, 0) - process 0
x4706c2s0b0n0.hsn.cm.aurora.alcf.anl.gov: rank 0 died from signal 15
exit=143
##### RETRY dist=hierarchical_lockfree_rma fanout=0 nodes=1 mode=fixed expected_us=100000 rpn=102 #####
RESULT distributor=hierarchical_lockfree_rma mode=fixed expected_us=100000 nodes=1 world_size=102 max_upper_fanout=0 total_tasks=18266 elapsed_s=20.0001 throughput_tasks_per_s=913.295
Abort(0) on node 0 (rank 0 in comm 0): application called MPI_Abort(MPI_COMM_WORLD, 0) - process 0
Rank 0 aborted with code 0: application called MPI_Abort(MPI_COMM_WORLD, 0) - process 0
x4706c2s0b0n0.hsn.cm.aurora.alcf.anl.gov: rank 7 died from signal 15
exit=143
##### RETRY dist=hierarchical_lockfree_rma fanout=0 nodes=1 mode=uniform expected_us=1000000 rpn=102 #####
RESULT distributor=hierarchical_lockfree_rma mode=uniform expected_us=1000000 nodes=1 world_size=102 max_upper_fanout=0 total_tasks=1862 elapsed_s=20 throughput_tasks_per_s=93.0998
Abort(0) on node 0 (rank 0 in comm 0): application called MPI_Abort(MPI_COMM_WORLD, 0) - process 0
Rank 0 aborted with code 0: application called MPI_Abort(MPI_COMM_WORLD, 0) - process 0
x4706c2s0b0n0.hsn.cm.aurora.alcf.anl.gov: rank 19 died from signal 15
exit=143
##### RETRY dist=hierarchical_lockfree_rma fanout=0 nodes=1 mode=uniform expected_us=100000 rpn=102 #####
RESULT distributor=hierarchical_lockfree_rma mode=uniform expected_us=100000 nodes=1 world_size=102 max_upper_fanout=0 total_tasks=18244 elapsed_s=20.0002 throughput_tasks_per_s=912.193
Abort(0) on node 0 (rank 0 in comm 0): application called MPI_Abort(MPI_COMM_WORLD, 0) - process 0
Rank 0 aborted with code 0: application called MPI_Abort(MPI_COMM_WORLD, 0) - process 0
x4706c2s0b0n0.hsn.cm.aurora.alcf.anl.gov: rank 30 died from signal 15
exit=143
##### RETRY dist=hierarchical_lockfree_rma fanout=0 nodes=2 mode=fixed expected_us=1000000 rpn=102 #####
RESULT distributor=hierarchical_lockfree_rma mode=fixed expected_us=1000000 nodes=2 world_size=204 max_upper_fanout=0 total_tasks=3780 elapsed_s=20.0001 throughput_tasks_per_s=188.999
Abort(0) on node 0 (rank 0 in comm 0): application called MPI_Abort(MPI_COMM_WORLD, 0) - process 0
Rank 0 aborted with code 0: application called MPI_Abort(MPI_COMM_WORLD, 0) - process 0
x4706c2s0b0n0.hsn.cm.aurora.alcf.anl.gov: rank 10 died from signal 15
exit=143
##### RETRY dist=hierarchical_lockfree_rma fanout=0 nodes=2 mode=fixed expected_us=100000 rpn=102 #####
RESULT distributor=hierarchical_lockfree_rma mode=fixed expected_us=100000 nodes=2 world_size=204 max_upper_fanout=0 total_tasks=39999 elapsed_s=20.0001 throughput_tasks_per_s=1999.94
Abort(0) on node 0 (rank 0 in comm 0): application called MPI_Abort(MPI_COMM_WORLD, 0) - process 0
Rank 0 aborted with code 0: application called MPI_Abort(MPI_COMM_WORLD, 0) - process 0
x4706c2s0b0n0.hsn.cm.aurora.alcf.anl.gov: rank 28 died from signal 15
exit=143
##### RETRY dist=hierarchical_lockfree_rma fanout=0 nodes=2 mode=uniform expected_us=1000000 rpn=102 #####
RESULT distributor=hierarchical_lockfree_rma mode=uniform expected_us=1000000 nodes=2 world_size=204 max_upper_fanout=0 total_tasks=3816 elapsed_s=20.0001 throughput_tasks_per_s=190.799
Abort(0) on node 0 (rank 0 in comm 0): application called MPI_Abort(MPI_COMM_WORLD, 0) - process 0
Rank 0 aborted with code 0: application called MPI_Abort(MPI_COMM_WORLD, 0) - process 0
x4706c2s0b0n0.hsn.cm.aurora.alcf.anl.gov: rank 13 died from signal 15
exit=143
##### RETRY dist=hierarchical_lockfree_rma fanout=0 nodes=2 mode=uniform expected_us=100000 rpn=102 #####
RESULT distributor=hierarchical_lockfree_rma mode=uniform expected_us=100000 nodes=2 world_size=204 max_upper_fanout=0 total_tasks=39506 elapsed_s=20.0001 throughput_tasks_per_s=1975.29
Abort(0) on node 0 (rank 0 in comm 0): application called MPI_Abort(MPI_COMM_WORLD, 0) - process 0
Rank 0 aborted with code 0: application called MPI_Abort(MPI_COMM_WORLD, 0) - process 0
x4706c2s0b0n0.hsn.cm.aurora.alcf.anl.gov: rank 7 died from signal 15
exit=143
##### RETRY dist=hierarchical_lockfree_rma fanout=0 nodes=32 mode=fixed expected_us=1000000 rpn=102 #####
RESULT distributor=hierarchical_lockfree_rma mode=fixed expected_us=1000000 nodes=32 world_size=3264 max_upper_fanout=0 total_tasks=58436 elapsed_s=20.0001 throughput_tasks_per_s=2921.79
Abort(0) on node 0 (rank 0 in comm 0): application called MPI_Abort(MPI_COMM_WORLD, 0) - process 0
Rank 0 aborted with code 0: application called MPI_Abort(MPI_COMM_WORLD, 0) - process 0
Abort(15) on node 714: Fatal error in internal_Win_flush_local: Other MPI error
x4706c2s0b0n0.hsn.cm.aurora.alcf.anl.gov: rank 92 died from signal 15
x4706c3s0b0n0.hsn.cm.aurora.alcf.anl.gov: rank 714 exited with code 15
exit=143
##### RETRY dist=hierarchical_lockfree_rma fanout=0 nodes=32 mode=uniform expected_us=1000000 rpn=102 #####
RESULT distributor=hierarchical_lockfree_rma mode=uniform expected_us=1000000 nodes=32 world_size=3264 max_upper_fanout=0 total_tasks=57542 elapsed_s=20.0002 throughput_tasks_per_s=2877.07
Abort(0) on node 0 (rank 0 in comm 0): application called MPI_Abort(MPI_COMM_WORLD, 0) - process 0
Rank 0 aborted with code 0: application called MPI_Abort(MPI_COMM_WORLD, 0) - process 0
x4706c2s0b0n0.hsn.cm.aurora.alcf.anl.gov: rank 52 died from signal 15
exit=143
##### RETRY dist=hierarchical_lockfree_rma fanout=0 nodes=4 mode=fixed expected_us=1000000 rpn=102 #####
RESULT distributor=hierarchical_lockfree_rma mode=fixed expected_us=1000000 nodes=4 world_size=408 max_upper_fanout=0 total_tasks=7657 elapsed_s=20.0001 throughput_tasks_per_s=382.849
Abort(0) on node 0 (rank 0 in comm 0): application called MPI_Abort(MPI_COMM_WORLD, 0) - process 0
Rank 0 aborted with code 0: application called MPI_Abort(MPI_COMM_WORLD, 0) - process 0
x4706c2s0b0n0.hsn.cm.aurora.alcf.anl.gov: rank 14 died from signal 15
exit=143
##### RETRY dist=hierarchical_lockfree_rma fanout=0 nodes=4 mode=fixed expected_us=100000 rpn=102 #####
RESULT distributor=hierarchical_lockfree_rma mode=fixed expected_us=100000 nodes=4 world_size=408 max_upper_fanout=0 total_tasks=80197 elapsed_s=20.0001 throughput_tasks_per_s=4009.82
Abort(0) on node 0 (rank 0 in comm 0): application called MPI_Abort(MPI_COMM_WORLD, 0) - process 0
Rank 0 aborted with code 0: application called MPI_Abort(MPI_COMM_WORLD, 0) - process 0
x4706c2s0b0n0.hsn.cm.aurora.alcf.anl.gov: rank 19 died from signal 15
exit=143
##### RETRY dist=hierarchical_lockfree_rma fanout=0 nodes=4 mode=uniform expected_us=1000000 rpn=102 #####
RESULT distributor=hierarchical_lockfree_rma mode=uniform expected_us=1000000 nodes=4 world_size=408 max_upper_fanout=0 total_tasks=7338 elapsed_s=20.0001 throughput_tasks_per_s=366.899
Abort(0) on node 0 (rank 0 in comm 0): application called MPI_Abort(MPI_COMM_WORLD, 0) - process 0
Rank 0 aborted with code 0: application called MPI_Abort(MPI_COMM_WORLD, 0) - process 0
x4706c2s0b0n0.hsn.cm.aurora.alcf.anl.gov: rank 46 died from signal 15
exit=143
##### RETRY dist=hierarchical_lockfree_rma fanout=0 nodes=4 mode=uniform expected_us=100000 rpn=102 #####
RESULT distributor=hierarchical_lockfree_rma mode=uniform expected_us=100000 nodes=4 world_size=408 max_upper_fanout=0 total_tasks=79770 elapsed_s=20.0001 throughput_tasks_per_s=3988.48
Abort(0) on node 0 (rank 0 in comm 0): application called MPI_Abort(MPI_COMM_WORLD, 0) - process 0
Rank 0 aborted with code 0: application called MPI_Abort(MPI_COMM_WORLD, 0) - process 0
x4706c2s0b0n0.hsn.cm.aurora.alcf.anl.gov: rank 5 died from signal 15
exit=143
##### RETRY dist=hierarchical_lockfree_rma fanout=0 nodes=64 mode=fixed expected_us=1000000 rpn=102 #####
RESULT distributor=hierarchical_lockfree_rma mode=fixed expected_us=1000000 nodes=64 world_size=6528 max_upper_fanout=0 total_tasks=117127 elapsed_s=20.0001 throughput_tasks_per_s=5856.31
Abort(0) on node 0 (rank 0 in comm 0): application called MPI_Abort(MPI_COMM_WORLD, 0) - process 0
Rank 0 aborted with code 0: application called MPI_Abort(MPI_COMM_WORLD, 0) - process 0
x4706c2s0b0n0.hsn.cm.aurora.alcf.anl.gov: rank 97 died from signal 15
exit=143
##### RETRY dist=hierarchical_lockfree_rma fanout=0 nodes=64 mode=uniform expected_us=1000000 rpn=102 #####
RESULT distributor=hierarchical_lockfree_rma mode=uniform expected_us=1000000 nodes=64 world_size=6528 max_upper_fanout=0 total_tasks=116430 elapsed_s=20.0001 throughput_tasks_per_s=5821.46
Abort(0) on node 0 (rank 0 in comm 0): application called MPI_Abort(MPI_COMM_WORLD, 0) - process 0
Rank 0 aborted with code 0: application called MPI_Abort(MPI_COMM_WORLD, 0) - process 0
x4706c2s0b0n0.hsn.cm.aurora.alcf.anl.gov: rank 97 died from signal 15
exit=143
##### RETRY dist=hierarchical_lockfree_rma fanout=0 nodes=8 mode=fixed expected_us=1000000 rpn=102 #####
RESULT distributor=hierarchical_lockfree_rma mode=fixed expected_us=1000000 nodes=8 world_size=816 max_upper_fanout=0 total_tasks=14884 elapsed_s=20.0001 throughput_tasks_per_s=744.196
Abort(0) on node 0 (rank 0 in comm 0): application called MPI_Abort(MPI_COMM_WORLD, 0) - process 0
Rank 0 aborted with code 0: application called MPI_Abort(MPI_COMM_WORLD, 0) - process 0
Abort(15) on node 714: Fatal error in internal_Win_flush_local: Other MPI error
x4706c2s0b0n0.hsn.cm.aurora.alcf.anl.gov: rank 15 died from signal 15
exit=143
##### RETRY dist=hierarchical_lockfree_rma fanout=0 nodes=8 mode=fixed expected_us=100000 rpn=102 #####
RESULT distributor=hierarchical_lockfree_rma mode=fixed expected_us=100000 nodes=8 world_size=816 max_upper_fanout=0 total_tasks=160593 elapsed_s=20.0006 throughput_tasks_per_s=8029.42
Abort(0) on node 0 (rank 0 in comm 0): application called MPI_Abort(MPI_COMM_WORLD, 0) - process 0
Rank 0 aborted with code 0: application called MPI_Abort(MPI_COMM_WORLD, 0) - process 0
x4706c2s0b0n0.hsn.cm.aurora.alcf.anl.gov: rank 64 died from signal 15
exit=143
##### RETRY dist=hierarchical_lockfree_rma fanout=0 nodes=8 mode=uniform expected_us=1000000 rpn=102 #####
RESULT distributor=hierarchical_lockfree_rma mode=uniform expected_us=1000000 nodes=8 world_size=816 max_upper_fanout=0 total_tasks=14714 elapsed_s=20 throughput_tasks_per_s=735.698
Abort(0) on node 0 (rank 0 in comm 0): application called MPI_Abort(MPI_COMM_WORLD, 0) - process 0
Rank 0 aborted with code 0: application called MPI_Abort(MPI_COMM_WORLD, 0) - process 0
x4706c2s0b0n0.hsn.cm.aurora.alcf.anl.gov: rank 3 died from signal 15
exit=143
##### RETRY dist=hierarchical_lockfree_rma fanout=0 nodes=8 mode=uniform expected_us=100000 rpn=102 #####
RESULT distributor=hierarchical_lockfree_rma mode=uniform expected_us=100000 nodes=8 world_size=816 max_upper_fanout=0 total_tasks=159470 elapsed_s=20.0002 throughput_tasks_per_s=7973.42
Abort(0) on node 0 (rank 0 in comm 0): application called MPI_Abort(MPI_COMM_WORLD, 0) - process 0
Rank 0 aborted with code 0: application called MPI_Abort(MPI_COMM_WORLD, 0) - process 0
x4706c2s0b0n0.hsn.cm.aurora.alcf.anl.gov: rank 28 died from signal 15
exit=143
##### RETRY dist=hierarchical_lockfree_rma fanout=-1 nodes=128 mode=fixed expected_us=1000000 rpn=102 #####
RESULT distributor=hierarchical_lockfree_rma mode=fixed expected_us=1000000 nodes=128 world_size=13056 max_upper_fanout=-1 total_tasks=232673 elapsed_s=20.0003 throughput_tasks_per_s=11633.5
Abort(0) on node 0 (rank 0 in comm 0): application called MPI_Abort(MPI_COMM_WORLD, 0) - process 0
Rank 0 aborted with code 0: application called MPI_Abort(MPI_COMM_WORLD, 0) - process 0
x4706c2s0b0n0.hsn.cm.aurora.alcf.anl.gov: rank 98 died from signal 15
exit=143
##### RETRY dist=hierarchical_lockfree_rma fanout=-1 nodes=128 mode=uniform expected_us=1000000 rpn=102 #####
RESULT distributor=hierarchical_lockfree_rma mode=uniform expected_us=1000000 nodes=128 world_size=13056 max_upper_fanout=-1 total_tasks=230692 elapsed_s=20.0003 throughput_tasks_per_s=11534.4
Abort(0) on node 0 (rank 0 in comm 0): application called MPI_Abort(MPI_COMM_WORLD, 0) - process 0
Rank 0 aborted with code 0: application called MPI_Abort(MPI_COMM_WORLD, 0) - process 0
x4706c2s0b0n0.hsn.cm.aurora.alcf.anl.gov: rank 22 died from signal 15
exit=143
##### RETRY dist=hierarchical_lockfree_rma fanout=-1 nodes=16 mode=fixed expected_us=1000000 rpn=102 #####
RESULT distributor=hierarchical_lockfree_rma mode=fixed expected_us=1000000 nodes=16 world_size=1632 max_upper_fanout=-1 total_tasks=30685 elapsed_s=20.0001 throughput_tasks_per_s=1534.24
Abort(0) on node 0 (rank 0 in comm 0): application called MPI_Abort(MPI_COMM_WORLD, 0) - process 0
Rank 0 aborted with code 0: application called MPI_Abort(MPI_COMM_WORLD, 0) - process 0
Abort(15) on node 816: Fatal error in internal_Win_flush_local: Other MPI error
x4706c2s0b0n0.hsn.cm.aurora.alcf.anl.gov: rank 2 died from signal 15
exit=143
##### RETRY dist=hierarchical_lockfree_rma fanout=-1 nodes=16 mode=fixed expected_us=100000 rpn=102 #####
RESULT distributor=hierarchical_lockfree_rma mode=fixed expected_us=100000 nodes=16 world_size=1632 max_upper_fanout=-1 total_tasks=321385 elapsed_s=20.0011 throughput_tasks_per_s=16068.4
Abort(0) on node 0 (rank 0 in comm 0): application called MPI_Abort(MPI_COMM_WORLD, 0) - process 0
Rank 0 aborted with code 0: application called MPI_Abort(MPI_COMM_WORLD, 0) - process 0
x4706c2s0b0n0.hsn.cm.aurora.alcf.anl.gov: rank 7 died from signal 15
exit=143
##### RETRY dist=hierarchical_lockfree_rma fanout=-1 nodes=16 mode=uniform expected_us=1000000 rpn=102 #####
RESULT distributor=hierarchical_lockfree_rma mode=uniform expected_us=1000000 nodes=16 world_size=1632 max_upper_fanout=-1 total_tasks=29265 elapsed_s=20.0001 throughput_tasks_per_s=1463.24
Abort(0) on node 0 (rank 0 in comm 0): application called MPI_Abort(MPI_COMM_WORLD, 0) - process 0
Rank 0 aborted with code 0: application called MPI_Abort(MPI_COMM_WORLD, 0) - process 0
x4706c2s0b0n0.hsn.cm.aurora.alcf.anl.gov: rank 6 died from signal 15
exit=143
##### RETRY dist=hierarchical_lockfree_rma fanout=-1 nodes=16 mode=uniform expected_us=100000 rpn=102 #####
RESULT distributor=hierarchical_lockfree_rma mode=uniform expected_us=100000 nodes=16 world_size=1632 max_upper_fanout=-1 total_tasks=319465 elapsed_s=20.0004 throughput_tasks_per_s=15973
Abort(0) on node 0 (rank 0 in comm 0): application called MPI_Abort(MPI_COMM_WORLD, 0) - process 0
Rank 0 aborted with code 0: application called MPI_Abort(MPI_COMM_WORLD, 0) - process 0
x4706c2s0b0n0.hsn.cm.aurora.alcf.anl.gov: rank 78 died from signal 15
exit=143
##### RETRY dist=hierarchical_lockfree_rma fanout=-1 nodes=1 mode=fixed expected_us=1000000 rpn=102 #####
RESULT distributor=hierarchical_lockfree_rma mode=fixed expected_us=1000000 nodes=1 world_size=102 max_upper_fanout=-1 total_tasks=1900 elapsed_s=20 throughput_tasks_per_s=94.9998
Abort(0) on node 0 (rank 0 in comm 0): application called MPI_Abort(MPI_COMM_WORLD, 0) - process 0
Rank 0 aborted with code 0: application called MPI_Abort(MPI_COMM_WORLD, 0) - process 0
x4706c2s0b0n0.hsn.cm.aurora.alcf.anl.gov: rank 0 died from signal 15
exit=143
##### RETRY dist=hierarchical_lockfree_rma fanout=-1 nodes=1 mode=fixed expected_us=100000 rpn=102 #####
RESULT distributor=hierarchical_lockfree_rma mode=fixed expected_us=100000 nodes=1 world_size=102 max_upper_fanout=-1 total_tasks=18089 elapsed_s=20.0001 throughput_tasks_per_s=904.447
Abort(0) on node 0 (rank 0 in comm 0): application called MPI_Abort(MPI_COMM_WORLD, 0) - process 0
Rank 0 aborted with code 0: application called MPI_Abort(MPI_COMM_WORLD, 0) - process 0
x4706c2s0b0n0.hsn.cm.aurora.alcf.anl.gov: rank 14 died from signal 15
exit=143
##### RETRY dist=hierarchical_lockfree_rma fanout=-1 nodes=1 mode=uniform expected_us=1000000 rpn=102 #####
RESULT distributor=hierarchical_lockfree_rma mode=uniform expected_us=1000000 nodes=1 world_size=102 max_upper_fanout=-1 total_tasks=1840 elapsed_s=20.0001 throughput_tasks_per_s=91.9996
Abort(0) on node 0 (rank 0 in comm 0): application called MPI_Abort(MPI_COMM_WORLD, 0) - process 0
Rank 0 aborted with code 0: application called MPI_Abort(MPI_COMM_WORLD, 0) - process 0
x4706c2s0b0n0.hsn.cm.aurora.alcf.anl.gov: rank 6 died from signal 15
exit=143
##### RETRY dist=hierarchical_lockfree_rma fanout=-1 nodes=1 mode=uniform expected_us=100000 rpn=102 #####
RESULT distributor=hierarchical_lockfree_rma mode=uniform expected_us=100000 nodes=1 world_size=102 max_upper_fanout=-1 total_tasks=18126 elapsed_s=20 throughput_tasks_per_s=906.299
Abort(0) on node 0 (rank 0 in comm 0): application called MPI_Abort(MPI_COMM_WORLD, 0) - process 0
Rank 0 aborted with code 0: application called MPI_Abort(MPI_COMM_WORLD, 0) - process 0
x4706c2s0b0n0.hsn.cm.aurora.alcf.anl.gov: rank 91 died from signal 15
exit=143
##### RETRY dist=hierarchical_lockfree_rma fanout=-1 nodes=2 mode=fixed expected_us=1000000 rpn=102 #####
RESULT distributor=hierarchical_lockfree_rma mode=fixed expected_us=1000000 nodes=2 world_size=204 max_upper_fanout=-1 total_tasks=3819 elapsed_s=20.0001 throughput_tasks_per_s=190.949
Abort(0) on node 0 (rank 0 in comm 0): application called MPI_Abort(MPI_COMM_WORLD, 0) - process 0
Rank 0 aborted with code 0: application called MPI_Abort(MPI_COMM_WORLD, 0) - process 0
x4706c2s0b0n0.hsn.cm.aurora.alcf.anl.gov: rank 6 died from signal 15
exit=143
##### RETRY dist=hierarchical_lockfree_rma fanout=-1 nodes=2 mode=fixed expected_us=100000 rpn=102 #####
RESULT distributor=hierarchical_lockfree_rma mode=fixed expected_us=100000 nodes=2 world_size=204 max_upper_fanout=-1 total_tasks=39999 elapsed_s=20.0001 throughput_tasks_per_s=1999.94
Abort(0) on node 0 (rank 0 in comm 0): application called MPI_Abort(MPI_COMM_WORLD, 0) - process 0
Rank 0 aborted with code 0: application called MPI_Abort(MPI_COMM_WORLD, 0) - process 0
x4706c2s0b0n0.hsn.cm.aurora.alcf.anl.gov: rank 11 died from signal 15
exit=143
##### RETRY dist=hierarchical_lockfree_rma fanout=-1 nodes=2 mode=uniform expected_us=1000000 rpn=102 #####
RESULT distributor=hierarchical_lockfree_rma mode=uniform expected_us=1000000 nodes=2 world_size=204 max_upper_fanout=-1 total_tasks=3782 elapsed_s=20.0001 throughput_tasks_per_s=189.099
Abort(0) on node 0 (rank 0 in comm 0): application called MPI_Abort(MPI_COMM_WORLD, 0) - process 0
Rank 0 aborted with code 0: application called MPI_Abort(MPI_COMM_WORLD, 0) - process 0
x4706c2s0b0n0.hsn.cm.aurora.alcf.anl.gov: rank 13 died from signal 15
exit=143
##### RETRY dist=hierarchical_lockfree_rma fanout=-1 nodes=2 mode=uniform expected_us=100000 rpn=102 #####
RESULT distributor=hierarchical_lockfree_rma mode=uniform expected_us=100000 nodes=2 world_size=204 max_upper_fanout=-1 total_tasks=39778 elapsed_s=20.0002 throughput_tasks_per_s=1988.88
Abort(0) on node 0 (rank 0 in comm 0): application called MPI_Abort(MPI_COMM_WORLD, 0) - process 0
Rank 0 aborted with code 0: application called MPI_Abort(MPI_COMM_WORLD, 0) - process 0
x4706c2s0b0n0.hsn.cm.aurora.alcf.anl.gov: rank 16 died from signal 15
exit=143
##### RETRY dist=hierarchical_lockfree_rma fanout=-1 nodes=32 mode=fixed expected_us=1000000 rpn=102 #####
RESULT distributor=hierarchical_lockfree_rma mode=fixed expected_us=1000000 nodes=32 world_size=3264 max_upper_fanout=-1 total_tasks=60131 elapsed_s=20.0002 throughput_tasks_per_s=3006.52
Abort(0) on node 0 (rank 0 in comm 0): application called MPI_Abort(MPI_COMM_WORLD, 0) - process 0
Rank 0 aborted with code 0: application called MPI_Abort(MPI_COMM_WORLD, 0) - process 0
x4706c2s0b0n0.hsn.cm.aurora.alcf.anl.gov: rank 35 died from signal 15
exit=143
##### RETRY dist=hierarchical_lockfree_rma fanout=-1 nodes=32 mode=uniform expected_us=1000000 rpn=102 #####
RESULT distributor=hierarchical_lockfree_rma mode=uniform expected_us=1000000 nodes=32 world_size=3264 max_upper_fanout=-1 total_tasks=58249 elapsed_s=20.0001 throughput_tasks_per_s=2912.44
Abort(0) on node 0 (rank 0 in comm 0): application called MPI_Abort(MPI_COMM_WORLD, 0) - process 0
Rank 0 aborted with code 0: application called MPI_Abort(MPI_COMM_WORLD, 0) - process 0
Abort(15) on node 2754: Fatal error in internal_Win_flush_local: Other MPI error
x4706c2s0b0n0.hsn.cm.aurora.alcf.anl.gov: rank 4 died from signal 15
Abort(15) on node 1224: Fatal error in internal_Win_flush_local: Other MPI error
x4706c5s5b0n0.hsn.cm.aurora.alcf.anl.gov: rank 2754 exited with code 15
exit=143
##### RETRY dist=hierarchical_lockfree_rma fanout=-1 nodes=4 mode=fixed expected_us=1000000 rpn=102 #####
RESULT distributor=hierarchical_lockfree_rma mode=fixed expected_us=1000000 nodes=4 world_size=408 max_upper_fanout=-1 total_tasks=7657 elapsed_s=20.0001 throughput_tasks_per_s=382.848
Abort(0) on node 0 (rank 0 in comm 0): application called MPI_Abort(MPI_COMM_WORLD, 0) - process 0
Rank 0 aborted with code 0: application called MPI_Abort(MPI_COMM_WORLD, 0) - process 0
x4706c2s0b0n0.hsn.cm.aurora.alcf.anl.gov: rank 55 died from signal 15
exit=143
##### RETRY dist=hierarchical_lockfree_rma fanout=-1 nodes=4 mode=fixed expected_us=100000 rpn=102 #####
RESULT distributor=hierarchical_lockfree_rma mode=fixed expected_us=100000 nodes=4 world_size=408 max_upper_fanout=-1 total_tasks=80197 elapsed_s=20.0001 throughput_tasks_per_s=4009.82
Abort(0) on node 0 (rank 0 in comm 0): application called MPI_Abort(MPI_COMM_WORLD, 0) - process 0
Rank 0 aborted with code 0: application called MPI_Abort(MPI_COMM_WORLD, 0) - process 0
x4706c2s0b0n0.hsn.cm.aurora.alcf.anl.gov: rank 3 died from signal 15
exit=143
##### RETRY dist=hierarchical_lockfree_rma fanout=-1 nodes=4 mode=uniform expected_us=1000000 rpn=102 #####
RESULT distributor=hierarchical_lockfree_rma mode=uniform expected_us=1000000 nodes=4 world_size=408 max_upper_fanout=-1 total_tasks=7308 elapsed_s=20.0001 throughput_tasks_per_s=365.398
Abort(0) on node 0 (rank 0 in comm 0): application called MPI_Abort(MPI_COMM_WORLD, 0) - process 0
Rank 0 aborted with code 0: application called MPI_Abort(MPI_COMM_WORLD, 0) - process 0
x4706c2s0b0n0.hsn.cm.aurora.alcf.anl.gov: rank 13 died from signal 15
exit=143
##### RETRY dist=hierarchical_lockfree_rma fanout=-1 nodes=4 mode=uniform expected_us=100000 rpn=102 #####
RESULT distributor=hierarchical_lockfree_rma mode=uniform expected_us=100000 nodes=4 world_size=408 max_upper_fanout=-1 total_tasks=79893 elapsed_s=20.0001 throughput_tasks_per_s=3994.63
Abort(0) on node 0 (rank 0 in comm 0): application called MPI_Abort(MPI_COMM_WORLD, 0) - process 0
Rank 0 aborted with code 0: application called MPI_Abort(MPI_COMM_WORLD, 0) - process 0
x4706c2s0b0n0.hsn.cm.aurora.alcf.anl.gov: rank 9 died from signal 15
exit=143
##### RETRY dist=hierarchical_lockfree_rma fanout=-1 nodes=64 mode=fixed expected_us=1000000 rpn=102 #####
RESULT distributor=hierarchical_lockfree_rma mode=fixed expected_us=1000000 nodes=64 world_size=6528 max_upper_fanout=-1 total_tasks=116736 elapsed_s=20.0001 throughput_tasks_per_s=5836.76
Abort(0) on node 0 (rank 0 in comm 0): application called MPI_Abort(MPI_COMM_WORLD, 0) - process 0
Rank 0 aborted with code 0: application called MPI_Abort(MPI_COMM_WORLD, 0) - process 0
x4706c2s0b0n0.hsn.cm.aurora.alcf.anl.gov: rank 9 died from signal 15
exit=143
##### RETRY dist=hierarchical_lockfree_rma fanout=-1 nodes=64 mode=uniform expected_us=1000000 rpn=102 #####
RESULT distributor=hierarchical_lockfree_rma mode=uniform expected_us=1000000 nodes=64 world_size=6528 max_upper_fanout=-1 total_tasks=116395 elapsed_s=20.0002 throughput_tasks_per_s=5819.7
Abort(0) on node 0 (rank 0 in comm 0): application called MPI_Abort(MPI_COMM_WORLD, 0) - process 0
Rank 0 aborted with code 0: application called MPI_Abort(MPI_COMM_WORLD, 0) - process 0
x4706c2s0b0n0.hsn.cm.aurora.alcf.anl.gov: rank 52 died from signal 15
Abort(15) on node 3162: Fatal error in internal_Win_flush_local: Other MPI error
exit=143
##### RETRY dist=hierarchical_lockfree_rma fanout=-1 nodes=8 mode=fixed expected_us=1000000 rpn=102 #####
RESULT distributor=hierarchical_lockfree_rma mode=fixed expected_us=1000000 nodes=8 world_size=816 max_upper_fanout=-1 total_tasks=14580 elapsed_s=20.0001 throughput_tasks_per_s=728.998
Abort(0) on node 0 (rank 0 in comm 0): application called MPI_Abort(MPI_COMM_WORLD, 0) - process 0
Rank 0 aborted with code 0: application called MPI_Abort(MPI_COMM_WORLD, 0) - process 0
x4706c2s0b0n0.hsn.cm.aurora.alcf.anl.gov: rank 20 died from signal 15
exit=143
##### RETRY dist=hierarchical_lockfree_rma fanout=-1 nodes=8 mode=fixed expected_us=100000 rpn=102 #####
RESULT distributor=hierarchical_lockfree_rma mode=fixed expected_us=100000 nodes=8 world_size=816 max_upper_fanout=-1 total_tasks=160593 elapsed_s=20.0002 throughput_tasks_per_s=8029.56
Abort(0) on node 0 (rank 0 in comm 0): application called MPI_Abort(MPI_COMM_WORLD, 0) - process 0
Rank 0 aborted with code 0: application called MPI_Abort(MPI_COMM_WORLD, 0) - process 0
x4706c2s0b0n0.hsn.cm.aurora.alcf.anl.gov: rank 3 died from signal 15
exit=143
##### RETRY dist=hierarchical_lockfree_rma fanout=-1 nodes=8 mode=uniform expected_us=1000000 rpn=102 #####
RESULT distributor=hierarchical_lockfree_rma mode=uniform expected_us=1000000 nodes=8 world_size=816 max_upper_fanout=-1 total_tasks=14714 elapsed_s=20.0001 throughput_tasks_per_s=735.698
Abort(0) on node 0 (rank 0 in comm 0): application called MPI_Abort(MPI_COMM_WORLD, 0) - process 0
Rank 0 aborted with code 0: application called MPI_Abort(MPI_COMM_WORLD, 0) - process 0
x4706c2s0b0n0.hsn.cm.aurora.alcf.anl.gov: rank 3 died from signal 15
exit=143
##### RETRY dist=hierarchical_lockfree_rma fanout=-1 nodes=8 mode=uniform expected_us=100000 rpn=102 #####
RESULT distributor=hierarchical_lockfree_rma mode=uniform expected_us=100000 nodes=8 world_size=816 max_upper_fanout=-1 total_tasks=159679 elapsed_s=20.0003 throughput_tasks_per_s=7983.85
Abort(0) on node 0 (rank 0 in comm 0): application called MPI_Abort(MPI_COMM_WORLD, 0) - process 0
Rank 0 aborted with code 0: application called MPI_Abort(MPI_COMM_WORLD, 0) - process 0
x4706c2s0b0n0.hsn.cm.aurora.alcf.anl.gov: rank 16 died from signal 15
exit=143
===== targeted rpn=7 (gpu7) chunk-timeout reruns =====
##### RETRY dist=hierarchical_lockfree_rma fanout=0 nodes=256 mode=fixed expected_us=1000000 rpn=7 #####
RESULT distributor=hierarchical_lockfree_rma mode=fixed expected_us=1000000 nodes=256 world_size=1792 max_upper_fanout=0 total_tasks=29165 elapsed_s=20.0002 throughput_tasks_per_s=1458.24
Abort(0) on node 0 (rank 0 in comm 0): application called MPI_Abort(MPI_COMM_WORLD, 0) - process 0
Rank 0 aborted with code 0: application called MPI_Abort(MPI_COMM_WORLD, 0) - process 0
x4706c2s0b0n0.hsn.cm.aurora.alcf.anl.gov: rank 5 died from signal 15
exit=143
##### RETRY dist=hierarchical_lockfree_rma fanout=0 nodes=256 mode=uniform expected_us=1000000 rpn=7 #####
RESULT distributor=hierarchical_lockfree_rma mode=uniform expected_us=1000000 nodes=256 world_size=1792 max_upper_fanout=0 total_tasks=26441 elapsed_s=20.0001 throughput_tasks_per_s=1322.04
Abort(0) on node 0 (rank 0 in comm 0): application called MPI_Abort(MPI_COMM_WORLD, 0) - process 0
Rank 0 aborted with code 0: application called MPI_Abort(MPI_COMM_WORLD, 0) - process 0
x4706c2s0b0n0.hsn.cm.aurora.alcf.anl.gov: rank 4 died from signal 15
exit=143
===== full rerun: 256 nodes, rpn=102, mode=uniform (job crashed on first combo) =====
##### RETRY dist=naive fanout=-1 nodes=256 mode=uniform expected_us=10 rpn=102 #####
RESULT distributor=naive mode=uniform expected_us=10 nodes=256 world_size=26112 max_upper_fanout=-1 total_tasks=13353693 elapsed_s=20.1139 throughput_tasks_per_s=663904
Abort(0) on node 0 (rank 0 in comm 0): application called MPI_Abort(MPI_COMM_WORLD, 0) - process 0
Rank 0 aborted with code 0: application called MPI_Abort(MPI_COMM_WORLD, 0) - process 0
x4706c2s0b0n0.hsn.cm.aurora.alcf.anl.gov: rank 101 died from signal 15
exit=143
##### RETRY dist=hierarchical fanout=0 nodes=256 mode=uniform expected_us=10 rpn=102 #####
RESULT distributor=hierarchical mode=uniform expected_us=10 nodes=256 world_size=26112 max_upper_fanout=0 total_tasks=32309840 elapsed_s=20.4881 throughput_tasks_per_s=1.57701e+06
Abort(0) on node 0 (rank 0 in comm 0): application called MPI_Abort(MPI_COMM_WORLD, 0) - process 0
Rank 0 aborted with code 0: application called MPI_Abort(MPI_COMM_WORLD, 0) - process 0
x4706c2s0b0n0.hsn.cm.aurora.alcf.anl.gov: rank 62 died from signal 15
exit=143
##### RETRY dist=hierarchical fanout=-1 nodes=256 mode=uniform expected_us=10 rpn=102 #####
=>> PBS: job killed: walltime 3033 exceeded limit 3000
x4219c6s4b0n0.hsn.cm.aurora.alcf.anl.gov: rank 22751 died from signal 15
