src_rank,dst_rank,method,direction,locality,msg_bytes,iters,avg_rtt_seconds,latency_seconds,bandwidth_MBps,send_call_total_seconds
0,1,send,a->b,intranode,1,100,1.78210000001e-06,8.91050000007e-07,1.12227147746,2.67199998234e-05
0,1,send,b->a,intranode,1,100,8.88689999954e-07,4.44344999977e-07,2.25050355029,1.92739999818e-05
0,1,isend,a->b,intranode,1,100,9.70540000083e-07,4.85270000041e-07,2.0607084714,2.08519999489e-05
0,1,isend,b->a,intranode,1,100,9.06230000055e-07,4.53115000028e-07,2.20694525659,1.93970000169e-05
0,1,bsend,a->b,intranode,1,100,1.02755e-06,5.13775000002e-07,1.94637730523,2.87150001839e-05
0,1,bsend,b->a,intranode,1,100,1.01672999989e-06,5.08364999945e-07,1.9670905749,2.7015000029e-05
0,1,ssend,a->b,intranode,1,100,1.64704000014e-06,8.23520000068e-07,1.21429959189,0.000126610000081
0,1,ssend,b->a,intranode,1,100,1.57981000001e-06,7.89905000005e-07,1.26597502231,0.000121035999825
0,1,send,a->b,intranode,2,100,8.89290000146e-07,4.44645000073e-07,4.49797029017,2.07890000468e-05
0,1,send,b->a,intranode,2,100,9.08829999844e-07,4.54414999922e-07,4.40126316328,2.07710001234e-05
0,1,isend,a->b,intranode,2,100,8.96910000279e-07,4.48455000139e-07,4.45975627293,1.92979999838e-05
0,1,isend,b->a,intranode,2,100,9.07630000029e-07,4.53815000014e-07,4.40708218093,1.90650000604e-05
0,1,bsend,a->b,intranode,2,100,1.02806000001e-06,5.14030000005e-07,3.89082349275,2.81030000338e-05
0,1,bsend,b->a,intranode,2,100,1.01724000018e-06,5.0862000009e-07,3.93220872094,2.6728000023e-05
0,1,ssend,a->b,intranode,2,100,1.60564999987e-06,8.02824999937e-07,2.49120293981,0.000121488000104
0,1,ssend,b->a,intranode,2,100,1.60345000012e-06,8.01725000059e-07,2.49462097334,0.000125891000152
0,1,send,a->b,intranode,4,100,8.92300000146e-07,4.46150000073e-07,8.96559452952,2.08999998392e-05
0,1,send,b->a,intranode,4,100,9.02120000035e-07,4.51060000017e-07,8.8679998223,2.17849998307e-05
0,1,isend,a->b,intranode,4,100,8.998200002e-07,4.499100001e-07,8.89066702032,2.02380002179e-05
0,1,isend,b->a,intranode,4,100,8.92400000225e-07,4.46200000113e-07,8.96458986775,1.89370000783e-05
0,1,bsend,a->b,intranode,4,100,1.01282000003e-06,5.06410000014e-07,7.89873817636,2.76219998341e-05
0,1,bsend,b->a,intranode,4,100,1.00731000003e-06,5.03655000017e-07,7.94194438627,2.64290002292e-05
0,1,ssend,a->b,intranode,4,100,1.59883999999e-06,7.99419999993e-07,5.00362763008,0.000123430000087
0,1,ssend,b->a,intranode,4,100,1.59143000019e-06,7.95715000095e-07,5.02692546895,0.000126828999925
0,1,send,a->b,intranode,8,100,8.80270000039e-07,4.40135000019e-07,18.1762413797,2.07870000963e-05
0,1,send,b->a,intranode,8,100,8.9470000006e-07,4.4735000003e-07,17.8830893025,2.04309998537e-05
0,1,isend,a->b,intranode,8,100,8.91889999934e-07,4.45944999967e-07,17.9394319941,1.93280000076e-05
0,1,isend,b->a,intranode,8,100,9.09529999831e-07,4.54764999915e-07,17.5915033072,1.92189998813e-05
0,1,bsend,a->b,intranode,8,100,1.04579000009e-06,5.22895000046e-07,15.2994387005,2.91119999929e-05
0,1,bsend,b->a,intranode,8,100,1.06232999997e-06,5.31164999984e-07,15.0612333272,3.06449999528e-05
0,1,ssend,a->b,intranode,8,100,1.63482000005e-06,8.17410000025e-07,9.78701019043,0.000127559000106
0,1,ssend,b->a,intranode,8,100,1.60875999995e-06,8.04379999977e-07,9.94554812431,0.000126236999932
0,1,send,a->b,intranode,16,100,8.76169999913e-07,4.38084999956e-07,36.5225926512,1.92969999091e-05
0,1,send,b->a,intranode,16,100,8.81980000145e-07,4.40990000072e-07,36.2820018535,1.97450000314e-05
0,1,isend,a->b,intranode,16,100,9.10340000075e-07,4.55170000038e-07,35.1517015591,1.96770002674e-05
0,1,isend,b->a,intranode,16,100,9.36779999847e-07,4.68389999924e-07,34.159567887,2.00900001914e-05
0,1,bsend,a->b,intranode,16,100,1.06172000017e-06,5.30860000083e-07,30.1397731935,3.06500000136e-05
0,1,bsend,b->a,intranode,16,100,1.11492999991e-06,5.57464999957e-07,28.7013534504,3.36450000589e-05
0,1,ssend,a->b,intranode,16,100,1.59844000024e-06,7.99220000118e-07,20.0195190281,0.000122906000001
0,1,ssend,b->a,intranode,16,100,1.63821000001e-06,8.19105000005e-07,19.5335152391,0.000131761999938
0,1,send,a->b,intranode,32,100,1.05681000008e-06,5.2840500004e-07,60.559608629,2.51859999878e-05
0,1,send,b->a,intranode,32,100,1.03426999999e-06,5.17134999996e-07,61.8793931957,2.70460000422e-05
0,1,isend,a->b,intranode,32,100,1.00330999999e-06,5.01654999994e-07,63.7888588779,2.17219999001e-05
0,1,isend,b->a,intranode,32,100,1.06481999978e-06,5.32409999892e-07,60.1040551577,2.28879999611e-05
0,1,bsend,a->b,intranode,32,100,1.17974999995e-06,5.89874999974e-07,54.2487815239,3.53699999494e-05
0,1,bsend,b->a,intranode,32,100,1.20670000001e-06,6.03350000006e-07,53.0372089164,3.72259999892e-05
0,1,ssend,a->b,intranode,32,100,1.6770900001e-06,8.3854500005e-07,38.1613389837,0.000129646999881
0,1,ssend,b->a,intranode,32,100,1.62199000016e-06,8.1099500008e-07,39.4577031879,0.000125529999906
0,1,send,a->b,intranode,64,100,1.18696000015e-06,5.93480000077e-07,107.838511814,2.8518999784e-05
0,1,send,b->a,intranode,64,100,1.16651999974e-06,5.83259999871e-07,109.728080126,3.40690000371e-05
0,1,isend,a->b,intranode,64,100,1.05160000004e-06,5.2580000002e-07,121.719284895,2.11739998122e-05
0,1,isend,b->a,intranode,64,100,1.06071999994e-06,5.30359999971e-07,120.672750591,2.10579999873e-05
0,1,bsend,a->b,intranode,64,100,1.31841000012e-06,6.59205000062e-07,97.0866422342,4.17850001497e-05
0,1,bsend,b->a,intranode,64,100,1.38012999997e-06,6.90064999986e-07,92.7448863531,4.40019998962e-05
0,1,ssend,a->b,intranode,64,100,1.72729000013e-06,8.63645000067e-07,74.104522107,0.000133632999848
0,1,ssend,b->a,intranode,64,100,1.71686999977e-06,8.58434999884e-07,74.5542761055,0.000135238000126
0,1,send,a->b,intranode,128,100,1.24837000016e-06,6.24185000078e-07,205.067407874,3.58149999045e-05
0,1,send,b->a,intranode,128,100,1.23905000009e-06,6.19525000047e-07,206.609902732,3.28370001057e-05
0,1,isend,a->b,intranode,128,100,1.05471000012e-06,5.2735500006e-07,242.720747856,2.21669999121e-05
0,1,isend,b->a,intranode,128,100,1.03467000002e-06,5.17335000012e-07,247.4218833,2.09690000474e-05
0,1,bsend,a->b,intranode,128,100,1.37340999999e-06,6.86704999993e-07,186.397361314,4.73929998179e-05
0,1,bsend,b->a,intranode,128,100,1.41409000008e-06,7.07045000041e-07,181.035153339,4.27999997896e-05
0,1,ssend,a->b,intranode,128,100,1.80273000012e-06,9.01365000061e-07,142.006845164,0.000144557000169
0,1,ssend,b->a,intranode,128,100,1.76476000007e-06,8.82380000036e-07,145.062218086,0.00013825500011
0,1,send,a->b,intranode,256,100,1.32130999987e-06,6.60654999933e-07,387.494229251,3.23919999516e-05
0,1,send,b->a,intranode,256,100,1.1308500001e-06,5.65425000048e-07,452.756775838,3.29639999563e-05
0,1,isend,a->b,intranode,256,100,1.2498800001e-06,6.24940000051e-07,409.639325342,3.21889999668e-05
0,1,isend,b->a,intranode,256,100,1.23785e-06,6.18924999998e-07,413.620390194,3.32840000397e-05
0,1,bsend,a->b,intranode,256,100,1.40607999981e-06,7.03039999905e-07,364.132908561,4.32919999014e-05
0,1,bsend,b->a,intranode,256,100,1.47751000014e-06,7.38755000071e-07,346.528957469,4.50660000695e-05
0,1,ssend,a->b,intranode,256,100,1.80693999994e-06,9.03469999969e-07,283.351965211,0.000144829999925
0,1,ssend,b->a,intranode,256,100,1.77207999997e-06,8.86039999983e-07,288.926007861,0.000140184999793
0,1,send,a->b,intranode,512,100,1.62869999997e-06,8.14349999985e-07,628.722293866,3.31250000727e-05
0,1,send,b->a,intranode,512,100,1.33925e-06,6.69625e-07,764.607056188,3.54630000459e-05
0,1,isend,a->b,intranode,512,100,1.42481000012e-06,7.12405000058e-07,718.692316811,3.21840000197e-05
0,1,isend,b->a,intranode,512,100,1.3872400001e-06,6.9362000005e-07,738.156339153,3.39769998732e-05
0,1,bsend,a->b,intranode,512,100,1.58241000008e-06,7.91205000041e-07,647.114211833,4.34300000336e-05
0,1,bsend,b->a,intranode,512,100,1.68049999985e-06,8.40249999925e-07,609.342457656,4.89549999543e-05
0,1,ssend,a->b,intranode,512,100,1.88339000005e-06,9.41695000023e-07,543.700455017,0.000148959000057
0,1,ssend,b->a,intranode,512,100,1.99579999986e-06,9.9789999993e-07,513.077462707,0.000158691000081
0,1,send,a->b,intranode,1024,100,1.84982999997e-06,9.24914999985e-07,1107.1287632,4.2971000255e-05
0,1,send,b->a,intranode,1024,100,1.74893000008e-06,8.74465000038e-07,1171.00169813,5.0049999885e-05
0,1,isend,a->b,intranode,1024,100,1.61507000001e-06,8.07535000007e-07,1268.0564929,3.97940000312e-05
0,1,isend,b->a,intranode,1024,100,1.59593999996e-06,7.97969999979e-07,1283.2562628,3.80070000574e-05
0,1,bsend,a->b,intranode,1024,100,1.79360999994e-06,8.96804999968e-07,1141.83127886,5.15079999275e-05
0,1,bsend,b->a,intranode,1024,100,1.83378999992e-06,9.16894999961e-07,1116.81272124,5.19470000881e-05
0,1,ssend,a->b,intranode,1024,100,2.07264000011e-06,1.03632000005e-06,988.111780094,0.000161337000094
0,1,ssend,b->a,intranode,1024,100,2.06122000009e-06,1.03061000004e-06,993.586322621,0.000160238000063
0,1,send,a->b,intranode,2048,100,3.13487e-06,1.567435e-06,1306.59325586,7.13870000482e-05
0,1,send,b->a,intranode,2048,100,2.22302999987e-06,1.11151499993e-06,1842.53024037,6.49269998974e-05
0,1,isend,a->b,intranode,2048,100,2.02905999998e-06,1.01452999999e-06,2018.66874318,5.47540000753e-05
0,1,isend,b->a,intranode,2048,100,1.9741600002e-06,9.87080000101e-07,2074.80649977,5.19090001205e-05
0,1,bsend,a->b,intranode,2048,100,2.19858999998e-06,1.09929499999e-06,1863.01220329,6.65489999392e-05
0,1,bsend,b->a,intranode,2048,100,2.23285000004e-06,1.11642500002e-06,1834.42685354,6.55709998227e-05
0,1,ssend,a->b,intranode,2048,100,2.24056999997e-06,1.12028499998e-06,1828.10624085,0.000135466999978
0,1,ssend,b->a,intranode,2048,100,2.32952999994e-06,1.16476499997e-06,1758.29459166,0.000156092000026
0,1,send,a->b,intranode,4096,100,4.51930999986e-06,2.25965499993e-06,1812.66609289,0.000173577000055
0,1,send,b->a,intranode,4096,100,3.23976999994e-06,1.61988499997e-06,2528.57455935,9.75519999997e-05
0,1,isend,a->b,intranode,4096,100,3.02575999996e-06,1.51287999998e-06,2707.41896255,9.20479999138e-05
0,1,isend,b->a,intranode,4096,100,2.98519000012e-06,1.49259500006e-06,2744.21393602,7.82090001508e-05
0,1,bsend,a->b,intranode,4096,100,3.06843999994e-06,1.53421999997e-06,2669.76052984,9.49280001237e-05
0,1,bsend,b->a,intranode,4096,100,3.11052000001e-06,1.55526e-06,2633.64324935,9.17909999885e-05
0,1,ssend,a->b,intranode,4096,100,3.20911000017e-06,1.60455500009e-06,2552.73268899,0.000193772999921
0,1,ssend,b->a,intranode,4096,100,3.25289000017e-06,1.62644500008e-06,2518.37596709,0.00019169099977
0,1,send,a->b,intranode,8192,100,4.27693999995e-06,2.13846999998e-06,3830.7762092,0.000265313999904
0,1,send,b->a,intranode,8192,100,4.16922999989e-06,2.08461499994e-06,3929.74242257,0.000253348000285
0,1,isend,a->b,intranode,8192,100,4.17916000004e-06,2.08958000002e-06,3920.40505744,2.94159999044e-05
0,1,isend,b->a,intranode,8192,100,4.13396999988e-06,2.06698499994e-06,3963.26049789,2.80660001977e-05
0,1,bsend,a->b,intranode,8192,100,5.22965999977e-06,2.61482999989e-06,3132.89965327,0.000145047999979
0,1,bsend,b->a,intranode,8192,100,4.98419000024e-06,2.49209500012e-06,3287.19410761,0.000128718999946
0,1,ssend,a->b,intranode,8192,100,5.75064000003e-06,2.87532000002e-06,2849.07418999,0.000318846000027
0,1,ssend,b->a,intranode,8192,100,5.94662000026e-06,2.97331000013e-06,2755.17857191,0.000313840000047
0,1,send,a->b,intranode,16384,100,6.41410999975e-06,3.20705499988e-06,5108.73683196,0.000365754000029
0,1,send,b->a,intranode,16384,100,6.42513000003e-06,3.21256500001e-06,5099.97463084,0.000374154000014
0,1,isend,a->b,intranode,16384,100,6.38425000005e-06,3.19212500003e-06,5132.63108427,2.78699998262e-05
0,1,isend,b->a,intranode,16384,100,6.45068000011e-06,3.22534000006e-06,5079.77453531,2.8119000234e-05
0,1,bsend,a->b,intranode,16384,100,8.18549000002e-06,4.09274500001e-06,4003.18123899,0.000239831999977
0,1,bsend,b->a,intranode,16384,100,8.33586999988e-06,4.16793499994e-06,3930.96341479,0.00023418300006
0,1,ssend,a->b,intranode,16384,100,9.1444100002e-06,4.5722050001e-06,3583.39138329,0.000493780999903
0,1,ssend,b->a,intranode,16384,100,9.1755699998e-06,4.5877849999e-06,3571.22227837,0.000480398999997
0,1,send,a->b,intranode,32768,100,1.11530299998e-05,5.57651499989e-06,5876.07134575,0.00059628799994
0,1,send,b->a,intranode,32768,100,1.12220599999e-05,5.61102999995e-06,5839.92600294,0.000620606000012
0,1,isend,a->b,intranode,32768,100,1.10931200001e-05,5.54656000006e-06,5907.80591929,2.73649997951e-05
0,1,isend,b->a,intranode,32768,100,1.10663700002e-05,5.5331850001e-06,5922.08646546,2.81670000106e-05
0,1,bsend,a->b,intranode,32768,100,1.370839e-05,6.85419500002e-06,4780.72187907,0.000443582000031
0,1,bsend,b->a,intranode,32768,100,1.38877399999e-05,6.94386999996e-06,4718.98235425,0.000432457000102
0,1,ssend,a->b,intranode,32768,100,1.58430599998e-05,7.92152999992e-06,4136.57462641,0.000825481000163
0,1,ssend,b->a,intranode,32768,100,1.59520700001e-05,7.97603500004e-06,4108.30694698,0.000835014000131
0,1,send,a->b,intranode,65536,100,2.03669699999e-05,1.0183485e-05,6435.51789983,0.00105051900007
0,1,send,b->a,intranode,65536,100,2.03554500001e-05,1.01777250001e-05,6439.16002836,0.00108956700004
0,1,isend,a->b,intranode,65536,100,2.01206999998e-05,1.00603499999e-05,6514.28628236,2.77610000126e-05
0,1,isend,b->a,intranode,65536,100,2.01086800001e-05,1.00543400001e-05,6518.1802087,2.84019999697e-05
0,1,bsend,a->b,intranode,65536,100,2.46840900002e-05,1.23420450001e-05,5309.97901884,0.000796696000123
0,1,bsend,b->a,intranode,65536,100,2.45708700001e-05,1.22854350001e-05,5334.446847,0.000812255000085
0,1,ssend,a->b,intranode,65536,100,2.829005e-05,1.4145025e-05,4633.14840378,0.00145195300007
0,1,ssend,b->a,intranode,65536,100,2.83928500002e-05,1.41964250001e-05,4616.37348836,0.0014603190001
0,1,send,a->b,intranode,131072,100,3.800455e-05,1.9002275e-05,6897.70040692,0.00190076899997
0,1,send,b->a,intranode,131072,100,3.80286000001e-05,1.90143e-05,6893.33817178,0.00200953100017
0,1,isend,a->b,intranode,131072,100,3.803901e-05,1.9019505e-05,6891.45169657,2.86410000285e-05
0,1,isend,b->a,intranode,131072,100,3.801517e-05,1.9007585e-05,6895.77345044,2.95709999989e-05
0,1,bsend,a->b,intranode,131072,100,4.58726300002e-05,2.29363150001e-05,5714.60585536,0.001504141
0,1,bsend,b->a,intranode,131072,100,4.575571e-05,2.2877855e-05,5729.20844196,0.00151423700009
0,1,ssend,a->b,intranode,131072,100,3.80123599999e-05,1.90061799999e-05,6896.28320896,0.00194472200002
0,1,ssend,b->a,intranode,131072,100,3.905605e-05,1.9528025e-05,6711.99468456,0.00197076599991
0,1,send,a->b,intranode,262144,100,7.289015e-05,3.6445075e-05,7192.85116028,0.00367347799991
0,1,send,b->a,intranode,262144,100,7.250443e-05,3.6252215e-05,7231.11677452,0.00372025299993
0,1,isend,a->b,intranode,262144,100,7.304936e-05,3.652468e-05,7177.17444753,2.82909999783e-05
0,1,isend,b->a,intranode,262144,100,7.28598000001e-05,3.64299e-05,7195.84736713,2.86999999162e-05
0,1,bsend,a->b,intranode,262144,100,8.559053e-05,4.2795265e-05,6125.53748645,0.00269887300004
0,1,bsend,b->a,intranode,262144,100,8.573351e-05,4.2866755e-05,6115.32176859,0.0027995370001
0,1,ssend,a->b,intranode,262144,100,7.1859e-05,3.59295e-05,7296.06590685,0.0036463430001
0,1,ssend,b->a,intranode,262144,100,7.29018800001e-05,3.64509400001e-05,7191.69382187,0.0036624039999
0,1,send,a->b,intranode,524288,100,0.00014197797,7.0988985e-05,7385.48381837,0.00708195500002
0,1,send,b->a,intranode,524288,100,0.00014082708,7.04135399999e-05,7445.84067213,0.00710264399999
0,1,isend,a->b,intranode,524288,100,0.00014180905,7.09045249999e-05,7394.28125356,4.2537999974e-05
0,1,isend,b->a,intranode,524288,100,0.00014152982,7.07649100001e-05,7408.86973501,3.80609999695e-05
0,1,bsend,a->b,intranode,524288,100,0.00016840538,8.42026900001e-05,6226.49941468,0.00532205900009
0,1,bsend,b->a,intranode,524288,100,0.00016850157,8.42507850001e-05,6222.94498501,0.00537469600016
0,1,ssend,a->b,intranode,524288,100,0.00014040668,7.020334e-05,7468.13470698,0.0070949589998
0,1,ssend,b->a,intranode,524288,100,0.00014175625,7.0878125e-05,7397.03540408,0.00707666899999
0,1,send,a->b,intranode,1048576,100,0.00027357549,0.000136787745,7665.71596015,0.0134823349998
0,1,send,b->a,intranode,1048576,100,0.000272736,0.000136368,7689.31127537,0.0138345480001
0,1,isend,a->b,intranode,1048576,100,0.00027360164,0.00013680082,7664.98329469,3.91140002876e-05
0,1,isend,b->a,intranode,1048576,100,0.00027265704,0.00013632852,7691.53805821,3.86580000225e-05
0,1,bsend,a->b,intranode,1048576,100,0.00033143514,0.00016571757,6327.48838883,0.0105818960002
0,1,bsend,b->a,intranode,1048576,100,0.00033236349,0.000166181745,6309.81459485,0.0105862350003
0,1,ssend,a->b,intranode,1048576,100,0.00028386648,0.00014193324,7387.81134003,0.014320619
0,1,ssend,b->a,intranode,1048576,100,0.00028556652,0.00014278326,7343.83008204,0.0142615210001
0,1,send,a->b,intranode,2097152,100,0.0005354469,0.00026772345,7833.27721199,0.0262835959999
0,1,send,b->a,intranode,2097152,100,0.00053730464,0.00026865232,7806.1935218,0.027377042
0,1,isend,a->b,intranode,2097152,100,0.00053692693,0.000268463465,7811.68491586,3.79419999206e-05
0,1,isend,b->a,intranode,2097152,100,0.00053768477,0.000268842385,7800.67473364,3.85959999107e-05
0,1,bsend,a->b,intranode,2097152,100,0.00065783589,0.000328917945,6375.91238751,0.0207139439999
0,1,bsend,b->a,intranode,2097152,100,0.00066092687,0.000330463435,6346.09393321,0.0210819460001
0,1,ssend,a->b,intranode,2097152,100,0.00056477053,0.000282385265,7426.56313884,0.0284742529999
0,1,ssend,b->a,intranode,2097152,100,0.00056903024,0.00028451512,7370.96854466,0.02865175
0,1,send,a->b,intranode,4194304,100,0.00104962652,0.00052481326,7991.99319011,0.0514593379999
0,1,send,b->a,intranode,4194304,100,0.00106276013,0.000531380065,7893.22798551,0.054113475
0,1,isend,a->b,intranode,4194304,100,0.00106947191,0.000534735955,7843.6917525,3.73409998815e-05
0,1,isend,b->a,intranode,4194304,100,0.00107085964,0.00053542982,7833.52709044,3.80589999907e-05
0,1,bsend,a->b,intranode,4194304,100,0.00132630072,0.00066315036,6324.81598894,0.0403502549998
0,1,bsend,b->a,intranode,4194304,100,0.00133009804,0.00066504902,6306.7591619,0.043197536
0,1,ssend,a->b,intranode,4194304,100,0.00113362031,0.000566810155,7399.83919307,0.057055429
0,1,ssend,b->a,intranode,4194304,100,0.00113833349,0.000569166745,7369.20074275,0.057101622
0,1,send,a->b,intranode,8388608,100,0.00212292841,0.001061464205,7902.86470376,0.104701971
0,1,send,b->a,intranode,8388608,100,0.0022414822,0.0011207411,7484.87585581,0.109284485
0,1,isend,a->b,intranode,8388608,100,0.00227233514,0.00113616757,7383.24893396,3.40759999915e-05
0,1,isend,b->a,intranode,8388608,100,0.00228541453,0.001142707265,7340.99472099,3.89270000198e-05
0,1,bsend,a->b,intranode,8388608,100,0.0028005102,0.0014002551,5990.77125304,0.0946370320001
0,1,bsend,b->a,intranode,8388608,100,0.00281728843,0.001408644215,5955.09349392,0.0888494770001
0,1,ssend,a->b,intranode,8388608,100,0.00225863816,0.00112931908,7428.02291094,0.114157941
0,1,ssend,b->a,intranode,8388608,100,0.0022656445,0.00113282225,7405.05229307,0.113441703
0,1,send,a->b,intranode,16777216,100,0.00288699463,0.001443497315,11622.6167002,0.141515921
0,1,send,b->a,intranode,16777216,100,0.00302559929,0.001512799645,11090.1771133,0.147329521
0,1,isend,a->b,intranode,16777216,100,0.00311149379,0.001555746895,10784.0266652,3.38349998685e-05
0,1,isend,b->a,intranode,16777216,100,0.00309300961,0.001546504805,10848.4732448,3.13709999773e-05
0,1,bsend,a->b,intranode,16777216,100,0.00438786696,0.00219393348,7647.09420452,0.128077765
0,1,bsend,b->a,intranode,16777216,100,0.00441734749,0.002208673745,7596.05896434,0.131229042
0,1,ssend,a->b,intranode,16777216,100,0.0045049751,0.00225248755,7448.30576311,0.225636034
0,1,ssend,b->a,intranode,16777216,100,0.00449924839,0.002249624195,7457.78607702,0.224586722
0,1,send,a->b,intranode,33554432,100,0.0043075938,0.0021537969,15579.1996915,0.215151724
0,1,send,b->a,intranode,33554432,100,0.00437519242,0.00218759621,15338.494301,0.213248216
0,1,isend,a->b,intranode,33554432,100,0.00438284099,0.002191420495,15311.726835,4.37769999735e-05
0,1,isend,b->a,intranode,33554432,100,0.00438951098,0.00219475549,15288.4602193,3.40100000074e-05
0,1,bsend,a->b,intranode,33554432,100,0.00729034615,0.003645173075,9205.16839931,0.193707266
0,1,bsend,b->a,intranode,33554432,100,0.00731099457,0.003655497285,9179.17026985,0.194052281
0,1,ssend,a->b,intranode,33554432,100,0.00841633666,0.00420816833,7973.64301252,0.4209632
0,1,ssend,b->a,intranode,33554432,100,0.00839671453,0.004198357265,7992.27647436,0.420970754
0,2,send,a->b,internode,1,100,3.93228999997e-06,1.96614499998e-06,0.508609487097,2.09019999602e-05
0,2,send,b->a,internode,1,100,3.91014000002e-06,1.95507000001e-06,0.511490637162,2.20950000198e-05
0,2,isend,a->b,internode,1,100,3.81427000008e-06,1.90713500004e-06,0.524346729508,2.20009998486e-05
0,2,isend,b->a,internode,1,100,3.82727999977e-06,1.91363999988e-06,0.5225643277,2.30150000391e-05
0,2,bsend,a->b,internode,1,100,4.06053000006e-06,2.03026500003e-06,0.492546539484,3.15940000348e-05
0,2,bsend,b->a,internode,1,100,4.22004000001e-06,2.11002e-06,0.473929157069,3.7204000165e-05
0,2,ssend,a->b,internode,1,100,7.46031000006e-06,3.73015500003e-06,0.268085374466,0.000514315999993
0,2,ssend,b->a,internode,1,100,7.44034000007e-06,3.72017000004e-06,0.268804920203,0.000513934000168
0,2,send,a->b,internode,2,100,3.90282999973e-06,1.95141499987e-06,1.02489731817,2.45150000922e-05
0,2,send,b->a,internode,2,100,3.90754000023e-06,1.95377000011e-06,1.02366194582,2.68439999047e-05
0,2,isend,a->b,internode,2,100,3.91235999984e-06,1.95617999992e-06,1.0224008016,2.12900000065e-05
0,2,isend,b->a,internode,2,100,3.92436999988e-06,1.96218499994e-06,1.01927188316,2.54079999422e-05
0,2,bsend,a->b,internode,2,100,3.99802000004e-06,1.99901000002e-06,1.00049524514,3.20990000375e-05
0,2,bsend,b->a,internode,2,100,4.00431999992e-06,2.00215999996e-06,0.998921165161,3.1618999941e-05
0,2,ssend,a->b,internode,2,100,7.45910999996e-06,3.72955499998e-06,0.536257006536,0.000513032000043
0,2,ssend,b->a,internode,2,100,7.44676000011e-06,3.72338000005e-06,0.53714635626,0.000514298000041
0,2,send,a->b,internode,4,100,3.82118000005e-06,1.91059000002e-06,2.09359412535,2.10299999992e-05
0,2,send,b->a,internode,4,100,3.84101000009e-06,1.92050500004e-06,2.0827855173,2.23809999795e-05
0,2,isend,a->b,internode,4,100,3.87939000007e-06,1.93969500003e-06,2.06217987876,2.14319999259e-05
0,2,isend,b->a,internode,4,100,3.8348999999e-06,1.91744999995e-06,2.08610394018,2.3349000088e-05
0,2,bsend,a->b,internode,4,100,4.02788000002e-06,2.01394000001e-06,1.98615648926,3.2078000288e-05
0,2,bsend,b->a,internode,4,100,3.99140000013e-06,1.99570000007e-06,2.00430926485,3.19109999509e-05
0,2,ssend,a->b,internode,4,100,7.49157000001e-06,3.74578500001e-06,1.06786694912,0.000515147000101
0,2,ssend,b->a,internode,4,100,7.45737999978e-06,3.72868999989e-06,1.07276282022,0.000513788999996
0,2,send,a->b,internode,8,100,3.82008000003e-06,1.91004000001e-06,4.18839396031,2.25730001659e-05
0,2,send,b->a,internode,8,100,3.81104999974e-06,1.90552499987e-06,4.19831804912,2.23019999055e-05
0,2,isend,a->b,internode,8,100,3.90073000005e-06,1.95036500003e-06,4.10179633037,2.18420000238e-05
0,2,isend,b->a,internode,8,100,3.89231000014e-06,1.94615500007e-06,4.11066949946,2.66320000151e-05
0,2,bsend,a->b,internode,8,100,4.03858999988e-06,2.01929499994e-06,3.96177873973,3.30540001414e-05
0,2,bsend,b->a,internode,8,100,4.00722999984e-06,2.00361499992e-06,3.9927830448,3.25200001043e-05
0,2,ssend,a->b,internode,8,100,7.54766999989e-06,3.77383499995e-06,2.11985950634,0.000518435999851
0,2,ssend,b->a,internode,8,100,7.52540999997e-06,3.76270499999e-06,2.12613000488,0.000518847000052
0,2,send,a->b,internode,16,100,3.79973999998e-06,1.89986999999e-06,8.42162884834,2.20570000238e-05
0,2,send,b->a,internode,16,100,3.80383999982e-06,1.90191999991e-06,8.41255152728,2.26209999994e-05
0,2,isend,a->b,internode,16,100,3.89821999988e-06,1.94910999994e-06,8.20887482004,2.19960000152e-05
0,2,isend,b->a,internode,16,100,3.92766999994e-06,1.96383499997e-06,8.1473239861,2.9697999878e-05
0,2,bsend,a->b,internode,16,100,4.02116000004e-06,2.01058000002e-06,7.95790269467,3.30159998043e-05
0,2,bsend,b->a,internode,16,100,4.0304800001e-06,2.01524000005e-06,7.93950100217,3.29379999471e-05
0,2,ssend,a->b,internode,16,100,7.51240999989e-06,3.75620499995e-06,4.25961841812,0.000516773000044
0,2,ssend,b->a,internode,16,100,7.52491000014e-06,3.76245500007e-06,4.25254255525,0.000518656000082
0,2,send,a->b,internode,32,100,3.8256900001e-06,1.91284500005e-06,16.7290083615,2.2219000158e-05
0,2,send,b->a,internode,32,100,3.83219000014e-06,1.91609500007e-06,16.7006333187,2.2376000004e-05
0,2,isend,a->b,internode,32,100,3.90492999998e-06,1.95246499999e-06,16.3895383529,2.38050001258e-05
0,2,isend,b->a,internode,32,100,3.91274999998e-06,1.95637499999e-06,16.3567823143,2.9794000028e-05
0,2,bsend,a->b,internode,32,100,4.02006000002e-06,2.01003000001e-06,15.9201603956,3.34780000344e-05
0,2,bsend,b->a,internode,32,100,4.03188000007e-06,2.01594000004e-06,15.873488298,3.27240001354e-05
0,2,ssend,a->b,internode,32,100,7.54005999994e-06,3.77002999997e-06,8.48799611681,0.00051748300001
0,2,ssend,b->a,internode,32,100,7.52250000005e-06,3.76125000003e-06,8.50780990357,0.000518625000069
0,2,send,a->b,internode,64,100,3.86727000006e-06,1.93363500003e-06,33.0982838018,2.285700009e-05
0,2,send,b->a,internode,64,100,3.85523000006e-06,1.92761500003e-06,33.2016507441,2.51489999528e-05
0,2,isend,a->b,internode,64,100,3.92417e-06,1.962085e-06,32.6183626091,2.27660000292e-05
0,2,isend,b->a,internode,64,100,3.92147000014e-06,1.96073500007e-06,32.6408209155,3.17530000302e-05
0,2,bsend,a->b,internode,64,100,4.0468100002e-06,2.0234050001e-06,31.6298516593,3.35929999835e-05
0,2,bsend,b->a,internode,64,100,4.03517999985e-06,2.01758999992e-06,31.7210136859,3.37039998044e-05
0,2,ssend,a->b,internode,64,100,7.53846000009e-06,3.76923000005e-06,16.9795953018,0.000514802999987
0,2,ssend,b->a,internode,64,100,7.56028000012e-06,3.78014000006e-06,16.9305898721,0.000517996000156
0,2,send,a->b,internode,128,100,4.87878999991e-06,2.43939499995e-06,52.4720268765,2.30470000986e-05
0,2,send,b->a,internode,128,100,4.86288000019e-06,2.43144000009e-06,52.6437008501,2.33129999856e-05
0,2,isend,a->b,internode,128,100,4.89170999998e-06,2.44585499999e-06,52.3334375916,2.50589999098e-05
0,2,isend,b->a,internode,128,100,4.93702e-06,2.46851e-06,51.8531421789,2.37029999823e-05
0,2,bsend,a->b,internode,128,100,5.09469999997e-06,2.54734999999e-06,50.2482972504,3.39250000252e-05
0,2,bsend,b->a,internode,128,100,5.09703000006e-06,2.54851500003e-06,50.2253272979,3.35159998883e-05
0,2,ssend,a->b,internode,128,100,7.54866999984e-06,3.77433499992e-06,33.9132588927,0.000514544000112
0,2,ssend,b->a,internode,128,100,7.51599000012e-06,3.75799500006e-06,34.0607158865,0.000513049999967
0,2,send,a->b,internode,256,100,5.02697000002e-06,2.51348500001e-06,101.850617767,0.000301224999873
0,2,send,b->a,internode,256,100,4.97810000013e-06,2.48905000007e-06,102.850485122,0.000299957999886
0,2,isend,a->b,internode,256,100,5.0070399999e-06,2.50351999995e-06,102.256023521,1.99780000116e-05
0,2,isend,b->a,internode,256,100,4.96287000004e-06,2.48143500002e-06,103.166111543,1.97589998834e-05
0,2,bsend,a->b,internode,256,100,5.38825999996e-06,2.69412999998e-06,95.0213983742,4.2924999974e-05
0,2,bsend,b->a,internode,256,100,5.4011200001e-06,2.70056000005e-06,94.795153596,4.08180000875e-05
0,2,ssend,a->b,internode,256,100,7.4880599999e-06,3.74402999995e-06,68.3755204962,0.000513947999963
0,2,ssend,b->a,internode,256,100,7.48032000018e-06,3.74016000009e-06,68.4462696766,0.000512832999902
0,2,send,a->b,internode,512,100,5.06514999984e-06,2.53257499992e-06,202.165779895,0.000305497999818
0,2,send,b->a,internode,512,100,5.09131000001e-06,2.54565500001e-06,201.12701839,0.000305206000206
0,2,isend,a->b,internode,512,100,5.07467000006e-06,2.53733500003e-06,201.786520106,2.00689999303e-05
0,2,isend,b->a,internode,512,100,5.04403000008e-06,2.52201500004e-06,203.012273913,1.98699999316e-05
0,2,bsend,a->b,internode,512,100,5.46391e-06,2.731955e-06,187.411578888,4.31829999172e-05
0,2,bsend,b->a,internode,512,100,5.49138999986e-06,2.74569499993e-06,186.473734342,4.19810001517e-05
0,2,ssend,a->b,internode,512,100,7.56650999989e-06,3.78325499995e-06,135.333198531,0.000518789000012
0,2,ssend,b->a,internode,512,100,7.56228e-06,3.78114e-06,135.408897846,0.000518108999984
0,2,send,a->b,internode,1024,100,5.20601999995e-06,2.60300999997e-06,393.39072843,0.000313362999862
0,2,send,b->a,internode,1024,100,5.22538000013e-06,2.61269000006e-06,391.933218244,0.000309257000112
0,2,isend,a->b,internode,1024,100,5.23147000024e-06,2.61573500012e-06,391.476965347,2.0118000009e-05
0,2,isend,b->a,internode,1024,100,5.22406999977e-06,2.61203499988e-06,392.031500361,1.99340001927e-05
0,2,bsend,a->b,internode,1024,100,5.60758999995e-06,2.80379499998e-06,365.219283153,4.27449998881e-05
0,2,bsend,b->a,internode,1024,100,5.63176000014e-06,2.81588000007e-06,363.651860155,4.25329998279e-05
0,2,ssend,a->b,internode,1024,100,7.72181000002e-06,3.86090500001e-06,265.222791029,0.000528431000021
0,2,ssend,b->a,internode,1024,100,7.70696000018e-06,3.85348000009e-06,265.733830194,0.000527263000123
0,2,send,a->b,internode,2048,100,5.53794000012e-06,2.76897000006e-06,739.625203579,0.000326345000076
0,2,send,b->a,internode,2048,100,5.48587999987e-06,2.74293999993e-06,746.644111811,0.000326797999804
0,2,isend,a->b,internode,2048,100,5.57501999992e-06,2.78750999996e-06,734.705884473,2.02760001287e-05
0,2,isend,b->a,internode,2048,100,5.52115000005e-06,2.76057500002e-06,741.874428328,1.98109997598e-05
0,2,bsend,a->b,internode,2048,100,6.23938000018e-06,3.11969000009e-06,656.475483122,5.52369999411e-05
0,2,bsend,b->a,internode,2048,100,6.22630999999e-06,3.11315499999e-06,657.853528014,4.99640001124e-05
0,2,ssend,a->b,internode,2048,100,7.94783999993e-06,3.97391999996e-06,515.360148171,0.00053546500007
0,2,ssend,b->a,internode,2048,100,7.93149000003e-06,3.96574500002e-06,516.422513296,0.000535282999721
0,2,send,a->b,internode,4096,100,5.77069999991e-06,2.88534999996e-06,1419.58514567,0.000332906000011
0,2,send,b->a,internode,4096,100,5.75659999981e-06,2.87829999991e-06,1423.06222428,0.000331392000021
0,2,isend,a->b,internode,4096,100,5.77950999997e-06,2.88975499998e-06,1417.42120007,2.06220001928e-05
0,2,isend,b->a,internode,4096,100,5.75088999994e-06,2.87544499997e-06,1424.47516821,2.06290001188e-05
0,2,bsend,a->b,internode,4096,100,6.7599800002e-06,3.3799900001e-06,1211.83790481,6.53239999622e-05
0,2,bsend,b->a,internode,4096,100,6.7457099999e-06,3.37285499995e-06,1214.40144923,6.02249999986e-05
0,2,ssend,a->b,internode,4096,100,8.20732999983e-06,4.10366499992e-06,998.132157494,0.000547867000023
0,2,ssend,b->a,internode,4096,100,8.20822999998e-06,4.10411499999e-06,998.022716228,0.000550421999947
0,2,send,a->b,internode,8192,100,6.35720999981e-06,3.1786049999e-06,2577.23120685,0.000363384000053
0,2,send,b->a,internode,8192,100,6.36528000001e-06,3.18264000001e-06,2573.96375336,0.000360251000018
0,2,isend,a->b,internode,8192,100,6.35180000017e-06,3.17590000009e-06,2579.42630428,2.05440001366e-05
0,2,isend,b->a,internode,8192,100,6.30435999994e-06,3.15217999997e-06,2598.83636089,2.0385000056e-05
0,2,bsend,a->b,internode,8192,100,7.84844999998e-06,3.92422499999e-06,2087.54594857,8.66609998695e-05
0,2,bsend,b->a,internode,8192,100,7.91886999991e-06,3.95943499996e-06,2068.98206438,8.81469998717e-05
0,2,ssend,a->b,internode,8192,100,8.81488999994e-06,4.40744499997e-06,1858.67322225,0.000580600000035
0,2,ssend,b->a,internode,8192,100,8.75278000024e-06,4.37639000012e-06,1871.86242537,0.000574191000084
0,2,send,a->b,internode,16384,100,7.01746999994e-06,3.50873499997e-06,4669.48914642,0.000395515000065
0,2,send,b->a,internode,16384,100,7.05291000003e-06,3.52645500001e-06,4646.02554121,0.000395907999945
0,2,isend,a->b,internode,16384,100,7.02497999981e-06,3.51248999991e-06,4664.4972656,2.0600000056e-05
0,2,isend,b->a,internode,16384,100,7.00451e-06,3.502255e-06,4678.12880558,2.05409999694e-05
0,2,bsend,a->b,internode,16384,100,9.49087999999e-06,4.74543999999e-06,3452.57763243,0.000131710000034
0,2,bsend,b->a,internode,16384,100,9.46986000002e-06,4.73493000001e-06,3460.24122848,0.00013139699999
0,2,ssend,a->b,internode,16384,100,9.50581000012e-06,4.75290500006e-06,3447.15495045,0.000617699000003
0,2,ssend,b->a,internode,16384,100,9.56946000002e-06,4.78473000001e-06,3424.22665437,0.000615163000106
0,2,send,a->b,internode,32768,100,1.21621700001e-05,6.08108500003e-06,5388.51208293,0.000676332999973
0,2,send,b->a,internode,32768,100,1.21619499998e-05,6.08097499992e-06,5388.60955693,0.000675706000038
0,2,isend,a->b,internode,32768,100,1.22143600001e-05,6.10718000004e-06,5365.48783559,2.2457e-05
0,2,isend,b->a,internode,32768,100,1.21918100001e-05,6.09590500005e-06,5375.41185431,2.20340000112e-05
0,2,bsend,a->b,internode,32768,100,1.56714500002e-05,7.83572500012e-06,4181.87213047,0.000181118000143
0,2,bsend,b->a,internode,32768,100,1.568384e-05,7.84191999998e-06,4178.56851385,0.000180185999966
0,2,ssend,a->b,internode,32768,100,1.456735e-05,7.28367500002e-06,4498.82785817,0.000871129999837
0,2,ssend,b->a,internode,32768,100,1.46115699999e-05,7.30578499997e-06,4485.21274581,0.000869635000043
0,2,send,a->b,internode,65536,100,1.48789400001e-05,7.43947000004e-06,8809.22968971,0.000827729000036
0,2,send,b->a,internode,65536,100,1.48895199999e-05,7.44475999994e-06,8802.97014283,0.000824853999973
0,2,isend,a->b,internode,65536,100,1.48753399998e-05,7.43766999989e-06,8811.36162279,2.23029999802e-05
0,2,isend,b->a,internode,65536,100,1.489402e-05,7.44701000002e-06,8800.31046015,2.25590000298e-05
0,2,bsend,a->b,internode,65536,100,2.07473200001e-05,1.03736600001e-05,6317.53884354,0.000301240000141
0,2,bsend,b->a,internode,65536,100,2.069581e-05,1.0347905e-05,6333.26262659,0.000295564000112
0,2,ssend,a->b,internode,65536,100,1.72634899999e-05,8.63174499997e-06,7592.43930401,0.00100418599988
0,2,ssend,b->a,internode,65536,100,1.72709999998e-05,8.63549999991e-06,7589.13786123,0.00100543299999
0,2,send,a->b,internode,131072,100,2.03308200003e-05,1.01654100001e-05,12893.921642,0.0010995450001
0,2,send,b->a,internode,131072,100,2.032028e-05,1.016014e-05,12900.6096373,0.00109551099987
0,2,isend,a->b,internode,131072,100,2.03588900001e-05,1.01794450001e-05,12876.1440333,2.25259998956e-05
0,2,isend,b->a,internode,131072,100,2.030746e-05,1.015373e-05,12908.7537289,2.22080000185e-05
0,2,bsend,a->b,internode,131072,100,3.12589399999e-05,1.562947e-05,8386.20887338,0.000573900999996
0,2,bsend,b->a,internode,131072,100,3.14442299998e-05,1.57221149999e-05,8336.79183754,0.000557821000001
0,2,ssend,a->b,internode,131072,100,2.26676700001e-05,1.1333835e-05,11564.6645641,0.001272382
0,2,ssend,b->a,internode,131072,100,2.26422599999e-05,1.132113e-05,11577.6428678,0.00127369200032
0,2,send,a->b,internode,262144,100,3.11517499998e-05,1.55758749999e-05,16830.1299286,0.00164319699988
0,2,send,b->a,internode,262144,100,3.106019e-05,1.5530095e-05,16879.7422038,0.00164337600015
0,2,isend,a->b,internode,262144,100,3.10186900001e-05,1.5509345e-05,16902.3256623,2.2352999963e-05
0,2,isend,b->a,internode,262144,100,3.09855500001e-05,1.5492775e-05,16920.4032202,2.20840000793e-05
0,2,bsend,a->b,internode,262144,100,5.40759099999e-05,2.7037955e-05,9695.4078073,0.00115373300005
0,2,bsend,b->a,internode,262144,100,5.419561e-05,2.7097805e-05,9673.99388992,0.00116108900008
0,2,ssend,a->b,internode,262144,100,3.33807799998e-05,1.66903899999e-05,15706.2836759,0.00180827299994
0,2,ssend,b->a,internode,262144,100,3.34310700001e-05,1.6715535e-05,15682.6568817,0.00181393999978
0,2,send,a->b,internode,524288,100,5.27552900002e-05,2.63776450001e-05,19876.2247349,0.00273990800005
0,2,send,b->a,internode,524288,100,5.27175600001e-05,2.63587800001e-05,19890.4501649,0.0027347620001
0,2,isend,a->b,internode,524288,100,5.255562e-05,2.627781e-05,19951.7387484,2.22289999954e-05
0,2,isend,b->a,internode,524288,100,5.25339000001e-05,2.626695e-05,19959.9877412,2.22979998625e-05
0,2,bsend,a->b,internode,524288,100,0.00010057218,5.02860900001e-05,10426.1039186,0.00240385600014
0,2,bsend,b->a,internode,524288,100,0.00010046493,5.0232465e-05,10437.2341672,0.00240674100033
0,2,ssend,a->b,internode,524288,100,5.49514799999e-05,2.747574e-05,19081.8518446,0.0028956969999
0,2,ssend,b->a,internode,524288,100,5.49665900002e-05,2.74832950001e-05,19076.606353,0.00289276699991
0,2,send,a->b,internode,1048576,100,9.64767799999e-05,4.823839e-05,21737.3755633,0.00494710499999
0,2,send,b->a,internode,1048576,100,9.64314500001e-05,4.82157250001e-05,21747.593757,0.00494292000005
0,2,isend,a->b,internode,1048576,100,9.584967e-05,4.7924835e-05,21879.5954123,2.26130001124e-05
0,2,isend,b->a,internode,1048576,100,9.581056e-05,4.790528e-05,21888.5266927,2.20559999775e-05
0,2,bsend,a->b,internode,1048576,100,0.00018855336,9.427668e-05,11122.3263271,0.00465679599986
0,2,bsend,b->a,internode,1048576,100,0.00018843527,9.4217635e-05,11129.2965484,0.00464643599994
0,2,ssend,a->b,internode,1048576,100,9.819725e-05,4.9098625e-05,21356.5247499,0.00505280699988
0,2,ssend,b->a,internode,1048576,100,9.81243199999e-05,4.90621599999e-05,21372.3977909,0.00504967300006
0,2,send,a->b,internode,2097152,100,0.00018355805,9.1779025e-05,22850.0139329,0.00934140999982
0,2,send,b->a,internode,2097152,100,0.00018357209,9.17860449999e-05,22848.2663133,0.00934080900004
0,2,isend,a->b,internode,2097152,100,0.00018210367,9.1051835e-05,23032.5067035,2.22990002783e-05
0,2,isend,b->a,internode,2097152,100,0.00018210104,9.105052e-05,23032.8393512,2.19569999445e-05
0,2,bsend,a->b,internode,2097152,100,0.00036635536,0.00018317768,11448.7310899,0.00927464600016
0,2,bsend,b->a,internode,2097152,100,0.00036452083,0.000182260415,11506.3493079,0.00911457499987
0,2,ssend,a->b,internode,2097152,100,0.00018451117,9.22555850001e-05,22731.978774,0.009380206
0,2,ssend,b->a,internode,2097152,100,0.00018448004,9.22400200001e-05,22735.8146713,0.00937759100006
0,2,send,a->b,internode,4194304,100,0.0003574569,0.00017872845,23467.4669869,0.018106092
0,2,send,b->a,internode,4194304,100,0.00035740801,0.000178704005,23470.6771121,0.0180924859999
0,2,isend,a->b,internode,4194304,100,0.0003547812,0.0001773906,23644.4546667,2.2432000037e-05
0,2,isend,b->a,internode,4194304,100,0.0003547553,0.00017737765,23646.1809027,2.21240000826e-05
0,2,bsend,a->b,internode,4194304,100,0.00072379902,0.00036189951,11589.6923983,0.0184999949999
0,2,bsend,b->a,internode,4194304,100,0.00072047744,0.00036023872,11643.1237597,0.018267368
0,2,ssend,a->b,internode,4194304,100,0.00035746371,0.000178731855,23467.0199109,0.018065608
0,2,ssend,b->a,internode,4194304,100,0.00035747644,0.00017873822,23466.184233,0.0180620229999
0,2,send,a->b,internode,8388608,100,0.00070504079,0.000352520395,23796.0927055,0.0355975079999
0,2,send,b->a,internode,8388608,100,0.00070502143,0.000352510715,23796.74615,0.0355893480001
0,2,isend,a->b,internode,8388608,100,0.00070011422,0.00035005711,23963.5412633,2.23610001342e-05
0,2,isend,b->a,internode,8388608,100,0.00070012829,0.000350064145,23963.0596844,2.23650000635e-05
0,2,bsend,a->b,internode,8388608,100,0.00145074394,0.00072537197,11564.5604558,0.0375829570001
0,2,bsend,b->a,internode,8388608,100,0.00144795467,0.000723977335,11586.837867,0.0371521880003
0,2,ssend,a->b,internode,8388608,100,0.00070511833,0.000352559165,23793.475912,0.0355634709999
0,2,ssend,b->a,internode,8388608,100,0.00070506592,0.00035253296,23795.2445638,0.0355594450001
0,2,send,a->b,internode,16777216,100,0.00140229716,0.00070114858,23928.1893718,0.07039951
0,2,send,b->a,internode,16777216,100,0.00140227177,0.000701135885,23928.6226236,0.0703925759998
0,2,isend,a->b,internode,16777216,100,0.00139852738,0.00069926369,23992.6886523,2.25529998659e-05
0,2,isend,b->a,internode,16777216,100,0.00139845989,0.000699229945,23993.846545,2.21079998539e-05
0,2,bsend,a->b,internode,16777216,100,0.0029467472,0.0014733736,11386.9394701,0.0776146239998
0,2,bsend,b->a,internode,16777216,100,0.00294669861,0.001473349305,11387.1272366,0.0771857500001
0,2,ssend,a->b,internode,16777216,100,0.00140225859,0.000701129295,23928.8475316,0.0703551159999
0,2,ssend,b->a,internode,16777216,100,0.00140220711,0.000701103555,23929.7260445,0.0703502079999
0,2,send,a->b,internode,33554432,100,0.00279633959,0.001398169795,23998.8248351,0.139994251
0,2,send,b->a,internode,33554432,100,0.00279635398,0.00139817699,23998.7013375,0.14001964
0,2,isend,a->b,internode,33554432,100,0.0027944017,0.00139720085,24015.4677833,2.33759998309e-05
0,2,isend,b->a,internode,33554432,100,0.00279474618,0.00139737309,24012.5076403,2.34580000438e-05
0,2,bsend,a->b,internode,33554432,100,0.00600682366,0.00300341183,11172.1048925,0.158606565
0,2,bsend,b->a,internode,33554432,100,0.00599198697,0.002995993485,11199.7680128,0.160819532
0,2,ssend,a->b,internode,33554432,100,0.00279760149,0.001398800745,23987.9998062,0.140072396
0,2,ssend,b->a,internode,33554432,100,0.00279775238,0.00139887619,23986.7060715,0.140072404
0,3,send,a->b,internode,1,100,3.7965300001e-06,1.89826500005e-06,0.526796838151,2.17809999583e-05
0,3,send,b->a,internode,1,100,3.83959999994e-06,1.91979999997e-06,0.520887592466,2.29449999551e-05
0,3,isend,a->b,internode,1,100,3.91816000018e-06,1.95908000009e-06,0.510443677621,2.19619999484e-05
0,3,isend,b->a,internode,1,100,3.88137999977e-06,1.94068999988e-06,0.515280647635,2.33190000927e-05
0,3,bsend,a->b,internode,1,100,3.99921999986e-06,1.99960999993e-06,0.500097519034,3.2433999877e-05
0,3,bsend,b->a,internode,1,100,3.98918999991e-06,1.99459499996e-06,0.50135491166,3.25529999259e-05
0,3,ssend,a->b,internode,1,100,7.41503e-06,3.707515e-06,0.269722442121,0.000510032999898
0,3,ssend,b->a,internode,1,100,7.44594999986e-06,3.72297499993e-06,0.268602394595,0.000515290000067
0,3,send,a->b,internode,2,100,3.81206000014e-06,1.90603000007e-06,1.04930142754,2.16489998195e-05
0,3,send,b->a,internode,2,100,3.81304999991e-06,1.90652499995e-06,1.04902899256,2.17749999365e-05
0,3,isend,a->b,internode,2,100,3.83830999994e-06,1.91915499997e-06,1.04212531038,2.28410001171e-05
0,3,isend,b->a,internode,2,100,3.85182000002e-06,1.92591000001e-06,1.0384701258,2.37080001e-05
0,3,bsend,a->b,internode,2,100,4.01144000023e-06,2.00572000011e-06,0.997148156217,3.22349998498e-05
0,3,bsend,b->a,internode,2,100,4.00541999994e-06,2.00270999997e-06,0.998646833555,3.27320000508e-05
0,3,ssend,a->b,internode,2,100,7.48435999981e-06,3.7421799999e-06,0.534447835233,0.000515024000038
0,3,ssend,b->a,internode,2,100,7.44545000003e-06,3.72272500002e-06,0.537240865224,0.000514401999908
0,3,send,a->b,internode,4,100,3.81156000003e-06,1.90578000002e-06,2.09887814961,2.05910000091e-05
0,3,send,b->a,internode,4,100,3.80312999994e-06,1.90156499997e-06,2.10353051306,2.24960000708e-05
0,3,isend,a->b,internode,4,100,3.84281999999e-06,1.92140999999e-06,2.08180450815,2.1911999994e-05
0,3,isend,b->a,internode,4,100,3.86515000002e-06,1.93257500001e-06,2.06977736956,2.30600000748e-05
0,3,bsend,a->b,internode,4,100,3.98308000001e-06,1.99154000001e-06,2.00849593781,3.17970000197e-05
0,3,bsend,b->a,internode,4,100,4.02085000019e-06,2.01042500009e-06,1.98962905844,3.19129999582e-05
0,3,ssend,a->b,internode,4,100,7.44267999977e-06,3.72133999988e-06,1.07488162869,0.000511642999925
0,3,ssend,b->a,internode,4,100,7.46850000013e-06,3.73425000006e-06,1.07116556201,0.000518411000087
0,3,send,a->b,internode,8,100,3.81887000003e-06,1.90943500002e-06,4.1897210431,2.21710000403e-05
0,3,send,b->a,internode,8,100,3.80844000006e-06,1.90422000003e-06,4.20119523998,2.23059998916e-05
0,3,isend,a->b,internode,8,100,3.88659999999e-06,1.94329999999e-06,4.11670869141,2.33229999367e-05
0,3,isend,b->a,internode,8,100,3.87305999993e-06,1.93652999997e-06,4.1311004736,2.12940001632e-05
0,3,bsend,a->b,internode,8,100,4.00984000009e-06,2.00492000005e-06,3.9901841469,3.29180002154e-05
0,3,bsend,b->a,internode,8,100,4.02495999992e-06,2.01247999996e-06,3.97519478462,3.18299999265e-05
0,3,ssend,a->b,internode,8,100,7.43956999997e-06,3.71978499999e-06,2.15066193343,0.000512705000119
0,3,ssend,b->a,internode,8,100,7.45036000012e-06,3.72518000006e-06,2.14754723258,0.000515430000149
0,3,send,a->b,internode,16,100,3.80715000006e-06,1.90357500003e-06,8.4052375135,2.26999998745e-05
0,3,send,b->a,internode,16,100,3.83849000002e-06,1.91924500001e-06,8.33661153209,2.18849998532e-05
0,3,isend,a->b,internode,16,100,3.90934000023e-06,1.95467000012e-06,8.18552492187,2.7219999879e-05
0,3,isend,b->a,internode,16,100,3.93838999997e-06,1.96919499999e-06,8.12514758574,2.5344000079e-05
0,3,bsend,a->b,internode,16,100,4.01374999996e-06,2.00687499998e-06,7.9725942075,3.38119999128e-05
0,3,bsend,b->a,internode,16,100,4.01224000001e-06,2.00612e-06,7.97559468026,3.22269999344e-05
0,3,ssend,a->b,internode,16,100,7.45789999996e-06,3.72894999998e-06,4.29075208841,0.000513458000029
0,3,ssend,b->a,internode,16,100,7.49745999997e-06,3.74872999998e-06,4.26811213399,0.00051591700003
0,3,send,a->b,internode,32,100,3.87057000012e-06,1.93528500006e-06,16.5350323074,2.34669998918e-05
0,3,send,b->a,internode,32,100,3.84692000011e-06,1.92346000006e-06,16.6366859717,2.29280000497e-05
0,3,isend,a->b,internode,32,100,3.88298999979e-06,1.9414949999e-06,16.4821439157,2.53169999382e-05
0,3,isend,b->a,internode,32,100,3.89591000015e-06,1.94795500008e-06,16.4274842072,2.30820001264e-05
0,3,bsend,a->b,internode,32,100,4.03038000002e-06,2.01519000001e-06,15.8793959874,3.34400001236e-05
0,3,bsend,b->a,internode,32,100,4.01744000015e-06,2.00872000008e-06,15.9305428326,3.22989997699e-05
0,3,ssend,a->b,internode,32,100,7.49597999999e-06,3.74798999999e-06,8.53790965292,0.000515368999828
0,3,ssend,b->a,internode,32,100,7.47711000002e-06,3.73855500001e-06,8.55945679544,0.000515931000137
0,3,send,a->b,internode,64,100,3.89282000015e-06,1.94641000007e-06,32.8810476711,2.21940001666e-05
0,3,send,b->a,internode,64,100,3.88628999985e-06,1.94314499993e-06,32.936296572,3.03360000657e-05
0,3,isend,a->b,internode,64,100,3.90242999998e-06,1.95121499999e-06,32.8000758503,2.28479999578e-05
0,3,isend,b->a,internode,64,100,3.93338999999e-06,1.96669499999e-06,32.5419040574,2.9482000059e-05
0,3,bsend,a->b,internode,64,100,4.03758999994e-06,2.01879499997e-06,31.7020797064,3.4070000055e-05
0,3,bsend,b->a,internode,64,100,4.0420900001e-06,2.02104500005e-06,31.666786241,3.45039999274e-05
0,3,ssend,a->b,internode,64,100,7.61299999994e-06,3.80649999997e-06,16.8133455932,0.000526031999897
0,3,ssend,b->a,internode,64,100,7.55596000005e-06,3.77798000002e-06,16.9402696678,0.000519364999803
0,3,send,a->b,internode,128,100,4.90063000001e-06,2.450315e-06,52.2381816215,2.28889999221e-05
0,3,send,b->a,internode,128,100,4.88131000026e-06,2.44065500013e-06,52.444937934,2.36710000934e-05
0,3,isend,a->b,internode,128,100,4.90624999998e-06,2.45312499999e-06,52.1783439493,2.44590000023e-05
0,3,isend,b->a,internode,128,100,4.92819999977e-06,2.46409999988e-06,51.9459437547,2.45090000988e-05
0,3,bsend,a->b,internode,128,100,5.13267000002e-06,2.56633500001e-06,49.8765749598,3.40989997767e-05
0,3,bsend,b->a,internode,128,100,5.09131000001e-06,2.54565500001e-06,50.2817545974,3.44240000913e-05
0,3,ssend,a->b,internode,128,100,7.58404999999e-06,3.792025e-06,33.7550517204,0.000516060999757
0,3,ssend,b->a,internode,128,100,7.54994999994e-06,3.77497499997e-06,33.9075093215,0.000514861000084
0,3,send,a->b,internode,256,100,4.99582000003e-06,2.49791000002e-06,102.485678026,0.000299883999702
0,3,send,b->a,internode,256,100,4.99463000011e-06,2.49731500006e-06,102.510095841,0.000300786000139
0,3,isend,a->b,internode,256,100,5.00934999991e-06,2.50467499995e-06,102.208869416,2.01700000275e-05
0,3,isend,b->a,internode,256,100,4.9808e-06,2.4904e-06,102.79473177,2.00490001703e-05
0,3,bsend,a->b,internode,256,100,5.41000999988e-06,2.70500499994e-06,94.6393814451,4.25459999462e-05
0,3,bsend,b->a,internode,256,100,5.4061199998e-06,2.7030599999e-06,94.7074796746,4.23229999171e-05
0,3,ssend,a->b,internode,256,100,7.47634000021e-06,3.7381700001e-06,68.4827067771,0.000511693999897
0,3,ssend,b->a,internode,256,100,7.47921999988e-06,3.73960999994e-06,68.456336357,0.000515840000048
0,3,send,a->b,internode,512,100,5.10863000017e-06,2.55431500008e-06,200.445129118,0.000305784000005
0,3,send,b->a,internode,512,100,5.12348000001e-06,2.56174e-06,199.864154832,0.000306419000111
0,3,isend,a->b,internode,512,100,5.08789000008e-06,2.54394500004e-06,201.26221282,2.01400000321e-05
0,3,isend,b->a,internode,512,100,5.10103000011e-06,2.55051500005e-06,200.743771352,1.97550000678e-05
0,3,bsend,a->b,internode,512,100,5.47613999998e-06,2.73806999999e-06,186.993027936,4.18090001801e-05
0,3,bsend,b->a,internode,512,100,5.51522999984e-06,2.75761499992e-06,185.667687482,4.43039998004e-05
0,3,ssend,a->b,internode,512,100,7.60619000005e-06,3.80309500002e-06,134.6271918,0.000520032000082
0,3,ssend,b->a,internode,512,100,7.6413299999e-06,3.82066499995e-06,134.008084982,0.000521366999862
0,3,send,a->b,internode,1024,100,5.23596999983e-06,2.61798499992e-06,391.140514569,0.000310889999952
0,3,send,b->a,internode,1024,100,5.22477000004e-06,2.61238500002e-06,391.978977062,0.000313439000053
0,3,isend,a->b,internode,1024,100,5.24399e-06,2.621995e-06,390.542316061,2.00390000771e-05
0,3,isend,b->a,internode,1024,100,5.22898000014e-06,2.61449000007e-06,391.66338367,1.9818999931e-05
0,3,bsend,a->b,internode,1024,100,5.65868000024e-06,2.82934000012e-06,361.92186162,4.20909999264e-05
0,3,bsend,b->a,internode,1024,100,5.66210999978e-06,2.83105499989e-06,361.702616177,4.53769999069e-05
0,3,ssend,a->b,internode,1024,100,7.78462e-06,3.89231e-06,263.082847975,0.00052685899999
0,3,ssend,b->a,internode,1024,100,7.78952000019e-06,3.89476000009e-06,262.91735562,0.000529908000118
0,3,send,a->b,internode,2048,100,5.52131000006e-06,2.76065500003e-06,741.852929822,0.000325557000139
0,3,send,b->a,internode,2048,100,5.53106000012e-06,2.76553000006e-06,740.545211932,0.00032624800005
0,3,isend,a->b,internode,2048,100,5.56148999976e-06,2.78074499988e-06,736.493277912,2.02620001915e-05
0,3,isend,b->a,internode,2048,100,5.53838000002e-06,2.76919000001e-06,739.566443615,1.98330000103e-05
0,3,bsend,a->b,internode,2048,100,6.1985100001e-06,3.09925500005e-06,660.803967394,5.03759998196e-05
0,3,bsend,b->a,internode,2048,100,6.14044000002e-06,3.07022000001e-06,667.05317534,5.23490001001e-05
0,3,ssend,a->b,internode,2048,100,7.92791000009e-06,3.96395500005e-06,516.655713795,0.000536713000088
0,3,ssend,b->a,internode,2048,100,7.93118999979e-06,3.9655949999e-06,516.442047171,0.000536162999822
0,3,send,a->b,internode,4096,100,5.8485400001e-06,2.92427000005e-06,1400.6914546,0.000335789999838
0,3,send,b->a,internode,4096,100,5.80670000005e-06,2.90335000003e-06,1410.78409422,0.000335437000075
0,3,isend,a->b,internode,4096,100,5.83391999982e-06,2.91695999991e-06,1404.20163462,1.99789999726e-05
0,3,isend,b->a,internode,4096,100,5.81681999989e-06,2.90840999995e-06,1408.32963718,2.00470001346e-05
0,3,bsend,a->b,internode,4096,100,6.81658000019e-06,3.4082900001e-06,1201.77567046,6.28020001727e-05
0,3,bsend,b->a,internode,4096,100,6.77746000008e-06,3.38873000004e-06,1208.71240847,6.20579999691e-05
0,3,ssend,a->b,internode,4096,100,8.19120000017e-06,4.09560000008e-06,1000.09766577,0.000550218999962
0,3,ssend,b->a,internode,4096,100,8.25020000008e-06,4.12510000004e-06,992.945625551,0.00055258799992
0,3,send,a->b,internode,8192,100,6.41051000002e-06,3.20525500001e-06,2555.80289243,0.000361452000078
0,3,send,b->a,internode,8192,100,6.40363999992e-06,3.20181999996e-06,2558.54482766,0.000368551999827
0,3,isend,a->b,internode,8192,100,6.41091000006e-06,3.20545500003e-06,2555.64342657,2.00960000143e-05
0,3,isend,b->a,internode,8192,100,6.41756999983e-06,3.20878499991e-06,2552.9912413,2.00420000454e-05
0,3,bsend,a->b,internode,8192,100,7.99963999981e-06,3.9998199999e-06,2048.0921642,8.94379999181e-05
0,3,bsend,b->a,internode,8192,100,8.01405000004e-06,4.00702500002e-06,2044.40950579,8.7474000054e-05
0,3,ssend,a->b,internode,8192,100,8.80687999995e-06,4.40343999998e-06,1860.36371565,0.000580667999969
0,3,ssend,b->a,internode,8192,100,8.79064000003e-06,4.39532000001e-06,1863.80058789,0.00057790000011
0,3,send,a->b,internode,16384,100,7.17797000021e-06,3.58898500011e-06,4565.07898459,0.000395476999813
0,3,send,b->a,internode,16384,100,7.20289000014e-06,3.60144500007e-06,4549.28507854,0.000410178999971
0,3,isend,a->b,internode,16384,100,7.18659e-06,3.593295e-06,4559.60337239,2.01590000586e-05
0,3,isend,b->a,internode,16384,100,7.20719000014e-06,3.60359500007e-06,4546.57085485,2.00089999964e-05
0,3,bsend,a->b,internode,16384,100,9.56451999997e-06,4.78225999998e-06,3425.99524075,0.000132432999834
0,3,bsend,b->a,internode,16384,100,9.61093000001e-06,4.805465e-06,3409.4515307,0.000134786000075
0,3,ssend,a->b,internode,16384,100,9.52323999996e-06,4.76161999998e-06,3440.84576259,0.000613877999939
0,3,ssend,b->a,internode,16384,100,9.64277999998e-06,4.82138999999e-06,3398.19014849,0.000622239999842
0,3,send,a->b,internode,32768,100,1.56311699999e-05,7.81558499995e-06,4192.64840703,0.000670338000077
0,3,send,b->a,internode,32768,100,1.56683e-05,7.83415000001e-06,4182.7128661,0.000678600000043
0,3,isend,a->b,internode,32768,100,1.57133300002e-05,7.85666500008e-06,4170.72638323,2.19000000072e-05
0,3,isend,b->a,internode,32768,100,1.56900499999e-05,7.84502499997e-06,4176.91466887,2.16280000132e-05
0,3,bsend,a->b,internode,32768,100,1.96283899999e-05,9.81419499993e-06,3338.83726584,0.000187105000066
0,3,bsend,b->a,internode,32768,100,1.961881e-05,9.809405e-06,3340.46764304,0.000185776999956
0,3,ssend,a->b,internode,32768,100,1.81179099999e-05,9.05895499997e-06,3617.19425696,0.00122291400012
0,3,ssend,b->a,internode,32768,100,1.80925799998e-05,9.0462899999e-06,3622.25840652,0.000874386999953
0,3,send,a->b,internode,65536,100,2.25156899998e-05,1.12578449999e-05,5821.36279195,0.000825611000067
0,3,send,b->a,internode,65536,100,2.250479e-05,1.1252395e-05,5824.18231853,0.000827890999943
0,3,isend,a->b,internode,65536,100,2.253572e-05,1.126786e-05,5816.18869954,2.18499999107e-05
0,3,isend,b->a,internode,65536,100,2.22030999998e-05,1.11015499999e-05,5903.31980674,2.15059999107e-05
0,3,bsend,a->b,internode,65536,100,2.99355199999e-05,1.496776e-05,4378.47747426,0.000300777999911
0,3,bsend,b->a,internode,65536,100,2.99302900001e-05,1.4965145e-05,4379.24256663,0.000301571000136
0,3,ssend,a->b,internode,65536,100,2.46384299999e-05,1.23192149999e-05,5319.81948528,0.00174811900024
0,3,ssend,b->a,internode,65536,100,2.47436000001e-05,1.23718e-05,5297.20816694,0.00100644800008
0,3,send,a->b,internode,131072,100,3.455863e-05,1.7279315e-05,7585.48588298,0.00109342199991
0,3,send,b->a,internode,131072,100,3.46478899999e-05,1.7323945e-05,7565.9441311,0.00109684400019
0,3,isend,a->b,internode,131072,100,3.43724599998e-05,1.71862299999e-05,7626.57080703,2.19060001143e-05
0,3,isend,b->a,internode,131072,100,3.44937900002e-05,1.72468950001e-05,7599.74476561,2.14950000554e-05
0,3,bsend,a->b,internode,131072,100,5.13401999999e-05,2.56700999999e-05,5106.01828588,0.000578152000116
0,3,bsend,b->a,internode,131072,100,5.130901e-05,2.5654505e-05,5109.12216002,0.000563251000017
0,3,ssend,a->b,internode,131072,100,3.774811e-05,1.8874055e-05,6944.55960842,0.00279335900007
0,3,ssend,b->a,internode,131072,100,3.75301400001e-05,1.87650700001e-05,6984.89267557,0.00128016399998
0,3,send,a->b,internode,262144,100,5.216808e-05,2.608404e-05,10049.9769208,0.00287632700005
0,3,send,b->a,internode,262144,100,5.21146599999e-05,2.605733e-05,10060.2786241,0.00164803799987
0,3,isend,a->b,internode,262144,100,5.12742699999e-05,2.5637135e-05,10225.1675158,2.21339998632e-05
0,3,isend,b->a,internode,262144,100,5.10121399998e-05,2.55060699999e-05,10277.7103647,2.16090000436e-05
0,3,bsend,a->b,internode,262144,100,9.43630499998e-05,4.71815249999e-05,5556.07306039,0.00115722499984
0,3,bsend,b->a,internode,262144,100,9.42741400002e-05,4.71370700001e-05,5561.31299632,0.00114009999987
0,3,ssend,a->b,internode,262144,100,5.37972800001e-05,2.689864e-05,9745.62282701,0.003857229
0,3,ssend,b->a,internode,262144,100,5.33614700001e-05,2.6680735e-05,9825.21658416,0.00181403099992
0,3,send,a->b,internode,524288,100,8.00658100002e-05,4.00329050001e-05,13096.4265521,0.005010661
0,3,send,b->a,internode,524288,100,8.22639799998e-05,4.11319899999e-05,12746.4778631,0.00273290799981
0,3,isend,a->b,internode,524288,100,7.733261e-05,3.8666305e-05,13559.29924,2.17710000356e-05
0,3,isend,b->a,internode,524288,100,7.616423e-05,3.8082115e-05,13767.3025776,2.17270000462e-05
0,3,bsend,a->b,internode,524288,100,0.00018070792,9.035396e-05,5802.60123629,0.00239210400002
0,3,bsend,b->a,internode,524288,100,0.00018065716,9.032858e-05,5804.2316175,0.00225419899985
0,3,ssend,a->b,internode,524288,100,7.941918e-05,3.970959e-05,13203.0574982,0.00534021300015
0,3,ssend,b->a,internode,524288,100,8.09123900001e-05,4.0456195e-05,12959.3996667,0.00289387700008
0,3,send,a->b,internode,1048576,100,0.00011712,5.85599999999e-05,17906.010929,0.00679365099995
0,3,send,b->a,internode,1048576,100,0.00011719082,5.85954099999e-05,17895.190084,0.00491528800012
0,3,isend,a->b,internode,1048576,100,0.00011607671,5.8038355e-05,18066.9490029,2.2051000002e-05
0,3,isend,b->a,internode,1048576,100,0.00011550456,5.775228e-05,18156.4433473,2.18669999583e-05
0,3,bsend,a->b,internode,1048576,100,0.00028665704,0.00014332852,7315.8921895,0.00464669599998
0,3,bsend,b->a,internode,1048576,100,0.0002862451,0.00014312255,7326.42060947,0.00461978199996
0,3,ssend,a->b,internode,1048576,100,0.00011842367,5.92118350001e-05,17708.8921497,0.00708381099994
0,3,ssend,b->a,internode,1048576,100,0.00011919007,5.95950349999e-05,17595.0228069,0.00505340499996
0,3,send,a->b,internode,2097152,100,0.00020646749,0.000103233745,20314.5977122,0.0114137360001
0,3,send,b->a,internode,2097152,100,0.00021027065,0.000105135325,19947.1680903,0.00926718300008
0,3,isend,a->b,internode,2097152,100,0.00020854325,0.000104271625,20112.3939518,2.19149999907e-05
0,3,isend,b->a,internode,2097152,100,0.00020363697,0.000101818485,20596.9672403,2.14629998823e-05
0,3,bsend,a->b,internode,2097152,100,0.00056301385,0.000281506925,7449.73502872,0.00922375899998
0,3,bsend,b->a,internode,2097152,100,0.0005644434,0.0002822217,7430.86729334,0.00917099299991
0,3,ssend,a->b,internode,2097152,100,0.00021230801,0.000106154005,19755.7501481,0.0121520340001
0,3,ssend,b->a,internode,2097152,100,0.00021093643,0.000105468215,19884.2087163,0.00937556700001
0,3,send,a->b,internode,4194304,100,0.0003833888,0.0001916944,21880.1592535,0.0205204910001
0,3,send,b->a,internode,4194304,100,0.00038487614,0.00019243807,21795.604165,0.0179809789998
0,3,isend,a->b,internode,4194304,100,0.00037911585,0.000189557925,22126.7667917,2.18940001275e-05
0,3,isend,b->a,internode,4194304,100,0.00037981619,0.000189908095,22085.9674254,2.14419998201e-05
0,3,bsend,a->b,internode,4194304,100,0.00112494995,0.000562474975,7456.8721924,0.0184886139999
0,3,bsend,b->a,internode,4194304,100,0.001124056,0.000562028,7462.802565,0.0182657049999
0,3,ssend,a->b,internode,4194304,100,0.00038619204,0.00019309602,21721.3384305,0.02091429
0,3,ssend,b->a,internode,4194304,100,0.00038864081,0.000194320405,21584.4753926,0.0180538390002
0,3,send,a->b,internode,8388608,100,0.00074812075,0.000374060375,22425.8129453,0.0397026619999
0,3,send,b->a,internode,8388608,100,0.00074257972,0.00037128986,22593.1513454,0.0354501870001
0,3,isend,a->b,internode,8388608,100,0.00073027556,0.00036513778,22973.8155279,2.17219999854e-05
0,3,isend,b->a,internode,8388608,100,0.00074190642,0.00037095321,22613.655237,2.13869998333e-05
0,3,bsend,a->b,internode,8388608,100,0.00223890757,0.001119453785,7493.48308291,0.037528712
0,3,bsend,b->a,internode,8388608,100,0.00223601509,0.001118007545,7503.17655504,0.0374013730002
0,3,ssend,a->b,internode,8388608,100,0.00073981264,0.00036990632,22677.6552507,0.039025027
0,3,ssend,b->a,internode,8388608,100,0.00074310102,0.00037155051,22577.3018048,0.0354902220001
0,3,send,a->b,internode,16777216,100,0.00145824793,0.000729123965,23010.1008955,0.0758363080001
0,3,send,b->a,internode,16777216,100,0.00146246838,0.00073123419,22943.697422,0.0702849909999
0,3,isend,a->b,internode,16777216,100,0.00145102508,0.00072551254,23124.6395824,2.2301000115e-05
0,3,isend,b->a,internode,16777216,100,0.00146998819,0.000734994095,22826.3276047,2.18990000178e-05
0,3,bsend,a->b,internode,16777216,100,0.00379072635,0.001895363175,8851.71571406,0.078063675
0,3,bsend,b->a,internode,16777216,100,0.00377618686,0.00188809343,8885.79756352,0.0773522260001
0,3,ssend,a->b,internode,16777216,100,0.00146900803,0.000734504015,22841.5579185,0.0770182939998
0,3,ssend,b->a,internode,16777216,100,0.00146015452,0.00073007726,22980.0555629,0.07033596
0,3,send,a->b,internode,33554432,100,0.00290662476,0.00145331238,23088.2447998,0.150899702
0,3,send,b->a,internode,33554432,100,0.00290348671,0.001451743355,23113.1982691,0.139998833
0,3,isend,a->b,internode,33554432,100,0.00290512992,0.00145256496,23100.1248991,2.2351999803e-05
0,3,isend,b->a,internode,33554432,100,0.00289708256,0.00144854128,23164.2911826,2.13939999867e-05
0,3,bsend,a->b,internode,33554432,100,0.0065892036,0.0032946018,10184.6699653,0.159625585
0,3,bsend,b->a,internode,33554432,100,0.00659179976,0.00329589988,10180.6587644,0.159487416
0,3,ssend,a->b,internode,33554432,100,0.00291027993,0.001455139965,23059.2470876,0.15137636
0,3,ssend,b->a,internode,33554432,100,0.00291052097,0.001455260485,23057.3373948,0.140039127
0,4,send,a->b,internode,1,100,4.82348999981e-06,2.4117449999e-06,0.41463753425,2.20850001256e-05
0,4,send,b->a,internode,1,100,4.7862400001e-06,2.39312000005e-06,0.41786454502,2.2877000049e-05
0,4,isend,a->b,internode,1,100,4.95033000021e-06,2.47516500011e-06,0.404013469792,2.17439999801e-05
0,4,isend,b->a,internode,1,100,5.10314999985e-06,2.55157499993e-06,0.391914797734,2.4140000022e-05
0,4,bsend,a->b,internode,1,100,5.0853800002e-06,2.5426900001e-06,0.393284277659,3.3202000111e-05
0,4,bsend,b->a,internode,1,100,4.89806000019e-06,2.44903000009e-06,0.40832492863,3.43400001555e-05
0,4,ssend,a->b,internode,1,100,8.12777999982e-06,4.06388999991e-06,0.246069652481,0.000581881000073
0,4,ssend,b->a,internode,1,100,8.09413000013e-06,4.04706500007e-06,0.247092646148,0.000578288999918
0,4,send,a->b,internode,2,100,4.48054000003e-06,2.24027000002e-06,0.892749534648,2.28309998818e-05
0,4,send,b->a,internode,2,100,4.45330000019e-06,2.2266500001e-06,0.898210315906,2.274900001e-05
0,4,isend,a->b,internode,2,100,4.54676000004e-06,2.27338000002e-06,0.879747336557,2.27489999531e-05
0,4,isend,b->a,internode,2,100,4.59697999986e-06,2.29848999993e-06,0.870136480933,2.60340000011e-05
0,4,bsend,a->b,internode,2,100,4.74282999988e-06,2.37141499994e-06,0.843378320559,3.17109999912e-05
0,4,bsend,b->a,internode,2,100,4.7218200001e-06,2.36091000005e-06,0.847130979138,3.48270001496e-05
0,4,ssend,a->b,internode,2,100,8.06116000007e-06,4.03058000003e-06,0.496206501293,0.000574738000125
0,4,ssend,b->a,internode,2,100,8.09462999996e-06,4.04731499998e-06,0.494154766805,0.000579479999971
0,4,send,a->b,internode,4,100,4.45819999982e-06,2.22909999991e-06,1.79444618912,2.17139998142e-05
0,4,send,b->a,internode,4,100,4.4527e-06,2.22635e-06,1.79666269904,2.25420000106e-05
0,4,isend,a->b,internode,4,100,4.54063999996e-06,2.27031999998e-06,1.76186616866,2.34310001019e-05
0,4,isend,b->a,internode,4,100,4.78514000008e-06,2.39257000004e-06,1.67184241211,2.35809999651e-05
0,4,bsend,a->b,internode,4,100,5.20021e-06,2.600105e-06,1.53839941079,3.31760001586e-05
0,4,bsend,b->a,internode,4,100,5.21346999989e-06,2.60673499994e-06,1.53448662794,3.37669998771e-05
0,4,ssend,a->b,internode,4,100,8.54607999997e-06,4.27303999999e-06,0.936101698091,0.000627730000019
0,4,ssend,b->a,internode,4,100,8.57104999994e-06,4.28552499997e-06,0.933374557382,0.000628366000029
0,4,send,a->b,internode,8,100,5.07647000006e-06,2.53823500003e-06,3.15179642543,2.28880000464e-05
0,4,send,b->a,internode,8,100,5.11768999985e-06,2.55884499992e-06,3.1264105486,2.45539999923e-05
0,4,isend,a->b,internode,8,100,5.06975000008e-06,2.53487500004e-06,3.15597416041,2.41569999275e-05
0,4,isend,b->a,internode,8,100,5.01057000008e-06,2.50528500004e-06,3.19324947057,2.48580001312e-05
0,4,bsend,a->b,internode,8,100,5.15352000008e-06,2.57676000004e-06,3.10467408679,3.35360001031e-05
0,4,bsend,b->a,internode,8,100,5.13251000001e-06,2.566255e-06,3.11738311274,3.47429999579e-05
0,4,ssend,a->b,internode,8,100,8.45320999986e-06,4.22660499993e-06,1.89277209489,0.000617339000144
0,4,ssend,b->a,internode,8,100,8.52275999989e-06,4.26137999995e-06,1.87732612442,0.000621290000225
0,4,send,a->b,internode,16,100,4.87728999985e-06,2.43864499993e-06,6.56102056695,2.24940000919e-05
0,4,send,b->a,internode,16,100,4.88944000011e-06,2.44472000006e-06,6.54471677723,2.44409999084e-05
0,4,isend,a->b,internode,16,100,4.84833999991e-06,2.42416999995e-06,6.60019718101,2.35399998871e-05
0,4,isend,b->a,internode,16,100,4.87361000012e-06,2.43680500006e-06,6.56597470853,2.43409999712e-05
0,4,bsend,a->b,internode,16,100,4.9893100001e-06,2.49465500005e-06,6.41371251724,3.41969998203e-05
0,4,bsend,b->a,internode,16,100,5.02831000006e-06,2.51415500003e-06,6.36396721754,3.69630000705e-05
0,4,ssend,a->b,internode,16,100,8.45451000004e-06,4.22725500002e-06,3.78496210896,0.000614046000123
0,4,ssend,b->a,internode,16,100,8.44991999998e-06,4.22495999999e-06,3.78701810196,0.000616185000183
0,4,send,a->b,internode,32,100,4.91275999991e-06,2.45637999996e-06,13.0273003365,2.28969998659e-05
0,4,send,b->a,internode,32,100,4.84235000016e-06,2.42117500008e-06,13.2167232847,2.32659999995e-05
0,4,isend,a->b,internode,32,100,4.8898099999e-06,2.44490499995e-06,13.0884431095,2.35359999294e-05
0,4,isend,b->a,internode,32,100,4.99924999986e-06,2.49962499993e-06,12.8019202884,2.56559997922e-05
0,4,bsend,a->b,internode,32,100,5.13858999994e-06,2.56929499997e-06,12.454778451,3.28199999728e-05
0,4,bsend,b->a,internode,32,100,5.15114999985e-06,2.57557499992e-06,12.4244100836,3.48489999453e-05
0,4,ssend,a->b,internode,32,100,8.59256000012e-06,4.29628000006e-06,7.44830411415,0.000630902999887
0,4,ssend,b->a,internode,32,100,8.55631999997e-06,4.27815999998e-06,7.47985115099,0.000625517999993
0,4,send,a->b,internode,64,100,5.12315999998e-06,2.56157999999e-06,24.9845798297,2.20600000773e-05
0,4,send,b->a,internode,64,100,5.08230999998e-06,2.54115499999e-06,25.1853979786,2.49919998794e-05
0,4,isend,a->b,internode,64,100,5.04560999985e-06,2.52280499993e-06,25.3685877433,2.26839999016e-05
0,4,isend,b->a,internode,64,100,5.13361999992e-06,2.56680999996e-06,24.9336725355,2.55139999581e-05
0,4,bsend,a->b,internode,64,100,5.18327000009e-06,2.59163500004e-06,24.6948354992,3.29189999491e-05
0,4,bsend,b->a,internode,64,100,5.21186000014e-06,2.60593000007e-06,24.5593703585,3.56400001067e-05
0,4,ssend,a->b,internode,64,100,8.51922999999e-06,4.259615e-06,15.0248320564,0.000618020999866
0,4,ssend,b->a,internode,64,100,8.43538999987e-06,4.21769499994e-06,15.1741650359,0.000612482999713
0,4,send,a->b,internode,128,100,5.80705999994e-06,2.90352999997e-06,44.0842698375,2.23580001659e-05
0,4,send,b->a,internode,128,100,5.68017000006e-06,2.84008500003e-06,45.0690736364,2.58880000104e-05
0,4,isend,a->b,internode,128,100,5.68993999991e-06,2.84496999996e-06,44.9916870835,2.35040001257e-05
0,4,isend,b->a,internode,128,100,5.69600000006e-06,2.84800000003e-06,44.9438202243,2.57430000374e-05
0,4,bsend,a->b,internode,128,100,5.83090999982e-06,2.91545499991e-06,43.9039532437,3.40439997899e-05
0,4,bsend,b->a,internode,128,100,5.81984000007e-06,2.90992000004e-06,43.9874635723,3.72289997017e-05
0,4,ssend,a->b,internode,128,100,8.16866000008e-06,4.08433000004e-06,31.3392894303,0.000579429999931
0,4,ssend,b->a,internode,128,100,8.16095999994e-06,4.08047999997e-06,31.3688585659,0.000581042000164
0,4,send,a->b,internode,256,100,5.68633e-06,2.843165e-06,90.0405006392,0.00036657299998
0,4,send,b->a,internode,256,100,5.76031999998e-06,2.88015999999e-06,88.8839508919,0.000373203000066
0,4,isend,a->b,internode,256,100,5.64925999981e-06,2.82462999991e-06,90.6313393288,2.01290000632e-05
0,4,isend,b->a,internode,256,100,5.64020000013e-06,2.82010000006e-06,90.7769228021,2.12380000733e-05
0,4,bsend,a->b,internode,256,100,6.05233000016e-06,3.02616500008e-06,84.5955194093,4.31440001876e-05
0,4,bsend,b->a,internode,256,100,6.04436999993e-06,3.02218499996e-06,84.7069256194,4.17559998027e-05
0,4,ssend,a->b,internode,256,100,8.0719799999e-06,4.03598999995e-06,63.4292949198,0.000578955999885
0,4,ssend,b->a,internode,256,100,8.08462000009e-06,4.04231000005e-06,63.3301255958,0.000575594999958
0,4,send,a->b,internode,512,100,5.80976000009e-06,2.90488000005e-06,176.255129297,0.000373998000128
0,4,send,b->a,internode,512,100,5.76233000004e-06,2.88116500002e-06,177.705893275,0.000371234999875
0,4,isend,a->b,internode,512,100,6.00503999976e-06,3.00251999988e-06,170.523426995,2.01290001485e-05
0,4,isend,b->a,internode,512,100,6.28353999986e-06,3.14176999993e-06,162.965462148,2.13280000025e-05
0,4,bsend,a->b,internode,512,100,6.68743999995e-06,3.34371999998e-06,153.122869141,4.20229998213e-05
0,4,bsend,b->a,internode,512,100,6.64994000005e-06,3.32497000002e-06,153.986351756,4.30369999833e-05
0,4,ssend,a->b,internode,512,100,8.70148000018e-06,4.35074000009e-06,117.681130104,0.000631080000062
0,4,ssend,b->a,internode,512,100,8.74228000015e-06,4.37114000007e-06,117.131915242,0.000632612999908
0,4,send,a->b,internode,1024,100,6.48254999987e-06,3.24127499994e-06,315.925060361,0.000430348999885
0,4,send,b->a,internode,1024,100,6.44725000001e-06,3.223625e-06,317.654814068,0.000427397999857
0,4,isend,a->b,internode,1024,100,6.30932000007e-06,3.15466000004e-06,324.599164407,1.99930000235e-05
0,4,isend,b->a,internode,1024,100,6.32411999987e-06,3.16205999994e-06,323.839522343,2.1345000107e-05
0,4,bsend,a->b,internode,1024,100,6.79262999995e-06,3.39631499997e-06,301.503246904,4.27549999813e-05
0,4,bsend,b->a,internode,1024,100,6.72578999996e-06,3.36289499998e-06,304.49954578,4.32820000356e-05
0,4,ssend,a->b,internode,1024,100,8.76239000007e-06,4.38119500004e-06,233.726186575,0.000632953999798
0,4,ssend,b->a,internode,1024,100,8.72215000015e-06,4.36107500008e-06,234.804492008,0.00062879699982
0,4,send,a->b,internode,2048,100,6.55568000013e-06,3.27784000007e-06,624.801698667,0.00043014100001
0,4,send,b->a,internode,2048,100,6.51758999993e-06,3.25879499997e-06,628.453155237,0.000424771999974
0,4,isend,a->b,internode,2048,100,6.50629000006e-06,3.25314500003e-06,629.544640642,2.02729999614e-05
0,4,isend,b->a,internode,2048,100,6.52549999984e-06,3.26274999992e-06,627.691364662,2.12540000177e-05
0,4,bsend,a->b,internode,2048,100,7.1847800001e-06,3.59239000005e-06,570.094004262,5.09229998613e-05
0,4,bsend,b->a,internode,2048,100,7.18046000003e-06,3.59023000001e-06,570.4369915,5.09079999347e-05
0,4,ssend,a->b,internode,2048,100,9.02218999983e-06,4.51109499991e-06,453.991769191,0.000642218999872
0,4,ssend,b->a,internode,2048,100,9.00078000001e-06,4.50039e-06,455.071671566,0.000642378000123
0,4,send,a->b,internode,4096,100,7.06194999992e-06,3.53097499996e-06,1160.01954136,0.000461543999961
0,4,send,b->a,internode,4096,100,7.07656999992e-06,3.53828499996e-06,1157.62297272,0.000456536999906
0,4,isend,a->b,internode,4096,100,6.96586999993e-06,3.48293499997e-06,1176.01965011,2.00889998894e-05
0,4,isend,b->a,internode,4096,100,6.99471000019e-06,3.49735500009e-06,1171.17078475,2.22769999993e-05
0,4,bsend,a->b,internode,4096,100,8.02569000001e-06,4.01284500001e-06,1020.72220582,6.33979997247e-05
0,4,bsend,b->a,internode,4096,100,7.94774999974e-06,3.97387499987e-06,1030.7319682,6.27319998898e-05
0,4,ssend,a->b,internode,4096,100,9.32477000021e-06,4.6623850001e-06,878.520328096,0.000656970000051
0,4,ssend,b->a,internode,4096,100,9.23193000006e-06,4.61596500003e-06,887.35508176,0.000643563000125
0,4,send,a->b,internode,8192,100,7.49337000002e-06,3.74668500001e-06,2186.46616942,0.000463644999883
0,4,send,b->a,internode,8192,100,7.37224000005e-06,3.68612000003e-06,2222.39102361,0.000450477000072
0,4,isend,a->b,internode,8192,100,7.22836999984e-06,3.61418499992e-06,2266.62442575,1.99769999654e-05
0,4,isend,b->a,internode,8192,100,7.24859999991e-06,3.62429999996e-06,2260.29854044,2.18030001804e-05
0,4,bsend,a->b,internode,8192,100,8.75057000002e-06,4.37528500001e-06,1872.33517359,8.92679999538e-05
0,4,bsend,b->a,internode,8192,100,8.83956999985e-06,4.41978499993e-06,1853.48382334,8.85860000039e-05
0,4,ssend,a->b,internode,8192,100,9.62522999998e-06,4.81261499999e-06,1702.19309045,0.000656491000029
0,4,ssend,b->a,internode,8192,100,9.67928999984e-06,4.83964499992e-06,1692.68613713,0.000661070999996
0,4,send,a->b,internode,16384,100,8.46823000018e-06,4.23411500009e-06,3869.52172996,0.000508090000125
0,4,send,b->a,internode,16384,100,8.50722999985e-06,4.25361499993e-06,3851.78254268,0.000504034000016
0,4,isend,a->b,internode,16384,100,8.39729999996e-06,4.19864999998e-06,3902.20666169,2.00370001266e-05
0,4,isend,b->a,internode,16384,100,8.43758999991e-06,4.21879499996e-06,3883.57339007,2.20490000515e-05
0,4,bsend,a->b,internode,16384,100,1.07130999999e-05,5.35654999993e-06,3058.6851612,0.000130930999973
0,4,bsend,b->a,internode,16384,100,1.07350299999e-05,5.36751499993e-06,3052.43674218,0.000134204000005
0,4,ssend,a->b,internode,16384,100,1.084967e-05,5.42483499999e-06,3020.18402404,0.000719701000094
0,4,ssend,b->a,internode,16384,100,1.139561e-05,5.69780500001e-06,2875.49328206,0.000751819000044
0,4,send,a->b,internode,32768,100,1.71612899999e-05,8.58064499994e-06,3818.82713948,0.000984589000126
0,4,send,b->a,internode,32768,100,1.70087499998e-05,8.50437499992e-06,3853.07562288,0.000976769999937
0,4,isend,a->b,internode,32768,100,1.69060100001e-05,8.45300500004e-06,3876.4912596,2.18290000191e-05
0,4,isend,b->a,internode,32768,100,1.69419199997e-05,8.47095999987e-06,3868.27467023,2.30270000827e-05
0,4,bsend,a->b,internode,32768,100,2.00585100001e-05,1.0029255e-05,3267.24168444,0.000186528999905
0,4,bsend,b->a,internode,32768,100,1.990965e-05,9.95482500002e-06,3291.67011976,0.000185008000017
0,4,ssend,a->b,internode,32768,100,1.88871700001e-05,9.44358500007e-06,3469.8686992,0.0011470900001
0,4,ssend,b->a,internode,32768,100,1.91076000002e-05,9.55380000008e-06,3429.83943559,0.00115250699997
0,4,send,a->b,internode,65536,100,1.942289e-05,9.71144499999e-06,6748.32633043,0.00111041099996
0,4,send,b->a,internode,65536,100,1.92632000002e-05,9.63160000012e-06,6804.2692802,0.0010933799999
0,4,isend,a->b,internode,65536,100,1.91889599998e-05,9.59447999989e-06,6830.59425844,2.20119999312e-05
0,4,isend,b->a,internode,65536,100,1.91330499999e-05,9.56652499994e-06,6850.55440721,2.3308000209e-05
0,4,bsend,a->b,internode,65536,100,2.46126800002e-05,1.23063400001e-05,5325.38512665,0.000300605999854
0,4,bsend,b->a,internode,65536,100,2.39673900001e-05,1.1983695e-05,5468.76401643,0.000317083999988
0,4,ssend,a->b,internode,65536,100,2.027392e-05,1.013696e-05,6465.05461203,0.00119405799975
0,4,ssend,b->a,internode,65536,100,2.026594e-05,1.013297e-05,6467.60031856,0.00119067200006
0,4,send,a->b,internode,131072,100,2.347582e-05,1.173791e-05,11166.5535006,0.00129939400014
0,4,send,b->a,internode,131072,100,2.38809300001e-05,1.1940465e-05,10977.1269377,0.00132579099997
0,4,isend,a->b,internode,131072,100,2.528697e-05,1.2643485e-05,10366.7620122,2.17690000284e-05
0,4,isend,b->a,internode,131072,100,2.519576e-05,1.259788e-05,10404.2902457,2.30230000113e-05
0,4,bsend,a->b,internode,131072,100,3.64662600001e-05,1.823313e-05,7188.67248793,0.000585305999948
0,4,bsend,b->a,internode,131072,100,3.59596500002e-05,1.79798250001e-05,7289.94859513,0.000591787999895
0,4,ssend,a->b,internode,131072,100,2.71490199998e-05,1.35745099999e-05,9655.74447998,0.00155827900011
0,4,ssend,b->a,internode,131072,100,2.710014e-05,1.355007e-05,9673.16036005,0.0015574650001
0,4,send,a->b,internode,262144,100,3.645463e-05,1.8227315e-05,14381.9317327,0.00199899100011
0,4,send,b->a,internode,262144,100,3.50104099999e-05,1.7505205e-05,14975.2030896,0.00189653600012
0,4,isend,a->b,internode,262144,100,3.40525599998e-05,1.70262799999e-05,15396.4342183,2.18900001698e-05
0,4,isend,b->a,internode,262144,100,3.40357300001e-05,1.70178650001e-05,15404.0474524,2.28620001224e-05
0,4,bsend,a->b,internode,262144,100,5.790289e-05,2.8951445e-05,9054.60850054,0.00115910399998
0,4,bsend,b->a,internode,262144,100,5.90389200002e-05,2.95194600001e-05,8880.3792481,0.00118395599978
0,4,ssend,a->b,internode,262144,100,3.776152e-05,1.888076e-05,13884.1868654,0.00209390600025
0,4,ssend,b->a,internode,262144,100,3.76011200001e-05,1.880056e-05,13943.4144515,0.00207134199994
0,4,send,a->b,internode,524288,100,5.81733200002e-05,2.90866600001e-05,18025.0327813,0.00309408200005
0,4,send,b->a,internode,524288,100,5.68514899999e-05,2.84257449999e-05,18444.1252112,0.00300131000014
0,4,isend,a->b,internode,524288,100,5.569339e-05,2.7846695e-05,18827.6562084,2.18009999458e-05
0,4,isend,b->a,internode,524288,100,5.62898099997e-05,2.81449049999e-05,18628.1673362,2.27279998626e-05
0,4,bsend,a->b,internode,524288,100,0.00010390993,5.19549649999e-05,10091.2011008,0.00239493600014
0,4,bsend,b->a,internode,524288,100,0.00010441505,5.22075250001e-05,10042.3837368,0.00231995400011
0,4,ssend,a->b,internode,524288,100,5.81291199998e-05,2.90645599999e-05,18038.7385875,0.00309075799996
0,4,ssend,b->a,internode,524288,100,5.797175e-05,2.8985875e-05,18087.7065122,0.00307890899995
0,4,send,a->b,internode,1048576,100,0.00010155605,5.0778025e-05,20650.1926769,0.00528076299994
0,4,send,b->a,internode,1048576,100,0.00010160742,5.08037099999e-05,20639.7524906,0.00527800999981
0,4,isend,a->b,internode,1048576,100,9.94335000001e-05,4.97167500001e-05,21091.0005179,2.1737999873e-05
0,4,isend,b->a,internode,1048576,100,9.89503000002e-05,4.94751500001e-05,21193.9933481,2.28579999657e-05
0,4,bsend,a->b,internode,1048576,100,0.00019348136,9.67406800001e-05,10839.0389648,0.00464819299992
0,4,bsend,b->a,internode,1048576,100,0.00019262069,9.63103449999e-05,10887.4700844,0.00469451299986
0,4,ssend,a->b,internode,1048576,100,0.00010266817,5.1334085e-05,20426.5060924,0.00534052600005
0,4,ssend,b->a,internode,1048576,100,0.00010279792,5.139896e-05,20400.7240613,0.00533949800001
0,4,send,a->b,internode,2097152,100,0.000187312,9.3656e-05,22392.0731187,0.00958939300014
0,4,send,b->a,internode,2097152,100,0.00018798475,9.39923749999e-05,22311.9375375,0.00963103899994
0,4,isend,a->b,internode,2097152,100,0.00018542301,9.2711505e-05,22620.1915286,2.20189998856e-05
0,4,isend,b->a,internode,2097152,100,0.00018641842,9.320921e-05,22499.4075156,2.33859999526e-05
0,4,bsend,a->b,internode,2097152,100,0.00037117572,0.00018558786,11300.0494752,0.00920503099974
0,4,bsend,b->a,internode,2097152,100,0.00037088737,0.000185443685,11308.8348088,0.00931556599994
0,4,ssend,a->b,internode,2097152,100,0.00018790473,9.3952365e-05,22321.4391676,0.00960607699986
0,4,ssend,b->a,internode,2097152,100,0.0001887952,9.43975999999e-05,22216.1580379,0.00965821599988
0,4,send,a->b,internode,4194304,100,0.00036147716,0.00018073858,23206.4675954,0.018367979
0,4,send,b->a,internode,4194304,100,0.00036141658,0.00018070829,23210.3574219,0.0183627520001
0,4,isend,a->b,internode,4194304,100,0.00035848535,0.000179242675,23400.1417352,2.20840001077e-05
0,4,isend,b->a,internode,4194304,100,0.00035847068,0.00017923534,23401.0993591,2.25510001144e-05
0,4,bsend,a->b,internode,4194304,100,0.00072863864,0.00036431932,11512.7136272,0.0183755829998
0,4,bsend,b->a,internode,4194304,100,0.00072672988,0.00036336494,11542.9518324,0.0185220989999
0,4,ssend,a->b,internode,4194304,100,0.00036152795,0.000180763975,23203.2073869,0.0183344989999
0,4,ssend,b->a,internode,4194304,100,0.00036147989,0.000180739945,23206.2923334,0.0183288510001
0,4,send,a->b,internode,8388608,100,0.00070889643,0.000354448215,23666.6673579,0.035847947
0,4,send,b->a,internode,8388608,100,0.00070890416,0.00035445208,23666.4092929,0.0358494970002
0,4,isend,a->b,internode,8388608,100,0.00070388269,0.000351941345,23835.244478,2.20239999749e-05
0,4,isend,b->a,internode,8388608,100,0.00070368768,0.00035184384,23841.8498388,2.36600000392e-05
0,4,bsend,a->b,internode,8388608,100,0.00145811078,0.00072905539,11506.1326136,0.0373760119999
0,4,bsend,b->a,internode,8388608,100,0.00145350755,0.000726753775,11542.5723107,0.0378293470001
0,4,ssend,a->b,internode,8388608,100,0.0007090869,0.00035454345,23660.310182,0.0358098829997
0,4,ssend,b->a,internode,8388608,100,0.00070906988,0.00035453494,23660.878107,0.0358161240002
0,4,send,a->b,internode,16777216,100,0.00140897477,0.000704487385,23814.785555,0.0708025999998
0,4,send,b->a,internode,16777216,100,0.00140898046,0.00070449023,23814.6893818,0.0708141019998
0,4,isend,a->b,internode,16777216,100,0.00140450977,0.000702254885,23890.493834,2.19920000006e-05
0,4,isend,b->a,internode,16777216,100,0.00140513474,0.00070256737,23879.8679193,2.36629999222e-05
0,4,bsend,a->b,internode,16777216,100,0.00296583706,0.00148291853,11313.6464752,0.0781445249998
0,4,bsend,b->a,internode,16777216,100,0.00295827952,0.00147913976,11342.549537,0.0776302879999
0,4,ssend,a->b,internode,16777216,100,0.00140896336,0.00070448168,23814.9784108,0.0707683279998
0,4,ssend,b->a,internode,16777216,100,0.00141923598,0.00070961799,23642.6024092,0.071808036
0,4,send,a->b,internode,33554432,100,0.00280932813,0.001404664065,23887.8695882,0.140699523
0,4,send,b->a,internode,33554432,100,0.00280915292,0.00140457646,23889.3595013,0.140720295
0,4,isend,a->b,internode,33554432,100,0.00280708185,0.001403540925,23906.9851134,2.21810001335e-05
0,4,isend,b->a,internode,33554432,100,0.00280710807,0.001403554035,23906.7618084,2.36109998468e-05
0,4,bsend,a->b,internode,33554432,100,0.00598389178,0.00299194589,11214.9193982,0.158107468
0,4,bsend,b->a,internode,33554432,100,0.00597725346,0.00298862673,11227.3746544,0.15791497
0,4,ssend,a->b,internode,33554432,100,0.00282757576,0.00141378788,23733.7103215,0.141655006
0,4,ssend,b->a,internode,33554432,100,0.00280993123,0.001404965615,23882.7424969,0.140744235
0,5,send,a->b,internode,1,100,4.60365999999e-06,2.30182999999e-06,0.434436947995,2.13219999239e-05
0,5,send,b->a,internode,1,100,4.76208999999e-06,2.38104499999e-06,0.419983662637,2.17310000608e-05
0,5,isend,a->b,internode,1,100,4.87488000005e-06,2.43744000002e-06,0.410266509121,2.25500000965e-05
0,5,isend,b->a,internode,1,100,4.83744000007e-06,2.41872000004e-06,0.413441820461,2.2218999959e-05
0,5,bsend,a->b,internode,1,100,4.91304999997e-06,2.45652499999e-06,0.40707910565,3.26709999854e-05
0,5,bsend,b->a,internode,1,100,4.99313999995e-06,2.49656999998e-06,0.400549553992,3.27769996034e-05
0,5,ssend,a->b,internode,1,100,8.36071999998e-06,4.18035999999e-06,0.239213847612,0.000609604000033
0,5,ssend,b->a,internode,1,100,8.46024000026e-06,4.23012000013e-06,0.236399912998,0.000619472999944
0,5,send,a->b,internode,2,100,4.9280799999e-06,2.46403999995e-06,0.81167513516,2.16819998684e-05
0,5,send,b->a,internode,2,100,4.89375000001e-06,2.446875e-06,0.81736909323,2.17980000912e-05
0,5,isend,a->b,internode,2,100,4.98910000005e-06,2.49455000002e-06,0.801747810219,2.1785999877e-05
0,5,isend,b->a,internode,2,100,5.05957999991e-06,2.52978999995e-06,0.790579455226,2.22230001441e-05
0,5,bsend,a->b,internode,2,100,5.2864700001e-06,2.64323500005e-06,0.756648576446,3.21959998359e-05
0,5,bsend,b->a,internode,2,100,5.33179999991e-06,2.66589999995e-06,0.750215687023,3.25079998049e-05
0,5,ssend,a->b,internode,2,100,8.54887999992e-06,4.27443999996e-06,0.467897549157,0.000629065999931
0,5,ssend,b->a,internode,2,100,8.43750000001e-06,4.21875000001e-06,0.474074074073,0.000614358999854
0,5,send,a->b,internode,4,100,4.82879000003e-06,2.41439500002e-06,1.65672973974,2.15540001705e-05
0,5,send,b->a,internode,4,100,4.77933999974e-06,2.38966999987e-06,1.67387128776,2.23929998526e-05
0,5,isend,a->b,internode,4,100,4.83521000007e-06,2.41760500003e-06,1.65452999971,2.19390001348e-05
0,5,isend,b->a,internode,4,100,4.7053900002e-06,2.3526950001e-06,1.70017788104,2.22409998969e-05
0,5,bsend,a->b,internode,4,100,4.90673999991e-06,2.45336999996e-06,1.63041041509,3.21960000065e-05
0,5,bsend,b->a,internode,4,100,4.88474000008e-06,2.44237000004e-06,1.63775349351,3.28950000323e-05
0,5,ssend,a->b,internode,4,100,8.20611999984e-06,4.10305999992e-06,0.974882161138,0.000590550000027
0,5,ssend,b->a,internode,4,100,8.1246900001e-06,4.06234500005e-06,0.9846529529,0.000584889999942
0,5,send,a->b,internode,8,100,4.47252000015e-06,2.23626000007e-06,3.57740155426,2.31989999691e-05
0,5,send,b->a,internode,8,100,4.47473999998e-06,2.23736999999e-06,3.57562674034,2.22010001778e-05
0,5,isend,a->b,internode,8,100,4.54375000004e-06,2.27187500002e-06,3.52132049516,2.33080000385e-05
0,5,isend,b->a,internode,8,100,4.52213000017e-06,2.26106500008e-06,3.53815569199,2.28439999148e-05
0,5,bsend,a->b,internode,8,100,4.71167000001e-06,2.355835e-06,3.39582356149,3.42079999882e-05
0,5,bsend,b->a,internode,8,100,4.71570999991e-06,2.35785499996e-06,3.39291432261,3.36400000265e-05
0,5,ssend,a->b,internode,8,100,8.10564000005e-06,4.05282000003e-06,1.97393419889,0.000580544999877
0,5,ssend,b->a,internode,8,100,8.0531499998e-06,4.0265749999e-06,1.98680019625,0.000576869000042
0,5,send,a->b,internode,16,100,4.45778e-06,2.22889e-06,7.17846102769,2.28570000331e-05
0,5,send,b->a,internode,16,100,4.45761000009e-06,2.22880500004e-06,7.17873479272,2.18229998836e-05
0,5,isend,a->b,internode,16,100,4.50276999999e-06,2.25138499999e-06,7.10673651998,2.31429999928e-05
0,5,isend,b->a,internode,16,100,4.50160000014e-06,2.25080000007e-06,7.10858361449,2.23239999855e-05
0,5,bsend,a->b,internode,16,100,4.69993999985e-06,2.34996999993e-06,6.80859755678,3.26290000885e-05
0,5,bsend,b->a,internode,16,100,4.69427000013e-06,2.34713500006e-06,6.81682135862,3.33329998625e-05
0,5,ssend,a->b,internode,16,100,8.06926000024e-06,4.03463000012e-06,3.96566723579,0.000577349999986
0,5,ssend,b->a,internode,16,100,8.11346999996e-06,4.05673499998e-06,3.94405846083,0.000581772000345
0,5,send,a->b,internode,32,100,4.4600999999e-06,2.23004999995e-06,14.3494540484,2.22800001382e-05
0,5,send,b->a,internode,32,100,4.49768999999e-06,2.248845e-06,14.2295267126,2.23110002082e-05
0,5,isend,a->b,internode,32,100,4.50558000011e-06,2.25279000006e-06,14.2046085073,2.24229999333e-05
0,5,isend,b->a,internode,32,100,4.50229999984e-06,2.25114999992e-06,14.2149568004,2.19289999279e-05
0,5,bsend,a->b,internode,32,100,4.70044999986e-06,2.35022499993e-06,13.6157176445,3.36269997945e-05
0,5,bsend,b->a,internode,32,100,4.97770999999e-06,2.488855e-06,12.8573179233,3.40820001838e-05
0,5,ssend,a->b,internode,32,100,8.55979000022e-06,4.27989500011e-06,7.47681894046,0.000627363999882
0,5,ssend,b->a,internode,32,100,8.50473000014e-06,4.25236500007e-06,7.52522419864,0.000623214000001
0,5,send,a->b,internode,64,100,4.97096000004e-06,2.48548000002e-06,25.749553406,2.36009999242e-05
0,5,send,b->a,internode,64,100,4.8840300002e-06,2.4420150001e-06,26.207865225,2.44510000869e-05
0,5,isend,a->b,internode,64,100,4.95083000004e-06,2.47541500002e-06,25.8542507012,2.33490000312e-05
0,5,isend,b->a,internode,64,100,4.94886000013e-06,2.47443000006e-06,25.8645425404,2.58049999502e-05
0,5,bsend,a->b,internode,64,100,5.06704000003e-06,2.53352000001e-06,25.2612965359,3.39529999849e-05
0,5,bsend,b->a,internode,64,100,5.06488000013e-06,2.53244000007e-06,25.2720696239,3.6031000036e-05
0,5,ssend,a->b,internode,64,100,8.44568000019e-06,4.2228400001e-06,15.1556772216,0.000613798000018
0,5,ssend,b->a,internode,64,100,8.40082999986e-06,4.20041499993e-06,15.2365897182,0.000612044999997
0,5,send,a->b,internode,128,100,5.99300999994e-06,2.99650499997e-06,42.7164313096,2.31099999723e-05
0,5,send,b->a,internode,128,100,5.99448000003e-06,2.99724000001e-06,42.7059561461,2.25149998982e-05
0,5,isend,a->b,internode,128,100,6.00232000011e-06,3.00116000005e-06,42.6501752648,2.4615999962e-05
0,5,isend,b->a,internode,128,100,5.97734999985e-06,2.98867499993e-06,42.8283436651,2.42160000141e-05
0,5,bsend,a->b,internode,128,100,6.06484000002e-06,3.03242000001e-06,42.2105117363,3.47070000828e-05
0,5,bsend,b->a,internode,128,100,6.02885000006e-06,3.01442500003e-06,42.4624928464,3.45200000424e-05
0,5,ssend,a->b,internode,128,100,8.33687000011e-06,4.16843500005e-06,30.7069679624,0.000600732000038
0,5,ssend,b->a,internode,128,100,8.24492999982e-06,4.12246499991e-06,31.049384289,0.000591125000057
0,5,send,a->b,internode,256,100,6.02998000005e-06,3.01499000003e-06,84.9090710078,0.000395762000096
0,5,send,b->a,internode,256,100,6.25027000012e-06,3.12513500006e-06,81.9164612073,0.000418327999768
0,5,isend,a->b,internode,256,100,6.15912000001e-06,3.07956e-06,83.1287586537,1.98530000262e-05
0,5,isend,b->a,internode,256,100,6.15529000015e-06,3.07764500008e-06,83.1804837769,1.99889999521e-05
0,5,bsend,a->b,internode,256,100,6.54214999997e-06,3.27107499999e-06,78.2617335283,4.10019997332e-05
0,5,bsend,b->a,internode,256,100,6.61576999988e-06,3.30788499994e-06,77.3908403722,4.04439999215e-05
0,5,ssend,a->b,internode,256,100,8.75876999999e-06,4.37938499999e-06,58.455696405,0.000642381000006
0,5,ssend,b->a,internode,256,100,8.7261500002e-06,4.3630750001e-06,58.6742148586,0.000639629000119
0,5,send,a->b,internode,512,100,6.24939000005e-06,3.12469500003e-06,163.855992344,0.000414086999911
0,5,send,b->a,internode,512,100,6.27542000018e-06,3.13771000009e-06,163.176329229,0.000418409000105
0,5,isend,a->b,internode,512,100,6.30970999993e-06,3.15485499996e-06,162.289550552,2.02220000176e-05
0,5,isend,b->a,internode,512,100,6.36629999974e-06,3.18314999987e-06,160.846959779,2.00969998048e-05
0,5,bsend,a->b,internode,512,100,6.68402999992e-06,3.34201499996e-06,153.200988029,4.11640001232e-05
0,5,bsend,b->a,internode,512,100,6.52109000015e-06,3.26054500007e-06,157.028962946,4.45000000866e-05
0,5,ssend,a->b,internode,512,100,8.45018999996e-06,4.22509499998e-06,121.18070718,0.000611409999948
0,5,ssend,b->a,internode,512,100,8.39460999998e-06,4.19730499999e-06,121.983034352,0.000597133999946
0,5,send,a->b,internode,1024,100,6.05462999999e-06,3.027315e-06,338.253534898,0.000390493000111
0,5,send,b->a,internode,1024,100,6.01762000002e-06,3.00881000001e-06,340.333886153,0.000389574000053
0,5,isend,a->b,internode,1024,100,5.93288999994e-06,2.96644499997e-06,345.19433194,2.01330001062e-05
0,5,isend,b->a,internode,1024,100,5.87514999978e-06,2.93757499989e-06,348.586844604,1.96930000982e-05
0,5,bsend,a->b,internode,1024,100,6.29468e-06,3.14734e-06,325.354108549,4.30270000038e-05
0,5,bsend,b->a,internode,1024,100,6.29715999992e-06,3.14857999996e-06,325.225974888,4.34389998816e-05
0,5,ssend,a->b,internode,1024,100,8.31062000003e-06,4.15531000002e-06,246.43167417,0.000590315000153
0,5,ssend,b->a,internode,1024,100,8.31906999991e-06,4.15953499996e-06,246.181364025,0.000589246000061
0,5,send,a->b,internode,2048,100,6.20682000005e-06,3.10341000002e-06,659.91925011,0.000395288000249
0,5,send,b->a,internode,2048,100,6.20158000004e-06,3.10079000002e-06,660.476846219,0.000396845999944
0,5,isend,a->b,internode,2048,100,6.25711000026e-06,3.12855500013e-06,654.615309596,2.02029999343e-05
0,5,isend,b->a,internode,2048,100,6.19766999989e-06,3.09883499995e-06,660.893529354,1.99980000275e-05
0,5,bsend,a->b,internode,2048,100,6.80835999987e-06,3.40417999993e-06,601.613310706,5.12690001244e-05
0,5,bsend,b->a,internode,2048,100,6.78098999998e-06,3.39049499999e-06,604.041592748,5.09870001508e-05
0,5,ssend,a->b,internode,2048,100,8.54387000004e-06,4.27193500002e-06,479.408043425,0.000600895000161
0,5,ssend,b->a,internode,2048,100,8.55913000009e-06,4.27956500005e-06,478.553310904,0.000600480999879
0,5,send,a->b,internode,4096,100,6.46651000011e-06,3.23325500005e-06,1266.83481505,0.000399317000046
0,5,send,b->a,internode,4096,100,6.47119000007e-06,3.23559500004e-06,1265.91863319,0.000404465999935
0,5,isend,a->b,internode,4096,100,6.47573000009e-06,3.23786500005e-06,1265.03112389,2.0181999929e-05
0,5,isend,b->a,internode,4096,100,6.53040999993e-06,3.26520499996e-06,1254.43884842,1.99820000262e-05
0,5,bsend,a->b,internode,4096,100,7.88001000018e-06,3.94000500009e-06,1039.59258933,6.30810000359e-05
0,5,bsend,b->a,internode,4096,100,7.84755000012e-06,3.92377500006e-06,1043.89267986,6.39999998953e-05
0,5,ssend,a->b,internode,4096,100,9.35682000005e-06,4.67841000003e-06,875.511124501,0.000659083999835
0,5,ssend,b->a,internode,4096,100,9.35717000004e-06,4.67858500002e-06,875.478376471,0.000659168999931
0,5,send,a->b,internode,8192,100,7.73250999998e-06,3.86625499999e-06,2118.84627372,0.000482494999886
0,5,send,b->a,internode,8192,100,7.73384000013e-06,3.86692000006e-06,2118.48189253,0.000485810999891
0,5,isend,a->b,internode,8192,100,7.71899e-06,3.859495e-06,2122.55748485,2.03839999529e-05
0,5,isend,b->a,internode,8192,100,7.72972999982e-06,3.86486499991e-06,2119.60831754,1.97979999541e-05
0,5,bsend,a->b,internode,8192,100,9.08449999997e-06,4.54224999999e-06,1803.5114756,8.98489998917e-05
0,5,bsend,b->a,internode,8192,100,9.11360000003e-06,4.55680000002e-06,1797.75280898,8.83839999517e-05
0,5,ssend,a->b,internode,8192,100,1.00297899999e-05,5.01489499996e-06,1633.53370311,0.000692392999809
0,5,ssend,b->a,internode,8192,100,1.00278600002e-05,5.01393000008e-06,1633.84809917,0.000691885000037
0,5,send,a->b,internode,16384,100,9.10903999994e-06,4.55451999997e-06,3597.30553387,0.00055689699991
0,5,send,b->a,internode,16384,100,9.32511000002e-06,4.66255500001e-06,3513.9531866,0.000571509000082
0,5,isend,a->b,internode,16384,100,9.30882000006e-06,4.65441000003e-06,3520.10244046,1.98579999164e-05
0,5,isend,b->a,internode,16384,100,9.24816000008e-06,4.62408000004e-06,3543.19129424,1.96839999376e-05
0,5,bsend,a->b,internode,16384,100,1.14134199998e-05,5.70670999991e-06,2871.00623656,0.000130708000057
0,5,bsend,b->a,internode,16384,100,1.141284e-05,5.70642e-06,2871.15214092,0.000135085000181
0,5,ssend,a->b,internode,16384,100,1.158745e-05,5.79372499999e-06,2827.88706748,0.000771075000188
0,5,ssend,b->a,internode,16384,100,1.17599100003e-05,5.87995500013e-06,2786.41588238,0.000779836999953
0,5,send,a->b,internode,32768,100,1.866584e-05,9.33291999999e-06,3511.01263056,0.000963168999874
0,5,send,b->a,internode,32768,100,1.87471999999e-05,9.37359999995e-06,3495.77536914,0.000973675999859
0,5,isend,a->b,internode,32768,100,1.73500299999e-05,8.67501499997e-06,3777.28453497,2.17520002082e-05
0,5,isend,b->a,internode,32768,100,1.72117399998e-05,8.60586999991e-06,3807.63362685,2.12859999635e-05
0,5,bsend,a->b,internode,32768,100,2.05795800002e-05,1.02897900001e-05,3184.51591331,0.000176597000063
0,5,bsend,b->a,internode,32768,100,2.08365400002e-05,1.04182700001e-05,3145.24388403,0.000188282000011
0,5,ssend,a->b,internode,32768,100,1.976141e-05,9.880705e-06,3316.362547,0.00127838400013
0,5,ssend,b->a,internode,32768,100,1.98688700002e-05,9.93443500008e-06,3298.4261309,0.00105456300003
0,5,send,a->b,internode,65536,100,2.21169099999e-05,1.10584549999e-05,5926.32515125,0.00105557499995
0,5,send,b->a,internode,65536,100,2.26283999999e-05,1.13141999999e-05,5792.36711393,0.00109844600004
0,5,isend,a->b,internode,65536,100,2.22213000001e-05,1.111065e-05,5898.4847871,2.16559998591e-05
0,5,isend,b->a,internode,65536,100,2.29728600002e-05,1.14864300001e-05,5705.5151165,2.14200002233e-05
0,5,bsend,a->b,internode,65536,100,2.94676899998e-05,1.47338449999e-05,4447.99032435,0.000301113999882
0,5,bsend,b->a,internode,65536,100,2.893137e-05,1.4465685e-05,4530.44567195,0.000306110000082
0,5,ssend,a->b,internode,65536,100,2.49821599999e-05,1.249108e-05,5246.6239909,0.00160808300009
0,5,ssend,b->a,internode,65536,100,2.47360700001e-05,1.23680350001e-05,5298.82070997,0.00129456200028
0,5,send,a->b,internode,131072,100,3.050777e-05,1.5253885e-05,8592.69622133,0.0014216730001
0,5,send,b->a,internode,131072,100,3.00337000002e-05,1.50168500001e-05,8728.32851093,0.00136646999999
0,5,isend,a->b,internode,131072,100,2.87257799999e-05,1.436289e-05,9125.74001474,2.17329999828e-05
0,5,isend,b->a,internode,131072,100,2.89980999997e-05,1.44990499999e-05,9040.04055446,2.12250000686e-05
0,5,bsend,a->b,internode,131072,100,4.34620300001e-05,2.17310150001e-05,6031.56364301,0.000582009000027
0,5,bsend,b->a,internode,131072,100,4.29738899999e-05,2.14869449999e-05,6100.076116,0.000573070999792
0,5,ssend,a->b,internode,131072,100,3.228355e-05,1.6141775e-05,8120.04875547,0.00207731599994
0,5,ssend,b->a,internode,131072,100,3.31414999999e-05,1.657075e-05,7909.84113575,0.00155163199992
0,5,send,a->b,internode,262144,100,4.395507e-05,2.1977535e-05,11927.8162906,0.00216002400001
0,5,send,b->a,internode,262144,100,4.46663600002e-05,2.23331800001e-05,11737.8716331,0.00196338799998
0,5,isend,a->b,internode,262144,100,4.21028400001e-05,2.105142e-05,12452.5566446,2.20930001262e-05
0,5,isend,b->a,internode,262144,100,4.06267599999e-05,2.03133799999e-05,12904.9916853,2.12060002411e-05
0,5,bsend,a->b,internode,262144,100,7.440624e-05,3.720312e-05,7046.29074121,0.00115907400004
0,5,bsend,b->a,internode,262144,100,7.49269100001e-05,3.74634550001e-05,6997.32579389,0.00116014199995
0,5,ssend,a->b,internode,262144,100,4.668006e-05,2.334003e-05,11231.5194111,0.00297596900009
0,5,ssend,b->a,internode,262144,100,4.64677299999e-05,2.3233865e-05,11282.8408016,0.00213208199997
0,5,send,a->b,internode,524288,100,6.89873300001e-05,3.44936650001e-05,15199.544612,0.00372482999992
0,5,send,b->a,internode,524288,100,6.56618100001e-05,3.28309050001e-05,15969.3435194,0.00293878700012
0,5,isend,a->b,internode,524288,100,6.53628200001e-05,3.26814100001e-05,16042.3922958,2.20260001242e-05
0,5,isend,b->a,internode,524288,100,6.81168400001e-05,3.40584200001e-05,15393.7851491,2.13699997005e-05
0,5,bsend,a->b,internode,524288,100,0.00014050537,7.0252685e-05,7462.88914082,0.00239643400002
0,5,bsend,b->a,internode,524288,100,0.00013646915,6.8234575e-05,7683.61201047,0.00232645700007
0,5,ssend,a->b,internode,524288,100,6.98165100002e-05,3.49082550001e-05,15019.0263019,0.00421405899999
0,5,ssend,b->a,internode,524288,100,7.17646000001e-05,3.58823000001e-05,14611.3264757,0.00317414000003
0,5,send,a->b,internode,1048576,100,0.00011369082,5.68454099999e-05,18446.0979348,0.00619568700006
0,5,send,b->a,internode,1048576,100,0.00011041154,5.520577e-05,18993.95661,0.00512015000004
0,5,isend,a->b,internode,1048576,100,0.00011146237,5.5731185e-05,18814.8879304,2.18219999226e-05
0,5,isend,b->a,internode,1048576,100,0.00011417169,5.70858450001e-05,18368.4063886,2.12489999001e-05
0,5,bsend,a->b,internode,1048576,100,0.00025758814,0.00012879407,8141.49284979,0.00464101699978
0,5,bsend,b->a,internode,1048576,100,0.0002594167,0.00012970835,8084.10561079,0.00471259300005
0,5,ssend,a->b,internode,1048576,100,0.00011645999,5.8229995e-05,18007.4890956,0.00670845000016
0,5,ssend,b->a,internode,1048576,100,0.00011617366,5.808683e-05,18051.8716549,0.00533081800006
0,5,send,a->b,internode,2097152,100,0.00019740007,9.8700035e-05,21247.7330935,0.0103623170002
0,5,send,b->a,internode,2097152,100,0.00020043509,0.000100217545,20925.9965408,0.00953401300012
0,5,isend,a->b,internode,2097152,100,0.0001972052,9.86026e-05,21268.7292222,2.18410000912e-05
0,5,isend,b->a,internode,2097152,100,0.00019654647,9.82732350001e-05,21340.0118557,2.16180001189e-05
0,5,bsend,a->b,internode,2097152,100,0.00049222189,0.000246110945,8521.16511925,0.00919883800012
0,5,bsend,b->a,internode,2097152,100,0.00048965424,0.00024482712,8565.84842398,0.00930954100005
0,5,ssend,a->b,internode,2097152,100,0.00019816873,9.9084365e-05,21165.3170508,0.010614692
0,5,ssend,b->a,internode,2097152,100,0.00020177648,0.00010088824,20786.8825941,0.00964969500015
0,5,send,a->b,internode,4194304,100,0.00037046973,0.000185234865,22643.1670949,0.01911411
0,5,send,b->a,internode,4194304,100,0.00037063748,0.00018531874,22632.9188295,0.018231319
0,5,isend,a->b,internode,4194304,100,0.00036670025,0.000183350125,22875.9265913,2.20320000608e-05
0,5,isend,b->a,internode,4194304,100,0.00036658345,0.000183291725,22883.2152679,2.116400006e-05
0,5,bsend,a->b,internode,4194304,100,0.00094959074,0.00047479537,8833.91933666,0.0185034630001
0,5,bsend,b->a,internode,4194304,100,0.00095337478,0.00047668739,8798.85662593,0.0186132919999
0,5,ssend,a->b,internode,4194304,100,0.00037149057,0.000185745285,22580.9446522,0.0193094389999
0,5,ssend,b->a,internode,4194304,100,0.00036982553,0.000184912765,22682.6092834,0.0182917859999
0,5,send,a->b,internode,8388608,100,0.00071734564,0.00035867282,23387.9110215,0.0365652170001
0,5,send,b->a,internode,8388608,100,0.00071569467,0.000357847335,23441.8624355,0.0357532670001
0,5,isend,a->b,internode,8388608,100,0.00071100426,0.00035550213,23596.5055962,2.20960000377e-05
0,5,isend,b->a,internode,8388608,100,0.00071021228,0.00035510614,23622.8188,2.18359998598e-05
0,5,bsend,a->b,internode,8388608,100,0.0018870047,0.00094350235,8890.92433103,0.0374583710001
0,5,bsend,b->a,internode,8388608,100,0.00189042716,0.00094521358,8874.82805738,0.037548926
0,5,ssend,a->b,internode,8388608,100,0.00071892114,0.00035946057,23336.6569246,0.0367902150001
0,5,ssend,b->a,internode,8388608,100,0.00071906698,0.00035953349,23331.9238216,0.0357642810001
0,5,send,a->b,internode,16777216,100,0.00142445519,0.000712227595,23555.9758114,0.0722246939998
0,5,send,b->a,internode,16777216,100,0.00141940309,0.000709701545,23639.8189044,0.0707323860001
0,5,isend,a->b,internode,16777216,100,0.00141760856,0.00070880428,23669.7442064,2.15529998968e-05
0,5,isend,b->a,internode,16777216,100,0.00141486503,0.000707432515,23715.6416255,2.12769999735e-05
0,5,bsend,a->b,internode,16777216,100,0.00323804754,0.00161902377,10362.5507611,0.07806907
0,5,bsend,b->a,internode,16777216,100,0.00328512064,0.00164256032,10214.0638585,0.077384407
0,5,ssend,a->b,internode,16777216,100,0.00142381195,0.000711905975,23566.6177686,0.0722252569999
0,5,ssend,b->a,internode,16777216,100,0.00142491685,0.000712458425,23548.3438911,0.0707527389999
0,5,send,a->b,internode,33554432,100,0.00283173118,0.00141586559,23698.8823212,0.142812141
0,5,send,b->a,internode,33554432,100,0.00283262715,0.001416313575,23691.3862808,0.140716998
0,5,isend,a->b,internode,33554432,100,0.00283130957,0.001415654785,23702.4113192,2.18460000667e-05
0,5,isend,b->a,internode,33554432,100,0.00283160599,0.001415802995,23699.9300881,2.22019998262e-05
0,5,bsend,a->b,internode,33554432,100,0.00621915667,0.003109578335,10790.6694687,0.158321609
0,5,bsend,b->a,internode,33554432,100,0.00620285295,0.003101426475,10819.0319101,0.157469146
0,5,ssend,a->b,internode,33554432,100,0.00283380993,0.001416904965,23681.4979331,0.143091259
0,5,ssend,b->a,internode,33554432,100,0.00283481799,0.001417408995,23673.0768031,0.140757254
0,6,send,a->b,internode,1,100,4.56189000005e-06,2.28094500002e-06,0.438414779834,2.11720000323e-05
0,6,send,b->a,internode,1,100,4.55400999982e-06,2.27700499991e-06,0.439173387867,2.16510002815e-05
0,6,isend,a->b,internode,1,100,4.56799999995e-06,2.28399999997e-06,0.437828371283,2.19269998922e-05
0,6,isend,b->a,internode,1,100,4.60511e-06,2.302555e-06,0.434300157868,2.30659999545e-05
0,6,bsend,a->b,internode,1,100,4.78139999984e-06,2.39069999992e-06,0.418287530862,3.25199997349e-05
0,6,bsend,b->a,internode,1,100,4.75620000003e-06,2.37810000002e-06,0.420503763506,3.2510000068e-05
0,6,ssend,a->b,internode,1,100,8.26302999997e-06,4.13151499998e-06,0.242041962816,0.000598406000051
0,6,ssend,b->a,internode,1,100,8.28095999992e-06,4.14047999996e-06,0.241517891648,0.000598784000005
0,6,send,a->b,internode,2,100,4.53222999994e-06,2.26611499997e-06,0.882567742602,2.20769998407e-05
0,6,send,b->a,internode,2,100,4.49680000003e-06,2.24840000001e-06,0.889521437461,2.15409998816e-05
0,6,isend,a->b,internode,2,100,4.52722000006e-06,2.26361000003e-06,0.883544426812,2.33509999816e-05
0,6,isend,b->a,internode,2,100,4.55119999998e-06,2.27559999999e-06,0.878889084201,2.24529999855e-05
0,6,bsend,a->b,internode,2,100,4.72779999996e-06,2.36389999998e-06,0.846059477989,3.22570000435e-05
0,6,bsend,b->a,internode,2,100,4.74607000001e-06,2.37303500001e-06,0.842802571389,3.21559998611e-05
0,6,ssend,a->b,internode,2,100,8.14520999995e-06,4.07260499998e-06,0.491086172121,0.000584463000052
0,6,ssend,b->a,internode,2,100,8.10412000021e-06,4.05206000011e-06,0.493576106955,0.000580008000156
0,6,send,a->b,internode,4,100,4.49435999997e-06,2.24717999998e-06,1.78000872206,2.13209999629e-05
0,6,send,b->a,internode,4,100,4.50370999999e-06,2.251855e-06,1.77631330614,2.21590000251e-05
0,6,isend,a->b,internode,4,100,4.52741999993e-06,2.26370999997e-06,1.76701079205,2.24860000912e-05
0,6,isend,b->a,internode,4,100,4.51714000008e-06,2.25857000004e-06,1.77103211321,2.21909998857e-05
0,6,bsend,a->b,internode,4,100,4.6850199999e-06,2.34250999995e-06,1.70757008512,3.31030001064e-05
0,6,bsend,b->a,internode,4,100,4.70348999983e-06,2.35174499991e-06,1.70086467714,3.18260001109e-05
0,6,ssend,a->b,internode,4,100,8.11575e-06,4.057875e-06,0.98573760897,0.000582817000264
0,6,ssend,b->a,internode,4,100,8.11474000017e-06,4.05737000008e-06,0.985860298646,0.000581312000122
0,6,send,a->b,internode,8,100,4.49044999982e-06,2.24522499991e-06,3.56311728237,2.2493000273e-05
0,6,send,b->a,internode,8,100,4.48888999983e-06,2.24444499992e-06,3.56435555351,2.17730002703e-05
0,6,isend,a->b,internode,8,100,4.53123e-06,2.265615e-06,3.53105006808,2.25340000384e-05
0,6,isend,b->a,internode,8,100,4.53257000004e-06,2.26628500002e-06,3.53000615542,2.26289999432e-05
0,6,bsend,a->b,internode,8,100,4.69444000004e-06,2.34722000002e-06,3.40828725042,3.2881999914e-05
0,6,bsend,b->a,internode,8,100,4.70479000001e-06,2.352395e-06,3.40078940824,3.23089998915e-05
0,6,ssend,a->b,internode,8,100,8.12085999996e-06,4.06042999998e-06,1.97023467959,0.00058296900005
0,6,ssend,b->a,internode,8,100,8.11595000016e-06,4.05797500008e-06,1.97142663517,0.000581417999996
0,6,send,a->b,internode,16,100,4.47772000001e-06,2.23886000001e-06,7.14649419792,2.09199999688e-05
0,6,send,b->a,internode,16,100,4.48957999993e-06,2.24478999996e-06,7.1276155009,2.13329999497e-05
0,6,isend,a->b,internode,16,100,4.52089999982e-06,2.26044999991e-06,7.07823663458,2.19929999616e-05
0,6,isend,b->a,internode,16,100,4.52536000012e-06,2.26268000006e-06,7.07126062881,2.31530001145e-05
0,6,bsend,a->b,internode,16,100,4.72930000001e-06,2.36465e-06,6.76632905503,3.30089999636e-05
0,6,bsend,b->a,internode,16,100,4.7278400001e-06,2.36392000005e-06,6.76841855886,3.3185000035e-05
0,6,ssend,a->b,internode,16,100,8.13598999997e-06,4.06799499999e-06,3.93314151076,0.000584017999927
0,6,ssend,b->a,internode,16,100,8.16724000003e-06,4.08362000002e-06,3.91809228085,0.000584200000105
0,6,send,a->b,internode,32,100,4.53002e-06,2.26501e-06,14.1279729449,2.20400001183e-05
0,6,send,b->a,internode,32,100,4.52274999986e-06,2.26137499993e-06,14.1506826603,2.22560001077e-05
0,6,isend,a->b,internode,32,100,4.56620000023e-06,2.28310000011e-06,14.0160308346,2.31889997906e-05
0,6,isend,b->a,internode,32,100,4.57866000005e-06,2.28933000002e-06,13.9778887271,2.30009998745e-05
0,6,bsend,a->b,internode,32,100,4.76106000008e-06,2.38053000004e-06,13.4423846788,3.25659999589e-05
0,6,bsend,b->a,internode,32,100,4.77272000012e-06,2.38636000006e-06,13.4095442428,3.38770001349e-05
0,6,ssend,a->b,internode,32,100,8.18667999994e-06,4.09333999997e-06,7.8175768444,0.000589978999898
0,6,ssend,b->a,internode,32,100,8.15451999983e-06,4.07725999992e-06,7.84840799965,0.000587267000128
0,6,send,a->b,internode,64,100,4.61669000003e-06,2.30834500002e-06,27.7254916399,2.3188999819e-05
0,6,send,b->a,internode,64,100,4.67222999987e-06,2.33611499993e-06,27.395911589,2.47419997663e-05
0,6,isend,a->b,internode,64,100,4.62461000012e-06,2.31230500006e-06,27.6780096044,2.39350001721e-05
0,6,isend,b->a,internode,64,100,4.63466000014e-06,2.31733000007e-06,27.6179913945,2.3597999899e-05
0,6,bsend,a->b,internode,64,100,4.80113999998e-06,2.40056999999e-06,26.6603348372,3.38049999584e-05
0,6,bsend,b->a,internode,64,100,4.81149999985e-06,2.40574999992e-06,26.6029304799,3.35359998758e-05
0,6,ssend,a->b,internode,64,100,8.23828999984e-06,4.11914499992e-06,15.53720493,0.000593658999975
0,6,ssend,b->a,internode,64,100,8.23157000013e-06,4.11578500007e-06,15.5498890246,0.000585586000028
0,6,send,a->b,internode,128,100,5.58353000002e-06,2.79176500001e-06,45.8491312841,2.39340000405e-05
0,6,send,b->a,internode,128,100,5.58675999997e-06,2.79337999999e-06,45.8226234886,2.38060001436e-05
0,6,isend,a->b,internode,128,100,5.61177999998e-06,2.80588999999e-06,45.6183243108,2.39279999334e-05
0,6,isend,b->a,internode,128,100,5.64206999996e-06,2.82103499998e-06,45.3734179125,2.39140000247e-05
0,6,bsend,a->b,internode,128,100,5.96905999998e-06,2.98452999999e-06,42.8878248838,3.51720001674e-05
0,6,bsend,b->a,internode,128,100,5.82522000002e-06,2.91261000001e-06,43.9468380592,3.31499997799e-05
0,6,ssend,a->b,internode,128,100,8.19078999996e-06,4.09539499998e-06,31.2546164657,0.000582656999853
0,6,ssend,b->a,internode,128,100,8.17244999979e-06,4.0862249999e-06,31.324755735,0.000584309999965
0,6,send,a->b,internode,256,100,5.83350999989e-06,2.91675499994e-06,87.7687704332,0.000376604000024
0,6,send,b->a,internode,256,100,5.80286999991e-06,2.90143499996e-06,88.2322023426,0.000377119999968
0,6,isend,a->b,internode,256,100,5.7075700002e-06,2.8537850001e-06,89.7054262992,2.00580002172e-05
0,6,isend,b->a,internode,256,100,5.74065999984e-06,2.87032999992e-06,89.1883511676,1.99720001319e-05
0,6,bsend,a->b,internode,256,100,6.15451000016e-06,3.07725500008e-06,83.191025766,4.27720000857e-05
0,6,bsend,b->a,internode,256,100,6.14452000008e-06,3.07226000004e-06,83.3262809778,4.21909999488e-05
0,6,ssend,a->b,internode,256,100,8.12006000018e-06,4.06003000009e-06,63.0537212765,0.000582357000212
0,6,ssend,b->a,internode,256,100,8.09229999987e-06,4.04614999994e-06,63.2700221208,0.000579938000044
0,6,send,a->b,internode,512,100,5.79222999988e-06,2.89611499994e-06,176.78855985,0.000372747
0,6,send,b->a,internode,512,100,5.84895999992e-06,2.92447999996e-06,175.073859287,0.000377132000096
0,6,isend,a->b,internode,512,100,5.76486999989e-06,2.88243499995e-06,177.627596116,2.01870000467e-05
0,6,isend,b->a,internode,512,100,5.75118e-06,2.87559e-06,178.050417479,1.99100003044e-05
0,6,bsend,a->b,internode,512,100,6.23297000004e-06,3.11648500002e-06,164.28765099,4.40840000238e-05
0,6,bsend,b->a,internode,512,100,6.16856000022e-06,3.08428000011e-06,166.003086614,4.53640000444e-05
0,6,ssend,a->b,internode,512,100,8.17035000011e-06,4.08517500006e-06,125.331228159,0.000585682000036
0,6,ssend,b->a,internode,512,100,8.13197000014e-06,4.06598500007e-06,125.922746885,0.000579783999854
0,6,send,a->b,internode,1024,100,5.92797999985e-06,2.96398999993e-06,345.480247918,0.000381809000146
0,6,send,b->a,internode,1024,100,5.90326000008e-06,2.95163000004e-06,346.926952222,0.000381598999923
0,6,isend,a->b,internode,1024,100,5.86395999989e-06,2.93197999994e-06,349.252041289,1.9895000122e-05
0,6,isend,b->a,internode,1024,100,5.88802999999e-06,2.944015e-06,347.824314754,1.96660000427e-05
0,6,bsend,a->b,internode,1024,100,6.33665999999e-06,3.16832999999e-06,323.198656706,4.37959999999e-05
0,6,bsend,b->a,internode,1024,100,6.32996999997e-06,3.16498499998e-06,323.540237949,4.5495000137e-05
0,6,ssend,a->b,internode,1024,100,8.26192000005e-06,4.13096000003e-06,247.88426903,0.000588505999957
0,6,ssend,b->a,internode,1024,100,8.31893000026e-06,4.15946500013e-06,246.185507023,0.000588834999888
0,6,send,a->b,internode,2048,100,6.19770000014e-06,3.09885000007e-06,660.890330269,0.000396091999846
0,6,send,b->a,internode,2048,100,6.22617000005e-06,3.11308500002e-06,657.868320327,0.000399445999847
0,6,isend,a->b,internode,2048,100,6.27484000006e-06,3.13742000003e-06,652.765648202,2.00649999158e-05
0,6,isend,b->a,internode,2048,100,6.21926000008e-06,3.10963000004e-06,658.599254565,1.98579999733e-05
0,6,bsend,a->b,internode,2048,100,6.93099000017e-06,3.46549500009e-06,590.968966901,5.06690002737e-05
0,6,bsend,b->a,internode,2048,100,6.89693999988e-06,3.44846999994e-06,593.886564197,5.25170000856e-05
0,6,ssend,a->b,internode,2048,100,8.66439999982e-06,4.33219999991e-06,472.739024062,0.000614780000149
0,6,ssend,b->a,internode,2048,100,8.66838999997e-06,4.33419499998e-06,472.521425549,0.000610083999959
0,6,send,a->b,internode,4096,100,6.56820000017e-06,3.28410000009e-06,1247.22146095,0.000411505000102
0,6,send,b->a,internode,4096,100,6.54066999999e-06,3.270335e-06,1252.47107712,0.000411478000217
0,6,isend,a->b,internode,4096,100,6.58573999999e-06,3.29287e-06,1243.89969844,2.00850000169e-05
0,6,isend,b->a,internode,4096,100,6.55319000003e-06,3.27659500002e-06,1250.07820618,2.05099999278e-05
0,6,bsend,a->b,internode,4096,100,7.5785300001e-06,3.78926500005e-06,1080.9484161,6.47659998947e-05
0,6,bsend,b->a,internode,4096,100,7.50519000007e-06,3.75259500004e-06,1091.51134081,6.32420001807e-05
0,6,ssend,a->b,internode,4096,100,8.8960299999e-06,4.44801499995e-06,920.860203944,0.000622141999912
0,6,ssend,b->a,internode,4096,100,8.90424000005e-06,4.45212000002e-06,920.011140755,0.000621514000017
0,6,send,a->b,internode,8192,100,7.20953000013e-06,3.60476500006e-06,2272.54758628,0.000440881999992
0,6,send,b->a,internode,8192,100,7.24179000002e-06,3.62089500001e-06,2262.42406918,0.00044569800005
0,6,isend,a->b,internode,8192,100,7.26212000018e-06,3.63106000009e-06,2256.09050795,2.00419999317e-05
0,6,isend,b->a,internode,8192,100,7.26523999987e-06,3.63261999993e-06,2255.12164778,2.06100000071e-05
0,6,bsend,a->b,internode,8192,100,8.75957999995e-06,4.37978999997e-06,1870.40931187,8.95599997932e-05
0,6,bsend,b->a,internode,8192,100,8.74514000003e-06,4.37257000002e-06,1873.49773702,8.8908999885e-05
0,6,ssend,a->b,internode,8192,100,9.71559999982e-06,4.85779999991e-06,1686.36008073,0.000664560999866
0,6,ssend,b->a,internode,8192,100,9.74512999989e-06,4.87256499994e-06,1681.25001926,0.000669729000037
0,6,send,a->b,internode,16384,100,8.89163000011e-06,4.44581500005e-06,3685.26355681,0.00053249100003
0,6,send,b->a,internode,16384,100,8.77198000012e-06,4.38599000006e-06,3735.53063271,0.000527717000011
0,6,isend,a->b,internode,16384,100,8.72910999988e-06,4.36455499994e-06,3753.87639753,2.00039999356e-05
0,6,isend,b->a,internode,16384,100,8.66848000015e-06,4.33424000008e-06,3780.1321569,2.03899999462e-05
0,6,bsend,a->b,internode,16384,100,1.06544799999e-05,5.32723999996e-06,3075.51377451,0.000131072999977
0,6,bsend,b->a,internode,16384,100,1.069943e-05,5.34971500002e-06,3062.59305401,0.000134430000116
0,6,ssend,a->b,internode,16384,100,1.07487600002e-05,5.37438000009e-06,3048.53769174,0.00071458400015
0,6,ssend,b->a,internode,16384,100,1.072107e-05,5.36053499999e-06,3056.41134701,0.000707154000054
0,6,send,a->b,internode,32768,100,1.52124600001e-05,7.60623000005e-06,4308.0474821,0.00086438699995
0,6,send,b->a,internode,32768,100,1.51609600002e-05,7.58048000009e-06,4322.68141326,0.000860560999882
0,6,isend,a->b,internode,32768,100,1.5181e-05,7.59049999999e-06,4316.97516633,2.17629998929e-05
0,6,isend,b->a,internode,32768,100,1.51693799998e-05,7.5846899999e-06,4320.28204191,2.20619999709e-05
0,6,bsend,a->b,internode,32768,100,1.86796599999e-05,9.33982999996e-06,3508.41503541,0.000180870000037
0,6,bsend,b->a,internode,32768,100,1.874714e-05,9.37356999998e-06,3495.78655732,0.000187732000001
0,6,ssend,a->b,internode,32768,100,1.76127199998e-05,8.80635999991e-06,3720.9471337,0.00106237699993
0,6,ssend,b->a,internode,32768,100,1.79021399998e-05,8.95106999991e-06,3660.79139146,0.00107397799991
0,6,send,a->b,internode,65536,100,1.81396300002e-05,9.06981500009e-06,7225.72621375,0.00102806599998
0,6,send,b->a,internode,65536,100,1.84239399999e-05,9.21196999997e-06,7114.22203939,0.0010465790001
0,6,isend,a->b,internode,65536,100,1.81669899999e-05,9.08349499994e-06,7214.84406612,2.17810001288e-05
0,6,isend,b->a,internode,65536,100,1.805824e-05,9.02912000001e-06,7258.29316699,2.17720001956e-05
0,6,bsend,a->b,internode,65536,100,2.371896e-05,1.185948e-05,5526.04330038,0.000299513999835
0,6,bsend,b->a,internode,65536,100,2.41819199999e-05,1.209096e-05,5420.24785461,0.000279847000115
0,6,ssend,a->b,internode,65536,100,2.08572e-05,1.04286e-05,6284.25675547,0.00122343100011
0,6,ssend,b->a,internode,65536,100,2.053012e-05,1.026506e-05,6384.37573671,0.00120904099978
0,6,send,a->b,internode,131072,100,2.38310699999e-05,1.19155349999e-05,11000.0935754,0.0013284909997
0,6,send,b->a,internode,131072,100,2.36701600002e-05,1.18350800001e-05,11074.8723286,0.00132095000012
0,6,isend,a->b,internode,131072,100,2.33176899999e-05,1.1658845e-05,11242.2800029,2.1610000033e-05
0,6,isend,b->a,internode,131072,100,2.32299200002e-05,1.16149600001e-05,11284.7568996,2.1849999996e-05
0,6,bsend,a->b,internode,131072,100,3.405332e-05,1.702666e-05,7698.04530072,0.000578646999884
0,6,bsend,b->a,internode,131072,100,3.39997899999e-05,1.6999895e-05,7710.16526868,0.000513559999916
0,6,ssend,a->b,internode,131072,100,2.57180600002e-05,1.28590300001e-05,10192.992784,0.00146587699999
0,6,ssend,b->a,internode,131072,100,2.59183100002e-05,1.29591550001e-05,10114.2397015,0.00147591800018
0,6,send,a->b,internode,262144,100,3.478753e-05,1.7393765e-05,15071.147621,0.00188316099991
0,6,send,b->a,internode,262144,100,3.45916999999e-05,1.72958499999e-05,15156.4681702,0.001877627
0,6,isend,a->b,internode,262144,100,3.43652200002e-05,1.71826100001e-05,15256.3551171,2.20359998764e-05
0,6,isend,b->a,internode,262144,100,3.45704700001e-05,1.72852350001e-05,15165.7758775,2.18850001374e-05
0,6,bsend,a->b,internode,262144,100,5.67288899998e-05,2.83644449999e-05,9241.99292462,0.00115434899979
0,6,bsend,b->a,internode,262144,100,5.660191e-05,2.8300955e-05,9262.72629315,0.00109186300011
0,6,ssend,a->b,internode,262144,100,3.64291400001e-05,1.82145700001e-05,14391.9949798,0.0020008410001
0,6,ssend,b->a,internode,262144,100,3.647427e-05,1.8237135e-05,14374.1876122,0.00200556599995
0,6,send,a->b,internode,524288,100,5.669342e-05,2.834671e-05,18495.5502772,0.00298762600028
0,6,send,b->a,internode,524288,100,5.649772e-05,2.824886e-05,18559.6162111,0.00298186099997
0,6,isend,a->b,internode,524288,100,5.60103199999e-05,2.80051599999e-05,18721.1213934,2.17599999814e-05
0,6,isend,b->a,internode,524288,100,5.59522899999e-05,2.7976145e-05,18740.5376974,2.20740000998e-05
0,6,bsend,a->b,internode,524288,100,0.00010300378,5.15018899999e-05,10179.9759193,0.00239379800001
0,6,bsend,b->a,internode,524288,100,0.00010307759,5.1538795e-05,10172.68642,0.00234086300003
0,6,ssend,a->b,internode,524288,100,5.81973800001e-05,2.90986900001e-05,18017.5808601,0.00309594600006
0,6,ssend,b->a,internode,524288,100,5.84444099999e-05,2.9222205e-05,17941.4250225,0.00311420700012
0,6,send,a->b,internode,1048576,100,0.00010007691,5.0038455e-05,20955.4031994,0.00517604000021
0,6,send,b->a,internode,1048576,100,9.98791500001e-05,4.99395750001e-05,20996.8947473,0.00516980999998
0,6,isend,a->b,internode,1048576,100,9.90950299999e-05,4.95475149999e-05,21163.0391555,2.20429997739e-05
0,6,isend,b->a,internode,1048576,100,9.9218e-05,4.9609e-05,21136.809853,2.24250001111e-05
0,6,bsend,a->b,internode,1048576,100,0.00019145846,9.57292299999e-05,10953.5614148,0.00463652499985
0,6,bsend,b->a,internode,1048576,100,0.00019182399,9.59119950001e-05,10932.6888675,0.00463769100008
0,6,ssend,a->b,internode,1048576,100,0.00010110266,5.055133e-05,20742.7974694,0.00524072000007
0,6,ssend,b->a,internode,1048576,100,0.00010135804,5.06790200001e-05,20690.5342684,0.00525028699997
0,6,send,a->b,internode,2097152,100,0.00018699967,9.34998349999e-05,22429.4727365,0.00956283599993
0,6,send,b->a,internode,2097152,100,0.00018673287,9.33664349999e-05,22461.5194958,0.00955168499999
0,6,isend,a->b,internode,2097152,100,0.00018514504,9.25725200001e-05,22654.1526578,2.17239999927e-05
0,6,isend,b->a,internode,2097152,100,0.0001850571,9.252855e-05,22664.9180172,2.20390001857e-05
0,6,bsend,a->b,internode,2097152,100,0.00036954847,0.000184774235,11349.8075097,0.00925772800011
0,6,bsend,b->a,internode,2097152,100,0.00036841097,0.000184205485,11384.8509994,0.00917047199991
0,6,ssend,a->b,internode,2097152,100,0.00018754341,9.3771705e-05,22364.4435174,0.00957946999989
0,6,ssend,b->a,internode,2097152,100,0.00018755572,9.377786e-05,22362.9756533,0.00958048699982
0,6,send,a->b,internode,4194304,100,0.00036064552,0.00018032276,23259.9811582,0.018314111
0,6,send,b->a,internode,4194304,100,0.00036050963,0.000180254815,23268.7487433,0.0182977250001
0,6,isend,a->b,internode,4194304,100,0.00035761445,0.000178807225,23457.1282005,2.1599000064e-05
0,6,isend,b->a,internode,4194304,100,0.00035761176,0.00017880588,23457.3046479,2.21919999603e-05
0,6,bsend,a->b,internode,4194304,100,0.00072593259,0.000362966295,11555.6294283,0.0184564519998
0,6,bsend,b->a,internode,4194304,100,0.00072223426,0.00036111713,11614.8021004,0.0181733409999
0,6,ssend,a->b,internode,4194304,100,0.00036056216,0.00018028108,23265.3587387,0.0182701859999
0,6,ssend,b->a,internode,4194304,100,0.00036055162,0.00018027581,23266.0388546,0.0182652959999
0,6,send,a->b,internode,8388608,100,0.00070831655,0.000354158275,23686.0426316,0.0357950170001
0,6,send,b->a,internode,8388608,100,0.00070820654,0.00035410327,23689.7219277,0.0357912110001
0,6,isend,a->b,internode,8388608,100,0.00070307477,0.000351537385,23862.6341264,2.15540001136e-05
0,6,isend,b->a,internode,8388608,100,0.00070311742,0.00035155871,23861.1866564,2.15960000105e-05
0,6,bsend,a->b,internode,8388608,100,0.00144733344,0.00072366672,11591.8112139,0.0371378230001
0,6,bsend,b->a,internode,8388608,100,0.00144698819,0.000723494095,11594.577009,0.0372767399999
0,6,ssend,a->b,internode,8388608,100,0.00070821055,0.000354105275,23689.5877928,0.0357667709999
0,6,ssend,b->a,internode,8388608,100,0.00070831735,0.000354158675,23686.0158797,0.0357723110001
0,6,send,a->b,internode,16777216,100,0.00140781772,0.00070390886,23834.3583287,0.0707355840001
0,6,send,b->a,internode,16777216,100,0.0014079111,0.00070395555,23832.7775099,0.070739722
0,6,isend,a->b,internode,16777216,100,0.0014036012,0.0007018006,23905.9584731,2.18959999927e-05
0,6,isend,b->a,internode,16777216,100,0.00140361178,0.00070180589,23905.7782772,2.19150000191e-05
0,6,bsend,a->b,internode,16777216,100,0.00295764877,0.001478824385,11344.9684561,0.077636921
0,6,bsend,b->a,internode,16777216,100,0.00295719911,0.001478599555,11346.6935272,0.0776897980001
0,6,ssend,a->b,internode,16777216,100,0.00140777665,0.000703888325,23835.0536642,0.0706964909998
0,6,ssend,b->a,internode,16777216,100,0.00140780831,0.000703904155,23834.5176411,0.0706933139999
0,6,send,a->b,internode,33554432,100,0.00280717022,0.00140358511,23906.2325191,0.140579917
0,6,send,b->a,internode,33554432,100,0.00280713889,0.001403569445,23906.4993325,0.14058866
0,6,isend,a->b,internode,33554432,100,0.00280535647,0.001402678235,23921.6886402,2.2238000156e-05
0,6,isend,b->a,internode,33554432,100,0.00280511756,0.00140255878,23923.7260345,2.26629999247e-05
0,6,bsend,a->b,internode,33554432,100,0.00599152365,0.002995761825,11200.6340825,0.158789476
0,6,bsend,b->a,internode,33554432,100,0.00597521202,0.00298760601,11231.2105036,0.158101881
0,6,ssend,a->b,internode,33554432,100,0.00280789851,0.001403949255,23900.0319139,0.14060416
0,6,ssend,b->a,internode,33554432,100,0.00280766909,0.001403834545,23901.9848311,0.140592483
0,7,send,a->b,internode,1,100,4.46318999991e-06,2.23159499996e-06,0.448109984124,2.26539999346e-05
0,7,send,b->a,internode,1,100,4.48879000004e-06,2.24439500002e-06,0.445554369882,2.12899998644e-05
0,7,isend,a->b,internode,1,100,4.58271999975e-06,2.29135999987e-06,0.436422037591,2.33649998052e-05
0,7,isend,b->a,internode,1,100,4.52706000004e-06,2.26353000002e-06,0.441787826974,2.2088999998e-05
0,7,bsend,a->b,internode,1,100,4.68962000014e-06,2.34481000007e-06,0.426473786776,3.1916000097e-05
0,7,bsend,b->a,internode,1,100,4.70328999995e-06,2.35164499998e-06,0.425234250922,3.21809999093e-05
0,7,ssend,a->b,internode,1,100,8.12566000008e-06,4.06283000004e-06,0.246133852509,0.000584238000158
0,7,ssend,b->a,internode,1,100,8.08489000008e-06,4.04244500004e-06,0.247375041588,0.000580278999763
0,7,send,a->b,internode,2,100,4.52641999999e-06,2.26321e-06,0.88370058457,2.22550002604e-05
0,7,send,b->a,internode,2,100,4.57073999996e-06,2.28536999998e-06,0.875131816737,2.07730001307e-05
0,7,isend,a->b,internode,2,100,4.59174000014e-06,2.29587000007e-06,0.871129462879,2.25409999643e-05
0,7,isend,b->a,internode,2,100,4.57364999988e-06,2.28682499994e-06,0.874575011228,2.22640000516e-05
0,7,bsend,a->b,internode,2,100,4.75354999992e-06,2.37677499996e-06,0.841476370306,3.22569999582e-05
0,7,bsend,b->a,internode,2,100,4.74257000008e-06,2.37128500004e-06,0.843424556714,3.26320000852e-05
0,7,ssend,a->b,internode,2,100,8.14810999998e-06,4.07405499999e-06,0.490911389268,0.000585038000025
0,7,ssend,b->a,internode,2,100,8.15251000006e-06,4.07625500003e-06,0.490646438946,0.000586423999948
0,7,send,a->b,internode,4,100,4.53052000012e-06,2.26526000006e-06,1.76580171808,2.13930000257e-05
0,7,send,b->a,internode,4,100,4.55761000012e-06,2.27880500006e-06,1.75530596075,2.11420000085e-05
0,7,isend,a->b,internode,4,100,4.55837999993e-06,2.27918999997e-06,1.75500945514,2.27670002175e-05
0,7,isend,b->a,internode,4,100,4.64738000005e-06,2.32369000003e-06,1.72140001461,2.31089999545e-05
0,7,bsend,a->b,internode,4,100,4.70736000011e-06,2.35368000006e-06,1.69946636752,3.1543000091e-05
0,7,bsend,b->a,internode,4,100,4.70689999986e-06,2.35344999993e-06,1.69963245453,3.19119999688e-05
0,7,ssend,a->b,internode,4,100,8.15172000017e-06,4.07586000009e-06,0.981387976995,0.000588402000119
0,7,ssend,b->a,internode,4,100,8.08879999994e-06,4.04439999997e-06,0.98902185739,0.000579056000191
0,7,send,a->b,internode,8,100,4.4832399999e-06,2.24161999995e-06,3.56884752999,2.09570001175e-05
0,7,send,b->a,internode,8,100,4.48798999997e-06,2.24399499999e-06,3.56507033217,2.09299997209e-05
0,7,isend,a->b,internode,8,100,4.53061999991e-06,2.26530999996e-06,3.53152548665,2.24959997865e-05
0,7,isend,b->a,internode,8,100,4.53015999994e-06,2.26507999997e-06,3.53188408361,2.19490000859e-05
0,7,bsend,a->b,internode,8,100,4.70756000027e-06,2.35378000013e-06,3.39878833176,3.16709998458e-05
0,7,bsend,b->a,internode,8,100,4.72132999988e-06,2.36066499994e-06,3.38887559234,3.32259999141e-05
0,7,ssend,a->b,internode,8,100,8.11534999997e-06,4.05767499998e-06,1.9715723906,0.000582245000118
0,7,ssend,b->a,internode,8,100,8.15591999981e-06,4.0779599999e-06,1.96176519637,0.000585735999977
0,7,send,a->b,internode,16,100,4.53644000004e-06,2.26822000002e-06,7.05398947186,2.23490000906e-05
0,7,send,b->a,internode,16,100,4.52394999996e-06,2.26197499998e-06,7.07346456089,2.17400002782e-05
0,7,isend,a->b,internode,16,100,4.65695999992e-06,2.32847999996e-06,6.87143544298,2.28820001098e-05
0,7,isend,b->a,internode,16,100,4.55921999986e-06,2.27960999993e-06,7.01874443457,2.27729999551e-05
0,7,bsend,a->b,internode,16,100,4.73991999996e-06,2.36995999998e-06,6.75116879615,3.24669999543e-05
0,7,bsend,b->a,internode,16,100,4.83473999992e-06,2.41736999996e-06,6.61876336691,3.36629999254e-05
0,7,ssend,a->b,internode,16,100,8.29949999996e-06,4.14974999998e-06,3.85565395507,0.000601263999755
0,7,ssend,b->a,internode,16,100,8.20721999986e-06,4.10360999993e-06,3.89900599722,0.000589998000066
0,7,send,a->b,internode,32,100,4.58713e-06,2.293565e-06,13.9520789688,2.17470000905e-05
0,7,send,b->a,internode,32,100,4.54268999988e-06,2.27134499994e-06,14.0885686678,2.23660000529e-05
0,7,isend,a->b,internode,32,100,4.57530999995e-06,2.28765499998e-06,13.9881232093,2.28650002327e-05
0,7,isend,b->a,internode,32,100,4.63526999994e-06,2.31763499997e-06,13.8071784386,2.28469999115e-05
0,7,bsend,a->b,internode,32,100,4.77529000023e-06,2.38764500011e-06,13.4023273973,3.25930000429e-05
0,7,bsend,b->a,internode,32,100,4.78665000003e-06,2.39332500001e-06,13.3705200923,3.32129999094e-05
0,7,ssend,a->b,internode,32,100,8.14240000011e-06,4.07120000006e-06,7.86009039093,0.000583591000236
0,7,ssend,b->a,internode,32,100,8.14340000005e-06,4.07170000003e-06,7.85912518108,0.000583343000045
0,7,send,a->b,internode,64,100,4.51099000003e-06,2.25549500001e-06,28.3751460321,2.31460001032e-05
0,7,send,b->a,internode,64,100,4.52274999986e-06,2.26137499993e-06,28.3013653206,2.41980000624e-05
0,7,isend,a->b,internode,64,100,4.54434999995e-06,2.27217499997e-06,28.1668445436,2.28650000054e-05
0,7,isend,b->a,internode,64,100,4.53687999993e-06,2.26843999997e-06,28.2132214213,2.38830000114e-05
0,7,bsend,a->b,internode,64,100,4.7535500002e-06,2.3767750001e-06,26.9272438482,3.3318000078e-05
0,7,bsend,b->a,internode,64,100,4.72873999996e-06,2.36436999998e-06,27.0685214245,3.52149999969e-05
0,7,ssend,a->b,internode,64,100,8.1746699999e-06,4.08733499995e-06,15.658124426,0.000583871999993
0,7,ssend,b->a,internode,64,100,8.15671999987e-06,4.07835999994e-06,15.6925823127,0.000580976999913
0,7,send,a->b,internode,128,100,5.58041999994e-06,2.79020999997e-06,45.874683268,2.28009999717e-05
0,7,send,b->a,internode,128,100,5.55491e-06,2.777455e-06,46.0853551183,2.33119999677e-05
0,7,isend,a->b,internode,128,100,5.61478999998e-06,2.80739499999e-06,45.5938690496,2.40210003142e-05
0,7,isend,b->a,internode,128,100,5.61731999994e-06,2.80865999997e-06,45.5733339035,2.45279998978e-05
0,7,bsend,a->b,internode,128,100,5.7666699999e-06,2.88333499995e-06,44.3930379239,3.31450001454e-05
0,7,bsend,b->a,internode,128,100,5.77792000001e-06,2.88896000001e-06,44.3066016835,3.43329999168e-05
0,7,ssend,a->b,internode,128,100,8.22486000004e-06,4.11243000002e-06,31.1251498504,0.000586535000224
0,7,ssend,b->a,internode,128,100,8.14329999997e-06,4.07164999999e-06,31.4368867659,0.00057892699985
0,7,send,a->b,internode,256,100,5.69974999991e-06,2.84987499995e-06,89.8285012515,0.000370037999915
0,7,send,b->a,internode,256,100,5.73314000007e-06,2.86657000004e-06,89.3053370393,0.000373964999966
0,7,isend,a->b,internode,256,100,5.68381999983e-06,2.84190999992e-06,90.0802629244,1.99079999845e-05
0,7,isend,b->a,internode,256,100,5.65749999993e-06,2.82874999996e-06,90.4993371642,2.00250001683e-05
0,7,bsend,a->b,internode,256,100,6.07465999991e-06,3.03732999996e-06,84.2845525523,4.1226999997e-05
0,7,bsend,b->a,internode,256,100,6.05886000017e-06,3.02943000008e-06,84.5043456997,4.26620000837e-05
0,7,ssend,a->b,internode,256,100,8.15862999985e-06,4.07931499993e-06,62.7556342191,0.00058606999994
0,7,ssend,b->a,internode,256,100,8.13638000011e-06,4.06819000005e-06,62.9272477432,0.000583532000348
0,7,send,a->b,internode,512,100,5.80804999998e-06,2.90402499999e-06,176.307022151,0.000378066999957
0,7,send,b->a,internode,512,100,5.82382000005e-06,2.91191000002e-06,175.829610117,0.000378767000143
0,7,isend,a->b,internode,512,100,5.7855099999e-06,2.89275499995e-06,176.993903739,2.03199998623e-05
0,7,isend,b->a,internode,512,100,5.77822000025e-06,2.88911000013e-06,177.217205291,1.9818999931e-05
0,7,bsend,a->b,internode,512,100,6.20701000003e-06,3.10350500001e-06,164.974762405,4.35999999695e-05
0,7,bsend,b->a,internode,512,100,6.17016999996e-06,3.08508499998e-06,165.959770964,4.26769999251e-05
0,7,ssend,a->b,internode,512,100,8.24419000026e-06,4.12209500013e-06,124.208685143,0.000588757999935
0,7,ssend,b->a,internode,512,100,8.24107999989e-06,4.12053999995e-06,124.255558739,0.000588040000082
0,7,send,a->b,internode,1024,100,5.94771999999e-06,2.97386e-06,344.333627004,0.000381464000071
0,7,send,b->a,internode,1024,100,5.95074999978e-06,2.97537499989e-06,344.158299387,0.000384975999992
0,7,isend,a->b,internode,1024,100,5.90324000001e-06,2.95162e-06,346.928127604,2.01920001643e-05
0,7,isend,b->a,internode,1024,100,5.89273999992e-06,2.94636999996e-06,347.546302743,1.99780000685e-05
0,7,bsend,a->b,internode,1024,100,6.32944999978e-06,3.16472499989e-06,323.566818613,4.1988000163e-05
0,7,bsend,b->a,internode,1024,100,6.28347999992e-06,3.14173999996e-06,325.934036557,4.11979998205e-05
0,7,ssend,a->b,internode,1024,100,8.30130999987e-06,4.15065499993e-06,246.708049697,0.000589517000009
0,7,ssend,b->a,internode,1024,100,8.33314999994e-06,4.16657499997e-06,245.765406841,0.00059203800015
0,7,send,a->b,internode,2048,100,6.23076000011e-06,3.11538000005e-06,657.38368994,0.00039834200004
0,7,send,b->a,internode,2048,100,6.24541000008e-06,3.12270500004e-06,655.8416501,0.000400817000042
0,7,isend,a->b,internode,2048,100,6.38224999989e-06,3.19112499994e-06,641.779936554,2.01930000401e-05
0,7,isend,b->a,internode,2048,100,6.33488000005e-06,3.16744000003e-06,646.578940716,1.97969999363e-05
0,7,bsend,a->b,internode,2048,100,6.91436000011e-06,3.45718000005e-06,592.390329681,5.09020000834e-05
0,7,bsend,b->a,internode,2048,100,6.87529999993e-06,3.43764999997e-06,595.75582157,5.05719997932e-05
0,7,ssend,a->b,internode,2048,100,8.7392399999e-06,4.36961999995e-06,468.690641297,0.000616760000071
0,7,ssend,b->a,internode,2048,100,8.76648000002e-06,4.38324000001e-06,467.234283314,0.000618236999742
0,7,send,a->b,internode,4096,100,6.64996000012e-06,3.32498000006e-06,1231.88710907,0.000419656000048
0,7,send,b->a,internode,4096,100,6.6377600001e-06,3.31888000005e-06,1234.15127993,0.000415107000009
0,7,isend,a->b,internode,4096,100,6.68542e-06,3.34271e-06,1225.35308178,2.01749997757e-05
0,7,isend,b->a,internode,4096,100,6.58705999996e-06,3.29352999998e-06,1243.65042979,1.97060001312e-05
0,7,bsend,a->b,internode,4096,100,7.76948999999e-06,3.88474499999e-06,1054.38066077,7.69639999305e-05
0,7,bsend,b->a,internode,4096,100,7.62963e-06,3.814815e-06,1073.70868574,6.59899999391e-05
0,7,ssend,a->b,internode,4096,100,8.93501000007e-06,4.46750500004e-06,916.842846279,0.00062403299998
0,7,ssend,b->a,internode,4096,100,8.90663999996e-06,4.45331999998e-06,919.763232828,0.000619997000172
0,7,send,a->b,internode,8192,100,7.18508000006e-06,3.59254000003e-06,2280.28080409,0.000438998000106
0,7,send,b->a,internode,8192,100,7.19479999987e-06,3.59739999993e-06,2277.20020019,0.000441496999997
0,7,isend,a->b,internode,8192,100,7.22536000012e-06,3.61268000006e-06,2267.56867474,2.02780000222e-05
0,7,isend,b->a,internode,8192,100,7.20471999983e-06,3.60235999992e-06,2274.06477981,1.97050001702e-05
0,7,bsend,a->b,internode,8192,100,8.6833200001e-06,4.34166000005e-06,1886.83591067,8.88170000906e-05
0,7,bsend,b->a,internode,8192,100,8.67529999994e-06,4.33764999997e-06,1888.58022202,8.69180002496e-05
0,7,ssend,a->b,internode,8192,100,9.5995700002e-06,4.7997850001e-06,1706.7431145,0.000652364000018
0,7,ssend,b->a,internode,8192,100,9.62479999998e-06,4.81239999999e-06,1702.26913806,0.000657894999961
0,7,send,a->b,internode,16384,100,8.35870999992e-06,4.17935499996e-06,3920.22213958,0.000498328999953
0,7,send,b->a,internode,16384,100,8.43375000017e-06,4.21687500008e-06,3885.34163324,0.000503086999998
0,7,isend,a->b,internode,16384,100,8.32986000006e-06,4.16493000003e-06,3933.79960765,2.00359996825e-05
0,7,isend,b->a,internode,16384,100,8.37554000015e-06,4.18777000007e-06,3912.34475621,1.96599999356e-05
0,7,bsend,a->b,internode,16384,100,1.05383600001e-05,5.26918000006e-06,3109.40222194,0.000127076999973
0,7,bsend,b->a,internode,16384,100,1.07094400002e-05,5.3547200001e-06,3059.73048072,0.000131785000008
0,7,ssend,a->b,internode,16384,100,1.092099e-05,5.46049500002e-06,3000.46058094,0.000726628000052
0,7,ssend,b->a,internode,16384,100,1.09185400001e-05,5.45927000005e-06,3001.1338512,0.000715978000073
0,7,send,a->b,internode,32768,100,1.748279e-05,8.74139499999e-06,3748.60076682,0.000869427000026
0,7,send,b->a,internode,32768,100,1.75050000001e-05,8.75250000007e-06,3743.84461579,0.000878706999799
0,7,isend,a->b,internode,32768,100,1.76416799999e-05,8.82083999997e-06,3714.83894959,2.18759999768e-05
0,7,isend,b->a,internode,32768,100,1.770687e-05,8.85343500002e-06,3701.16231722,2.09400001268e-05
0,7,bsend,a->b,internode,32768,100,2.121539e-05,1.0607695e-05,3089.07825875,0.000180924999796
0,7,bsend,b->a,internode,32768,100,2.135487e-05,1.0677435e-05,3068.90184768,0.000180189999952
0,7,ssend,a->b,internode,32768,100,1.96622300001e-05,9.83111500005e-06,3333.09090574,0.00124784400003
0,7,ssend,b->a,internode,32768,100,1.97998300001e-05,9.89991500006e-06,3309.92740845,0.00108331700005
0,7,send,a->b,internode,65536,100,2.141096e-05,1.070548e-05,6121.7245747,0.00103504099997
0,7,send,b->a,internode,65536,100,2.18684499998e-05,1.09342249999e-05,5993.6575295,0.00103574100004
0,7,isend,a->b,internode,65536,100,2.21023699999e-05,1.10511849999e-05,5930.22377242,2.16340000918e-05
0,7,isend,b->a,internode,65536,100,2.23395399999e-05,1.116977e-05,5867.26494818,2.11069997818e-05
0,7,bsend,a->b,internode,65536,100,2.928564e-05,1.464282e-05,4475.64062114,0.000298897000079
0,7,bsend,b->a,internode,65536,100,2.94322599999e-05,1.47161299999e-05,4453.34473128,0.000306647999821
0,7,ssend,a->b,internode,65536,100,2.456817e-05,1.2284085e-05,5335.03309364,0.00162599999996
0,7,ssend,b->a,internode,65536,100,2.43649599997e-05,1.21824799999e-05,5379.52863462,0.0011957779999
0,7,send,a->b,internode,131072,100,2.87965199999e-05,1.439826e-05,9103.32220702,0.00131640099988
0,7,send,b->a,internode,131072,100,2.93116200001e-05,1.46558100001e-05,8943.34738234,0.00131154699989
0,7,isend,a->b,internode,131072,100,2.80451899999e-05,1.4022595e-05,9347.20000116,2.18839998922e-05
0,7,isend,b->a,internode,131072,100,2.84458800002e-05,1.42229400001e-05,9215.53490342,2.11810001076e-05
0,7,bsend,a->b,internode,131072,100,4.208361e-05,2.1041805e-05,6229.12340458,0.000576520000038
0,7,bsend,b->a,internode,131072,100,4.25240999999e-05,2.126205e-05,6164.59842773,0.000578625999964
0,7,ssend,a->b,internode,131072,100,3.13430700001e-05,1.56715350001e-05,8363.69889737,0.00202970800009
0,7,ssend,b->a,internode,131072,100,3.20544100001e-05,1.6027205e-05,8178.09468337,0.00145954299984
0,7,send,a->b,internode,262144,100,4.34834700002e-05,2.17417350001e-05,12057.1794293,0.00217982100023
0,7,send,b->a,internode,262144,100,4.38767699998e-05,2.19383849999e-05,11949.1019964,0.00184324499998
0,7,isend,a->b,internode,262144,100,4.10299000001e-05,2.051495e-05,12778.1934638,2.16689998638e-05
0,7,isend,b->a,internode,262144,100,4.05683099999e-05,2.02841549999e-05,12923.5849362,2.12980001493e-05
0,7,bsend,a->b,internode,262144,100,7.17584e-05,3.58792e-05,7306.29445472,0.00116294100013
0,7,bsend,b->a,internode,262144,100,7.119351e-05,3.5596755e-05,7364.26677095,0.00107499299995
0,7,ssend,a->b,internode,262144,100,4.532469e-05,2.2662345e-05,11567.381928,0.00289737900019
0,7,ssend,b->a,internode,262144,100,4.599756e-05,2.299878e-05,11398.169816,0.00200841800017
0,7,send,a->b,internode,524288,100,6.77908399999e-05,3.38954199999e-05,15467.8124655,0.00366969400008
0,7,send,b->a,internode,524288,100,6.410972e-05,3.205486e-05,16355.9597515,0.00297503599992
0,7,isend,a->b,internode,524288,100,6.51138500001e-05,3.25569250001e-05,16103.7321553,2.1705999842e-05
0,7,isend,b->a,internode,524288,100,6.53432599998e-05,3.26716299999e-05,16047.194462,2.14320001817e-05
0,7,bsend,a->b,internode,524288,100,0.00013930007,6.9650035e-05,7527.46211829,0.00240306900008
0,7,bsend,b->a,internode,524288,100,0.00013132981,6.56649050001e-05,7984.29541624,0.00229796399998
0,7,ssend,a->b,internode,524288,100,6.715453e-05,3.3577265e-05,15614.374786,0.00397967699999
0,7,ssend,b->a,internode,524288,100,6.861383e-05,3.4306915e-05,15282.2834697,0.00310801100008
0,7,send,a->b,internode,1048576,100,0.00011060435,5.5302175e-05,18960.8455725,0.00592460499988
0,7,send,b->a,internode,1048576,100,0.0001097965,5.489825e-05,19100.3538364,0.00513878700008
0,7,isend,a->b,internode,1048576,100,0.00010959593,5.4797965e-05,19135.3091306,2.15509999748e-05
0,7,isend,b->a,internode,1048576,100,0.00011016059,5.50802949999e-05,19037.2255632,2.11760001605e-05
0,7,bsend,a->b,internode,1048576,100,0.00025404841,0.000127024205,8254.93062524,0.00463344999989
0,7,bsend,b->a,internode,1048576,100,0.00025636603,0.000128183015,8180.30376333,0.00465626899998
0,7,ssend,a->b,internode,1048576,100,0.00011247852,5.623926e-05,18644.9110461,0.00636759800011
0,7,ssend,b->a,internode,1048576,100,0.00011315014,5.65750700001e-05,18534.2413186,0.00523751199995
0,7,send,a->b,internode,2097152,100,0.00019673982,9.836991e-05,21319.0395315,0.0102898130001
0,7,send,b->a,internode,2097152,100,0.00019699397,9.84969850001e-05,21291.5349642,0.00946761299997
0,7,isend,a->b,internode,2097152,100,0.00019538663,9.7693315e-05,21466.6888927,2.18489999781e-05
0,7,isend,b->a,internode,2097152,100,0.00019553191,9.7765955e-05,21450.7391658,2.15690000687e-05
0,7,bsend,a->b,internode,2097152,100,0.00048866592,0.00024433296,8583.17273282,0.00919133600013
0,7,bsend,b->a,internode,2097152,100,0.00049047336,0.00024523668,8551.54294211,0.00921548099993
0,7,ssend,a->b,internode,2097152,100,0.00019748212,9.874106e-05,21238.9050715,0.0105598569999
0,7,ssend,b->a,internode,2097152,100,0.0001978054,9.89027e-05,21204.1936166,0.00958357499988
0,7,send,a->b,internode,4194304,100,0.00036526232,0.00018263116,22965.9823658,0.0186435570001
0,7,send,b->a,internode,4194304,100,0.00036526142,0.00018263071,22966.0389537,0.0182028419999
0,7,isend,a->b,internode,4194304,100,0.00036348032,0.00018174016,23078.5754783,2.20970000271e-05
0,7,isend,b->a,internode,4194304,100,0.00036344569,0.000181722845,23080.7744618,2.11390003813e-05
0,7,bsend,a->b,internode,4194304,100,0.00094905552,0.00047452776,8838.90122677,0.0185276369999
0,7,bsend,b->a,internode,4194304,100,0.00094816163,0.000474080815,8847.23419993,0.0184435309999
0,7,ssend,a->b,internode,4194304,100,0.00036746361,0.000183731805,22828.4046956,0.0189333320001
0,7,ssend,b->a,internode,4194304,100,0.00036733434,0.00018366717,22836.4383248,0.0182497250002
0,7,send,a->b,internode,8388608,100,0.00071267214,0.00035633607,23541.2822508,0.0361776150001
0,7,send,b->a,internode,8388608,100,0.00071267238,0.00035633619,23541.274323,0.0357322600001
0,7,isend,a->b,internode,8388608,100,0.00070618019,0.000353090095,23757.6984424,2.16090000151e-05
0,7,isend,b->a,internode,8388608,100,0.00070462116,0.00035231058,23810.2642277,2.15269998591e-05
0,7,bsend,a->b,internode,8388608,100,0.00190174516,0.00095087258,8822.01062102,0.037611765
0,7,bsend,b->a,internode,8388608,100,0.00189816966,0.00094908483,8838.62826045,0.0375362070001
0,7,ssend,a->b,internode,8388608,100,0.00071446405,0.000357232025,23482.2395892,0.0363831769999
0,7,ssend,b->a,internode,8388608,100,0.00071341168,0.00035670584,23516.8787817,0.035739533
0,7,send,a->b,internode,16777216,100,0.00141282785,0.000706413925,23749.8376041,0.0711919640001
0,7,send,b->a,internode,16777216,100,0.00141365536,0.00070682768,23735.9351858,0.070709078
0,7,isend,a->b,internode,16777216,100,0.00140895458,0.00070447729,23815.1268155,2.22030001851e-05
0,7,isend,b->a,internode,16777216,100,0.00140892071,0.000704460355,23815.6993235,2.16409999609e-05
0,7,bsend,a->b,internode,16777216,100,0.00323564446,0.00161782223,10370.2469214,0.0782632650001
0,7,bsend,b->a,internode,16777216,100,0.00326615848,0.00163307924,10273.3630978,0.077491153
0,7,ssend,a->b,internode,16777216,100,0.00141307153,0.000706535765,23745.7420149,0.0712142429998
0,7,ssend,b->a,internode,16777216,100,0.00141441501,0.000707207505,23723.1871571,0.070679147
0,7,send,a->b,internode,33554432,100,0.00282011225,0.001410056125,23796.5222838,0.141781847
0,7,send,b->a,internode,33554432,100,0.00281991604,0.00140995802,23798.1780479,0.140563381
0,7,isend,a->b,internode,33554432,100,0.00281646591,0.001408232955,23827.3304718,2.18279999729e-05
0,7,isend,b->a,internode,33554432,100,0.00281995733,0.001409978665,23797.8295934,2.24559998117e-05
0,7,bsend,a->b,internode,33554432,100,0.00619740095,0.003098700475,10828.5496681,0.159368162
0,7,bsend,b->a,internode,33554432,100,0.00620261536,0.00310130768,10819.4463311,0.158260544
0,7,ssend,a->b,internode,33554432,100,0.00282237838,0.00141118919,23777.4156986,0.142057076
0,7,ssend,b->a,internode,33554432,100,0.00282120461,0.001410602305,23787.3083583,0.140635044
1,2,send,a->b,internode,1,100,3.84050999997e-06,1.92025499999e-06,0.520764169345,2.15220000541e-05
1,2,send,b->a,internode,1,100,3.80102999998e-06,1.90051499999e-06,0.526173168855,2.1855e-05
1,2,isend,a->b,internode,1,100,3.84913000005e-06,1.92456500002e-06,0.519597935111,2.51930001411e-05
1,2,isend,b->a,internode,1,100,3.8737700001e-06,1.93688500005e-06,0.516292913609,2.73550000429e-05
1,2,bsend,a->b,internode,1,100,3.99871000013e-06,1.99935500007e-06,0.500161302003,3.23920003211e-05
1,2,bsend,b->a,internode,1,100,4.01003000007e-06,2.00501500004e-06,0.498749385906,3.22270000765e-05
1,2,ssend,a->b,internode,1,100,7.44337000015e-06,3.72168500007e-06,0.268695496793,0.00051323400001
1,2,ssend,b->a,internode,1,100,7.4323299998e-06,3.7161649999e-06,0.269094617711,0.000510800000171
1,2,send,a->b,internode,2,100,3.78740999992e-06,1.89370499996e-06,1.05613070676,2.16450002597e-05
1,2,send,b->a,internode,2,100,3.82877999982e-06,1.91438999991e-06,1.04471920564,2.11359999867e-05
1,2,isend,a->b,internode,2,100,3.86606000006e-06,1.93303000003e-06,1.03464509085,2.25239998883e-05
1,2,isend,b->a,internode,2,100,3.87848000003e-06,1.93924000001e-06,1.03133186196,2.39420001549e-05
1,2,bsend,a->b,internode,2,100,4.01834999991e-06,2.00917499996e-06,0.995433449075,3.23130000197e-05
1,2,bsend,b->a,internode,2,100,3.99549999997e-06,1.99774999999e-06,1.00112626706,3.21950003013e-05
1,2,ssend,a->b,internode,2,100,7.45248000015e-06,3.72624000008e-06,0.536734080456,0.000513149999819
1,2,ssend,b->a,internode,2,100,7.45989000023e-06,3.72994500012e-06,0.536200935922,0.000515097999966
1,2,send,a->b,internode,4,100,3.79331999994e-06,1.89665999997e-06,2.10897050608,2.23399999868e-05
1,2,send,b->a,internode,4,100,3.81505999997e-06,1.90752999998e-06,2.09695260365,2.22240000767e-05
1,2,isend,a->b,internode,4,100,3.8737700001e-06,1.93688500005e-06,2.06517165443,2.26340001745e-05
1,2,isend,b->a,internode,4,100,3.8373999999e-06,1.91869999995e-06,2.0847448794,2.31079999367e-05
1,2,bsend,a->b,internode,4,100,4.06093000009e-06,2.03046500005e-06,1.96999209536,3.2978999883e-05
1,2,bsend,b->a,internode,4,100,3.99459999983e-06,1.99729999991e-06,2.00270365001,3.18900000593e-05
1,2,ssend,a->b,internode,4,100,7.4582000002e-06,3.7291000001e-06,1.07264487407,0.000512861999965
1,2,ssend,b->a,internode,4,100,7.46941000017e-06,3.73470500008e-06,1.07103506165,0.00051597700002
1,2,send,a->b,internode,8,100,3.81927000006e-06,1.90963500003e-06,4.18928224497,2.10489999972e-05
1,2,send,b->a,internode,8,100,3.82227000017e-06,1.91113500009e-06,4.18599418651,2.24940000919e-05
1,2,isend,a->b,internode,8,100,3.90303000017e-06,1.95151500009e-06,4.09937920008,2.48520000525e-05
1,2,isend,b->a,internode,8,100,3.92035999994e-06,1.96017999997e-06,4.08125784373,2.43360001093e-05
1,2,bsend,a->b,internode,8,100,3.9982200002e-06,1.9991100001e-06,4.00178079225,3.26420000931e-05
1,2,bsend,b->a,internode,8,100,4.01645000011e-06,2.00822500005e-06,3.98361737344,3.20009998518e-05
1,2,ssend,a->b,internode,8,100,7.49196000015e-06,3.74598000008e-06,2.13562272085,0.000514293999856
1,2,ssend,b->a,internode,8,100,7.46910000004e-06,3.73455000002e-06,2.14215902852,0.000516412000025
1,2,send,a->b,internode,16,100,3.8141600001e-06,1.90708000005e-06,8.3897896258,2.31679998421e-05
1,2,send,b->a,internode,16,100,3.83689000017e-06,1.91844500009e-06,8.34008793543,2.27119999181e-05
1,2,isend,a->b,internode,16,100,3.87287999985e-06,1.93643999992e-06,8.26258495003,2.18960002201e-05
1,2,isend,b->a,internode,16,100,3.8574300001e-06,1.92871500005e-06,8.2956787289,2.28690000768e-05
1,2,bsend,a->b,internode,16,100,4.02215999998e-06,2.01107999999e-06,7.95592418009,3.24700002068e-05
1,2,bsend,b->a,internode,16,100,4.02926999982e-06,2.01463499991e-06,7.94188525501,3.29350002062e-05
1,2,ssend,a->b,internode,16,100,7.48614999992e-06,3.74307499996e-06,4.27456035483,0.000514586000094
1,2,ssend,b->a,internode,16,100,7.50496999984e-06,3.75248499992e-06,4.26384116135,0.000515984000089
1,2,send,a->b,internode,32,100,3.80524000008e-06,1.90262000004e-06,16.8189128672,2.13989999622e-05
1,2,send,b->a,internode,32,100,3.83879999987e-06,1.91939999993e-06,16.6718766287,2.43389999355e-05
1,2,isend,a->b,internode,32,100,3.93319000011e-06,1.96659500006e-06,16.2717793949,2.81860000371e-05
1,2,isend,b->a,internode,32,100,3.92166000012e-06,1.96083000006e-06,16.3196197524,2.99279999183e-05
1,2,bsend,a->b,internode,32,100,4.01453999984e-06,2.00726999992e-06,15.9420506465,3.29840000575e-05
1,2,bsend,b->a,internode,32,100,4.03057e-06,2.015285e-06,15.878647437,3.29760000568e-05
1,2,ssend,a->b,internode,32,100,7.49227e-06,3.746135e-06,8.54213742964,0.000514836999855
1,2,ssend,b->a,internode,32,100,7.48442999992e-06,3.74221499996e-06,8.55108538669,0.000515674000013
1,2,send,a->b,internode,64,100,3.87096999987e-06,1.93548499993e-06,33.0666473789,2.71539998948e-05
1,2,send,b->a,internode,64,100,3.88579000003e-06,1.94289500001e-06,32.9405346144,2.42180001635e-05
1,2,isend,a->b,internode,64,100,3.93780000024e-06,1.96890000012e-06,32.5054598995,2.8220000047e-05
1,2,isend,b->a,internode,64,100,3.94991999997e-06,1.97495999998e-06,32.4057196098,2.28640001581e-05
1,2,bsend,a->b,internode,64,100,4.04019000001e-06,2.02009500001e-06,31.6816783368,3.47350000709e-05
1,2,bsend,b->a,internode,64,100,4.04930999991e-06,2.02465499996e-06,31.6103237348,3.41849998335e-05
1,2,ssend,a->b,internode,64,100,7.53825000004e-06,3.76912500002e-06,16.9800683182,0.000517887000115
1,2,ssend,b->a,internode,64,100,7.52290999998e-06,3.76145499999e-06,17.0146924528,0.000519264999838
1,2,send,a->b,internode,128,100,4.88418999993e-06,2.44209499996e-06,52.4140133786,2.36350001899e-05
1,2,send,b->a,internode,128,100,4.89264000009e-06,2.44632000005e-06,52.3234899758,2.36840000127e-05
1,2,isend,a->b,internode,128,100,4.93739999996e-06,2.46869999998e-06,51.8491513756,2.41649998713e-05
1,2,isend,b->a,internode,128,100,4.93943000009e-06,2.46971500005e-06,51.8278424829,2.34119998765e-05
1,2,bsend,a->b,internode,128,100,5.10843000001e-06,2.554215e-06,50.1132441865,3.51189998469e-05
1,2,bsend,b->a,internode,128,100,5.13519999998e-06,2.56759999999e-06,49.8520018696,3.41879999155e-05
1,2,ssend,a->b,internode,128,100,7.5817299998e-06,3.7908649999e-06,33.7653807253,0.000516411000177
1,2,ssend,b->a,internode,128,100,7.49163999984e-06,3.74581999992e-06,34.1714230803,0.000510458999941
1,2,send,a->b,internode,256,100,5.01654999994e-06,2.50827499997e-06,102.062174205,0.000301277000204
1,2,send,b->a,internode,256,100,5.00385000009e-06,2.50192500005e-06,102.321212664,0.000299652000052
1,2,isend,a->b,internode,256,100,4.99250000018e-06,2.49625000009e-06,102.553830742,2.02519999846e-05
1,2,isend,b->a,internode,256,100,4.95205000021e-06,2.47602500011e-06,103.391524718,1.96349999158e-05
1,2,bsend,a->b,internode,256,100,5.41319999996e-06,2.70659999998e-06,94.5836104344,4.20050001821e-05
1,2,bsend,b->a,internode,256,100,5.39048999997e-06,2.69524499998e-06,94.9820888274,4.17910002e-05
1,2,ssend,a->b,internode,256,100,7.44598000011e-06,3.72299000006e-06,68.7619359698,0.000511865000135
1,2,ssend,b->a,internode,256,100,7.47561999987e-06,3.73780999993e-06,68.4893025607,0.000514164000037
1,2,send,a->b,internode,512,100,5.09198999993e-06,2.54599499996e-06,201.100159273,0.000305413999712
1,2,send,b->a,internode,512,100,5.10243000008e-06,2.55121500004e-06,200.688691464,0.000306451999876
1,2,isend,a->b,internode,512,100,5.07946999988e-06,2.53973499994e-06,201.595835791,2.06459998822e-05
1,2,isend,b->a,internode,512,100,5.08099000001e-06,2.54049500001e-06,201.535527525,1.97540000784e-05
1,2,bsend,a->b,internode,512,100,5.46841000016e-06,2.73420500008e-06,187.257356338,4.24430000692e-05
1,2,bsend,b->a,internode,512,100,5.47866000005e-06,2.73933000003e-06,186.907017408,4.22510000533e-05
1,2,ssend,a->b,internode,512,100,7.57631999988e-06,3.78815999994e-06,135.157965875,0.000519251000014
1,2,ssend,b->a,internode,512,100,7.60195999987e-06,3.80097999994e-06,134.702103144,0.000517495999929
1,2,send,a->b,internode,1024,100,5.23847000011e-06,2.61923500005e-06,390.953847203,0.000314293999992
1,2,send,b->a,internode,1024,100,5.23338999983e-06,2.61669499992e-06,391.333342263,0.000312472999951
1,2,isend,a->b,internode,1024,100,5.21752999987e-06,2.60876499993e-06,392.522898776,2.084200014e-05
1,2,isend,b->a,internode,1024,100,5.21044999999e-06,2.605225e-06,393.056261936,1.97239999693e-05
1,2,bsend,a->b,internode,1024,100,5.61818999984e-06,2.80909499992e-06,364.530213478,4.11859998337e-05
1,2,bsend,b->a,internode,1024,100,5.63826999979e-06,2.8191349999e-06,363.231984292,4.1394999954e-05
1,2,ssend,a->b,internode,1024,100,7.73792000018e-06,3.86896000009e-06,264.67060915,0.000524615999893
1,2,ssend,b->a,internode,1024,100,7.70785999975e-06,3.85392999988e-06,265.702802083,0.000526042000132
1,2,send,a->b,internode,2048,100,5.5089899999e-06,2.75449499995e-06,743.511968633,0.00032624099984
1,2,send,b->a,internode,2048,100,5.50993000019e-06,2.75496500009e-06,743.38512465,0.000326339999987
1,2,isend,a->b,internode,2048,100,5.51631000008e-06,2.75815500004e-06,742.52534755,2.08389998875e-05
1,2,isend,b->a,internode,2048,100,5.53006000018e-06,2.76503000009e-06,740.679124614,1.9850999962e-05
1,2,bsend,a->b,internode,2048,100,6.12074999992e-06,3.06037499996e-06,669.199036074,4.96429998122e-05
1,2,bsend,b->a,internode,2048,100,6.14654999993e-06,3.07327499996e-06,666.390088757,5.0627999741e-05
1,2,ssend,a->b,internode,2048,100,7.92879000016e-06,3.96439500008e-06,516.598371241,0.00053838600013
1,2,ssend,b->a,internode,2048,100,7.93260000023e-06,3.96630000012e-06,516.350250848,0.000535913999784
1,2,send,a->b,internode,4096,100,5.75284999996e-06,2.87642499998e-06,1423.98984852,0.000332951999951
1,2,send,b->a,internode,4096,100,5.77163000003e-06,2.88581500001e-06,1419.35640364,0.000334250999884
1,2,isend,a->b,internode,4096,100,5.77479000015e-06,2.88739500007e-06,1418.57972321,2.06409999635e-05
1,2,isend,b->a,internode,4096,100,5.75770000012e-06,2.87885000006e-06,1422.79035028,1.99059997499e-05
1,2,bsend,a->b,internode,4096,100,6.83100000003e-06,3.41550000002e-06,1199.23876445,6.12149999881e-05
1,2,bsend,b->a,internode,4096,100,6.78207999982e-06,3.39103999991e-06,1207.88902523,6.14929998619e-05
1,2,ssend,a->b,internode,4096,100,8.17987000005e-06,4.08993500002e-06,1001.48290865,0.000551377999898
1,2,ssend,b->a,internode,4096,100,8.20571999981e-06,4.1028599999e-06,998.327995617,0.000547896999905
1,2,send,a->b,internode,8192,100,6.33265999994e-06,3.16632999997e-06,2587.22243104,0.000362531000121
1,2,send,b->a,internode,8192,100,6.31988999999e-06,3.15994499999e-06,2592.45018506,0.000360409999956
1,2,isend,a->b,internode,8192,100,6.32413999995e-06,3.16206999997e-06,2590.70798561,2.03549999469e-05
1,2,isend,b->a,internode,8192,100,6.30656000027e-06,3.15328000013e-06,2597.9297746,1.99770000506e-05
1,2,bsend,a->b,internode,8192,100,7.98970999995e-06,3.99485499997e-06,2050.63763267,8.63979998655e-05
1,2,bsend,b->a,internode,8192,100,8.00513999991e-06,4.00256999995e-06,2046.68500491,8.7759000138e-05
1,2,ssend,a->b,internode,8192,100,8.72551000015e-06,4.36275500007e-06,1877.71259213,0.000576487000274
1,2,ssend,b->a,internode,8192,100,8.78674000006e-06,4.39337000003e-06,1864.62783693,0.000580566999986
1,2,send,a->b,internode,16384,100,7.05042999982e-06,3.52521499991e-06,4647.65978824,0.000396871999811
1,2,send,b->a,internode,16384,100,7.02515e-06,3.512575e-06,4664.38439037,0.000393858999928
1,2,isend,a->b,internode,16384,100,7.00353000013e-06,3.50176500007e-06,4678.78341342,2.05769999297e-05
1,2,isend,b->a,internode,16384,100,6.98397000008e-06,3.49198500004e-06,4691.88727896,1.98820000037e-05
1,2,bsend,a->b,internode,16384,100,9.51090000001e-06,4.75545e-06,3445.31011786,0.000122991999888
1,2,bsend,b->a,internode,16384,100,9.54440000015e-06,4.77220000008e-06,3433.21738396,0.000133100000056
1,2,ssend,a->b,internode,16384,100,9.47903999986e-06,4.73951999993e-06,3456.89014926,0.000614709000075
1,2,ssend,b->a,internode,16384,100,9.44161000007e-06,4.72080500003e-06,3470.59452782,0.000609967999935
1,2,send,a->b,internode,32768,100,1.56319500002e-05,7.81597500009e-06,4192.439203,0.000675662999839
1,2,send,b->a,internode,32768,100,1.563785e-05,7.81892500001e-06,4190.85743884,0.000682334999993
1,2,isend,a->b,internode,32768,100,1.56515899999e-05,7.82579499997e-06,4187.17842725,2.22480000787e-05
1,2,isend,b->a,internode,32768,100,1.564417e-05,7.82208499999e-06,4189.16439799,2.14880000442e-05
1,2,bsend,a->b,internode,32768,100,1.94751800001e-05,9.73759000004e-06,3365.1036858,0.000175811000048
1,2,bsend,b->a,internode,32768,100,1.95261499999e-05,9.76307499997e-06,3356.31960219,0.000185051999949
1,2,ssend,a->b,internode,32768,100,1.81878200002e-05,9.09391000008e-06,3603.29055376,0.00087006399994
1,2,ssend,b->a,internode,32768,100,1.810191e-05,9.05095500002e-06,3620.39143935,0.00122412700006
1,2,send,a->b,internode,65536,100,2.25956099999e-05,1.12978049999e-05,5800.77280501,0.000825505000051
1,2,send,b->a,internode,65536,100,2.259667e-05,1.1298335e-05,5800.50069323,0.00082626400004
1,2,isend,a->b,internode,65536,100,2.24213800001e-05,1.12106900001e-05,5845.84891738,2.21120001243e-05
1,2,isend,b->a,internode,65536,100,2.23909799999e-05,1.11954899999e-05,5853.78576554,2.14469998809e-05
1,2,bsend,a->b,internode,65536,100,2.95293100001e-05,1.47646550001e-05,4438.70852382,0.000272066999997
1,2,bsend,b->a,internode,65536,100,2.95571999999e-05,1.47785999999e-05,4434.52018461,0.000294862000061
1,2,ssend,a->b,internode,65536,100,2.48232500002e-05,1.24116250001e-05,5280.21109239,0.0010052130001
1,2,ssend,b->a,internode,65536,100,2.49571200001e-05,1.24785600001e-05,5251.88803834,0.00177787900003
1,2,send,a->b,internode,131072,100,3.44002900002e-05,1.72001450001e-05,7620.40087449,0.00109710999996
1,2,send,b->a,internode,131072,100,3.40628800001e-05,1.703144e-05,7695.88478718,0.00109632400003
1,2,isend,a->b,internode,131072,100,3.49341999998e-05,1.74670999999e-05,7503.93597109,2.21909998857e-05
1,2,isend,b->a,internode,131072,100,3.500871e-05,1.7504355e-05,7487.96513782,2.13899999153e-05
1,2,bsend,a->b,internode,131072,100,5.059751e-05,2.5298755e-05,5180.96641514,0.000514926000051
1,2,bsend,b->a,internode,131072,100,5.070558e-05,2.535279e-05,5169.92409908,0.000556904000177
1,2,ssend,a->b,internode,131072,100,3.64100100001e-05,1.8205005e-05,7199.77830271,0.00128363099998
1,2,ssend,b->a,internode,131072,100,3.72898100002e-05,1.86449050001e-05,7029.9097796,0.00273905400019
1,2,send,a->b,internode,262144,100,5.17126400001e-05,2.58563200001e-05,10138.488385,0.00164554300025
1,2,send,b->a,internode,262144,100,5.154339e-05,2.5771695e-05,10171.7795434,0.00283962899999
1,2,isend,a->b,internode,262144,100,5.05383999999e-05,2.52691999999e-05,10374.0522059,2.22910000502e-05
1,2,isend,b->a,internode,262144,100,5.07050799999e-05,2.53525399999e-05,10339.9501589,2.14809999477e-05
1,2,bsend,a->b,internode,262144,100,9.39900200001e-05,4.699501e-05,5578.12414552,0.00108121399987
1,2,bsend,b->a,internode,262144,100,9.416738e-05,4.708369e-05,5567.61800105,0.00117059999963
1,2,ssend,a->b,internode,262144,100,5.25663599998e-05,2.62831799999e-05,9973.83117267,0.00181741899991
1,2,ssend,b->a,internode,262144,100,5.4035e-05,2.70175e-05,9702.74821875,0.00387502899989
1,2,send,a->b,internode,524288,100,8.12809200002e-05,4.06404600001e-05,12900.6413805,0.00273336899991
1,2,send,b->a,internode,524288,100,8.02647700002e-05,4.01323850001e-05,13063.9631808,0.00504130600004
1,2,isend,a->b,internode,524288,100,7.70477700001e-05,3.85238850001e-05,13609.4269827,2.21170002703e-05
1,2,isend,b->a,internode,524288,100,7.73502499999e-05,3.86751249999e-05,13556.2069935,2.16779997402e-05
1,2,bsend,a->b,internode,524288,100,0.00018184466,9.092233e-05,5766.32824961,0.00232874699984
1,2,bsend,b->a,internode,524288,100,0.0001819686,9.09842999999e-05,5762.40076585,0.00241725500004
1,2,ssend,a->b,internode,524288,100,8.07226700002e-05,4.03613350001e-05,12989.8577438,0.00289691099997
1,2,ssend,b->a,internode,524288,100,7.944229e-05,3.9721145e-05,13199.2166892,0.005339198
1,2,send,a->b,internode,1048576,100,0.00012066159,6.0330795e-05,17380.4439341,0.00491430600027
1,2,send,b->a,internode,1048576,100,0.00012086296,6.04314799999e-05,17351.4863446,0.00720144199988
1,2,isend,a->b,internode,1048576,100,0.0001183065,5.915325e-05,17726.4309231,2.21079999676e-05
1,2,isend,b->a,internode,1048576,100,0.0001187072,5.93536e-05,17666.5947811,2.1629000031e-05
1,2,bsend,a->b,internode,1048576,100,0.0002858266,0.0001429133,7337.14776722,0.00464571200021
1,2,bsend,b->a,internode,1048576,100,0.00028582015,0.000142910075,7337.31334198,0.00462206000014
1,2,ssend,a->b,internode,1048576,100,0.00012260619,6.13030949999e-05,17104.7807619,0.00504965699977
1,2,ssend,b->a,internode,1048576,100,0.00012229392,6.114696e-05,17148.4567671,0.00747049599988
1,2,send,a->b,internode,2097152,100,0.0002184306,0.0001092153,19201.9982548,0.00927075000004
1,2,send,b->a,internode,2097152,100,0.00021898316,0.00010949158,19153.5458708,0.012576395
1,2,isend,a->b,internode,2097152,100,0.00020695416,0.00010347708,20266.8262382,2.2301000115e-05
1,2,isend,b->a,internode,2097152,100,0.00020810069,0.000104050345,20155.1662323,2.12550001208e-05
1,2,bsend,a->b,internode,2097152,100,0.00056556631,0.000282783155,7416.11359418,0.00920599699992
1,2,bsend,b->a,internode,2097152,100,0.00056566879,0.000282834395,7414.77004592,0.00918712599994
1,2,ssend,a->b,internode,2097152,100,0.00021950325,0.000109751625,19108.1635466,0.00937549499997
1,2,ssend,b->a,internode,2097152,100,0.00022069707,0.000110348535,19004.8014684,0.0129952480002
1,2,send,a->b,internode,4194304,100,0.00039743687,0.000198718435,21106.7684787,0.0179740680001
1,2,send,b->a,internode,4194304,100,0.00039628015,0.000198140075,21168.377977,0.0217748550001
1,2,isend,a->b,internode,4194304,100,0.0003907854,0.0001953927,21466.0220162,2.21470000952e-05
1,2,isend,b->a,internode,4194304,100,0.00038765281,0.000193826405,21639.4871483,2.13769999675e-05
1,2,bsend,a->b,internode,4194304,100,0.00112494393,0.000562471965,7456.91209694,0.018504097
1,2,bsend,b->a,internode,4194304,100,0.00112582232,0.00056291116,7451.09405896,0.0184823860001
1,2,ssend,a->b,internode,4194304,100,0.00039965418,0.00019982709,20989.6666163,0.0180537479999
1,2,ssend,b->a,internode,4194304,100,0.00039840906,0.00019920453,21055.2641549,0.0221336780001
1,2,send,a->b,internode,8388608,100,0.00074362276,0.00037181138,22561.4611366,0.0354782989999
1,2,send,b->a,internode,8388608,100,0.00075215218,0.00037607609,22305.613739,0.040164574
1,2,isend,a->b,internode,8388608,100,0.00074966465,0.000374832325,22379.628011,2.22869999789e-05
1,2,isend,b->a,internode,8388608,100,0.00073946822,0.00036973411,22688.2177574,2.15670001182e-05
1,2,bsend,a->b,internode,8388608,100,0.00223480427,0.001117402135,7507.24178632,0.0374522279999
1,2,bsend,b->a,internode,8388608,100,0.00223423729,0.001117118645,7509.14689102,0.0374918879999
1,2,ssend,a->b,internode,8388608,100,0.00075285043,0.000376425215,22284.9258385,0.0354829539999
1,2,ssend,b->a,internode,8388608,100,0.00075726845,0.000378634225,22154.9121715,0.0407642950001
1,2,send,a->b,internode,16777216,100,0.00147793178,0.00073896589,22703.6406241,0.0702778529999
1,2,send,b->a,internode,16777216,100,0.00147434728,0.00073717364,22758.8387452,0.077456233
1,2,isend,a->b,internode,16777216,100,0.00146844042,0.00073422021,22850.3870794,2.25040000998e-05
1,2,isend,b->a,internode,16777216,100,0.00146690814,0.00073345407,22874.2557799,2.19569999445e-05
1,2,bsend,a->b,internode,16777216,100,0.003653236,0.001826618,9184.85200518,0.0776195029999
1,2,bsend,b->a,internode,16777216,100,0.00371447173,0.001857235865,9033.43313371,0.0771683640001
1,2,ssend,a->b,internode,16777216,100,0.00147737052,0.00073868526,22712.2658438,0.0703330469998
1,2,ssend,b->a,internode,16777216,100,0.00147041321,0.000735206605,22819.7297003,0.0771641250002
1,2,send,a->b,internode,33554432,100,0.00290100274,0.00145050137,23132.9888368,0.139971114
1,2,send,b->a,internode,33554432,100,0.00290363089,0.001451815445,23112.0505816,0.150601475
1,2,isend,a->b,internode,33554432,100,0.00290647215,0.001453236075,23089.4570932,2.31789999816e-05
1,2,isend,b->a,internode,33554432,100,0.00291332707,0.001456663535,23035.1286991,2.15089999642e-05
1,2,bsend,a->b,internode,33554432,100,0.00655833673,0.003279168365,10232.6042048,0.159282316
1,2,bsend,b->a,internode,33554432,100,0.00655368208,0.00327684104,10239.8717516,0.160772773
1,2,ssend,a->b,internode,33554432,100,0.00290703242,0.00145351621,23085.0070809,0.140053469
1,2,ssend,b->a,internode,33554432,100,0.00290316057,0.001451580285,23115.7947974,0.150656057
1,3,send,a->b,internode,1,100,3.83769999985e-06,1.91884999992e-06,0.521145477781,2.0845000023e-05
1,3,send,b->a,internode,1,100,3.79551999998e-06,1.89775999999e-06,0.52693702049,2.29250000814e-05
1,3,isend,a->b,internode,1,100,3.85593999994e-06,1.92796999997e-06,0.51868026993,2.43569999725e-05
1,3,isend,b->a,internode,1,100,3.84691999983e-06,1.92345999992e-06,0.519896436653,2.22929998301e-05
1,3,bsend,a->b,internode,1,100,4.03448000014e-06,2.01724000007e-06,0.495726834667,3.251199999e-05
1,3,bsend,b->a,internode,1,100,4.03196999997e-06,2.01598499999e-06,0.496035436775,3.22590000508e-05
1,3,ssend,a->b,internode,1,100,7.46351000004e-06,3.73175500002e-06,0.267970432141,0.000515358999934
1,3,ssend,b->a,internode,1,100,7.53261999989e-06,3.76630999995e-06,0.265511867057,0.000518897000006
1,3,send,a->b,internode,2,100,3.78981000011e-06,1.89490500006e-06,1.05546188328,2.12119999503e-05
1,3,send,b->a,internode,2,100,3.79291000002e-06,1.89645500001e-06,1.0545992391,2.20270000568e-05
1,3,isend,a->b,internode,2,100,3.87087000007e-06,1.93543500004e-06,1.03335942564,2.53009998517e-05
1,3,isend,b->a,internode,2,100,3.89992000009e-06,1.94996000005e-06,1.02566206484,2.17540001017e-05
1,3,bsend,a->b,internode,2,100,4.00592999995e-06,2.00296499997e-06,0.998519694566,3.22740001764e-05
1,3,bsend,b->a,internode,2,100,4.00511999999e-06,2.00255999999e-06,0.998721636309,3.25040000178e-05
1,3,ssend,a->b,internode,2,100,7.47724000007e-06,3.73862000004e-06,0.534956748742,0.000516207999908
1,3,ssend,b->a,internode,2,100,7.47091000022e-06,3.73545500011e-06,0.535410010277,0.000515035999939
1,3,send,a->b,internode,4,100,3.82899000016e-06,1.91449500008e-06,2.08932381638,2.3555000098e-05
1,3,send,b->a,internode,4,100,3.82005999995e-06,1.91002999998e-06,2.0942079444,2.10019998406e-05
1,3,isend,a->b,internode,4,100,3.86124999977e-06,1.93062499989e-06,2.07186791854,2.41399998515e-05
1,3,isend,b->a,internode,4,100,3.88259000005e-06,1.94129500002e-06,2.06048024641,2.20630000456e-05
1,3,bsend,a->b,internode,4,100,4.00202000009e-06,2.00101000004e-06,1.99899050975,3.23220002088e-05
1,3,bsend,b->a,internode,4,100,3.98808999989e-06,1.99404499995e-06,2.00597278402,3.18510001875e-05
1,3,ssend,a->b,internode,4,100,7.48764999997e-06,3.74382499999e-06,1.06842600816,0.000512655999927
1,3,ssend,b->a,internode,4,100,7.44255000001e-06,3.721275e-06,1.07490040376,0.000513041000005
1,3,send,a->b,internode,8,100,3.84542000006e-06,1.92271000003e-06,4.16079387941,2.44199999315e-05
1,3,send,b->a,internode,8,100,3.83048000003e-06,1.91524000002e-06,4.17702220084,2.14909999272e-05
1,3,isend,a->b,internode,8,100,3.90173e-06,1.950865e-06,4.10074505412,2.58440001346e-05
1,3,isend,b->a,internode,8,100,3.92086000005e-06,1.96043000003e-06,4.08073738919,2.13059999794e-05
1,3,bsend,a->b,internode,8,100,3.99259999995e-06,1.99629999997e-06,4.00741371543,3.24469999384e-05
1,3,bsend,b->a,internode,8,100,3.99259999995e-06,1.99629999997e-06,4.00741371543,3.14899998841e-05
1,3,ssend,a->b,internode,8,100,7.44588000003e-06,3.72294000002e-06,2.14883935813,0.000513587999905
1,3,ssend,b->a,internode,8,100,7.45937999994e-06,3.72968999997e-06,2.14495038463,0.00051511999996
1,3,send,a->b,internode,16,100,3.82677999994e-06,1.91338999997e-06,8.36212167945,2.19959999868e-05
1,3,send,b->a,internode,16,100,3.84361000016e-06,1.92180500008e-06,8.32550648964,2.25999998236e-05
1,3,isend,a->b,internode,16,100,3.90474e-06,1.95237e-06,8.19516792412,2.50759999574e-05
1,3,isend,b->a,internode,16,100,3.93398e-06,1.96699e-06,8.13425589352,2.28349998963e-05
1,3,bsend,a->b,internode,16,100,4.0159400001e-06,2.00797000005e-06,7.96824653735,3.3444000195e-05
1,3,bsend,b->a,internode,16,100,4.02175999994e-06,2.01087999997e-06,7.95671546797,3.33349999551e-05
1,3,ssend,a->b,internode,16,100,7.46640999978e-06,3.73320499989e-06,4.28586161233,0.000514709999919
1,3,ssend,b->a,internode,16,100,7.48223000016e-06,3.74111500008e-06,4.27679983097,0.000516044999955
1,3,send,a->b,internode,32,100,3.88950999991e-06,1.94475499995e-06,16.4545148364,2.71919999761e-05
1,3,send,b->a,internode,32,100,3.8945099999e-06,1.94725499995e-06,16.4333895668,2.23410000615e-05
1,3,isend,a->b,internode,32,100,3.91835000016e-06,1.95917500008e-06,16.333405642,2.89639999949e-05
1,3,isend,b->a,internode,32,100,3.92836999993e-06,1.96418499996e-06,16.2917444134,2.20889999696e-05
1,3,bsend,a->b,internode,32,100,4.0274600002e-06,2.0137300001e-06,15.8909089095,3.28809999246e-05
1,3,bsend,b->a,internode,32,100,4.02576999988e-06,2.01288499994e-06,15.8975798423,3.2571000304e-05
1,3,ssend,a->b,internode,32,100,7.52292000016e-06,3.76146000008e-06,8.50733491765,0.00051631099987
1,3,ssend,b->a,internode,32,100,7.51828999995e-06,3.75914499998e-06,8.51257400292,0.000515514999876
1,3,send,a->b,internode,64,100,3.90393000004e-06,1.95196500002e-06,32.7874731357,2.89860000748e-05
1,3,send,b->a,internode,64,100,3.89350999995e-06,1.94675499998e-06,32.8752205597,2.89700000451e-05
1,3,isend,a->b,internode,64,100,3.9412000001e-06,1.97060000005e-06,32.4774180444,2.30020002334e-05
1,3,isend,b->a,internode,64,100,3.91704999998e-06,1.95852499999e-06,32.6776528256,3.06719999514e-05
1,3,bsend,a->b,internode,64,100,4.05131000008e-06,2.02565500004e-06,31.5947187447,3.43670001257e-05
1,3,bsend,b->a,internode,64,100,4.06422999987e-06,2.03211499993e-06,31.4942805904,3.40580000682e-05
1,3,ssend,a->b,internode,64,100,7.55738000009e-06,3.77869000005e-06,16.9370866621,0.000519422999929
1,3,ssend,b->a,internode,64,100,7.56128000006e-06,3.78064000003e-06,16.9283507553,0.00051986699998
1,3,send,a->b,internode,128,100,4.92637000008e-06,2.46318500004e-06,51.9652401253,2.50769998615e-05
1,3,send,b->a,internode,128,100,4.91387000011e-06,2.45693500005e-06,52.0974303338,2.34600000795e-05
1,3,isend,a->b,internode,128,100,4.94460999988e-06,2.47230499994e-06,51.7735473589,2.56599998352e-05
1,3,isend,b->a,internode,128,100,4.9412300001e-06,2.47061500005e-06,51.8089625447,2.58179999264e-05
1,3,bsend,a->b,internode,128,100,5.12806999978e-06,2.56403499989e-06,49.9213154288,3.47880001641e-05
1,3,bsend,b->a,internode,128,100,5.13350000006e-06,2.56675000003e-06,49.8685107621,3.41310000067e-05
1,3,ssend,a->b,internode,128,100,7.54266000001e-06,3.77133000001e-06,33.9402810149,0.000517054999875
1,3,ssend,b->a,internode,128,100,7.55636999997e-06,3.77818499999e-06,33.8787010166,0.000517395999964
1,3,send,a->b,internode,256,100,5.04971999987e-06,2.52485999994e-06,101.391760338,0.000303137999737
1,3,send,b->a,internode,256,100,5.04973999995e-06,2.52486999997e-06,101.391358764,0.000301743000023
1,3,isend,a->b,internode,256,100,5.06864999977e-06,2.53432499989e-06,101.013090275,2.02200000956e-05
1,3,isend,b->a,internode,256,100,5.04273000018e-06,2.52136500009e-06,101.532304918,1.98240000771e-05
1,3,bsend,a->b,internode,256,100,5.39376999996e-06,2.69688499998e-06,94.924329366,4.12779998555e-05
1,3,bsend,b->a,internode,256,100,5.39359999976e-06,2.69679999988e-06,94.9273212738,4.26739999284e-05
1,3,ssend,a->b,internode,256,100,7.51901000001e-06,3.759505e-06,68.0940708949,0.000515012000022
1,3,ssend,b->a,internode,256,100,7.52231000007e-06,3.76115500003e-06,68.064198364,0.000512708999707
1,3,send,a->b,internode,512,100,5.11183000015e-06,2.55591500007e-06,200.319650687,0.000305615999935
1,3,send,b->a,internode,512,100,5.09122000011e-06,2.54561000006e-06,201.130573807,0.00030444199993
1,3,isend,a->b,internode,512,100,5.09239000024e-06,2.54619500012e-06,201.084363128,2.01930000969e-05
1,3,isend,b->a,internode,512,100,5.09373e-06,2.546865e-06,201.031464173,2.00229999052e-05
1,3,bsend,a->b,internode,512,100,5.51870999999e-06,2.75935499999e-06,185.550608748,4.32379998472e-05
1,3,bsend,b->a,internode,512,100,5.52475000006e-06,2.76237500003e-06,185.34775329,4.45119999881e-05
1,3,ssend,a->b,internode,512,100,7.60246999988e-06,3.80123499994e-06,134.693066861,0.00051960700003
1,3,ssend,b->a,internode,512,100,7.6424400001e-06,3.82122000005e-06,133.988621433,0.000522557000011
1,3,send,a->b,internode,1024,100,5.24598000027e-06,2.62299000013e-06,390.394168467,0.000312387999884
1,3,send,b->a,internode,1024,100,5.25253000006e-06,2.62626500003e-06,389.907339887,0.000312756000199
1,3,isend,a->b,internode,1024,100,5.24378000023e-06,2.62189000011e-06,390.557956266,2.00650000295e-05
1,3,isend,b->a,internode,1024,100,5.27336000005e-06,2.63668000002e-06,388.367189037,1.98959998841e-05
1,3,bsend,a->b,internode,1024,100,5.66909000014e-06,2.83454500007e-06,361.257274086,4.23130000513e-05
1,3,bsend,b->a,internode,1024,100,5.63846999995e-06,2.81923499998e-06,363.21910022,4.44590000654e-05
1,3,ssend,a->b,internode,1024,100,7.75064999999e-06,3.875325e-06,264.235902796,0.000523791000006
1,3,ssend,b->a,internode,1024,100,7.8041499998e-06,3.9020749999e-06,262.42447929,0.000529479999784
1,3,send,a->b,internode,2048,100,5.51019e-06,2.755095e-06,743.350047821,0.000325831999788
1,3,send,b->a,internode,2048,100,5.56051999979e-06,2.78025999989e-06,736.621754828,0.000330143000042
1,3,isend,a->b,internode,2048,100,5.54255999987e-06,2.77127999993e-06,739.008689143,2.00550001352e-05
1,3,isend,b->a,internode,2048,100,5.52295000006e-06,2.76147500003e-06,741.632641968,1.98419997162e-05
1,3,bsend,a->b,internode,2048,100,6.12466000007e-06,3.06233000003e-06,668.77181753,5.08219999347e-05
1,3,bsend,b->a,internode,2048,100,6.13321999992e-06,3.06660999996e-06,667.838427457,5.15110000663e-05
1,3,ssend,a->b,internode,2048,100,7.94372000001e-06,3.97186000001e-06,515.627439033,0.000538385999846
1,3,ssend,b->a,internode,2048,100,7.98829999979e-06,3.9941499999e-06,512.749896737,0.000537307999792
1,3,send,a->b,internode,4096,100,5.79923999993e-06,2.89961999997e-06,1412.59889229,0.000333348000112
1,3,send,b->a,internode,4096,100,5.83173999985e-06,2.91586999992e-06,1404.7265482,0.000339085999997
1,3,isend,a->b,internode,4096,100,5.83831e-06,2.919155e-06,1403.14577335,2.00639999832e-05
1,3,isend,b->a,internode,4096,100,5.80159000009e-06,2.90079500004e-06,1412.026703,1.99200000566e-05
1,3,bsend,a->b,internode,4096,100,6.85956000012e-06,3.42978000006e-06,1194.24569504,6.1358000039e-05
1,3,bsend,b->a,internode,4096,100,6.81003000011e-06,3.40501500006e-06,1202.93155828,6.23360000986e-05
1,3,ssend,a->b,internode,4096,100,8.15262000003e-06,4.07631000002e-06,1004.83034901,0.000547669000184
1,3,ssend,b->a,internode,4096,100,8.19148999994e-06,4.09574499997e-06,1000.06225974,0.000551707000085
1,3,send,a->b,internode,8192,100,6.40379000004e-06,3.20189500002e-06,2558.48489721,0.000360284999999
1,3,send,b->a,internode,8192,100,6.37299000005e-06,3.18649500002e-06,2570.84978948,0.00036784500017
1,3,isend,a->b,internode,8192,100,6.40169000008e-06,3.20084500004e-06,2559.32417843,2.00809997466e-05
1,3,isend,b->a,internode,8192,100,6.42517999978e-06,3.21258999989e-06,2549.96747182,1.98240000771e-05
1,3,bsend,a->b,internode,8192,100,7.98670999984e-06,3.99335499992e-06,2051.40790142,8.69430001558e-05
1,3,bsend,b->a,internode,8192,100,8.00464000008e-06,4.00232000004e-06,2046.81284853,8.79120000263e-05
1,3,ssend,a->b,internode,8192,100,8.76048000009e-06,4.38024000005e-06,1870.21715703,0.000577198000087
1,3,ssend,b->a,internode,8192,100,8.82692000005e-06,4.41346000002e-06,1856.14008056,0.000581771999805
1,3,send,a->b,internode,16384,100,7.15792999983e-06,3.57896499992e-06,4577.85980036,0.000395684000182
1,3,send,b->a,internode,16384,100,7.16651999994e-06,3.58325999997e-06,4572.37264394,0.000409050999934
1,3,isend,a->b,internode,16384,100,7.17957000006e-06,3.58978500003e-06,4564.06163596,2.01109999978e-05
1,3,isend,b->a,internode,16384,100,7.18204999998e-06,3.59102499999e-06,4562.4856413,1.97370000592e-05
1,3,bsend,a->b,internode,16384,100,9.57121999988e-06,4.78560999994e-06,3423.59699186,0.00012570100003
1,3,bsend,b->a,internode,16384,100,9.64158999977e-06,4.82079499989e-06,3398.60956551,0.000135185999966
1,3,ssend,a->b,internode,16384,100,9.56820999988e-06,4.78410499994e-06,3424.67399863,0.000616364999985
1,3,ssend,b->a,internode,16384,100,9.58026999996e-06,4.79013499998e-06,3420.36289167,0.000622664999923
1,3,send,a->b,internode,32768,100,1.920316e-05,9.60157999998e-06,3412.77164801,0.000674432000011
1,3,send,b->a,internode,32768,100,1.93107300001e-05,9.65536500004e-06,3393.760878,0.000675021000092
1,3,isend,a->b,internode,32768,100,1.93925100001e-05,9.69625500005e-06,3379.44907594,2.17919998136e-05
1,3,isend,b->a,internode,32768,100,1.947325e-05,9.73662500002e-06,3365.43720231,2.13959999087e-05
1,3,bsend,a->b,internode,32768,100,2.34540400001e-05,1.17270200001e-05,2794.23075938,0.000174408999811
1,3,bsend,b->a,internode,32768,100,2.35000199999e-05,1.17500099999e-05,2788.76358405,0.000188485000251
1,3,ssend,a->b,internode,32768,100,2.17377799999e-05,1.08688899999e-05,3014.84328209,0.00123990200026
1,3,ssend,b->a,internode,32768,100,2.16808099998e-05,1.08404049999e-05,3022.76529339,0.00122575299983
1,3,send,a->b,internode,65536,100,3.01706400001e-05,1.508532e-05,4344.3559699,0.000824964999993
1,3,send,b->a,internode,65536,100,3.02184700001e-05,1.51092350001e-05,4337.47969369,0.000824406000049
1,3,isend,a->b,internode,65536,100,3.06456300001e-05,1.5322815e-05,4277.02089987,2.16749999424e-05
1,3,isend,b->a,internode,65536,100,2.98850300001e-05,1.49425150001e-05,4385.87480084,2.16010000713e-05
1,3,bsend,a->b,internode,65536,100,3.910233e-05,1.9551165e-05,3352.02531409,0.000274499999961
1,3,bsend,b->a,internode,65536,100,3.90777600001e-05,1.953888e-05,3354.13288786,0.000308552000092
1,3,ssend,a->b,internode,65536,100,3.26857100001e-05,1.6342855e-05,4010.07045586,0.00179523200003
1,3,ssend,b->a,internode,65536,100,3.25305300001e-05,1.6265265e-05,4029.19964721,0.00177017499996
1,3,send,a->b,internode,131072,100,4.791611e-05,2.3958055e-05,5470.89486187,0.00109718500002
1,3,send,b->a,internode,131072,100,4.81142799998e-05,2.40571399999e-05,5448.36169222,0.00109648200009
1,3,isend,a->b,internode,131072,100,4.842809e-05,2.4214045e-05,5413.05676107,2.18400000449e-05
1,3,isend,b->a,internode,131072,100,4.792291e-05,2.3961455e-05,5470.11857168,2.16390001526e-05
1,3,bsend,a->b,internode,131072,100,7.10373300001e-05,3.5518665e-05,3690.22878534,0.000516962000063
1,3,bsend,b->a,internode,131072,100,7.09558199998e-05,3.54779099999e-05,3694.46790976,0.000570593000106
1,3,ssend,a->b,internode,131072,100,5.11944600001e-05,2.559723e-05,5120.55405994,0.00269313800001
1,3,ssend,b->a,internode,131072,100,5.08551600001e-05,2.542758e-05,5154.71783,0.00270115100005
1,3,send,a->b,internode,262144,100,6.99915300001e-05,3.4995765e-05,7490.73495035,0.00275733300003
1,3,send,b->a,internode,262144,100,7.176899e-05,3.5884495e-05,7305.21636155,0.00282245299999
1,3,isend,a->b,internode,262144,100,7.157315e-05,3.5786575e-05,7325.20505245,2.1672999992e-05
1,3,isend,b->a,internode,262144,100,7.05556499997e-05,3.52778249999e-05,7430.84359654,2.18960002485e-05
1,3,bsend,a->b,internode,262144,100,0.00013534624,6.76731200001e-05,3873.67983033,0.00108017800002
1,3,bsend,b->a,internode,262144,100,0.00013538747,6.76937350001e-05,3872.50016563,0.00114307399997
1,3,ssend,a->b,internode,262144,100,7.419484e-05,3.709742e-05,7066.36741855,0.00387175799989
1,3,ssend,b->a,internode,262144,100,7.32008599999e-05,3.660043e-05,7162.32022411,0.00376673400004
1,3,send,a->b,internode,524288,100,0.00010179297,5.0896485e-05,10301.064995,0.00474153800027
1,3,send,b->a,internode,524288,100,0.00010136627,5.0683135e-05,10344.4271946,0.00468477200008
1,3,isend,a->b,internode,524288,100,0.00010135914,5.06795700001e-05,10345.1548622,2.16000001387e-05
1,3,isend,b->a,internode,524288,100,0.00010202263,5.10113150001e-05,10277.8765848,2.19570001718e-05
1,3,bsend,a->b,internode,524288,100,0.00026417147,0.000132085735,3969.30069701,0.00232400699994
1,3,bsend,b->a,internode,524288,100,0.0002644805,0.00013224025,3964.66280123,0.00225615500011
1,3,ssend,a->b,internode,524288,100,0.00010586493,5.2932465e-05,9904.84762045,0.00544462499994
1,3,ssend,b->a,internode,524288,100,0.00010555084,5.277542e-05,9934.32169748,0.00538633100015
1,3,send,a->b,internode,1048576,100,0.00014545689,7.27284449999e-05,14417.6876049,0.00718070599996
1,3,send,b->a,internode,1048576,100,0.00014446998,7.22349900001e-05,14516.1783784,0.00709216800013
1,3,isend,a->b,internode,1048576,100,0.00014519559,7.2597795e-05,14443.6342729,2.18259999087e-05
1,3,isend,b->a,internode,1048576,100,0.00014519157,7.2595785e-05,14444.0341819,2.15709999338e-05
1,3,bsend,a->b,internode,1048576,100,0.00038858721,0.000194293605,5396.8631649,0.00461530599995
1,3,bsend,b->a,internode,1048576,100,0.00038826029,0.000194130145,5401.40739091,0.0046451499999
1,3,ssend,a->b,internode,1048576,100,0.00015406177,7.70308850001e-05,13612.4101391,0.00781915200005
1,3,ssend,b->a,internode,1048576,100,0.00015445293,7.7226465e-05,13577.9360094,0.00791049599997
1,3,send,a->b,internode,2097152,100,0.00026274246,0.00013137123,15963.5560998,0.0128404360001
1,3,send,b->a,internode,2097152,100,0.00025419386,0.00012709693,16500.4142901,0.012446591
1,3,isend,a->b,internode,2097152,100,0.00026140011,0.000130700055,16045.5326511,2.18589998155e-05
1,3,isend,b->a,internode,2097152,100,0.00026221934,0.00013110967,15995.4029325,2.16039999827e-05
1,3,bsend,a->b,internode,2097152,100,0.00076771482,0.00038385741,5463.36203331,0.00919641799996
1,3,bsend,b->a,internode,2097152,100,0.00076800353,0.000384001765,5461.30823123,0.00919260800003
1,3,ssend,a->b,internode,2097152,100,0.00028505373,0.000142526865,14714.0821487,0.0141512340001
1,3,ssend,b->a,internode,2097152,100,0.0002905644,0.0001452822,14435.0236987,0.014612805
1,3,send,a->b,internode,4194304,100,0.0004660651,0.00023303255,17998.7902977,0.023228177
1,3,send,b->a,internode,4194304,100,0.00047749154,0.00023874577,17568.0767035,0.0235156670001
1,3,isend,a->b,internode,4194304,100,0.00047087216,0.00023543608,17815.0434717,2.16589999411e-05
1,3,isend,b->a,internode,4194304,100,0.00048558726,0.00024279363,17275.1813958,2.14300000891e-05
1,3,bsend,a->b,internode,4194304,100,0.00152823484,0.00076411742,5489.08307836,0.0185228750001
1,3,bsend,b->a,internode,4194304,100,0.00152855352,0.00076427676,5487.9386886,0.018310766
1,3,ssend,a->b,internode,4194304,100,0.00049772978,0.00024886489,16853.7393925,0.024890646
1,3,ssend,b->a,internode,4194304,100,0.0005089444,0.0002544722,16482.3662467,0.0257934969999
1,3,send,a->b,internode,8388608,100,0.00089642934,0.00044821467,18715.603396,0.044776813
1,3,send,b->a,internode,8388608,100,0.00090367206,0.00045183603,18565.6022164,0.044188001
1,3,isend,a->b,internode,8388608,100,0.00088728674,0.00044364337,18908.4489192,2.16859999966e-05
1,3,isend,b->a,internode,8388608,100,0.00088268488,0.00044134244,19007.0277402,2.14559998994e-05
1,3,bsend,a->b,internode,8388608,100,0.00305288797,0.001526443985,5495.5229818,0.0375609219998
1,3,bsend,b->a,internode,8388608,100,0.00305170993,0.001525854965,5497.64439768,0.037394044
1,3,ssend,a->b,internode,8388608,100,0.0009064956,0.0004532478,18507.7743345,0.04788778
1,3,ssend,b->a,internode,8388608,100,0.00091112363,0.000455561815,18413.7645514,0.045001717
1,3,send,a->b,internode,16777216,100,0.00172750688,0.00086375344,19423.6169989,0.086784778
1,3,send,b->a,internode,16777216,100,0.00171729446,0.00085864723,19539.1255149,0.084317442
1,3,isend,a->b,internode,16777216,100,0.00170646952,0.00085323476,19663.071392,2.18250000046e-05
1,3,isend,b->a,internode,16777216,100,0.00170681035,0.000853405175,19659.1449073,2.18190000396e-05
1,3,bsend,a->b,internode,16777216,100,0.0042577834,0.0021288917,7880.72779841,0.077890254
1,3,bsend,b->a,internode,16777216,100,0.00429515977,0.002147579885,7812.14990752,0.0773066559999
1,3,ssend,a->b,internode,16777216,100,0.00172833535,0.000864167675,19414.3063729,0.0869095430002
1,3,ssend,b->a,internode,16777216,100,0.0017226018,0.0008613009,19478.9254255,0.0857171799999
1,3,send,a->b,internode,33554432,100,0.00339385453,0.001696927265,19773.6418597,0.170694129
1,3,send,b->a,internode,33554432,100,0.00335587064,0.00167793532,19997.4525836,0.165976599
1,3,isend,a->b,internode,33554432,100,0.0033416179,0.00167080895,20082.7461452,2.26060001296e-05
1,3,isend,b->a,internode,33554432,100,0.00332810299,0.001664051495,20164.2990622,2.23420001362e-05
1,3,bsend,a->b,internode,33554432,100,0.00696442105,0.003482210525,9635.95732053,0.158963343
1,3,bsend,b->a,internode,33554432,100,0.00695583847,0.003477919235,9647.84681091,0.15989191
1,3,ssend,a->b,internode,33554432,100,0.00337740232,0.00168870116,19869.9644406,0.170568185
1,3,ssend,b->a,internode,33554432,100,0.00340085668,0.00170042834,19732.9291748,0.168939752
1,4,send,a->b,internode,1,100,4.82538e-06,2.41269e-06,0.41447512942,2.18279998023e-05
1,4,send,b->a,internode,1,100,4.82952999988e-06,2.41476499994e-06,0.41411897225,2.34239999486e-05
1,4,isend,a->b,internode,1,100,4.74514000018e-06,2.37257000009e-06,0.421483876118,2.2284000039e-05
1,4,isend,b->a,internode,1,100,4.75198000004e-06,2.37599000002e-06,0.420877192241,2.50510001933e-05
1,4,bsend,a->b,internode,1,100,4.93258999995e-06,2.46629499998e-06,0.405466499348,3.32959998559e-05
1,4,bsend,b->a,internode,1,100,5.04855000003e-06,2.52427500001e-06,0.39615335096,3.43020001026e-05
1,4,ssend,a->b,internode,1,100,8.23256999979e-06,4.1162849999e-06,0.242937503119,0.00059434299996
1,4,ssend,b->a,internode,1,100,8.37738000001e-06,4.18869000001e-06,0.238738125762,0.000608068999924
1,4,send,a->b,internode,2,100,4.78010000023e-06,2.39005000012e-06,0.836802577311,2.21920003014e-05
1,4,send,b->a,internode,2,100,4.95587000017e-06,2.47793500009e-06,0.807123673514,2.45319999692e-05
1,4,isend,a->b,internode,2,100,4.92266999998e-06,2.46133499999e-06,0.812567163757,2.20559999775e-05
1,4,isend,b->a,internode,2,100,5.10034999991e-06,2.55017499995e-06,0.784259903746,2.436600019e-05
1,4,bsend,a->b,internode,2,100,5.25609999983e-06,2.62804999991e-06,0.761020528554,3.29729997759e-05
1,4,bsend,b->a,internode,2,100,5.18431000017e-06,2.59215500009e-06,0.771558799506,3.35860000007e-05
1,4,ssend,a->b,internode,2,100,8.64285000006e-06,4.32142500003e-06,0.46281029984,0.000636164000156
1,4,ssend,b->a,internode,2,100,8.62124999998e-06,4.31062499999e-06,0.463969841962,0.00063345699985
1,4,send,a->b,internode,4,100,4.89632000011e-06,2.44816000006e-06,1.63388013852,2.16600000726e-05
1,4,send,b->a,internode,4,100,4.92810999987e-06,2.46405499993e-06,1.62334038814,2.33989998435e-05
1,4,isend,a->b,internode,4,100,4.92037000015e-06,2.46018500007e-06,1.6258939876,2.26480000265e-05
1,4,isend,b->a,internode,4,100,4.8683e-06,2.43415e-06,1.64328410328,2.35049998878e-05
1,4,bsend,a->b,internode,4,100,4.98970000024e-06,2.49485000012e-06,1.6033028037,3.35060001078e-05
1,4,bsend,b->a,internode,4,100,4.9660900001e-06,2.48304500005e-06,1.61092529532,3.35970001686e-05
1,4,ssend,a->b,internode,4,100,8.22306000003e-06,4.11153000002e-06,0.972873845012,0.000591317000129
1,4,ssend,b->a,internode,4,100,8.14503000015e-06,4.07251500008e-06,0.982194049605,0.000582806000011
1,4,send,a->b,internode,8,100,4.52482000014e-06,2.26241000007e-06,3.53605226274,2.19260001586e-05
1,4,send,b->a,internode,8,100,4.53636000003e-06,2.26818000002e-06,3.52705693549,2.24829999809e-05
1,4,isend,a->b,internode,8,100,4.55566999989e-06,2.27783499994e-06,3.51210689106,2.29319998652e-05
1,4,isend,b->a,internode,8,100,4.58436000002e-06,2.29218000001e-06,3.49012730238,2.42700001252e-05
1,4,bsend,a->b,internode,8,100,4.72870999999e-06,2.364355e-06,3.38358664414,3.27159997937e-05
1,4,bsend,b->a,internode,8,100,4.72411999993e-06,2.36205999997e-06,3.3868741692,3.37059998969e-05
1,4,ssend,a->b,internode,8,100,8.13098000009e-06,4.06549000004e-06,1.9677824813,0.000581746999956
1,4,ssend,b->a,internode,8,100,8.12308999997e-06,4.06154499998e-06,1.9696937988,0.000581802999875
1,4,send,a->b,internode,16,100,4.4844300001e-06,2.24221500005e-06,7.13580098234,2.38249998006e-05
1,4,send,b->a,internode,16,100,4.50970999992e-06,2.25485499996e-06,7.09579995178,2.2571000045e-05
1,4,isend,a->b,internode,16,100,4.51189000017e-06,2.25594500009e-06,7.09237148928,2.2815000051e-05
1,4,isend,b->a,internode,16,100,4.54648000016e-06,2.27324000008e-06,7.03841213398,2.35560001158e-05
1,4,bsend,a->b,internode,16,100,4.75594999983e-06,2.37797499992e-06,6.7284138818,3.36170000708e-05
1,4,bsend,b->a,internode,16,100,4.74326000017e-06,2.37163000008e-06,6.74641491271,3.36669997978e-05
1,4,ssend,a->b,internode,16,100,8.11073999984e-06,4.05536999992e-06,3.94538599445,0.000580819000163
1,4,ssend,b->a,internode,16,100,8.16146000005e-06,4.08073000003e-06,3.92086709973,0.000584116000056
1,4,send,a->b,internode,32,100,4.54325000021e-06,2.27162500011e-06,14.0868321129,2.24179999293e-05
1,4,send,b->a,internode,32,100,4.53195999995e-06,2.26597999998e-06,14.1219251716,2.3662999979e-05
1,4,isend,a->b,internode,32,100,4.54404999999e-06,2.272025e-06,14.0843520648,2.2959000006e-05
1,4,isend,b->a,internode,32,100,4.57753999996e-06,2.28876999998e-06,13.981308738,2.46249997815e-05
1,4,bsend,a->b,internode,32,100,4.73862000007e-06,2.36931000003e-06,13.5060418432,3.39269999188e-05
1,4,bsend,b->a,internode,32,100,5.03943000012e-06,2.51971500006e-06,12.6998489905,3.50939999407e-05
1,4,ssend,a->b,internode,32,100,8.48364999996e-06,4.24182499998e-06,7.54392272198,0.000618838000065
1,4,ssend,b->a,internode,32,100,8.42808000016e-06,4.21404000008e-06,7.59366308801,0.00061387799974
1,4,send,a->b,internode,64,100,4.88168999993e-06,2.44084499997e-06,26.2204277621,2.44330001635e-05
1,4,send,b->a,internode,64,100,4.89305000002e-06,2.44652500001e-06,26.159552835,2.51520000916e-05
1,4,isend,a->b,internode,64,100,4.88930000017e-06,2.44465000009e-06,26.1796167131,2.54280000433e-05
1,4,isend,b->a,internode,64,100,4.91019000009e-06,2.45509500004e-06,26.0682376848,2.56419998266e-05
1,4,bsend,a->b,internode,64,100,5.12916000019e-06,2.5645800001e-06,24.9553533123,3.66909999343e-05
1,4,bsend,b->a,internode,64,100,5.1507500001e-06,2.57537500005e-06,24.8507498903,3.52390000558e-05
1,4,ssend,a->b,internode,64,100,8.53405000015e-06,4.26702500008e-06,14.9987403399,0.000622983999932
1,4,ssend,b->a,internode,64,100,8.55271999995e-06,4.27635999998e-06,14.9659991208,0.000623748000038
1,4,send,a->b,internode,128,100,5.94922999994e-06,2.97461499997e-06,43.0307787735,2.30139998507e-05
1,4,send,b->a,internode,128,100,5.95329999982e-06,2.97664999991e-06,43.0013605912,2.58580002139e-05
1,4,isend,a->b,internode,128,100,5.98690000004e-06,2.99345000002e-06,42.7600260566,2.38860000366e-05
1,4,isend,b->a,internode,128,100,5.97634999991e-06,2.98817499996e-06,42.8355099691,2.62189998921e-05
1,4,bsend,a->b,internode,128,100,6.14288999998e-06,3.07144499999e-06,41.6741956963,3.42940001019e-05
1,4,bsend,b->a,internode,128,100,6.12843999988e-06,3.06421999994e-06,41.772457592,3.47339998541e-05
1,4,ssend,a->b,internode,128,100,8.41642000012e-06,4.20821000006e-06,30.4167330048,0.000607245000054
1,4,ssend,b->a,internode,128,100,8.41385000001e-06,4.20692500001e-06,30.4260237584,0.000608618999877
1,4,send,a->b,internode,256,100,6.06344000005e-06,3.03172000002e-06,84.4405156142,0.000397577999934
1,4,send,b->a,internode,256,100,6.00249999991e-06,3.00124999995e-06,85.2977925877,0.000389255000016
1,4,isend,a->b,internode,256,100,5.96195000014e-06,2.98097500007e-06,85.8779426174,2.01790000176e-05
1,4,isend,b->a,internode,256,100,5.99837999999e-06,2.99919e-06,85.3563795559,2.14989998994e-05
1,4,bsend,a->b,internode,256,100,6.38325000011e-06,3.19162500006e-06,80.2099244101,4.25000000632e-05
1,4,bsend,b->a,internode,256,100,6.38202999994e-06,3.19101499997e-06,80.2252574815,4.16000001451e-05
1,4,ssend,a->b,internode,256,100,8.59575999982e-06,4.29787999991e-06,59.5642502828,0.000623629000046
1,4,ssend,b->a,internode,256,100,8.66693999996e-06,4.33346999998e-06,59.0750599407,0.000625558000024
1,4,send,a->b,internode,512,100,6.39396999986e-06,3.19698499993e-06,160.150892172,0.000426543999879
1,4,send,b->a,internode,512,100,6.36409999998e-06,3.18204999999e-06,160.902562814,0.000423684999987
1,4,isend,a->b,internode,512,100,6.35369000008e-06,3.17684500004e-06,161.166188465,2.01759999641e-05
1,4,isend,b->a,internode,512,100,6.34676000004e-06,3.17338000002e-06,161.342165135,2.15999999398e-05
1,4,bsend,a->b,internode,512,100,6.66367999997e-06,3.33183999999e-06,153.668843643,4.42940000198e-05
1,4,bsend,b->a,internode,512,100,6.60605999997e-06,3.30302999998e-06,155.009188534,4.30630001063e-05
1,4,ssend,a->b,internode,512,100,8.69664999982e-06,4.34832499991e-06,117.746488593,0.000633734000047
1,4,ssend,b->a,internode,512,100,8.4534299998e-06,4.2267149999e-06,121.13426148,0.000608216000046
1,4,send,a->b,internode,1024,100,6.0655499999e-06,3.03277499995e-06,337.64456645,0.000388835999928
1,4,send,b->a,internode,1024,100,6.04177000014e-06,3.02088500007e-06,338.973512721,0.000389880999961
1,4,isend,a->b,internode,1024,100,5.95312999991e-06,2.97656499995e-06,344.020708439,2.02119999813e-05
1,4,isend,b->a,internode,1024,100,5.93917000003e-06,2.96958500002e-06,344.829328002,2.18969999537e-05
1,4,bsend,a->b,internode,1024,100,6.39977999981e-06,3.19988999991e-06,320.011000388,4.35759999959e-05
1,4,bsend,b->a,internode,1024,100,6.35087000006e-06,3.17543500003e-06,322.475503353,4.31759998776e-05
1,4,ssend,a->b,internode,1024,100,8.33747000001e-06,4.16873500001e-06,245.638065264,0.000592755999918
1,4,ssend,b->a,internode,1024,100,8.31546000001e-06,4.15773e-06,246.288239015,0.00058703800002
1,4,send,a->b,internode,2048,100,6.19228999994e-06,3.09614499997e-06,661.467728423,0.000394889999711
1,4,send,b->a,internode,2048,100,6.23754999992e-06,3.11877499996e-06,656.668082829,0.000395885000017
1,4,isend,a->b,internode,2048,100,6.24297999991e-06,3.12148999996e-06,656.096928079,1.99990001022e-05
1,4,isend,b->a,internode,2048,100,6.24396000006e-06,3.12198000003e-06,655.993952549,2.17989999385e-05
1,4,bsend,a->b,internode,2048,100,6.86116999987e-06,3.43058499993e-06,596.982730362,5.00730000681e-05
1,4,bsend,b->a,internode,2048,100,6.83761000005e-06,3.41880500002e-06,599.03972294,5.28900000631e-05
1,4,ssend,a->b,internode,2048,100,8.73933999998e-06,4.36966999999e-06,468.685278295,0.0006140670001
1,4,ssend,b->a,internode,2048,100,8.66232999982e-06,4.33116499991e-06,472.851992487,0.000608233000037
1,4,send,a->b,internode,4096,100,6.53494000005e-06,3.26747000003e-06,1253.5692753,0.000403394000102
1,4,send,b->a,internode,4096,100,6.54553999993e-06,3.27276999997e-06,1251.53921603,0.000402929000046
1,4,isend,a->b,internode,4096,100,6.52521999996e-06,3.26260999998e-06,1255.43659831,2.01799998933e-05
1,4,isend,b->a,internode,4096,100,6.51678999986e-06,3.25839499993e-06,1257.06060809,2.12559997976e-05
1,4,bsend,a->b,internode,4096,100,7.57962999984e-06,3.78981499992e-06,1080.79154262,6.19309999479e-05
1,4,bsend,b->a,internode,4096,100,7.88492999988e-06,3.94246499994e-06,1038.94390947,6.12150000734e-05
1,4,ssend,a->b,internode,4096,100,9.42543999997e-06,4.71271999999e-06,869.137143733,0.000664704000229
1,4,ssend,b->a,internode,4096,100,9.30277000009e-06,4.65138500005e-06,880.597929425,0.00065455299989
1,4,send,a->b,internode,8192,100,7.74163999978e-06,3.87081999989e-06,2116.34744065,0.000483066999948
1,4,send,b->a,internode,8192,100,7.7377400001e-06,3.86887000005e-06,2117.41412865,0.000485005000144
1,4,isend,a->b,internode,8192,100,7.63712999998e-06,3.81856499999e-06,2145.3085125,2.00449999852e-05
1,4,isend,b->a,internode,8192,100,7.83142000017e-06,3.91571000009e-06,2092.08547104,2.14080002081e-05
1,4,bsend,a->b,internode,8192,100,9.24158999993e-06,4.62079499997e-06,1772.85510395,8.60820001378e-05
1,4,bsend,b->a,internode,8192,100,9.28103000007e-06,4.64051500003e-06,1765.32130592,9.06570001291e-05
1,4,ssend,a->b,internode,8192,100,1.01382999998e-05,5.06914999988e-06,1616.05002815,0.000700085000005
1,4,ssend,b->a,internode,8192,100,1.01490099999e-05,5.07450499995e-06,1614.34465038,0.000699448999995
1,4,send,a->b,internode,16384,100,8.93810999997e-06,4.46905499999e-06,3666.09943266,0.000537248000171
1,4,send,b->a,internode,16384,100,9.0518799999e-06,4.52593999995e-06,3620.02147624,0.000545727999935
1,4,isend,a->b,internode,16384,100,8.7714899999e-06,4.38574499995e-06,3735.73931001,2.00039997083e-05
1,4,isend,b->a,internode,16384,100,8.96791999992e-06,4.48395999996e-06,3653.91305903,2.12700000475e-05
1,4,bsend,a->b,internode,16384,100,1.12151499999e-05,5.60757499997e-06,2921.76208077,0.000122744000265
1,4,bsend,b->a,internode,16384,100,1.14324800001e-05,5.71624000003e-06,2866.21975283,0.000131771999889
1,4,ssend,a->b,internode,16384,100,1.204543e-05,6.022715e-06,2720.36780754,0.000813021999846
1,4,ssend,b->a,internode,16384,100,1.19702200001e-05,5.98511000007e-06,2737.46013019,0.000803373999872
1,4,send,a->b,internode,32768,100,1.87932700001e-05,9.39663500006e-06,3487.20579226,0.000995795999955
1,4,send,b->a,internode,32768,100,1.812591e-05,9.06295500002e-06,3615.59778239,0.000950244000109
1,4,isend,a->b,internode,32768,100,1.75866800001e-05,8.79334000004e-06,3726.45661374,2.15369999239e-05
1,4,isend,b->a,internode,32768,100,1.74573199999e-05,8.72865999995e-06,3754.06992599,2.20339997554e-05
1,4,bsend,a->b,internode,32768,100,2.076292e-05,1.038146e-05,3156.39611384,0.000175934999874
1,4,bsend,b->a,internode,32768,100,2.08992700001e-05,1.04496350001e-05,3135.80330794,0.000188010999921
1,4,ssend,a->b,internode,32768,100,1.97439799999e-05,9.87198999994e-06,3319.29023431,0.00105922900016
1,4,ssend,b->a,internode,32768,100,1.99114599999e-05,9.95572999997e-06,3291.37089898,0.00128338999994
1,4,send,a->b,internode,65536,100,2.190971e-05,1.0954855e-05,5982.37037367,0.00103461199987
1,4,send,b->a,internode,65536,100,2.18310700001e-05,1.0915535e-05,6003.92010101,0.00109850799998
1,4,isend,a->b,internode,65536,100,2.192654e-05,1.096327e-05,5977.77852776,2.17180000561e-05
1,4,isend,b->a,internode,65536,100,2.183387e-05,1.0916935e-05,6003.15015157,2.23940000694e-05
1,4,bsend,a->b,internode,65536,100,2.80193399999e-05,1.400967e-05,4677.91175668,0.000275359999932
1,4,bsend,b->a,internode,65536,100,2.80044900001e-05,1.4002245e-05,4680.39232279,0.000316081000221
1,4,ssend,a->b,internode,65536,100,2.42652900002e-05,1.21326450001e-05,5401.62511963,0.00128829599996
1,4,ssend,b->a,internode,65536,100,2.450353e-05,1.2251765e-05,5349.10684297,0.00154575000013
1,4,send,a->b,internode,131072,100,3.02955699999e-05,1.5147785e-05,8652.88225311,0.0014338790001
1,4,send,b->a,internode,131072,100,2.91373799999e-05,1.45686899999e-05,8996.8281294,0.00138297400005
1,4,isend,a->b,internode,131072,100,2.90246499998e-05,1.45123249999e-05,9031.77127035,2.19030002029e-05
1,4,isend,b->a,internode,131072,100,2.89121400002e-05,1.44560700001e-05,9066.91791056,2.24920001131e-05
1,4,bsend,a->b,internode,131072,100,4.27117999999e-05,2.13558999999e-05,6137.50766769,0.000510276000114
1,4,bsend,b->a,internode,131072,100,4.25649100001e-05,2.1282455e-05,6158.6879897,0.000587492000051
1,4,ssend,a->b,internode,131072,100,3.12958699999e-05,1.56479349999e-05,8376.31291288,0.00157134699992
1,4,ssend,b->a,internode,131072,100,3.10744199999e-05,1.55372099999e-05,8436.00620707,0.00194555500002
1,4,send,a->b,internode,262144,100,4.26841499998e-05,2.13420749999e-05,12282.9668625,0.0019276139999
1,4,send,b->a,internode,262144,100,4.25427799999e-05,2.127139e-05,12323.7832601,0.00206896799997
1,4,isend,a->b,internode,262144,100,4.34300800001e-05,2.171504e-05,12072.0017094,2.16569999623e-05
1,4,isend,b->a,internode,262144,100,4.27145e-05,2.135725e-05,12274.2394269,2.24540000033e-05
1,4,bsend,a->b,internode,262144,100,7.31514500001e-05,3.6575725e-05,7167.15799891,0.00107273399999
1,4,bsend,b->a,internode,262144,100,7.245074e-05,3.622537e-05,7236.47543145,0.00117987000021
1,4,ssend,a->b,internode,262144,100,4.467103e-05,2.2335515e-05,11736.6445323,0.00212931300004
1,4,ssend,b->a,internode,262144,100,4.47878100002e-05,2.23939050001e-05,11706.042336,0.00279019199991
1,4,send,a->b,internode,524288,100,6.79602599999e-05,3.39801299999e-05,15429.2523307,0.00305504500011
1,4,send,b->a,internode,524288,100,6.93453400001e-05,3.467267e-05,15121.0737448,0.00377150700021
1,4,isend,a->b,internode,524288,100,6.710123e-05,3.3550615e-05,15626.7776313,2.18480000171e-05
1,4,isend,b->a,internode,524288,100,6.738025e-05,3.3690125e-05,15562.0675198,2.22330000668e-05
1,4,bsend,a->b,internode,524288,100,0.00012929683,6.46484149999e-05,8109.83533008,0.00233579400006
1,4,bsend,b->a,internode,524288,100,0.00013360778,6.68038900001e-05,7848.16572806,0.0023223190002
1,4,ssend,a->b,internode,524288,100,6.961883e-05,3.4809415e-05,15061.6722516,0.00309472299998
1,4,ssend,b->a,internode,524288,100,6.93229999999e-05,3.46614999999e-05,15125.9466555,0.0041357230001
1,4,send,a->b,internode,1048576,100,0.00011353783,5.6768915e-05,18470.9536901,0.00522422599994
1,4,send,b->a,internode,1048576,100,0.00011288635,5.64431750001e-05,18577.5516703,0.00615417099991
1,4,isend,a->b,internode,1048576,100,0.0001113706,5.56852999999e-05,18830.3915037,2.19109999193e-05
1,4,isend,b->a,internode,1048576,100,0.00011212237,5.6061185e-05,18704.1354905,2.24800002968e-05
1,4,bsend,a->b,internode,1048576,100,0.00025393538,0.00012696769,8258.60500415,0.00461643500006
1,4,bsend,b->a,internode,1048576,100,0.00025188432,0.00012594216,8325.85370935,0.00470932500014
1,4,ssend,a->b,internode,1048576,100,0.00011355776,5.67788799999e-05,18467.711938,0.00527187199981
1,4,ssend,b->a,internode,1048576,100,0.00011418335,5.7091675e-05,18366.5306719,0.00648200300003
1,4,send,a->b,internode,2097152,100,0.00019965195,9.98259750001e-05,21008.07931,0.00949775899991
1,4,send,b->a,internode,2097152,100,0.00019938041,9.96902050001e-05,21036.6906157,0.0105256519999
1,4,isend,a->b,internode,2097152,100,0.00019706885,9.8534425e-05,21283.4448468,2.19039999081e-05
1,4,isend,b->a,internode,2097152,100,0.00019661778,9.830889e-05,21332.2721882,2.22899998619e-05
1,4,bsend,a->b,internode,2097152,100,0.00047670646,0.00023835323,8798.50463952,0.00920464699979
1,4,bsend,b->a,internode,2097152,100,0.00046953472,0.00023476736,8932.89424902,0.00934528899992
1,4,ssend,a->b,internode,2097152,100,0.00019969223,9.9846115e-05,21003.8417619,0.00961780999995
1,4,ssend,b->a,internode,2097152,100,0.00019914826,9.957413e-05,21061.2133895,0.010677224
1,4,send,a->b,internode,4194304,100,0.00036871208,0.00018435604,22751.1070427,0.018234102
1,4,send,b->a,internode,4194304,100,0.00036900665,0.000184503325,22732.9453277,0.0190076510001
1,4,isend,a->b,internode,4194304,100,0.00036445939,0.000182229695,23016.578061,2.20520000198e-05
1,4,isend,b->a,internode,4194304,100,0.00036421208,0.00018210604,23032.2069493,2.22579999729e-05
1,4,bsend,a->b,internode,4194304,100,0.00092391386,0.00046195693,9079.4265171,0.0185082779999
1,4,bsend,b->a,internode,4194304,100,0.00092165351,0.000460826755,9101.69375908,0.018715425
1,4,ssend,a->b,internode,4194304,100,0.0003698817,0.00018494085,22679.1647167,0.0183067999999
1,4,ssend,b->a,internode,4194304,100,0.00037015496,0.00018507748,22662.4222461,0.0191737440001
1,4,send,a->b,internode,8388608,100,0.00071608153,0.000358040765,23429.1980691,0.03574904
1,4,send,b->a,internode,8388608,100,0.00071576913,0.000357884565,23439.4238265,0.0364473639998
1,4,isend,a->b,internode,8388608,100,0.00071138017,0.000355690085,23584.0366481,2.15269999444e-05
1,4,isend,b->a,internode,8388608,100,0.00071077007,0.000355385035,23604.2803547,2.24730000298e-05
1,4,bsend,a->b,internode,8388608,100,0.0018486029,0.00092430145,9075.61921492,0.0375060899998
1,4,bsend,b->a,internode,8388608,100,0.00184988931,0.000924944655,9069.30804417,0.038012895
1,4,ssend,a->b,internode,8388608,100,0.0007178007,0.00035890035,23373.0839215,0.0357669489998
1,4,ssend,b->a,internode,8388608,100,0.00071718497,0.000358592485,23393.1505843,0.036627827
1,4,send,a->b,internode,16777216,100,0.00141998939,0.000709994695,23630.0582499,0.0707206839998
1,4,send,b->a,internode,16777216,100,0.00141948999,0.000709744995,23638.3716943,0.071776747
1,4,isend,a->b,internode,16777216,100,0.00141467137,0.000707335685,23718.8881542,2.14969997785e-05
1,4,isend,b->a,internode,16777216,100,0.00141337177,0.000706685885,23740.69775,2.32380001535e-05
1,4,bsend,a->b,internode,16777216,100,0.00318829232,0.00159414616,10524.2646007,0.0779095030001
1,4,bsend,b->a,internode,16777216,100,0.00323229508,0.00161614754,10380.9928146,0.0776175410001
1,4,ssend,a->b,internode,16777216,100,0.00142088459,0.000710442295,23615.170603,0.0707342920001
1,4,ssend,b->a,internode,16777216,100,0.00141991271,0.000709956355,23631.3343515,0.0718705910001
1,4,send,a->b,internode,33554432,100,0.00282169346,0.00141084673,23783.1872779,0.140693179
1,4,send,b->a,internode,33554432,100,0.00282458117,0.001412290585,23758.8725411,0.142192048
1,4,isend,a->b,internode,33554432,100,0.00282329522,0.00141164761,23769.6941944,2.27699999584e-05
1,4,isend,b->a,internode,33554432,100,0.00282212804,0.00141106402,23779.5249006,2.2517000076e-05
1,4,bsend,a->b,internode,33554432,100,0.00618384605,0.003091923025,10852.2856904,0.158701734
1,4,bsend,b->a,internode,33554432,100,0.00615642943,0.003078214715,10900.6145142,0.157711045
1,4,ssend,a->b,internode,33554432,100,0.00282574928,0.00141287464,23749.0510835,0.140738109
1,4,ssend,b->a,internode,33554432,100,0.00282671078,0.00141335539,23740.9728915,0.142428021
1,5,send,a->b,internode,1,100,4.99861999998e-06,2.49930999999e-06,0.40011043048,2.17569998711e-05
1,5,send,b->a,internode,1,100,4.87472000003e-06,2.43736000002e-06,0.410279975052,2.07920001003e-05
1,5,isend,a->b,internode,1,100,4.98850000014e-06,2.49425000007e-06,0.400922120867,2.27079998183e-05
1,5,isend,b->a,internode,1,100,4.92390999995e-06,2.46195499997e-06,0.406181266518,2.24390001904e-05
1,5,bsend,a->b,internode,1,100,5.11394e-06,2.55697e-06,0.391087889181,3.2470999912e-05
1,5,bsend,b->a,internode,1,100,5.14173999989e-06,2.57086999994e-06,0.38897338256,3.35269999709e-05
1,5,ssend,a->b,internode,1,100,8.4645199999e-06,4.23225999995e-06,0.236280379752,0.000619646000075
1,5,ssend,b->a,internode,1,100,8.46104000004e-06,4.23052000002e-06,0.23637756115,0.000615455000144
1,5,send,a->b,internode,2,100,4.86727000009e-06,2.43363500005e-06,0.821815925545,2.17570000416e-05
1,5,send,b->a,internode,2,100,4.76912000011e-06,2.38456000005e-06,0.838729157562,2.22230001157e-05
1,5,isend,a->b,internode,2,100,4.78270999992e-06,2.39135499996e-06,0.836345921051,2.31260000305e-05
1,5,isend,b->a,internode,2,100,4.65047999995e-06,2.32523999998e-06,0.860126266545,2.24659999901e-05
1,5,bsend,a->b,internode,2,100,4.99921999989e-06,2.49960999994e-06,0.80012481949,3.29090000832e-05
1,5,bsend,b->a,internode,2,100,5.06558000012e-06,2.53279000006e-06,0.789643041844,3.3157999809e-05
1,5,ssend,a->b,internode,2,100,8.4395799999e-06,4.21978999995e-06,0.473957234844,0.000618255000091
1,5,ssend,b->a,internode,2,100,8.43919999994e-06,4.21959999997e-06,0.473978576172,0.00061505599993
1,5,send,a->b,internode,4,100,4.91235999988e-06,2.45617999994e-06,1.62854513924,2.19739999636e-05
1,5,send,b->a,internode,4,100,4.94806000006e-06,2.47403000003e-06,1.61679526924,2.11389999549e-05
1,5,isend,a->b,internode,4,100,4.97166999992e-06,2.48583499996e-06,1.60911725841,2.29920000265e-05
1,5,isend,b->a,internode,4,100,5.03882999993e-06,2.51941499997e-06,1.58767015361,2.2088999998e-05
1,5,bsend,a->b,internode,4,100,5.11374000013e-06,2.55687000006e-06,1.56441273897,3.23800001354e-05
1,5,bsend,b->a,internode,4,100,5.05064999999e-06,2.52532499999e-06,1.58395454051,3.21380001367e-05
1,5,ssend,a->b,internode,4,100,8.34308999998e-06,4.17154499999e-06,0.958877346405,0.000608363999902
1,5,ssend,b->a,internode,4,100,8.35053000003e-06,4.17526500001e-06,0.958023023685,0.000607514999928
1,5,send,a->b,internode,8,100,4.88961000002e-06,2.44480500001e-06,3.27224461663,2.25699999135e-05
1,5,send,b->a,internode,8,100,4.90937999984e-06,2.45468999992e-06,3.25906733651,2.12180000005e-05
1,5,isend,a->b,internode,8,100,4.98018000002e-06,2.49009000001e-06,3.21273528265,2.29549999915e-05
1,5,isend,b->a,internode,8,100,4.91619999991e-06,2.45809999996e-06,3.25454619427,2.37450000498e-05
1,5,bsend,a->b,internode,8,100,4.95342999983e-06,2.47671499991e-06,3.23008501191,3.26950001863e-05
1,5,bsend,b->a,internode,8,100,4.91299000004e-06,2.45649500002e-06,3.25667261685,3.18929999992e-05
1,5,ssend,a->b,internode,8,100,8.17576999992e-06,4.08788499996e-06,1.9570022151,0.000588859999937
1,5,ssend,b->a,internode,8,100,8.1228900001e-06,4.06144500005e-06,1.96974229613,0.000584085000099
1,5,send,a->b,internode,16,100,4.46600999993e-06,2.23300499997e-06,7.16523250071,2.25469997588e-05
1,5,send,b->a,internode,16,100,4.52423999974e-06,2.26211999987e-06,7.07301115808,2.11789999867e-05
1,5,isend,a->b,internode,16,100,4.55297000002e-06,2.27648500001e-06,7.02837927767,2.239300008e-05
1,5,isend,b->a,internode,16,100,4.53596999989e-06,2.26798499995e-06,7.05472037971,2.23860000403e-05
1,5,bsend,a->b,internode,16,100,4.67980999986e-06,2.33990499993e-06,6.83788444424,3.33080000132e-05
1,5,bsend,b->a,internode,16,100,4.72913999999e-06,2.36457e-06,6.76655797884,3.23900000865e-05
1,5,ssend,a->b,internode,16,100,8.09341000007e-06,4.04670500004e-06,3.95383404519,0.000579179000113
1,5,ssend,b->a,internode,16,100,8.09554e-06,4.04777e-06,3.95279376052,0.000578847999947
1,5,send,a->b,internode,32,100,4.53442999998e-06,2.26721499999e-06,14.11423266,2.21109999359e-05
1,5,send,b->a,internode,32,100,4.49018000012e-06,2.24509000006e-06,14.2533261469,2.29390001891e-05
1,5,isend,a->b,internode,32,100,4.50807999982e-06,2.25403999991e-06,14.1967312032,2.23300000073e-05
1,5,isend,b->a,internode,32,100,4.51932999994e-06,2.25966499997e-06,14.1613911799,2.26309998936e-05
1,5,bsend,a->b,internode,32,100,4.69605000006e-06,2.34802500003e-06,13.6284749948,3.29580002472e-05
1,5,bsend,b->a,internode,32,100,4.68975999979e-06,2.3448799999e-06,13.6467537791,3.28339999669e-05
1,5,ssend,a->b,internode,32,100,8.07287999976e-06,4.03643999988e-06,7.92777794318,0.00057613599995
1,5,ssend,b->a,internode,32,100,8.06306999976e-06,4.03153499988e-06,7.93742333899,0.000576622000125
1,5,send,a->b,internode,64,100,4.56018000023e-06,2.28009000011e-06,28.0690674477,2.33120000246e-05
1,5,send,b->a,internode,64,100,4.54026999989e-06,2.27013499995e-06,28.1921559738,2.31470000074e-05
1,5,isend,a->b,internode,64,100,4.56078000013e-06,2.28039000007e-06,28.0653747816,2.43879999289e-05
1,5,isend,b->a,internode,64,100,4.57774000012e-06,2.28887000006e-06,27.9613957972,2.48350000902e-05
1,5,bsend,a->b,internode,64,100,4.76597999977e-06,2.38298999989e-06,26.8570157672,3.42269999578e-05
1,5,bsend,b->a,internode,64,100,4.75027999983e-06,2.37513999991e-06,26.9457800392,3.53379999183e-05
1,5,ssend,a->b,internode,64,100,8.13860000022e-06,4.06930000011e-06,15.7275207034,0.000580552999878
1,5,ssend,b->a,internode,64,100,8.12169e-06,4.060845e-06,15.760266644,0.000582347000034
1,5,send,a->b,internode,128,100,5.94903000007e-06,2.97451500003e-06,43.0322254211,2.2039000072e-05
1,5,send,b->a,internode,128,100,6.13826000006e-06,3.06913000003e-06,41.7056299338,2.33009998851e-05
1,5,isend,a->b,internode,128,100,6.14571e-06,3.072855e-06,41.6550732137,2.39060001661e-05
1,5,isend,b->a,internode,128,100,6.15838999977e-06,3.07919499988e-06,41.569306265,2.47639997326e-05
1,5,bsend,a->b,internode,128,100,6.31151999983e-06,3.15575999991e-06,40.5607524031,3.24910000131e-05
1,5,bsend,b->a,internode,128,100,6.2214099998e-06,3.1107049999e-06,41.1482284576,3.38199999703e-05
1,5,ssend,a->b,internode,128,100,8.38686999998e-06,4.19343499999e-06,30.5239022425,0.000606954999938
1,5,ssend,b->a,internode,128,100,8.40874000005e-06,4.20437000002e-06,30.4445136844,0.0006110140001
1,5,send,a->b,internode,256,100,6.14009000003e-06,3.07004500002e-06,83.3863998732,0.000404105999962
1,5,send,b->a,internode,256,100,6.13885999996e-06,3.06942999998e-06,83.4031074178,0.000409023999993
1,5,isend,a->b,internode,256,100,6.08358000022e-06,3.04179000011e-06,84.1609710041,1.99440001722e-05
1,5,isend,b->a,internode,256,100,6.0414699999e-06,3.02073499995e-06,84.7475862677,1.98879999402e-05
1,5,bsend,a->b,internode,256,100,6.40669999996e-06,3.20334999998e-06,79.9163375846,4.08420000042e-05
1,5,bsend,b->a,internode,256,100,6.43964000005e-06,3.21982000003e-06,79.5075501108,4.19919999501e-05
1,5,ssend,a->b,internode,256,100,8.38237000011e-06,4.19118500005e-06,61.0805774493,0.000609366999868
1,5,ssend,b->a,internode,256,100,8.35644000006e-06,4.17822000003e-06,61.2701102379,0.000601168000117
1,5,send,a->b,internode,512,100,6.02206999986e-06,3.01103499993e-06,170.041198462,0.000390489000125
1,5,send,b->a,internode,512,100,6.01922000016e-06,3.00961000008e-06,170.121710118,0.000392635000196
1,5,isend,a->b,internode,512,100,6.08397999997e-06,3.04198999999e-06,168.310875447,2.0125999896e-05
1,5,isend,b->a,internode,512,100,6.00179000003e-06,3.00089500001e-06,170.615766296,1.97990000572e-05
1,5,bsend,a->b,internode,512,100,6.59245999998e-06,3.29622999999e-06,155.328966729,4.34819999953e-05
1,5,bsend,b->a,internode,512,100,6.51599000008e-06,3.25799500004e-06,157.151867941,4.37209999973e-05
1,5,ssend,a->b,internode,512,100,8.5611099999e-06,4.28055499995e-06,119.610657965,0.000619966999977
1,5,ssend,b->a,internode,512,100,8.70512000006e-06,4.35256000003e-06,117.631922362,0.000633026000116
1,5,send,a->b,internode,1024,100,6.50389000015e-06,3.25194500007e-06,314.888474429,0.000433072000135
1,5,send,b->a,internode,1024,100,6.46218000014e-06,3.23109000007e-06,316.920915226,0.000432414000045
1,5,isend,a->b,internode,1024,100,6.38535999997e-06,3.19267999998e-06,320.733678291,1.9962000124e-05
1,5,isend,b->a,internode,1024,100,6.44044000012e-06,3.22022000006e-06,317.990696282,1.97109999078e-05
1,5,bsend,a->b,internode,1024,100,6.67291000013e-06,3.33645500007e-06,306.912576366,4.29380000924e-05
1,5,bsend,b->a,internode,1024,100,6.60695999983e-06,3.30347999991e-06,309.976146375,4.40950000211e-05
1,5,ssend,a->b,internode,1024,100,8.62373000018e-06,4.31186500009e-06,237.484244052,0.000619631999967
1,5,ssend,b->a,internode,1024,100,8.82715000017e-06,4.41357500009e-06,232.011464624,0.000639757000101
1,5,send,a->b,internode,2048,100,6.53905000007e-06,3.26952500004e-06,626.390683655,0.000428451000062
1,5,send,b->a,internode,2048,100,6.40397000012e-06,3.20198500006e-06,639.603246099,0.000414465999654
1,5,isend,a->b,internode,2048,100,6.46130999996e-06,3.23065499998e-06,633.927175762,2.01430000288e-05
1,5,isend,b->a,internode,2048,100,6.33734000019e-06,3.16867000009e-06,646.327954612,2.01169999912e-05
1,5,bsend,a->b,internode,2048,100,6.89964000003e-06,3.44982000001e-06,593.654161664,5.06660000212e-05
1,5,bsend,b->a,internode,2048,100,6.85965000002e-06,3.42982500001e-06,597.115013155,5.15179999923e-05
1,5,ssend,a->b,internode,2048,100,8.62412999993e-06,4.31206499997e-06,474.946458371,0.000605777000004
1,5,ssend,b->a,internode,2048,100,8.63397999979e-06,4.31698999989e-06,474.404619897,0.00060768599991
1,5,send,a->b,internode,4096,100,6.48103999993e-06,3.24051999996e-06,1263.99466754,0.000404395999936
1,5,send,b->a,internode,4096,100,6.49435000014e-06,3.24717500007e-06,1261.40414357,0.000403291000254
1,5,isend,a->b,internode,4096,100,6.5152099998e-06,3.2576049999e-06,1257.36545718,1.99130000453e-05
1,5,isend,b->a,internode,4096,100,6.53612000008e-06,3.26806000004e-06,1253.34296186,1.97850000063e-05
1,5,bsend,a->b,internode,4096,100,7.62882999993e-06,3.81441499997e-06,1073.8212806,6.20390000847e-05
1,5,bsend,b->a,internode,4096,100,7.51992999994e-06,3.75996499997e-06,1089.37184257,6.30350000677e-05
1,5,ssend,a->b,internode,4096,100,8.89253999986e-06,4.44626999993e-06,921.221608239,0.000622433999808
1,5,ssend,b->a,internode,4096,100,8.95911000015e-06,4.47955500007e-06,914.376539619,0.000626479000033
1,5,send,a->b,internode,8192,100,7.32053999997e-06,3.66026999998e-06,2238.08626141,0.000442666999845
1,5,send,b->a,internode,8192,100,7.32384999992e-06,3.66192499996e-06,2237.07476261,0.000448316999893
1,5,isend,a->b,internode,8192,100,7.30371000003e-06,3.65185500002e-06,2243.24350227,2.00169998266e-05
1,5,isend,b->a,internode,8192,100,7.37223999977e-06,3.68611999988e-06,2222.39102369,1.98400001352e-05
1,5,bsend,a->b,internode,8192,100,9.15273000004e-06,4.57636500002e-06,1790.06700732,8.76639998921e-05
1,5,bsend,b->a,internode,8192,100,9.21830999999e-06,4.609155e-06,1777.33228759,9.02860000167e-05
1,5,ssend,a->b,internode,8192,100,1.02975099998e-05,5.14875499988e-06,1591.06424761,0.000706312999881
1,5,ssend,b->a,internode,8192,100,1.01918800001e-05,5.09594000007e-06,1607.55424905,0.000703829999964
1,5,send,a->b,internode,16384,100,9.12356999976e-06,4.56178499988e-06,3591.57654305,0.000550940999887
1,5,send,b->a,internode,16384,100,9.17071000003e-06,4.58535500002e-06,3573.1148406,0.000560759000081
1,5,isend,a->b,internode,16384,100,9.04421999991e-06,4.52210999995e-06,3623.08745258,2.02039999522e-05
1,5,isend,b->a,internode,16384,100,9.05469000003e-06,4.52734500001e-06,3618.89805172,1.97270000513e-05
1,5,bsend,a->b,internode,16384,100,1.144149e-05,5.72074499999e-06,2863.96264823,0.000127949000131
1,5,bsend,b->a,internode,16384,100,1.13600400002e-05,5.68002000009e-06,2884.49688553,0.000134579000161
1,5,ssend,a->b,internode,16384,100,1.14957899999e-05,5.74789499993e-06,2850.43481139,0.000762443999974
1,5,ssend,b->a,internode,16384,100,1.15762500002e-05,5.78812500009e-06,2830.62304282,0.000768758000021
1,5,send,a->b,internode,32768,100,1.952819e-05,9.76409499998e-06,3355.96898638,0.000945852000143
1,5,send,b->a,internode,32768,100,1.924508e-05,9.62254000001e-06,3405.33788376,0.000943127999818
1,5,isend,a->b,internode,32768,100,1.95663599999e-05,9.78317999994e-06,3349.42217154,2.15319998063e-05
1,5,isend,b->a,internode,32768,100,1.939335e-05,9.69667500001e-06,3379.30269912,2.13550000012e-05
1,5,bsend,a->b,internode,32768,100,2.34877299999e-05,1.1743865e-05,2790.22280996,0.00017207199997
1,5,bsend,b->a,internode,32768,100,2.30396999999e-05,1.15198499999e-05,2844.48148198,0.000192962999961
1,5,ssend,a->b,internode,32768,100,2.16100599999e-05,1.080503e-05,3032.66164,0.00125521300001
1,5,ssend,b->a,internode,32768,100,2.18050200002e-05,1.09025100001e-05,3005.54642919,0.00128548400008
1,5,send,a->b,internode,65536,100,2.47385099999e-05,1.2369255e-05,5298.2980786,0.00102403200017
1,5,send,b->a,internode,65536,100,2.49949799999e-05,1.249749e-05,5243.93298176,0.00101394999999
1,5,isend,a->b,internode,65536,100,2.47834000001e-05,1.23917000001e-05,5288.70130811,2.14900000799e-05
1,5,isend,b->a,internode,65536,100,2.47495100001e-05,1.23747550001e-05,5295.94323279,2.15220002246e-05
1,5,bsend,a->b,internode,65536,100,3.14053099999e-05,1.57026549999e-05,4173.5617321,0.00027262100005
1,5,bsend,b->a,internode,65536,100,3.20394900001e-05,1.60197450001e-05,4090.95151014,0.000308939000149
1,5,ssend,a->b,internode,65536,100,2.75703999998e-05,1.37851999999e-05,4754.08409022,0.00161065999995
1,5,ssend,b->a,internode,65536,100,2.73549400001e-05,1.367747e-05,4791.52942758,0.00152853199981
1,5,send,a->b,internode,131072,100,3.31965299998e-05,1.65982649999e-05,7896.7289654,0.00138877700007
1,5,send,b->a,internode,131072,100,3.43819099999e-05,1.71909549999e-05,7624.47461473,0.00140217299997
1,5,isend,a->b,internode,131072,100,3.30395199998e-05,1.65197599999e-05,7934.25570352,2.15120001599e-05
1,5,isend,b->a,internode,131072,100,3.39878399998e-05,1.69939199999e-05,7712.87613456,2.14489998882e-05
1,5,bsend,a->b,internode,131072,100,5.020672e-05,2.510336e-05,5221.29308587,0.000512827999984
1,5,bsend,b->a,internode,131072,100,5.15859400002e-05,2.57929700001e-05,5081.69474083,0.000574826999809
1,5,ssend,a->b,internode,131072,100,3.65353800001e-05,1.826769e-05,7175.07249136,0.00209109799999
1,5,ssend,b->a,internode,131072,100,3.67486900001e-05,1.8374345e-05,7133.4243479,0.00196697999976
1,5,send,a->b,internode,262144,100,5.12662300002e-05,2.56331150001e-05,10226.7711122,0.00221195900002
1,5,send,b->a,internode,262144,100,5.048741e-05,2.5243705e-05,10384.5295293,0.00208482799994
1,5,isend,a->b,internode,262144,100,5.166038e-05,2.583019e-05,10148.7445505,2.14589997825e-05
1,5,isend,b->a,internode,262144,100,5.02721000001e-05,2.513605e-05,10429.0053529,2.13770001096e-05
1,5,bsend,a->b,internode,262144,100,8.87568300001e-05,4.43784150001e-05,5907.0158319,0.00107917599993
1,5,bsend,b->a,internode,262144,100,8.97253099998e-05,4.48626549999e-05,5843.25649029,0.00115835000022
1,5,ssend,a->b,internode,262144,100,5.124389e-05,2.5621945e-05,10231.2295183,0.00281887599999
1,5,ssend,b->a,internode,262144,100,5.25356699998e-05,2.62678349999e-05,9979.65763074,0.00276188799995
1,5,send,a->b,internode,524288,100,7.781209e-05,3.8906045e-05,13475.7465067,0.00357086499989
1,5,send,b->a,internode,524288,100,7.77074000001e-05,3.88537000001e-05,13493.9014817,0.00356966199996
1,5,isend,a->b,internode,524288,100,7.76591900001e-05,3.8829595e-05,13502.2783524,2.17200002055e-05
1,5,isend,b->a,internode,524288,100,7.83126600001e-05,3.91563300001e-05,13389.6103133,2.13900001711e-05
1,5,bsend,a->b,internode,524288,100,0.00016855019,8.42750950001e-05,6221.14991386,0.00234022099988
1,5,bsend,b->a,internode,524288,100,0.00016677913,8.3389565e-05,6287.21351407,0.00237338600002
1,5,ssend,a->b,internode,524288,100,8.27953700002e-05,4.13976850001e-05,12664.669534,0.004402876
1,5,ssend,b->a,internode,524288,100,7.99502199999e-05,3.99751099999e-05,13115.3610334,0.00420788300011
1,5,send,a->b,internode,1048576,100,0.00012396438,6.198219e-05,16917.3757817,0.00601387099994
1,5,send,b->a,internode,1048576,100,0.00012647889,6.3239445e-05,16581.0436825,0.0060260650001
1,5,isend,a->b,internode,1048576,100,0.00012410265,6.2051325e-05,16898.5271467,2.15489999391e-05
1,5,isend,b->a,internode,1048576,100,0.00012410301,6.20515050001e-05,16898.4781271,2.15200001321e-05
1,5,bsend,a->b,internode,1048576,100,0.00032017516,0.00016008758,6550.01468571,0.00464663000005
1,5,bsend,b->a,internode,1048576,100,0.00031781798,0.00015890899,6598.5945792,0.00471754299997
1,5,ssend,a->b,internode,1048576,100,0.00012821788,6.410894e-05,16356.158751,0.00671337899996
1,5,ssend,b->a,internode,1048576,100,0.00012843138,6.421569e-05,16328.9688237,0.00641565000001
1,5,send,a->b,internode,2097152,100,0.0002093043,0.00010465215,20039.2634074,0.0103712510001
1,5,send,b->a,internode,2097152,100,0.00021091078,0.00010545539,19886.6269425,0.0102687099999
1,5,isend,a->b,internode,2097152,100,0.00020915552,0.00010457776,20053.5180712,2.22270001302e-05
1,5,isend,b->a,internode,2097152,100,0.0002105594,0.0001052797,19919.8136013,2.13300000382e-05
1,5,bsend,a->b,internode,2097152,100,0.00059202609,0.000296013045,7084.66074527,0.00918246000026
1,5,bsend,b->a,internode,2097152,100,0.00060077532,0.00030038766,6981.4851915,0.0093219500001
1,5,ssend,a->b,internode,2097152,100,0.00021467202,0.00010733601,19538.1959885,0.0110016950001
1,5,ssend,b->a,internode,2097152,100,0.00021460172,0.00010730086,19544.5963807,0.0107808130001
1,5,send,a->b,internode,4194304,100,0.00037700718,0.00018850359,22250.5258388,0.0189902
1,5,send,b->a,internode,4194304,100,0.00037666804,0.00018833402,22270.5595091,0.018851737
1,5,isend,a->b,internode,4194304,100,0.00037488886,0.00018744443,22376.253058,2.1738999834e-05
1,5,isend,b->a,internode,4194304,100,0.00037645925,0.000188229625,22282.9110986,2.1440999916e-05
1,5,bsend,a->b,internode,4194304,100,0.00115758185,0.000578790925,7246.66510623,0.0185072669999
1,5,bsend,b->a,internode,4194304,100,0.00116526414,0.00058263207,7198.88968693,0.0186191140001
1,5,ssend,a->b,internode,4194304,100,0.00037936758,0.00018968379,22112.0845382,0.0192947779998
1,5,ssend,b->a,internode,4194304,100,0.00037947035,0.000189735175,22106.0960362,0.0190295300001
1,5,send,a->b,internode,8388608,100,0.00072628326,0.00036314163,23100.1000904,0.036727871
1,5,send,b->a,internode,8388608,100,0.00072676367,0.000363381835,23084.8303135,0.0365407079998
1,5,isend,a->b,internode,8388608,100,0.0007247811,0.00036239055,23147.9766787,2.14229999926e-05
1,5,isend,b->a,internode,8388608,100,0.00072222019,0.000361110095,23230.0567504,2.14199999959e-05
1,5,bsend,a->b,internode,8388608,100,0.00229420376,0.00114710188,7312.87093697,0.0375802789999
1,5,bsend,b->a,internode,8388608,100,0.00230484278,0.00115242139,7279.11515075,0.0377297970001
1,5,ssend,a->b,internode,8388608,100,0.00072755168,0.00036377584,23059.8271727,0.0367869330001
1,5,ssend,b->a,internode,8388608,100,0.00073119072,0.00036559536,22945.0614472,0.0366416410002
1,5,send,a->b,internode,16777216,100,0.00143362625,0.000716813125,23405.2857221,0.0720304630002
1,5,send,b->a,internode,16777216,100,0.00143472231,0.000717361155,23387.4051906,0.0716584910001
1,5,isend,a->b,internode,16777216,100,0.00142662963,0.000713314815,23520.0722699,2.23690001633e-05
1,5,isend,b->a,internode,16777216,100,0.00142992004,0.00071496002,23465.9498863,2.18810000945e-05
1,5,bsend,a->b,internode,16777216,100,0.00353940979,0.001769704895,9480.23370868,0.0777932780002
1,5,bsend,b->a,internode,16777216,100,0.00354700355,0.001773501775,9459.93752952,0.0774110850002
1,5,ssend,a->b,internode,16777216,100,0.001433125,0.0007165625,23413.4719581,0.072108303
1,5,ssend,b->a,internode,16777216,100,0.00143221737,0.000716108685,23428.3096287,0.0717230920002
1,5,send,a->b,internode,33554432,100,0.00285136386,0.00142568193,23535.706874,0.143243084
1,5,send,b->a,internode,33554432,100,0.0028442203,0.00142211015,23594.8192902,0.142081158
1,5,isend,a->b,internode,33554432,100,0.00284704401,0.001423522005,23571.417851,2.1911999994e-05
1,5,isend,b->a,internode,33554432,100,0.00284608629,0.001423043145,23579.3497322,2.17800000542e-05
1,5,bsend,a->b,internode,33554432,100,0.006420577,0.0032102885,10452.1546895,0.158825752
1,5,bsend,b->a,internode,33554432,100,0.00640966265,0.003204831325,10469.9525801,0.157784677
1,5,ssend,a->b,internode,33554432,100,0.00285175008,0.00142587504,23532.5193714,0.143182541
1,5,ssend,b->a,internode,33554432,100,0.00285181476,0.00142590738,23531.9856469,0.14248009
1,6,send,a->b,internode,1,100,4.56298999978e-06,2.28149499989e-06,0.438309091209,2.22390000317e-05
1,6,send,b->a,internode,1,100,4.5556500001e-06,2.27782500005e-06,0.439015288698,2.19610000727e-05
1,6,isend,a->b,internode,1,100,4.65075999983e-06,2.32537999992e-06,0.43003724124,2.29940001475e-05
1,6,isend,b->a,internode,1,100,4.62257999999e-06,2.31128999999e-06,0.432658818237,2.24609999009e-05
1,6,bsend,a->b,internode,1,100,4.77197999999e-06,2.38598999999e-06,0.419113240208,3.23530000799e-05
1,6,bsend,b->a,internode,1,100,4.76173999999e-06,2.38087e-06,0.420014532504,3.34279999947e-05
1,6,ssend,a->b,internode,1,100,8.14300999991e-06,4.07150499996e-06,0.245609424527,0.000586353000131
1,6,ssend,b->a,internode,1,100,8.18353999989e-06,4.09176999995e-06,0.244393013296,0.000587538000076
1,6,send,a->b,internode,2,100,4.52401000018e-06,2.26200500009e-06,0.884171343529,2.12509998221e-05
1,6,send,b->a,internode,2,100,4.61806999994e-06,2.30903499997e-06,0.866162704345,2.18890000667e-05
1,6,isend,a->b,internode,2,100,4.59344999996e-06,2.29672499998e-06,0.870805168236,2.23190000099e-05
1,6,isend,b->a,internode,2,100,4.57237999996e-06,2.28618999998e-06,0.874817928527,2.20319997766e-05
1,6,bsend,a->b,internode,2,100,4.82568999985e-06,2.41284499992e-06,0.828897007501,3.24079999245e-05
1,6,bsend,b->a,internode,2,100,4.83919000004e-06,2.41959500002e-06,0.82658461436,3.22680000124e-05
1,6,ssend,a->b,internode,2,100,8.22255999992e-06,4.11127999996e-06,0.486466501921,0.000594428000085
1,6,ssend,b->a,internode,2,100,8.20077000014e-06,4.10038500007e-06,0.487759076273,0.00058963299989
1,6,send,a->b,internode,4,100,4.54906000016e-06,2.27453000008e-06,1.75860507439,2.09360001691e-05
1,6,send,b->a,internode,4,100,4.57106999988e-06,2.28553499994e-06,1.75013727644,2.07900001215e-05
1,6,isend,a->b,internode,4,100,4.57231000013e-06,2.28615500006e-06,1.74966264312,2.22000001031e-05
1,6,isend,b->a,internode,4,100,4.58269999996e-06,2.29134999998e-06,1.74569576889,2.17699999041e-05
1,6,bsend,a->b,internode,4,100,4.75004999998e-06,2.37502499999e-06,1.68419279798,3.26299999074e-05
1,6,bsend,b->a,internode,4,100,4.75873999989e-06,2.37936999994e-06,1.68111727058,3.24919998889e-05
1,6,ssend,a->b,internode,4,100,8.11394999999e-06,4.056975e-06,0.985956285164,0.000582629999883
1,6,ssend,b->a,internode,4,100,8.17891999986e-06,4.08945999993e-06,0.97812425114,0.000587157999945
1,6,send,a->b,internode,8,100,4.57952000005e-06,2.28976000002e-06,3.49381594574,2.19480001249e-05
1,6,send,b->a,internode,8,100,4.54683000015e-06,2.27341500008e-06,3.5189351701,2.16899998406e-05
1,6,isend,a->b,internode,8,100,4.59886000016e-06,2.29943000008e-06,3.47912308691,2.25739999848e-05
1,6,isend,b->a,internode,8,100,4.54593000001e-06,2.272965e-06,3.5196318465,2.24620000324e-05
1,6,bsend,a->b,internode,8,100,4.74935e-06,2.374675e-06,3.36888205755,3.22190000475e-05
1,6,bsend,b->a,internode,8,100,4.71083999997e-06,2.35541999999e-06,3.39642186958,3.25110000858e-05
1,6,ssend,a->b,internode,8,100,8.15804000013e-06,4.07902000006e-06,1.96125539955,0.000587273999855
1,6,ssend,b->a,internode,8,100,8.14367000004e-06,4.07183500002e-06,1.96471615376,0.000581403000012
1,6,send,a->b,internode,16,100,4.49795999998e-06,2.24897999999e-06,7.11433627692,2.2241000039e-05
1,6,send,b->a,internode,16,100,4.50384999994e-06,2.25192499997e-06,7.1050323613,2.22030001282e-05
1,6,isend,a->b,internode,16,100,4.54736000023e-06,2.27368000012e-06,7.03705006825,2.27029997575e-05
1,6,isend,b->a,internode,16,100,4.5258900002e-06,2.2629450001e-06,7.0704325555,2.2706999971e-05
1,6,bsend,a->b,internode,16,100,4.73541000019e-06,2.3677050001e-06,6.75759860259,3.29829998407e-05
1,6,bsend,b->a,internode,16,100,4.70963999987e-06,2.35481999994e-06,6.79457453242,3.31769999775e-05
1,6,ssend,a->b,internode,16,100,8.14721000012e-06,4.07360500006e-06,3.92772495118,0.00058429000029
1,6,ssend,b->a,internode,16,100,8.14955999999e-06,4.07478e-06,3.92659235591,0.000584170000081
1,6,send,a->b,internode,32,100,4.53082999996e-06,2.26541499998e-06,14.125447214,2.27069998289e-05
1,6,send,b->a,internode,32,100,4.49752999998e-06,2.24876499999e-06,14.2300329292,2.167100007e-05
1,6,isend,a->b,internode,32,100,4.5331299998e-06,2.2665649999e-06,14.1182803058,2.34179998984e-05
1,6,isend,b->a,internode,32,100,4.56315999998e-06,2.28157999999e-06,14.0253683851,2.3786999833e-05
1,6,bsend,a->b,internode,32,100,4.73440999997e-06,2.36720499998e-06,13.5180518798,3.33019999914e-05
1,6,bsend,b->a,internode,32,100,4.74200000014e-06,2.37100000007e-06,13.4964150144,3.35350000285e-05
1,6,ssend,a->b,internode,32,100,8.15683000013e-06,4.07841500007e-06,7.84618534393,0.000585411999907
1,6,ssend,b->a,internode,32,100,8.19295000014e-06,4.09647500007e-06,7.81159411432,0.000586101999943
1,6,send,a->b,internode,64,100,4.53883999995e-06,2.26941999998e-06,28.201038151,2.3030000051e-05
1,6,send,b->a,internode,64,100,4.55955000007e-06,2.27977500003e-06,28.0729457947,2.29620001164e-05
1,6,isend,a->b,internode,64,100,4.54946000019e-06,2.2747300001e-06,28.1352072542,2.39460000273e-05
1,6,isend,b->a,internode,64,100,4.54071999997e-06,2.27035999998e-06,28.1893620397,2.28620000087e-05
1,6,bsend,a->b,internode,64,100,4.78440999984e-06,2.39220499992e-06,26.753560001,3.48340000471e-05
1,6,bsend,b->a,internode,64,100,4.88167000015e-06,2.44083500007e-06,26.2205351849,3.41460000755e-05
1,6,ssend,a->b,internode,64,100,8.21564999995e-06,4.10782499998e-06,15.5800210575,0.000589207000047
1,6,ssend,b->a,internode,64,100,8.20858999987e-06,4.10429499993e-06,15.5934210385,0.000585423999922
1,6,send,a->b,internode,128,100,5.62120000012e-06,2.81060000006e-06,45.5418771783,2.25109999406e-05
1,6,send,b->a,internode,128,100,5.63669999991e-06,2.81834999996e-06,45.4166444913,2.37350000134e-05
1,6,isend,a->b,internode,128,100,5.69034000023e-06,2.84517000011e-06,44.9885244097,2.29379999155e-05
1,6,isend,b->a,internode,128,100,5.72406999993e-06,2.86203499996e-06,44.7234223207,2.4939000042e-05
1,6,bsend,a->b,internode,128,100,5.86827999996e-06,2.93413999998e-06,43.6243669358,3.32170001229e-05
1,6,bsend,b->a,internode,128,100,5.8828600001e-06,2.94143000005e-06,43.5162488986,3.47679999209e-05
1,6,ssend,a->b,internode,128,100,8.2111399999e-06,4.10556999995e-06,31.1771568872,0.00058834500004
1,6,ssend,b->a,internode,128,100,8.21419000005e-06,4.10709500002e-06,31.1655805379,0.000585600000022
1,6,send,a->b,internode,256,100,5.85615000006e-06,2.92807500003e-06,87.4294545043,0.000380731000092
1,6,send,b->a,internode,256,100,5.79729999998e-06,2.89864999999e-06,88.3169751439,0.000376880000033
1,6,isend,a->b,internode,256,100,5.78060999999e-06,2.89030499999e-06,88.5719673185,2.00560001531e-05
1,6,isend,b->a,internode,256,100,5.68869999995e-06,2.84434999998e-06,90.0029883813,1.98689998001e-05
1,6,bsend,a->b,internode,256,100,6.07807000023e-06,3.03903500011e-06,84.2372661027,4.11220001126e-05
1,6,bsend,b->a,internode,256,100,6.06010999974e-06,3.03005499987e-06,84.4869152577,4.18249999541e-05
1,6,ssend,a->b,internode,256,100,8.19451000012e-06,4.09725500006e-06,62.4808560844,0.000589279000195
1,6,ssend,b->a,internode,256,100,8.40304999997e-06,4.20152499998e-06,60.9302574663,0.000609104999995
1,6,send,a->b,internode,512,100,6.00945000002e-06,3.00472500001e-06,170.39828936,0.000389944000034
1,6,send,b->a,internode,512,100,5.91563e-06,2.957815e-06,173.100751737,0.000387057999859
1,6,isend,a->b,internode,512,100,5.86486000003e-06,2.93243000002e-06,174.599223169,2.02000001934e-05
1,6,isend,b->a,internode,512,100,5.80973000012e-06,2.90486500006e-06,176.256039434,1.97629998411e-05
1,6,bsend,a->b,internode,512,100,6.2447900001e-06,3.12239500005e-06,163.976690967,4.37600000396e-05
1,6,bsend,b->a,internode,512,100,6.26028999989e-06,3.13014499994e-06,163.570697207,4.22629998127e-05
1,6,ssend,a->b,internode,512,100,8.21443999996e-06,4.10721999998e-06,124.658528153,0.00058787100005
1,6,ssend,b->a,internode,512,100,8.28452999997e-06,4.14226499998e-06,123.603873727,0.000593715999941
1,6,send,a->b,internode,1024,100,6.06956000013e-06,3.03478000006e-06,337.421493478,0.000394389000036
1,6,send,b->a,internode,1024,100,6.00369000011e-06,3.00184500006e-06,341.123542348,0.000388775000033
1,6,isend,a->b,internode,1024,100,5.98088999993e-06,2.99044499997e-06,342.423953629,2.00570000572e-05
1,6,isend,b->a,internode,1024,100,5.95500000003e-06,2.97750000001e-06,343.91267842,1.97660000651e-05
1,6,bsend,a->b,internode,1024,100,6.30991999998e-06,3.15495999999e-06,324.568298807,4.25159998656e-05
1,6,bsend,b->a,internode,1024,100,6.3234000001e-06,3.16170000005e-06,323.876395605,4.26519997916e-05
1,6,ssend,a->b,internode,1024,100,8.40590999985e-06,4.20295499993e-06,243.638107003,0.000600766999924
1,6,ssend,b->a,internode,1024,100,8.32440000011e-06,4.16220000005e-06,246.023737443,0.000590283999799
1,6,send,a->b,internode,2048,100,6.19198999999e-06,3.095995e-06,661.499776325,0.000396539000036
1,6,send,b->a,internode,2048,100,6.17541999986e-06,3.08770999993e-06,663.274724649,0.000395268999853
1,6,isend,a->b,internode,2048,100,6.20081000022e-06,3.10040500011e-06,660.558862447,1.99760000612e-05
1,6,isend,b->a,internode,2048,100,6.23312999977e-06,3.11656499989e-06,657.133735403,1.99900000837e-05
1,6,bsend,a->b,internode,2048,100,6.84604000014e-06,3.42302000007e-06,598.302084112,4.97919999702e-05
1,6,bsend,b->a,internode,2048,100,6.82154999993e-06,3.41077499996e-06,600.450044351,5.29820001702e-05
1,6,ssend,a->b,internode,2048,100,8.56650999992e-06,4.28325499996e-06,478.141039938,0.000606801999993
1,6,ssend,b->a,internode,2048,100,8.55554999987e-06,4.27777499993e-06,478.75355764,0.00060356100002
1,6,send,a->b,internode,4096,100,6.43185000001e-06,3.21592500001e-06,1273.66154372,0.000404014000168
1,6,send,b->a,internode,4096,100,6.42108999983e-06,3.21054499992e-06,1275.79585401,0.000401839999995
1,6,isend,a->b,internode,4096,100,6.45920000011e-06,3.22960000005e-06,1268.2685162,2.00549999079e-05
1,6,isend,b->a,internode,4096,100,6.4559499998e-06,3.2279749999e-06,1268.90697732,1.97839999316e-05
1,6,bsend,a->b,internode,4096,100,7.53344000003e-06,3.76672000002e-06,1087.41823124,6.31769998449e-05
1,6,bsend,b->a,internode,4096,100,7.50315000005e-06,3.75157500002e-06,1091.80810725,6.32810001662e-05
1,6,ssend,a->b,internode,4096,100,8.77941999988e-06,4.38970999994e-06,933.091252054,0.000613072000021
1,6,ssend,b->a,internode,4096,100,8.81683000017e-06,4.40841500009e-06,929.132125701,0.000614682000077
1,6,send,a->b,internode,8192,100,7.17595999987e-06,3.58797999993e-06,2283.17883604,0.000439606000072
1,6,send,b->a,internode,8192,100,7.19285000002e-06,3.59642500001e-06,2277.81755493,0.000442642999957
1,6,isend,a->b,internode,8192,100,7.23528000009e-06,3.61764000004e-06,2264.45970298,2.03140000679e-05
1,6,isend,b->a,internode,8192,100,7.30516000004e-06,3.65258000002e-06,2242.79824123,1.96750000043e-05
1,6,bsend,a->b,internode,8192,100,8.76398999992e-06,4.38199499996e-06,1869.4681304,8.71290002067e-05
1,6,bsend,b->a,internode,8192,100,8.79639999994e-06,4.39819999997e-06,1862.58014644,9.11350001616e-05
1,6,ssend,a->b,internode,8192,100,9.76780000002e-06,4.88390000001e-06,1677.34802105,0.00066795000015
1,6,ssend,b->a,internode,8192,100,9.75853e-06,4.879265e-06,1678.94139794,0.000664511000195
1,6,send,a->b,internode,16384,100,8.77811999999e-06,4.38905999999e-06,3732.9177546,0.000525928999878
1,6,send,b->a,internode,16384,100,8.75943000011e-06,4.37971500006e-06,3740.88268296,0.000528227000018
1,6,isend,a->b,internode,16384,100,8.65578999992e-06,4.32789499996e-06,3785.67409795,2.00629999938e-05
1,6,isend,b->a,internode,16384,100,8.59281000004e-06,4.29640500002e-06,3813.42075524,1.97420000916e-05
1,6,bsend,a->b,internode,16384,100,1.074176e-05,5.37088000002e-06,3050.52430886,0.000125316999913
1,6,bsend,b->a,internode,16384,100,1.083927e-05,5.41963499998e-06,3023.08181272,0.000131526999979
1,6,ssend,a->b,internode,16384,100,1.08660999999e-05,5.43304999994e-06,3015.61737886,0.000718431999928
1,6,ssend,b->a,internode,16384,100,1.093586e-05,5.46792999998e-06,2996.38071447,0.00072478300001
1,6,send,a->b,internode,32768,100,1.764941e-05,8.82470500002e-06,3713.21194305,0.000883162999912
1,6,send,b->a,internode,32768,100,1.74441199999e-05,8.72205999997e-06,3756.9106381,0.000878390000025
1,6,isend,a->b,internode,32768,100,1.73260999998e-05,8.66304999988e-06,3782.50154397,2.15579999292e-05
1,6,isend,b->a,internode,32768,100,1.76557199998e-05,8.82785999991e-06,3711.88487361,2.1402000101e-05
1,6,bsend,a->b,internode,32768,100,2.15162800001e-05,1.075814e-05,3045.87967808,0.000175093000081
1,6,bsend,b->a,internode,32768,100,2.10938399999e-05,1.054692e-05,3106.87859585,0.000186294999935
1,6,ssend,a->b,internode,32768,100,2.00838499998e-05,1.00419249999e-05,3263.11937206,0.00106281500018
1,6,ssend,b->a,internode,32768,100,1.99149099998e-05,9.95745499992e-06,3290.80071165,0.00128531500013
1,6,send,a->b,internode,65536,100,2.243182e-05,1.121591e-05,5843.12819914,0.00101298300018
1,6,send,b->a,internode,65536,100,2.24034199999e-05,1.120171e-05,5850.53532007,0.00101427899983
1,6,isend,a->b,internode,65536,100,2.25782000001e-05,1.12891000001e-05,5805.24576801,2.13249998922e-05
1,6,isend,b->a,internode,65536,100,2.18478799999e-05,1.092394e-05,5999.30061866,2.15710001896e-05
1,6,bsend,a->b,internode,65536,100,2.75081800001e-05,1.375409e-05,4764.83722295,0.000275337000147
1,6,bsend,b->a,internode,65536,100,2.75821700001e-05,1.3791085e-05,4752.0554039,0.000280244000095
1,6,ssend,a->b,internode,65536,100,2.44446600001e-05,1.22223300001e-05,5361.98908061,0.00122895799976
1,6,ssend,b->a,internode,65536,100,2.43351e-05,1.216755e-05,5386.12950018,0.00159301000025
1,6,send,a->b,internode,131072,100,3.02635300002e-05,1.51317650001e-05,8662.04305968,0.00132466799988
1,6,send,b->a,internode,131072,100,2.922087e-05,1.4610435e-05,8971.12235193,0.00132974900004
1,6,isend,a->b,internode,131072,100,2.958925e-05,1.4794625e-05,8859.43374705,2.15369998386e-05
1,6,isend,b->a,internode,131072,100,3.031214e-05,1.515607e-05,8648.15219248,2.15590000892e-05
1,6,bsend,a->b,internode,131072,100,4.354834e-05,2.177417e-05,6019.60947306,0.00051078599995
1,6,bsend,b->a,internode,131072,100,4.343315e-05,2.1716575e-05,6035.57421002,0.000511686999886
1,6,ssend,a->b,internode,131072,100,3.24820600002e-05,1.62410300001e-05,8070.42410482,0.00146543399975
1,6,ssend,b->a,internode,131072,100,3.112749e-05,1.5563745e-05,8421.62345889,0.00200146099988
1,6,send,a->b,internode,262144,100,4.32870400002e-05,2.16435200001e-05,12111.8930746,0.00186189599998
1,6,send,b->a,internode,262144,100,4.471099e-05,2.2355495e-05,11726.1550236,0.00224161900002
1,6,isend,a->b,internode,262144,100,4.37861900002e-05,2.18930950001e-05,11973.8209695,2.15899999318e-05
1,6,isend,b->a,internode,262144,100,4.284114e-05,2.142057e-05,12237.9563196,2.15939998895e-05
1,6,bsend,a->b,internode,262144,100,7.558655e-05,3.7793275e-05,6936.2604855,0.00108044900011
1,6,bsend,b->a,internode,262144,100,7.605028e-05,3.802514e-05,6893.96541341,0.00110454799986
1,6,ssend,a->b,internode,262144,100,4.48699499998e-05,2.24349749999e-05,11684.612976,0.002021074
1,6,ssend,b->a,internode,262144,100,4.56091799998e-05,2.28045899999e-05,11495.2296885,0.0029103650001
1,6,send,a->b,internode,524288,100,6.903507e-05,3.4517535e-05,15189.0336317,0.00295221700009
1,6,send,b->a,internode,524288,100,6.88353800001e-05,3.44176900001e-05,15233.0967011,0.00373160700005
1,6,isend,a->b,internode,524288,100,6.820519e-05,3.4102595e-05,15373.8447177,2.16589999127e-05
1,6,isend,b->a,internode,524288,100,6.86675599999e-05,3.433378e-05,15270.3256094,2.16669999702e-05
1,6,bsend,a->b,internode,524288,100,0.00013964364,6.982182e-05,7508.94204705,0.002336711
1,6,bsend,b->a,internode,524288,100,0.00014077365,7.0386825e-05,7448.66670716,0.00234621100014
1,6,ssend,a->b,internode,524288,100,7.208448e-05,3.604224e-05,14546.4876767,0.00309162999991
1,6,ssend,b->a,internode,524288,100,6.844073e-05,3.4220365e-05,15320.9353553,0.00411542699996
1,6,send,a->b,internode,1048576,100,0.00011350215,5.6751075e-05,18476.7601319,0.00513898499995
1,6,send,b->a,internode,1048576,100,0.00011429198,5.714599e-05,18349.074012,0.00633032399992
1,6,isend,a->b,internode,1048576,100,0.00011262599,5.6312995e-05,18620.4978087,2.15489999107e-05
1,6,isend,b->a,internode,1048576,100,0.00011307417,5.65370849999e-05,18546.6937321,2.16499998942e-05
1,6,bsend,a->b,internode,1048576,100,0.00026110757,0.000130553785,8031.75488171,0.00462892500002
1,6,bsend,b->a,internode,1048576,100,0.00026081574,0.00013040787,8040.7417129,0.00462438999995
1,6,ssend,a->b,internode,1048576,100,0.00011405041,5.70252049999e-05,18387.9391578,0.00526281399999
1,6,ssend,b->a,internode,1048576,100,0.00011483371,5.7416855e-05,18262.5119401,0.00658890400007
1,6,send,a->b,internode,2097152,100,0.00020083387,0.000100416935,20884.4454374,0.00946167499998
1,6,send,b->a,internode,2097152,100,0.00020078668,0.00010039334,20889.3538157,0.010724459
1,6,isend,a->b,internode,2097152,100,0.00019802092,9.90104600001e-05,21181.1156114,2.19379999464e-05
1,6,isend,b->a,internode,2097152,100,0.00019851556,9.92577800001e-05,21128.3387559,2.16129999728e-05
1,6,bsend,a->b,internode,2097152,100,0.00050149246,0.00025074623,8363.64319415,0.00920100099995
1,6,bsend,b->a,internode,2097152,100,0.000502309,0.0002511545,8350.04748073,0.00916327399983
1,6,ssend,a->b,internode,2097152,100,0.00020076394,0.00010038197,20891.7198975,0.00956705399997
1,6,ssend,b->a,internode,2097152,100,0.00020144142,0.00010072071,20821.4576724,0.0109439309999
1,6,send,a->b,internode,4194304,100,0.00037163826,0.00018581913,22571.9709268,0.0181832870001
1,6,send,b->a,internode,4194304,100,0.00036949857,0.000184749285,22702.6805544,0.0190566079999
1,6,isend,a->b,internode,4194304,100,0.00036575155,0.000182875775,22935.2630221,2.16049998301e-05
1,6,isend,b->a,internode,4194304,100,0.00036657892,0.00018328946,22883.4980473,2.15640000363e-05
1,6,bsend,a->b,internode,4194304,100,0.00097873524,0.00048936762,8570.86539563,0.0185337959998
1,6,bsend,b->a,internode,4194304,100,0.0009812904,0.0004906452,8548.54791201,0.0184532210002
1,6,ssend,a->b,internode,4194304,100,0.00037016617,0.000185083085,22661.7359442,0.0182448529999
1,6,ssend,b->a,internode,4194304,100,0.00037162821,0.000185814105,22572.5813441,0.0193497399997
1,6,send,a->b,internode,8388608,100,0.00072128084,0.00036064042,23260.3100895,0.035673276
1,6,send,b->a,internode,8388608,100,0.00072263406,0.00036131703,23216.7523352,0.0371106520001
1,6,isend,a->b,internode,8388608,100,0.00071104755,0.000355523775,23595.0689936,2.17150001163e-05
1,6,isend,b->a,internode,8388608,100,0.00071394416,0.00035697208,23499.33922,2.1619999842e-05
1,6,bsend,a->b,internode,8388608,100,0.00194249095,0.000971245475,8636.95967284,0.0374214300001
1,6,bsend,b->a,internode,8388608,100,0.00193578703,0.000967893515,8666.87075592,0.0374076420002
1,6,ssend,a->b,internode,8388608,100,0.00072090783,0.000360453915,23272.3453704,0.0357078789998
1,6,ssend,b->a,internode,8388608,100,0.00072204444,0.00036102222,23235.7110873,0.0371222299999
1,6,send,a->b,internode,16777216,100,0.00142406926,0.00071203463,23562.3596004,0.070646188
1,6,send,b->a,internode,16777216,100,0.00142230311,0.000711151555,23591.6182451,0.0720802890001
1,6,isend,a->b,internode,16777216,100,0.00141541547,0.000707707735,23706.4188651,2.18579999682e-05
1,6,isend,b->a,internode,16777216,100,0.00141658446,0.00070829223,23686.8559182,2.22610001117e-05
1,6,bsend,a->b,internode,16777216,100,0.0032699415,0.00163497075,10261.4777665,0.077942447
1,6,bsend,b->a,internode,16777216,100,0.0032995462,0.0016497731,10169.4081447,0.0778023290001
1,6,ssend,a->b,internode,16777216,100,0.00142634769,0.000713173845,23524.7213812,0.0706735549999
1,6,ssend,b->a,internode,16777216,100,0.00142480397,0.000712401985,23550.2095071,0.0723807959998
1,6,send,a->b,internode,33554432,100,0.00283085729,0.001415428645,23706.1982026,0.140573326
1,6,send,b->a,internode,33554432,100,0.00283172058,0.00141586029,23698.9710334,0.14296067
1,6,isend,a->b,internode,33554432,100,0.00282753276,0.00141376638,23734.0712544,2.20110001123e-05
1,6,isend,b->a,internode,33554432,100,0.00282882437,0.001414412185,23723.2345393,2.15449999814e-05
1,6,bsend,a->b,internode,33554432,100,0.00626464713,0.003132323565,10712.3134963,0.158962551
1,6,bsend,b->a,internode,33554432,100,0.00624913465,0.003124567325,10738.9051058,0.157950032
1,6,ssend,a->b,internode,33554432,100,0.00283083496,0.00141541748,23706.3852002,0.140624569
1,6,ssend,b->a,internode,33554432,100,0.00283260996,0.00141630498,23691.5300545,0.143097631
1,7,send,a->b,internode,1,100,4.53834000041e-06,2.2691700002e-06,0.440689767585,2.17109998744e-05
1,7,send,b->a,internode,1,100,4.50475000036e-06,2.25237500018e-06,0.443975803283,2.2013000148e-05
1,7,isend,a->b,internode,1,100,4.52501999973e-06,2.26250999987e-06,0.441986996769,2.32360001178e-05
1,7,isend,b->a,internode,1,100,4.53500999981e-06,2.26750499991e-06,0.441013360518,2.23690003054e-05
1,7,bsend,a->b,internode,1,100,4.71808999976e-06,2.35904499988e-06,0.423900349528,3.33859999273e-05
1,7,bsend,b->a,internode,1,100,4.71093999977e-06,2.35546999988e-06,0.424543721656,3.3053000152e-05
1,7,ssend,a->b,internode,1,100,8.07718000033e-06,4.03859000016e-06,0.247611171216,0.000579515999789
1,7,ssend,b->a,internode,1,100,8.0983700002e-06,4.0491850001e-06,0.246963277789,0.000579864999793
1,7,send,a->b,internode,2,100,4.48453999979e-06,2.2422699999e-06,0.891953243852,2.18419996827e-05
1,7,send,b->a,internode,2,100,4.49382999989e-06,2.24691499994e-06,0.8901093277,2.14180001876e-05
1,7,isend,a->b,internode,2,100,4.51489999989e-06,2.25744999995e-06,0.885955392168,2.27850002261e-05
1,7,isend,b->a,internode,2,100,4.5223799998e-06,2.2611899999e-06,0.884490025203,2.23930002221e-05
1,7,bsend,a->b,internode,2,100,4.72150000007e-06,2.36075000004e-06,0.847188393506,3.39029997463e-05
1,7,bsend,b->a,internode,2,100,4.72055999978e-06,2.36027999989e-06,0.847357093265,3.35799994673e-05
1,7,ssend,a->b,internode,2,100,8.13388999973e-06,4.06694499986e-06,0.491769620702,0.000584734999848
1,7,ssend,b->a,internode,2,100,8.1615900001e-06,4.08079500005e-06,0.490100580886,0.000586672000054
1,7,send,a->b,internode,4,100,4.55438000017e-06,2.27719000009e-06,1.75655083671,2.21990003979e-05
1,7,send,b->a,internode,4,100,4.58771000012e-06,2.29385500006e-06,1.74378938507,2.09900005643e-05
1,7,isend,a->b,internode,4,100,4.59814999999e-06,2.299075e-06,1.73983014908,2.31499999472e-05
1,7,isend,b->a,internode,4,100,4.58170000002e-06,2.29085000001e-06,1.74607678372,2.27750001045e-05
1,7,bsend,a->b,internode,4,100,4.79443000017e-06,2.39721500009e-06,1.66860294127,3.39869995969e-05
1,7,bsend,b->a,internode,4,100,4.75973999983e-06,2.37986999991e-06,1.68076407541,3.2158999943e-05
1,7,ssend,a->b,internode,4,100,8.19261000004e-06,4.09630500002e-06,0.976489787743,0.000590753000097
1,7,ssend,b->a,internode,4,100,8.29705000001e-06,4.14852500001e-06,0.964198118607,0.000600538000413
1,7,send,a->b,internode,8,100,4.73612000008e-06,2.36806000004e-06,3.37829277969,2.1773000185e-05
1,7,send,b->a,internode,8,100,4.61567000002e-06,2.30783500001e-06,3.46645232435,2.10620003713e-05
1,7,isend,a->b,internode,8,100,4.64835999992e-06,2.32417999996e-06,3.44207419397,2.2843999659e-05
1,7,isend,b->a,internode,8,100,4.56457000041e-06,2.28228500021e-06,3.50525898355,2.19680001692e-05
1,7,bsend,a->b,internode,8,100,4.78871999974e-06,2.39435999987e-06,3.34118511854,3.30330001361e-05
1,7,bsend,b->a,internode,8,100,4.76994999985e-06,2.38497499993e-06,3.35433285474,3.30919999101e-05
1,7,ssend,a->b,internode,8,100,8.10844e-06,4.05422e-06,1.97325256153,0.000581621999515
1,7,ssend,b->a,internode,8,100,8.11821000013e-06,4.05910500007e-06,1.97087781663,0.000582237999936
1,7,send,a->b,internode,16,100,4.52181000014e-06,2.26090500007e-06,7.07681216128,2.20490001084e-05
1,7,send,b->a,internode,16,100,4.50193999995e-06,2.25096999998e-06,7.10804675325,2.18909999035e-05
1,7,isend,a->b,internode,16,100,4.55338000052e-06,2.27669000026e-06,7.02774642054,2.29400004059e-05
1,7,isend,b->a,internode,16,100,4.56976999999e-06,2.28488499999e-06,7.00254060928,2.31249999842e-05
1,7,bsend,a->b,internode,16,100,4.85013000002e-06,2.42506500001e-06,6.59776129709,3.33700001534e-05
1,7,bsend,b->a,internode,16,100,4.93897000013e-06,2.46948500006e-06,6.47908369542,3.3620000238e-05
1,7,ssend,a->b,internode,16,100,8.38606999991e-06,4.19303499996e-06,3.81585176374,0.000609647999966
1,7,ssend,b->a,internode,16,100,8.32912000021e-06,4.16456000011e-06,3.84194248602,0.000601843999846
1,7,send,a->b,internode,32,100,4.60147000013e-06,2.30073500006e-06,13.9085987735,2.20459996854e-05
1,7,send,b->a,internode,32,100,4.53370000002e-06,2.26685000001e-06,14.1165052826,2.19119999656e-05
1,7,isend,a->b,internode,32,100,4.56560000032e-06,2.28280000016e-06,14.0178727868,2.27659999723e-05
1,7,isend,b->a,internode,32,100,4.57578999999e-06,2.28789499999e-06,13.9866558562,2.26239998824e-05
1,7,bsend,a->b,internode,32,100,4.75515999995e-06,2.37757999997e-06,13.4590634176,3.32579999736e-05
1,7,bsend,b->a,internode,32,100,4.74830999963e-06,2.37415499981e-06,13.4784797128,3.2797000074e-05
1,7,ssend,a->b,internode,32,100,8.15663000026e-06,4.07831500013e-06,7.84637773173,0.000585111999953
1,7,ssend,b->a,internode,32,100,8.17321999989e-06,4.08660999994e-06,7.83045115644,0.000586333000228
1,7,send,a->b,internode,64,100,4.55757999987e-06,2.27878999993e-06,28.0850802408,2.40140003029e-05
1,7,send,b->a,internode,64,100,4.57138000002e-06,2.28569000001e-06,28.0002975031,2.31740000913e-05
1,7,isend,a->b,internode,64,100,4.57801999971e-06,2.28900999986e-06,27.95968563,2.46559996526e-05
1,7,isend,b->a,internode,64,100,4.5818000001e-06,2.29090000005e-06,27.9366187955,2.47210001021e-05
1,7,bsend,a->b,internode,64,100,4.77869999997e-06,2.38934999999e-06,26.7855274448,3.4802000016e-05
1,7,bsend,b->a,internode,64,100,4.75692999999e-06,2.37846499999e-06,26.9081109035,3.54609998112e-05
1,7,ssend,a->b,internode,64,100,8.20341999997e-06,4.10170999999e-06,15.6032484013,0.000587768999878
1,7,ssend,b->a,internode,64,100,8.17422000011e-06,4.08711000006e-06,15.658986423,0.000584640000227
1,7,send,a->b,internode,128,100,5.5593899998e-06,2.7796949999e-06,46.0482175219,2.24979998507e-05
1,7,send,b->a,internode,128,100,5.77135000015e-06,2.88567500007e-06,44.357039513,2.26309998084e-05
1,7,isend,a->b,internode,128,100,5.60006000001e-06,2.80003e-06,45.7137959236,2.28389999393e-05
1,7,isend,b->a,internode,128,100,5.59683000006e-06,2.79841500003e-06,45.7401779217,2.36810001297e-05
1,7,bsend,a->b,internode,128,100,5.79173000006e-06,2.89586500003e-06,44.2009554999,3.30479996933e-05
1,7,bsend,b->a,internode,128,100,5.78238000003e-06,2.89119000001e-06,44.2724276161,3.39319999512e-05
1,7,ssend,a->b,internode,128,100,8.13739999955e-06,4.06869999978e-06,31.4596799978,0.00057749500013
1,7,ssend,b->a,internode,128,100,8.1852400001e-06,4.09262000005e-06,31.2758086503,0.000581534000162
1,7,send,a->b,internode,256,100,5.74594999989e-06,2.87297499995e-06,89.106240049,0.000370533000307
1,7,send,b->a,internode,256,100,5.70353000001e-06,2.851765e-06,89.7689676393,0.000371617000042
1,7,isend,a->b,internode,256,100,5.71088000015e-06,2.85544000008e-06,89.653433444,2.01040000434e-05
1,7,isend,b->a,internode,256,100,5.69071000029e-06,2.84535500015e-06,89.9711986683,1.96860000301e-05
1,7,bsend,a->b,internode,256,100,6.05011999994e-06,3.02505999997e-06,84.6264206338,4.14750006712e-05
1,7,bsend,b->a,internode,256,100,6.0669100003e-06,3.03345500015e-06,84.3922194288,4.18099999706e-05
1,7,ssend,a->b,internode,256,100,8.09501999981e-06,4.04750999991e-06,63.2487628211,0.000581524000154
1,7,ssend,b->a,internode,256,100,8.10367999975e-06,4.05183999987e-06,63.1811720127,0.000578559999951
1,7,send,a->b,internode,512,100,5.80306000018e-06,2.90153000009e-06,176.458626995,0.000375926999936
1,7,send,b->a,internode,512,100,5.79088999984e-06,2.89544499992e-06,176.829468359,0.000374787999817
1,7,isend,a->b,internode,512,100,5.75215000026e-06,2.87607500013e-06,178.020392367,2.02209998292e-05
1,7,isend,b->a,internode,512,100,5.76114000012e-06,2.88057000006e-06,177.742599551,1.97930002628e-05
1,7,bsend,a->b,internode,512,100,6.25219999961e-06,3.1260999998e-06,163.782348624,4.56129997701e-05
1,7,bsend,b->a,internode,512,100,6.31509000016e-06,3.15754500008e-06,162.151291585,4.54080000623e-05
1,7,ssend,a->b,internode,512,100,8.2530200001e-06,4.12651000005e-06,124.07579286,0.000591146999625
1,7,ssend,b->a,internode,512,100,8.2375400001e-06,4.11877000005e-06,124.308956313,0.000588738999966
1,7,send,a->b,internode,1024,100,6.02357000048e-06,3.01178500024e-06,339.997708973,0.000390043999744
1,7,send,b->a,internode,1024,100,6.07012000046e-06,3.03506000023e-06,337.39036458,0.000396977999856
1,7,isend,a->b,internode,1024,100,5.95353999984e-06,2.97676999992e-06,343.99701691,2.04880000751e-05
1,7,isend,b->a,internode,1024,100,5.9394699997e-06,2.96973499985e-06,344.811910844,1.9646999931e-05
1,7,bsend,a->b,internode,1024,100,6.37794999989e-06,3.18897499994e-06,321.106311595,4.23319996798e-05
1,7,bsend,b->a,internode,1024,100,6.36508000014e-06,3.18254000007e-06,321.75557887,4.24450001333e-05
1,7,ssend,a->b,internode,1024,100,8.40912000001e-06,4.20456000001e-06,243.545103411,0.00059967799956
1,7,ssend,b->a,internode,1024,100,8.33182000008e-06,4.16591000004e-06,245.80463812,0.000592524999718
1,7,send,a->b,internode,2048,100,6.22645000021e-06,3.11322500011e-06,657.838736336,0.000397953000117
1,7,send,b->a,internode,2048,100,6.24715999948e-06,3.12357999974e-06,655.657931019,0.000401092999994
1,7,isend,a->b,internode,2048,100,6.27414999997e-06,3.13707499998e-06,652.83743615,2.01029998834e-05
1,7,isend,b->a,internode,2048,100,6.24295000023e-06,3.12147500011e-06,656.100080867,1.98629999204e-05
1,7,bsend,a->b,internode,2048,100,6.86045999998e-06,3.43022999999e-06,597.044513052,5.16760001688e-05
1,7,bsend,b->a,internode,2048,100,6.8503e-06,3.42515e-06,597.930017664,4.88140003654e-05
1,7,ssend,a->b,internode,2048,100,8.61430999976e-06,4.30715499988e-06,475.487880064,0.000606964999577
1,7,ssend,b->a,internode,2048,100,8.61937000025e-06,4.30968500012e-06,475.208744941,0.000605932000155
1,7,send,a->b,internode,4096,100,6.52844000001e-06,3.26422000001e-06,1254.81738363,0.000407413999994
1,7,send,b->a,internode,4096,100,6.51066000046e-06,3.25533000023e-06,1258.24417178,0.000407832000406
1,7,isend,a->b,internode,4096,100,6.55317999986e-06,3.27658999993e-06,1250.0801138,2.01749997473e-05
1,7,isend,b->a,internode,4096,100,6.50735000022e-06,3.25367500011e-06,1258.88418476,1.95970000618e-05
1,7,bsend,a->b,internode,4096,100,7.56680999984e-06,3.78340499992e-06,1082.622664,6.39509997313e-05
1,7,bsend,b->a,internode,4096,100,7.61825999973e-06,3.80912999987e-06,1075.31116033,6.10060000668e-05
1,7,ssend,a->b,internode,4096,100,8.88291999956e-06,4.44145999978e-06,922.219270285,0.000619633000269
1,7,ssend,b->a,internode,4096,100,9.0439600001e-06,4.52198000005e-06,905.797902679,0.000633926000091
1,7,send,a->b,internode,8192,100,7.51120000018e-06,3.75560000009e-06,2181.27596118,0.000462767000158
1,7,send,b->a,internode,8192,100,7.46067000023e-06,3.73033500011e-06,2196.04941641,0.000460863999933
1,7,isend,a->b,internode,8192,100,7.31392000034e-06,3.65696000017e-06,2240.1120055,2.0188999315e-05
1,7,isend,b->a,internode,8192,100,7.26439999994e-06,3.63219999997e-06,2255.38241288,1.97580000076e-05
1,7,bsend,a->b,internode,8192,100,8.76098000049e-06,4.38049000024e-06,1870.11042133,8.87729994474e-05
1,7,bsend,b->a,internode,8192,100,8.71275000009e-06,4.35637500004e-06,1880.46254051,8.8260999803e-05
1,7,ssend,a->b,internode,8192,100,9.61181000037e-06,4.80590500018e-06,1704.56969076,0.000654296000164
1,7,ssend,b->a,internode,8192,100,9.6505199997e-06,4.82525999985e-06,1697.73235023,0.000658339999802
1,7,send,a->b,internode,16384,100,8.38215999977e-06,4.19107999988e-06,3909.25489383,0.000499636999734
1,7,send,b->a,internode,16384,100,8.37029000024e-06,4.18514500012e-06,3914.79865083,0.0005017940004
1,7,isend,a->b,internode,16384,100,8.34730000008e-06,4.17365000004e-06,3925.58072666,2.00940002628e-05
1,7,isend,b->a,internode,16384,100,8.32590000016e-06,4.16295000008e-06,3935.67061812,1.96739999296e-05
1,7,bsend,a->b,internode,16384,100,1.06172199997e-05,5.30860999987e-06,3086.30696178,0.000126349000141
1,7,bsend,b->a,internode,16384,100,1.05698700003e-05,5.28493500013e-06,3100.13273571,0.000132154999903
1,7,ssend,a->b,internode,16384,100,1.07845400004e-05,5.39227000019e-06,3038.42352097,0.000714212000048
1,7,ssend,b->a,internode,16384,100,1.07659399998e-05,5.38296999991e-06,3043.67291667,0.000716613999771
1,7,send,a->b,internode,32768,100,2.05082600002e-05,1.02541300001e-05,3195.59045962,0.000862084999881
1,7,send,b->a,internode,32768,100,1.94834900003e-05,9.74174500016e-06,3363.66841869,0.000884736999808
1,7,isend,a->b,internode,32768,100,1.91239200001e-05,9.56196000004e-06,3426.912474,2.14490000303e-05
1,7,isend,b->a,internode,32768,100,1.90481700002e-05,9.52408500012e-06,3440.54048232,2.10440000501e-05
1,7,bsend,a->b,internode,32768,100,2.273049e-05,1.1365245e-05,2883.17585763,0.000174499000082
1,7,bsend,b->a,internode,32768,100,2.36848700001e-05,1.18424350001e-05,2766.99851,0.000191538000081
1,7,ssend,a->b,internode,32768,100,2.22018899996e-05,1.11009449998e-05,2951.82076847,0.00131365900012
1,7,ssend,b->a,internode,32768,100,2.20781100001e-05,1.1039055e-05,2968.37002804,0.00126485300041
1,7,send,a->b,internode,65536,100,2.46257999999e-05,1.23128999999e-05,5322.54789695,0.0010333459997
1,7,send,b->a,internode,65536,100,2.37548000001e-05,1.18774000001e-05,5517.7058952,0.00104968599993
1,7,isend,a->b,internode,65536,100,2.45729000005e-05,1.22864500003e-05,5334.00616115,2.15130000356e-05
1,7,isend,b->a,internode,65536,100,2.50472499999e-05,1.2523625e-05,5232.98964957,2.13650001797e-05
1,7,bsend,a->b,internode,65536,100,3.44440000003e-05,1.72220000002e-05,3805.36523048,0.00027459699993
1,7,bsend,b->a,internode,65536,100,3.48186000002e-05,1.74093000001e-05,3764.42476145,0.000303948999772
1,7,ssend,a->b,internode,65536,100,2.917035e-05,1.4585175e-05,4493.32969951,0.00164472300042
1,7,ssend,b->a,internode,65536,100,2.86423699998e-05,1.43211849999e-05,4576.15762944,0.00162147399993
1,7,send,a->b,internode,131072,100,3.31599500004e-05,1.65799750002e-05,7905.44014684,0.00132044600002
1,7,send,b->a,internode,131072,100,3.33619399998e-05,1.66809699999e-05,7857.57662777,0.00130774900003
1,7,isend,a->b,internode,131072,100,3.466973e-05,1.7334865e-05,7561.17800744,2.16669997712e-05
1,7,isend,b->a,internode,131072,100,3.40851099998e-05,1.70425549999e-05,7690.8656009,2.12480001096e-05
1,7,bsend,a->b,internode,131072,100,4.98078499999e-05,2.49039249999e-05,5263.10611682,0.000511834000008
1,7,bsend,b->a,internode,131072,100,5.11747499996e-05,2.55873749998e-05,5122.52624589,0.00057968300024
1,7,ssend,a->b,internode,131072,100,3.837519e-05,1.9187595e-05,6831.08018488,0.00210809299955
1,7,ssend,b->a,internode,131072,100,3.95496800002e-05,1.97748400001e-05,6628.22050643,0.0021882829999
1,7,send,a->b,internode,262144,100,5.14026900004e-05,2.57013450002e-05,10199.6218485,0.00209761999957
1,7,send,b->a,internode,262144,100,4.96413399998e-05,2.48206699999e-05,10561.5198946,0.00205500900046
1,7,isend,a->b,internode,262144,100,5.11346900004e-05,2.55673450002e-05,10253.0786829,2.19489999154e-05
1,7,isend,b->a,internode,262144,100,4.89818899996e-05,2.44909449998e-05,10703.7111064,2.12459997897e-05
1,7,bsend,a->b,internode,262144,100,8.981925e-05,4.4909625e-05,5837.14515541,0.00107779600006
1,7,bsend,b->a,internode,262144,100,9.36461800001e-05,4.682309e-05,5598.60530349,0.00108842000009
1,7,ssend,a->b,internode,262144,100,5.16764099996e-05,2.58382049998e-05,10145.5964144,0.00277316099982
1,7,ssend,b->a,internode,262144,100,5.35349300003e-05,2.67674650001e-05,9793.38162947,0.00289935599977
1,7,send,a->b,internode,524288,100,7.67068800002e-05,3.83534400001e-05,13669.9080969,0.00349921799949
1,7,send,b->a,internode,524288,100,7.71319300003e-05,3.85659650001e-05,13594.5774985,0.00356439200033
1,7,isend,a->b,internode,524288,100,8.09257200001e-05,4.046286e-05,12957.2650079,2.14809999193e-05
1,7,isend,b->a,internode,524288,100,7.841676e-05,3.920838e-05,13371.8353066,2.14430000938e-05
1,7,bsend,a->b,internode,524288,100,0.00016983293,8.4916465e-05,6174.16186601,0.00233536400009
1,7,bsend,b->a,internode,524288,100,0.0001764652,8.82326000001e-05,5942.11209915,0.00230143100003
1,7,ssend,a->b,internode,524288,100,7.76530799999e-05,3.88265399999e-05,13503.3407561,0.00402230199956
1,7,ssend,b->a,internode,524288,100,7.78080100002e-05,3.89040050001e-05,13476.4531312,0.0041097259998
1,7,send,a->b,internode,1048576,100,0.00012488604,6.244302e-05,16792.5254096,0.00611655999995
1,7,send,b->a,internode,1048576,100,0.00012284441,6.14222050001e-05,17071.6111543,0.00597011199994
1,7,isend,a->b,internode,1048576,100,0.00012353817,6.17690850001e-05,16975.7411818,2.17570002974e-05
1,7,isend,b->a,internode,1048576,100,0.00012564262,6.28213100001e-05,16691.4061486,2.14060000872e-05
1,7,bsend,a->b,internode,1048576,100,0.00032083872,0.00016041936,6536.46791759,0.00463848999982
1,7,bsend,b->a,internode,1048576,100,0.00032047008,0.00016023504,6543.98688327,0.0046691390001
1,7,ssend,a->b,internode,1048576,100,0.00012936426,6.46821300001e-05,16211.2162973,0.00668212800014
1,7,ssend,b->a,internode,1048576,100,0.00012512635,6.2563175e-05,16760.2747143,0.0064645259996
1,7,send,a->b,internode,2097152,100,0.00020989172,0.00010494586,19983.1798987,0.0103756340002
1,7,send,b->a,internode,2097152,100,0.00020693735,0.000103468675,20268.4725594,0.0102474849997
1,7,isend,a->b,internode,2097152,100,0.00020971149,0.000104855745,20000.3538194,2.14820002498e-05
1,7,isend,b->a,internode,2097152,100,0.00020751354,0.00010375677,20212.1943464,2.13739998571e-05
1,7,bsend,a->b,internode,2097152,100,0.0006290624,0.0003145312,6667.5484022,0.00919559800025
1,7,bsend,b->a,internode,2097152,100,0.00063596502,0.00031798251,6595.18034498,0.00920675399982
1,7,ssend,a->b,internode,2097152,100,0.00021139359,0.000105696795,19841.2071056,0.010716861
1,7,ssend,b->a,internode,2097152,100,0.00021316217,0.000106581085,19676.5870792,0.010874001
1,7,send,a->b,internode,4194304,100,0.0003755391,0.00018776955,22337.5089305,0.0188127500002
1,7,send,b->a,internode,4194304,100,0.0003752615,0.00018763075,22354.0331209,0.0187767850002
1,7,isend,a->b,internode,4194304,100,0.00037355531,0.000186777655,22456.1337383,2.16599999021e-05
1,7,isend,b->a,internode,4194304,100,0.00037285052,0.00018642526,22498.5820055,2.20390001004e-05
1,7,bsend,a->b,internode,4194304,100,0.00120446523,0.000602232615,6964.59124852,0.0185227089998
1,7,bsend,b->a,internode,4194304,100,0.00120516279,0.000602581395,6960.56007504,0.0184263519993
1,7,ssend,a->b,internode,4194304,100,0.00037897924,0.00018948962,22134.7427896,0.0190627089997
1,7,ssend,b->a,internode,4194304,100,0.00037764582,0.00018882291,22212.8977887,0.0191966030001
1,7,send,a->b,internode,8388608,100,0.00072796977,0.000363984885,23046.5833767,0.0365695150005
1,7,send,b->a,internode,8388608,100,0.00072884485,0.000364422425,23018.9127357,0.0366664970001
1,7,isend,a->b,internode,8388608,100,0.00071935648,0.00035967824,23322.5340515,2.219799984e-05
1,7,isend,b->a,internode,8388608,100,0.00072011408,0.00036005704,23297.9974506,2.1557000025e-05
1,7,bsend,a->b,internode,8388608,100,0.00238694899,0.001193474495,7028.72833491,0.0376189749999
1,7,bsend,b->a,internode,8388608,100,0.00239880402,0.00119940201,6993.9919477,0.0377127639999
1,7,ssend,a->b,internode,8388608,100,0.00072671207,0.000363356035,23086.4694459,0.0364980919998
1,7,ssend,b->a,internode,8388608,100,0.00073376519,0.000366882595,22864.5569845,0.0370648440002
1,7,send,a->b,internode,16777216,100,0.00144180653,0.000720903265,23272.4927387,0.0718908060002
1,7,send,b->a,internode,16777216,100,0.00143759465,0.000718797325,23340.6767339,0.0721453790001
1,7,isend,a->b,internode,16777216,100,0.00143271511,0.000716357555,23420.1703924,2.16070002352e-05
1,7,isend,b->a,internode,16777216,100,0.00143301837,0.000716509185,23415.2141399,2.14940002934e-05
1,7,bsend,a->b,internode,16777216,100,0.00357289025,0.001786445125,9391.39734281,0.0779158609999
1,7,bsend,b->a,internode,16777216,100,0.00358349826,0.00179174913,9363.59656555,0.0775038629998
1,7,ssend,a->b,internode,16777216,100,0.00144104899,0.000720524495,23284.7267739,0.071831391
1,7,ssend,b->a,internode,16777216,100,0.00143968832,0.00071984416,23306.7335019,0.0725128290003
1,7,send,a->b,internode,33554432,100,0.00286897728,0.00143448864,23391.2148652,0.142755751
1,7,send,b->a,internode,33554432,100,0.00286057825,0.001430289125,23459.8945161,0.143401022
1,7,isend,a->b,internode,33554432,100,0.0028621614,0.0014310807,23446.9181228,2.21389999524e-05
1,7,isend,b->a,internode,33554432,100,0.0028617552,0.0014308776,23450.2461986,2.15909998929e-05
1,7,bsend,a->b,internode,33554432,100,0.00644567289,0.003222836445,10411.4597724,0.158958008
1,7,bsend,b->a,internode,33554432,100,0.00645941886,0.00322970943,10389.3036594,0.158253153
1,7,ssend,a->b,internode,33554432,100,0.00286156988,0.00143078494,23451.7648753,0.142705691999
1,7,ssend,b->a,internode,33554432,100,0.0028623385,0.00143116925,23445.4674037,0.143783678
2,3,send,a->b,intranode,1,100,1.72182000028e-06,8.60910000142e-07,1.16156160323,2.08990001056e-05
2,3,send,b->a,intranode,1,100,8.88110000119e-07,4.4405500006e-07,2.25197329129,2.02860001082e-05
2,3,isend,a->b,intranode,1,100,9.31789999754e-07,4.65894999877e-07,2.14640637969,2.14509998386e-05
2,3,isend,b->a,intranode,1,100,9.05649999936e-07,4.52824999968e-07,2.2083586376,1.89379998119e-05
2,3,bsend,a->b,intranode,1,100,1.03329000012e-06,5.16645000062e-07,1.93556503959,2.80279999743e-05
2,3,bsend,b->a,intranode,1,100,1.03028000012e-06,5.15140000061e-07,1.94121986233,2.73320002293e-05
2,3,ssend,a->b,intranode,1,100,1.65339000034e-06,8.26695000171e-07,1.20963595981,0.000126482999747
2,3,ssend,b->a,intranode,1,100,1.58835999969e-06,7.94179999843e-07,1.2591603921,0.000124395999876
2,3,send,a->b,intranode,2,100,8.62359999587e-07,4.31179999794e-07,4.63843406688,1.95179998741e-05
2,3,send,b->a,intranode,2,100,8.54840000102e-07,4.27420000051e-07,4.67923821946,1.92569999058e-05
2,3,isend,a->b,intranode,2,100,9.22879999621e-07,4.6143999981e-07,4.33425797682,2.13589997884e-05
2,3,isend,b->a,intranode,2,100,9.21179999978e-07,4.60589999989e-07,4.3422566709,1.93589997366e-05
2,3,bsend,a->b,intranode,2,100,1.05704000021e-06,5.28520000103e-07,3.78415197081,2.92350003974e-05
2,3,bsend,b->a,intranode,2,100,1.03679999995e-06,5.18399999976e-07,3.85802469154,2.69680000997e-05
2,3,ssend,a->b,intranode,2,100,1.61450999997e-06,8.07254999984e-07,2.47753188279,0.000120869999876
2,3,ssend,b->a,intranode,2,100,1.60790000052e-06,8.03950000261e-07,2.48771689701,0.000122924999459
2,3,send,a->b,intranode,4,100,8.78090000356e-07,4.39045000178e-07,9.11068341145,2.00470000209e-05
2,3,send,b->a,intranode,4,100,8.78289999946e-07,4.39144999973e-07,9.10860877443,2.01730000526e-05
2,3,isend,a->b,intranode,4,100,9.24679999912e-07,4.62339999956e-07,8.65164164983,2.07919996456e-05
2,3,isend,b->a,intranode,4,100,9.1776999966e-07,4.5888499983e-07,8.71678089605,2.00180002139e-05
2,3,bsend,a->b,intranode,4,100,1.05352999981e-06,5.26764999904e-07,7.59351893297,2.88149996095e-05
2,3,bsend,b->a,intranode,4,100,1.04060000012e-06,5.20300000062e-07,7.6878723804,2.72790000508e-05
2,3,ssend,a->b,intranode,4,100,1.65068000001e-06,8.25340000006e-07,4.84648750814,0.000126066000064
2,3,ssend,b->a,intranode,4,100,1.59728000028e-06,7.98640000141e-07,5.00851447372,0.000122439000279
2,3,send,a->b,intranode,8,100,8.64269999852e-07,4.32134999926e-07,18.5127332925,2.03710004598e-05
2,3,send,b->a,intranode,8,100,8.81099999788e-07,4.40549999894e-07,18.1591192871,2.02419997777e-05
2,3,isend,a->b,intranode,8,100,9.3019000019e-07,4.65095000095e-07,17.2007869325,2.10349999179e-05
2,3,isend,b->a,intranode,8,100,9.13559999844e-07,4.56779999922e-07,17.5139016624,1.99889997816e-05
2,3,bsend,a->b,intranode,8,100,1.08207999972e-06,5.4103999986e-07,14.7863374281,3.27140001559e-05
2,3,bsend,b->a,intranode,8,100,1.08739999973e-06,5.43699999866e-07,14.713996693,3.18200000038e-05
2,3,ssend,a->b,intranode,8,100,1.60179000034e-06,8.00895000168e-07,9.98882499993,0.000122212999941
2,3,ssend,b->a,intranode,8,100,1.65599000013e-06,8.27995000066e-07,9.6618940928,0.000126818999775
2,3,send,a->b,intranode,16,100,8.79190000092e-07,4.39595000046e-07,36.3971382712,1.95330001134e-05
2,3,send,b->a,intranode,16,100,8.75489999999e-07,4.37744999999e-07,36.5509600339,1.9874999964e-05
2,3,isend,a->b,intranode,16,100,8.89309999934e-07,4.44654999967e-07,35.9829530786,1.98759998398e-05
2,3,isend,b->a,intranode,16,100,9.24379999674e-07,4.62189999837e-07,34.6177978875,1.99930001372e-05
2,3,bsend,a->b,intranode,16,100,1.08108999996e-06,5.40544999978e-07,29.5997558032,3.27339994328e-05
2,3,bsend,b->a,intranode,16,100,1.07947999993e-06,5.39739999965e-07,29.6439026217,3.13570000117e-05
2,3,ssend,a->b,intranode,16,100,1.60550000032e-06,8.02750000162e-07,19.9314855145,0.000124293000283
2,3,ssend,b->a,intranode,16,100,1.59557000018e-06,7.97785000088e-07,20.055528743,0.000123391000216
2,3,send,a->b,intranode,32,100,1.01044999951e-06,5.05224999756e-07,63.3381167113,2.23699999538e-05
2,3,send,b->a,intranode,32,100,1.00883999949e-06,5.04419999743e-07,63.4391975265,2.54009997889e-05
2,3,isend,a->b,intranode,32,100,1.02045999995e-06,5.10229999975e-07,62.7168139889,2.13750000171e-05
2,3,isend,b->a,intranode,32,100,1.01475000008e-06,5.07375000041e-07,63.0697216013,2.29980001905e-05
2,3,bsend,a->b,intranode,32,100,1.24399000015e-06,6.21995000074e-07,51.4473588955,3.89110000469e-05
2,3,bsend,b->a,intranode,32,100,1.26764000015e-06,6.33820000076e-07,50.4875201101,4.04029997867e-05
2,3,ssend,a->b,intranode,32,100,1.6769299998e-06,8.38464999902e-07,38.1649800573,0.000127827000028
2,3,ssend,b->a,intranode,32,100,1.62824000029e-06,8.14120000143e-07,39.3062447727,0.000126311000031
2,3,send,a->b,intranode,64,100,1.11986000036e-06,5.59930000179e-07,114.300001749,2.42910003294e-05
2,3,send,b->a,intranode,64,100,1.15472000005e-06,5.77360000023e-07,110.849383396,3.27789999801e-05
2,3,isend,a->b,intranode,64,100,1.11525000023e-06,5.57625000113e-07,114.772472517,2.36439998957e-05
2,3,isend,b->a,intranode,64,100,1.04402000034e-06,5.22010000168e-07,122.603015228,2.1977000074e-05
2,3,bsend,a->b,intranode,64,100,1.37896000012e-06,6.89480000062e-07,92.8235771802,4.15800000724e-05
2,3,bsend,b->a,intranode,64,100,1.40461000001e-06,7.02305000004e-07,91.1284983015,4.35809994883e-05
2,3,ssend,a->b,intranode,64,100,1.71501000011e-06,8.57505000056e-07,74.635133318,0.000132377999932
2,3,ssend,b->a,intranode,64,100,1.69957999958e-06,8.49789999791e-07,75.3127243387,0.000131694000515
2,3,send,a->b,intranode,128,100,1.1191599998e-06,5.59579999901e-07,228.742985851,3.28910003873e-05
2,3,send,b->a,intranode,128,100,1.15583000024e-06,5.77915000122e-07,221.4858586,3.0265000305e-05
2,3,isend,a->b,intranode,128,100,1.16263999985e-06,5.81319999924e-07,220.188536463,2.86270000061e-05
2,3,isend,b->a,intranode,128,100,1.10452999991e-06,5.52264999953e-07,231.772790256,2.14729997197e-05
2,3,bsend,a->b,intranode,128,100,1.49568999973e-06,7.47844999864e-07,171.158462012,4.87460002319e-05
2,3,bsend,b->a,intranode,128,100,1.40520999992e-06,7.02604999958e-07,182.179176077,4.27409997314e-05
2,3,ssend,a->b,intranode,128,100,1.78583999968e-06,8.92919999842e-07,143.349908192,0.00014052899968
2,3,ssend,b->a,intranode,128,100,1.73484000015e-06,8.67420000077e-07,147.564040475,0.000137495999638
2,3,send,a->b,intranode,256,100,1.41031999988e-06,7.05159999939e-07,363.038175765,3.18820003145e-05
2,3,send,b->a,intranode,256,100,1.19229999996e-06,5.96149999978e-07,429.42212532,3.49220004523e-05
2,3,isend,a->b,intranode,256,100,1.20371999969e-06,6.01859999847e-07,425.348087703,3.02809996811e-05
2,3,isend,b->a,intranode,256,100,1.27625999994e-06,6.3812999997e-07,401.172174967,3.73919999106e-05
2,3,bsend,a->b,intranode,256,100,1.39889999957e-06,6.99449999786e-07,366.001858715,4.47459998441e-05
2,3,bsend,b->a,intranode,256,100,1.44648999992e-06,7.23244999961e-07,353.960276274,4.56760002976e-05
2,3,ssend,a->b,intranode,256,100,1.7946600002e-06,8.973300001e-07,285.290807141,0.000140421999845
2,3,ssend,b->a,intranode,256,100,1.74607000019e-06,8.73035000097e-07,293.229939202,0.000138151000158
2,3,send,a->b,intranode,512,100,1.60820000019e-06,8.04100000096e-07,636.736724212,3.08179998569e-05
2,3,send,b->a,intranode,512,100,1.36583000028e-06,6.82915000141e-07,749.727271907,3.51240004761e-05
2,3,isend,a->b,intranode,512,100,1.39057999945e-06,6.95289999726e-07,736.383379887,3.18670000752e-05
2,3,isend,b->a,intranode,512,100,1.42173999961e-06,7.10869999807e-07,720.244207997,3.69509997427e-05
2,3,bsend,a->b,intranode,512,100,1.57442999978e-06,7.87214999889e-07,650.394110976,4.28870002338e-05
2,3,bsend,b->a,intranode,512,100,1.57763999994e-06,7.88819999968e-07,649.070763952,4.37950001242e-05
2,3,ssend,a->b,intranode,512,100,1.89766000005e-06,9.48830000027e-07,539.611943115,0.000150299999575
2,3,ssend,b->a,intranode,512,100,1.95727000005e-06,9.78635000024e-07,523.177691363,0.000158531000011
2,3,send,a->b,intranode,1024,100,1.75958999989e-06,8.79794999946e-07,1163.90750125,3.5907000381e-05
2,3,send,b->a,intranode,1024,100,1.60629999982e-06,8.03149999911e-07,1274.97976731,4.29830001281e-05
2,3,isend,a->b,intranode,1024,100,1.65187999983e-06,8.25939999913e-07,1239.7995013,3.84860001077e-05
2,3,isend,b->a,intranode,1024,100,1.71550999994e-06,8.5775499997e-07,1193.81408448,4.2346000555e-05
2,3,bsend,a->b,intranode,1024,100,1.84235000006e-06,9.2117500003e-07,1111.62374138,5.32510004518e-05
2,3,bsend,b->a,intranode,1024,100,1.89595999984e-06,9.47979999921e-07,1080.19156531,5.46249998479e-05
2,3,ssend,a->b,intranode,1024,100,2.11005999972e-06,1.05502999986e-06,970.588514198,0.000166930999967
2,3,ssend,b->a,intranode,1024,100,2.03902999999e-06,1.019515e-06,1004.39915058,0.000170611999806
2,3,send,a->b,intranode,2048,100,2.95628999993e-06,1.47814499996e-06,1385.52036509,6.35149998516e-05
2,3,send,b->a,intranode,2048,100,2.05445999995e-06,1.02722999998e-06,1993.7112429,5.51150001797e-05
2,3,isend,a->b,intranode,2048,100,2.03932999966e-06,1.01966499983e-06,2008.50279292,5.61460001904e-05
2,3,isend,b->a,intranode,2048,100,2.04894999968e-06,1.02447499984e-06,1999.07269609,5.50529996985e-05
2,3,bsend,a->b,intranode,2048,100,2.30654000006e-06,1.15327000003e-06,1775.82005943,6.72179996855e-05
2,3,bsend,b->a,intranode,2048,100,2.36384999994e-06,1.18192499997e-06,1732.76646154,7.48760001557e-05
2,3,ssend,a->b,intranode,2048,100,2.33409999964e-06,1.16704999982e-06,1754.85197748,0.000152090999961
2,3,ssend,b->a,intranode,2048,100,2.39050000005e-06,1.19525000002e-06,1713.4490692,0.000172510000311
2,3,send,a->b,intranode,4096,100,4.34437000024e-06,2.17218500012e-06,1885.65891016,0.000166869999987
2,3,send,b->a,intranode,4096,100,2.93956000007e-06,1.46978000004e-06,2786.8116316,8.67840002456e-05
2,3,isend,a->b,intranode,4096,100,2.99798000015e-06,1.49899000007e-06,2732.50655428,8.37579998461e-05
2,3,isend,b->a,intranode,4096,100,2.91361000052e-06,1.45680500026e-06,2811.63230444,8.05480000281e-05
2,3,bsend,a->b,intranode,4096,100,3.15088000036e-06,1.57544000018e-06,2599.90859666,9.73550001504e-05
2,3,bsend,b->a,intranode,4096,100,3.20217000024e-06,1.60108500012e-06,2558.26517624,9.7526000161e-05
2,3,ssend,a->b,intranode,4096,100,3.1351399997e-06,1.56756999985e-06,2612.9614629,0.000189493999983
2,3,ssend,b->a,intranode,4096,100,3.17220999989e-06,1.58610499994e-06,2582.42676251,0.000193965999983
2,3,send,a->b,intranode,8192,100,4.24107000015e-06,2.12053500007e-06,3863.17603799,0.000252453000087
2,3,send,b->a,intranode,8192,100,4.40518999994e-06,2.20259499997e-06,3719.24934003,0.000272334000215
2,3,isend,a->b,intranode,8192,100,4.37523000016e-06,2.18761500008e-06,3744.71742043,2.99650001807e-05
2,3,isend,b->a,intranode,8192,100,4.37572999999e-06,2.187865e-06,3744.28952427,2.9079999706e-05
2,3,bsend,a->b,intranode,8192,100,5.58687000023e-06,2.79343500011e-06,2932.59016217,0.00017728600028
2,3,bsend,b->a,intranode,8192,100,5.38308000046e-06,2.69154000023e-06,3043.61072074,0.000138959000083
2,3,ssend,a->b,intranode,8192,100,5.70729999993e-06,2.85364999996e-06,2870.70944233,0.000322243999904
2,3,ssend,b->a,intranode,8192,100,5.73645000031e-06,2.86822500016e-06,2856.12181734,0.000320810999938
2,3,send,a->b,intranode,16384,100,6.52097e-06,3.260485e-06,5025.01928394,0.000368145999914
2,3,send,b->a,intranode,16384,100,6.58810000004e-06,3.29405000002e-06,4973.81642655,0.000381328999651
2,3,isend,a->b,intranode,16384,100,6.48089000038e-06,3.24044500019e-06,5056.09569027,2.75840001791e-05
2,3,isend,b->a,intranode,16384,100,6.52037000009e-06,3.26018500004e-06,5025.48168272,2.79970004158e-05
2,3,bsend,a->b,intranode,16384,100,9.27858000011e-06,4.63929000006e-06,3531.57487456,0.000363000000164
2,3,bsend,b->a,intranode,16384,100,9.04504000005e-06,4.52252000002e-06,3622.75899276,0.000232385999936
2,3,ssend,a->b,intranode,16384,100,8.97949999967e-06,4.48974999983e-06,3649.20095787,0.000484940999911
2,3,ssend,b->a,intranode,16384,100,9.01207000027e-06,4.50603500013e-06,3636.01259189,0.000485007000009
2,3,send,a->b,intranode,32768,100,1.13994700001e-05,5.69973500006e-06,5749.03920965,0.000613364999879
2,3,send,b->a,intranode,32768,100,1.13538800002e-05,5.67694000011e-06,5772.12371442,0.000630404999754
2,3,isend,a->b,intranode,32768,100,1.11675200003e-05,5.58376000015e-06,5868.44706777,2.7252000109e-05
2,3,isend,b->a,intranode,32768,100,1.11029999999e-05,5.55149999997e-06,5902.5488607,2.76190004342e-05
2,3,bsend,a->b,intranode,32768,100,1.391883e-05,6.95941499998e-06,4708.44172967,0.000469467000073
2,3,bsend,b->a,intranode,32768,100,1.36540199998e-05,6.82700999988e-06,4799.75860597,0.000396511999782
2,3,ssend,a->b,intranode,32768,100,1.63273599998e-05,8.16367999988e-06,4013.87609515,0.000832878000267
2,3,ssend,b->a,intranode,32768,100,1.61734699998e-05,8.08673499989e-06,4052.06798546,0.000841001999959
2,3,send,a->b,intranode,65536,100,2.07677199995e-05,1.03838599998e-05,6311.33316527,0.00108042400007
2,3,send,b->a,intranode,65536,100,2.05356800001e-05,1.026784e-05,6382.64717796,0.0010934689999
2,3,isend,a->b,intranode,65536,100,2.06046099999e-05,1.03023049999e-05,6361.29487532,2.81130000985e-05
2,3,isend,b->a,intranode,65536,100,2.06581100002e-05,1.03290550001e-05,6344.82050868,2.83729999637e-05
2,3,bsend,a->b,intranode,65536,100,2.47250500001e-05,1.23625250001e-05,5301.18240405,0.000838189999854
2,3,bsend,b->a,intranode,65536,100,2.39739099999e-05,1.19869549999e-05,5467.27671876,0.000736829999653
2,3,ssend,a->b,intranode,65536,100,3.04088999997e-05,1.52044499998e-05,4310.31704539,0.00153832699982
2,3,ssend,b->a,intranode,65536,100,2.981095e-05,1.4905475e-05,4396.77366874,0.00152840599992
2,3,send,a->b,intranode,131072,100,3.86105199999e-05,1.930526e-05,6789.44494922,0.00195619900018
2,3,send,b->a,intranode,131072,100,3.84627300002e-05,1.92313650001e-05,6815.53285475,0.00201568099982
2,3,isend,a->b,intranode,131072,100,3.835993e-05,1.9179965e-05,6833.79766335,3.0009999989e-05
2,3,isend,b->a,intranode,131072,100,3.825253e-05,1.9126265e-05,6852.98462611,2.82599997945e-05
2,3,bsend,a->b,intranode,131072,100,4.51916899999e-05,2.2595845e-05,5800.71247613,0.00152112600017
2,3,bsend,b->a,intranode,131072,100,4.48189899998e-05,2.24094949999e-05,5848.94929584,0.00142083700041
2,3,ssend,a->b,intranode,131072,100,4.21443300002e-05,2.10721650001e-05,6220.14871275,0.00211992899989
2,3,ssend,b->a,intranode,131072,100,4.257575e-05,2.1287875e-05,6157.11995679,0.00216757199979
2,3,send,a->b,intranode,262144,100,7.34661000001e-05,3.67330500001e-05,7136.46157887,0.00365171699997
2,3,send,b->a,intranode,262144,100,7.27744600005e-05,3.63872300002e-05,7204.2856793,0.00374717200015
2,3,isend,a->b,intranode,262144,100,7.25863999998e-05,3.62931999999e-05,7222.95085583,3.14229998253e-05
2,3,isend,b->a,intranode,262144,100,7.28118399996e-05,3.64059199998e-05,7200.58715729,3.03990005364e-05
2,3,bsend,a->b,intranode,262144,100,8.62715599999e-05,4.31357799999e-05,6077.18232985,0.00283204799985
2,3,bsend,b->a,intranode,262144,100,8.58187e-05,4.290935e-05,6109.25124711,0.00264077700029
2,3,ssend,a->b,intranode,262144,100,7.77706999997e-05,3.88853499999e-05,6741.45918709,0.00393802400015
2,3,ssend,b->a,intranode,262144,100,7.76220899996e-05,3.88110449998e-05,6754.3659286,0.00391837199993
2,3,send,a->b,intranode,524288,100,0.00013856565,6.92828249998e-05,7567.35886565,0.00679527000005
2,3,send,b->a,intranode,524288,100,0.00013852549,6.92627449999e-05,7569.55272276,0.00716384699996
2,3,isend,a->b,intranode,524288,100,0.00013871194,6.93559700002e-05,7559.37808956,3.8588000109e-05
2,3,isend,b->a,intranode,524288,100,0.00013815877,6.90793850001e-05,7589.64487017,2.96880001542e-05
2,3,bsend,a->b,intranode,524288,100,0.0001709127,8.54563499999e-05,6135.15555018,0.00546868200018
2,3,bsend,b->a,intranode,524288,100,0.000170520349999,8.52601749997e-05,6149.27191976,0.00530255500024
2,3,ssend,a->b,intranode,524288,100,0.00014785125,7.3925625e-05,7092.10101369,0.00744614200011
2,3,ssend,b->a,intranode,524288,100,0.00014910056,7.45502800001e-05,7032.67647015,0.00748913199982
2,3,send,a->b,intranode,1048576,100,0.0002722452,0.0001361226,7703.17346274,0.0136065490001
2,3,send,b->a,intranode,1048576,100,0.0002707429,0.00013537145,7745.91688276,0.0136520650001
2,3,isend,a->b,intranode,1048576,100,0.00027174774,0.00013587387,7717.27485204,3.82870000522e-05
2,3,isend,b->a,intranode,1048576,100,0.00027071285,0.000135356425,7746.77670455,3.77070001036e-05
2,3,bsend,a->b,intranode,1048576,100,0.00033604646,0.00016802323,6240.66088957,0.0108073829998
2,3,bsend,b->a,intranode,1048576,100,0.00033607893,0.000168039465,6240.05795305,0.0106721570002
2,3,ssend,a->b,intranode,1048576,100,0.000292453439999,0.00014622672,7170.89188626,0.014715956
2,3,ssend,b->a,intranode,1048576,100,0.00029245044,0.00014622522,7170.96544632,0.0146370829999
2,3,send,a->b,intranode,2097152,100,0.00053865034,0.00026932517,7786.69145554,0.0268487870001
2,3,send,b->a,intranode,2097152,100,0.00053766183,0.000268830915,7801.00755897,0.0270707139999
2,3,isend,a->b,intranode,2097152,100,0.00053761375,0.000268806875,7801.70522052,4.01460004582e-05
2,3,isend,b->a,intranode,2097152,100,0.00053813175,0.000269065875,7794.19538059,3.88670000007e-05
2,3,bsend,a->b,intranode,2097152,100,0.00066994739,0.000334973695,6260.64682482,0.0215436060001
2,3,bsend,b->a,intranode,2097152,100,0.00066892021,0.000334460105,6270.26054423,0.0212728389998
2,3,ssend,a->b,intranode,2097152,100,0.000578342330001,0.000289171165,7252.28602927,0.0290577870004
2,3,ssend,b->a,intranode,2097152,100,0.00057499789,0.000287498945,7294.46850666,0.0289521199997
2,3,send,a->b,intranode,4194304,100,0.00107555421,0.000537777105,7799.33537706,0.0534879040002
2,3,send,b->a,intranode,4194304,100,0.00107265182,0.00053632591,7820.43888202,0.0540444620002
2,3,isend,a->b,intranode,4194304,100,0.00107422776,0.00053711388,7808.96594964,4.08009994999e-05
2,3,isend,b->a,intranode,4194304,100,0.00107261856,0.00053630928,7820.68137997,4.09539998145e-05
2,3,bsend,a->b,intranode,4194304,100,0.00135149695,0.000675748475,6206.90116985,0.043555039
2,3,bsend,b->a,intranode,4194304,100,0.00135119365,0.000675596825,6208.29442175,0.0428750019999
2,3,ssend,a->b,intranode,4194304,100,0.00114030342,0.00057015171,7356.47008758,0.057405437
2,3,ssend,b->a,intranode,4194304,100,0.00114069135,0.000570345675,7353.96827547,0.0572141169999
2,3,send,a->b,intranode,8388608,100,0.00237061729,0.001185308645,7077.15077873,0.117534053
2,3,send,b->a,intranode,8388608,100,0.00237020089,0.001185100445,7078.39410186,0.119683613
2,3,isend,a->b,intranode,8388608,100,0.00236930226,0.00118465113,7081.07879828,4.09989997934e-05
2,3,isend,b->a,intranode,8388608,100,0.00236866854,0.00118433427,7082.97328929,3.99700001026e-05
2,3,bsend,a->b,intranode,8388608,100,0.00280016165,0.001400080825,5991.51695403,0.091927873
2,3,bsend,b->a,intranode,8388608,100,0.00281438637,0.001407193185,5961.23410021,0.090280718
2,3,ssend,a->b,intranode,8388608,100,0.00226079864,0.00113039932,7420.92449242,0.113726015
2,3,ssend,b->a,intranode,8388608,100,0.00226051169,0.001130255845,7421.86650669,0.113298834
2,3,send,a->b,intranode,16777216,100,0.00313685167,0.001568425835,10696.8500681,0.156232169
2,3,send,b->a,intranode,16777216,100,0.00313553914,0.00156776957,10701.3277468,0.157446856999
2,3,isend,a->b,intranode,16777216,100,0.00313029773,0.001565148865,10719.2461849,4.3890000029e-05
2,3,isend,b->a,intranode,16777216,100,0.00313100138,0.00156550069,10716.8371801,3.93410002744e-05
2,3,bsend,a->b,intranode,16777216,100,0.00438029034,0.00219014517,7660.32143888,0.130894773
2,3,bsend,b->a,intranode,16777216,100,0.00438645612,0.00219322806,7649.55378147,0.128937406
2,3,ssend,a->b,intranode,16777216,100,0.00449491226,0.00224745613,7464.98041766,0.224842707
2,3,ssend,b->a,intranode,16777216,100,0.00449456178,0.00224728089,7465.56252699,0.224801638
2,3,send,a->b,intranode,33554432,100,0.00444278629,0.002221393145,15105.1298936,0.220739736
2,3,send,b->a,intranode,33554432,100,0.00442653868,0.00221326934,15160.5732721,0.222465615
2,3,isend,a->b,intranode,33554432,100,0.00441639713,0.002208198565,15195.3871051,4.03350003353e-05
2,3,isend,b->a,intranode,33554432,100,0.00443076522,0.00221538261,15146.1114882,4.18430000195e-05
2,3,bsend,a->b,intranode,33554432,100,0.00737318285,0.003686591425,9101.74959244,0.199845869
2,3,bsend,b->a,intranode,33554432,100,0.00738609645,0.003693048225,9085.8364028,0.196724883
2,3,ssend,a->b,intranode,33554432,100,0.0083958274,0.0041979137,7993.12096387,0.420026722
2,3,ssend,b->a,intranode,33554432,100,0.00837654924,0.00418827462,8011.51668512,0.419706216
2,4,send,a->b,internode,1,100,4.62862000006e-06,2.31431000003e-06,0.432094231104,2.2438999963e-05
2,4,send,b->a,internode,1,100,4.50310000019e-06,2.2515500001e-06,0.44413848236,2.2362999573e-05
2,4,isend,a->b,internode,1,100,4.51399999974e-06,2.25699999987e-06,0.443066016862,2.21659998942e-05
2,4,isend,b->a,internode,1,100,4.5310500002e-06,2.2655250001e-06,0.441398792755,2.42169998614e-05
2,4,bsend,a->b,internode,1,100,4.69585000019e-06,2.34792500009e-06,0.425907982563,3.24109997223e-05
2,4,bsend,b->a,internode,1,100,4.70939000024e-06,2.35469500012e-06,0.42468345155,3.46680003531e-05
2,4,ssend,a->b,internode,1,100,8.10361999982e-06,4.05180999991e-06,0.246803280515,0.000577878999991
2,4,ssend,b->a,internode,1,100,8.13581999978e-06,4.06790999989e-06,0.245826480927,0.000583094000092
2,4,send,a->b,internode,2,100,4.5081899998e-06,2.2540949999e-06,0.887274050158,2.1855e-05
2,4,send,b->a,internode,2,100,4.4800500001e-06,2.24002500005e-06,0.892847178025,2.30889999671e-05
2,4,isend,a->b,internode,2,100,4.51298999963e-06,2.25649499981e-06,0.886330348689,2.33079999816e-05
2,4,isend,b->a,internode,2,100,4.50539999974e-06,2.25269999987e-06,0.887823500739,2.31720002262e-05
2,4,bsend,a->b,internode,2,100,4.66930000016e-06,2.33465000008e-06,0.85665945642,3.20399994962e-05
2,4,bsend,b->a,internode,2,100,4.69477000024e-06,2.34738500012e-06,0.852011919603,3.43399999565e-05
2,4,ssend,a->b,internode,2,100,8.09671000013e-06,4.04835500007e-06,0.494027821169,0.000577413999963
2,4,ssend,b->a,internode,2,100,8.10614999978e-06,4.05307499989e-06,0.493452502126,0.000578072999758
2,4,send,a->b,internode,4,100,4.44416999983e-06,2.22208499991e-06,1.80011115693,2.22559995677e-05
2,4,send,b->a,internode,4,100,4.45329999991e-06,2.22664999995e-06,1.79642063193,2.33130001561e-05
2,4,isend,a->b,internode,4,100,4.49185999969e-06,2.24592999984e-06,1.78099940794,2.24989997832e-05
2,4,isend,b->a,internode,4,100,4.51472000009e-06,2.25736000004e-06,1.7719814296,2.37660001403e-05
2,4,bsend,a->b,internode,4,100,4.6775200002e-06,2.3387600001e-06,1.7103080264,3.32819998334e-05
2,4,bsend,b->a,internode,4,100,4.72722999973e-06,2.36361499987e-06,1.6923229884,3.48950002262e-05
2,4,ssend,a->b,internode,4,100,8.17885999993e-06,4.08942999996e-06,0.978131426638,0.000586098999918
2,4,ssend,b->a,internode,4,100,8.32328000001e-06,4.16164000001e-06,0.961159542871,0.00060590399994
2,4,send,a->b,internode,8,100,4.80465999999e-06,2.40233e-06,3.33010036091,2.23059999485e-05
2,4,send,b->a,internode,8,100,4.82911999995e-06,2.41455999998e-06,3.31323305284,2.35590001125e-05
2,4,isend,a->b,internode,8,100,4.91636999982e-06,2.45818499991e-06,3.25443365747,2.39830001192e-05
2,4,isend,b->a,internode,8,100,4.91498999963e-06,2.45749499982e-06,3.25534741702,2.35059995362e-05
2,4,bsend,a->b,internode,8,100,5.10012999996e-06,2.55006499998e-06,3.13717493478,3.34920001706e-05
2,4,bsend,b->a,internode,8,100,5.10965999979e-06,2.55482999989e-06,3.13132380641,3.31690002326e-05
2,4,ssend,a->b,internode,8,100,8.53163999977e-06,4.26581999989e-06,1.87537214421,0.000623321000262
2,4,ssend,b->a,internode,8,100,8.56123999995e-06,4.28061999997e-06,1.86888815173,0.000624328999834
2,4,send,a->b,internode,16,100,4.99432999959e-06,2.4971649998e-06,6.40726583999,2.27779999022e-05
2,4,send,b->a,internode,16,100,5.00005999982e-06,2.50002999991e-06,6.39992320116,2.44640003757e-05
2,4,isend,a->b,internode,16,100,4.92780000002e-06,2.46390000001e-06,6.49377003934,2.32210002764e-05
2,4,isend,b->a,internode,16,100,4.99214000001e-06,2.49607000001e-06,6.41007664046,2.48359997386e-05
2,4,bsend,a->b,internode,16,100,5.18679000038e-06,2.59339500019e-06,6.16951910481,3.28719999629e-05
2,4,bsend,b->a,internode,16,100,5.14242999998e-06,2.57121499999e-06,6.2227390553,3.55950000994e-05
2,4,ssend,a->b,internode,16,100,8.49275999997e-06,4.24637999998e-06,3.7679152596,0.00061608499999
2,4,ssend,b->a,internode,16,100,8.47206999993e-06,4.23603499996e-06,3.77711704463,0.000616500000035
2,4,send,a->b,internode,32,100,4.82731000034e-06,2.41365500017e-06,13.2579013976,2.28640002433e-05
2,4,send,b->a,internode,32,100,4.90528e-06,2.45264e-06,13.0471655033,2.44859999157e-05
2,4,isend,a->b,internode,32,100,4.91939000028e-06,2.45969500014e-06,13.0097430772,2.32589999882e-05
2,4,isend,b->a,internode,32,100,4.91269000008e-06,2.45634500004e-06,13.0274859596,2.44089995931e-05
2,4,bsend,a->b,internode,32,100,5.2214599998e-06,2.6107299999e-06,12.2571081656,3.34010001666e-05
2,4,bsend,b->a,internode,32,100,5.18541000019e-06,2.5927050001e-06,12.3423220146,3.54639998932e-05
2,4,ssend,a->b,internode,32,100,8.66400000007e-06,4.33200000003e-06,7.38688827326,0.000636756000063
2,4,ssend,b->a,internode,32,100,8.64459000013e-06,4.32229500007e-06,7.40347431157,0.000633159000188
2,4,send,a->b,internode,64,100,4.98811e-06,2.494055e-06,25.6610219101,2.38069999909e-05
2,4,send,b->a,internode,64,100,4.9793200003e-06,2.48966000015e-06,25.7063213435,2.40229996962e-05
2,4,isend,a->b,internode,64,100,4.97989999985e-06,2.48994999993e-06,25.7033273768,2.45630001245e-05
2,4,isend,b->a,internode,64,100,4.91279000016e-06,2.45639500008e-06,26.054441569,2.53319998365e-05
2,4,bsend,a->b,internode,64,100,5.11566e-06,2.55783e-06,25.0212093845,3.38670002975e-05
2,4,bsend,b->a,internode,64,100,5.17879999961e-06,2.58939999981e-06,24.7161504614,3.60480000268e-05
2,4,ssend,a->b,internode,64,100,8.59015000003e-06,4.29507500002e-06,14.9007875298,0.000625900999921
2,4,ssend,b->a,internode,64,100,8.64087999958e-06,4.32043999979e-06,14.8133060529,0.000629819000096
2,4,send,a->b,internode,128,100,5.97260999996e-06,2.98630499998e-06,42.8623332181,2.30420003504e-05
2,4,send,b->a,internode,128,100,5.89558999991e-06,2.94779499995e-06,43.4222868286,2.53969994901e-05
2,4,isend,a->b,internode,128,100,5.96959999996e-06,2.98479999998e-06,42.8839453233,2.33990000993e-05
2,4,isend,b->a,internode,128,100,5.91241000052e-06,2.95620500026e-06,43.2987563409,2.52779997254e-05
2,4,bsend,a->b,internode,128,100,5.91851000024e-06,2.95925500012e-06,43.2541298383,3.45189998257e-05
2,4,bsend,b->a,internode,128,100,5.89677999983e-06,2.94838999991e-06,43.4135239923,3.54970000558e-05
2,4,ssend,a->b,internode,128,100,8.09710999988e-06,4.04855499994e-06,31.6162186266,0.00057392999986
2,4,ssend,b->a,internode,128,100,8.17618999974e-06,4.08809499987e-06,31.3104269847,0.000582597000061
2,4,send,a->b,internode,256,100,5.74768000035e-06,2.87384000018e-06,89.0794198648,0.000371845000302
2,4,send,b->a,internode,256,100,5.76092000017e-06,2.88046000009e-06,88.8746936227,0.00037101900017
2,4,isend,a->b,internode,256,100,5.67603999968e-06,2.83801999984e-06,90.2037335939,1.97630004095e-05
2,4,isend,b->a,internode,256,100,5.69420000033e-06,2.84710000017e-06,89.9160549278,2.15240002035e-05
2,4,bsend,a->b,internode,256,100,6.04534999979e-06,3.0226749999e-06,84.6931939453,4.11900000472e-05
2,4,bsend,b->a,internode,256,100,6.03044999991e-06,3.01522499996e-06,84.9024533837,4.23579998596e-05
2,4,ssend,a->b,internode,256,100,8.10211999976e-06,4.05105999988e-06,63.1933370544,0.000579775999995
2,4,ssend,b->a,internode,256,100,8.09722999975e-06,4.04861499987e-06,63.231500157,0.000577951999844
2,4,send,a->b,internode,512,100,5.77533000012e-06,2.88766500006e-06,177.305885547,0.000372097999673
2,4,send,b->a,internode,512,100,5.77936000013e-06,2.88968000007e-06,177.182248549,0.00036899499986
2,4,isend,a->b,internode,512,100,5.72723999994e-06,2.86361999997e-06,178.794672479,2.00300003712e-05
2,4,isend,b->a,internode,512,100,5.73246999977e-06,2.86623499989e-06,178.631549758,2.11849998095e-05
2,4,bsend,a->b,internode,512,100,6.11469000035e-06,3.05734500017e-06,167.465562431,4.21569998821e-05
2,4,bsend,b->a,internode,512,100,6.12001999968e-06,3.06000999984e-06,167.31971465,4.27919998174e-05
2,4,ssend,a->b,internode,512,100,8.1424900003e-06,4.07124500015e-06,125.760056194,0.000579477000258
2,4,ssend,b->a,internode,512,100,8.17237999968e-06,4.08618999984e-06,125.300096183,0.000581418000195
2,4,send,a->b,internode,1024,100,5.88864999997e-06,2.94432499999e-06,347.787693276,0.000378927000213
2,4,send,b->a,internode,1024,100,6.18505000034e-06,3.09252500017e-06,331.121009513,0.000401423999904
2,4,isend,a->b,internode,1024,100,6.16217000015e-06,3.08108500008e-06,332.350454458,1.98189997604e-05
2,4,isend,b->a,internode,1024,100,6.10059000053e-06,3.05029500026e-06,335.705235038,2.13909999616e-05
2,4,bsend,a->b,internode,1024,100,6.5410000002e-06,3.2705000001e-06,313.101972166,4.22960002879e-05
2,4,bsend,b->a,internode,1024,100,6.70404999994e-06,3.35202499997e-06,305.486981753,4.26219999667e-05
2,4,ssend,a->b,internode,1024,100,8.95925999998e-06,4.47962999999e-06,228.590307682,0.000646888999938
2,4,ssend,b->a,internode,1024,100,8.93506000011e-06,4.46753000006e-06,229.209428921,0.000650504999896
2,4,send,a->b,internode,2048,100,6.81704000044e-06,3.40852000022e-06,600.84728852,0.00044854499987
2,4,send,b->a,internode,2048,100,6.74412000023e-06,3.37206000012e-06,607.343878795,0.000448871999652
2,4,isend,a->b,internode,2048,100,6.70342000035e-06,3.35171000017e-06,611.031383948,2.0184999812e-05
2,4,isend,b->a,internode,2048,100,6.6969300002e-06,3.3484650001e-06,611.623534945,2.12300000157e-05
2,4,bsend,a->b,internode,2048,100,7.23084000015e-06,3.61542000007e-06,566.462540993,5.02240001197e-05
2,4,bsend,b->a,internode,2048,100,7.32794999976e-06,3.66397499988e-06,558.955778919,5.14209999665e-05
2,4,ssend,a->b,internode,2048,100,9.01537999994e-06,4.50768999997e-06,454.334703587,0.000644244000171
2,4,ssend,b->a,internode,2048,100,8.98645000007e-06,4.49322500003e-06,455.797339324,0.000641393999558
2,4,send,a->b,internode,4096,100,6.91381999957e-06,3.45690999978e-06,1184.87319608,0.000444700999765
2,4,send,b->a,internode,4096,100,6.94540999973e-06,3.47270499987e-06,1179.48400459,0.000445458000115
2,4,isend,a->b,internode,4096,100,6.93355999999e-06,3.46678e-06,1181.49983558,1.97989999151e-05
2,4,isend,b->a,internode,4096,100,6.91726000014e-06,3.45863000007e-06,1184.28395056,2.13849997976e-05
2,4,bsend,a->b,internode,4096,100,7.91455000012e-06,3.95727500006e-06,1035.05568856,6.07860002333e-05
2,4,bsend,b->a,internode,4096,100,7.98271000008e-06,3.99135500004e-06,1026.21791346,6.18830001713e-05
2,4,ssend,a->b,internode,4096,100,9.47476000022e-06,4.73738000011e-06,864.61292949,0.000669027000015
2,4,ssend,b->a,internode,4096,100,9.58951999962e-06,4.79475999981e-06,854.265906982,0.000677912000185
2,4,send,a->b,internode,8192,100,7.90804000019e-06,3.95402000009e-06,2071.81551935,0.00049616299998
2,4,send,b->a,internode,8192,100,7.94244000019e-06,3.9712200001e-06,2062.84214921,0.000503432000471
2,4,isend,a->b,internode,8192,100,7.86695999977e-06,3.93347999989e-06,2082.63420692,1.98420000856e-05
2,4,isend,b->a,internode,8192,100,7.82821999962e-06,3.91410999981e-06,2092.94066861,2.11899998703e-05
2,4,bsend,a->b,internode,8192,100,9.23899999975e-06,4.61949999988e-06,1773.35209443,8.72760001585e-05
2,4,bsend,b->a,internode,8192,100,9.1476700004e-06,4.5738350002e-06,1791.05717623,9.20600000995e-05
2,4,ssend,a->b,internode,8192,100,1.00424499999e-05,5.02122499995e-06,1631.47439123,0.000695438000264
2,4,ssend,b->a,internode,8192,100,1.00044200002e-05,5.0022100001e-06,1637.67614711,0.00068079100032
2,4,send,a->b,internode,16384,100,8.62531999985e-06,4.31265999993e-06,3799.0474557,0.000517564999939
2,4,send,b->a,internode,16384,100,8.57475999965e-06,4.28737999982e-06,3821.44806401,0.00050689700015
2,4,isend,a->b,internode,16384,100,8.40970999946e-06,4.20485499973e-06,3896.44827255,1.99479998173e-05
2,4,isend,b->a,internode,16384,100,8.39440999982e-06,4.19720499991e-06,3903.55010068,2.10369998399e-05
2,4,bsend,a->b,internode,16384,100,1.06573399995e-05,5.32866999976e-06,3074.68843084,0.000130286999706
2,4,bsend,b->a,internode,16384,100,1.07052700002e-05,5.35263500012e-06,3060.92233071,0.000135295999712
2,4,ssend,a->b,internode,16384,100,1.08375900004e-05,5.4187950002e-06,3023.55043869,0.000715468999715
2,4,ssend,b->a,internode,16384,100,1.09067699998e-05,5.4533849999e-06,3004.37251364,0.000720581999985
2,4,send,a->b,internode,32768,100,1.51179300002e-05,7.5589650001e-06,4334.98501443,0.000856569999712
2,4,send,b->a,internode,32768,100,1.51151e-05,7.55755e-06,4335.79665368,0.000855035000313
2,4,isend,a->b,internode,32768,100,1.62037300004e-05,8.10186500019e-06,4044.50086483,2.18000003542e-05
2,4,isend,b->a,internode,32768,100,1.72169500001e-05,8.60847500007e-06,3806.48140347,2.24919998573e-05
2,4,bsend,a->b,internode,32768,100,2.069629e-05,1.0348145e-05,3166.55787099,0.000182260000088
2,4,bsend,b->a,internode,32768,100,2.04231399999e-05,1.021157e-05,3208.90910997,0.000187990999848
2,4,ssend,a->b,internode,32768,100,1.91320699997e-05,9.56603499986e-06,3425.45265624,0.00116274599964
2,4,ssend,b->a,internode,32768,100,1.89753500001e-05,9.48767500006e-06,3453.74393619,0.00114072800005
2,4,send,a->b,internode,65536,100,1.92398799999e-05,9.61993999994e-06,6812.51650223,0.00109763699987
2,4,send,b->a,internode,65536,100,1.97508399998e-05,9.8754199999e-06,6636.27471041,0.0011279350004
2,4,isend,a->b,internode,65536,100,1.97794299999e-05,9.88971499993e-06,6626.68236653,2.13720000488e-05
2,4,isend,b->a,internode,65536,100,1.96314199997e-05,9.81570999983e-06,6676.64387,2.24529995876e-05
2,4,bsend,a->b,internode,65536,100,2.54689899998e-05,1.27344949999e-05,5146.33678057,0.000296000000276
2,4,bsend,b->a,internode,65536,100,2.49286500002e-05,1.24643250001e-05,5257.88600662,0.000317183999869
2,4,ssend,a->b,internode,65536,100,2.11506700003e-05,1.05753350002e-05,6197.06136959,0.00124659399995
2,4,ssend,b->a,internode,65536,100,2.03058200003e-05,1.01529100002e-05,6454.89815225,0.00119383599991
2,4,send,a->b,internode,131072,100,2.34070200003e-05,1.17035100001e-05,11199.37523,0.00129823700013
2,4,send,b->a,internode,131072,100,2.33634199998e-05,1.16817099999e-05,11220.2751139,0.00129742999997
2,4,isend,a->b,internode,131072,100,2.32794700003e-05,1.16397350001e-05,11260.7374651,2.14519997144e-05
2,4,isend,b->a,internode,131072,100,2.45623399996e-05,1.22811699998e-05,10672.5987835,2.21620001639e-05
2,4,bsend,a->b,internode,131072,100,3.651848e-05,1.825924e-05,7178.39296706,0.000558331000263
2,4,bsend,b->a,internode,131072,100,3.633638e-05,1.816819e-05,7214.36752919,0.00059022000022
2,4,ssend,a->b,internode,131072,100,2.70940199999e-05,1.354701e-05,9675.34533453,0.00155457999955
2,4,ssend,b->a,internode,131072,100,2.737938e-05,1.368969e-05,9574.50460896,0.00156525800003
2,4,send,a->b,internode,262144,100,3.62654000003e-05,1.81327000001e-05,14456.9755193,0.00198827200006
2,4,send,b->a,internode,262144,100,3.60345899998e-05,1.80172949999e-05,14549.5758382,0.00196928299965
2,4,isend,a->b,internode,262144,100,3.49866300002e-05,1.74933150001e-05,14985.3815585,2.14690002167e-05
2,4,isend,b->a,internode,262144,100,3.40233000003e-05,1.70116500001e-05,15409.6751343,2.22239996788e-05
2,4,bsend,a->b,internode,262144,100,5.75160600005e-05,2.87580300002e-05,9115.50617333,0.00116695899982
2,4,bsend,b->a,internode,262144,100,5.95638300001e-05,2.97819150001e-05,8802.12034718,0.00118291500002
2,4,ssend,a->b,internode,262144,100,3.79398199999e-05,1.896991e-05,13818.9374647,0.00209930400007
2,4,ssend,b->a,internode,262144,100,3.78246500003e-05,1.89123250001e-05,13861.0139154,0.00208733399984
2,4,send,a->b,internode,524288,100,5.81037899997e-05,2.90518949998e-05,18046.6024679,0.00308737699953
2,4,send,b->a,internode,524288,100,5.75639699997e-05,2.87819849999e-05,18215.8388312,0.00305306100006
2,4,isend,a->b,internode,524288,100,5.55489500005e-05,2.77744750002e-05,18876.6124291,2.16279996152e-05
2,4,isend,b->a,internode,524288,100,5.54826500002e-05,2.77413250001e-05,18899.1693799,2.21169996735e-05
2,4,bsend,a->b,internode,524288,100,0.00010431705,5.21585250002e-05,10051.8179914,0.00240771800003
2,4,bsend,b->a,internode,524288,100,0.00010427378,5.21368899999e-05,10055.9891471,0.0023243050004
2,4,ssend,a->b,internode,524288,100,5.88406999998e-05,2.94203499999e-05,17820.5901698,0.00314055500019
2,4,ssend,b->a,internode,524288,100,5.79916999999e-05,2.89958499999e-05,18081.4840745,0.00308120500017
2,4,send,a->b,internode,1048576,100,0.00010059497,5.02974849999e-05,20847.4837261,0.00521242199989
2,4,send,b->a,internode,1048576,100,0.00010148058,5.07402899999e-05,20665.5499999,0.0052742630001
2,4,isend,a->b,internode,1048576,100,0.00010032526,5.01626300002e-05,20903.5291809,2.17620000171e-05
2,4,isend,b->a,internode,1048576,100,9.87155500002e-05,4.93577750001e-05,21244.3936137,2.19269996933e-05
2,4,bsend,a->b,internode,1048576,100,0.00019338732,9.669366e-05,10844.309751,0.00465961999964
2,4,bsend,b->a,internode,1048576,100,0.00019254095,9.6270475e-05,10891.9790829,0.00469434800027
2,4,ssend,a->b,internode,1048576,100,0.00010248842,5.12442099998e-05,20462.3312566,0.00531944800002
2,4,ssend,b->a,internode,1048576,100,0.00010266647,5.13332349999e-05,20426.8443242,0.00533200799975
2,4,send,a->b,internode,2097152,100,0.0002029255,0.00010146275,20669.1815469,0.00956402099985
2,4,send,b->a,internode,2097152,100,0.00018823201,9.41160049999e-05,22282.6287623,0.00964194599987
2,4,isend,a->b,internode,2097152,100,0.00018514674,9.25733699998e-05,22653.9446496,2.16770001771e-05
2,4,isend,b->a,internode,2097152,100,0.00018653094,9.326547e-05,22485.8353258,2.22099994858e-05
2,4,bsend,a->b,internode,2097152,100,0.00037132214,0.00018566107,11295.593632,0.00921339200005
2,4,bsend,b->a,internode,2097152,100,0.00037017481,0.000185087405,11330.6035059,0.00929661100002
2,4,ssend,a->b,internode,2097152,100,0.0001879316,9.39657999999e-05,22318.2477029,0.00960230700014
2,4,ssend,b->a,internode,2097152,100,0.00018867198,9.433599e-05,22230.6672141,0.00964684300004
2,4,send,a->b,internode,4194304,100,0.0003612801,0.00018064005,23219.1255483,0.018354643
2,4,send,b->a,internode,4194304,100,0.00036135396,0.00018067698,23214.3796072,0.0183585190001
2,4,isend,a->b,internode,4194304,100,0.00035836988,0.00017918494,23407.6814715,2.15069999854e-05
2,4,isend,b->a,internode,4194304,100,0.00035838483,0.000179192415,23406.7050215,2.21689997488e-05
2,4,bsend,a->b,internode,4194304,100,0.00073056111,0.000365280555,11482.4179458,0.0184950090003
2,4,bsend,b->a,internode,4194304,100,0.00072694101,0.000363470505,11539.5993411,0.0185117130001
2,4,ssend,a->b,internode,4194304,100,0.00036125114,0.00018062557,23220.986929,0.0183100849999
2,4,ssend,b->a,internode,4194304,100,0.00036129555,0.000180647775,23218.1326341,0.0183185130002
2,4,send,a->b,internode,8388608,100,0.00070861451,0.000354307255,23676.0830652,0.0358160230001
2,4,send,b->a,internode,8388608,100,0.00070873654,0.00035436827,23672.0065259,0.0358320730003
2,4,isend,a->b,internode,8388608,100,0.00070391436,0.00035195718,23834.1721002,2.19830000106e-05
2,4,isend,b->a,internode,8388608,100,0.00070374791,0.000351873955,23839.8093431,2.23609999352e-05
2,4,bsend,a->b,internode,8388608,100,0.00145924551,0.000729622755,11497.1852817,0.0373123690003
2,4,bsend,b->a,internode,8388608,100,0.00145472704,0.00072736352,11532.8962332,0.037919071
2,4,ssend,a->b,internode,8388608,100,0.00070894455,0.000354472275,23665.0609699,0.0358094649997
2,4,ssend,b->a,internode,8388608,100,0.00070888127,0.000354440635,23667.1734887,0.0358105569997
2,4,send,a->b,internode,16777216,100,0.00140873355,0.000704366775,23818.8634039,0.0707808780002
2,4,send,b->a,internode,16777216,100,0.00140863101,0.000704315505,23820.5972762,0.0707927560002
2,4,isend,a->b,internode,16777216,100,0.00140442967,0.000702214835,23891.8564003,2.14699999788e-05
2,4,isend,b->a,internode,16777216,100,0.00140458889,0.000702294445,23889.1480909,2.28529997344e-05
2,4,bsend,a->b,internode,16777216,100,0.00296263189,0.001481315945,11325.886322,0.0779723550002
2,4,bsend,b->a,internode,16777216,100,0.00295499133,0.001477495665,11355.1710488,0.077648561
2,4,ssend,a->b,internode,16777216,100,0.00140863753,0.000704318765,23820.4870205,0.0707454010003
2,4,ssend,b->a,internode,16777216,100,0.00141922216,0.00070961108,23642.8326345,0.0718065080004
2,4,send,a->b,internode,33554432,100,0.00280909667,0.001404548335,23889.8378673,0.140699627
2,4,send,b->a,internode,33554432,100,0.00280927979,0.001404639895,23888.280633,0.140733289
2,4,isend,a->b,internode,33554432,100,0.00280695194,0.00140347597,23908.091565,2.18050006424e-05
2,4,isend,b->a,internode,33554432,100,0.00280713475,0.001403567375,23906.5345901,2.23869998877e-05
2,4,bsend,a->b,internode,33554432,100,0.00601863338,0.00300931669,11150.183067,0.161650601
2,4,bsend,b->a,internode,33554432,100,0.00600312735,0.003001563675,11178.9839008,0.157715074
2,4,ssend,a->b,internode,33554432,100,0.00280972008,0.00140486004,23884.537281,0.140702259
2,4,ssend,b->a,internode,33554432,100,0.00280962936,0.00140481468,23885.3084878,0.140714276
2,5,send,a->b,internode,1,100,4.73011999986e-06,2.36505999993e-06,0.422822253993,2.15289999801e-05
2,5,send,b->a,internode,1,100,4.71541000024e-06,2.35770500012e-06,0.424141272953,2.14889996641e-05
2,5,isend,a->b,internode,1,100,4.90135000007e-06,2.45067500003e-06,0.408050843129,2.23789999154e-05
2,5,isend,b->a,internode,1,100,4.70188000008e-06,2.35094000004e-06,0.425361770178,2.22899999471e-05
2,5,bsend,a->b,internode,1,100,4.76448000029e-06,2.38224000014e-06,0.419772986743,3.20810000858e-05
2,5,bsend,b->a,internode,1,100,4.69356999986e-06,2.34678499993e-06,0.426114876322,3.2004000218e-05
2,5,ssend,a->b,internode,1,100,8.06013999977e-06,4.03006999989e-06,0.248134647792,0.000577567999699
2,5,ssend,b->a,internode,1,100,8.10295000008e-06,4.05147500004e-06,0.246823687667,0.000577667000528
2,5,send,a->b,internode,2,100,4.44347000041e-06,2.22173500021e-06,0.90019736819,2.1891999836e-05
2,5,send,b->a,internode,2,100,4.46392000015e-06,2.23196000007e-06,0.896073406304,2.18129997052e-05
2,5,isend,a->b,internode,2,100,4.48694999989e-06,2.24347499994e-06,0.891474163987,2.33329997741e-05
2,5,isend,b->a,internode,2,100,4.4911699996e-06,2.2455849998e-06,0.890636515732,2.27349998454e-05
2,5,bsend,a->b,internode,2,100,4.65187000032e-06,2.32593500016e-06,0.859869256821,3.27450001123e-05
2,5,bsend,b->a,internode,2,100,4.67592999996e-06,2.33796499998e-06,0.855444799223,3.36760001005e-05
2,5,ssend,a->b,internode,2,100,8.06605000037e-06,4.03302500018e-06,0.495905678717,0.00057664000002
2,5,ssend,b->a,internode,2,100,8.06618000013e-06,4.03309000006e-06,0.495897686381,0.000577910000004
2,5,send,a->b,internode,4,100,4.47863000034e-06,2.23931500017e-06,1.78626053043,2.19940001784e-05
2,5,send,b->a,internode,4,100,4.44688000016e-06,2.22344000008e-06,1.79901414019,2.09710001968e-05
2,5,isend,a->b,internode,4,100,4.49576999983e-06,2.24788499992e-06,1.77945046128,2.27720001362e-05
2,5,isend,b->a,internode,4,100,4.49157999981e-06,2.2457899999e-06,1.78111043338,2.24050000952e-05
2,5,bsend,a->b,internode,4,100,4.69165000027e-06,2.34582500013e-06,1.70515703421,3.27679999259e-05
2,5,bsend,b->a,internode,4,100,4.66420999999e-06,2.33210499999e-06,1.7151886386,3.1846000013e-05
2,5,ssend,a->b,internode,4,100,8.07828000006e-06,4.03914000003e-06,0.990309818419,0.000578141000062
2,5,ssend,b->a,internode,4,100,8.0901299998e-06,4.0450649999e-06,0.988859264338,0.000576816999967
2,5,send,a->b,internode,8,100,4.45569000021e-06,2.22784500011e-06,3.59091408945,2.13080001004e-05
2,5,send,b->a,internode,8,100,4.44337999966e-06,2.22168999983e-06,3.60086240682,2.16809997369e-05
2,5,isend,a->b,internode,8,100,4.51139999996e-06,2.25569999998e-06,3.54657090929,2.28469994568e-05
2,5,isend,b->a,internode,8,100,4.52354000004e-06,2.26177000002e-06,3.53705283912,2.24219997449e-05
2,5,bsend,a->b,internode,8,100,4.87058999965e-06,2.43529499983e-06,3.2850229646,3.26420000079e-05
2,5,bsend,b->a,internode,8,100,5.1681900004e-06,2.5840950002e-06,3.09586141352,3.30290004058e-05
2,5,ssend,a->b,internode,8,100,8.45801000025e-06,4.22900500013e-06,1.89169792889,0.000618785000142
2,5,ssend,b->a,internode,8,100,8.49700999993e-06,4.24850499996e-06,1.88301531952,0.000621093999769
2,5,send,a->b,internode,16,100,5.00235000004e-06,2.50117500002e-06,6.39699341304,2.24660001322e-05
2,5,send,b->a,internode,16,100,4.96528999975e-06,2.48264499987e-06,6.44473938111,2.18209999616e-05
2,5,isend,a->b,internode,16,100,4.98982000011e-06,2.49491000005e-06,6.41305698388,2.26299998189e-05
2,5,isend,b->a,internode,16,100,4.98754000034e-06,2.49377000017e-06,6.41598864326,2.29760000821e-05
2,5,bsend,a->b,internode,16,100,5.20825000024e-06,2.60412500012e-06,6.14409830529,3.34370000132e-05
2,5,bsend,b->a,internode,16,100,5.2619600001e-06,2.63098000005e-06,6.08138412291,3.31660004349e-05
2,5,ssend,a->b,internode,16,100,8.51692000026e-06,4.25846000013e-06,3.75722679079,0.000621275000242
2,5,ssend,b->a,internode,16,100,8.48829000006e-06,4.24414500003e-06,3.76989947325,0.000620605999927
2,5,send,a->b,internode,32,100,4.92990999987e-06,2.46495499994e-06,12.9819814158,2.26309999789e-05
2,5,send,b->a,internode,32,100,4.92451000014e-06,2.46225500007e-06,12.9962168821,2.2232999811e-05
2,5,isend,a->b,internode,32,100,4.97449000022e-06,2.48724500011e-06,12.8656404972,2.42710001999e-05
2,5,isend,b->a,internode,32,100,4.9291199997e-06,2.46455999985e-06,12.9840620646,2.27290001362e-05
2,5,bsend,a->b,internode,32,100,5.06366999957e-06,2.53183499979e-06,12.6390542838,3.36089995017e-05
2,5,bsend,b->a,internode,32,100,5.04293999995e-06,2.52146999998e-06,12.6910096096,3.39619998613e-05
2,5,ssend,a->b,internode,32,100,8.4074099999e-06,4.20370499995e-06,7.61233245443,0.000610314000255
2,5,ssend,b->a,internode,32,100,8.36987000014e-06,4.18493500007e-06,7.64647479578,0.00060734099992
2,5,send,a->b,internode,64,100,4.83893000023e-06,2.41946500012e-06,26.4521288785,2.37359997755e-05
2,5,send,b->a,internode,64,100,4.86459999991e-06,2.43229999995e-06,26.3125436834,2.38069999341e-05
2,5,isend,a->b,internode,64,100,4.92209000015e-06,2.46104500008e-06,26.0052132318,2.36080000491e-05
2,5,isend,b->a,internode,64,100,4.93854000013e-06,2.46927000006e-06,25.9185913239,2.57119996263e-05
2,5,bsend,a->b,internode,64,100,5.16586000003e-06,2.58293000002e-06,24.7780621231,3.41750001098e-05
2,5,bsend,b->a,internode,64,100,5.07360000029e-06,2.53680000014e-06,25.2286344987,3.48430003783e-05
2,5,ssend,a->b,internode,64,100,8.53425999992e-06,4.26712999996e-06,14.9983712708,0.000623344000076
2,5,ssend,b->a,internode,64,100,8.47465999982e-06,4.23732999991e-06,15.1038507743,0.00061887700042
2,5,send,a->b,internode,128,100,6.0476699997e-06,3.02383499985e-06,42.330352022,2.3163999856e-05
2,5,send,b->a,internode,128,100,6.05479000001e-06,3.027395e-06,42.2805745533,2.29450001257e-05
2,5,isend,a->b,internode,128,100,6.09736000001e-06,3.04868000001e-06,41.9853838382,2.43010002237e-05
2,5,isend,b->a,internode,128,100,6.1556899999e-06,3.07784499995e-06,41.5875393342,2.51290001074e-05
2,5,bsend,a->b,internode,128,100,6.26267999962e-06,3.13133999981e-06,40.8770686057,3.49980000465e-05
2,5,bsend,b->a,internode,128,100,6.16009999987e-06,3.08004999994e-06,41.5577669202,3.37600002354e-05
2,5,ssend,a->b,internode,128,100,8.48365999957e-06,4.24182999978e-06,30.1756553201,0.000618660999862
2,5,ssend,b->a,internode,128,100,8.38680000015e-06,4.19340000008e-06,30.5241570081,0.0006066709999
2,5,send,a->b,internode,256,100,5.93623999976e-06,2.96811999988e-06,86.2498820838,0.000381399000048
2,5,send,b->a,internode,256,100,5.73968999959e-06,2.86984499979e-06,89.2034238847,0.000372762999916
2,5,isend,a->b,internode,256,100,5.71933000003e-06,2.85966500002e-06,89.5209753585,2.00920001134e-05
2,5,isend,b->a,internode,256,100,5.75372000014e-06,2.87686000007e-06,88.985908245,1.97389999244e-05
2,5,bsend,a->b,internode,256,100,6.08753999984e-06,3.04376999992e-06,84.1062235342,4.12280001569e-05
2,5,bsend,b->a,internode,256,100,6.02243000003e-06,3.01121500001e-06,85.0155169919,4.32120002642e-05
2,5,ssend,a->b,internode,256,100,8.08479e-06,4.042395e-06,63.3287939452,0.000578523000172
2,5,ssend,b->a,internode,256,100,8.10535000028e-06,4.05267500014e-06,63.168154365,0.00057773099968
2,5,send,a->b,internode,512,100,5.79026000025e-06,2.89513000013e-06,176.848707995,0.000370731000032
2,5,send,b->a,internode,512,100,5.78256999972e-06,2.89128499986e-06,177.083891773,0.000374631999705
2,5,isend,a->b,internode,512,100,5.77854000028e-06,2.88927000014e-06,177.207391478,1.98690001412e-05
2,5,isend,b->a,internode,512,100,5.75512000012e-06,2.87756000006e-06,177.928522773,1.99330000896e-05
2,5,bsend,a->b,internode,512,100,6.15978000042e-06,3.07989000021e-06,166.239703355,4.14480001041e-05
2,5,bsend,b->a,internode,512,100,6.17501999955e-06,3.08750999977e-06,165.829422427,4.51049999128e-05
2,5,ssend,a->b,internode,512,100,8.11294000016e-06,4.05647000008e-06,126.218115748,0.000579601999959
2,5,ssend,b->a,internode,512,100,8.1465400001e-06,4.07327000005e-06,125.697535394,0.000578419999897
2,5,send,a->b,internode,1024,100,5.90568999996e-06,2.95284499998e-06,346.784203033,0.000378419999777
2,5,send,b->a,internode,1024,100,5.97563999975e-06,2.98781999987e-06,342.72479602,0.000385071999688
2,5,isend,a->b,internode,1024,100,5.90389000024e-06,2.95194500012e-06,346.889931878,1.98929998874e-05
2,5,isend,b->a,internode,1024,100,5.89228999957e-06,2.94614499978e-06,347.572845218,2.01289994948e-05
2,5,bsend,a->b,internode,1024,100,6.29554e-06,3.14777e-06,325.309663667,4.03009999559e-05
2,5,bsend,b->a,internode,1024,100,6.30787999967e-06,3.15393999983e-06,324.673265837,4.44010001388e-05
2,5,ssend,a->b,internode,1024,100,8.29809999971e-06,4.14904999985e-06,246.803485144,0.000589537000167
2,5,ssend,b->a,internode,1024,100,8.80290999987e-06,4.40145499994e-06,232.650339493,0.000634550999962
2,5,send,a->b,internode,2048,100,6.72456000018e-06,3.36228000009e-06,609.110484536,0.000446095000029
2,5,send,b->a,internode,2048,100,6.69712999979e-06,3.3485649999e-06,611.605269739,0.000438773999861
2,5,isend,a->b,internode,2048,100,6.68128999962e-06,3.34064499981e-06,613.055263315,1.9939000083e-05
2,5,isend,b->a,internode,2048,100,6.73691000031e-06,3.36845500016e-06,607.993872533,1.984000005e-05
2,5,bsend,a->b,internode,2048,100,7.28323999965e-06,3.64161999983e-06,562.387069518,4.99860002492e-05
2,5,bsend,b->a,internode,2048,100,7.30279999971e-06,3.65139999985e-06,560.880758088,5.17109998555e-05
2,5,ssend,a->b,internode,2048,100,9.08041000002e-06,4.54020500001e-06,451.080953392,0.000646702999745
2,5,ssend,b->a,internode,2048,100,9.00870000009e-06,4.50435000005e-06,454.671595231,0.000642039999946
2,5,send,a->b,internode,4096,100,6.95521000011e-06,3.47760500006e-06,1177.82209306,0.000447032000011
2,5,send,b->a,internode,4096,100,6.86905999999e-06,3.43452999999e-06,1192.59403761,0.000441775999832
2,5,isend,a->b,internode,4096,100,6.91071999995e-06,3.45535999998e-06,1185.40470458,2.00280002218e-05
2,5,isend,b->a,internode,4096,100,6.90132999978e-06,3.45066499989e-06,1187.01757491,2.00199999085e-05
2,5,bsend,a->b,internode,4096,100,7.81977999964e-06,3.90988999982e-06,1047.59980465,6.07660000469e-05
2,5,bsend,b->a,internode,4096,100,7.70008000018e-06,3.85004000009e-06,1063.88505052,6.3268999952e-05
2,5,ssend,a->b,internode,4096,100,9.27238000031e-06,4.63619000016e-06,883.484067707,0.000648296000179
2,5,ssend,b->a,internode,4096,100,9.14685999987e-06,4.57342999994e-06,895.607891682,0.00063812399992
2,5,send,a->b,internode,8192,100,7.78740999976e-06,3.89370499988e-06,2103.90874508,0.000480246999871
2,5,send,b->a,internode,8192,100,7.91408999987e-06,3.95704499994e-06,2070.23170071,0.000497563000124
2,5,isend,a->b,internode,8192,100,7.88380000017e-06,3.94190000009e-06,2078.18564647,1.98399995952e-05
2,5,isend,b->a,internode,8192,100,7.7328399999e-06,3.86641999995e-06,2118.75585169,1.97810000486e-05
2,5,bsend,a->b,internode,8192,100,9.25022999979e-06,4.6251149999e-06,1771.19920265,8.86060000767e-05
2,5,bsend,b->a,internode,8192,100,9.25397999993e-06,4.62698999996e-06,1770.48145772,8.84799998744e-05
2,5,ssend,a->b,internode,8192,100,1.02658000003e-05,5.13290000015e-06,1595.97888129,0.000703655000223
2,5,ssend,b->a,internode,8192,100,1.01644400002e-05,5.08222000008e-06,1611.8940148,0.000697593000041
2,5,send,a->b,internode,16384,100,9.07819999952e-06,4.53909999976e-06,3609.5261177,0.000546097000324
2,5,send,b->a,internode,16384,100,9.17662000006e-06,4.58831000003e-06,3570.81365468,0.000557268999785
2,5,isend,a->b,internode,16384,100,9.10556000008e-06,4.55278000004e-06,3598.68036669,2.00590002351e-05
2,5,isend,b->a,internode,16384,100,8.88656000029e-06,4.44328000015e-06,3687.36608979,1.97360000129e-05
2,5,bsend,a->b,internode,16384,100,1.086805e-05,5.434025e-06,3015.07630164,0.000128685999869
2,5,bsend,b->a,internode,16384,100,1.07856299996e-05,5.39281499982e-06,3038.1164569,0.000134853999953
2,5,ssend,a->b,internode,16384,100,1.10387800004e-05,5.51939000019e-06,2968.4439765,0.000724996000088
2,5,ssend,b->a,internode,16384,100,1.09959399998e-05,5.49796999991e-06,2980.00898518,0.00072725699971
2,5,send,a->b,internode,32768,100,1.74220999997e-05,8.71104999987e-06,3761.65904231,0.00086288500006
2,5,send,b->a,internode,32768,100,1.72320900003e-05,8.61604500017e-06,3803.13705411,0.000864897000042
2,5,isend,a->b,internode,32768,100,1.71963500003e-05,8.59817500015e-06,3811.04129649,2.13469999153e-05
2,5,isend,b->a,internode,32768,100,1.72490099999e-05,8.62450499994e-06,3799.40645871,2.15609998122e-05
2,5,bsend,a->b,internode,32768,100,2.084099e-05,1.0420495e-05,3144.57230678,0.000178932999972
2,5,bsend,b->a,internode,32768,100,2.14521300001e-05,1.0726065e-05,3054.98801284,0.000192422999874
2,5,ssend,a->b,internode,32768,100,2.14007599999e-05,1.07003799999e-05,3062.32115123,0.00135952199975
2,5,ssend,b->a,internode,32768,100,2.10664900004e-05,1.05332450002e-05,3110.91216423,0.00116245199996
2,5,send,a->b,internode,65536,100,2.26397500001e-05,1.1319875e-05,5789.46322286,0.00111834299986
2,5,send,b->a,internode,65536,100,2.29162699998e-05,1.14581349999e-05,5719.60445576,0.00111213399987
2,5,isend,a->b,internode,65536,100,2.21043199997e-05,1.10521599998e-05,5929.70061969,2.14170001414e-05
2,5,isend,b->a,internode,65536,100,2.25778100003e-05,1.12889050001e-05,5805.34604545,2.17489998704e-05
2,5,bsend,a->b,internode,65536,100,2.86017499997e-05,1.43008749998e-05,4582.65665568,0.000294193000002
2,5,bsend,b->a,internode,65536,100,2.92139300001e-05,1.4606965e-05,4486.62675647,0.000310143999911
2,5,ssend,a->b,internode,65536,100,2.49040200003e-05,1.24520100002e-05,5263.08603985,0.00161269599965
2,5,ssend,b->a,internode,65536,100,2.41443300001e-05,1.20721650001e-05,5428.68656945,0.00121641299984
2,5,send,a->b,internode,131072,100,3.01229900003e-05,1.50614950002e-05,8702.45616378,0.0013139769996
2,5,send,b->a,internode,131072,100,2.98249999997e-05,1.49124999999e-05,8789.40486177,0.00130901799997
2,5,isend,a->b,internode,131072,100,2.94573999997e-05,1.47286999999e-05,8899.08817487,2.12709999232e-05
2,5,isend,b->a,internode,131072,100,3.01853100001e-05,1.5092655e-05,8684.48924325,2.15349995187e-05
2,5,bsend,a->b,internode,131072,100,4.38355200004e-05,2.19177600002e-05,5980.17315633,0.000553467999964
2,5,bsend,b->a,internode,131072,100,4.43857300002e-05,2.21928650001e-05,5906.04232484,0.000577812999893
2,5,ssend,a->b,internode,131072,100,3.30377e-05,1.651885e-05,7934.69279035,0.0021442770003
2,5,ssend,b->a,internode,131072,100,3.20862799998e-05,1.60431399999e-05,8169.97171381,0.00155813499993
2,5,send,a->b,internode,262144,100,4.46974800002e-05,2.23487400001e-05,11729.6993029,0.00221088999956
2,5,send,b->a,internode,262144,100,4.37345700004e-05,2.18672850002e-05,11987.9536942,0.0018752850001
2,5,isend,a->b,internode,262144,100,4.29730499997e-05,2.14865249998e-05,12200.3907101,2.15449999246e-05
2,5,isend,b->a,internode,262144,100,4.30959399995e-05,2.15479699997e-05,12165.6007505,2.15709999907e-05
2,5,bsend,a->b,internode,262144,100,7.42924500003e-05,3.71462250001e-05,7057.08318945,0.00116783199996
2,5,bsend,b->a,internode,262144,100,7.76980699999e-05,3.88490349999e-05,6747.76091608,0.00116223000003
2,5,ssend,a->b,internode,262144,100,4.59378800002e-05,2.29689400001e-05,11412.9776994,0.00289910300006
2,5,ssend,b->a,internode,262144,100,4.738202e-05,2.369101e-05,11065.1255476,0.00210229000032
2,5,send,a->b,internode,524288,100,6.814389e-05,3.4071945e-05,15387.6745223,0.0036822649999
2,5,send,b->a,internode,524288,100,6.85804599999e-05,3.429023e-05,15289.7195499,0.00293523599959
2,5,isend,a->b,internode,524288,100,6.90116800001e-05,3.45058400001e-05,15194.1816226,2.15199997911e-05
2,5,isend,b->a,internode,524288,100,7.13984099997e-05,3.56992049998e-05,14686.2654225,2.13349999854e-05
2,5,bsend,a->b,internode,524288,100,0.00013860325,6.9301625e-05,7565.30600834,0.00240763499988
2,5,bsend,b->a,internode,524288,100,0.00013889236,6.94461800001e-05,7549.55852143,0.00235168900002
2,5,ssend,a->b,internode,524288,100,7.34245799998e-05,3.67122899999e-05,14280.9941848,0.00456286899981
2,5,ssend,b->a,internode,524288,100,7.09552400002e-05,3.54776200001e-05,14777.9924357,0.0031841989998
2,5,send,a->b,internode,1048576,100,0.00011510414,5.75520700002e-05,18219.6053069,0.00638919799957
2,5,send,b->a,internode,1048576,100,0.00011533696,5.76684800001e-05,18182.8270833,0.00518949900027
2,5,isend,a->b,internode,1048576,100,0.0001145099,5.72549500001e-05,18314.1544967,2.17160000489e-05
2,5,isend,b->a,internode,1048576,100,0.00011329012,5.66450600002e-05,18511.3406182,2.16029999365e-05
2,5,bsend,a->b,internode,1048576,100,0.00025646221,0.000128231105,8177.23593664,0.00462632599965
2,5,bsend,b->a,internode,1048576,100,0.00026022671,0.000130113355,8058.94214319,0.00471972899999
2,5,ssend,a->b,internode,1048576,100,0.00013396021,6.6980105e-05,15655.036671,0.00846499600044
2,5,ssend,b->a,internode,1048576,100,0.00011505182,5.752591e-05,18227.8907018,0.0052612500005
2,5,send,a->b,internode,2097152,100,0.00020363875,0.000101819375,20596.7872028,0.0109611060002
2,5,send,b->a,internode,2097152,100,0.00020032751,0.000100163755,20937.2342321,0.009508557
2,5,isend,a->b,internode,2097152,100,0.00020117231,0.000100586155,20849.3107228,2.18470001414e-05
2,5,isend,b->a,internode,2097152,100,0.00019801145,9.90057250002e-05,21182.1286092,2.14309999933e-05
2,5,bsend,a->b,internode,2097152,100,0.0004955987,0.00024779935,8463.10533099,0.00917494199996
2,5,bsend,b->a,internode,2097152,100,0.00049435983,0.000247179915,8484.31394598,0.00932377300023
2,5,ssend,a->b,internode,2097152,100,0.00020365138,0.00010182569,20595.5098365,0.0111435899994
2,5,ssend,b->a,internode,2097152,100,0.00020214263,0.000101071315,20749.2303826,0.00960966899993
2,5,send,a->b,internode,4194304,100,0.00037411787,0.000187058935,22422.3665125,0.0194603339998
2,5,send,b->a,internode,4194304,100,0.0003727759,0.00018638795,22503.085634,0.0182413850001
2,5,isend,a->b,internode,4194304,100,0.00037037545,0.000185187725,22648.9309699,2.1314999799e-05
2,5,isend,b->a,internode,4194304,100,0.00036983883,0.000184919415,22681.7935802,2.15300002537e-05
2,5,bsend,a->b,internode,4194304,100,0.00095261803,0.000476309015,8805.84634746,0.0184959829999
2,5,bsend,b->a,internode,4194304,100,0.00095755437,0.000478777185,8760.45085565,0.0186143259999
2,5,ssend,a->b,internode,4194304,100,0.000372408870001,0.000186204435,22525.2636974,0.0194052069997
2,5,ssend,b->a,internode,4194304,100,0.00037320893,0.000186604465,22476.9755643,0.0182849680001
2,5,send,a->b,internode,8388608,100,0.00072068472,0.00036034236,23279.5500368,0.0368799199999
2,5,send,b->a,internode,8388608,100,0.00072146668,0.00036073334,23254.3185501,0.0357050129998
2,5,isend,a->b,internode,8388608,100,0.00071728015,0.000358640075,23390.0464135,2.20080002578e-05
2,5,isend,b->a,internode,8388608,100,0.00071400847,0.000357004235,23497.222659,2.19009999682e-05
2,5,bsend,a->b,internode,8388608,100,0.0018905264,0.0009452632,8874.36218822,0.0375510169998
2,5,bsend,b->a,internode,8388608,100,0.0019103773,0.00095518865,8782.14790345,0.037575452
2,5,ssend,a->b,internode,8388608,100,0.00072264429,0.000361322145,23216.4236709,0.0371768840002
2,5,ssend,b->a,internode,8388608,100,0.00072289143,0.000361445715,23208.4865081,0.0357507460001
2,5,send,a->b,internode,16777216,100,0.00142286926,0.00071143463,23582.2313007,0.0720973040005
2,5,send,b->a,internode,16777216,100,0.00142731499,0.000713657495,23508.7785353,0.0707077719999
2,5,isend,a->b,internode,16777216,100,0.00142028608,0.00071014304,23625.1220599,2.12350002471e-05
2,5,isend,b->a,internode,16777216,100,0.0014212664,0.0007106332,23608.826607,2.20980004428e-05
2,5,bsend,a->b,internode,16777216,100,0.00327016681,0.001635083405,10260.7707648,0.077144456
2,5,bsend,b->a,internode,16777216,100,0.00329616539,0.001648082695,10179.8387004,0.0774326120005
2,5,ssend,a->b,internode,16777216,100,0.00142499727,0.000712498635,23547.0149357,0.0723601940005
2,5,ssend,b->a,internode,16777216,100,0.00142732221,0.000713661105,23508.6596179,0.0707396279998
2,5,send,a->b,internode,33554432,100,0.00283417653,0.001417088265,23678.4347374,0.143105151
2,5,send,b->a,internode,33554432,100,0.00283322244,0.00141661122,23686.4084699,0.140741987
2,5,isend,a->b,internode,33554432,100,0.00283120752,0.00141560376,23703.2656652,2.17870000938e-05
2,5,isend,b->a,internode,33554432,100,0.00283111797,0.001415558985,23704.0154141,2.25310000701e-05
2,5,bsend,a->b,internode,33554432,100,0.00624950794,0.00312475397,10738.2636592,0.162474533
2,5,bsend,b->a,internode,33554432,100,0.00625604135,0.003128020675,10727.0493025,0.157636068
2,5,ssend,a->b,internode,33554432,100,0.00283415839,0.001417079195,23678.586291,0.143133467
2,5,ssend,b->a,internode,33554432,100,0.00283529513,0.001417647565,23669.0929596,0.140765999
2,6,send,a->b,internode,1,100,4.56740999994e-06,2.28370499997e-06,0.437884928226,2.2399999807e-05
2,6,send,b->a,internode,1,100,4.54773000001e-06,2.27386500001e-06,0.439779846208,2.13490002352e-05
2,6,isend,a->b,internode,1,100,4.59105000004e-06,2.29552500002e-06,0.435630193524,2.18290000475e-05
2,6,isend,b->a,internode,1,100,4.60023000016e-06,2.30011500008e-06,0.434760870637,2.25049997198e-05
2,6,bsend,a->b,internode,1,100,4.79514000006e-06,2.39757000003e-06,0.417088969243,3.32340002274e-05
2,6,bsend,b->a,internode,1,100,4.80511999967e-06,2.40255999984e-06,0.416222695819,3.30139999392e-05
2,6,ssend,a->b,internode,1,100,8.13047000008e-06,4.06523500004e-06,0.2459882393,0.000583864999612
2,6,ssend,b->a,internode,1,100,8.1646000001e-06,4.08230000005e-06,0.244959949045,0.000585799000191
2,6,send,a->b,internode,2,100,4.51661e-06,2.258305e-06,0.885619967189,2.15509998611e-05
2,6,send,b->a,internode,2,100,4.5083599997e-06,2.25417999985e-06,0.88724059309,2.08099998531e-05
2,6,isend,a->b,internode,2,100,4.54447000038e-06,2.27223500019e-06,0.880190649221,2.26419998626e-05
2,6,isend,b->a,internode,2,100,4.63550000006e-06,2.31775000003e-06,0.862905835389,2.27920002089e-05
2,6,bsend,a->b,internode,2,100,4.82499999976e-06,2.41249999988e-06,0.829015544084,3.18950000064e-05
2,6,bsend,b->a,internode,2,100,4.73338999996e-06,2.36669499998e-06,0.845060305624,3.33189998969e-05
2,6,ssend,a->b,internode,2,100,8.11624999983e-06,4.05812499991e-06,0.492838441409,0.000581948999923
2,6,ssend,b->a,internode,2,100,8.28693000017e-06,4.14346500008e-06,0.482687798729,0.000594813999555
2,6,send,a->b,internode,4,100,4.74013999963e-06,2.37006999981e-06,1.68771386512,2.12799998849e-05
2,6,send,b->a,internode,4,100,4.56998000004e-06,2.28499000002e-06,1.75055470701,2.1647999688e-05
2,6,isend,a->b,internode,4,100,4.59696000007e-06,2.29848000004e-06,1.74028053319,2.28550002248e-05
2,6,isend,b->a,internode,4,100,4.60263999969e-06,2.30131999984e-06,1.73813289776,2.24579999895e-05
2,6,bsend,a->b,internode,4,100,4.74003999955e-06,2.37001999977e-06,1.68774947063,3.33079993311e-05
2,6,bsend,b->a,internode,4,100,4.72385999956e-06,2.36192999978e-06,1.69353029106,3.26210000026e-05
2,6,ssend,a->b,internode,4,100,8.11474999978e-06,4.05737499989e-06,0.985859083794,0.000581635000174
2,6,ssend,b->a,internode,4,100,8.14706000028e-06,4.07353000014e-06,0.981949316652,0.000583643999619
2,6,send,a->b,internode,8,100,4.53905000029e-06,2.26952500014e-06,3.52496667782,2.32139999525e-05
2,6,send,b->a,internode,8,100,4.51287000033e-06,2.25643500016e-06,3.54541566649,2.14829998981e-05
2,6,isend,a->b,internode,8,100,4.55908999982e-06,2.27954499991e-06,3.50947228518,2.34319995229e-05
2,6,isend,b->a,internode,8,100,4.53912000012e-06,2.26956000006e-06,3.52491231771,2.21139999894e-05
2,6,bsend,a->b,internode,8,100,4.73614000043e-06,2.36807000022e-06,3.37827851342,3.22719996007e-05
2,6,bsend,b->a,internode,8,100,4.77354999987e-06,2.38677499993e-06,3.35180316545,3.29630000238e-05
2,6,ssend,a->b,internode,8,100,8.1406999999e-06,4.07034999995e-06,1.96543294805,0.000584476999791
2,6,ssend,b->a,internode,8,100,8.13854e-06,4.06927e-06,1.96595458153,0.000582871999711
2,6,send,a->b,internode,16,100,4.49326000023e-06,2.24663000012e-06,7.1217779515,2.23089998599e-05
2,6,send,b->a,internode,16,100,4.50354000009e-06,2.25177000004e-06,7.10552143411,2.24500000172e-05
2,6,isend,a->b,internode,16,100,4.56600000007e-06,2.28300000003e-06,7.00832238273,2.29239998362e-05
2,6,isend,b->a,internode,16,100,4.57719000053e-06,2.28859500027e-06,6.99118891641,2.31149999763e-05
2,6,bsend,a->b,internode,16,100,4.72671000011e-06,2.36335500006e-06,6.77003666382,3.3336000115e-05
2,6,bsend,b->a,internode,16,100,4.73086999989e-06,2.36543499994e-06,6.76408356196,3.36479996577e-05
2,6,ssend,a->b,internode,16,100,8.12807000045e-06,4.06403500023e-06,3.93697396777,0.000582023999982
2,6,ssend,b->a,internode,16,100,8.20336999993e-06,4.10168499997e-06,3.90083587602,0.000587631999906
2,6,send,a->b,internode,32,100,4.49025000023e-06,2.24512500012e-06,14.2531039467,2.23299998083e-05
2,6,send,b->a,internode,32,100,4.50445000013e-06,2.25222500006e-06,14.2081719185,2.23049997317e-05
2,6,isend,a->b,internode,32,100,4.54896999997e-06,2.27448499999e-06,14.0691189435,2.23420000225e-05
2,6,isend,b->a,internode,32,100,4.51817999988e-06,2.25908999994e-06,14.1649956402,2.30269999406e-05
2,6,bsend,a->b,internode,32,100,4.70627000027e-06,2.35313500013e-06,13.5988797915,3.17939999945e-05
2,6,bsend,b->a,internode,32,100,4.73779000004e-06,2.36889500002e-06,13.5084079285,3.37679999234e-05
2,6,ssend,a->b,internode,32,100,8.14170000012e-06,4.07085000006e-06,7.86076617893,0.000584715000059
2,6,ssend,b->a,internode,32,100,8.17690999952e-06,4.08845499976e-06,7.82691750353,0.000583949000088
2,6,send,a->b,internode,64,100,4.48926000047e-06,2.24463000023e-06,28.5124942611,2.18130001031e-05
2,6,send,b->a,internode,64,100,4.48732000052e-06,2.24366000026e-06,28.524821048,2.28109996669e-05
2,6,isend,a->b,internode,64,100,4.52582999969e-06,2.26291499985e-06,28.2821051627,2.2389000037e-05
2,6,isend,b->a,internode,64,100,4.54021999985e-06,2.27010999993e-06,28.1924664453,2.36390002328e-05
2,6,bsend,a->b,internode,64,100,4.72821000017e-06,2.36410500008e-06,27.0715556195,3.34799998996e-05
2,6,bsend,b->a,internode,64,100,4.71925999989e-06,2.35962999994e-06,27.1228963869,3.41959998309e-05
2,6,ssend,a->b,internode,64,100,8.15182000053e-06,4.07591000027e-06,15.7020150091,0.000583255999629
2,6,ssend,b->a,internode,64,100,8.21118000033e-06,4.10559000017e-06,15.5885025045,0.00058555899966
2,6,send,a->b,internode,128,100,5.57925999999e-06,2.78963e-06,45.884221205,2.28039999115e-05
2,6,send,b->a,internode,128,100,5.61334999986e-06,2.80667499993e-06,45.6055653053,2.44650003651e-05
2,6,isend,a->b,internode,128,100,5.61852999965e-06,2.80926499983e-06,45.5635192863,2.32599999208e-05
2,6,isend,b->a,internode,128,100,5.65001999973e-06,2.82500999987e-06,45.3095741275,2.50310001206e-05
2,6,bsend,a->b,internode,128,100,5.85489000002e-06,2.92744500001e-06,43.7241348683,3.39910002936e-05
2,6,bsend,b->a,internode,128,100,5.85301000001e-06,2.926505e-06,43.738179159,3.59810002237e-05
2,6,ssend,a->b,internode,128,100,8.20401999988e-06,4.10200999994e-06,31.2042145197,0.000584465999736
2,6,ssend,b->a,internode,128,100,8.2022700002e-06,4.1011350001e-06,31.2108721115,0.000586688000283
2,6,send,a->b,internode,256,100,5.80059000015e-06,2.90029500007e-06,88.2668831941,0.00037888899999
2,6,send,b->a,internode,256,100,5.79690999984e-06,2.89845499992e-06,88.3229168667,0.000377942999819
2,6,isend,a->b,internode,256,100,5.72974000022e-06,2.86487000011e-06,89.358330392,1.99549996296e-05
2,6,isend,b->a,internode,256,100,5.75722000008e-06,2.87861000004e-06,88.9318108381,1.99989999032e-05
2,6,bsend,a->b,internode,256,100,6.15486000015e-06,3.07743000008e-06,83.1862950558,4.16789997075e-05
2,6,bsend,b->a,internode,256,100,6.19977000042e-06,3.09988500021e-06,82.5837087449,4.36679999325e-05
2,6,ssend,a->b,internode,256,100,8.25931999998e-06,4.12965999999e-06,61.9905754955,0.0005944170004
2,6,ssend,b->a,internode,256,100,8.18573000004e-06,4.09286500002e-06,62.5478729445,0.000586384000314
2,6,send,a->b,internode,512,100,5.79837999965e-06,2.89918999982e-06,176.601050649,0.000375163999877
2,6,send,b->a,internode,512,100,5.81042999954e-06,2.90521499977e-06,176.234805355,0.000375560999771
2,6,isend,a->b,internode,512,100,5.76180999985e-06,2.88090499993e-06,177.721931134,1.98639999667e-05
2,6,isend,b->a,internode,512,100,5.84458999981e-06,2.92229499991e-06,175.204762016,1.97410000737e-05
2,6,bsend,a->b,internode,512,100,6.32709999991e-06,3.16354999995e-06,161.843498604,4.23669996508e-05
2,6,bsend,b->a,internode,512,100,6.21749999993e-06,3.10874999997e-06,164.696421393,4.29949998306e-05
2,6,ssend,a->b,internode,512,100,8.33688e-06,4.16844e-06,122.82772452,0.000600347000443
2,6,ssend,b->a,internode,512,100,8.42758999966e-06,4.21379499983e-06,121.505673632,0.000607964999915
2,6,send,a->b,internode,1024,100,5.97662000018e-06,2.98831000009e-06,342.668598629,0.000385147999793
2,6,send,b->a,internode,1024,100,6.01330999984e-06,3.00665499992e-06,340.577818215,0.000387238999849
2,6,isend,a->b,internode,1024,100,5.96981000001e-06,2.98490500001e-06,343.059494355,1.98039996917e-05
2,6,isend,b->a,internode,1024,100,5.94497999998e-06,2.97248999999e-06,344.492327982,1.97609999759e-05
2,6,bsend,a->b,internode,1024,100,6.35755999951e-06,3.17877999976e-06,322.136165472,4.1894999697e-05
2,6,bsend,b->a,internode,1024,100,6.35194999973e-06,3.17597499986e-06,322.42067398,4.35010003912e-05
2,6,ssend,a->b,internode,1024,100,8.35551000023e-06,4.17775500011e-06,245.107719331,0.000595349999742
2,6,ssend,b->a,internode,1024,100,8.5231700001e-06,4.26158500005e-06,240.286184597,0.000610139000173
2,6,send,a->b,internode,2048,100,6.32418999999e-06,3.16209499999e-06,647.671875767,0.000407242000279
2,6,send,b->a,internode,2048,100,6.23945000029e-06,3.11972500015e-06,656.468118153,0.000398388000178
2,6,isend,a->b,internode,2048,100,6.26097000008e-06,3.13048500004e-06,654.211727567,2.00409996864e-05
2,6,isend,b->a,internode,2048,100,6.2164000002e-06,3.1082000001e-06,658.902258521,1.99800003884e-05
2,6,bsend,a->b,internode,2048,100,6.89219000037e-06,3.44609500019e-06,594.295862386,5.18910001688e-05
2,6,bsend,b->a,internode,2048,100,6.87874999983e-06,3.43937499991e-06,595.457023457,5.31329998807e-05
2,6,ssend,a->b,internode,2048,100,8.61971999996e-06,4.30985999998e-06,475.189449312,0.00060948600003
2,6,ssend,b->a,internode,2048,100,8.5871899995e-06,4.29359499975e-06,476.989562387,0.000601489000076
2,6,send,a->b,internode,4096,100,6.44622999971e-06,3.22311499986e-06,1270.82030898,0.000402169000097
2,6,send,b->a,internode,4096,100,6.42459000005e-06,3.21229500003e-06,1275.10082354,0.000403243999926
2,6,isend,a->b,internode,4096,100,6.47217999983e-06,3.23608999992e-06,1265.72499532,1.99319999865e-05
2,6,isend,b->a,internode,4096,100,6.45355000017e-06,3.22677500009e-06,1269.37886896,1.98489998411e-05
2,6,bsend,a->b,internode,4096,100,7.49836000011e-06,3.74918000006e-06,1092.5055612,6.18339996663e-05
2,6,bsend,b->a,internode,4096,100,7.49381999981e-06,3.7469099999e-06,1093.16743666,6.45110001187e-05
2,6,ssend,a->b,internode,4096,100,8.81520000007e-06,4.40760000004e-06,929.303929569,0.000618392999854
2,6,ssend,b->a,internode,4096,100,8.84228000018e-06,4.42114000009e-06,926.457881885,0.000617031999923
2,6,send,a->b,internode,8192,100,7.19177000008e-06,3.59588500004e-06,2278.15961854,0.000439324999832
2,6,send,b->a,internode,8192,100,7.18794000022e-06,3.59397000011e-06,2279.37350611,0.000439725000206
2,6,isend,a->b,internode,8192,100,7.20258999991e-06,3.60129499995e-06,2274.73728204,1.98380002985e-05
2,6,isend,b->a,internode,8192,100,7.21598999974e-06,3.60799499987e-06,2270.51312441,1.99469996005e-05
2,6,bsend,a->b,internode,8192,100,8.67453000012e-06,4.33726500006e-06,1888.74786297,8.85490002815e-05
2,6,bsend,b->a,internode,8192,100,8.69069000032e-06,4.34534500016e-06,1885.23580975,8.91129998308e-05
2,6,ssend,a->b,internode,8192,100,9.62996999988e-06,4.81498499994e-06,1701.35524827,0.000659769999743
2,6,ssend,b->a,internode,8192,100,9.71703999994e-06,4.85851999997e-06,1686.11017348,0.000661601999582
2,6,send,a->b,internode,16384,100,8.72081000011e-06,4.36040500006e-06,3757.44913598,0.000519867999799
2,6,send,b->a,internode,16384,100,8.55854000008e-06,4.27927000004e-06,3828.69040744,0.000509828999839
2,6,isend,a->b,internode,16384,100,8.51581999996e-06,4.25790999998e-06,3847.8972078,2.00920001134e-05
2,6,isend,b->a,internode,16384,100,8.41878000017e-06,4.20939000009e-06,3892.250421,1.97900002377e-05
2,6,bsend,a->b,internode,16384,100,1.06954200004e-05,5.34771000019e-06,3063.74130224,0.000132572999973
2,6,bsend,b->a,internode,16384,100,1.07591199998e-05,5.37955999988e-06,3045.60224263,0.000132347999738
2,6,ssend,a->b,internode,16384,100,1.08416999996e-05,5.42084999978e-06,3022.40423562,0.000722831000019
2,6,ssend,b->a,internode,16384,100,1.09822400003e-05,5.49112000016e-06,2983.72645281,0.000724009999999
2,6,send,a->b,internode,32768,100,1.52681400004e-05,7.63407000022e-06,4292.33685296,0.000869395000052
2,6,send,b->a,internode,32768,100,1.54003200004e-05,7.70016000018e-06,4255.49598959,0.000879796999868
2,6,isend,a->b,internode,32768,100,1.53555100002e-05,7.67775500009e-06,4267.91425353,2.14740001638e-05
2,6,isend,b->a,internode,32768,100,1.54280800001e-05,7.71404000005e-06,4247.83900521,2.16099998056e-05
2,6,bsend,a->b,internode,32768,100,1.89663700002e-05,9.48318500008e-06,3455.37917901,0.000179840999863
2,6,bsend,b->a,internode,32768,100,1.94731500005e-05,9.73657500026e-06,3365.45448467,0.000182692000351
2,6,ssend,a->b,internode,32768,100,1.81862599999e-05,9.09312999994e-06,3603.59964063,0.00109265100002
2,6,ssend,b->a,internode,32768,100,1.79197099999e-05,8.95985499994e-06,3657.2020418,0.00108085100004
2,6,send,a->b,internode,65536,100,1.80242599998e-05,9.01212999992e-06,7271.97676915,0.00101869199978
2,6,send,b->a,internode,65536,100,1.80896300003e-05,9.04481500015e-06,7245.69822588,0.00102471999992
2,6,isend,a->b,internode,65536,100,1.79253599998e-05,8.96267999991e-06,7312.09861343,2.14219998611e-05
2,6,isend,b->a,internode,65536,100,1.79214000002e-05,8.9607000001e-06,7313.71433027,2.16179999484e-05
2,6,bsend,a->b,internode,65536,100,2.35391900003e-05,1.17695950001e-05,5568.24597611,0.00029303499997
2,6,bsend,b->a,internode,65536,100,2.34995900001e-05,1.17497950001e-05,5577.62922669,0.000281283000163
2,6,ssend,a->b,internode,65536,100,2.02677800002e-05,1.01338900001e-05,6467.01316074,0.00119208599983
2,6,ssend,b->a,internode,65536,100,2.05369700001e-05,1.0268485e-05,6382.24626123,0.00120976999983
2,6,send,a->b,internode,131072,100,2.37796499999e-05,1.1889825e-05,11023.8796618,0.00132435100005
2,6,send,b->a,internode,131072,100,2.36915599999e-05,1.18457799999e-05,11064.8686706,0.00132147100021
2,6,isend,a->b,internode,131072,100,2.35330800001e-05,1.17665400001e-05,11139.3833701,2.13829998188e-05
2,6,isend,b->a,internode,131072,100,2.336254e-05,1.168127e-05,11220.6977495,2.14639999285e-05
2,6,bsend,a->b,internode,131072,100,3.42539399998e-05,1.71269699999e-05,7652.95904652,0.000556041000095
2,6,bsend,b->a,internode,131072,100,3.44763199996e-05,1.72381599998e-05,7603.59574348,0.000512777999859
2,6,ssend,a->b,internode,131072,100,2.61222700004e-05,1.30611350002e-05,10035.2687571,0.00149121000021
2,6,ssend,b->a,internode,131072,100,2.58509500003e-05,1.29254750001e-05,10140.5944461,0.0014773659999
2,6,send,a->b,internode,262144,100,3.44112499999e-05,1.7205625e-05,15235.9475462,0.00185279300013
2,6,send,b->a,internode,262144,100,3.43232299997e-05,1.71616149998e-05,15275.0192801,0.00185397800004
2,6,isend,a->b,internode,262144,100,3.41034500002e-05,1.70517250001e-05,15373.4592834,2.14109998069e-05
2,6,isend,b->a,internode,262144,100,3.40369999998e-05,1.70184999999e-05,15403.4726916,2.13719999351e-05
2,6,bsend,a->b,internode,262144,100,5.72192299995e-05,2.86096149998e-05,9162.79369723,0.00117056200025
2,6,bsend,b->a,internode,262144,100,5.70843200001e-05,2.854216e-05,9184.44854908,0.00110687800026
2,6,ssend,a->b,internode,262144,100,3.71364999995e-05,1.85682499998e-05,14117.8624805,0.00204083199986
2,6,ssend,b->a,internode,262144,100,3.69077400001e-05,1.845387e-05,14205.3672211,0.00203235000004
2,6,send,a->b,internode,524288,100,5.64173800001e-05,2.820869e-05,18586.0456476,0.00297050299997
2,6,send,b->a,internode,524288,100,5.61483600001e-05,2.807418e-05,18675.0957641,0.0029602410001
2,6,isend,a->b,internode,524288,100,5.56260600001e-05,2.78130300001e-05,18850.4452769,2.14909998704e-05
2,6,isend,b->a,internode,524288,100,5.58960799998e-05,2.79480399999e-05,18759.3834846,2.14509998955e-05
2,6,bsend,a->b,internode,524288,100,0.00010349766,5.174883e-05,10131.3981398,0.00241474099965
2,6,bsend,b->a,internode,524288,100,0.00010331656,5.165828e-05,10149.1571148,0.00234505599985
2,6,ssend,a->b,internode,524288,100,5.79887200001e-05,2.89943600001e-05,18082.4132693,0.00308416499979
2,6,ssend,b->a,internode,524288,100,5.81092800002e-05,2.90546400001e-05,18044.8974759,0.0030870629999
2,6,send,a->b,internode,1048576,100,0.0001001966,5.00983000001e-05,20930.3708908,0.00518135799967
2,6,send,b->a,internode,1048576,100,0.00010020015,5.0100075e-05,20929.6293468,0.00519026800009
2,6,isend,a->b,internode,1048576,100,9.878378e-05,4.939189e-05,21229.7201018,2.13190000977e-05
2,6,isend,b->a,internode,1048576,100,9.89536899999e-05,4.9476845e-05,21193.2672748,2.14770002458e-05
2,6,bsend,a->b,internode,1048576,100,0.00019143192,9.571596e-05,10955.0800096,0.00462753900018
2,6,bsend,b->a,internode,1048576,100,0.000191259859999,9.56299299997e-05,10964.9353503,0.00462570400003
2,6,ssend,a->b,internode,1048576,100,0.00010158548,5.079274e-05,20644.2101765,0.00526476300001
2,6,ssend,b->a,internode,1048576,100,0.00010138349,5.06917449999e-05,20685.3403843,0.00525283399992
2,6,send,a->b,internode,2097152,100,0.00018671692,9.335846e-05,22463.4382358,0.00954832199955
2,6,send,b->a,internode,2097152,100,0.0001869045,9.345225e-05,22440.8936114,0.00956578900002
2,6,isend,a->b,internode,2097152,100,0.00018502296,9.251148e-05,22669.1000944,2.16879999471e-05
2,6,isend,b->a,internode,2097152,100,0.000185185730001,9.25928650003e-05,22649.1749661,2.1600000025e-05
2,6,bsend,a->b,internode,2097152,100,0.00036869451,0.000184347255,11376.0956191,0.00918786100044
2,6,bsend,b->a,internode,2097152,100,0.00036816729,0.000184083645,11392.3863252,0.00917208399966
2,6,ssend,a->b,internode,2097152,100,0.00018739964,9.36998199998e-05,22381.60116,0.00956709899987
2,6,ssend,b->a,internode,2097152,100,0.00018772114,9.386057e-05,22343.2693835,0.0095904100001
2,6,send,a->b,internode,4194304,100,0.00036066183,0.000180330915,23258.9292856,0.0183110779999
2,6,send,b->a,internode,4194304,100,0.00036068128,0.00018034064,23257.675031,0.0183159829998
2,6,isend,a->b,internode,4194304,100,0.00035773148,0.00017886574,23449.4543225,2.16179998347e-05
2,6,isend,b->a,internode,4194304,100,0.00035761837,0.000178809185,23456.8710774,2.12800000554e-05
2,6,bsend,a->b,internode,4194304,100,0.0007247216,0.0003623608,11574.9385695,0.0183824229997
2,6,bsend,b->a,internode,4194304,100,0.0007225987,0.00036129935,11608.9442176,0.0182342070001
2,6,ssend,a->b,internode,4194304,100,0.00036055211,0.000180276055,23266.0072354,0.0182625719995
2,6,ssend,b->a,internode,4194304,100,0.0003606359,0.00018031795,23260.6016207,0.018271923
2,6,send,a->b,internode,8388608,100,0.00070818562,0.00035409281,23690.4217287,0.0357962730002
2,6,send,b->a,internode,8388608,100,0.00072515236,0.00036257618,23136.1254895,0.037493489
2,6,isend,a->b,internode,8388608,100,0.00070308698,0.00035154349,23862.2197214,2.18699997276e-05
2,6,isend,b->a,internode,8388608,100,0.00070304931,0.000351524655,23863.4982801,2.16309999246e-05
2,6,bsend,a->b,internode,8388608,100,0.00144978776,0.00072489388,11572.1876421,0.0373940380004
2,6,bsend,b->a,internode,8388608,100,0.00144776499,0.000723882495,11588.3559251,0.0373337850004
2,6,ssend,a->b,internode,8388608,100,0.00070831858,0.00035415929,23685.9747488,0.0357753799999
2,6,ssend,b->a,internode,8388608,100,0.00070833644,0.00035416822,23685.3775305,0.0357813169999
2,6,send,a->b,internode,16777216,100,0.00140777336,0.00070388668,23835.1093673,0.0707294839996
2,6,send,b->a,internode,16777216,100,0.00140784483,0.000703922415,23833.8993652,0.0707348349999
2,6,isend,a->b,internode,16777216,100,0.00140363768,0.00070181884,23905.3371665,2.18570000925e-05
2,6,isend,b->a,internode,16777216,100,0.00140361801,0.000701809005,23905.6721707,2.21740002644e-05
2,6,bsend,a->b,internode,16777216,100,0.00295253375,0.001476266875,11364.6226737,0.0771343299995
2,6,bsend,b->a,internode,16777216,100,0.00295249499,0.001476247495,11364.7718671,0.0777217740003
2,6,ssend,a->b,internode,16777216,100,0.00140769081,0.000703845405,23836.5071091,0.0706862590001
2,6,ssend,b->a,internode,16777216,100,0.00140786667,0.000703933335,23833.5296339,0.0707000399998
2,6,send,a->b,internode,33554432,100,0.00280701666,0.00140350833,23907.5403279,0.140580961
2,6,send,b->a,internode,33554432,100,0.00280711228,0.00140355614,23906.725954,0.140581398
2,6,isend,a->b,internode,33554432,100,0.00280509276,0.00140254638,23923.9375457,2.24770000159e-05
2,6,isend,b->a,internode,33554432,100,0.00280580511,0.001402902555,23917.8636324,2.18850000806e-05
2,6,bsend,a->b,internode,33554432,100,0.00602358773,0.003011793865,11141.0121356,0.162140928
2,6,bsend,b->a,internode,33554432,100,0.00600156355,0.003000781775,11181.8967576,0.157921434
2,6,ssend,a->b,internode,33554432,100,0.00280772403,0.001403862015,23901.5171302,0.140602062
2,6,ssend,b->a,internode,33554432,100,0.00280762756,0.00140381378,23902.3383857,0.140600097001
2,7,send,a->b,internode,1,100,4.73012000043e-06,2.36506000022e-06,0.422822253942,2.20399999762e-05
2,7,send,b->a,internode,1,100,4.55864999992e-06,2.27932499996e-06,0.438726377334,2.26470000939e-05
2,7,isend,a->b,internode,1,100,4.59966999983e-06,2.29983499992e-06,0.434813801875,2.2009999725e-05
2,7,isend,b->a,internode,1,100,4.58308999953e-06,2.29154499976e-06,0.436386804581,2.28070002777e-05
2,7,bsend,a->b,internode,1,100,4.78242000042e-06,2.39121000021e-06,0.418198317969,3.173600021e-05
2,7,bsend,b->a,internode,1,100,4.7854799999e-06,2.39273999995e-06,0.417930907671,3.20890002854e-05
2,7,ssend,a->b,internode,1,100,8.1097399999e-06,4.05486999995e-06,0.246617030882,0.000581485000168
2,7,ssend,b->a,internode,1,100,8.19535000005e-06,4.09767500003e-06,0.244040828029,0.000585900999909
2,7,send,a->b,internode,2,100,4.52501999973e-06,2.26250999987e-06,0.883973993537,2.11360000435e-05
2,7,send,b->a,internode,2,100,4.50014000023e-06,2.25007000012e-06,0.888861235382,2.13509998161e-05
2,7,isend,a->b,internode,2,100,4.55579000004e-06,2.27789500002e-06,0.878003595417,2.23479999022e-05
2,7,isend,b->a,internode,2,100,4.61064999968e-06,2.30532499984e-06,0.867556635242,2.25339998678e-05
2,7,bsend,a->b,internode,2,100,4.77340000032e-06,2.38670000016e-06,0.837977123169,3.24609998188e-05
2,7,bsend,b->a,internode,2,100,4.76915999968e-06,2.38457999984e-06,0.838722123029,3.2275000251e-05
2,7,ssend,a->b,internode,2,100,8.20621999992e-06,4.10310999996e-06,0.487435140666,0.000591521000217
2,7,ssend,b->a,internode,2,100,8.19915999955e-06,4.09957999977e-06,0.487854853451,0.000590770000201
2,7,send,a->b,internode,4,100,4.56890999999e-06,2.28445499999e-06,1.7509646721,2.1837999725e-05
2,7,send,b->a,internode,4,100,4.51587000043e-06,2.25793500022e-06,1.77153018117,2.14889997778e-05
2,7,isend,a->b,internode,4,100,4.5245299998e-06,2.2622649999e-06,1.76813945324,2.14370002709e-05
2,7,isend,b->a,internode,4,100,4.56425999971e-06,2.28212999986e-06,1.7527485289,2.18319997316e-05
2,7,bsend,a->b,internode,4,100,4.70187000019e-06,2.35093500009e-06,1.70145069933,3.2519000456e-05
2,7,bsend,b->a,internode,4,100,4.69151000004e-06,2.34575500002e-06,1.70520791812,3.17750003092e-05
2,7,ssend,a->b,internode,4,100,8.10693000005e-06,4.05346500003e-06,0.98681005016,0.000582527999541
2,7,ssend,b->a,internode,4,100,8.12342000017e-06,4.06171000009e-06,0.984806891657,0.000580715000126
2,7,send,a->b,internode,8,100,4.51049999981e-06,2.25524999991e-06,3.54727857237,2.26800001997e-05
2,7,send,b->a,internode,8,100,4.4828099999e-06,2.24140499995e-06,3.5691898609,2.06990003448e-05
2,7,isend,a->b,internode,8,100,4.52122000013e-06,2.26061000006e-06,3.53886782761,2.25529998374e-05
2,7,isend,b->a,internode,8,100,4.53008999955e-06,2.26504499977e-06,3.53193865941,2.15229999867e-05
2,7,bsend,a->b,internode,8,100,4.70285999995e-06,2.35142999998e-06,3.40218505339,3.25949999365e-05
2,7,bsend,b->a,internode,8,100,4.72306000006e-06,2.36153000003e-06,3.3876342879,3.15869999099e-05
2,7,ssend,a->b,internode,8,100,8.13988999994e-06,4.06994499997e-06,1.96562852816,0.000582727999756
2,7,ssend,b->a,internode,8,100,8.14606000006e-06,4.07303000003e-06,1.96413971906,0.000583143999791
2,7,send,a->b,internode,16,100,4.49186000026e-06,2.24593000013e-06,7.12399763086,2.27760002645e-05
2,7,send,b->a,internode,16,100,4.49052000022e-06,2.24526000011e-06,7.12612347756,2.14740002775e-05
2,7,isend,a->b,internode,16,100,4.5153100001e-06,2.25765500005e-06,7.08699956355,2.25320001164e-05
2,7,isend,b->a,internode,16,100,4.51707000025e-06,2.25853500012e-06,7.08423823369,2.23939998705e-05
2,7,bsend,a->b,internode,16,100,4.71629000003e-06,2.35814500002e-06,6.78499413729,3.40689998097e-05
2,7,bsend,b->a,internode,16,100,4.70854000014e-06,2.35427000007e-06,6.79616186739,3.25139997699e-05
2,7,ssend,a->b,internode,16,100,8.16614999962e-06,4.08307499981e-06,3.91861525951,0.00058447700053
2,7,ssend,b->a,internode,16,100,8.18172999971e-06,4.09086499985e-06,3.91115326479,0.000585435000517
2,7,send,a->b,internode,32,100,4.49295999999e-06,2.24648e-06,14.244506962,2.30169998758e-05
2,7,send,b->a,internode,32,100,4.51046000023e-06,2.25523000012e-06,14.1892401211,2.23590001269e-05
2,7,isend,a->b,internode,32,100,4.53163999964e-06,2.26581999982e-06,14.1229223868,2.25700000556e-05
2,7,isend,b->a,internode,32,100,4.50123999997e-06,2.25061999998e-06,14.2183042896,2.21929998929e-05
2,7,bsend,a->b,internode,32,100,4.77499999988e-06,2.38749999994e-06,13.4031413616,3.40870002447e-05
2,7,bsend,b->a,internode,32,100,4.74621000023e-06,2.37310500012e-06,13.4844433763,3.38320002697e-05
2,7,ssend,a->b,internode,32,100,8.15072000023e-06,4.07536000012e-06,7.85206705643,0.000584031000017
2,7,ssend,b->a,internode,32,100,8.19174999947e-06,4.09587499973e-06,7.81273842636,0.000586596000346
2,7,send,a->b,internode,64,100,4.56610000015e-06,2.28305000007e-06,28.0326755866,2.281400009e-05
2,7,send,b->a,internode,64,100,4.53249999964e-06,2.26624999982e-06,28.2404853856,2.45529998892e-05
2,7,isend,a->b,internode,64,100,4.58153000011e-06,2.29076500005e-06,27.938265164,2.35049997173e-05
2,7,isend,b->a,internode,64,100,4.60192999981e-06,2.3009649999e-06,27.8144169958,2.49799998073e-05
2,7,bsend,a->b,internode,64,100,4.78122000004e-06,2.39061000002e-06,26.7714098073,3.36770000899e-05
2,7,bsend,b->a,internode,64,100,4.80261999996e-06,2.40130999998e-06,26.6521190519,3.58920005965e-05
2,7,ssend,a->b,internode,64,100,8.16634999978e-06,4.08317499989e-06,15.6740771585,0.000584811999943
2,7,ssend,b->a,internode,64,100,8.2186000003e-06,4.10930000015e-06,15.5744287342,0.000588347999781
2,7,send,a->b,internode,128,100,5.63907000014e-06,2.81953500007e-06,45.3975566882,2.30939998573e-05
2,7,send,b->a,internode,128,100,5.66375000005e-06,2.83187500003e-06,45.1997351574,2.26039999802e-05
2,7,isend,a->b,internode,128,100,5.7109100004e-06,2.8554550002e-06,44.8264812406,2.36779999341e-05
2,7,isend,b->a,internode,128,100,5.79790000018e-06,2.89895000009e-06,44.1539177965,2.38979999949e-05
2,7,bsend,a->b,internode,128,100,5.82433000034e-06,2.91216500017e-06,43.9535534534,3.42689997979e-05
2,7,bsend,b->a,internode,128,100,5.82365000014e-06,2.91182500007e-06,43.9586857029,3.43430003795e-05
2,7,ssend,a->b,internode,128,100,8.17997000013e-06,4.08998500006e-06,31.2959582976,0.000583332000133
2,7,ssend,b->a,internode,128,100,8.29463999992e-06,4.14731999996e-06,30.8633044957,0.000591803999896
2,7,send,a->b,internode,256,100,5.92943000015e-06,2.96471500008e-06,86.3489407897,0.000387001999684
2,7,send,b->a,internode,256,100,5.91772999996e-06,2.95886499998e-06,86.5196621007,0.000389397999925
2,7,isend,a->b,internode,256,100,5.80519999971e-06,2.90259999986e-06,88.19678909,1.98939998199e-05
2,7,isend,b->a,internode,256,100,5.73648999989e-06,2.86824499995e-06,89.2531844403,1.96270001425e-05
2,7,bsend,a->b,internode,256,100,6.15546999995e-06,3.07773499998e-06,83.1780513923,4.16989993255e-05
2,7,bsend,b->a,internode,256,100,6.09456000007e-06,3.04728000003e-06,84.0093460389,4.14029998979e-05
2,7,ssend,a->b,internode,256,100,8.15192000005e-06,4.07596000002e-06,62.8072895707,0.000585738999973
2,7,ssend,b->a,internode,256,100,8.16680000014e-06,4.08340000007e-06,62.6928539931,0.000582678000058
2,7,send,a->b,internode,512,100,5.83295000013e-06,2.91647500006e-06,175.554393571,0.000376738999762
2,7,send,b->a,internode,512,100,5.84079000021e-06,2.9203950001e-06,175.318749683,0.000379996999527
2,7,isend,a->b,internode,512,100,5.98033000017e-06,2.99016500009e-06,171.228009152,1.98390000037e-05
2,7,isend,b->a,internode,512,100,5.87935999988e-06,2.93967999994e-06,174.168616996,1.96790001041e-05
2,7,bsend,a->b,internode,512,100,6.40495000027e-06,3.20247500014e-06,159.876345632,4.19010000883e-05
2,7,bsend,b->a,internode,512,100,6.33843000003e-06,3.16921500001e-06,161.554201907,4.31189999404e-05
2,7,ssend,a->b,internode,512,100,8.29349000014e-06,4.14674500007e-06,123.47033637,0.00059570700023
2,7,ssend,b->a,internode,512,100,8.20758000032e-06,4.10379000016e-06,124.762719335,0.000585669000429
2,7,send,a->b,internode,1024,100,5.9485700001e-06,2.97428500005e-06,344.284424654,0.000382846999912
2,7,send,b->a,internode,1024,100,5.94637999995e-06,2.97318999998e-06,344.41122162,0.000385072000086
2,7,isend,a->b,internode,1024,100,5.92101999985e-06,2.96050999992e-06,345.886350672,1.98770001134e-05
2,7,isend,b->a,internode,1024,100,5.89337999997e-06,2.94668999999e-06,347.508560454,1.96930000129e-05
2,7,bsend,a->b,internode,1024,100,6.31016e-06,3.15508e-06,324.555954207,4.1716000112e-05
2,7,bsend,b->a,internode,1024,100,6.30415999979e-06,3.15207999989e-06,324.864851157,4.19910005007e-05
2,7,ssend,a->b,internode,1024,100,8.31953999977e-06,4.15976999989e-06,246.16745638,0.00059258999994
2,7,ssend,b->a,internode,1024,100,8.33241999999e-06,4.16620999999e-06,245.786938249,0.000589788999775
2,7,send,a->b,internode,2048,100,6.21007999996e-06,3.10503999998e-06,659.572823543,0.000396437999825
2,7,send,b->a,internode,2048,100,6.23562999976e-06,3.11781499988e-06,656.870276164,0.000398609000115
2,7,isend,a->b,internode,2048,100,6.23953000002e-06,3.11976500001e-06,656.45970129,1.99350001253e-05
2,7,isend,b->a,internode,2048,100,6.24225000024e-06,3.12112500012e-06,656.173655307,1.97000005642e-05
2,7,bsend,a->b,internode,2048,100,6.83267999989e-06,3.41633999994e-06,599.471949523,5.06159995552e-05
2,7,bsend,b->a,internode,2048,100,6.81332999989e-06,3.40666499994e-06,601.174462424,5.0108000039e-05
2,7,ssend,a->b,internode,2048,100,8.59246999994e-06,4.29623499997e-06,476.696456319,0.000604272999908
2,7,ssend,b->a,internode,2048,100,8.57366999981e-06,4.2868349999e-06,477.741737213,0.000606360999996
2,7,send,a->b,internode,4096,100,6.45814999984e-06,3.22907499992e-06,1268.47471802,0.000401727999986
2,7,send,b->a,internode,4096,100,6.5311000003e-06,3.26555000015e-06,1254.30631894,0.000407996999797
2,7,isend,a->b,internode,4096,100,6.52558000013e-06,3.26279000006e-06,1255.36733897,2.00979999931e-05
2,7,isend,b->a,internode,4096,100,6.54671999996e-06,3.27335999998e-06,1251.31363493,1.97159999971e-05
2,7,bsend,a->b,internode,4096,100,7.55888000015e-06,3.77944000007e-06,1083.75844038,6.2595999907e-05
2,7,bsend,b->a,internode,4096,100,7.51777000005e-06,3.75888500002e-06,1089.68484005,6.14749997112e-05
2,7,ssend,a->b,internode,4096,100,8.8922499998e-06,4.4461249999e-06,921.25165174,0.000621239000395
2,7,ssend,b->a,internode,4096,100,8.97072000043e-06,4.48536000022e-06,913.193143873,0.000625915000057
2,7,send,a->b,internode,8192,100,7.22393000046e-06,3.61196500023e-06,2268.01754709,0.000444747000074
2,7,send,b->a,internode,8192,100,7.3675799996e-06,3.6837899998e-06,2223.79668777,0.000453167000103
2,7,isend,a->b,internode,8192,100,7.36720999953e-06,3.68360499976e-06,2223.90837251,1.97560000856e-05
2,7,isend,b->a,internode,8192,100,7.37911000044e-06,3.68955500022e-06,2220.32196281,2.01659997856e-05
2,7,bsend,a->b,internode,8192,100,8.78273000012e-06,4.39136500006e-06,1865.47918469,8.7583000095e-05
2,7,bsend,b->a,internode,8192,100,8.78035999961e-06,4.3901799998e-06,1865.98271605,8.95460001402e-05
2,7,ssend,a->b,internode,8192,100,9.66774000005e-06,4.83387000003e-06,1694.70838065,0.000661789000162
2,7,ssend,b->a,internode,8192,100,9.73176999992e-06,4.86588499996e-06,1683.55807835,0.000666726999896
2,7,send,a->b,internode,16384,100,8.5872599999e-06,4.29362999995e-06,3815.88539306,0.000514991999864
2,7,send,b->a,internode,16384,100,8.66564999967e-06,4.33282499984e-06,3781.36666046,0.000517101999833
2,7,isend,a->b,internode,16384,100,8.51511999997e-06,4.25755999999e-06,3848.21353077,1.99709996878e-05
2,7,isend,b->a,internode,16384,100,8.45224000045e-06,4.22612000023e-06,3876.84211502,1.94449998503e-05
2,7,bsend,a->b,internode,16384,100,1.06355100002e-05,5.31775500008e-06,3080.99940666,0.000127567000163
2,7,bsend,b->a,internode,16384,100,1.08398700002e-05,5.41993500008e-06,3022.9144814,0.000133529999857
2,7,ssend,a->b,internode,16384,100,1.09742699999e-05,5.48713499995e-06,2985.89336696,0.000723954000364
2,7,ssend,b->a,internode,16384,100,1.13252899996e-05,5.6626449998e-06,2893.34754352,0.00076495400009
2,7,send,a->b,internode,32768,100,1.80883799999e-05,9.04418999994e-06,3623.09947051,0.000903447999747
2,7,send,b->a,internode,32768,100,1.76037099999e-05,8.80185499994e-06,3722.85160346,0.000879691000137
2,7,isend,a->b,internode,32768,100,1.78394e-05,8.91969999998e-06,3673.6661547,2.12090000105e-05
2,7,isend,b->a,internode,32768,100,1.78467699999e-05,8.92338499995e-06,3672.14907798,2.13860001281e-05
2,7,bsend,a->b,internode,32768,100,2.16073600001e-05,1.080368e-05,3033.04059356,0.000177708999502
2,7,bsend,b->a,internode,32768,100,2.18072799998e-05,1.09036399999e-05,3005.23494908,0.000188065000316
2,7,ssend,a->b,internode,32768,100,2.029924e-05,1.014962e-05,3228.49525401,0.00132797500032
2,7,ssend,b->a,internode,32768,100,2.01594600003e-05,1.00797300001e-05,3250.88072791,0.00105476800002
2,7,send,a->b,internode,65536,100,2.20213599999e-05,1.101068e-05,5952.03929278,0.00102490400008
2,7,send,b->a,internode,65536,100,2.18340399999e-05,1.091702e-05,6003.10341102,0.00102551899982
2,7,isend,a->b,internode,65536,100,2.11305400001e-05,1.056527e-05,6202.96499756,2.13419999113e-05
2,7,isend,b->a,internode,65536,100,2.096478e-05,1.048239e-05,6252.00932231,2.12110000462e-05
2,7,bsend,a->b,internode,65536,100,2.83616899998e-05,1.41808449999e-05,4621.44533704,0.000295452999751
2,7,bsend,b->a,internode,65536,100,2.840961e-05,1.4204805e-05,4613.65009938,0.000306399999943
2,7,ssend,a->b,internode,65536,100,2.44464399998e-05,1.22232199999e-05,5361.59866226,0.00157282300012
2,7,ssend,b->a,internode,65536,100,2.38306199998e-05,1.19153099999e-05,5500.15064657,0.00122931700037
2,7,send,a->b,internode,131072,100,2.93654199999e-05,1.46827099999e-05,8926.96239322,0.00134102800013
2,7,send,b->a,internode,131072,100,3.00496200003e-05,1.50248100002e-05,8723.70432628,0.00131570499974
2,7,isend,a->b,internode,131072,100,3.05392900003e-05,1.52696450002e-05,8583.82758726,2.14879999589e-05
2,7,isend,b->a,internode,131072,100,3.110854e-05,1.555427e-05,8426.75355385,2.16539999656e-05
2,7,bsend,a->b,internode,131072,100,4.50748100002e-05,2.25374050001e-05,5815.75385451,0.000554943999873
2,7,bsend,b->a,internode,131072,100,4.23147999999e-05,2.11573999999e-05,6195.09013397,0.000579581999887
2,7,ssend,a->b,internode,131072,100,3.08061999999e-05,1.54031e-05,8509.45588877,0.00196080899991
2,7,ssend,b->a,internode,131072,100,3.19169699998e-05,1.59584849999e-05,8213.31097538,0.00148320500011
2,7,send,a->b,internode,262144,100,4.34440699996e-05,2.17220349998e-05,12068.1142445,0.00215851999974
2,7,send,b->a,internode,262144,100,4.23627999999e-05,2.11813999999e-05,12376.1413316,0.00187516100027
2,7,isend,a->b,internode,262144,100,4.248061e-05,2.1240305e-05,12341.8190087,2.15429997183e-05
2,7,isend,b->a,internode,262144,100,4.35076599996e-05,2.17538299998e-05,12050.4757094,2.14210004401e-05
2,7,bsend,a->b,internode,262144,100,7.68768300003e-05,3.84384150001e-05,6819.84415848,0.00116930799987
2,7,bsend,b->a,internode,262144,100,7.39490400002e-05,3.69745200001e-05,7089.85539229,0.00109086900034
2,7,ssend,a->b,internode,262144,100,4.49353400001e-05,2.246767e-05,11667.6095029,0.00283823299992
2,7,ssend,b->a,internode,262144,100,4.54371299998e-05,2.27185649999e-05,11538.7569594,0.00202332700013
2,7,send,a->b,internode,524288,100,6.72399500002e-05,3.36199750001e-05,15594.5386634,0.00359682599998
2,7,send,b->a,internode,524288,100,6.997039e-05,3.4985195e-05,14985.9962193,0.00294977599998
2,7,isend,a->b,internode,524288,100,6.86891399999e-05,3.434457e-05,15265.5281461,2.14150002193e-05
2,7,isend,b->a,internode,524288,100,6.72251700001e-05,3.36125850001e-05,15597.9672494,2.17040001758e-05
2,7,bsend,a->b,internode,524288,100,0.00013554345,6.77717250002e-05,7736.08757927,0.00241849600053
2,7,bsend,b->a,internode,524288,100,0.00014113564,7.05678200001e-05,7429.56208651,0.0023031180001
2,7,ssend,a->b,internode,524288,100,7.02671899995e-05,3.51335949998e-05,14922.6972077,0.00430265
2,7,ssend,b->a,internode,524288,100,6.93467999997e-05,3.46733999999e-05,15120.7553918,0.00311065699992
2,7,send,a->b,internode,1048576,100,0.00011257376,5.628688e-05,18629.1370209,0.00613552400029
2,7,send,b->a,internode,1048576,100,0.0001146591,5.73295500001e-05,18290.3232277,0.00512185599973
2,7,isend,a->b,internode,1048576,100,0.00011071608,5.535804e-05,18941.7110866,2.14599996866e-05
2,7,isend,b->a,internode,1048576,100,0.00011135412,5.56770599999e-05,18833.1783324,2.14610003013e-05
2,7,bsend,a->b,internode,1048576,100,0.00026095247,0.000130476235,8036.52864447,0.004621568
2,7,bsend,b->a,internode,1048576,100,0.00026049034,0.00013024517,8050.78606753,0.00465528699982
2,7,ssend,a->b,internode,1048576,100,0.00011386024,5.69301199999e-05,18418.6507951,0.00649740699998
2,7,ssend,b->a,internode,1048576,100,0.00011368614,5.684307e-05,18446.8572862,0.00527715299972
2,7,send,a->b,internode,2097152,100,0.00019971019,9.98550949998e-05,21001.9528799,0.0106324039999
2,7,send,b->a,internode,2097152,100,0.000198291,9.91455000002e-05,21152.2661139,0.00949309199979
2,7,isend,a->b,internode,2097152,100,0.00019711558,9.85577900002e-05,21278.3992011,2.19859998083e-05
2,7,isend,b->a,internode,2097152,100,0.00019633599,9.81679949999e-05,21362.8891983,2.17619998466e-05
2,7,bsend,a->b,internode,2097152,100,0.00049355437,0.000246777185,8498.15998996,0.00918334400012
2,7,bsend,b->a,internode,2097152,100,0.0004910029,0.00024550145,8542.32021847,0.00921794499999
2,7,ssend,a->b,internode,2097152,100,0.00020094526,0.00010047263,20872.8685613,0.0109111909999
2,7,ssend,b->a,internode,2097152,100,0.00019956973,9.97848649999e-05,21016.7343515,0.00958314299982
2,7,send,a->b,internode,4194304,100,0.00036917725,0.000184588625,22722.4402371,0.0190142579997
2,7,send,b->a,internode,4194304,100,0.00037037027,0.000185185135,22649.2477379,0.0181948119999
2,7,isend,a->b,internode,4194304,100,0.000366093,0.0001830465,22913.8716119,2.16220002471e-05
2,7,isend,b->a,internode,4194304,100,0.00036581522,0.00018290761,22931.2711483,2.12519999536e-05
2,7,bsend,a->b,internode,4194304,100,0.00095802124,0.00047901062,8756.18164792,0.0184471430004
2,7,bsend,b->a,internode,4194304,100,0.00097325689,0.000486628445,8619.10980152,0.0184594699996
2,7,ssend,a->b,internode,4194304,100,0.00037081771,0.000185408855,22621.9184623,0.0192649559999
2,7,ssend,b->a,internode,4194304,100,0.00036920495,0.000184602475,22720.7354614,0.0182494850001
2,7,send,a->b,internode,8388608,100,0.00073416691,0.000367083455,22852.0460014,0.0382570970004
2,7,send,b->a,internode,8388608,100,0.0007174298,0.0003587149,23385.1674408,0.0356946159998
2,7,isend,a->b,internode,8388608,100,0.00071008488,0.00035504244,23627.0570921,2.16839998757e-05
2,7,isend,b->a,internode,8388608,100,0.00070986324,0.00035493162,23634.4341482,2.13060000078e-05
2,7,bsend,a->b,internode,8388608,100,0.00191744951,0.000958724755,8749.75633648,0.0374595920002
2,7,bsend,b->a,internode,8388608,100,0.0019124274,0.0009562137,8772.73354272,0.0375007249997
2,7,ssend,a->b,internode,8388608,100,0.00071755118,0.00035877559,23381.2116371,0.0366900479999
2,7,ssend,b->a,internode,8388608,100,0.00071941918,0.00035970959,23320.5014078,0.0357001050002
2,7,send,a->b,internode,16777216,100,0.00141885112,0.00070942556,23649.015409,0.0717575379996
2,7,send,b->a,internode,16777216,100,0.00142235938,0.00071117969,23590.6849365,0.070647698
2,7,isend,a->b,internode,16777216,100,0.00141336974,0.00070668487,23740.7318484,2.15880003793e-05
2,7,isend,b->a,internode,16777216,100,0.00141395152,0.00070697576,23730.9635623,2.13440003449e-05
2,7,bsend,a->b,internode,16777216,100,0.00327329133,0.001636645665,10250.9763468,0.0776531070001
2,7,bsend,b->a,internode,16777216,100,0.0032980659,0.00164903295,10173.9725698,0.077588548
2,7,ssend,a->b,internode,16777216,100,0.00141996095,0.000709980475,23630.5315298,0.0719004880002
2,7,ssend,b->a,internode,16777216,100,0.00142066206,0.00071033103,23618.8696417,0.0706760440002
2,7,send,a->b,internode,33554432,100,0.00282403889,0.001412019445,23763.4347875,0.142187416
2,7,send,b->a,internode,33554432,100,0.00282416054,0.00141208027,23762.4111836,0.140596079
2,7,isend,a->b,internode,33554432,100,0.00282276052,0.00141138026,23774.1967569,2.25340000952e-05
2,7,isend,b->a,internode,33554432,100,0.00282395595,0.001411977975,23764.1327231,2.26319996273e-05
2,7,bsend,a->b,internode,33554432,100,0.00623522923,0.003117614615,10762.8543434,0.162054349
2,7,bsend,b->a,internode,33554432,100,0.00624763954,0.00312381977,10741.4750115,0.158211473
2,7,ssend,a->b,internode,33554432,100,0.00282665312,0.00141332656,23741.457176,0.142476644
2,7,ssend,b->a,internode,33554432,100,0.00282448185,0.001412240925,23759.7079974,0.14063883
3,4,send,a->b,internode,1,100,4.54927000021e-06,2.27463500011e-06,0.43963097374,2.15460002551e-05
3,4,send,b->a,internode,1,100,4.47414000007e-06,2.23707000004e-06,0.447013280758,2.26969999062e-05
3,4,isend,a->b,internode,1,100,4.5177100003e-06,2.25885500015e-06,0.442702165448,2.21239999973e-05
3,4,isend,b->a,internode,1,100,4.49508000031e-06,2.24754000016e-06,0.4449309022,2.37489998085e-05
3,4,bsend,a->b,internode,1,100,4.65007000003e-06,2.32503500001e-06,0.43010105224,3.27869993839e-05
3,4,bsend,b->a,internode,1,100,4.66622000033e-06,2.33311000017e-06,0.428612452876,3.34539999471e-05
3,4,ssend,a->b,internode,1,100,8.04701999982e-06,4.02350999991e-06,0.248539210794,0.00057286400056
3,4,ssend,b->a,internode,1,100,8.11166999995e-06,4.05583499997e-06,0.246558353584,0.000580858000035
3,4,send,a->b,internode,2,100,4.45058000025e-06,2.22529000013e-06,0.898759262787,2.15929999285e-05
3,4,send,b->a,internode,2,100,4.45409999998e-06,2.22704999999e-06,0.898048988577,2.31579997489e-05
3,4,isend,a->b,internode,2,100,4.49858000025e-06,2.24929000012e-06,0.889169471207,2.30119999287e-05
3,4,isend,b->a,internode,2,100,4.47995999991e-06,2.23997999996e-06,0.892865114885,2.31830001098e-05
3,4,bsend,a->b,internode,2,100,4.7108800004e-06,2.3554400002e-06,0.849098257578,3.31510000251e-05
3,4,bsend,b->a,internode,2,100,4.8639900001e-06,2.43199500005e-06,0.822370111763,3.34950001957e-05
3,4,ssend,a->b,internode,2,100,8.54527999991e-06,4.27263999995e-06,0.468094667471,0.000626271999806
3,4,ssend,b->a,internode,2,100,8.52946999998e-06,4.26473499999e-06,0.468962315362,0.00062432499999
3,4,send,a->b,internode,4,100,4.94122999953e-06,2.47061499977e-06,1.61903007971,2.20429999445e-05
3,4,send,b->a,internode,4,100,4.95487000023e-06,2.47743500012e-06,1.61457313706,2.28450000463e-05
3,4,isend,a->b,internode,4,100,4.98219999997e-06,2.49109999999e-06,1.60571635022,2.21199996417e-05
3,4,isend,b->a,internode,4,100,4.89476000041e-06,2.44738000021e-06,1.63440086936,2.32269999856e-05
3,4,bsend,a->b,internode,4,100,5.09041999976e-06,2.54520999988e-06,1.5715795554,3.34700004601e-05
3,4,bsend,b->a,internode,4,100,4.96859000009e-06,2.48429500004e-06,1.61011474077,3.42369997952e-05
3,4,ssend,a->b,internode,4,100,8.41973999968e-06,4.20986999984e-06,0.950148104372,0.000613138000062
3,4,ssend,b->a,internode,4,100,8.41324999953e-06,4.20662499977e-06,0.950881050776,0.000612489999924
3,4,send,a->b,internode,8,100,4.86137999985e-06,2.43068999993e-06,3.29124651858,2.19690001018e-05
3,4,send,b->a,internode,8,100,4.95687000011e-06,2.47843500006e-06,3.2278433769,2.39380003109e-05
3,4,isend,a->b,internode,8,100,4.94693999997e-06,2.47346999998e-06,3.23432263179,2.30740001825e-05
3,4,isend,b->a,internode,8,100,4.9777199996e-06,2.4888599998e-06,3.21432302365,2.43039995098e-05
3,4,bsend,a->b,internode,8,100,5.08881999963e-06,2.54440999981e-06,3.14414736642,3.31940001956e-05
3,4,bsend,b->a,internode,8,100,5.11657999994e-06,2.55828999997e-06,3.12708879763,3.39980003901e-05
3,4,ssend,a->b,internode,8,100,8.39348e-06,4.19674e-06,1.90624151127,0.000609653999902
3,4,ssend,b->a,internode,8,100,8.37528000034e-06,4.18764000017e-06,1.91038389157,0.000606438000148
3,4,send,a->b,internode,16,100,4.83562999989e-06,2.41781499994e-06,6.61754518041,2.21950000991e-05
3,4,send,b->a,internode,16,100,4.84535999988e-06,2.42267999994e-06,6.60425644345,2.35599999883e-05
3,4,isend,a->b,internode,16,100,4.86788999979e-06,2.43394499989e-06,6.57369003848,2.23919998916e-05
3,4,isend,b->a,internode,16,100,4.91188000012e-06,2.45594000006e-06,6.51481713706,2.50809997056e-05
3,4,bsend,a->b,internode,16,100,5.11615999983e-06,2.55807999991e-06,6.25469101847,3.31679997316e-05
3,4,bsend,b->a,internode,16,100,5.16136999977e-06,2.58068499988e-06,6.19990428926,3.42800001363e-05
3,4,ssend,a->b,internode,16,100,8.48024999982e-06,4.24012499991e-06,3.77347365946,0.000618617999862
3,4,ssend,b->a,internode,16,100,8.45904000016e-06,4.22952000008e-06,3.78293517933,0.000614757999813
3,4,send,a->b,internode,32,100,4.99013000024e-06,2.49506500012e-06,12.8253171755,2.20809997131e-05
3,4,send,b->a,internode,32,100,4.99574999992e-06,2.49787499996e-06,12.8108892561,2.44680002197e-05
3,4,isend,a->b,internode,32,100,4.97259000042e-06,2.48629500021e-06,12.870556389,2.23759998903e-05
3,4,isend,b->a,internode,32,100,5.06568999981e-06,2.53284499991e-06,12.6340143203,2.54800003177e-05
3,4,bsend,a->b,internode,32,100,5.26794999985e-06,2.63397499992e-06,12.1489383919,3.38169999736e-05
3,4,bsend,b->a,internode,32,100,5.26616999991e-06,2.63308499996e-06,12.1530448127,3.462400025e-05
3,4,ssend,a->b,internode,32,100,8.67471999982e-06,4.33735999991e-06,7.37775974341,0.00063605199955
3,4,ssend,b->a,internode,32,100,8.52897000016e-06,4.26448500008e-06,7.50383692273,0.000622732999886
3,4,send,a->b,internode,64,100,4.86518000002e-06,2.43259000001e-06,26.3094068461,2.41890000439e-05
3,4,send,b->a,internode,64,100,4.83563999978e-06,2.41781999989e-06,26.4701259824,2.53269999462e-05
3,4,isend,a->b,internode,64,100,4.79745000007e-06,2.39872500003e-06,26.680840863,2.43880000994e-05
3,4,isend,b->a,internode,64,100,4.94545000038e-06,2.47272500019e-06,25.8823767281,2.50609996328e-05
3,4,bsend,a->b,internode,64,100,4.98241000003e-06,2.49120500001e-06,25.6903787523,3.41300000741e-05
3,4,bsend,b->a,internode,64,100,4.84615999994e-06,2.42307999997e-06,26.4126648731,3.62870002846e-05
3,4,ssend,a->b,internode,64,100,8.15451999983e-06,4.07725999992e-06,15.6968159993,0.000581484999657
3,4,ssend,b->a,internode,64,100,8.11236999994e-06,4.05618499997e-06,15.778373028,0.000578548999783
3,4,send,a->b,internode,128,100,5.52685000002e-06,2.76342500001e-06,46.3193319882,2.258700016e-05
3,4,send,b->a,internode,128,100,5.53357999991e-06,2.76678999995e-06,46.2629979153,2.51189997016e-05
3,4,isend,a->b,internode,128,100,5.52745999983e-06,2.76372999991e-06,46.3142202762,2.26690001455e-05
3,4,isend,b->a,internode,128,100,5.58487999967e-06,2.79243999984e-06,45.8380484478,2.57689999899e-05
3,4,bsend,a->b,internode,128,100,5.75319999996e-06,2.87659999998e-06,44.4969755965,3.44359999076e-05
3,4,bsend,b->a,internode,128,100,5.76023000008e-06,2.88011500004e-06,44.4426698233,3.53909997557e-05
3,4,ssend,a->b,internode,128,100,8.13318999974e-06,4.06659499987e-06,31.4759645364,0.000576644000205
3,4,ssend,b->a,internode,128,100,8.15165000006e-06,4.07582500003e-06,31.4046849409,0.000578100999803
3,4,send,a->b,internode,256,100,5.71842999989e-06,2.85921499994e-06,89.5350646961,0.000371426000413
3,4,send,b->a,internode,256,100,5.70731999971e-06,2.85365999986e-06,89.7093557091,0.000366770999904
3,4,isend,a->b,internode,256,100,5.65670000015e-06,2.82835000007e-06,90.5121360487,2.00269998913e-05
3,4,isend,b->a,internode,256,100,5.70030999995e-06,2.85015499998e-06,89.8196764745,2.11410003885e-05
3,4,bsend,a->b,internode,256,100,6.04145000011e-06,3.02072500006e-06,84.7478668185,4.18399998807e-05
3,4,bsend,b->a,internode,256,100,6.0675200001e-06,3.03376000005e-06,84.3837350337,4.40359994514e-05
3,4,ssend,a->b,internode,256,100,8.07417000033e-06,4.03708500016e-06,63.4120906519,0.000578034000341
3,4,ssend,b->a,internode,256,100,8.09984e-06,4.04992e-06,63.211125158,0.0005778700002
3,4,send,a->b,internode,512,100,6.09113999985e-06,3.04556999993e-06,168.113029749,0.000401863999969
3,4,send,b->a,internode,512,100,6.2983700002e-06,3.1491850001e-06,162.581747336,0.000419262999742
3,4,isend,a->b,internode,512,100,6.14785999971e-06,3.07392999986e-06,166.562023216,2.00250004241e-05
3,4,isend,b->a,internode,512,100,6.19196000002e-06,3.09598000001e-06,165.375745321,2.11580000951e-05
3,4,bsend,a->b,internode,512,100,6.64932000007e-06,3.32466000003e-06,154.000709846,4.47980003173e-05
3,4,bsend,b->a,internode,512,100,6.64293e-06,3.321465e-06,154.14884697,4.22679994472e-05
3,4,ssend,a->b,internode,512,100,8.71208999968e-06,4.35604499984e-06,117.537812401,0.000629293000031
3,4,ssend,b->a,internode,512,100,8.68136999998e-06,4.34068499999e-06,117.953733109,0.000627298999916
3,4,send,a->b,internode,1024,100,6.36166999982e-06,3.18083499991e-06,321.928047204,0.000421273999848
3,4,send,b->a,internode,1024,100,6.43763000028e-06,3.21881500014e-06,318.129497954,0.000427309000088
3,4,isend,a->b,internode,1024,100,6.33921999963e-06,3.16960999982e-06,323.068137739,1.98709999495e-05
3,4,isend,b->a,internode,1024,100,6.26971000031e-06,3.13485500016e-06,326.649876932,2.14460001189e-05
3,4,bsend,a->b,internode,1024,100,6.71013999977e-06,3.35506999988e-06,305.209727378,4.76709996633e-05
3,4,bsend,b->a,internode,1024,100,6.71467000018e-06,3.35733500009e-06,305.003819986,4.24519997182e-05
3,4,ssend,a->b,internode,1024,100,8.63614999957e-06,4.31807499979e-06,237.142708279,0.000619497999367
3,4,ssend,b->a,internode,1024,100,8.66594000001e-06,4.33297000001e-06,236.32750746,0.000623429999791
3,4,send,a->b,internode,2048,100,6.56475999961e-06,3.2823799998e-06,623.937508796,0.000433395999778
3,4,send,b->a,internode,2048,100,6.57999999987e-06,3.28999999994e-06,622.492401228,0.000435027999799
3,4,isend,a->b,internode,2048,100,6.62256999988e-06,3.31128499994e-06,618.491008789,1.99140005748e-05
3,4,isend,b->a,internode,2048,100,6.71116000035e-06,3.35558000017e-06,610.326679708,2.1514000025e-05
3,4,bsend,a->b,internode,2048,100,7.31250000001e-06,3.65625000001e-06,560.136752136,5.23650002151e-05
3,4,bsend,b->a,internode,2048,100,7.37593999986e-06,3.68796999993e-06,555.31905087,5.10789999453e-05
3,4,ssend,a->b,internode,2048,100,9.13572000002e-06,4.56786000001e-06,448.349993213,0.000651121999795
3,4,ssend,b->a,internode,2048,100,9.09557e-06,4.547785e-06,450.329116262,0.000648841999862
3,4,send,a->b,internode,4096,100,7.11241000033e-06,3.55620500017e-06,1151.78961837,0.000464716000067
3,4,send,b->a,internode,4096,100,7.17085000019e-06,3.5854250001e-06,1142.40292291,0.000462508999362
3,4,isend,a->b,internode,4096,100,7.01451999987e-06,3.50725999994e-06,1167.86323229,1.99300002919e-05
3,4,isend,b->a,internode,4096,100,7.02746999991e-06,3.51373499996e-06,1165.71113076,2.16029999933e-05
3,4,bsend,a->b,internode,4096,100,7.90053000003e-06,3.95026500001e-06,1036.89246164,6.37479997749e-05
3,4,bsend,b->a,internode,4096,100,7.94133999989e-06,3.97066999994e-06,1031.56394262,6.11099999333e-05
3,4,ssend,a->b,internode,4096,100,9.38388999998e-06,4.69194499999e-06,872.985510275,0.000667732000409
3,4,ssend,b->a,internode,4096,100,9.12202000052e-06,4.56101000026e-06,898.046704517,0.000639525000111
3,4,send,a->b,internode,8192,100,7.39174999978e-06,3.69587499989e-06,2216.52518016,0.000460083000121
3,4,send,b->a,internode,8192,100,7.38166000019e-06,3.6908300001e-06,2219.554951,0.000443408999558
3,4,isend,a->b,internode,8192,100,7.27012000027e-06,3.63506000014e-06,2253.60791835,1.98010001782e-05
3,4,isend,b->a,internode,8192,100,7.27204999976e-06,3.63602499988e-06,2253.00981161,2.14120003079e-05
3,4,bsend,a->b,internode,8192,100,8.69387000023e-06,4.34693500011e-06,1884.5462377,8.9534999745e-05
3,4,bsend,b->a,internode,8192,100,8.72644999959e-06,4.36322499979e-06,1877.51032789,9.07530003929e-05
3,4,ssend,a->b,internode,8192,100,9.7069200001e-06,4.85346000005e-06,1687.86803639,0.000660078999942
3,4,ssend,b->a,internode,8192,100,9.67608999986e-06,4.83804499993e-06,1693.24592891,0.000657220000221
3,4,send,a->b,internode,16384,100,8.58084000015e-06,4.29042000007e-06,3818.74035636,0.00051960899998
3,4,send,b->a,internode,16384,100,8.64309000008e-06,4.32154500004e-06,3791.23669888,0.0005031649996
3,4,isend,a->b,internode,16384,100,8.56150999994e-06,4.28075499997e-06,3827.36222936,1.98580003143e-05
3,4,isend,b->a,internode,16384,100,8.56333999991e-06,4.28166999995e-06,3826.54431569,2.17820005446e-05
3,4,bsend,a->b,internode,16384,100,1.06917200003e-05,5.34586000015e-06,3064.80154728,0.000131995000061
3,4,bsend,b->a,internode,16384,100,1.068804e-05,5.34402e-06,3065.85678946,0.000133043999767
3,4,ssend,a->b,internode,16384,100,1.16202099997e-05,5.81010499985e-06,2819.91461435,0.000776263000034
3,4,ssend,b->a,internode,16384,100,1.17122199998e-05,5.85610999991e-06,2797.76165411,0.000768240999662
3,4,send,a->b,internode,32768,100,1.81933800002e-05,9.09669000009e-06,3602.18936774,0.000965702000144
3,4,send,b->a,internode,32768,100,1.83515399999e-05,9.17576999996e-06,3571.14443803,0.000966180000319
3,4,isend,a->b,internode,32768,100,1.836201e-05,9.18100500002e-06,3569.10817497,2.13870001744e-05
3,4,isend,b->a,internode,32768,100,1.83687800001e-05,9.18439000003e-06,3567.79274398,2.25500002671e-05
3,4,bsend,a->b,internode,32768,100,2.16376199995e-05,1.08188099998e-05,3028.79891603,0.000189126999601
3,4,bsend,b->a,internode,32768,100,2.11415399997e-05,1.05707699998e-05,3099.86878917,0.000182178999978
3,4,ssend,a->b,internode,32768,100,2.067426e-05,1.033713e-05,3169.9320798,0.00116900100005
3,4,ssend,b->a,internode,32768,100,2.08317300002e-05,1.04158650001e-05,3145.97011383,0.00131802300007
3,4,send,a->b,internode,65536,100,2.2353e-05,1.11765e-05,5863.73193756,0.00111913900025
3,4,send,b->a,internode,65536,100,2.255897e-05,1.1279485e-05,5810.19434842,0.00111081299997
3,4,isend,a->b,internode,65536,100,2.145848e-05,1.072924e-05,6108.16795971,2.17950000092e-05
3,4,isend,b->a,internode,65536,100,2.14636499999e-05,1.07318249999e-05,6106.69667092,2.24189998335e-05
3,4,bsend,a->b,internode,65536,100,2.85985400001e-05,1.429927e-05,4583.171029,0.000304840000297
3,4,bsend,b->a,internode,65536,100,2.87137600003e-05,1.43568800002e-05,4564.78009145,0.000318631999676
3,4,ssend,a->b,internode,65536,100,2.45122699999e-05,1.2256135e-05,5347.19958618,0.00119219300018
3,4,ssend,b->a,internode,65536,100,2.466083e-05,1.2330415e-05,5314.98737066,0.0015913499999
3,4,send,a->b,internode,131072,100,2.96314299999e-05,1.48157149999e-05,8846.82244499,0.00142698299999
3,4,send,b->a,internode,131072,100,2.92327700004e-05,1.46163850002e-05,8967.47041066,0.00142872800018
3,4,isend,a->b,internode,131072,100,2.94033899996e-05,1.47016949998e-05,8915.43458095,2.13600000052e-05
3,4,isend,b->a,internode,131072,100,2.891815e-05,1.4459075e-05,9065.0335516,2.26390000648e-05
3,4,bsend,a->b,internode,131072,100,4.36146999999e-05,2.180735e-05,6010.45060497,0.000569507999899
3,4,bsend,b->a,internode,131072,100,4.34520200002e-05,2.17260100001e-05,6032.9531285,0.000588790999871
3,4,ssend,a->b,internode,131072,100,3.09599000002e-05,1.54799500001e-05,8467.21081135,0.00148940899987
3,4,ssend,b->a,internode,131072,100,3.20151300002e-05,1.60075650001e-05,8188.12855041,0.00209057199993
3,4,send,a->b,internode,262144,100,4.430453e-05,2.2152265e-05,11833.7334805,0.00184555399954
3,4,send,b->a,internode,262144,100,4.35419999997e-05,2.17709999998e-05,12040.9719352,0.00218506200019
3,4,isend,a->b,internode,262144,100,4.28820799999e-05,2.144104e-05,12226.2726062,2.14220000885e-05
3,4,isend,b->a,internode,262144,100,4.282762e-05,2.141381e-05,12241.8196482,2.20829999193e-05
3,4,bsend,a->b,internode,262144,100,7.338791e-05,3.6693955e-05,7144.06501017,0.00114588299971
3,4,bsend,b->a,internode,262144,100,7.21616800001e-05,3.60808400001e-05,7265.46277746,0.00117920200051
3,4,ssend,a->b,internode,262144,100,4.512852e-05,2.256426e-05,11617.6643949,0.00203339000024
3,4,ssend,b->a,internode,262144,100,4.57860300003e-05,2.28930150001e-05,11450.8289973,0.00293892699978
3,4,send,a->b,internode,524288,100,6.81527100005e-05,3.40763550003e-05,15385.6831224,0.00298963500001
3,4,send,b->a,internode,524288,100,6.816345e-05,3.4081725e-05,15383.2589166,0.00363565899994
3,4,isend,a->b,internode,524288,100,6.83048100001e-05,3.4152405e-05,15351.4225426,2.16840001599e-05
3,4,isend,b->a,internode,524288,100,6.636808e-05,3.318404e-05,15799.4023633,2.25870002737e-05
3,4,bsend,a->b,internode,524288,100,0.00013626164,6.81308200001e-05,7695.31322241,0.00226810099991
3,4,bsend,b->a,internode,524288,100,0.00013007704,6.50385200001e-05,8061.19204433,0.00232739199993
3,4,ssend,a->b,internode,524288,100,6.93064399997e-05,3.46532199998e-05,15129.5608317,0.00322336399984
3,4,ssend,b->a,internode,524288,100,6.98111399998e-05,3.49055699999e-05,15020.1815928,0.00425240200019
3,4,send,a->b,internode,1048576,100,0.00011312602,5.65630100002e-05,18538.1930699,0.00517932400015
3,4,send,b->a,internode,1048576,100,0.00011314764,5.65738199998e-05,18534.6508333,0.00613038800049
3,4,isend,a->b,internode,1048576,100,0.00011272385,5.63619249999e-05,18604.3326235,2.15500001559e-05
3,4,isend,b->a,internode,1048576,100,0.0001131304,5.65652e-05,18537.4753382,2.18879999352e-05
3,4,bsend,a->b,internode,1048576,100,0.00025212404,0.00012606202,8317.93747236,0.00463584700009
3,4,bsend,b->a,internode,1048576,100,0.00025087795,0.000125438975,8359.2519789,0.00468963199955
3,4,ssend,a->b,internode,1048576,100,0.00011500576,5.750288e-05,18235.1910026,0.00528335599978
3,4,ssend,b->a,internode,1048576,100,0.00011467189,5.73359449999e-05,18288.2832053,0.00655259600006
3,4,send,a->b,internode,2097152,100,0.00020067504,0.00010033752,20900.9750291,0.00954514599988
3,4,send,b->a,internode,2097152,100,0.00019996603,9.99830150002e-05,20975.0826177,0.0105933060003
3,4,isend,a->b,internode,2097152,100,0.00019749271,9.87463549998e-05,21237.766194,2.16190000515e-05
3,4,isend,b->a,internode,2097152,100,0.00019759494,9.87974699999e-05,21226.7783781,2.22659999167e-05
3,4,bsend,a->b,internode,2097152,100,0.00047779958,0.00023889979,8778.37523424,0.00917163699995
3,4,bsend,b->a,internode,2097152,100,0.00047957047,0.000239785235,8745.9596918,0.00932958099975
3,4,ssend,a->b,internode,2097152,100,0.00020000445,0.000100002225,20971.0533941,0.00966771600008
3,4,ssend,b->a,internode,2097152,100,0.0002006788,0.0001003394,20900.5834199,0.0108677330001
3,4,send,a->b,internode,4194304,100,0.00037054718,0.00018527359,22638.4343284,0.018224289
3,4,send,b->a,internode,4194304,100,0.0003702413,0.00018512065,22657.1373858,0.0190931720001
3,4,isend,a->b,internode,4194304,100,0.00036675607,0.000183378035,22872.4448923,2.16299998215e-05
3,4,isend,b->a,internode,4194304,100,0.00036699463,0.000183497315,22857.5769624,2.26130003966e-05
3,4,bsend,a->b,internode,4194304,100,0.00092961087,0.000464805435,9023.78432817,0.0183210619995
3,4,bsend,b->a,internode,4194304,100,0.00092130696,0.00046065348,9105.11736501,0.0186593009999
3,4,ssend,a->b,internode,4194304,100,0.00037006255,0.000185031275,22668.0813825,0.0182916940002
3,4,ssend,b->a,internode,4194304,100,0.00037059309,0.000185296545,22635.6298225,0.0192283580004
3,4,send,a->b,internode,8388608,100,0.00071936698,0.00035968349,23322.193632,0.0357195189997
3,4,send,b->a,internode,8388608,100,0.0007166077,0.00035830385,23411.9951544,0.0365046359998
3,4,isend,a->b,internode,8388608,100,0.00071252388,0.00035626194,23546.1806557,2.20070000978e-05
3,4,isend,b->a,internode,8388608,100,0.0007111757,0.00035558785,23590.8172903,2.2481999963e-05
3,4,bsend,a->b,internode,8388608,100,0.00184916875,0.000924584375,9072.84205403,0.0372762610002
3,4,bsend,b->a,internode,8388608,100,0.0018538377,0.00092691885,9049.99180888,0.0380117999997
3,4,ssend,a->b,internode,8388608,100,0.00071873325,0.000359366625,23342.757553,0.0357484760001
3,4,ssend,b->a,internode,8388608,100,0.00071893759,0.000359468795,23336.1229589,0.0368116990001
3,4,send,a->b,internode,16777216,100,0.0014209684,0.0007104842,23613.7777589,0.0707196939996
3,4,send,b->a,internode,16777216,100,0.001421936,0.000710968,23597.7090389,0.0720063229996
3,4,isend,a->b,internode,16777216,100,0.00141338698,0.00070669349,23740.4422673,2.15770004388e-05
3,4,isend,b->a,internode,16777216,100,0.00141656944,0.00070828472,23687.1070719,2.30780003108e-05
3,4,bsend,a->b,internode,16777216,100,0.00323652874,0.00161826437,10367.4135766,0.077770195
3,4,bsend,b->a,internode,16777216,100,0.00323984691,0.001619923455,10356.7955314,0.0776233050001
3,4,ssend,a->b,internode,16777216,100,0.00143879206,0.00071939603,23321.2518562,0.072421372
3,4,ssend,b->a,internode,16777216,100,0.00142187198,0.00071093599,23598.7715293,0.0720637960006
3,4,send,a->b,internode,33554432,100,0.00282585139,0.001412925695,23748.1929296,0.140689604
3,4,send,b->a,internode,33554432,100,0.00282817368,0.00141408684,23728.6926452,0.142492707
3,4,isend,a->b,internode,33554432,100,0.0028251897,0.00141259485,23753.7550133,2.21280000119e-05
3,4,isend,b->a,internode,33554432,100,0.00282205788,0.00141102894,23780.1160903,2.30560000887e-05
3,4,bsend,a->b,internode,33554432,100,0.00620796103,0.003103980515,10810.129715,0.160143893
3,4,bsend,b->a,internode,33554432,100,0.00620348905,0.003101744525,10817.9225367,0.157633091
3,4,ssend,a->b,internode,33554432,100,0.00282943339,0.001414716695,23718.1282433,0.140727758
3,4,ssend,b->a,internode,33554432,100,0.0028275085,0.00141375425,23734.2748925,0.142496496
3,5,send,a->b,internode,1,100,4.457e-06,2.2285e-06,0.448732331164,2.27439998639e-05
3,5,send,b->a,internode,1,100,4.69405999979e-06,2.3470299999e-06,0.42607039537,2.1899000501e-05
3,5,isend,a->b,internode,1,100,5.03079999987e-06,2.51539999994e-06,0.397551085325,2.22649999841e-05
3,5,isend,b->a,internode,1,100,5.04203999981e-06,2.5210199999e-06,0.396664842024,2.37750000451e-05
3,5,bsend,a->b,internode,1,100,5.18950000014e-06,2.59475000007e-06,0.385393583186,3.22930001175e-05
3,5,bsend,b->a,internode,1,100,5.13170999966e-06,2.56585499983e-06,0.389733636572,3.2939999528e-05
3,5,ssend,a->b,internode,1,100,8.43515999975e-06,4.21757999987e-06,0.237102793552,0.000618239000175
3,5,ssend,b->a,internode,1,100,8.39512000027e-06,4.19756000014e-06,0.238233640488,0.000614118000158
3,5,send,a->b,internode,2,100,4.86677999959e-06,2.43338999979e-06,0.821898668183,2.16609998347e-05
3,5,send,b->a,internode,2,100,4.85317000027e-06,2.42658500014e-06,0.824203561749,2.17719997977e-05
3,5,isend,a->b,internode,2,100,4.89503999972e-06,2.44751999986e-06,0.817153690312,2.32829999049e-05
3,5,isend,b->a,internode,2,100,4.9095899999e-06,2.45479499995e-06,0.814731983747,2.27900000027e-05
3,5,bsend,a->b,internode,2,100,5.11535999976e-06,2.55767999988e-06,0.781958650063,3.33869999167e-05
3,5,bsend,b->a,internode,2,100,5.13280999996e-06,2.56640499998e-06,0.779300227366,3.25430001453e-05
3,5,ssend,a->b,internode,2,100,8.37414999978e-06,4.18707499989e-06,0.477660419279,0.000611184000206
3,5,ssend,b->a,internode,2,100,8.41917000002e-06,4.20958500001e-06,0.475106215932,0.000615184000026
3,5,send,a->b,internode,4,100,4.87630000009e-06,2.43815000005e-06,1.64058815082,2.12490002127e-05
3,5,send,b->a,internode,4,100,4.86308999996e-06,2.43154499998e-06,1.64504461157,2.10960000686e-05
3,5,isend,a->b,internode,4,100,4.87951000025e-06,2.43975500013e-06,1.63950888503,2.2381000008e-05
3,5,isend,b->a,internode,4,100,4.80718999995e-06,2.40359499998e-06,1.6641738729,2.25590000014e-05
3,5,bsend,a->b,internode,4,100,4.88813000004e-06,2.44406500002e-06,1.63661768405,3.34739996219e-05
3,5,bsend,b->a,internode,4,100,4.83643999985e-06,2.41821999992e-06,1.65410922088,3.32949999233e-05
3,5,ssend,a->b,internode,4,100,8.31753999989e-06,4.15876999995e-06,0.961822846671,0.0006032
3,5,ssend,b->a,internode,4,100,8.36765999964e-06,4.18382999982e-06,0.956061790315,0.000609848999773
3,5,send,a->b,internode,8,100,4.80196000012e-06,2.40098000006e-06,3.3319727777,2.12669997381e-05
3,5,send,b->a,internode,8,100,4.94303999972e-06,2.47151999986e-06,3.23687447419,2.32450001931e-05
3,5,isend,a->b,internode,8,100,5.00144e-06,2.50072e-06,3.19907866534,2.30599999327e-05
3,5,isend,b->a,internode,8,100,5.02320999999e-06,2.511605e-06,3.18521423552,2.25759998784e-05
3,5,bsend,a->b,internode,8,100,5.18990999979e-06,2.59495499989e-06,3.08290509867,3.23809998122e-05
3,5,bsend,b->a,internode,8,100,5.24353000003e-06,2.62176500001e-06,3.05137950959,3.20030000012e-05
3,5,ssend,a->b,internode,8,100,8.51630999989e-06,4.25815499995e-06,1.87874795542,0.000622210999552
3,5,ssend,b->a,internode,8,100,8.34280999982e-06,4.17140499991e-06,1.91781905621,0.000608041000476
3,5,send,a->b,internode,16,100,4.83522000025e-06,2.41761000012e-06,6.61810631127,2.14109999774e-05
3,5,send,b->a,internode,16,100,4.92460999965e-06,2.46230499982e-06,6.49797648997,2.21150000357e-05
3,5,isend,a->b,internode,16,100,4.91486999977e-06,2.45743499988e-06,6.51085379705,2.23430001824e-05
3,5,isend,b->a,internode,16,100,4.8930600002e-06,2.4465300001e-06,6.53987484288,2.2877999811e-05
3,5,bsend,a->b,internode,16,100,5.10923999968e-06,2.55461999984e-06,6.26316242768,3.33069998533e-05
3,5,bsend,b->a,internode,16,100,5.09204000025e-06,2.54602000012e-06,6.28431826899,3.32220001837e-05
3,5,ssend,a->b,internode,16,100,8.5367500003e-06,4.26837500015e-06,3.74849913596,0.000624087999995
3,5,ssend,b->a,internode,16,100,8.2705799997e-06,4.13528999985e-06,3.86913614295,0.000598828000079
3,5,send,a->b,internode,32,100,4.74373999964e-06,2.37186999982e-06,13.4914645417,2.2566000041e-05
3,5,send,b->a,internode,32,100,4.57994999977e-06,2.28997499988e-06,13.9739516814,2.17230003159e-05
3,5,isend,a->b,internode,32,100,4.51078999959e-06,2.25539499979e-06,14.1882020679,2.27989997938e-05
3,5,isend,b->a,internode,32,100,4.50951000005e-06,2.25475500002e-06,14.1922293108,2.2447999811e-05
3,5,bsend,a->b,internode,32,100,4.69464999981e-06,2.3473249999e-06,13.6325391675,3.44570005382e-05
3,5,bsend,b->a,internode,32,100,4.76530000014e-06,2.38265000007e-06,13.4304241072,3.39489998282e-05
3,5,ssend,a->b,internode,32,100,8.06292999982e-06,4.03146499991e-06,7.9375611597,0.000575099000287
3,5,ssend,b->a,internode,32,100,8.09041999958e-06,4.04520999979e-06,7.91059055072,0.000578725999901
3,5,send,a->b,internode,64,100,4.47873999974e-06,2.23936999987e-06,28.5794665481,2.4066999913e-05
3,5,send,b->a,internode,64,100,4.45640000009e-06,2.22820000005e-06,28.72273584,2.28730000345e-05
3,5,isend,a->b,internode,64,100,4.51080000005e-06,2.25540000002e-06,28.3763412252,2.35429999975e-05
3,5,isend,b->a,internode,64,100,4.53405999963e-06,2.26702999981e-06,28.2307688938,2.38000001787e-05
3,5,bsend,a->b,internode,64,100,4.69023999983e-06,2.34511999992e-06,27.2907143354,3.54520000201e-05
3,5,bsend,b->a,internode,64,100,4.69426999985e-06,2.34713499992e-06,27.2672854361,3.50620004497e-05
3,5,ssend,a->b,internode,64,100,8.09580000009e-06,4.04790000005e-06,15.8106672594,0.000575693999906
3,5,ssend,b->a,internode,64,100,8.10285e-06,4.051425e-06,15.7969109634,0.000578136000058
3,5,send,a->b,internode,128,100,5.48656999968e-06,2.74328499984e-06,46.6593882909,2.19840001137e-05
3,5,send,b->a,internode,128,100,5.49932000013e-06,2.74966000006e-06,46.5512099667,2.2596000008e-05
3,5,isend,a->b,internode,128,100,5.52654999979e-06,2.76327499989e-06,46.3218463616,2.27329998097e-05
3,5,isend,b->a,internode,128,100,5.52606999975e-06,2.76303499987e-06,46.3258699242,2.33599997728e-05
3,5,bsend,a->b,internode,128,100,5.78905999987e-06,2.89452999994e-06,44.221341635,3.5757000262e-05
3,5,bsend,b->a,internode,128,100,5.75550999997e-06,2.87775499999e-06,44.4791165338,3.57559998179e-05
3,5,ssend,a->b,internode,128,100,8.1048200002e-06,4.0524100001e-06,31.5861425662,0.000576750000164
3,5,ssend,b->a,internode,128,100,8.35504000008e-06,4.17752000004e-06,30.6401884369,0.000604119999878
3,5,send,a->b,internode,256,100,6.26667999995e-06,3.13333999998e-06,81.7019538262,0.000417669999877
3,5,send,b->a,internode,256,100,6.21960999979e-06,3.10980499989e-06,82.3202741036,0.000416107999968
3,5,isend,a->b,internode,256,100,6.09064000002e-06,3.04532000001e-06,84.0634153386,1.98499999442e-05
3,5,isend,b->a,internode,256,100,6.05118999999e-06,3.025595e-06,84.6114565896,1.97029998503e-05
3,5,bsend,a->b,internode,256,100,6.53419000002e-06,3.26709500001e-06,78.3570725672,4.20520001398e-05
3,5,bsend,b->a,internode,256,100,6.45787999986e-06,3.22893999993e-06,79.2829845106,4.16289999521e-05
3,5,ssend,a->b,internode,256,100,8.76289000018e-06,4.38144500009e-06,58.428212609,0.00063831700038
3,5,ssend,b->a,internode,256,100,8.80701000028e-06,4.40350500014e-06,58.1355079628,0.000642539000239
3,5,send,a->b,internode,512,100,6.39091999972e-06,3.19545999986e-06,160.227322521,0.000433593999901
3,5,send,b->a,internode,512,100,6.37971999993e-06,3.18985999996e-06,160.508611665,0.000426176999781
3,5,isend,a->b,internode,512,100,6.20965999985e-06,3.10482999993e-06,164.904358697,2.16679997038e-05
3,5,isend,b->a,internode,512,100,6.16971999989e-06,3.08485999994e-06,165.97187555,1.95959997882e-05
3,5,bsend,a->b,internode,512,100,6.60252000046e-06,3.30126000023e-06,155.092298082,4.51439998983e-05
3,5,bsend,b->a,internode,512,100,6.54394000037e-06,3.27197000018e-06,156.48065232,4.43950000317e-05
3,5,ssend,a->b,internode,512,100,8.48685999983e-06,4.24342999992e-06,120.657109935,0.000613511999575
3,5,ssend,b->a,internode,512,100,8.51463999993e-06,4.25731999997e-06,120.263452126,0.000612902000285
3,5,send,a->b,internode,1024,100,6.34342000012e-06,3.17171000006e-06,322.854233199,0.000416089999817
3,5,send,b->a,internode,1024,100,6.35446999979e-06,3.1772349999e-06,322.292811213,0.000419927999758
3,5,isend,a->b,internode,1024,100,6.32479000046e-06,3.16239500023e-06,323.805217225,1.97349999098e-05
3,5,isend,b->a,internode,1024,100,6.28894999977e-06,3.14447499989e-06,325.65054581,1.97410000169e-05
3,5,bsend,a->b,internode,1024,100,6.7822699998e-06,3.3911349999e-06,301.963796791,4.60979998707e-05
3,5,bsend,b->a,internode,1024,100,6.65224999977e-06,3.32612499989e-06,307.865759716,4.43540002379e-05
3,5,ssend,a->b,internode,1024,100,8.77850999984e-06,4.38925499992e-06,233.296994597,0.000633679000089
3,5,ssend,b->a,internode,1024,100,8.85029000017e-06,4.42514500008e-06,231.404846616,0.000637835000191
3,5,send,a->b,internode,2048,100,6.70812999999e-06,3.354065e-06,610.602358631,0.000444036999795
3,5,send,b->a,internode,2048,100,6.68039999994e-06,3.34019999997e-06,613.136937914,0.000442963999888
3,5,isend,a->b,internode,2048,100,6.68848999965e-06,3.34424499982e-06,612.39532394,1.98009997234e-05
3,5,isend,b->a,internode,2048,100,6.73221e-06,3.366105e-06,608.418335138,1.97679999019e-05
3,5,bsend,a->b,internode,2048,100,7.24334999973e-06,3.62167499986e-06,565.484202773,5.33800003382e-05
3,5,bsend,b->a,internode,2048,100,7.18226999993e-06,3.59113499997e-06,570.293235988,5.12080004569e-05
3,5,ssend,a->b,internode,2048,100,8.92700000009e-06,4.46350000004e-06,458.83275456,0.000635326000122
3,5,ssend,b->a,internode,2048,100,8.80080000002e-06,4.40040000001e-06,465.41223525,0.000622071000009
3,5,send,a->b,internode,4096,100,6.7665399996e-06,3.3832699998e-06,1210.66305682,0.000425356999813
3,5,send,b->a,internode,4096,100,6.65556000001e-06,3.32778000001e-06,1230.85059709,0.000416788999814
3,5,isend,a->b,internode,4096,100,6.5174599996e-06,3.2587299998e-06,1256.93138132,1.98399998794e-05
3,5,isend,b->a,internode,4096,100,6.51328000004e-06,3.25664000002e-06,1257.73803674,1.97090004121e-05
3,5,bsend,a->b,internode,4096,100,7.43502999967e-06,3.71751499983e-06,1101.81129066,6.25070002229e-05
3,5,bsend,b->a,internode,4096,100,7.4745400002e-06,3.7372700001e-06,1095.98717778,6.31890000022e-05
3,5,ssend,a->b,internode,4096,100,8.87019000004e-06,4.43509500002e-06,923.542787693,0.000617749999947
3,5,ssend,b->a,internode,4096,100,8.80520999999e-06,4.402605e-06,930.358276521,0.000612224000008
3,5,send,a->b,internode,8192,100,7.24335999962e-06,3.62167999981e-06,2261.93368835,0.000440039999887
3,5,send,b->a,internode,8192,100,7.27384999948e-06,3.63692499974e-06,2252.45227784,0.000440994999451
3,5,isend,a->b,internode,8192,100,7.29054999965e-06,3.64527499983e-06,2247.29272836,1.97720001438e-05
3,5,isend,b->a,internode,8192,100,7.2759599999e-06,3.63797999995e-06,2251.79907534,2.00030000315e-05
3,5,bsend,a->b,internode,8192,100,8.65248000025e-06,4.32624000013e-06,1893.56115235,8.8293999795e-05
3,5,bsend,b->a,internode,8192,100,8.72133999962e-06,4.36066999981e-06,1878.61039711,8.67579999522e-05
3,5,ssend,a->b,internode,8192,100,9.75540000013e-06,4.87770000007e-06,1679.4800828,0.000665673000015
3,5,ssend,b->a,internode,8192,100,9.77508000005e-06,4.88754000003e-06,1676.09881453,0.000660995000032
3,5,send,a->b,internode,16384,100,8.7548700003e-06,4.37743500015e-06,3742.83113271,0.000527747000319
3,5,send,b->a,internode,16384,100,8.93394999991e-06,4.46697499996e-06,3667.80651339,0.000531848000037
3,5,isend,a->b,internode,16384,100,9.49909999974e-06,4.74954999987e-06,3449.58996125,1.96040001015e-05
3,5,isend,b->a,internode,16384,100,9.52489999975e-06,4.76244999987e-06,3440.24609191,1.99170001451e-05
3,5,bsend,a->b,internode,16384,100,1.15120800001e-05,5.75604000005e-06,2846.40134534,0.000130844000068
3,5,bsend,b->a,internode,16384,100,1.15409900002e-05,5.77049500009e-06,2839.27115434,0.000136948000033
3,5,ssend,a->b,internode,16384,100,1.19900100003e-05,5.99500500016e-06,2732.94184068,0.000803516999952
3,5,ssend,b->a,internode,16384,100,1.186512e-05,5.93256000002e-06,2761.70826759,0.000790378999966
3,5,send,a->b,internode,32768,100,1.99578600001e-05,9.97893000005e-06,3283.71879549,0.000965139999551
3,5,send,b->a,internode,32768,100,1.97898300001e-05,9.89491500007e-06,3311.59994803,0.000941961999899
3,5,isend,a->b,internode,32768,100,1.93912599997e-05,9.69562999984e-06,3379.66692216,2.12389994658e-05
3,5,isend,b->a,internode,32768,100,1.97079700001e-05,9.85398500006e-06,3325.35517355,2.16059997911e-05
3,5,bsend,a->b,internode,32768,100,2.31639399999e-05,1.158197e-05,2829.22508003,0.000186895000127
3,5,bsend,b->a,internode,32768,100,2.26998400001e-05,1.134992e-05,2887.06880752,0.000185125999565
3,5,ssend,a->b,internode,32768,100,2.152067e-05,1.0760335e-05,3045.2583493,0.00127389199986
3,5,ssend,b->a,internode,32768,100,2.18609199999e-05,1.09304599999e-05,2997.86102325,0.00128990900021
3,5,send,a->b,internode,65536,100,2.49155199998e-05,1.24577599999e-05,5260.65681154,0.00102629900005
3,5,send,b->a,internode,65536,100,2.563662e-05,1.281831e-05,5112.68646179,0.00100692400019
3,5,isend,a->b,internode,65536,100,2.59015099999e-05,1.2950755e-05,5060.39995353,2.14370000435e-05
3,5,isend,b->a,internode,65536,100,2.49816500002e-05,1.24908250001e-05,5246.73110059,2.11490000197e-05
3,5,bsend,a->b,internode,65536,100,3.18798400002e-05,1.59399200001e-05,4111.43845136,0.00030475300008
3,5,bsend,b->a,internode,65536,100,3.13486499999e-05,1.5674325e-05,4181.10508747,0.000305002999937
3,5,ssend,a->b,internode,65536,100,2.73250699996e-05,1.36625349998e-05,4796.76721786,0.00159481799972
3,5,ssend,b->a,internode,65536,100,2.758137e-05,1.3790685e-05,4752.19323768,0.001550576
3,5,send,a->b,internode,131072,100,3.36851200001e-05,1.684256e-05,7782.18988085,0.00138025500007
3,5,send,b->a,internode,131072,100,3.42863100002e-05,1.71431550001e-05,7645.733822,0.00141788399947
3,5,isend,a->b,internode,131072,100,3.27979100001e-05,1.63989550001e-05,7992.70441315,2.14249997157e-05
3,5,isend,b->a,internode,131072,100,3.47882e-05,1.73941e-05,7535.42867984,2.15669998624e-05
3,5,bsend,a->b,internode,131072,100,5.23292399998e-05,2.61646199999e-05,5009.51284599,0.000570560999734
3,5,bsend,b->a,internode,131072,100,5.14288300002e-05,2.57144150001e-05,5097.21881674,0.000577416000112
3,5,ssend,a->b,internode,131072,100,3.67908000004e-05,1.83954000002e-05,7125.25957569,0.00205792799977
3,5,ssend,b->a,internode,131072,100,3.63558199996e-05,1.81779099998e-05,7210.50989919,0.00199774299978
3,5,send,a->b,internode,262144,100,5.08521e-05,2.542605e-05,10310.0560252,0.00218765000005
3,5,send,b->a,internode,262144,100,5.04835099997e-05,2.52417549999e-05,10385.3317648,0.00204137500026
3,5,isend,a->b,internode,262144,100,5.169282e-05,2.584641e-05,10142.3756723,2.15149996166e-05
3,5,isend,b->a,internode,262144,100,5.10873799999e-05,2.55436899999e-05,10262.5736532,2.11939999986e-05
3,5,bsend,a->b,internode,262144,100,9.35373499999e-05,4.6768675e-05,5605.11923847,0.00114706700009
3,5,bsend,b->a,internode,262144,100,8.81989500004e-05,4.40994750002e-05,5944.37915641,0.00116778099999
3,5,ssend,a->b,internode,262144,100,5.38106000005e-05,2.69053000002e-05,9743.21044544,0.00296370500007
3,5,ssend,b->a,internode,262144,100,5.48689800002e-05,2.74344900001e-05,9555.27148488,0.00282822800017
3,5,send,a->b,internode,524288,100,7.977063e-05,3.9885315e-05,13144.8880371,0.00374774300019
3,5,send,b->a,internode,524288,100,7.794585e-05,3.8972925e-05,13452.6212749,0.00358609300037
3,5,isend,a->b,internode,524288,100,7.86987599997e-05,3.93493799999e-05,13323.9202245,2.13090002035e-05
3,5,isend,b->a,internode,524288,100,7.90950699997e-05,3.95475349998e-05,13257.1600228,2.14519996575e-05
3,5,bsend,a->b,internode,524288,100,0.00016849419,8.42470949999e-05,6223.21754834,0.00226116599953
3,5,bsend,b->a,internode,524288,100,0.00016546459,8.27322950002e-05,6337.16253126,0.0023530699998
3,5,ssend,a->b,internode,524288,100,8.19908099999e-05,4.09954049999e-05,12788.9454928,0.00444523699986
3,5,ssend,b->a,internode,524288,100,8.154961e-05,4.0774805e-05,12858.1362927,0.00431198800015
3,5,send,a->b,internode,1048576,100,0.00012468237,6.2341185e-05,16819.9561814,0.00610814299989
3,5,send,b->a,internode,1048576,100,0.00012577743,6.2888715e-05,16673.5160672,0.00608687900007
3,5,isend,a->b,internode,1048576,100,0.00012560285,6.2801425e-05,16696.6911977,2.17309997765e-05
3,5,isend,b->a,internode,1048576,100,0.00012525442,6.26272100001e-05,16743.1376872,2.16139997633e-05
3,5,bsend,a->b,internode,1048576,100,0.000314569499999,0.00015728475,6666.73660353,0.00462802800007
3,5,bsend,b->a,internode,1048576,100,0.00031537073,0.000157685365,6649.79911103,0.00472074899994
3,5,ssend,a->b,internode,1048576,100,0.00012897866,6.448933e-05,16259.682028,0.00657228099993
3,5,ssend,b->a,internode,1048576,100,0.00012825352,6.412676e-05,16351.6135854,0.00652296300001
3,5,send,a->b,internode,2097152,100,0.00020923301,0.000104616505,20046.0911976,0.0103748099996
3,5,send,b->a,internode,2097152,100,0.00021141815,0.000105709075,19838.9021945,0.0103493650004
3,5,isend,a->b,internode,2097152,100,0.00020981974,0.00010490987,19990.035256,2.14070000766e-05
3,5,isend,b->a,internode,2097152,100,0.00021181721,0.000105908605,19801.5260422,2.15750002894e-05
3,5,bsend,a->b,internode,2097152,100,0.00060462368,0.00030231184,6937.04884334,0.00918384900018
3,5,bsend,b->a,internode,2097152,100,0.00060721271,0.000303606355,6907.47069507,0.00931575299984
3,5,ssend,a->b,internode,2097152,100,0.00021437682,0.00010718841,19565.1003686,0.0110712599997
3,5,ssend,b->a,internode,2097152,100,0.0002130585,0.00010652925,19686.1613125,0.0108074529999
3,5,send,a->b,internode,4194304,100,0.00037719269,0.000188596345,22239.5826388,0.0188618979999
3,5,send,b->a,internode,4194304,100,0.00037546971,0.000187734855,22341.6370924,0.0188036130002
3,5,isend,a->b,internode,4194304,100,0.00037607543,0.000188037715,22305.6528846,2.16659998387e-05
3,5,isend,b->a,internode,4194304,100,0.00037460804,0.00018730402,22393.0271224,2.16920000753e-05
3,5,bsend,a->b,internode,4194304,100,0.00116210791,0.000581053955,7218.4415301,0.018311484
3,5,bsend,b->a,internode,4194304,100,0.00115407785,0.000577038925,7268.6673607,0.0185879639998
3,5,ssend,a->b,internode,4194304,100,0.00038144548,0.00019072274,21991.6303635,0.019402658
3,5,ssend,b->a,internode,4194304,100,0.00038023551,0.000190117755,22061.6112367,0.0190665339999
3,5,send,a->b,internode,8388608,100,0.0007304248,0.0003652124,22969.1215304,0.0367629899997
3,5,send,b->a,internode,8388608,100,0.00072909861,0.000364549305,23010.9010906,0.0364110400002
3,5,isend,a->b,internode,8388608,100,0.00072310489,0.000361552445,23201.635381,2.14720003555e-05
3,5,isend,b->a,internode,8388608,100,0.00072591497,0.000362957485,23111.819832,2.14140002299e-05
3,5,bsend,a->b,internode,8388608,100,0.00231156582,0.00115578291,7257.94431413,0.0374332350002
3,5,bsend,b->a,internode,8388608,100,0.00231202016,0.00115601008,7256.51804005,0.0376962370002
3,5,ssend,a->b,internode,8388608,100,0.0007340062,0.0003670031,22857.0494364,0.037252245
3,5,ssend,b->a,internode,8388608,100,0.0007296081,0.00036480405,22994.8324313,0.0365887840001
3,5,send,a->b,internode,16777216,100,0.00143327758,0.00071663879,23410.9794699,0.072069811
3,5,send,b->a,internode,16777216,100,0.00143522637,0.000717613185,23379.1913954,0.0718508049998
3,5,isend,a->b,internode,16777216,100,0.00142915763,0.000714578815,23478.4682219,2.16050001427e-05
3,5,isend,b->a,internode,16777216,100,0.00143605768,0.00071802884,23365.6575689,2.14839998876e-05
3,5,bsend,a->b,internode,16777216,100,0.00351951086,0.00175975543,9533.83391464,0.0775462099998
3,5,bsend,b->a,internode,16777216,100,0.00354385719,0.001771928595,9468.33639196,0.0774251540001
3,5,ssend,a->b,internode,16777216,100,0.0014340683,0.00071703415,23398.0710682,0.0723166740001
3,5,ssend,b->a,internode,16777216,100,0.00143623211,0.000718116055,23362.8198161,0.0717683179997
3,5,send,a->b,internode,33554432,100,0.00285209067,0.001426045335,23529.709173,0.143249
3,5,send,b->a,internode,33554432,100,0.0028520514,0.0014260257,23530.0331544,0.14214912
3,5,isend,a->b,internode,33554432,100,0.00285003361,0.001425016805,23546.6921388,2.15700001718e-05
3,5,isend,b->a,internode,33554432,100,0.00284749841,0.001423749205,23567.6563556,2.17430001044e-05
3,5,bsend,a->b,internode,33554432,100,0.00646424477,0.003232122385,10381.5474797,0.160432244
3,5,bsend,b->a,internode,33554432,100,0.00644201295,0.003221006475,10417.3748983,0.157508169
3,5,ssend,a->b,internode,33554432,100,0.00285218395,0.001426091975,23528.9396394,0.143049785
3,5,ssend,b->a,internode,33554432,100,0.00285382101,0.001426910505,23515.442547,0.142628703
3,6,send,a->b,internode,1,100,4.4620999995e-06,2.23104999975e-06,0.448219448292,2.08510001016e-05
3,6,send,b->a,internode,1,100,4.49864000018e-06,2.24932000009e-06,0.444578806021,2.17250000674e-05
3,6,isend,a->b,internode,1,100,4.51840999972e-06,2.25920499986e-06,0.442633581309,2.28240001547e-05
3,6,isend,b->a,internode,1,100,4.50444999956e-06,2.25222499978e-06,0.444005372509,2.15600000502e-05
3,6,bsend,a->b,internode,1,100,4.69033999991e-06,2.34516999996e-06,0.426408320087,3.50139997067e-05
3,6,bsend,b->a,internode,1,100,4.68969999986e-06,2.34484999993e-06,0.42646651173,3.17049999126e-05
3,6,ssend,a->b,internode,1,100,8.07415999986e-06,4.03707999993e-06,0.247703785909,0.000579094000329
3,6,ssend,b->a,internode,1,100,8.10898999987e-06,4.05449499993e-06,0.246639840477,0.000579084000037
3,6,send,a->b,internode,2,100,4.4680100001e-06,2.23400500005e-06,0.895253143998,2.07200000091e-05
3,6,send,b->a,internode,2,100,4.46286999988e-06,2.23143499994e-06,0.896284229678,2.18929999392e-05
3,6,isend,a->b,internode,2,100,4.51028999976e-06,2.25514499988e-06,0.886860933602,2.20690000106e-05
3,6,isend,b->a,internode,2,100,4.49983999999e-06,2.24992e-06,0.888920494952,2.24400002367e-05
3,6,bsend,a->b,internode,2,100,4.69694999992e-06,2.34847499996e-06,0.851616474534,3.35120001864e-05
3,6,bsend,b->a,internode,2,100,4.69911999971e-06,2.34955999986e-06,0.851223207801,3.25089995385e-05
3,6,ssend,a->b,internode,2,100,8.11884000029e-06,4.05942000015e-06,0.492681220452,0.000581076999765
3,6,ssend,b->a,internode,2,100,8.10709000007e-06,4.05354500003e-06,0.493395287331,0.000579388999711
3,6,send,a->b,internode,4,100,4.4637100001e-06,2.23185500005e-06,1.79223112609,2.09110003198e-05
3,6,send,b->a,internode,4,100,4.47730000019e-06,2.23865000009e-06,1.78679114637,2.10299999708e-05
3,6,isend,a->b,internode,4,100,4.5062800001e-06,2.25314000005e-06,1.77530024761,2.19589999233e-05
3,6,isend,b->a,internode,4,100,4.56525999994e-06,2.28262999997e-06,1.752364597,2.18150000819e-05
3,6,bsend,a->b,internode,4,100,4.76789000004e-06,2.38394500002e-06,1.67789105871,3.34079998083e-05
3,6,bsend,b->a,internode,4,100,4.73768999996e-06,2.36884499998e-06,1.6885866319,3.34089997978e-05
3,6,ssend,a->b,internode,4,100,8.11274e-06,4.05637e-06,0.986103338699,0.000581777000207
3,6,ssend,b->a,internode,4,100,8.14625999965e-06,4.07312999982e-06,0.982045748644,0.000586644999942
3,6,send,a->b,internode,8,100,4.53012999969e-06,2.26506499985e-06,3.53190747309,2.15660000435e-05
3,6,send,b->a,internode,8,100,4.55394000028e-06,2.27697000014e-06,3.51344110792,2.1418999836e-05
3,6,isend,a->b,internode,8,100,4.58073000004e-06,2.29036500002e-06,3.49289305413,2.21740002075e-05
3,6,isend,b->a,internode,8,100,4.57848999986e-06,2.28924499993e-06,3.49460193219,2.26100002578e-05
3,6,bsend,a->b,internode,8,100,4.73141999976e-06,2.36570999988e-06,3.38164863843,3.30590000317e-05
3,6,bsend,b->a,internode,8,100,4.79510000048e-06,2.39755000024e-06,3.336739588,3.32719995981e-05
3,6,ssend,a->b,internode,8,100,8.10812999987e-06,4.05406499993e-06,1.97332800538,0.000582046000147
3,6,ssend,b->a,internode,8,100,8.13864999998e-06,4.06932499999e-06,1.96592801018,0.000583481000206
3,6,send,a->b,internode,16,100,4.53123e-06,2.265615e-06,7.06210013617,2.2653999963e-05
3,6,send,b->a,internode,16,100,4.51606999945e-06,2.25803499973e-06,7.08580690819,2.21210004838e-05
3,6,isend,a->b,internode,16,100,4.55288000012e-06,2.27644000006e-06,7.02851821246,2.29700000887e-05
3,6,isend,b->a,internode,16,100,4.5349100003e-06,2.26745500015e-06,7.05636936518,2.2783999782e-05
3,6,bsend,a->b,internode,16,100,4.73491999969e-06,2.36745999985e-06,6.75829792311,3.3507000353e-05
3,6,bsend,b->a,internode,16,100,4.74711000038e-06,2.37355500019e-06,6.74094343662,3.40710003002e-05
3,6,ssend,a->b,internode,16,100,8.18598000023e-06,4.09299000012e-06,3.9091226706,0.000589673999627
3,6,ssend,b->a,internode,16,100,8.14816000002e-06,4.07408000001e-06,3.92726701488,0.000581835999981
3,6,send,a->b,internode,32,100,4.54715999979e-06,2.27357999989e-06,14.074719166,2.27760000939e-05
3,6,send,b->a,internode,32,100,4.71524999966e-06,2.35762499983e-06,13.5729812851,2.28209999591e-05
3,6,isend,a->b,internode,32,100,4.52602999985e-06,2.26301499993e-06,14.1404277042,2.2485000045e-05
3,6,isend,b->a,internode,32,100,4.53099000026e-06,2.26549500013e-06,14.12494841,2.24869996828e-05
3,6,bsend,a->b,internode,32,100,4.79753999969e-06,2.39876999984e-06,13.3401701714,3.31670004243e-05
3,6,bsend,b->a,internode,32,100,4.76655e-06,2.383275e-06,13.426902057,3.41299999604e-05
3,6,ssend,a->b,internode,32,100,8.13669000024e-06,4.06834500012e-06,7.86560628439,0.000583762000019
3,6,ssend,b->a,internode,32,100,8.14646000038e-06,4.07323000019e-06,7.85617311041,0.000584692999951
3,6,send,a->b,internode,64,100,4.59284999977e-06,2.29642499988e-06,27.8694057081,2.32149997146e-05
3,6,send,b->a,internode,64,100,4.56516999975e-06,2.28258499988e-06,28.0383863048,2.41620002157e-05
3,6,isend,a->b,internode,64,100,4.60167000028e-06,2.30083500014e-06,27.8159885416,2.51360003176e-05
3,6,isend,b->a,internode,64,100,4.61906999988e-06,2.30953499994e-06,27.7112059361,2.45779998522e-05
3,6,bsend,a->b,internode,64,100,4.82278999982e-06,2.41139499991e-06,26.5406538549,3.48120002513e-05
3,6,bsend,b->a,internode,64,100,4.78226999974e-06,2.39113499987e-06,26.7655318514,3.43760002579e-05
3,6,ssend,a->b,internode,64,100,8.21683000026e-06,4.10841500013e-06,15.577783646,0.000588915000094
3,6,ssend,b->a,internode,64,100,8.23222000008e-06,4.11611000004e-06,15.5486612358,0.000589203000061
3,6,send,a->b,internode,128,100,5.70529000015e-06,2.85264500008e-06,44.8706376001,2.33210000715e-05
3,6,send,b->a,internode,128,100,5.62677999994e-06,2.81338999997e-06,45.4967139292,2.34849997014e-05
3,6,isend,a->b,internode,128,100,5.63134999993e-06,2.81567499997e-06,45.4597920575,2.34980001323e-05
3,6,isend,b->a,internode,128,100,5.59481999971e-06,2.79740999986e-06,45.7566105814,2.40540003915e-05
3,6,bsend,a->b,internode,128,100,5.80629000012e-06,2.90314500006e-06,44.0901160629,3.49580001853e-05
3,6,bsend,b->a,internode,128,100,5.78637999979e-06,2.8931899999e-06,44.2418230412,3.50580004351e-05
3,6,ssend,a->b,internode,128,100,8.09489999995e-06,4.04744999997e-06,31.6248502145,0.000572501999784
3,6,ssend,b->a,internode,128,100,8.19906000004e-06,4.09953000002e-06,31.2230914274,0.000581324000223
3,6,send,a->b,internode,256,100,5.66441999979e-06,2.83220999989e-06,90.3887776717,0.000371217000009
3,6,send,b->a,internode,256,100,5.6749700002e-06,2.8374850001e-06,90.2207412518,0.00036758799979
3,6,isend,a->b,internode,256,100,5.66372000037e-06,2.83186000019e-06,90.3999491441,1.9874999964e-05
3,6,isend,b->a,internode,256,100,5.67217000025e-06,2.83608500013e-06,90.2652776587,2.00169997697e-05
3,6,bsend,a->b,internode,256,100,6.04795000015e-06,3.02397500008e-06,84.6567845282,4.14679996084e-05
3,6,bsend,b->a,internode,256,100,6.03135000006e-06,3.01567500003e-06,84.88978421,4.07269999982e-05
3,6,ssend,a->b,internode,256,100,8.04630999994e-06,4.02315499997e-06,63.6316522734,0.000576876000196
3,6,ssend,b->a,internode,256,100,8.06459999978e-06,4.03229999989e-06,63.4873397334,0.000577779999901
3,6,send,a->b,internode,512,100,5.75289000039e-06,2.8764450002e-06,177.997493422,0.000375768999731
3,6,send,b->a,internode,512,100,5.76634000026e-06,2.88317000013e-06,177.582313903,0.000374609000005
3,6,isend,a->b,internode,512,100,5.74988000039e-06,2.8749400002e-06,178.090673184,2.00480005219e-05
3,6,isend,b->a,internode,512,100,5.76113999955e-06,2.88056999977e-06,177.742599569,1.98329998398e-05
3,6,bsend,a->b,internode,512,100,6.19753999956e-06,3.09876999978e-06,165.226848084,4.45949995651e-05
3,6,bsend,b->a,internode,512,100,6.19296000025e-06,3.09648000012e-06,165.349041486,4.41550000119e-05
3,6,ssend,a->b,internode,512,100,8.15401000011e-06,4.07700500006e-06,125.582382164,0.000584905999915
3,6,ssend,b->a,internode,512,100,8.18654e-06,4.09327e-06,125.083368554,0.000584374000255
3,6,send,a->b,internode,1024,100,5.98222999997e-06,2.99111499999e-06,342.347251779,0.00038836900012
3,6,send,b->a,internode,1024,100,5.98916999991e-06,2.99458499995e-06,341.950554089,0.000383800000009
3,6,isend,a->b,internode,1024,100,5.98203000038e-06,2.99101500019e-06,342.358697611,1.97619996243e-05
3,6,isend,b->a,internode,1024,100,6.01712000048e-06,3.00856000024e-06,340.362166591,1.97959997195e-05
3,6,bsend,a->b,internode,1024,100,6.40503999989e-06,3.20251999995e-06,319.748198299,4.58640000147e-05
3,6,bsend,b->a,internode,1024,100,6.38632000005e-06,3.19316000002e-06,320.685465179,4.29159998134e-05
3,6,ssend,a->b,internode,1024,100,8.34838999992e-06,4.17419499996e-06,245.316761677,0.000595189000137
3,6,ssend,b->a,internode,1024,100,8.43560999954e-06,4.21780499977e-06,242.780308728,0.000602676000199
3,6,send,a->b,internode,2048,100,6.26097000008e-06,3.13048500004e-06,654.211727567,0.000405090999834
3,6,send,b->a,internode,2048,100,6.23283000039e-06,3.11641500019e-06,657.165364649,0.00039924399988
3,6,isend,a->b,internode,2048,100,6.23189999999e-06,3.11594999999e-06,657.263434909,1.99819999125e-05
3,6,isend,b->a,internode,2048,100,6.23824000002e-06,3.11912000001e-06,656.595449997,1.96969997432e-05
3,6,bsend,a->b,internode,2048,100,6.88716999946e-06,3.44358499973e-06,594.729039696,5.24960001371e-05
3,6,bsend,b->a,internode,2048,100,6.87395e-06,3.436975e-06,595.872824213,5.31220005655e-05
3,6,ssend,a->b,internode,2048,100,8.5964699997e-06,4.29823499985e-06,476.474646005,0.000606329999698
3,6,ssend,b->a,internode,2048,100,8.58488999995e-06,4.29244499998e-06,477.117353865,0.000604224000256
3,6,send,a->b,internode,4096,100,6.48470000044e-06,3.24235000022e-06,1263.28126196,0.000407433000248
3,6,send,b->a,internode,4096,100,6.65572999992e-06,3.32786499996e-06,1230.81915884,0.000420966000206
3,6,isend,a->b,internode,4096,100,6.64409999956e-06,3.32204999978e-06,1232.97361577,1.97300000764e-05
3,6,isend,b->a,internode,4096,100,6.59681999991e-06,3.29840999996e-06,1241.81044808,1.99539998107e-05
3,6,bsend,a->b,internode,4096,100,7.56768000031e-06,3.78384000015e-06,1082.49820284,6.33499995502e-05
3,6,bsend,b->a,internode,4096,100,7.52927999997e-06,3.76463999999e-06,1088.01904034,6.4488999783e-05
3,6,ssend,a->b,internode,4096,100,8.87329000022e-06,4.43664500011e-06,923.220135913,0.000623722
3,6,ssend,b->a,internode,4096,100,8.90410000011e-06,4.45205000005e-06,920.02560617,0.000617197999759
3,6,send,a->b,internode,8192,100,7.3162000001e-06,3.65810000005e-06,2239.41390336,0.000452967000001
3,6,send,b->a,internode,8192,100,7.37990999994e-06,3.68995499997e-06,2220.08127472,0.000449555999637
3,6,isend,a->b,internode,8192,100,7.57729999975e-06,3.78864999988e-06,2162.24776643,1.98640003646e-05
3,6,isend,b->a,internode,8192,100,7.56355000021e-06,3.78177500011e-06,2166.1785801,1.95769999323e-05
3,6,bsend,a->b,internode,8192,100,8.83682999984e-06,4.41841499992e-06,1854.05852555,8.80060003396e-05
3,6,bsend,b->a,internode,8192,100,8.72565999998e-06,4.36282999999e-06,1877.68031301,8.87430002194e-05
3,6,ssend,a->b,internode,8192,100,9.65329999985e-06,4.82664999993e-06,1697.24342973,0.000659295000162
3,6,ssend,b->a,internode,8192,100,9.64220000014e-06,4.82110000007e-06,1699.1972786,0.00065276999976
3,6,send,a->b,internode,16384,100,8.47722999993e-06,4.23861499996e-06,3865.41358442,0.000514965999855
3,6,send,b->a,internode,16384,100,8.52047000024e-06,4.26023500012e-06,3845.79723878,0.000498785000048
3,6,isend,a->b,internode,16384,100,8.44226999959e-06,4.2211349998e-06,3881.4205186,1.96529999812e-05
3,6,isend,b->a,internode,16384,100,8.42349000038e-06,4.21174500019e-06,3890.07406651,1.96970002548e-05
3,6,bsend,a->b,internode,16384,100,1.061515e-05,5.30757500002e-06,3086.90880486,0.000132369000141
3,6,bsend,b->a,internode,16384,100,1.062897e-05,5.31448499999e-06,3082.89514413,0.000132525000026
3,6,ssend,a->b,internode,16384,100,1.09939800001e-05,5.49699000004e-06,2980.54025928,0.000735964999762
3,6,ssend,b->a,internode,16384,100,1.087584e-05,5.43792000002e-06,3012.91670343,0.000714533000121
3,6,send,a->b,internode,32768,100,1.79241399996e-05,8.96206999982e-06,3656.2981544,0.000866051000003
3,6,send,b->a,internode,32768,100,1.798694e-05,8.99347000001e-06,3643.53247411,0.000860142000249
3,6,isend,a->b,internode,32768,100,1.75191599999e-05,8.75957999995e-06,3740.81862375,2.15729998558e-05
3,6,isend,b->a,internode,32768,100,1.729141e-05,8.64570499999e-06,3790.08999266,2.12790001797e-05
3,6,bsend,a->b,internode,32768,100,2.09064900002e-05,1.04532450001e-05,3134.7203667,0.000180729000249
3,6,bsend,b->a,internode,32768,100,2.09321199998e-05,1.04660599999e-05,3130.88210849,0.000185123000165
3,6,ssend,a->b,internode,32768,100,1.985375e-05,9.92687500002e-06,3300.93810992,0.0010775680002
3,6,ssend,b->a,internode,32768,100,2.000447e-05,1.0002235e-05,3276.06779885,0.00129275199998
3,6,send,a->b,internode,65536,100,2.26944299999e-05,1.13472149999e-05,5775.51407992,0.0010445609999
3,6,send,b->a,internode,65536,100,2.20155800002e-05,1.10077900001e-05,5953.6019491,0.00104739099959
3,6,isend,a->b,internode,65536,100,2.18857700003e-05,1.09428850001e-05,5988.91425791,2.13179999378e-05
3,6,isend,b->a,internode,65536,100,2.19090800005e-05,1.09545400002e-05,5982.54239782,2.17589998783e-05
3,6,bsend,a->b,internode,65536,100,2.88473900002e-05,1.44236950001e-05,4543.63462341,0.000305567000453
3,6,bsend,b->a,internode,65536,100,2.87620899996e-05,1.43810449998e-05,4557.10972331,0.000279338999576
3,6,ssend,a->b,internode,65536,100,2.47412699997e-05,1.23706349999e-05,5297.70702965,0.00119377599981
3,6,ssend,b->a,internode,65536,100,2.49958400002e-05,1.24979200001e-05,5243.75256038,0.0016692850001
3,6,send,a->b,internode,131072,100,3.10852000001e-05,1.55426000001e-05,8433.08069432,0.00130118700025
3,6,send,b->a,internode,131072,100,3.05004800003e-05,1.52502400002e-05,8594.74998417,0.0013158770002
3,6,isend,a->b,internode,131072,100,2.90059899999e-05,1.45029949999e-05,9037.58154786,2.16470002101e-05
3,6,isend,b->a,internode,131072,100,2.90272900003e-05,1.45136450001e-05,9030.94984057,2.1472000185e-05
3,6,bsend,a->b,internode,131072,100,4.47199799999e-05,2.23599899999e-05,5861.89886491,0.000570249000305
3,6,bsend,b->a,internode,131072,100,4.33080900001e-05,2.1654045e-05,6053.00303014,0.000513084000488
3,6,ssend,a->b,internode,131072,100,3.19705099997e-05,1.59852549999e-05,8199.55640377,0.00147615900022
3,6,ssend,b->a,internode,131072,100,3.18433299998e-05,1.59216649999e-05,8232.30485008,0.00207374499985
3,6,send,a->b,internode,262144,100,4.582551e-05,2.2912755e-05,11440.9637776,0.00185263399982
3,6,send,b->a,internode,262144,100,4.62604900002e-05,2.31302450001e-05,11333.3862222,0.00238045300023
3,6,isend,a->b,internode,262144,100,4.35614499997e-05,2.17807249999e-05,12035.5956931,2.14319995848e-05
3,6,isend,b->a,internode,262144,100,4.18183700003e-05,2.09091850002e-05,12537.2653213,2.12049999959e-05
3,6,bsend,a->b,internode,262144,100,7.51107500002e-05,3.75553750001e-05,6980.1992391,0.00113893000002
3,6,bsend,b->a,internode,262144,100,7.67925399998e-05,3.83962699999e-05,6827.32984221,0.00111232799992
3,6,ssend,a->b,internode,262144,100,4.61669700002e-05,2.30834850001e-05,11356.3441568,0.00201418300009
3,6,ssend,b->a,internode,262144,100,4.72902500002e-05,2.36451250001e-05,11086.5981888,0.00308756000032
3,6,send,a->b,internode,524288,100,7.00835499998e-05,3.50417749999e-05,14961.7991669,0.00294251100019
3,6,send,b->a,internode,524288,100,6.86767299999e-05,3.43383649999e-05,15268.2866526,0.00372978699966
3,6,isend,a->b,internode,524288,100,6.96014300001e-05,3.48007150001e-05,15065.4375923,2.14049998704e-05
3,6,isend,b->a,internode,524288,100,6.77346399999e-05,3.386732e-05,15480.6462395,2.13840001493e-05
3,6,bsend,a->b,internode,524288,100,0.0001418149,7.090745e-05,7393.9762324,0.00225544699958
3,6,bsend,b->a,internode,524288,100,0.00013909027,6.95451349998e-05,7538.81633851,0.00233110999977
3,6,ssend,a->b,internode,524288,100,6.90611800002e-05,3.45305900001e-05,15183.291105,0.0031122000002
3,6,ssend,b->a,internode,524288,100,7.14315700003e-05,3.57157850001e-05,14679.4477567,0.00442287999977
3,6,send,a->b,internode,1048576,100,0.00011438904,5.71945199999e-05,18333.5046784,0.00512021099985
3,6,send,b->a,internode,1048576,100,0.000114055940001,5.70279700003e-05,18387.0476188,0.00629042099996
3,6,isend,a->b,internode,1048576,100,0.00011227716,5.613858e-05,18678.3491852,2.13759999497e-05
3,6,isend,b->a,internode,1048576,100,0.00011307508,5.65375400001e-05,18546.5444729,2.1413999832e-05
3,6,bsend,a->b,internode,1048576,100,0.00025826842,0.00012913421,8120.04812667,0.00462376899992
3,6,bsend,b->a,internode,1048576,100,0.0002618323,0.00013091615,8009.52365311,0.00463123600014
3,6,ssend,a->b,internode,1048576,100,0.00011692152,5.84607600001e-05,17936.4072584,0.00526584300007
3,6,ssend,b->a,internode,1048576,100,0.00011510694,5.75534700002e-05,18219.1621113,0.00663496800001
3,6,send,a->b,internode,2097152,100,0.00020151454,0.00010075727,20813.9025601,0.009487713
3,6,send,b->a,internode,2097152,100,0.00020099974,0.00010049987,20867.211072,0.0107578659999
3,6,isend,a->b,internode,2097152,100,0.00019962289,9.98114449999e-05,21011.1375504,2.150999984e-05
3,6,isend,b->a,internode,2097152,100,0.00019843899,9.92194950001e-05,21136.491372,2.1323999988e-05
3,6,bsend,a->b,internode,2097152,100,0.00050607265,0.000253036325,8287.94838053,0.00917473900017
3,6,bsend,b->a,internode,2097152,100,0.0005081778,0.0002540889,8253.61517169,0.00919416099998
3,6,ssend,a->b,internode,2097152,100,0.00020087931,0.000100439655,20879.7212615,0.00957557899994
3,6,ssend,b->a,internode,2097152,100,0.00020072823,0.000100364115,20895.4365811,0.0108887280004
3,6,send,a->b,internode,4194304,100,0.00037267679,0.000186338395,22509.0701248,0.0181765529997
3,6,send,b->a,internode,4194304,100,0.00037098904,0.00018549452,22611.4712176,0.019205411
3,6,isend,a->b,internode,4194304,100,0.0003684818,0.0001842409,22765.3251802,2.15729998558e-05
3,6,isend,b->a,internode,4194304,100,0.00036716187,0.000183580935,22847.165475,2.13429998439e-05
3,6,bsend,a->b,internode,4194304,100,0.00098174763,0.000490873815,8544.56659091,0.0183059430003
3,6,bsend,b->a,internode,4194304,100,0.00097518536,0.00048759268,8602.06514995,0.0183761900001
3,6,ssend,a->b,internode,4194304,100,0.00037316873,0.000186584365,22479.3969205,0.018244271
3,6,ssend,b->a,internode,4194304,100,0.00037199756,0.00018599878,22550.1694151,0.0193846279997
3,6,send,a->b,internode,8388608,100,0.0007251855,0.00036259275,23135.0681998,0.0356432469997
3,6,send,b->a,internode,8388608,100,0.00072081223,0.000360406115,23275.4319388,0.036926506
3,6,isend,a->b,internode,8388608,100,0.00071184831,0.000355924155,23568.5268397,2.16930000647e-05
3,6,isend,b->a,internode,8388608,100,0.00071148,0.00035574,23580.7274976,2.12820000911e-05
3,6,bsend,a->b,internode,8388608,100,0.00194785141,0.000973925705,8613.19087989,0.0373075999999
3,6,bsend,b->a,internode,8388608,100,0.00195272067,0.000976360335,8591.71322235,0.03748158
3,6,ssend,a->b,internode,8388608,100,0.00072246687,0.000361233435,23222.1250505,0.0356895160002
3,6,ssend,b->a,internode,8388608,100,0.00072203174,0.00036101587,23236.1197861,0.0371246370001
3,6,send,a->b,internode,16777216,100,0.00142638439,0.000713192195,23524.1161045,0.0706305049999
3,6,send,b->a,internode,16777216,100,0.00142820567,0.000714102835,23494.1176224,0.0726718159999
3,6,isend,a->b,internode,16777216,100,0.00142101875,0.000710509375,23612.9410678,2.13350001559e-05
3,6,isend,b->a,internode,16777216,100,0.00142279129,0.000711395645,23583.5236242,2.1348999951e-05
3,6,bsend,a->b,internode,16777216,100,0.00330745902,0.00165372951,10145.0786834,0.0776472430003
3,6,bsend,b->a,internode,16777216,100,0.00333078187,0.001665390935,10074.0406636,0.0777509669996
3,6,ssend,a->b,internode,16777216,100,0.00142448603,0.000712243015,23555.4658265,0.070672484
3,6,ssend,b->a,internode,16777216,100,0.00142326079,0.000711630395,23575.7439787,0.0722317019999
3,6,send,a->b,internode,33554432,100,0.0028331129,0.00141655645,23687.3242856,0.140596073
3,6,send,b->a,internode,33554432,100,0.00283291546,0.00141645773,23688.9751733,0.143065214
3,6,isend,a->b,internode,33554432,100,0.00283200116,0.00141600058,23696.6230621,2.23490001758e-05
3,6,isend,b->a,internode,33554432,100,0.00282682349,0.001413411745,23740.0263007,2.23240004402e-05
3,6,bsend,a->b,internode,33554432,100,0.00628410622,0.00314205311,10679.1422122,0.16112353
3,6,bsend,b->a,internode,33554432,100,0.00626325287,0.003131626435,10714.6981597,0.158310316
3,6,ssend,a->b,internode,33554432,100,0.00283058572,0.00141529286,23708.4726055,0.140630771
3,6,ssend,b->a,internode,33554432,100,0.00283373692,0.00141686846,23682.1080766,0.143192768
3,7,send,a->b,internode,1,100,4.47423000026e-06,2.23711500013e-06,0.447004288981,2.2143000308e-05
3,7,send,b->a,internode,1,100,4.47127999962e-06,2.23563999981e-06,0.447299207424,2.12139999576e-05
3,7,isend,a->b,internode,1,100,4.51720000001e-06,2.2586e-06,0.442752147347,2.31360002658e-05
3,7,isend,b->a,internode,1,100,4.50645000001e-06,2.253225e-06,0.443808319186,2.23820000542e-05
3,7,bsend,a->b,internode,1,100,4.68933999969e-06,2.34466999984e-06,0.426499251522,3.29040000793e-05
3,7,bsend,b->a,internode,1,100,4.70563000022e-06,2.35281500011e-06,0.425022791828,3.25489998545e-05
3,7,ssend,a->b,internode,1,100,8.07825999971e-06,4.03912999985e-06,0.247578067563,0.000579543000015
3,7,ssend,b->a,internode,1,100,8.06710999996e-06,4.03355499998e-06,0.247920258929,0.000578241000142
3,7,send,a->b,internode,2,100,4.48194000001e-06,2.24097e-06,0.892470671182,2.19480003238e-05
3,7,send,b->a,internode,2,100,4.46978000014e-06,2.23489000007e-06,0.89489863033,2.19510002353e-05
3,7,isend,a->b,internode,2,100,4.52801999984e-06,2.26400999992e-06,0.883388324288,2.28769998785e-05
3,7,isend,b->a,internode,2,100,4.48642000038e-06,2.24321000019e-06,0.891579477549,2.21499997792e-05
3,7,bsend,a->b,internode,2,100,4.68774000012e-06,2.34387000006e-06,0.853289644881,3.28820004256e-05
3,7,bsend,b->a,internode,2,100,4.69011000007e-06,2.34505500003e-06,0.852858461729,3.27210000819e-05
3,7,ssend,a->b,internode,2,100,8.09038999989e-06,4.04519499995e-06,0.494413742731,0.000580133000369
3,7,ssend,b->a,internode,2,100,8.08655000014e-06,4.04327500007e-06,0.494648521301,0.000579296999774
3,7,send,a->b,internode,4,100,4.46700999987e-06,2.23350499994e-06,1.79090711689,2.06050000884e-05
3,7,send,b->a,internode,4,100,4.45695999986e-06,2.22847999993e-06,1.79494543372,2.08779997593e-05
3,7,isend,a->b,internode,4,100,4.51589999955e-06,2.25794999977e-06,1.7715184129,2.20000000013e-05
3,7,isend,b->a,internode,4,100,4.48570999993e-06,2.24285499996e-06,1.7834411944,2.15330003357e-05
3,7,bsend,a->b,internode,4,100,4.68753999996e-06,2.34376999998e-06,1.70665210325,3.44050001786e-05
3,7,bsend,b->a,internode,4,100,4.68990000002e-06,2.34495000001e-06,1.70579330049,3.15090001095e-05
3,7,ssend,a->b,internode,4,100,8.09139000012e-06,4.04569500006e-06,0.988705278065,0.00057909800006
3,7,ssend,b->a,internode,4,100,8.10488000013e-06,4.05244000007e-06,0.987059647998,0.000581045000217
3,7,send,a->b,internode,8,100,4.54956999988e-06,2.27478499994e-06,3.516815875,2.18110001811e-05
3,7,send,b->a,internode,8,100,4.56355999972e-06,2.28177999986e-06,3.50603476255,2.21250001573e-05
3,7,isend,a->b,internode,8,100,4.59395999997e-06,2.29697999998e-06,3.48283398204,2.32790000041e-05
3,7,isend,b->a,internode,8,100,4.63048999961e-06,2.31524499981e-06,3.45535785658,2.20900003001e-05
3,7,bsend,a->b,internode,8,100,4.79374000008e-06,2.39687000004e-06,3.3376862324,3.30970002551e-05
3,7,bsend,b->a,internode,8,100,4.7836799996e-06,2.3918399998e-06,3.34470533174,3.24399998703e-05
3,7,ssend,a->b,internode,8,100,8.12266000025e-06,4.06133000013e-06,1.96979807101,0.000584238000215
3,7,ssend,b->a,internode,8,100,8.23102999959e-06,4.1155149998e-06,1.94386364778,0.000594546000059
3,7,send,a->b,internode,16,100,4.49415999981e-06,2.2470799999e-06,7.12035174568,2.1862000267e-05
3,7,send,b->a,internode,16,100,4.53030000017e-06,2.26515000008e-06,7.06354987502,2.16130001718e-05
3,7,isend,a->b,internode,16,100,4.57892999975e-06,2.28946499988e-06,6.98853225573,2.2567999963e-05
3,7,isend,b->a,internode,16,100,4.54882999975e-06,2.27441499987e-06,7.03477597575,2.20800000079e-05
3,7,bsend,a->b,internode,16,100,4.76449000018e-06,2.38224500009e-06,6.71635369132,3.36259998335e-05
3,7,bsend,b->a,internode,16,100,4.84399000015e-06,2.42199500008e-06,6.60612428989,3.31320004534e-05
3,7,ssend,a->b,internode,16,100,8.23406999984e-06,4.11703499992e-06,3.88629195533,0.000595741000097
3,7,ssend,b->a,internode,16,100,8.12031000009e-06,4.06015500005e-06,3.94073625263,0.000581199999999
3,7,send,a->b,internode,32,100,4.60466999982e-06,2.30233499991e-06,13.8989330403,2.27609999115e-05
3,7,send,b->a,internode,32,100,4.63208999975e-06,2.31604499987e-06,13.8166572764,2.22269998744e-05
3,7,isend,a->b,internode,32,100,4.57913000048e-06,2.28956500024e-06,13.9764540411,2.2743000045e-05
3,7,isend,b->a,internode,32,100,4.54101000003e-06,2.27050500001e-06,14.0937808989,2.28659998243e-05
3,7,bsend,a->b,internode,32,100,4.72731000002e-06,2.36365500001e-06,13.5383547937,3.34099997872e-05
3,7,bsend,b->a,internode,32,100,4.77296000042e-06,2.38648000021e-06,13.4088699663,3.29259996761e-05
3,7,ssend,a->b,internode,32,100,8.12225999994e-06,4.06112999997e-06,7.87958031392,0.000582880000081
3,7,ssend,b->a,internode,32,100,8.13254000036e-06,4.06627000018e-06,7.86962006915,0.000582986999973
3,7,send,a->b,internode,64,100,4.64353999973e-06,2.32176999987e-06,27.5651765695,2.3192999663e-05
3,7,send,b->a,internode,64,100,4.56655999983e-06,2.28327999992e-06,28.0298517932,2.37069999116e-05
3,7,isend,a->b,internode,64,100,4.58814000012e-06,2.29407000006e-06,27.898015317,2.41500001721e-05
3,7,isend,b->a,internode,64,100,4.5940199999e-06,2.29700999995e-06,27.8623079575,2.52880000176e-05
3,7,bsend,a->b,internode,64,100,4.73241999998e-06,2.36620999999e-06,27.0474725406,3.3449e-05
3,7,bsend,b->a,internode,64,100,4.7198599998e-06,2.3599299999e-06,27.1194484594,3.36639994885e-05
3,7,ssend,a->b,internode,64,100,8.16423999993e-06,4.08211999996e-06,15.6781280317,0.000586587999976
3,7,ssend,b->a,internode,64,100,8.17932000018e-06,4.08966000009e-06,15.6492226734,0.000586067999905
3,7,send,a->b,internode,128,100,5.63905999968e-06,2.81952999984e-06,45.3976371974,2.26709998401e-05
3,7,send,b->a,internode,128,100,5.68398999974e-06,2.84199499987e-06,45.0387843771,2.3449000139e-05
3,7,isend,a->b,internode,128,100,5.64798000028e-06,2.82399000014e-06,45.3259395372,2.24649999723e-05
3,7,isend,b->a,internode,128,100,5.6630499995e-06,2.83152499975e-06,45.2053222244,2.28690000768e-05
3,7,bsend,a->b,internode,128,100,5.79947000006e-06,2.89973500003e-06,44.1419646963,3.36930000344e-05
3,7,bsend,b->a,internode,128,100,5.82736000013e-06,2.91368000006e-06,43.9306993209,3.358999993e-05
3,7,ssend,a->b,internode,128,100,8.16904000033e-06,4.08452000016e-06,31.3378316167,0.000584180000033
3,7,ssend,b->a,internode,128,100,8.15436999972e-06,4.07718499986e-06,31.3942094863,0.000579976999632
3,7,send,a->b,internode,256,100,5.69818999963e-06,2.84909499982e-06,89.8530937074,0.000371414999904
3,7,send,b->a,internode,256,100,5.68859999987e-06,2.84429999994e-06,90.0045705466,0.000368967999577
3,7,isend,a->b,internode,256,100,5.66902000003e-06,2.83451000001e-06,90.3154337077,1.9731000009e-05
3,7,isend,b->a,internode,256,100,5.72586000033e-06,2.86293000016e-06,89.4188820493,2.16240000555e-05
3,7,bsend,a->b,internode,256,100,6.11068000012e-06,3.05534000006e-06,83.7877290236,4.07979995884e-05
3,7,bsend,b->a,internode,256,100,6.14475999953e-06,3.07237999976e-06,83.3230264549,4.59289998958e-05
3,7,ssend,a->b,internode,256,100,8.17374999997e-06,4.08687499998e-06,62.6395473316,0.0005800779997
3,7,ssend,b->a,internode,256,100,8.16909999969e-06,4.08454999985e-06,62.6752029011,0.000584736999883
3,7,send,a->b,internode,512,100,5.84285999992e-06,2.92142999996e-06,175.256638019,0.00037740200014
3,7,send,b->a,internode,512,100,5.86221999981e-06,2.93110999991e-06,174.677852423,0.000382477999835
3,7,isend,a->b,internode,512,100,5.75679999997e-06,2.87839999999e-06,177.876598111,1.99209999323e-05
3,7,isend,b->a,internode,512,100,5.7899899997e-06,2.89499499985e-06,176.856954857,1.94570003487e-05
3,7,bsend,a->b,internode,512,100,6.19183000026e-06,3.09591500013e-06,165.379217446,4.49259998163e-05
3,7,bsend,b->a,internode,512,100,6.25848000027e-06,3.12924000013e-06,163.618003086,4.78179999845e-05
3,7,ssend,a->b,internode,512,100,8.2507999997e-06,4.12539999985e-06,124.109177296,0.000585692000129
3,7,ssend,b->a,internode,512,100,8.21078000001e-06,4.10539000001e-06,124.714095372,0.000585533000049
3,7,send,a->b,internode,1024,100,5.92030999996e-06,2.96015499998e-06,345.927831484,0.000382951000233
3,7,send,b->a,internode,1024,100,5.86593000037e-06,2.93296500018e-06,349.134749285,0.000381196000205
3,7,isend,a->b,internode,1024,100,5.88053999991e-06,2.94026999995e-06,348.267335998,1.97300001332e-05
3,7,isend,b->a,internode,1024,100,5.88816999993e-06,2.94408499997e-06,347.816044717,1.98939999336e-05
3,7,bsend,a->b,internode,1024,100,6.32729000017e-06,3.16364500009e-06,323.677277309,4.53939999261e-05
3,7,bsend,b->a,internode,1024,100,6.35505999981e-06,3.1775299999e-06,322.262889739,4.22800000592e-05
3,7,ssend,a->b,internode,1024,100,8.35761000019e-06,4.17880500009e-06,245.046131604,0.000594449000062
3,7,ssend,b->a,internode,1024,100,8.34252999994e-06,4.17126499997e-06,245.489078255,0.000591354000221
3,7,send,a->b,internode,2048,100,6.22739999983e-06,3.11369999991e-06,657.738382007,0.000401545999637
3,7,send,b->a,internode,2048,100,6.23774000019e-06,3.11887000009e-06,656.648080856,0.000399021000078
3,7,isend,a->b,internode,2048,100,6.22319999991e-06,3.11159999995e-06,658.182285651,1.99239997869e-05
3,7,isend,b->a,internode,2048,100,6.2378299998e-06,3.1189149999e-06,656.638606716,1.97789994445e-05
3,7,bsend,a->b,internode,2048,100,6.86754000014e-06,3.43377000007e-06,596.428997853,5.23939999084e-05
3,7,bsend,b->a,internode,2048,100,6.86201999997e-06,3.43100999999e-06,596.908781965,5.09769994324e-05
3,7,ssend,a->b,internode,2048,100,8.61550000025e-06,4.30775000012e-06,475.422204153,0.000605913000015
3,7,ssend,b->a,internode,2048,100,8.6574300002e-06,4.3287150001e-06,473.119620939,0.000610136999626
3,7,send,a->b,internode,4096,100,6.62686999988e-06,3.31343499994e-06,1236.17937279,0.000419568999916
3,7,send,b->a,internode,4096,100,6.56977000006e-06,3.28488500003e-06,1246.92340827,0.000412017000087
3,7,isend,a->b,internode,4096,100,6.52828e-06,3.26414e-06,1254.84813764,1.98910002496e-05
3,7,isend,b->a,internode,4096,100,6.52768999998e-06,3.26384499999e-06,1254.96155608,1.9706999808e-05
3,7,bsend,a->b,internode,4096,100,7.50406999998e-06,3.75203499999e-06,1091.67425144,6.16199999968e-05
3,7,bsend,b->a,internode,4096,100,7.55653999988e-06,3.77826999994e-06,1084.09404306,6.13559998328e-05
3,7,ssend,a->b,internode,4096,100,8.90596999966e-06,4.45298499983e-06,919.832427048,0.000625114000115
3,7,ssend,b->a,internode,4096,100,8.95047999961e-06,4.47523999981e-06,915.258176137,0.000626880999562
3,7,send,a->b,internode,8192,100,7.30468000029e-06,3.65234000014e-06,2242.94561834,0.000453058000232
3,7,send,b->a,internode,8192,100,7.26188999977e-06,3.63094499988e-06,2256.16196342,0.000442898999893
3,7,isend,a->b,internode,8192,100,7.30526999973e-06,3.65263499987e-06,2242.76447012,1.97970002205e-05
3,7,isend,b->a,internode,8192,100,7.30497000006e-06,3.65248500003e-06,2242.85657571,1.97899999534e-05
3,7,bsend,a->b,internode,8192,100,8.7372400003e-06,4.36862000015e-06,1875.19170807,8.81429998572e-05
3,7,bsend,b->a,internode,8192,100,8.79289000011e-06,4.39644500005e-06,1863.32366262,8.93370004746e-05
3,7,ssend,a->b,internode,8192,100,9.81050999997e-06,4.90525499998e-06,1670.0456959,0.000668664999694
3,7,ssend,b->a,internode,8192,100,9.82405000002e-06,4.91202500001e-06,1667.74395488,0.000674804000141
3,7,send,a->b,internode,16384,100,8.73744000046e-06,4.36872000023e-06,3750.2975698,0.000533510000139
3,7,send,b->a,internode,16384,100,8.68318000016e-06,4.34159000008e-06,3773.73266469,0.000513511999827
3,7,isend,a->b,internode,16384,100,8.64275999959e-06,4.32137999979e-06,3791.38145703,1.97870001557e-05
3,7,isend,b->a,internode,16384,100,8.55903999991e-06,4.27951999995e-06,3828.46674397,1.99249999469e-05
3,7,bsend,a->b,internode,16384,100,1.06221700003e-05,5.31108500013e-06,3084.86872261,0.00013344100006
3,7,bsend,b->a,internode,16384,100,1.06725500001e-05,5.33627500005e-06,3070.30653403,0.000136810999891
3,7,ssend,a->b,internode,16384,100,1.09024099999e-05,5.45120499993e-06,3005.57399698,0.000729057999649
3,7,ssend,b->a,internode,16384,100,1.084418e-05,5.42209000002e-06,3021.71302946,0.000712508999754
3,7,send,a->b,internode,32768,100,2.04161400001e-05,1.020807e-05,3210.00933574,0.000865426999951
3,7,send,b->a,internode,32768,100,2.04103300001e-05,1.02051650001e-05,3210.92309628,0.000861192999992
3,7,isend,a->b,internode,32768,100,2.04025100004e-05,1.02012550002e-05,3212.15379866,2.12660001466e-05
3,7,isend,b->a,internode,32768,100,1.913221e-05,9.56610499998e-06,3425.42759044,2.14569996615e-05
3,7,bsend,a->b,internode,32768,100,2.28176799999e-05,1.14088399999e-05,2872.15878215,0.000184989999752
3,7,bsend,b->a,internode,32768,100,2.29486500001e-05,1.14743250001e-05,2855.76711483,0.000179656000114
3,7,ssend,a->b,internode,32768,100,2.16649400005e-05,1.08324700003e-05,3024.97952907,0.00126287499984
3,7,ssend,b->a,internode,32768,100,2.22297900001e-05,1.1114895e-05,2948.11601908,0.001282575
3,7,send,a->b,internode,65536,100,2.55102699998e-05,1.27551349999e-05,5138.00912342,0.00102064100037
3,7,send,b->a,internode,65536,100,2.47791300001e-05,1.2389565e-05,5289.61267,0.00103272800015
3,7,isend,a->b,internode,65536,100,2.41378099997e-05,1.20689049999e-05,5430.15294268,2.15299999695e-05
3,7,isend,b->a,internode,65536,100,2.47168000004e-05,1.23584000002e-05,5302.95183834,2.15319998347e-05
3,7,bsend,a->b,internode,65536,100,3.34275200004e-05,1.67137600002e-05,3921.08059463,0.000304334000191
3,7,bsend,b->a,internode,65536,100,3.51429899996e-05,1.75714949998e-05,3729.67695695,0.000303772000166
3,7,ssend,a->b,internode,65536,100,2.93331300003e-05,1.46665650001e-05,4468.39461042,0.00164935900011
3,7,ssend,b->a,internode,65536,100,2.9404e-05,1.4702e-05,4457.62481295,0.00165605000001
3,7,send,a->b,internode,131072,100,3.79902100002e-05,1.89951050001e-05,6900.30405198,0.00130349999949
3,7,send,b->a,internode,131072,100,3.48392199999e-05,1.74196099999e-05,7524.3934853,0.001306505
3,7,isend,a->b,internode,131072,100,3.46721099999e-05,1.73360549999e-05,7560.65898502,2.14499999061e-05
3,7,isend,b->a,internode,131072,100,3.61957900003e-05,1.80978950002e-05,7242.38923913,2.12539998756e-05
3,7,bsend,a->b,internode,131072,100,5.08456900002e-05,2.54228450001e-05,5155.6778952,0.000571696999771
3,7,bsend,b->a,internode,131072,100,5.20877500003e-05,2.60438750001e-05,5032.73802379,0.000578194999719
3,7,ssend,a->b,internode,131072,100,3.84631200001e-05,1.923156e-05,6815.46374812,0.00209026599987
3,7,ssend,b->a,internode,131072,100,3.96938299997e-05,1.98469149998e-05,6604.14981376,0.00217936200033
3,7,send,a->b,internode,262144,100,5.41943299999e-05,2.70971649999e-05,9674.22237716,0.00224050000008
3,7,send,b->a,internode,262144,100,5.11150900002e-05,2.55575450001e-05,10257.0102097,0.00210858599996
3,7,isend,a->b,internode,262144,100,5.07681400001e-05,2.538407e-05,10327.1067248,2.16940002815e-05
3,7,isend,b->a,internode,262144,100,5.00900599997e-05,2.50450299998e-05,10466.9070072,2.11389999549e-05
3,7,bsend,a->b,internode,262144,100,8.95988699995e-05,4.47994349997e-05,5851.50236831,0.00114585400001
3,7,bsend,b->a,internode,262144,100,9.56176599999e-05,4.780883e-05,5483.17120499,0.00108244399991
3,7,ssend,a->b,internode,262144,100,5.46751600001e-05,2.73375800001e-05,9589.14432073,0.0029479819998
3,7,ssend,b->a,internode,262144,100,5.223554e-05,2.611777e-05,10036.9977988,0.00281720099991
3,7,send,a->b,internode,524288,100,7.734325e-05,3.8671625e-05,13557.4339066,0.00353116799988
3,7,send,b->a,internode,524288,100,7.71526099999e-05,3.85763049999e-05,13590.9336055,0.00358136200003
3,7,isend,a->b,internode,524288,100,8.17162800001e-05,4.08581400001e-05,12831.9106058,2.16539999656e-05
3,7,isend,b->a,internode,524288,100,7.86111899998e-05,3.93055949999e-05,13338.7625859,2.13069998267e-05
3,7,bsend,a->b,internode,524288,100,0.0001687468,8.43734e-05,6213.90153769,0.00225856500003
3,7,bsend,b->a,internode,524288,100,0.00017784871,8.8924355e-05,5895.8875777,0.0023049940001
3,7,ssend,a->b,internode,524288,100,7.85136099995e-05,3.92568049998e-05,13355.3405582,0.0040811179997
3,7,ssend,b->a,internode,524288,100,7.923968e-05,3.961984e-05,13232.9661099,0.00421382899998
3,7,send,a->b,internode,1048576,100,0.00012686158,6.343079e-05,16531.02539,0.00614614800008
3,7,send,b->a,internode,1048576,100,0.00012371819,6.1859095e-05,16951.0401017,0.00601854700011
3,7,isend,a->b,internode,1048576,100,0.0001218955,6.09477499998e-05,17204.5071394,2.13969998413e-05
3,7,isend,b->a,internode,1048576,100,0.00012613899,6.30694950001e-05,16625.7237353,2.11569998783e-05
3,7,bsend,a->b,internode,1048576,100,0.00032596076,0.00016298038,6433.75601407,0.00461959
3,7,bsend,b->a,internode,1048576,100,0.00032655922,0.00016327961,6421.96536359,0.00465462599982
3,7,ssend,a->b,internode,1048576,100,0.00013183386,6.59169299999e-05,15907.536956,0.00670212600033
3,7,ssend,b->a,internode,1048576,100,0.00012710231,6.35511549999e-05,16499.7158589,0.00659055700038
3,7,send,a->b,internode,2097152,100,0.00020941206,0.00010470603,20028.9515322,0.0103630610005
3,7,send,b->a,internode,2097152,100,0.00020822846,0.00010411423,20142.7989238,0.010345306
3,7,isend,a->b,internode,2097152,100,0.00020988206,0.00010494103,19984.0996415,2.13339998254e-05
3,7,isend,b->a,internode,2097152,100,0.0002091485,0.00010457425,20054.1911608,2.1680000259e-05
3,7,bsend,a->b,internode,2097152,100,0.00063453121,0.000317265605,6610.08305643,0.00920073500015
3,7,bsend,b->a,internode,2097152,100,0.00063472364,0.00031736182,6608.07906887,0.00923385200036
3,7,ssend,a->b,internode,2097152,100,0.00021072729,0.000105363645,19903.9431485,0.0106777280005
3,7,ssend,b->a,internode,2097152,100,0.00021327253,0.000106636265,19666.4052327,0.0109325599999
3,7,send,a->b,internode,4194304,100,0.0003755354,0.0001877677,22337.729013,0.0186867390002
3,7,send,b->a,internode,4194304,100,0.00037519443,0.000187597215,22358.0291424,0.0188797939999
3,7,isend,a->b,internode,4194304,100,0.00037362502,0.00018681251,22451.9439303,2.14699997514e-05
3,7,isend,b->a,internode,4194304,100,0.00037289876,0.00018644938,22495.6714793,2.20100001229e-05
3,7,bsend,a->b,internode,4194304,100,0.00121606919,0.000608034595,6898.13381425,0.0182876099996
3,7,bsend,b->a,internode,4194304,100,0.0012137054,0.0006068527,6911.568491,0.0184445810001
3,7,ssend,a->b,internode,4194304,100,0.00038169367,0.000190846835,21977.3306694,0.019050927
3,7,ssend,b->a,internode,4194304,100,0.00037797861,0.000188989305,22193.3405173,0.0192356270002
3,7,send,a->b,internode,8388608,100,0.00073036149,0.000365180745,22971.1125651,0.0366107999999
3,7,send,b->a,internode,8388608,100,0.00072885558,0.00036442779,23018.5738579,0.0368361669998
3,7,isend,a->b,internode,8388608,100,0.00072231127,0.000361155635,23227.1275513,2.12639999972e-05
3,7,isend,b->a,internode,8388608,100,0.0007227472,0.0003613736,23213.1179477,2.13280004004e-05
3,7,bsend,a->b,internode,8388608,100,0.00242433594,0.00121216797,6920.33464636,0.0374193349999
3,7,bsend,b->a,internode,8388608,100,0.00240860111,0.001204300555,6965.54358061,0.0377009680001
3,7,ssend,a->b,internode,8388608,100,0.00073312211,0.000366561055,22884.613315,0.0367844639999
3,7,ssend,b->a,internode,8388608,100,0.00073064047,0.000365320235,22962.3415194,0.0367886959999
3,7,send,a->b,internode,16777216,100,0.00144379233,0.000721896165,23240.4836227,0.0720250840002
3,7,send,b->a,internode,16777216,100,0.00144190136,0.00072095068,23270.962169,0.0727167930001
3,7,isend,a->b,internode,16777216,100,0.00143546709,0.000717733545,23375.2708326,2.22629998916e-05
3,7,isend,b->a,internode,16777216,100,0.00143313583,0.000716567915,23413.2950259,2.1712000148e-05
3,7,bsend,a->b,internode,16777216,100,0.0036086843,0.00180434215,9298.24534665,0.0775298999999
3,7,bsend,b->a,internode,16777216,100,0.00363551299,0.001817756495,9229.62786608,0.0774815840001
3,7,ssend,a->b,internode,16777216,100,0.00144339747,0.000721698735,23246.8413569,0.072141326
3,7,ssend,b->a,internode,16777216,100,0.00144409312,0.00072204656,23235.6428649,0.0727862799999
3,7,send,a->b,internode,33554432,100,0.00286819491,0.001434097455,23397.5953887,0.142943075
3,7,send,b->a,internode,33554432,100,0.00286963053,0.001434815265,23385.8900295,0.143955477
3,7,isend,a->b,internode,33554432,100,0.00286289439,0.001431447195,23440.9149825,2.31849999182e-05
3,7,isend,b->a,internode,33554432,100,0.00286629921,0.001433149605,23413.0699844,2.22130003067e-05
3,7,bsend,a->b,internode,33554432,100,0.00650721116,0.00325360558,10312.9992788,0.160551758
3,7,bsend,b->a,internode,33554432,100,0.00647726681,0.003238633405,10360.6761877,0.158228516
3,7,ssend,a->b,internode,33554432,100,0.00286659223,0.001433296115,23410.6767254,0.142915226
3,7,ssend,b->a,internode,33554432,100,0.00286705434,0.00143352717,23406.9034073,0.144095009
4,5,send,a->b,intranode,1,100,1.73725000025e-06,8.68625000123e-07,1.15124478326,2.20239996338e-05
4,5,send,b->a,intranode,1,100,8.76900000435e-07,4.38450000217e-07,2.2807617733,2.00869998253e-05
4,5,isend,a->b,intranode,1,100,9.23789999661e-07,4.6189499983e-07,2.16499420944,2.04010000289e-05
4,5,isend,b->a,intranode,1,100,8.98229999962e-07,4.49114999981e-07,2.22660120469,1.93749999653e-05
4,5,bsend,a->b,intranode,1,100,1.0303900001e-06,5.15195000048e-07,1.94101262611,2.80469997733e-05
4,5,bsend,b->a,intranode,1,100,1.03148999983e-06,5.15744999916e-07,1.93894269486,2.71850002491e-05
4,5,ssend,a->b,intranode,1,100,1.6330599999e-06,8.16529999952e-07,1.22469474491,0.000124131999826
4,5,ssend,b->a,intranode,1,100,1.62283999998e-06,8.11419999991e-07,1.2324073846,0.000126367000178
4,5,send,a->b,intranode,2,100,8.84810000343e-07,4.42405000172e-07,4.52074456488,2.16879997197e-05
4,5,send,b->a,intranode,2,100,8.730899998e-07,4.365449999e-07,4.58142917788,2.0098999812e-05
4,5,isend,a->b,intranode,2,100,9.32500000204e-07,4.66250000102e-07,4.28954423499,2.13729998109e-05
4,5,isend,b->a,intranode,2,100,9.03750000134e-07,4.51875000067e-07,4.4260027656,1.95119999944e-05
4,5,bsend,a->b,intranode,2,100,1.04732000011e-06,5.23660000056e-07,3.81927204634,2.90110001515e-05
4,5,bsend,b->a,intranode,2,100,1.03359999969e-06,5.16799999843e-07,3.86996904142,2.68699996013e-05
4,5,ssend,a->b,intranode,2,100,1.67082999951e-06,8.35414999756e-07,2.39401973939,0.000129341999639
4,5,ssend,b->a,intranode,2,100,1.59657999973e-06,7.98289999864e-07,2.50535519716,0.000122396000052
4,5,send,a->b,intranode,4,100,8.89719999577e-07,4.44859999789e-07,8.99159286495,2.2144999889e-05
4,5,send,b->a,intranode,4,100,8.7069000017e-07,4.35345000085e-07,9.18811517123,2.00450001557e-05
4,5,isend,a->b,intranode,4,100,9.10150000095e-07,4.55075000048e-07,8.78975992876,2.08860000157e-05
4,5,isend,b->a,intranode,4,100,8.91619999948e-07,4.45809999974e-07,8.97243220259,1.95899997948e-05
4,5,bsend,a->b,intranode,4,100,1.05093000002e-06,5.2546500001e-07,7.61230529136,2.98470002349e-05
4,5,bsend,b->a,intranode,4,100,1.02767999977e-06,5.13839999883e-07,7.78452436734,2.71830001566e-05
4,5,ssend,a->b,intranode,4,100,1.60961000006e-06,8.0480500003e-07,4.9701480481,0.000122854999915
4,5,ssend,b->a,intranode,4,100,1.58254999974e-06,7.9127499987e-07,5.05513254009,0.000121361999788
4,5,send,a->b,intranode,8,100,9.09759999672e-07,4.54879999836e-07,17.5870559332,2.20279997052e-05
4,5,send,b->a,intranode,8,100,8.8269999992e-07,4.4134999996e-07,18.1262036949,2.02839999588e-05
4,5,isend,a->b,intranode,8,100,9.10960000056e-07,4.55480000028e-07,17.5638886439,2.06810001941e-05
4,5,isend,b->a,intranode,8,100,9.04839999976e-07,4.52419999988e-07,17.6826842319,1.98479998517e-05
4,5,bsend,a->b,intranode,8,100,1.06394999989e-06,5.31974999944e-07,15.0383006736,3.10330000843e-05
4,5,bsend,b->a,intranode,8,100,1.08218999969e-06,5.41094999846e-07,14.7848344603,2.97870000168e-05
4,5,ssend,a->b,intranode,8,100,1.63917000009e-06,8.19585000045e-07,9.76103759776,0.000125261999813
4,5,ssend,b->a,intranode,8,100,1.60198999993e-06,8.00994999963e-07,9.98757795038,0.000123372000189
4,5,send,a->b,intranode,16,100,9.08849999632e-07,4.54424999816e-07,35.2093304868,2.14100000449e-05
4,5,send,b->a,intranode,16,100,8.76390000144e-07,4.38195000072e-07,36.5134243827,2.00570003699e-05
4,5,isend,a->b,intranode,16,100,9.02340000266e-07,4.51170000133e-07,35.4633508329,2.03119998332e-05
4,5,isend,b->a,intranode,16,100,9.05740000121e-07,4.52870000061e-07,35.3302272128,1.90249998582e-05
4,5,bsend,a->b,intranode,16,100,1.0589499999e-06,5.29474999951e-07,30.2186127796,3.10490000288e-05
4,5,bsend,b->a,intranode,16,100,1.0643600001e-06,5.3218000005e-07,30.0650155934,2.95090003988e-05
4,5,ssend,a->b,intranode,16,100,1.62304000014e-06,8.1152000007e-07,19.7160883264,0.000123454999709
4,5,ssend,b->a,intranode,16,100,1.6080100005e-06,8.04005000248e-07,19.9003737478,0.000123188999453
4,5,send,a->b,intranode,32,100,1.03820999982e-06,5.1910499991e-07,61.644561323,2.39700000293e-05
4,5,send,b->a,intranode,32,100,1.01074999975e-06,5.05374999875e-07,63.3193173543,2.47569998351e-05
4,5,isend,a->b,intranode,32,100,1.02097000024e-06,5.1048500012e-07,62.685485357,2.20860002287e-05
4,5,isend,b->a,intranode,32,100,9.99829999841e-07,4.99914999921e-07,64.0108818601,2.06639999192e-05
4,5,bsend,a->b,intranode,32,100,1.21554000032e-06,6.07770000158e-07,52.6514964405,3.81599999741e-05
4,5,bsend,b->a,intranode,32,100,1.24680999988e-06,6.23404999942e-07,51.3309967084,3.9643999969e-05
4,5,ssend,a->b,intranode,32,100,1.69197000048e-06,8.4598500024e-07,37.8257297599,0.00013028800015
4,5,ssend,b->a,intranode,32,100,1.63826000005e-06,8.19130000025e-07,39.0658381442,0.000125316999856
4,5,send,a->b,intranode,64,100,1.13489e-06,5.67445000001e-07,112.786261223,2.66129998749e-05
4,5,send,b->a,intranode,64,100,1.11464999975e-06,5.57324999875e-07,114.83425293,3.23939998452e-05
4,5,isend,a->b,intranode,64,100,1.06225000025e-06,5.31125000123e-07,120.498940899,2.4456999995e-05
4,5,isend,b->a,intranode,64,100,1.01706999999e-06,5.08534999994e-07,125.85171129,2.07169998134e-05
4,5,bsend,a->b,intranode,64,100,1.41082000027e-06,7.05410000137e-07,90.7273783864,4.44910003239e-05
4,5,bsend,b->a,intranode,64,100,1.39840000031e-06,6.99200000156e-07,91.5331807576,4.49610001851e-05
4,5,ssend,a->b,intranode,64,100,1.7453800001e-06,8.72690000051e-07,73.3364654073,0.000136069000007
4,5,ssend,b->a,intranode,64,100,1.68645000031e-06,8.43225000153e-07,75.899077931,0.000135125999861
4,5,send,a->b,intranode,128,100,1.21545000013e-06,6.07725000066e-07,210.621580462,3.33359999445e-05
4,5,send,b->a,intranode,128,100,1.23539000015e-06,6.17695000074e-07,207.222010838,3.32530001401e-05
4,5,isend,a->b,intranode,128,100,1.10564000011e-06,5.52820000053e-07,231.540103447,2.47610003044e-05
4,5,isend,b->a,intranode,128,100,1.05364000035e-06,5.26820000175e-07,242.967237306,2.11720001175e-05
4,5,bsend,a->b,intranode,128,100,1.43937999951e-06,7.19689999755e-07,177.854354018,4.6695000151e-05
4,5,bsend,b->a,intranode,128,100,1.4240500002e-06,7.12025000098e-07,179.768968761,4.17040005232e-05
4,5,ssend,a->b,intranode,128,100,1.85047000002e-06,9.25235000011e-07,138.343231718,0.000147779000088
4,5,ssend,b->a,intranode,128,100,1.77142999974e-06,8.85714999868e-07,144.516012509,0.000145607999684
4,5,send,a->b,intranode,256,100,1.43347000005e-06,7.16735000026e-07,357.175246068,3.34819997079e-05
4,5,send,b->a,intranode,256,100,1.17417000013e-06,5.87085000063e-07,436.05270101,3.5937999769e-05
4,5,isend,a->b,intranode,256,100,1.28217999986e-06,6.41089999931e-07,399.319908324,3.33570001203e-05
4,5,isend,b->a,intranode,256,100,1.22277000003e-06,6.11385000013e-07,418.721427569,3.05610002442e-05
4,5,bsend,a->b,intranode,256,100,1.54777999967e-06,7.73889999834e-07,330.796366479,5.5395999766e-05
4,5,bsend,b->a,intranode,256,100,1.56391999951e-06,7.81959999756e-07,327.382474909,4.86840001486e-05
4,5,ssend,a->b,intranode,256,100,1.83113000048e-06,9.15565000241e-07,279.608766098,0.000149171999738
4,5,ssend,b->a,intranode,256,100,1.78564999999e-06,8.92824999994e-07,286.730322294,0.000147408000032
4,5,send,a->b,intranode,512,100,1.69317000029e-06,8.46585000147e-07,604.782744687,3.60050000836e-05
4,5,send,b->a,intranode,512,100,1.42365000045e-06,7.11825000224e-07,719.277912182,3.64510001987e-05
4,5,isend,a->b,intranode,512,100,1.49658999987e-06,7.48294999937e-07,684.222131703,3.78969999701e-05
4,5,isend,b->a,intranode,512,100,1.43156000036e-06,7.15780000178e-07,715.303584723,3.41199998388e-05
4,5,bsend,a->b,intranode,512,100,1.64516999973e-06,8.22584999867e-07,622.428077442,4.63030003743e-05
4,5,bsend,b->a,intranode,512,100,1.65280000033e-06,8.26400000165e-07,619.55469494,4.72189999527e-05
4,5,ssend,a->b,intranode,512,100,1.96840000001e-06,9.84200000005e-07,520.219467585,0.000165754000363
4,5,ssend,b->a,intranode,512,100,1.99073999966e-06,9.95369999828e-07,514.381586836,0.000162566000029
4,5,send,a->b,intranode,1024,100,1.86649999989e-06,9.33249999946e-07,1097.24082514,4.70499996936e-05
4,5,send,b->a,intranode,1024,100,1.76721000003e-06,8.83605000013e-07,1158.88887001,4.32590001651e-05
4,5,isend,a->b,intranode,1024,100,1.66731999968e-06,8.33659999842e-07,1228.31849938,4.16840001662e-05
4,5,isend,b->a,intranode,1024,100,1.68104000011e-06,8.40520000054e-07,1218.29343732,3.99060000973e-05
4,5,bsend,a->b,intranode,1024,100,1.89535999993e-06,9.47679999967e-07,1080.53351346,5.65610001217e-05
4,5,bsend,b->a,intranode,1024,100,1.87702000005e-06,9.38510000026e-07,1091.09119772,5.43960001096e-05
4,5,ssend,a->b,intranode,1024,100,2.17570999951e-06,1.08785499975e-06,941.301920047,0.000171923999631
4,5,ssend,b->a,intranode,1024,100,2.07470999953e-06,1.03735499977e-06,987.125911795,0.000171491000003
4,5,send,a->b,intranode,2048,100,3.07443999986e-06,1.53721999993e-06,1332.2751461,6.60849999576e-05
4,5,send,b->a,intranode,2048,100,2.06047999995e-06,1.03023999998e-06,1987.88631779,6.14810001025e-05
4,5,isend,a->b,intranode,2048,100,2.05125999969e-06,1.02562999984e-06,1996.82146613,5.52110000172e-05
4,5,isend,b->a,intranode,2048,100,2.0086699999e-06,1.00433499995e-06,2039.16024046,5.60799998652e-05
4,5,bsend,a->b,intranode,2048,100,2.23000999995e-06,1.11500499997e-06,1836.76306389,6.80050000028e-05
4,5,bsend,b->a,intranode,2048,100,2.24744000036e-06,1.12372000018e-06,1822.51806471,6.63250003186e-05
4,5,ssend,a->b,intranode,2048,100,2.2467399998e-06,1.1233699999e-06,1823.0858935,0.000143038999909
4,5,ssend,b->a,intranode,2048,100,2.36457000028e-06,1.18228500014e-06,1732.23884237,0.000156083999684
4,5,send,a->b,intranode,4096,100,4.42355000018e-06,2.21177500009e-06,1851.9062743,0.000170967999736
4,5,send,b->a,intranode,4096,100,3.0080099998e-06,1.5040049999e-06,2723.39520166,9.18069997624e-05
4,5,isend,a->b,intranode,4096,100,3.09178000009e-06,1.54589000005e-06,2649.60637554,8.53509997114e-05
4,5,isend,b->a,intranode,4096,100,3.05079999976e-06,1.52539999988e-06,2685.19732551,8.87329995862e-05
4,5,bsend,a->b,intranode,4096,100,3.37962999993e-06,1.68981499996e-06,2423.93398099,0.000110488999781
4,5,bsend,b->a,intranode,4096,100,3.34887000008e-06,1.67443500004e-06,2446.1982698,0.000101106000216
4,5,ssend,a->b,intranode,4096,100,3.15458999978e-06,1.57729499989e-06,2596.85093802,0.000183998000125
4,5,ssend,b->a,intranode,4096,100,3.2844399999e-06,1.64221999995e-06,2494.18470127,0.000202958999921
4,5,send,a->b,intranode,8192,100,4.21795000022e-06,2.10897500011e-06,3884.35140273,0.000264036999681
4,5,send,b->a,intranode,8192,100,4.21704000019e-06,2.10852000009e-06,3885.1896115,0.000259505999963
4,5,isend,a->b,intranode,8192,100,4.19861000012e-06,2.09930500006e-06,3902.24383773,3.12569999892e-05
4,5,isend,b->a,intranode,8192,100,4.22495999999e-06,2.11247999999e-06,3877.9065364,2.97160000855e-05
4,5,bsend,a->b,intranode,8192,100,5.56974999995e-06,2.78487499997e-06,2941.60420129,0.000167266999767
4,5,bsend,b->a,intranode,8192,100,5.28520999978e-06,2.64260499989e-06,3099.97142983,0.000135145000229
4,5,ssend,a->b,intranode,8192,100,5.7934900002e-06,2.8967450001e-06,2828.00177431,0.000325803000067
4,5,ssend,b->a,intranode,8192,100,5.65381999991e-06,2.82690999995e-06,2897.86374527,0.000315645999876
4,5,send,a->b,intranode,16384,100,6.46687999961e-06,3.2334399998e-06,5067.04933476,0.000366286000087
4,5,send,b->a,intranode,16384,100,6.44594999983e-06,3.22297499991e-06,5083.50204405,0.000375009999857
4,5,isend,a->b,intranode,16384,100,6.41658999996e-06,3.20829499998e-06,5106.7623146,2.77330000245e-05
4,5,isend,b->a,intranode,16384,100,6.37821999987e-06,3.18910999994e-06,5137.48349863,2.7488000228e-05
4,5,bsend,a->b,intranode,16384,100,8.22698999968e-06,4.11349499984e-06,3982.98770282,0.00025518599989
4,5,bsend,b->a,intranode,16384,100,8.11948000035e-06,4.05974000017e-06,4035.72642566,0.000234281000132
4,5,ssend,a->b,intranode,16384,100,9.21098999981e-06,4.60549499991e-06,3557.48947732,0.000492614999871
4,5,ssend,b->a,intranode,16384,100,9.16470999982e-06,4.58235499991e-06,3575.45410609,0.000491117999729
4,5,send,a->b,intranode,32768,100,1.170651e-05,5.85325499998e-06,5598.25259623,0.000632338000116
4,5,send,b->a,intranode,32768,100,1.16665400003e-05,5.83327000015e-06,5617.43241769,0.000626095999792
4,5,isend,a->b,intranode,32768,100,1.16289600004e-05,5.8144800002e-06,5635.58564117,2.66900001975e-05
4,5,isend,b->a,intranode,32768,100,1.15895900001e-05,5.79479500004e-06,5654.7298049,2.74680003258e-05
4,5,bsend,a->b,intranode,32768,100,1.44337699999e-05,7.21688499993e-06,4540.46309458,0.00048742499996
4,5,bsend,b->a,intranode,32768,100,1.43600299998e-05,7.1800149999e-06,4563.77876654,0.00043772399988
4,5,ssend,a->b,intranode,32768,100,1.658814e-05,8.29406999998e-06,3950.774469,0.000861148000354
4,5,ssend,b->a,intranode,32768,100,1.686597e-05,8.43298500001e-06,3885.69409289,0.000892855000188
4,5,send,a->b,intranode,65536,100,2.07608900001e-05,1.03804450001e-05,6313.40949252,0.00108214000039
4,5,send,b->a,intranode,65536,100,2.06578900003e-05,1.03289450001e-05,6344.888079,0.00108209600069
4,5,isend,a->b,intranode,65536,100,2.07078899996e-05,1.03539449998e-05,6329.56810195,2.60839998418e-05
4,5,isend,b->a,intranode,65536,100,2.06376599999e-05,1.031883e-05,6351.10763529,2.77319999213e-05
4,5,bsend,a->b,intranode,65536,100,2.57711699999e-05,1.28855849999e-05,5085.99337945,0.000906932999726
4,5,bsend,b->a,intranode,65536,100,2.56187700001e-05,1.2809385e-05,5116.24875042,0.000818482999932
4,5,ssend,a->b,intranode,65536,100,3.07675200003e-05,1.53837600001e-05,4260.07686024,0.00156258900029
4,5,ssend,b->a,intranode,65536,100,3.054679e-05,1.5273395e-05,4290.86002162,0.00158709799956
4,5,send,a->b,intranode,131072,100,3.90157499999e-05,1.95078749999e-05,6718.92761259,0.00197747100009
4,5,send,b->a,intranode,131072,100,3.887749e-05,1.9438745e-05,6742.82213178,0.00201085900005
4,5,isend,a->b,intranode,131072,100,3.874854e-05,1.937427e-05,6765.2613492,2.76530000178e-05
4,5,isend,b->a,intranode,131072,100,3.88265800001e-05,1.941329e-05,6751.66342231,2.88880001449e-05
4,5,bsend,a->b,intranode,131072,100,4.73661800004e-05,2.36830900002e-05,5534.41295029,0.00164939399997
4,5,bsend,b->a,intranode,131072,100,4.71969500001e-05,2.3598475e-05,5554.25721365,0.00150812500016
4,5,ssend,a->b,intranode,131072,100,4.29391300003e-05,2.14695650001e-05,6105.01423756,0.00219331399967
4,5,ssend,b->a,intranode,131072,100,4.30731900002e-05,2.15365950001e-05,6086.0131325,0.00216696399991
4,5,send,a->b,intranode,262144,100,7.54566400002e-05,3.77283200001e-05,6948.20230531,0.00378173999991
4,5,send,b->a,intranode,262144,100,7.53329899999e-05,3.76664949999e-05,6959.60693981,0.00388114200013
4,5,isend,a->b,intranode,262144,100,7.51683700003e-05,3.75841850001e-05,6974.84859653,2.93150000061e-05
4,5,isend,b->a,intranode,262144,100,7.50823000004e-05,3.75411500002e-05,6982.84415897,3.15009999667e-05
4,5,bsend,a->b,intranode,262144,100,8.71049400001e-05,4.35524700001e-05,6019.03864464,0.0029119620001
4,5,bsend,b->a,intranode,262144,100,8.700503e-05,4.3502515e-05,6025.95045367,0.00273767799973
4,5,ssend,a->b,intranode,262144,100,7.83455099997e-05,3.91727549999e-05,6691.99804816,0.00395817199984
4,5,ssend,b->a,intranode,262144,100,7.848878e-05,3.924439e-05,6679.7827664,0.00395691400001
4,5,send,a->b,intranode,524288,100,0.00014164165,7.08208250001e-05,7403.02022745,0.00709931600016
4,5,send,b->a,intranode,524288,100,0.00014183322,7.091661e-05,7393.02118361,0.00719072099997
4,5,isend,a->b,intranode,524288,100,0.00014141913,7.0709565e-05,7414.66872268,4.22189996243e-05
4,5,isend,b->a,intranode,524288,100,0.00014209853,7.10492650001e-05,7379.21778641,3.15990001809e-05
4,5,bsend,a->b,intranode,524288,100,0.00017010182,8.50509099999e-05,6164.40200347,0.00560601100028
4,5,bsend,b->a,intranode,524288,100,0.00016968962,8.48448100001e-05,6179.37620462,0.00528002800019
4,5,ssend,a->b,intranode,524288,100,0.00014892994,7.44649699999e-05,7040.73338109,0.00750587800013
4,5,ssend,b->a,intranode,524288,100,0.000148440580001,7.42202900003e-05,7063.94437422,0.00746381999983
4,5,send,a->b,intranode,1048576,100,0.00027286087,0.000136430435,7685.79239669,0.013560519
4,5,send,b->a,intranode,1048576,100,0.0002723521,0.00013617605,7700.14991624,0.013809331
4,5,isend,a->b,intranode,1048576,100,0.00027248104,0.00013624052,7696.50614956,4.15439999983e-05
4,5,isend,b->a,intranode,1048576,100,0.00027291357,0.000136456785,7684.30825921,3.88109999676e-05
4,5,bsend,a->b,intranode,1048576,100,0.00033622444,0.00016811222,6237.35740329,0.0108815099998
4,5,bsend,b->a,intranode,1048576,100,0.00033547661,0.000167738305,6251.26145158,0.010661688
4,5,ssend,a->b,intranode,1048576,100,0.0002932795,0.00014663975,7150.69413308,0.0147319260004
4,5,ssend,b->a,intranode,1048576,100,0.00029343581,0.000146717905,7146.88503766,0.0147035259999
4,5,send,a->b,intranode,2097152,100,0.00054029686,0.00027014843,7762.96201315,0.0268773979999
4,5,send,b->a,intranode,2097152,100,0.00054147164,0.00027073582,7746.11944589,0.0273679710002
4,5,isend,a->b,intranode,2097152,100,0.00054055437,0.000270277185,7759.26388311,4.11639996969e-05
4,5,isend,b->a,intranode,2097152,100,0.00054061939,0.000270309695,7758.33068067,4.21740001002e-05
4,5,bsend,a->b,intranode,2097152,100,0.00066903871,0.000334519355,6269.14995696,0.0216411559999
4,5,bsend,b->a,intranode,2097152,100,0.00066909813,0.000334549065,6268.59321816,0.0213286729999
4,5,ssend,a->b,intranode,2097152,100,0.00057949238,0.00028974619,7237.8932748,0.029064011
4,5,ssend,b->a,intranode,2097152,100,0.00057784268,0.00028892134,7258.55694841,0.0289566419999
4,5,send,a->b,intranode,4194304,100,0.00109686978,0.00054843489,7647.77018472,0.0544586280001
4,5,send,b->a,intranode,4194304,100,0.00109715813,0.000548579065,7645.76023331,0.055326583
4,5,isend,a->b,intranode,4194304,100,0.00109654375,0.000548271875,7650.04405889,3.85929996014e-05
4,5,isend,b->a,intranode,4194304,100,0.00109687018,0.00054843509,7647.76739577,4.23360003765e-05
4,5,bsend,a->b,intranode,4194304,100,0.00134658314,0.00067329157,6229.55074278,0.0434320190001
4,5,bsend,b->a,intranode,4194304,100,0.00134766213,0.000673831065,6224.56312548,0.0428965839998
4,5,ssend,a->b,intranode,4194304,100,0.0011472122,0.0005736061,7312.16770533,0.0574866540003
4,5,ssend,b->a,intranode,4194304,100,0.00114934462,0.00057467231,7298.60118021,0.057423542
4,5,send,a->b,intranode,8388608,100,0.0023193213,0.00115966065,7233.67478236,0.113606889
4,5,send,b->a,intranode,8388608,100,0.00233165512,0.00116582756,7195.41061458,0.118439202
4,5,isend,a->b,intranode,8388608,100,0.00233191642,0.00116595821,7194.60434178,4.0957000067e-05
4,5,isend,b->a,intranode,8388608,100,0.00233873849,0.001169369245,7173.61777374,3.78559997785e-05
4,5,bsend,a->b,intranode,8388608,100,0.00281713011,0.001408565055,5955.42816444,0.0927164889996
4,5,bsend,b->a,intranode,8388608,100,0.00279705694,0.00139852847,5998.16748814,0.0883535879997
4,5,ssend,a->b,intranode,8388608,100,0.00226695276,0.00113347638,7400.77883229,0.113866964
4,5,ssend,b->a,intranode,8388608,100,0.00227336544,0.00113668272,7379.90281052,0.113325676
4,5,send,a->b,intranode,16777216,100,0.00294635327,0.001473176635,11388.4619138,0.143189252
4,5,send,b->a,intranode,16777216,100,0.00298505131,0.001492525655,11240.8225238,0.152446982
4,5,isend,a->b,intranode,16777216,100,0.00301017313,0.001505086565,11147.0106704,3.79480001698e-05
4,5,isend,b->a,intranode,16777216,100,0.00304005966,0.00152002983,11037.4254958,3.03510002482e-05
4,5,bsend,a->b,intranode,16777216,100,0.00435536018,0.00217768009,7704.16925656,0.131634879
4,5,bsend,b->a,intranode,16777216,100,0.0043695528,0.0021847764,7679.14556382,0.125447971
4,5,ssend,a->b,intranode,16777216,100,0.00451024621,0.002255123105,7439.60095252,0.22573138
4,5,ssend,b->a,intranode,16777216,100,0.00450769739,0.002253848695,7443.80757999,0.225223259
4,5,send,a->b,intranode,33554432,100,0.00432246525,0.002161232625,15525.599425,0.215291321
4,5,send,b->a,intranode,33554432,100,0.00438371474,0.00219185737,15308.6749436,0.215330109
4,5,isend,a->b,intranode,33554432,100,0.00443579563,0.002217897815,15128.9350542,3.68210001511e-05
4,5,isend,b->a,intranode,33554432,100,0.00445090891,0.002225454455,15077.5640115,3.47760000636e-05
4,5,bsend,a->b,intranode,33554432,100,0.00730331907,0.003651659535,9188.8172154,0.195053664999
4,5,bsend,b->a,intranode,33554432,100,0.00729882178,0.00364941089,9194.47905741,0.193286416
4,5,ssend,a->b,intranode,33554432,100,0.0085176665,0.00425883325,7878.78511092,0.425837753
4,5,ssend,b->a,intranode,33554432,100,0.00849505512,0.00424752756,7899.75615838,0.423606197
4,6,send,a->b,internode,1,100,4.51311999996e-06,2.25655999998e-06,0.443152408981,2.49299999382e-05
4,6,send,b->a,internode,1,100,4.54280999975e-06,2.27140499987e-06,0.440256141047,2.1292000099e-05
4,6,isend,a->b,internode,1,100,4.5591099996e-06,2.2795549998e-06,0.43868211124,2.49179996104e-05
4,6,isend,b->a,internode,1,100,4.54330999958e-06,2.27165499979e-06,0.440207690029,2.27830000767e-05
4,6,bsend,a->b,internode,1,100,4.72823000052e-06,2.36411500026e-06,0.422991267298,3.53979997954e-05
4,6,bsend,b->a,internode,1,100,4.71994999998e-06,2.35997499999e-06,0.423733302261,3.22989999404e-05
4,6,ssend,a->b,internode,1,100,8.10566000041e-06,4.05283000021e-06,0.246741166037,0.000579986999981
4,6,ssend,b->a,internode,1,100,8.1349200002e-06,4.0674600001e-06,0.245853677719,0.000581836999515
4,6,send,a->b,internode,2,100,4.5250300002e-06,2.2625150001e-06,0.883972039926,2.49419997544e-05
4,6,send,b->a,internode,2,100,4.50253999986e-06,2.25126999993e-06,0.888387443559,2.20630003014e-05
4,6,isend,a->b,internode,2,100,4.54998999999e-06,2.27499499999e-06,0.879122811261,2.59569998207e-05
4,6,isend,b->a,internode,2,100,4.5150599999e-06,2.25752999995e-06,0.885923996599,2.1837999725e-05
4,6,bsend,a->b,internode,2,100,4.71610000034e-06,2.35805000017e-06,0.848158435935,3.52119996592e-05
4,6,bsend,b->a,internode,2,100,4.7230499996e-06,2.3615249998e-06,0.846910365196,3.23380000395e-05
4,6,ssend,a->b,internode,2,100,8.11287000033e-06,4.05643500017e-06,0.493043768708,0.000581245999797
4,6,ssend,b->a,internode,2,100,8.1471499999e-06,4.07357499995e-06,0.490969234646,0.000583978999828
4,6,send,a->b,internode,4,100,4.54026999989e-06,2.27013499995e-06,1.76200974836,2.56689998537e-05
4,6,send,b->a,internode,4,100,4.4974299999e-06,2.24871499995e-06,1.77879366664,2.09090001704e-05
4,6,isend,a->b,internode,4,100,4.54467999987e-06,2.27233999993e-06,1.76029995516,2.47630007379e-05
4,6,isend,b->a,internode,4,100,4.5193699998e-06,2.2596849999e-06,1.7701582301,2.14589998677e-05
4,6,bsend,a->b,internode,4,100,4.7462699996e-06,2.3731349998e-06,1.6855341143,3.51989999103e-05
4,6,bsend,b->a,internode,4,100,4.72817000002e-06,2.36408500001e-06,1.69198654024,3.23279999179e-05
4,6,ssend,a->b,internode,4,100,8.0920299996e-06,4.0460149998e-06,0.988627081263,0.000577854000255
4,6,ssend,b->a,internode,4,100,8.13722999965e-06,4.06861499982e-06,0.983135538795,0.000584204000177
4,6,send,a->b,internode,8,100,4.51191000025e-06,2.25595500012e-06,3.54617002536,2.45740001219e-05
4,6,send,b->a,internode,8,100,4.5076400005e-06,2.25382000025e-06,3.54952924329,2.1639000181e-05
4,6,isend,a->b,internode,8,100,4.55939999995e-06,2.27969999997e-06,3.50923367114,2.53280001061e-05
4,6,isend,b->a,internode,8,100,4.51987000019e-06,2.2599350001e-06,3.53992482069,2.21339999484e-05
4,6,bsend,a->b,internode,8,100,4.74556000029e-06,2.37278000014e-06,3.37157258554,3.486199995e-05
4,6,bsend,b->a,internode,8,100,4.70682000014e-06,2.35341000007e-06,3.39932268486,3.33349997845e-05
4,6,ssend,a->b,internode,8,100,8.11607999992e-06,4.05803999996e-06,1.97139505773,0.000579985999991
4,6,ssend,b->a,internode,8,100,8.17661000042e-06,4.08830500021e-06,1.95680116811,0.000588124999751
4,6,send,a->b,internode,16,100,4.60700000019e-06,2.3035000001e-06,6.94595181217,2.47129999025e-05
4,6,send,b->a,internode,16,100,4.57316999984e-06,2.28658499992e-06,6.99733445315,2.23499999947e-05
4,6,isend,a->b,internode,16,100,4.61482000048e-06,2.30741000024e-06,6.93418161416,2.46170001788e-05
4,6,isend,b->a,internode,16,100,4.58941000034e-06,2.29470500017e-06,6.97257381617,2.3013999737e-05
4,6,bsend,a->b,internode,16,100,4.78764000036e-06,2.39382000018e-06,6.68387765112,3.5008999987e-05
4,6,bsend,b->a,internode,16,100,4.75320999954e-06,2.37660499977e-06,6.73229249352,3.32760001811e-05
4,6,ssend,a->b,internode,16,100,8.15374999945e-06,4.07687499973e-06,3.92457458251,0.000584770000046
4,6,ssend,b->a,internode,16,100,8.32878999972e-06,4.16439499986e-06,3.84209471016,0.000600820999978
4,6,send,a->b,internode,32,100,4.71479999987e-06,2.35739999994e-06,13.5742767459,2.50999996183e-05
4,6,send,b->a,internode,32,100,4.65022000014e-06,2.32511000007e-06,13.762789717,2.23010002856e-05
4,6,isend,a->b,internode,32,100,4.66109999991e-06,2.33054999995e-06,13.7306644357,2.52590000969e-05
4,6,isend,b->a,internode,32,100,4.82895000005e-06,2.41447500002e-06,13.2533987719,2.28969998375e-05
4,6,bsend,a->b,internode,32,100,5.01247999978e-06,2.50623999989e-06,12.7681307462,3.51369997702e-05
4,6,bsend,b->a,internode,32,100,4.91763000014e-06,2.45881500007e-06,13.0143992123,3.37849998004e-05
4,6,ssend,a->b,internode,32,100,8.34752000003e-06,4.17376000001e-06,7.66694778806,0.000604735000081
4,6,ssend,b->a,internode,32,100,8.43840000016e-06,4.21920000008e-06,7.58437618492,0.000612081999975
4,6,send,a->b,internode,64,100,4.69166000016e-06,2.34583000008e-06,27.2824543969,2.53879998127e-05
4,6,send,b->a,internode,64,100,4.62227000014e-06,2.31113500007e-06,27.6920214518,2.34750000914e-05
4,6,isend,a->b,internode,64,100,4.68375000025e-06,2.34187500013e-06,27.3285294888,2.6648999949e-05
4,6,isend,b->a,internode,64,100,4.81202999993e-06,2.40601499996e-06,26.600000416,2.37730001231e-05
4,6,bsend,a->b,internode,64,100,5.0188900002e-06,2.5094450001e-06,25.5036472198,3.71909997625e-05
4,6,bsend,b->a,internode,64,100,4.80541000002e-06,2.40270500001e-06,26.636644948,3.41260001164e-05
4,6,ssend,a->b,internode,64,100,8.27808999986e-06,4.13904499993e-06,15.462504032,0.000594999999748
4,6,ssend,b->a,internode,64,100,8.2729899998e-06,4.1364949999e-06,15.4720361082,0.000596754000128
4,6,send,a->b,internode,128,100,5.80521000018e-06,2.90260500009e-06,44.098318578,2.50439998695e-05
4,6,send,b->a,internode,128,100,5.91741999983e-06,2.95870999992e-06,43.2620973342,2.48179999289e-05
4,6,isend,a->b,internode,128,100,5.99177000026e-06,2.99588500013e-06,42.7252714955,2.62660000203e-05
4,6,isend,b->a,internode,128,100,5.91862000022e-06,2.95931000011e-06,43.2533259426,2.5361999576e-05
4,6,bsend,a->b,internode,128,100,6.14447000032e-06,3.07223500016e-06,41.6634795168,3.50940003386e-05
4,6,bsend,b->a,internode,128,100,6.10386999995e-06,3.05193499997e-06,41.9406048953,3.5243999946e-05
4,6,ssend,a->b,internode,128,100,8.29621999969e-06,4.14810999985e-06,30.8574266364,0.000594240000112
4,6,ssend,b->a,internode,128,100,8.2334199999e-06,4.11670999995e-06,31.0927901168,0.00058834199973
4,6,send,a->b,internode,256,100,5.88827999991e-06,2.94413999995e-06,86.9523867764,0.000389855999913
4,6,send,b->a,internode,256,100,5.87764999977e-06,2.93882499989e-06,87.1096441638,0.000386729000013
4,6,isend,a->b,internode,256,100,5.81913999952e-06,2.90956999976e-06,87.9855098936,2.12199997804e-05
4,6,isend,b->a,internode,256,100,5.70671999981e-06,2.8533599999e-06,89.7187876779,1.96579997578e-05
4,6,bsend,a->b,internode,256,100,6.08614999976e-06,3.04307499988e-06,84.1254323374,4.30790000792e-05
4,6,bsend,b->a,internode,256,100,6.07673000047e-06,3.03836500024e-06,84.2558415398,4.03490003009e-05
4,6,ssend,a->b,internode,256,100,8.08321000022e-06,4.04160500011e-06,63.3411726265,0.000580358000605
4,6,ssend,b->a,internode,256,100,8.05968000009e-06,4.02984000004e-06,63.5260953282,0.000576922999926
4,6,send,a->b,internode,512,100,5.76464000005e-06,2.88232000003e-06,177.63468317,0.000376922000157
4,6,send,b->a,internode,512,100,5.7443999998e-06,2.8721999999e-06,178.260566819,0.000373322999963
4,6,isend,a->b,internode,512,100,5.76233000004e-06,2.88116500002e-06,177.705893275,2.15439998215e-05
4,6,isend,b->a,internode,512,100,5.73919000033e-06,2.86959500016e-06,178.422390606,1.99189997829e-05
4,6,bsend,a->b,internode,512,100,6.17171999977e-06,3.08585999989e-06,165.918090911,4.28360004321e-05
4,6,bsend,b->a,internode,512,100,6.17089999992e-06,3.08544999996e-06,165.940138394,4.42789998942e-05
4,6,ssend,a->b,internode,512,100,8.1416200004e-06,4.0708100002e-06,125.773494704,0.000582602999827
4,6,ssend,b->a,internode,512,100,8.13361999974e-06,4.06680999987e-06,125.897201988,0.000580765999985
4,6,send,a->b,internode,1024,100,5.90920999969e-06,2.95460499984e-06,346.577630531,0.000384713000074
4,6,send,b->a,internode,1024,100,5.89917999946e-06,2.94958999973e-06,347.166894414,0.000381882000283
4,6,isend,a->b,internode,1024,100,5.88796999978e-06,2.94398499989e-06,347.827859191,2.12090002378e-05
4,6,isend,b->a,internode,1024,100,5.89357999957e-06,2.94678999978e-06,347.496767695,1.98230002866e-05
4,6,bsend,a->b,internode,1024,100,6.32360999987e-06,3.16180499993e-06,323.865640045,4.40199998479e-05
4,6,bsend,b->a,internode,1024,100,6.32840000037e-06,3.16420000019e-06,323.620504374,4.33120000594e-05
4,6,ssend,a->b,internode,1024,100,8.30022999992e-06,4.15011499996e-06,246.740150577,0.00059037200009
4,6,ssend,b->a,internode,1024,100,8.29193000015e-06,4.14596500008e-06,246.987130856,0.000590281999848
4,6,send,a->b,internode,2048,100,6.37712000014e-06,3.18856000007e-06,642.296208933,0.000412959999892
4,6,send,b->a,internode,2048,100,6.34343000002e-06,3.17171500001e-06,645.707448492,0.000406137999903
4,6,isend,a->b,internode,2048,100,6.35488e-06,3.17744e-06,644.54403545,2.12259997738e-05
4,6,isend,b->a,internode,2048,100,6.34122999998e-06,3.17061499999e-06,645.931467557,1.97640005126e-05
4,6,bsend,a->b,internode,2048,100,6.9935099998e-06,3.4967549999e-06,585.685871632,5.64889995758e-05
4,6,bsend,b->a,internode,2048,100,7.02211999965e-06,3.51105999982e-06,583.29963034,5.2210000149e-05
4,6,ssend,a->b,internode,2048,100,8.69430000023e-06,4.34715000011e-06,471.113258099,0.000613639999983
4,6,ssend,b->a,internode,2048,100,8.69648999981e-06,4.3482449999e-06,470.994619679,0.000612237000212
4,6,send,a->b,internode,4096,100,6.62890000001e-06,3.31445e-06,1235.8008116,0.000418961999799
4,6,send,b->a,internode,4096,100,6.79036999998e-06,3.39518499999e-06,1206.41437801,0.000430293000136
4,6,isend,a->b,internode,4096,100,6.80053999986e-06,3.40026999993e-06,1204.61022215,2.14819996813e-05
4,6,isend,b->a,internode,4096,100,6.89598000008e-06,3.44799000004e-06,1187.93848009,2.00030000315e-05
4,6,bsend,a->b,internode,4096,100,7.77260999996e-06,3.88630499998e-06,1053.95742229,6.63450000502e-05
4,6,bsend,b->a,internode,4096,100,7.7887599997e-06,3.89437999985e-06,1051.77204078,6.06440000865e-05
4,6,ssend,a->b,internode,4096,100,9.14026000032e-06,4.57013000016e-06,896.254592289,0.000645666999787
4,6,ssend,b->a,internode,4096,100,9.09493999984e-06,4.54746999992e-06,900.720620493,0.000635210999576
4,6,send,a->b,internode,8192,100,7.64125999979e-06,3.82062999989e-06,2144.14900166,0.000478666000276
4,6,send,b->a,internode,8192,100,7.6293699999e-06,3.81468499995e-06,2147.49055298,0.000473324000041
4,6,isend,a->b,internode,8192,100,7.61871999998e-06,3.80935999999e-06,2150.49247118,2.13339998254e-05
4,6,isend,b->a,internode,8192,100,7.39261999968e-06,3.69630999984e-06,2216.26432858,1.96440004174e-05
4,6,bsend,a->b,internode,8192,100,8.89437000012e-06,4.44718500006e-06,1842.06413718,9.34860000825e-05
4,6,bsend,b->a,internode,8192,100,8.83536000003e-06,4.41768000002e-06,1854.36699806,8.92000001045e-05
4,6,ssend,a->b,internode,8192,100,9.9510199999e-06,4.97550999995e-06,1646.46438256,0.000686250999991
4,6,ssend,b->a,internode,8192,100,9.84986999981e-06,4.92493499991e-06,1663.37220697,0.000670791000005
4,6,send,a->b,internode,16384,100,8.88325000005e-06,4.44162500003e-06,3688.74004444,0.000536115000273
4,6,send,b->a,internode,16384,100,8.80338999991e-06,4.40169499996e-06,3722.20246977,0.00052453099994
4,6,isend,a->b,internode,16384,100,8.7187400004e-06,4.3593700002e-06,3758.34122803,2.12489999853e-05
4,6,isend,b->a,internode,16384,100,8.52044999988e-06,4.26022499994e-06,3845.80626616,1.97420004042e-05
4,6,bsend,a->b,internode,16384,100,1.07710999998e-05,5.38554999991e-06,3042.21481562,0.000133289999894
4,6,bsend,b->a,internode,16384,100,1.07219299997e-05,5.36096499985e-06,3056.16619404,0.000132762000135
4,6,ssend,a->b,internode,16384,100,1.080376e-05,5.40188000002e-06,3033.01813441,0.000720607999938
4,6,ssend,b->a,internode,16384,100,1.07824500003e-05,5.39122500015e-06,3039.01246925,0.0007104160008
4,6,send,a->b,internode,32768,100,1.52084699999e-05,7.60423499997e-06,4309.1777148,0.000868345000129
4,6,send,b->a,internode,32768,100,1.51896099999e-05,7.59480499994e-06,4314.52815448,0.000863035999771
4,6,isend,a->b,internode,32768,100,1.52426400001e-05,7.62132000006e-06,4299.51766882,2.2452999815e-05
4,6,isend,b->a,internode,32768,100,1.52433e-05,7.62164999998e-06,4299.33150959,2.13350002127e-05
4,6,bsend,a->b,internode,32768,100,1.87830800002e-05,9.39154000008e-06,3489.09763465,0.000186572999894
4,6,bsend,b->a,internode,32768,100,1.88256999996e-05,9.41284999982e-06,3481.19857436,0.000183168000092
4,6,ssend,a->b,internode,32768,100,1.76429700002e-05,8.82148500011e-06,3714.56733187,0.00106324300009
4,6,ssend,b->a,internode,32768,100,1.84477800002e-05,9.2238900001e-06,3552.51417782,0.00110828099997
4,6,send,a->b,internode,65536,100,1.87584299999e-05,9.37921499997e-06,6987.36514732,0.00106421200024
4,6,send,b->a,internode,65536,100,1.86922500001e-05,9.34612500004e-06,7012.1039468,0.00106606099996
4,6,isend,a->b,internode,65536,100,1.82895299997e-05,9.14476499986e-06,7166.50455217,2.21779999947e-05
4,6,isend,b->a,internode,65536,100,1.91358900003e-05,9.56794500013e-06,6849.53770105,2.12690000581e-05
4,6,bsend,a->b,internode,65536,100,2.45027199998e-05,1.22513599999e-05,5349.28367142,0.000322802000028
4,6,bsend,b->a,internode,65536,100,2.48620499997e-05,1.24310249998e-05,5271.97073458,0.000281844000085
4,6,ssend,a->b,internode,65536,100,2.12941199999e-05,1.06470599999e-05,6155.31423702,0.00125389000016
4,6,ssend,b->a,internode,65536,100,2.11203499998e-05,1.05601749999e-05,6205.95776117,0.00124568799998
4,6,send,a->b,internode,131072,100,2.44931100002e-05,1.22465550001e-05,10702.7649816,0.00136879500042
4,6,send,b->a,internode,131072,100,2.34774199998e-05,1.17387099999e-05,11165.7924935,0.00130616000013
4,6,isend,a->b,internode,131072,100,2.332755e-05,1.1663775e-05,11237.5281588,2.24309998202e-05
4,6,isend,b->a,internode,131072,100,2.33269400002e-05,1.16634700001e-05,11237.8220203,2.15040000739e-05
4,6,bsend,a->b,internode,131072,100,3.41631799995e-05,1.70815899997e-05,7673.29036711,0.000588752000112
4,6,bsend,b->a,internode,131072,100,3.425736e-05,1.712868e-05,7652.19503196,0.000514012999929
4,6,ssend,a->b,internode,131072,100,2.631753e-05,1.3158765e-05,9960.8131918,0.00150255900002
4,6,ssend,b->a,internode,131072,100,2.63824299998e-05,1.31912149999e-05,9936.30988511,0.00150343599972
4,6,send,a->b,internode,262144,100,3.55800099999e-05,1.77900049999e-05,14735.4652234,0.00192983399978
4,6,send,b->a,internode,262144,100,3.55350799998e-05,1.77675399999e-05,14754.0965154,0.0019398409994
4,6,isend,a->b,internode,262144,100,3.53322399997e-05,1.76661199998e-05,14838.7987856,2.22990000225e-05
4,6,isend,b->a,internode,262144,100,3.49434600002e-05,1.74717300001e-05,15003.8948632,2.13820001704e-05
4,6,bsend,a->b,internode,262144,100,5.73060699998e-05,2.86530349999e-05,9148.90865841,0.00119551399968
4,6,bsend,b->a,internode,262144,100,5.71687000001e-05,2.85843500001e-05,9170.89246386,0.00110076000004
4,6,ssend,a->b,internode,262144,100,3.64709399997e-05,1.82354699999e-05,14375.5000558,0.00200457399995
4,6,ssend,b->a,internode,262144,100,3.65272700003e-05,1.82636350002e-05,14353.3310865,0.00200327799985
4,6,send,a->b,internode,524288,100,5.68897699998e-05,2.84448849999e-05,18431.7145245,0.00300062699972
4,6,send,b->a,internode,524288,100,5.74857099997e-05,2.87428549998e-05,18240.6375429,0.00305763499983
4,6,isend,a->b,internode,524288,100,5.639331e-05,2.8196655e-05,18593.978612,2.26480000265e-05
4,6,isend,b->a,internode,524288,100,5.64284999996e-05,2.82142499998e-05,18582.3830158,2.15349999166e-05
4,6,bsend,a->b,internode,524288,100,0.00010219227,5.1096135e-05,10260.8152261,0.00232334499975
4,6,bsend,b->a,internode,524288,100,0.00010254195,5.12709749998e-05,10225.8246503,0.0023383539999
4,6,ssend,a->b,internode,524288,100,5.91906099999e-05,2.95953049999e-05,17715.2423332,0.00315084900001
4,6,ssend,b->a,internode,524288,100,5.89714199998e-05,2.94857099999e-05,17781.0878558,0.00314478500002
4,6,send,a->b,internode,1048576,100,0.00010013929,5.00696449998e-05,20942.3494016,0.00518140500009
4,6,send,b->a,internode,1048576,100,9.97219999999e-05,4.9861e-05,21029.9833537,0.00515250000012
4,6,isend,a->b,internode,1048576,100,9.94122999998e-05,4.97061499999e-05,21095.4982432,2.2381000008e-05
4,6,isend,b->a,internode,1048576,100,9.95929700002e-05,4.97964850001e-05,21057.2292401,2.13520002035e-05
4,6,bsend,a->b,internode,1048576,100,0.00019208487,9.60424350001e-05,10917.8406399,0.00470718100019
4,6,bsend,b->a,internode,1048576,100,0.00019262628,9.63131399999e-05,10887.1541308,0.00462141199995
4,6,ssend,a->b,internode,1048576,100,0.0001012299,5.06149500001e-05,20716.7249992,0.00524702700017
4,6,ssend,b->a,internode,1048576,100,0.00010137784,5.068892e-05,20686.4932218,0.00524913499981
4,6,send,a->b,internode,2097152,100,0.00018753579,9.37678950001e-05,22365.3522349,0.00959580600011
4,6,send,b->a,internode,2097152,100,0.00018691244,9.34562199998e-05,22439.9403272,0.0095640780001
4,6,isend,a->b,internode,2097152,100,0.0001856224,9.28112e-05,22595.8935991,2.26999998745e-05
4,6,isend,b->a,internode,2097152,100,0.00018533184,9.26659199999e-05,22631.3190437,2.14400000118e-05
4,6,bsend,a->b,internode,2097152,100,0.00037075233,0.000185376165,11312.9538525,0.00935691699982
4,6,bsend,b->a,internode,2097152,100,0.00036990966,0.00018495483,11338.7252444,0.00914970699989
4,6,ssend,a->b,internode,2097152,100,0.00018785199,9.39259950002e-05,22327.7059774,0.00959733200011
4,6,ssend,b->a,internode,2097152,100,0.00018796423,9.39821149998e-05,22314.3733252,0.00960174600004
4,6,send,a->b,internode,4194304,100,0.00036077497,0.000180387485,23251.6352229,0.0183197629999
4,6,send,b->a,internode,4194304,100,0.00036077174,0.00018038587,23251.8433955,0.0183171200003
4,6,isend,a->b,internode,4194304,100,0.00035783538,0.00017891769,23442.6456098,2.28669996432e-05
4,6,isend,b->a,internode,4194304,100,0.00035785851,0.000178929255,23441.1304066,2.11270000818e-05
4,6,bsend,a->b,internode,4194304,100,0.0007287856,0.0003643928,11510.3920824,0.0187640869997
4,6,bsend,b->a,internode,4194304,100,0.00072664704,0.00036332352,11544.2677644,0.0182135909998
4,6,ssend,a->b,internode,4194304,100,0.00036079171,0.000180395855,23250.5563944,0.0182803189997
4,6,ssend,b->a,internode,4194304,100,0.00036067505,0.000180337525,23258.0767647,0.0182747609995
4,6,send,a->b,internode,8388608,100,0.00070826288,0.00035413144,23687.8374877,0.0358092480002
4,6,send,b->a,internode,8388608,100,0.00070824845,0.000354124225,23688.3201086,0.0358029449998
4,6,isend,a->b,internode,8388608,100,0.0007032041,0.00035160205,23858.2454226,2.24500000741e-05
4,6,isend,b->a,internode,8388608,100,0.00070315079,0.000351575395,23860.0542566,2.1547000074e-05
4,6,bsend,a->b,internode,8388608,100,0.00145567846,0.00072783923,11525.3584229,0.0378855669998
4,6,bsend,b->a,internode,8388608,100,0.00145476938,0.00072738469,11532.5605767,0.037284198
4,6,ssend,a->b,internode,8388608,100,0.00070851475,0.000354257375,23679.4166953,0.0357809459995
4,6,ssend,b->a,internode,8388608,100,0.00070849561,0.000354247805,23680.0563944,0.0357793300001
4,6,send,a->b,internode,16777216,100,0.0014081724,0.0007040862,23828.3551077,0.0707658020002
4,6,send,b->a,internode,16777216,100,0.00140820988,0.00070410494,23827.7209076,0.070751555
4,6,isend,a->b,internode,16777216,100,0.00140391679,0.000701958395,23900.5845923,2.31700000199e-05
4,6,isend,b->a,internode,16777216,100,0.00140384501,0.000701922505,23901.8066531,2.15309997884e-05
4,6,bsend,a->b,internode,16777216,100,0.00296649891,0.001483249455,11311.1223088,0.0781374539999
4,6,bsend,b->a,internode,16777216,100,0.00296002048,0.00148001024,11335.8783247,0.0777745269996
4,6,ssend,a->b,internode,16777216,100,0.00140820738,0.00070410369,23827.7632091,0.0707291439996
4,6,ssend,b->a,internode,16777216,100,0.00140813234,0.00070406617,23829.0330013,0.0707116210005
4,6,send,a->b,internode,33554432,100,0.00280786023,0.001403930115,23900.3577468,0.14063993
4,6,send,b->a,internode,33554432,100,0.00280775063,0.001403875315,23901.2906926,0.140607486
4,6,isend,a->b,internode,33554432,100,0.00280575536,0.00140287768,23918.2877298,2.35119999843e-05
4,6,isend,b->a,internode,33554432,100,0.00280575535,0.001402877675,23918.2878151,2.22019997977e-05
4,6,bsend,a->b,internode,33554432,100,0.00600241639,0.003001208195,11180.3080026,0.159122219
4,6,bsend,b->a,internode,33554432,100,0.0059760615,0.00298803075,11229.6140192,0.158464304
4,6,ssend,a->b,internode,33554432,100,0.00280857591,0.001404287955,23894.2674688,0.140661529
4,6,ssend,b->a,internode,33554432,100,0.0028088843,0.00140444215,23891.6440951,0.140666638
4,7,send,a->b,internode,1,100,4.49296999989e-06,2.24648499994e-06,0.445139851824,2.25359998467e-05
4,7,send,b->a,internode,1,100,4.49192999952e-06,2.24596499976e-06,0.44524291345,2.122900014e-05
4,7,isend,a->b,internode,1,100,4.53134999987e-06,2.26567499993e-06,0.441369569788,2.47649994662e-05
4,7,isend,b->a,internode,1,100,4.51596999994e-06,2.25798499997e-06,0.44287273831,2.26019997172e-05
4,7,bsend,a->b,internode,1,100,4.71370000014e-06,2.35685000007e-06,0.424295139687,3.37579998018e-05
4,7,bsend,b->a,internode,1,100,4.69361e-06,2.346805e-06,0.426111244862,3.1749999664e-05
4,7,ssend,a->b,internode,1,100,8.11447000046e-06,4.05723500023e-06,0.246473275505,0.000580390999858
4,7,ssend,b->a,internode,1,100,8.10558000012e-06,4.05279000006e-06,0.246743601318,0.000581766000039
4,7,send,a->b,internode,2,100,4.51010999996e-06,2.25505499998e-06,0.88689632848,2.3639000176e-05
4,7,send,b->a,internode,2,100,4.49032000006e-06,2.24516000003e-06,0.890805109646,2.1225000296e-05
4,7,isend,a->b,internode,2,100,4.52643999949e-06,2.26321999975e-06,0.88369668005,2.37710003148e-05
4,7,isend,b->a,internode,2,100,4.51385999952e-06,2.25692999976e-06,0.886159517669,2.1881999885e-05
4,7,bsend,a->b,internode,2,100,4.71340000047e-06,2.35670000023e-06,0.848644290661,3.41609999737e-05
4,7,bsend,b->a,internode,2,100,4.69662e-06,2.34831e-06,0.8516763119,3.32719999392e-05
4,7,ssend,a->b,internode,2,100,8.10274999992e-06,4.05137499996e-06,0.493659560031,0.000580823999996
4,7,ssend,b->a,internode,2,100,8.1306300001e-06,4.06531500005e-06,0.491966797155,0.000584042999947
4,7,send,a->b,internode,4,100,4.62271999993e-06,2.31135999996e-06,1.73058286033,2.28269998956e-05
4,7,send,b->a,internode,4,100,4.61346000009e-06,2.30673000004e-06,1.73405643483,2.14429996959e-05
4,7,isend,a->b,internode,4,100,4.64297000008e-06,2.32148500004e-06,1.72303504004,2.31579999195e-05
4,7,isend,b->a,internode,4,100,4.66305000032e-06,2.33152500016e-06,1.71561531604,2.22460000714e-05
4,7,bsend,a->b,internode,4,100,4.83483999972e-06,2.41741999986e-06,1.65465661748,3.39610001561e-05
4,7,bsend,b->a,internode,4,100,4.88115999985e-06,2.44057999993e-06,1.63895467476,3.25089998228e-05
4,7,ssend,a->b,internode,4,100,8.13059999984e-06,4.06529999992e-06,0.983937224824,0.000583531999723
4,7,ssend,b->a,internode,4,100,8.14495999975e-06,4.07247999988e-06,0.982202490895,0.000586119999696
4,7,send,a->b,internode,8,100,4.73936000049e-06,2.36968000024e-06,3.37598325478,2.41179998852e-05
4,7,send,b->a,internode,8,100,4.70783000026e-06,2.35391500013e-06,3.39859340697,2.16839998188e-05
4,7,isend,a->b,internode,8,100,4.71690999973e-06,2.35845499986e-06,3.39205115233,2.5032999929e-05
4,7,isend,b->a,internode,8,100,4.75201000029e-06,2.37600500014e-06,3.36699628137,2.22100001679e-05
4,7,bsend,a->b,internode,8,100,5.02490000031e-06,2.51245000015e-06,3.18414296782,3.53359997121e-05
4,7,bsend,b->a,internode,8,100,4.98375000006e-06,2.49187500003e-06,3.21043391017,3.29570000304e-05
4,7,ssend,a->b,internode,8,100,8.34161e-06,4.170805e-06,1.9180949481,0.000605245000258
4,7,ssend,b->a,internode,8,100,8.34553999994e-06,4.17276999997e-06,1.91719169762,0.000604420999764
4,7,send,a->b,internode,16,100,4.83693999968e-06,2.41846999984e-06,6.61575293515,2.38470003069e-05
4,7,send,b->a,internode,16,100,4.72616999957e-06,2.36308499979e-06,6.77081019153,2.18000001269e-05
4,7,isend,a->b,internode,16,100,4.75468000047e-06,2.37734000024e-06,6.73021107557,2.50019999157e-05
4,7,isend,b->a,internode,16,100,4.6602499998e-06,2.3301249999e-06,6.866584411,2.302900009e-05
4,7,bsend,a->b,internode,16,100,4.98893999975e-06,2.49446999987e-06,6.41418818459,3.71130002463e-05
4,7,bsend,b->a,internode,16,100,4.85530999981e-06,2.42765499991e-06,6.59072232283,3.31650007297e-05
4,7,ssend,a->b,internode,16,100,8.40362999952e-06,4.20181499976e-06,3.80787826235,0.000609125999802
4,7,ssend,b->a,internode,16,100,8.31326999958e-06,4.15663499979e-06,3.84926749662,0.000600929999734
4,7,send,a->b,internode,32,100,4.62212000002e-06,2.31106000001e-06,13.8464600659,2.42700003241e-05
4,7,send,b->a,internode,32,100,4.64361000013e-06,2.32180500007e-06,13.7823805182,2.22909998229e-05
4,7,isend,a->b,internode,32,100,4.69327000019e-06,2.34663500009e-06,13.6365476517,2.55089994994e-05
4,7,isend,b->a,internode,32,100,4.59502000012e-06,2.29751000006e-06,13.9281221841,2.28479997304e-05
4,7,bsend,a->b,internode,32,100,4.89765999987e-06,2.44882999993e-06,13.0674648713,3.45079999988e-05
4,7,bsend,b->a,internode,32,100,4.82434999981e-06,2.4121749999e-06,13.2660358396,3.31939997977e-05
4,7,ssend,a->b,internode,32,100,8.17459000018e-06,4.08729500009e-06,7.82913883125,0.000586553000062
4,7,ssend,b->a,internode,32,100,8.28833000014e-06,4.14416500007e-06,7.72170027001,0.000598485000182
4,7,send,a->b,internode,64,100,4.69496999983e-06,2.34748499992e-06,27.2632200003,2.47460002356e-05
4,7,send,b->a,internode,64,100,4.62877999951e-06,2.31438999975e-06,27.6530748952,2.43200001933e-05
4,7,isend,a->b,internode,64,100,4.75738999967e-06,2.37869499983e-06,26.9055091151,2.64140000468e-05
4,7,isend,b->a,internode,64,100,4.70522000001e-06,2.35261e-06,27.2038289389,2.40950000716e-05
4,7,bsend,a->b,internode,64,100,4.85076999951e-06,2.42538499975e-06,26.3875632143,3.66529997677e-05
4,7,bsend,b->a,internode,64,100,4.86211999998e-06,2.43105999999e-06,26.3259648056,3.45850000372e-05
4,7,ssend,a->b,internode,64,100,8.19151999963e-06,4.09575999981e-06,15.6259155817,0.000585300000409
4,7,ssend,b->a,internode,64,100,8.17561000019e-06,4.0878050001e-06,15.6563241149,0.000585024000031
4,7,send,a->b,internode,128,100,5.59339999995e-06,2.79669999998e-06,45.7682268392,2.47870000862e-05
4,7,send,b->a,internode,128,100,5.59280999994e-06,2.79640499997e-06,45.773055048,2.31359998111e-05
4,7,isend,a->b,internode,128,100,5.64910999969e-06,2.82455499985e-06,45.3168729258,2.61159997876e-05
4,7,isend,b->a,internode,128,100,5.63068000019e-06,2.8153400001e-06,45.4652013595,2.49950000466e-05
4,7,bsend,a->b,internode,128,100,5.84800000013e-06,2.92400000006e-06,43.7756497938,3.64359999026e-05
4,7,bsend,b->a,internode,128,100,5.80260999982e-06,2.90130499991e-06,44.1180779008,3.54430001721e-05
4,7,ssend,a->b,internode,128,100,8.13010000002e-06,4.06505000001e-06,31.4879275777,0.000575766000395
4,7,ssend,b->a,internode,128,100,8.18773999981e-06,4.09386999991e-06,31.2662590661,0.000582496999868
4,7,send,a->b,internode,256,100,5.71272999991e-06,2.85636499996e-06,89.6244002443,0.00037280499987
4,7,send,b->a,internode,256,100,5.67217000025e-06,2.83608500013e-06,90.2652776587,0.000371465000285
4,7,isend,a->b,internode,256,100,5.68919000045e-06,2.84459500023e-06,89.9952365731,2.13559997633e-05
4,7,isend,b->a,internode,256,100,5.64582000038e-06,2.82291000019e-06,90.6865610249,1.96190005113e-05
4,7,bsend,a->b,internode,256,100,6.06331000029e-06,3.03165500014e-06,84.4423260522,4.23920000117e-05
4,7,bsend,b->a,internode,256,100,6.05889000042e-06,3.02944500021e-06,84.5039272812,4.12849998384e-05
4,7,ssend,a->b,internode,256,100,8.06637999972e-06,4.03318999986e-06,63.4733300462,0.000578928999914
4,7,ssend,b->a,internode,256,100,8.03354000027e-06,4.01677000013e-06,63.7328002329,0.000576535000107
4,7,send,a->b,internode,512,100,5.77164999982e-06,2.88582499991e-06,177.418935665,0.000376565000522
4,7,send,b->a,internode,512,100,5.76152999997e-06,2.88076499999e-06,177.730568096,0.000374872000009
4,7,isend,a->b,internode,512,100,5.77625000005e-06,2.88812500003e-06,177.27764553,2.12489998717e-05
4,7,isend,b->a,internode,512,100,5.74951000033e-06,2.87475500016e-06,178.102133911,1.99720000182e-05
4,7,bsend,a->b,internode,512,100,6.16820999994e-06,3.08410499997e-06,166.012506061,4.22740002364e-05
4,7,bsend,b->a,internode,512,100,6.18023000015e-06,3.09011500008e-06,165.689626434,4.45630002446e-05
4,7,ssend,a->b,internode,512,100,8.16416000021e-06,4.0820800001e-06,125.426253279,0.000584358000594
4,7,ssend,b->a,internode,512,100,8.1542700002e-06,4.0771350001e-06,125.578377951,0.000583821000021
4,7,send,a->b,internode,1024,100,6.14646999963e-06,3.07323499982e-06,333.199381128,0.000401495999881
4,7,send,b->a,internode,1024,100,6.02442999991e-06,3.01221499996e-06,339.94917362,0.000390606000053
4,7,isend,a->b,internode,1024,100,5.98706999995e-06,2.99353499997e-06,342.070495254,2.19959999299e-05
4,7,isend,b->a,internode,1024,100,5.93667000032e-06,2.96833500016e-06,344.97453958,1.95369999005e-05
4,7,bsend,a->b,internode,1024,100,6.37551000011e-06,3.18775500006e-06,321.229203619,4.22730000196e-05
4,7,bsend,b->a,internode,1024,100,6.37379000011e-06,3.18689500006e-06,321.315888971,4.30729995742e-05
4,7,ssend,a->b,internode,1024,100,8.44360000031e-06,4.22180000015e-06,242.550570838,0.00060238899988
4,7,ssend,b->a,internode,1024,100,8.55974999979e-06,4.2798749999e-06,239.259324168,0.000616702000116
4,7,send,a->b,internode,2048,100,6.42009999979e-06,3.21004999989e-06,637.996292914,0.000422186000208
4,7,send,b->a,internode,2048,100,6.46315999973e-06,3.23157999986e-06,633.745721934,0.000424153999916
4,7,isend,a->b,internode,2048,100,6.51097999992e-06,3.25548999996e-06,629.091166008,2.13800003053e-05
4,7,isend,b->a,internode,2048,100,6.51535999964e-06,3.25767999982e-06,628.668254744,1.96149996441e-05
4,7,bsend,a->b,internode,2048,100,7.13477999966e-06,3.56738999983e-06,574.089180072,5.14810000141e-05
4,7,bsend,b->a,internode,2048,100,7.17812000005e-06,3.58906000002e-06,570.622948623,4.96530003602e-05
4,7,ssend,a->b,internode,2048,100,8.86852000008e-06,4.43426000004e-06,461.858348401,0.000632216000099
4,7,ssend,b->a,internode,2048,100,8.73578000039e-06,4.3678900002e-06,468.876276625,0.000619618999792
4,7,send,a->b,internode,4096,100,6.63481999993e-06,3.31740999997e-06,1234.69815309,0.000422494999896
4,7,send,b->a,internode,4096,100,6.63137999993e-06,3.31568999997e-06,1235.33864747,0.000422378999929
4,7,isend,a->b,internode,4096,100,6.67759999999e-06,3.33879999999e-06,1226.78806757,2.15450002088e-05
4,7,isend,b->a,internode,4096,100,6.65112000036e-06,3.32556000018e-06,1231.67225964,1.97619998517e-05
4,7,bsend,a->b,internode,4096,100,7.71038999972e-06,3.85519499986e-06,1062.46246951,6.23719999453e-05
4,7,bsend,b->a,internode,4096,100,7.61194000006e-06,3.80597000003e-06,1076.20396376,6.08010000178e-05
4,7,ssend,a->b,internode,4096,100,8.99446999995e-06,4.49723499997e-06,910.781847074,0.000629707000428
4,7,ssend,b->a,internode,4096,100,9.11119000023e-06,4.55559500011e-06,899.114166184,0.000642059000143
4,7,send,a->b,internode,8192,100,7.39718999966e-06,3.69859499983e-06,2214.89511568,0.000459719000332
4,7,send,b->a,internode,8192,100,7.25276000026e-06,3.62638000013e-06,2259.00209016,0.00044677000011
4,7,isend,a->b,internode,8192,100,7.41732999984e-06,3.70866499992e-06,2208.88109338,2.10760000527e-05
4,7,isend,b->a,internode,8192,100,7.34023000007e-06,3.67011500003e-06,2232.08264589,1.96580003262e-05
4,7,bsend,a->b,internode,8192,100,8.74509000028e-06,4.37254500014e-06,1873.50844868,8.99449998428e-05
4,7,bsend,b->a,internode,8192,100,8.84417999998e-06,4.42208999999e-06,1852.51770091,8.87940001348e-05
4,7,ssend,a->b,internode,8192,100,9.67218000028e-06,4.83609000014e-06,1693.93042722,0.000659917999883
4,7,ssend,b->a,internode,8192,100,9.55873000009e-06,4.77936500005e-06,1714.0352327,0.000654070000508
4,7,send,a->b,internode,16384,100,8.38699999974e-06,4.19349999987e-06,3906.99892703,0.000503555000307
4,7,send,b->a,internode,16384,100,8.35616000018e-06,4.17808000009e-06,3921.4184505,0.000499547999937
4,7,isend,a->b,internode,16384,100,8.37496999964e-06,4.18748499982e-06,3912.61103042,2.15850000131e-05
4,7,isend,b->a,internode,16384,100,8.35915999971e-06,4.17957999986e-06,3920.01110173,1.97280001544e-05
4,7,bsend,a->b,internode,16384,100,1.06316400002e-05,5.31582000008e-06,3082.12091451,0.000133989000005
4,7,bsend,b->a,internode,16384,100,1.05940000003e-05,5.29700000016e-06,3093.07154984,0.000133000999597
4,7,ssend,a->b,internode,16384,100,1.07113899998e-05,5.35569499988e-06,3059.17345935,0.000709295000149
4,7,ssend,b->a,internode,16384,100,1.07482999999e-05,5.37414999997e-06,3048.6681615,0.000710676999802
4,7,send,a->b,internode,32768,100,1.77580899998e-05,8.8790449999e-06,3690.48698372,0.000863870000103
4,7,send,b->a,internode,32768,100,1.76623199997e-05,8.83115999983e-06,3710.49782822,0.000861305000058
4,7,isend,a->b,internode,32768,100,1.76998900002e-05,8.84994500012e-06,3702.62188065,2.24640001534e-05
4,7,isend,b->a,internode,32768,100,1.77307400003e-05,8.86537000014e-06,3696.17962922,2.1619000222e-05
4,7,bsend,a->b,internode,32768,100,2.11256e-05,1.05628e-05,3102.20774794,0.000182877999578
4,7,bsend,b->a,internode,32768,100,2.11647700002e-05,1.05823850001e-05,3096.46643925,0.000182924000001
4,7,ssend,a->b,internode,32768,100,2.02930899997e-05,1.01465449998e-05,3229.47367804,0.00128865300007
4,7,ssend,b->a,internode,32768,100,2.09028699999e-05,1.04514349999e-05,3135.26324377,0.00115666000005
4,7,send,a->b,internode,65536,100,2.23468600001e-05,1.117343e-05,5865.34305041,0.00106673699952
4,7,send,b->a,internode,65536,100,2.20102700001e-05,1.10051350001e-05,5955.03826165,0.00107754800001
4,7,isend,a->b,internode,65536,100,2.154792e-05,1.077396e-05,6082.81448975,2.23710001137e-05
4,7,isend,b->a,internode,65536,100,2.166821e-05,1.0834105e-05,6049.04604487,2.12239999655e-05
4,7,bsend,a->b,internode,65536,100,2.853872e-05,1.426936e-05,4592.77781203,0.000317222000206
4,7,bsend,b->a,internode,65536,100,2.91027200001e-05,1.455136e-05,4503.77146877,0.000307141000405
4,7,ssend,a->b,internode,65536,100,2.436295e-05,1.2181475e-05,5379.97245819,0.00160656799983
4,7,ssend,b->a,internode,65536,100,2.44794499997e-05,1.22397249999e-05,5354.36866439,0.00118487399999
4,7,send,a->b,internode,131072,100,3.000816e-05,1.500408e-05,8735.75720738,0.00131043100026
4,7,send,b->a,internode,131072,100,3.11116500001e-05,1.5555825e-05,8425.91119402,0.00129574899961
4,7,isend,a->b,internode,131072,100,2.89935900003e-05,1.44967950001e-05,9041.44674729,2.27670001891e-05
4,7,isend,b->a,internode,131072,100,2.77594700003e-05,1.38797350002e-05,9443.40796121,2.14430000938e-05
4,7,bsend,a->b,internode,131072,100,4.22767499998e-05,2.11383749999e-05,6200.66585064,0.000586147000035
4,7,bsend,b->a,internode,131072,100,4.35052500001e-05,2.1752625e-05,6025.5716264,0.00058003399954
4,7,ssend,a->b,internode,131072,100,3.14631700002e-05,1.57315850001e-05,8331.77330824,0.00200736800053
4,7,ssend,b->a,internode,131072,100,3.171839e-05,1.5859195e-05,8264.73222631,0.00151065600016
4,7,send,a->b,internode,262144,100,4.26711e-05,2.133555e-05,12286.7233327,0.00210222700042
4,7,send,b->a,internode,262144,100,4.40939700002e-05,2.20469850001e-05,11890.2425887,0.00184347999982
4,7,isend,a->b,internode,262144,100,4.32961200005e-05,2.16480600002e-05,12109.3529858,2.2389000037e-05
4,7,isend,b->a,internode,262144,100,4.354073e-05,2.1770365e-05,12041.3231473,2.12959996588e-05
4,7,bsend,a->b,internode,262144,100,7.20270199997e-05,3.60135099999e-05,7279.04611356,0.00119418499997
4,7,bsend,b->a,internode,262144,100,7.32351600004e-05,3.66175800002e-05,7158.9657208,0.00108151800043
4,7,ssend,a->b,internode,262144,100,4.45419199997e-05,2.22709599998e-05,11770.6645785,0.00278475800042
4,7,ssend,b->a,internode,262144,100,4.43779199998e-05,2.21889599999e-05,11814.1634399,0.00202260699984
4,7,send,a->b,internode,524288,100,7.00129199998e-05,3.50064599999e-05,14976.8928364,0.00388803000021
4,7,send,b->a,internode,524288,100,6.928657e-05,3.4643285e-05,15133.8996865,0.00294013200005
4,7,isend,a->b,internode,524288,100,6.649622e-05,3.324811e-05,15768.9564911,2.21319999696e-05
4,7,isend,b->a,internode,524288,100,6.78147900004e-05,3.39073950002e-05,15462.3497322,2.14089999417e-05
4,7,bsend,a->b,internode,524288,100,0.00013374801,6.6874005e-05,7839.93720729,0.00231721000017
4,7,bsend,b->a,internode,524288,100,0.00013699896,6.849948e-05,7653.89751864,0.00229814800002
4,7,ssend,a->b,internode,524288,100,6.930044e-05,3.465022e-05,15130.8707419,0.00417106400027
4,7,ssend,b->a,internode,524288,100,6.81739600003e-05,3.40869800002e-05,15380.8873651,0.00313864799972
4,7,send,a->b,internode,1048576,100,0.00011393164,5.69658200001e-05,18407.1079816,0.0062946879998
4,7,send,b->a,internode,1048576,100,0.00011298119,5.6490595e-05,18561.9570833,0.00515374800028
4,7,isend,a->b,internode,1048576,100,0.00011122962,5.561481e-05,18854.258425,2.24019999564e-05
4,7,isend,b->a,internode,1048576,100,0.00011085756,5.542878e-05,18917.5370629,2.16200004957e-05
4,7,bsend,a->b,internode,1048576,100,0.0002543361,0.00012716805,8245.59313444,0.00469493899976
4,7,bsend,b->a,internode,1048576,100,0.00025881382,0.00012940691,8102.9366979,0.00465817300011
4,7,ssend,a->b,internode,1048576,100,0.00011267882,5.63394100001e-05,18611.7674998,0.00635414100043
4,7,ssend,b->a,internode,1048576,100,0.00011437995,5.7189975e-05,18334.9616782,0.00523849699982
4,7,send,a->b,internode,2097152,100,0.00019838263,9.9191315e-05,21142.4961954,0.0104456239997
4,7,send,b->a,internode,2097152,100,0.00019923477,9.96173850001e-05,21052.0683714,0.00947626900012
4,7,isend,a->b,internode,2097152,100,0.00019537323,9.7686615e-05,21468.1612215,2.20309999577e-05
4,7,isend,b->a,internode,2097152,100,0.00019725922,9.86296100001e-05,21262.90472,2.11520002722e-05
4,7,bsend,a->b,internode,2097152,100,0.0004808662,0.0002404331,8722.39304821,0.00930645399973
4,7,bsend,b->a,internode,2097152,100,0.00049043083,0.000245215415,8552.28452909,0.0092251509999
4,7,ssend,a->b,internode,2097152,100,0.00019913589,9.9567945e-05,21062.521678,0.0107248620006
4,7,ssend,b->a,internode,2097152,100,0.00019845829,9.92291450001e-05,21134.4358555,0.00963615500018
4,7,send,a->b,internode,4194304,100,0.00036797518,0.00018398759,22796.6679709,0.0189189739997
4,7,send,b->a,internode,4194304,100,0.00036833565,0.000184167825,22774.358116,0.0182039800002
4,7,isend,a->b,internode,4194304,100,0.0003644142,0.0001822071,23019.4322834,2.22239997356e-05
4,7,isend,b->a,internode,4194304,100,0.00036434807,0.000182174035,23023.6103625,2.16139997065e-05
4,7,bsend,a->b,internode,4194304,100,0.00094288581,0.000471442905,8896.73798357,0.0186772409999
4,7,bsend,b->a,internode,4194304,100,0.00095436399,0.000477181995,8789.73650295,0.0184347520003
4,7,ssend,a->b,internode,4194304,100,0.00036902731,0.000184513655,22731.6726234,0.0190782350001
4,7,ssend,b->a,internode,4194304,100,0.00036864473,0.000184322365,22755.263584,0.018267282
4,7,send,a->b,internode,8388608,100,0.0007171848,0.0003585924,23393.1561294,0.036571636
4,7,send,b->a,internode,8388608,100,0.000716119,0.0003580595,23427.9721666,0.0357349149998
4,7,isend,a->b,internode,8388608,100,0.00070835665,0.000354178325,23684.7017671,2.21910000846e-05
4,7,isend,b->a,internode,8388608,100,0.00070788287,0.000353941435,23700.5537371,2.12119996377e-05
4,7,bsend,a->b,internode,8388608,100,0.00188838785,0.000944193925,8884.412172,0.0381237889999
4,7,bsend,b->a,internode,8388608,100,0.00189294293,0.000946471465,8863.03318188,0.0375450959999
4,7,ssend,a->b,internode,8388608,100,0.00071696107,0.000358480535,23400.4560387,0.0366279489998
4,7,ssend,b->a,internode,8388608,100,0.00071801138,0.00035900569,23366.2257554,0.0357220860001
4,7,send,a->b,internode,16777216,100,0.00141749942,0.00070874971,23671.5666522,0.0716170810005
4,7,send,b->a,internode,16777216,100,0.00141859651,0.000709298255,23653.2599393,0.0706990929996
4,7,isend,a->b,internode,16777216,100,0.00141166615,0.000705833075,23769.3820171,2.30249999618e-05
4,7,isend,b->a,internode,16777216,100,0.00141119205,0.000705596025,23777.36751,2.19930000185e-05
4,7,bsend,a->b,internode,16777216,100,0.00325134554,0.00162567277,10320.1679388,0.0778973389998
4,7,bsend,b->a,internode,16777216,100,0.0033098386,0.0016549193,10137.7849663,0.0774792870001
4,7,ssend,a->b,internode,16777216,100,0.00141869072,0.00070934536,23651.6892138,0.071766741
4,7,ssend,b->a,internode,16777216,100,0.00142088124,0.00071044062,23615.2262803,0.0706878979998
4,7,send,a->b,internode,33554432,100,0.00282480625,0.001412403125,23756.9794389,0.142232371
4,7,send,b->a,internode,33554432,100,0.00282274579,0.001411372895,23774.3208183,0.140614071
4,7,isend,a->b,internode,33554432,100,0.00282341497,0.001411707485,23768.6860462,2.33980001099e-05
4,7,isend,b->a,internode,33554432,100,0.00282262387,0.001411311935,23775.3477228,2.18610004481e-05
4,7,bsend,a->b,internode,33554432,100,0.00620434326,0.00310217163,10816.433132,0.158001834
4,7,bsend,b->a,internode,33554432,100,0.0061826501,0.00309132505,10854.3849182,0.157979429
4,7,ssend,a->b,internode,33554432,100,0.00282220543,0.001411102715,23778.8728229,0.142027604
4,7,ssend,b->a,internode,33554432,100,0.0028223756,0.0014111878,23777.439119,0.140649504
5,6,send,a->b,internode,1,100,4.62713000047e-06,2.31356500024e-06,0.432233371398,2.13870002312e-05
5,6,send,b->a,internode,1,100,4.65163000001e-06,2.32581500001e-06,0.429956810837,2.23919999485e-05
5,6,isend,a->b,internode,1,100,4.60027999964e-06,2.30013999982e-06,0.434756145313,2.2052999725e-05
5,6,isend,b->a,internode,1,100,4.72457000001e-06,2.362285e-06,0.423318947544,2.22089997237e-05
5,6,bsend,a->b,internode,1,100,4.83273999976e-06,2.41636999988e-06,0.413843906376,3.29780003199e-05
5,6,bsend,b->a,internode,1,100,4.90981999974e-06,2.45490999987e-06,0.40734690887,3.21090001307e-05
5,6,ssend,a->b,internode,1,100,8.24862999991e-06,4.12431499996e-06,0.24246450623,0.000597685999878
5,6,ssend,b->a,internode,1,100,8.22901999982e-06,4.11450999991e-06,0.24304230638,0.000593987999707
5,6,send,a->b,internode,2,100,4.71010000012e-06,2.35505000006e-06,0.849238869641,2.1996000271e-05
5,6,send,b->a,internode,2,100,4.77064999984e-06,2.38532499992e-06,0.83846016793,2.16649999629e-05
5,6,isend,a->b,internode,2,100,4.88292999989e-06,2.44146499995e-06,0.819180287263,2.27309998309e-05
5,6,isend,b->a,internode,2,100,4.84729999982e-06,2.42364999991e-06,0.825201658685,2.31610002857e-05
5,6,bsend,a->b,internode,2,100,5.04575000036e-06,2.52287500018e-06,0.792746370651,3.31229999233e-05
5,6,bsend,b->a,internode,2,100,4.94317999994e-06,2.47158999997e-06,0.809195699944,3.21000000554e-05
5,6,ssend,a->b,internode,2,100,8.35584000015e-06,4.17792000007e-06,0.478707107835,0.000606994000407
5,6,ssend,b->a,internode,2,100,8.36668000034e-06,4.18334000017e-06,0.478086887492,0.00060754600014
5,6,send,a->b,internode,4,100,4.63755999988e-06,2.31877999994e-06,1.72504506685,2.1785999877e-05
5,6,send,b->a,internode,4,100,4.58871000035e-06,2.29435500017e-06,1.74340936764,2.1228000378e-05
5,6,isend,a->b,internode,4,100,4.84195000013e-06,2.42097500006e-06,1.65222689201,2.22419998863e-05
5,6,isend,b->a,internode,4,100,4.83908000035e-06,2.41954000018e-06,1.65320680779,2.20649998823e-05
5,6,bsend,a->b,internode,4,100,5.00525999996e-06,2.50262999998e-06,1.59831856888,3.349300016e-05
5,6,bsend,b->a,internode,4,100,5.0005899999e-06,2.50029499995e-06,1.59981122231,3.24010002259e-05
5,6,ssend,a->b,internode,4,100,8.34802000043e-06,4.17401000021e-06,0.958311072517,0.00060771200009
5,6,ssend,b->a,internode,4,100,8.22921000008e-06,4.11460500004e-06,0.972146779572,0.000594941000259
5,6,send,a->b,internode,8,100,4.76018999962e-06,2.38009499981e-06,3.36121037213,2.27549999749e-05
5,6,send,b->a,internode,8,100,4.70252000014e-06,2.35126000007e-06,3.40243103688,2.07409998438e-05
5,6,isend,a->b,internode,8,100,4.84877000019e-06,2.4243850001e-06,3.29980593003,2.23190000952e-05
5,6,isend,b->a,internode,8,100,4.87163999992e-06,2.43581999996e-06,3.28431493301,2.2186000308e-05
5,6,bsend,a->b,internode,8,100,5.01739000015e-06,2.50869500007e-06,3.18890897449,3.36919998176e-05
5,6,bsend,b->a,internode,8,100,4.93757000015e-06,2.46878500008e-06,3.24046038831,3.27460003291e-05
5,6,ssend,a->b,internode,8,100,8.26977000031e-06,4.13488500016e-06,1.93475755667,0.000598737999894
5,6,ssend,b->a,internode,8,100,8.2529599996e-06,4.1264799998e-06,1.93869835802,0.000595447999956
5,6,send,a->b,internode,16,100,4.71119999986e-06,2.35559999993e-06,6.79232467332,2.17680001242e-05
5,6,send,b->a,internode,16,100,4.54062000017e-06,2.27031000009e-06,7.04749571618,2.10059996562e-05
5,6,isend,a->b,internode,16,100,4.60008000005e-06,2.30004000002e-06,6.95640075818,2.33720001006e-05
5,6,isend,b->a,internode,16,100,4.52408000001e-06,2.26204000001e-06,7.07326130394,2.25350000278e-05
5,6,bsend,a->b,internode,16,100,4.72852999962e-06,2.36426499981e-06,6.76743089344,3.3369999926e-05
5,6,bsend,b->a,internode,16,100,4.72355999989e-06,2.36177999994e-06,6.77455139783,3.33369998202e-05
5,6,ssend,a->b,internode,16,100,8.1126699996e-06,4.0563349998e-06,3.94444738928,0.000581712999804
5,6,ssend,b->a,internode,16,100,8.16228999952e-06,4.08114499976e-06,3.92046839819,0.000584781999919
5,6,send,a->b,internode,32,100,4.4933800001e-06,2.24669000005e-06,14.2431755157,2.17479999947e-05
5,6,send,b->a,internode,32,100,4.49181999954e-06,2.24590999977e-06,14.2481221435,2.23099997925e-05
5,6,isend,a->b,internode,32,100,4.52955000014e-06,2.26477500007e-06,14.1294389063,2.27049998784e-05
5,6,isend,b->a,internode,32,100,4.54130999969e-06,2.27065499985e-06,14.0928498614,2.24839997713e-05
5,6,bsend,a->b,internode,32,100,4.72602999992e-06,2.36301499996e-06,13.5420215278,3.29169997144e-05
5,6,bsend,b->a,internode,32,100,4.74018999967e-06,2.37009499983e-06,13.5015685035,3.39919997714e-05
5,6,ssend,a->b,internode,32,100,8.13972000003e-06,4.06986000002e-06,7.86267832306,0.000582603999703
5,6,ssend,b->a,internode,32,100,8.12381999992e-06,4.06190999996e-06,7.87806721476,0.000580160999789
5,6,send,a->b,internode,64,100,4.51121000026e-06,2.25560500013e-06,28.3737622484,2.30060002764e-05
5,6,send,b->a,internode,64,100,4.47959999974e-06,2.23979999987e-06,28.5739798213,2.20709998189e-05
5,6,isend,a->b,internode,64,100,4.53966000009e-06,2.26983000005e-06,28.1959441891,2.34600001363e-05
5,6,isend,b->a,internode,64,100,4.53559999983e-06,2.26779999991e-06,28.221183527,2.32199997754e-05
5,6,bsend,a->b,internode,64,100,4.73254000042e-06,2.36627000021e-06,27.0467867126,3.4998000217e-05
5,6,bsend,b->a,internode,64,100,4.73568000018e-06,2.36784000009e-06,27.0288532999,3.44369997265e-05
5,6,ssend,a->b,internode,64,100,8.1538500001e-06,4.07692500005e-06,15.6981058026,0.000583106000306
5,6,ssend,b->a,internode,64,100,8.15117000002e-06,4.07558500001e-06,15.7032671383,0.000581701000328
5,6,send,a->b,internode,128,100,5.58077999983e-06,2.79038999992e-06,45.8717240256,2.2369000078e-05
5,6,send,b->a,internode,128,100,5.58911000041e-06,2.79455500021e-06,45.8033568817,2.45939999672e-05
5,6,isend,a->b,internode,128,100,5.60001999986e-06,2.80000999993e-06,45.7141224507,2.31319998534e-05
5,6,isend,b->a,internode,128,100,5.68488999988e-06,2.84244499994e-06,45.0316540875,2.49610000083e-05
5,6,bsend,a->b,internode,128,100,5.86152000039e-06,2.9307600002e-06,43.6746782375,3.30870001903e-05
5,6,bsend,b->a,internode,128,100,5.86523000038e-06,2.93261500019e-06,43.6470522014,3.37639995678e-05
5,6,ssend,a->b,internode,128,100,8.14672999979e-06,4.0733649999e-06,31.4236509626,0.000579113000128
5,6,ssend,b->a,internode,128,100,8.17420999965e-06,4.08710499983e-06,31.3180111608,0.000586794000185
5,6,send,a->b,internode,256,100,5.78227000005e-06,2.89113500003e-06,88.54653968,0.000378011000635
5,6,send,b->a,internode,256,100,5.80141e-06,2.900705e-06,88.2544071182,0.000378726000008
5,6,isend,a->b,internode,256,100,5.80851999985e-06,2.90425999992e-06,88.1463780814,1.99270004373e-05
5,6,isend,b->a,internode,256,100,5.90130000035e-06,2.95065000017e-06,86.7605442818,1.98979994934e-05
5,6,bsend,a->b,internode,256,100,6.15419000042e-06,3.07709500021e-06,83.1953514541,4.18870002363e-05
5,6,bsend,b->a,internode,256,100,6.21519999982e-06,3.10759999991e-06,82.3786845178,3.99580002295e-05
5,6,ssend,a->b,internode,256,100,8.22658999994e-06,4.11329499997e-06,62.2372088562,0.000592068999765
5,6,ssend,b->a,internode,256,100,8.41567000009e-06,4.20783500005e-06,60.8388874557,0.00061152200027
5,6,send,a->b,internode,512,100,6.11570999979e-06,3.05785499989e-06,167.437631941,0.000409427000022
5,6,send,b->a,internode,512,100,6.08193999994e-06,3.04096999997e-06,168.367330163,0.000406363000252
5,6,isend,a->b,internode,512,100,6.02452999999e-06,3.012265e-06,169.971765433,1.98309999178e-05
5,6,isend,b->a,internode,512,100,6.04957999997e-06,3.02478999998e-06,169.267949181,1.9915999701e-05
5,6,bsend,a->b,internode,512,100,6.47630999993e-06,3.23815499996e-06,158.114728914,4.49559999538e-05
5,6,bsend,b->a,internode,512,100,6.41898000026e-06,3.20949000013e-06,159.526903022,4.4523000156e-05
5,6,ssend,a->b,internode,512,100,8.46885999977e-06,4.23442999988e-06,120.913558617,0.000609956000005
5,6,ssend,b->a,internode,512,100,8.37678999972e-06,4.18839499986e-06,122.24252966,0.000602418999904
5,6,send,a->b,internode,1024,100,6.04988000021e-06,3.0249400001e-06,338.519111111,0.000394300999801
5,6,send,b->a,internode,1024,100,6.15988999982e-06,3.07994499991e-06,332.473469503,0.000400012999762
5,6,isend,a->b,internode,1024,100,6.1374500001e-06,3.06872500005e-06,333.689072818,1.98559996534e-05
5,6,isend,b->a,internode,1024,100,6.08914999987e-06,3.04457499993e-06,336.335941806,1.96970000275e-05
5,6,bsend,a->b,internode,1024,100,6.67389e-06,3.336945e-06,306.867509054,4.43259999656e-05
5,6,bsend,b->a,internode,1024,100,6.44762999968e-06,3.22381499984e-06,317.636092657,4.41970000225e-05
5,6,ssend,a->b,internode,1024,100,8.36315000015e-06,4.18157500008e-06,244.883805739,0.000596758000029
5,6,ssend,b->a,internode,1024,100,8.46145000025e-06,4.23072500013e-06,242.038894036,0.00060430900038
5,6,send,a->b,internode,2048,100,6.44645000023e-06,3.22322500011e-06,635.388469601,0.000423915000056
5,6,send,b->a,internode,2048,100,6.35997000018e-06,3.17998500009e-06,644.028195084,0.000413565000144
5,6,isend,a->b,internode,2048,100,6.37500999972e-06,3.18750499986e-06,642.508796093,1.98510001042e-05
5,6,isend,b->a,internode,2048,100,6.24716000004e-06,3.12358000002e-06,655.657930959,1.97950000143e-05
5,6,bsend,a->b,internode,2048,100,6.90222999992e-06,3.45111499996e-06,593.431398265,5.24720004478e-05
5,6,bsend,b->a,internode,2048,100,6.88566999997e-06,3.44283499999e-06,594.858597641,5.18199998965e-05
5,6,ssend,a->b,internode,2048,100,8.55291999983e-06,4.27645999991e-06,478.900773079,0.000602244999698
5,6,ssend,b->a,internode,2048,100,8.53430000006e-06,4.26715000003e-06,479.945631155,0.000599347999696
5,6,send,a->b,internode,4096,100,6.45154999972e-06,3.22577499986e-06,1269.77238033,0.000407153999845
5,6,send,b->a,internode,4096,100,6.44201999989e-06,3.22100999995e-06,1271.65081762,0.000402198000359
5,6,isend,a->b,internode,4096,100,6.49754999984e-06,3.24877499992e-06,1260.78291051,1.99560004717e-05
5,6,isend,b->a,internode,4096,100,6.46636999988e-06,3.23318499994e-06,1266.86224267,1.97900002945e-05
5,6,bsend,a->b,internode,4096,100,7.48115000022e-06,3.74057500011e-06,1095.01881392,6.23239995434e-05
5,6,bsend,b->a,internode,4096,100,7.50463999964e-06,3.75231999982e-06,1091.59133555,6.6374000312e-05
5,6,ssend,a->b,internode,4096,100,8.82754999964e-06,4.41377499982e-06,928.003806304,0.000617785999566
5,6,ssend,b->a,internode,4096,100,8.8256500004e-06,4.4128250002e-06,928.203588362,0.000615930000208
5,6,send,a->b,internode,8192,100,7.21813999974e-06,3.60906999987e-06,2269.83682785,0.00044717499992
5,6,send,b->a,internode,8192,100,7.22531000008e-06,3.61265500004e-06,2267.5843666,0.000438333000091
5,6,isend,a->b,internode,8192,100,7.24710000043e-06,3.62355000021e-06,2260.76637538,2.00530002985e-05
5,6,isend,b->a,internode,8192,100,7.24965000018e-06,3.62482500009e-06,2259.97117097,1.96850002681e-05
5,6,bsend,a->b,internode,8192,100,8.6752499999e-06,4.33762499995e-06,1888.59110691,8.91600000728e-05
5,6,bsend,b->a,internode,8192,100,8.73276999982e-06,4.36638499991e-06,1876.15155333,8.9709000008e-05
5,6,ssend,a->b,internode,8192,100,9.89101000016e-06,4.94550500008e-06,1656.45368873,0.000683910999726
5,6,ssend,b->a,internode,8192,100,9.85249999985e-06,4.92624999993e-06,1662.92819084,0.000675920000447
5,6,send,a->b,internode,16384,100,8.81441999979e-06,4.4072099999e-06,3717.54465986,0.00053256800021
5,6,send,b->a,internode,16384,100,8.63858999992e-06,4.31929499996e-06,3793.21162369,0.000512496000056
5,6,isend,a->b,internode,16384,100,8.78858000021e-06,4.39429000011e-06,3728.47490712,1.98790001491e-05
5,6,isend,b->a,internode,16384,100,8.93233999989e-06,4.46616999994e-06,3668.46761324,1.96980001306e-05
5,6,bsend,a->b,internode,16384,100,1.10342099998e-05,5.51710499991e-06,2969.67340666,0.00013215700011
5,6,bsend,b->a,internode,16384,100,1.11308200002e-05,5.56541000009e-06,2943.89811348,0.000132944000029
5,6,ssend,a->b,internode,16384,100,1.14623300004e-05,5.73116500021e-06,2858.75559322,0.000760207000212
5,6,ssend,b->a,internode,16384,100,1.13376100001e-05,5.66880500003e-06,2890.20349085,0.000760258000241
5,6,send,a->b,internode,32768,100,1.83405299998e-05,9.17026499991e-06,3573.28823107,0.000922153000033
5,6,send,b->a,internode,32768,100,1.77071000002e-05,8.85355000008e-06,3701.11424227,0.000917854000193
5,6,isend,a->b,internode,32768,100,1.72934999995e-05,8.64674999974e-06,3789.63194275,2.16499997236e-05
5,6,isend,b->a,internode,32768,100,1.75968899998e-05,8.79844499991e-06,3724.29446343,2.16200000978e-05
5,6,bsend,a->b,internode,32768,100,2.15056300004e-05,1.07528150002e-05,3047.388056,0.000186133000454
5,6,bsend,b->a,internode,32768,100,2.14663400004e-05,1.07331700002e-05,3052.96571277,0.000184423000007
5,6,ssend,a->b,internode,32768,100,1.99245799996e-05,9.96228999981e-06,3289.20358679,0.00106807599991
5,6,ssend,b->a,internode,32768,100,2.01860999999e-05,1.009305e-05,3246.59047564,0.00131938499993
5,6,send,a->b,internode,65536,100,2.26312000001e-05,1.13156e-05,5791.65046482,0.00101522699947
5,6,send,b->a,internode,65536,100,2.23550200002e-05,1.11775100001e-05,5863.20209058,0.00101292199997
5,6,isend,a->b,internode,65536,100,2.21390600001e-05,1.106953e-05,5920.39589754,2.13060000078e-05
5,6,isend,b->a,internode,65536,100,2.244679e-05,1.1223395e-05,5839.23135557,2.1248999758e-05
5,6,bsend,a->b,internode,65536,100,2.84544599998e-05,1.42272299999e-05,4606.37805113,0.000307772999975
5,6,bsend,b->a,internode,65536,100,2.71862900001e-05,1.35931450001e-05,4821.25365393,0.00027952700043
5,6,ssend,a->b,internode,65536,100,2.39735000002e-05,1.19867500001e-05,5467.37022123,0.00124018200029
5,6,ssend,b->a,internode,65536,100,2.512518e-05,1.256259e-05,5216.7586461,0.00164549599981
5,6,send,a->b,internode,131072,100,3.24951499999e-05,1.6247575e-05,8067.17310123,0.00136365100013
5,6,send,b->a,internode,131072,100,3.24590999998e-05,1.62295499999e-05,8076.13273325,0.00140635700006
5,6,isend,a->b,internode,131072,100,2.955848e-05,1.477924e-05,8868.65630439,2.16260003754e-05
5,6,isend,b->a,internode,131072,100,2.90911100001e-05,1.4545555e-05,9011.1377668,2.15019998109e-05
5,6,bsend,a->b,internode,131072,100,4.27961499997e-05,2.13980749999e-05,6125.41081386,0.000574068000219
5,6,bsend,b->a,internode,131072,100,4.35616699997e-05,2.17808349998e-05,6017.76745478,0.000510688999896
5,6,ssend,a->b,internode,131072,100,3.26660899998e-05,1.63330449999e-05,8024.95799166,0.00146290800012
5,6,ssend,b->a,internode,131072,100,3.24694199998e-05,1.62347099999e-05,8073.56583524,0.00214014800002
5,6,send,a->b,internode,262144,100,4.48447099996e-05,2.24223549998e-05,11691.1894403,0.00191865200014
5,6,send,b->a,internode,262144,100,4.770533e-05,2.3852665e-05,10990.1346453,0.0024147340003
5,6,isend,a->b,internode,262144,100,4.57481500001e-05,2.28740750001e-05,11460.3104169,2.15419997858e-05
5,6,isend,b->a,internode,262144,100,4.354363e-05,2.1771815e-05,12040.5211968,2.13549999444e-05
5,6,bsend,a->b,internode,262144,100,7.43571100003e-05,3.71785550001e-05,7050.94643939,0.00116494300005
5,6,bsend,b->a,internode,262144,100,7.49426099998e-05,3.74713049999e-05,6995.85989868,0.0011069919999
5,6,ssend,a->b,internode,262144,100,4.53650099996e-05,2.26825049998e-05,11557.1009464,0.00202328100039
5,6,ssend,b->a,internode,262144,100,4.447089e-05,2.2235445e-05,11789.4649736,0.00279106299973
5,6,send,a->b,internode,524288,100,7.27877699995e-05,3.63938849998e-05,14405.9366018,0.00301093399997
5,6,send,b->a,internode,524288,100,6.94253500001e-05,3.4712675e-05,15103.6472988,0.00379793200023
5,6,isend,a->b,internode,524288,100,6.78776899997e-05,3.39388449999e-05,15448.0212866,2.1658000037e-05
5,6,isend,b->a,internode,524288,100,6.79476300002e-05,3.39738150001e-05,15432.1202961,2.13920000647e-05
5,6,bsend,a->b,internode,524288,100,0.00014646286,7.32314299998e-05,7159.33035858,0.00235472500003
5,6,bsend,b->a,internode,524288,100,0.00013973466,6.98673299999e-05,7504.05089189,0.00234394799946
5,6,ssend,a->b,internode,524288,100,7.05247999997e-05,3.52623999999e-05,14868.1882119,0.00308828899989
5,6,ssend,b->a,internode,524288,100,6.999603e-05,3.4998015e-05,14980.5067516,0.00426691599984
5,6,send,a->b,internode,1048576,100,0.00011760624,5.88031199999e-05,17831.9789835,0.00517259000031
5,6,send,b->a,internode,1048576,100,0.00011450929,5.72546450002e-05,18314.2520576,0.00634026799992
5,6,isend,a->b,internode,1048576,100,0.00011188158,5.59407899999e-05,18744.3902741,2.12909999391e-05
5,6,isend,b->a,internode,1048576,100,0.00011565757,5.78287849999e-05,18132.4231523,2.15890001414e-05
5,6,bsend,a->b,internode,1048576,100,0.00026465864,0.00013232932,7923.98842524,0.00472035600018
5,6,bsend,b->a,internode,1048576,100,0.00026503061,0.000132515305,7912.86712128,0.00460891500012
5,6,ssend,a->b,internode,1048576,100,0.00011439053,5.7195265e-05,18333.2658744,0.00524487999991
5,6,ssend,b->a,internode,1048576,100,0.00011864584,5.93229200001e-05,17675.7314036,0.0069576660004
5,6,send,a->b,internode,2097152,100,0.00020112253,0.000100561265,20854.4711524,0.00947957399967
5,6,send,b->a,internode,2097152,100,0.00020241269,0.000101206345,20721.546658,0.0108701169999
5,6,isend,a->b,internode,2097152,100,0.00019772266,9.88613300001e-05,21213.066828,2.16479998585e-05
5,6,isend,b->a,internode,2097152,100,0.0002008343,0.00010041715,20884.4007224,2.16710000132e-05
5,6,bsend,a->b,internode,2097152,100,0.000510279710001,0.000255139855,8219.61743295,0.00932052199994
5,6,bsend,b->a,internode,2097152,100,0.000509874529999,0.000254937265,8226.14928423,0.00919600699984
5,6,ssend,a->b,internode,2097152,100,0.00020101182,0.00010050591,20865.9570367,0.00956931599973
5,6,ssend,b->a,internode,2097152,100,0.00020455886,0.00010227943,20504.1424263,0.0112465599998
5,6,send,a->b,internode,4194304,100,0.00037483231,0.000187416155,22379.6289066,0.018200307
5,6,send,b->a,internode,4194304,100,0.00037471666,0.00018735833,22386.536003,0.0195218669999
5,6,isend,a->b,internode,4194304,100,0.0003706326,0.0001853163,22633.2168298,2.13399999325e-05
5,6,isend,b->a,internode,4194304,100,0.00036960666,0.00018480333,22696.0412456,2.15720002075e-05
5,6,bsend,a->b,internode,4194304,100,0.00098116122,0.00049058061,8549.67341656,0.0185957369999
5,6,bsend,b->a,internode,4194304,100,0.00098951989,0.000494759945,8477.45263615,0.0183970499998
5,6,ssend,a->b,internode,4194304,100,0.00037445609,0.000187228045,22402.1139568,0.0182582039998
5,6,ssend,b->a,internode,4194304,100,0.00037325198,0.00018662599,22474.3831232,0.0194985059996
5,6,send,a->b,internode,8388608,100,0.00072111809,0.000360559045,23265.5597366,0.0356663800001
5,6,send,b->a,internode,8388608,100,0.00072034502,0.00036017251,23290.5281972,0.0368914910004
5,6,isend,a->b,internode,8388608,100,0.00071556999,0.000357784995,23445.9469157,2.21549997264e-05
5,6,isend,b->a,internode,8388608,100,0.0007162802,0.0003581401,23422.6996642,2.14960001585e-05
5,6,bsend,a->b,internode,8388608,100,0.00196935982,0.00098467991,8519.12171134,0.0377738580003
5,6,bsend,b->a,internode,8388608,100,0.00196187933,0.000980939665,8551.60444552,0.0374482079998
5,6,ssend,a->b,internode,8388608,100,0.00072224788,0.00036112394,23229.1661417,0.0357264819996
5,6,ssend,b->a,internode,8388608,100,0.00072254408,0.00036127204,23219.6435683,0.03717828
5,6,send,a->b,internode,16777216,100,0.00142571909,0.000712859545,23535.0934384,0.070679363
5,6,send,b->a,internode,16777216,100,0.00142712018,0.00071356009,23511.9876169,0.0725272009997
5,6,isend,a->b,internode,16777216,100,0.00142387453,0.000711937265,23565.5820039,2.17989998532e-05
5,6,isend,b->a,internode,16777216,100,0.00142147336,0.00071073668,23605.3892702,2.15649998836e-05
5,6,bsend,a->b,internode,16777216,100,0.00332935148,0.00166467574,10078.3687759,0.0776504160001
5,6,bsend,b->a,internode,16777216,100,0.00331865473,0.001659327365,10110.8535626,0.0778579229997
5,6,ssend,a->b,internode,16777216,100,0.0014258747,0.00071293735,23532.5249827,0.0707022919998
5,6,ssend,b->a,internode,16777216,100,0.00142531205,0.000712656025,23541.8145802,0.0724148269998
5,6,send,a->b,internode,33554432,100,0.00283982537,0.001419912685,23631.3347676,0.140628653
5,6,send,b->a,internode,33554432,100,0.00283933588,0.00141966794,23635.408714,0.143633017
5,6,isend,a->b,internode,33554432,100,0.00283470797,0.001417353985,23673.9955968,2.31609998878e-05
5,6,isend,b->a,internode,33554432,100,0.00283171371,0.001415856855,23699.0285293,2.18089999748e-05
5,6,bsend,a->b,internode,33554432,100,0.00627436059,0.003137180295,10695.7295548,0.157324891
5,6,bsend,b->a,internode,33554432,100,0.00627328689,0.003136643445,10697.5601749,0.158223831
5,6,ssend,a->b,internode,33554432,100,0.00284000261,0.001420001305,23629.859974,0.140670778
5,6,ssend,b->a,internode,33554432,100,0.00283869125,0.001419345625,23640.776009,0.143642684
5,7,send,a->b,internode,1,100,4.79655999982e-06,2.39827999991e-06,0.416965491952,2.09310002788e-05
5,7,send,b->a,internode,1,100,4.79320000011e-06,2.39660000005e-06,0.417257781848,2.13869997197e-05
5,7,isend,a->b,internode,1,100,4.8603800002e-06,2.4301900001e-06,0.411490459577,2.20510000304e-05
5,7,isend,b->a,internode,1,100,4.84168000014e-06,2.42084000007e-06,0.413079757428,2.32860003848e-05
5,7,bsend,a->b,internode,1,100,5.00858000009e-06,2.50429000005e-06,0.399314775837,3.29660000489e-05
5,7,bsend,b->a,internode,1,100,4.99617999992e-06,2.49808999996e-06,0.400305833663,3.20830005194e-05
5,7,ssend,a->b,internode,1,100,8.2788900005e-06,4.13944500025e-06,0.241578279199,0.000600684999824
5,7,ssend,b->a,internode,1,100,8.16709999981e-06,4.0835499999e-06,0.244884965293,0.000589381000395
5,7,send,a->b,internode,2,100,4.65297999995e-06,2.32648999997e-06,0.859664129235,2.16930000647e-05
5,7,send,b->a,internode,2,100,4.77506000038e-06,2.38753000019e-06,0.837685809116,2.15759999946e-05
5,7,isend,a->b,internode,2,100,4.85728000001e-06,2.42864000001e-06,0.823506159824,2.33519999711e-05
5,7,isend,b->a,internode,2,100,4.84349000033e-06,2.42174500016e-06,0.825850781096,2.25010000463e-05
5,7,bsend,a->b,internode,2,100,5.06008000002e-06,2.53004000001e-06,0.790501335944,3.22940002775e-05
5,7,bsend,b->a,internode,2,100,5.04627999987e-06,2.52313999994e-06,0.792663110271,3.33330000899e-05
5,7,ssend,a->b,internode,2,100,8.33419999992e-06,4.16709999996e-06,0.479950085196,0.000605871000062
5,7,ssend,b->a,internode,2,100,8.19325000009e-06,4.09662500005e-06,0.488206755556,0.00059049500004
5,7,send,a->b,internode,4,100,4.73754999973e-06,2.36877499987e-06,1.68863653164,2.09240000686e-05
5,7,send,b->a,internode,4,100,4.65933999976e-06,2.32966999988e-06,1.71698137513,2.10079999192e-05
5,7,isend,a->b,internode,4,100,4.69096000018e-06,2.34548000009e-06,1.70540784822,2.21139996484e-05
5,7,isend,b->a,internode,4,100,4.63398999955e-06,2.31699499977e-06,1.72637403205,2.28159997846e-05
5,7,bsend,a->b,internode,4,100,4.80959000015e-06,2.40479500007e-06,1.66334344502,3.22320001942e-05
5,7,bsend,b->a,internode,4,100,4.80621999998e-06,2.40310999999e-06,1.66450973947,3.1569999976e-05
5,7,ssend,a->b,internode,4,100,8.25725000027e-06,4.12862500013e-06,0.968845559931,0.00059911700032
5,7,ssend,b->a,internode,4,100,8.23292000007e-06,4.11646000003e-06,0.971708701157,0.0005948270001
5,7,send,a->b,internode,8,100,4.76840999966e-06,2.38420499983e-06,3.35541616622,2.11099996932e-05
5,7,send,b->a,internode,8,100,4.4944299998e-06,2.2472149999e-06,3.55996199757,2.13750004718e-05
5,7,isend,a->b,internode,8,100,4.55558999988e-06,2.27779499994e-06,3.51216856662,2.27730001257e-05
5,7,isend,b->a,internode,8,100,4.52538000047e-06,2.26269000024e-06,3.53561468834,2.21479999141e-05
5,7,bsend,a->b,internode,8,100,4.71129999994e-06,2.35564999997e-06,3.39609025114,3.22279996681e-05
5,7,bsend,b->a,internode,8,100,4.69882000004e-06,2.34941000002e-06,3.40511021913,3.17160001941e-05
5,7,ssend,a->b,internode,8,100,8.11256999953e-06,4.05628499976e-06,1.97224800537,0.000581063999959
5,7,ssend,b->a,internode,8,100,8.10117000015e-06,4.05058500007e-06,1.97502336079,0.000581169999919
5,7,send,a->b,internode,16,100,4.48547000019e-06,2.2427350001e-06,7.1341464771,2.21319998559e-05
5,7,send,b->a,internode,16,100,4.48731999995e-06,2.24365999998e-06,7.1312052629,2.13790003727e-05
5,7,isend,a->b,internode,16,100,4.53225000001e-06,2.26612500001e-06,7.06051078381,2.30539997119e-05
5,7,isend,b->a,internode,16,100,4.5671700002e-06,2.2835850001e-06,7.00652701752,2.31129998269e-05
5,7,bsend,a->b,internode,16,100,4.71549999986e-06,2.35774999993e-06,6.78613084529,3.30890003397e-05
5,7,bsend,b->a,internode,16,100,4.74640999983e-06,2.37320499991e-06,6.74193759097,3.29529995611e-05
5,7,ssend,a->b,internode,16,100,8.1302000001e-06,4.06510000005e-06,3.93594253519,0.000582028999929
5,7,ssend,b->a,internode,16,100,8.13362999963e-06,4.06681499982e-06,3.93428272511,0.000581800000191
5,7,send,a->b,internode,32,100,4.49047000018e-06,2.24523500009e-06,14.2524056496,2.20239996906e-05
5,7,send,b->a,internode,32,100,4.49822999997e-06,2.24911499998e-06,14.2278184976,2.19300000026e-05
5,7,isend,a->b,internode,32,100,4.52843999994e-06,2.26421999997e-06,14.13290228,2.25429997727e-05
5,7,isend,b->a,internode,32,100,4.53450000009e-06,2.26725000005e-06,14.1140147753,2.27139996696e-05
5,7,bsend,a->b,internode,32,100,4.72923000018e-06,2.36461500009e-06,13.5328584141,3.30710000185e-05
5,7,bsend,b->a,internode,32,100,4.71975000039e-06,2.3598750002e-06,13.5600402552,3.29400004375e-05
5,7,ssend,a->b,internode,32,100,8.11347000024e-06,4.05673500012e-06,7.88811692138,0.000581820999457
5,7,ssend,b->a,internode,32,100,8.13273000006e-06,4.06636500003e-06,7.86943621632,0.000582500000007
5,7,send,a->b,internode,64,100,4.52973999984e-06,2.26486999992e-06,28.2576924955,2.44639999778e-05
5,7,send,b->a,internode,64,100,4.55364000004e-06,2.27682000002e-06,28.1093806271,2.52550000823e-05
5,7,isend,a->b,internode,64,100,4.54418000004e-06,2.27209000002e-06,28.1678982784,2.40050003413e-05
5,7,isend,b->a,internode,64,100,4.58189000028e-06,2.29094500014e-06,27.936070048,2.55499999184e-05
5,7,bsend,a->b,internode,64,100,4.77441999976e-06,2.38720999988e-06,26.8095391705,3.53330004259e-05
5,7,bsend,b->a,internode,64,100,4.77386e-06,2.38693e-06,26.8126840754,3.51489999844e-05
5,7,ssend,a->b,internode,64,100,8.15535000015e-06,4.07767500008e-06,15.6952184759,0.00058201100029
5,7,ssend,b->a,internode,64,100,8.22731000028e-06,4.11365500014e-06,15.5579405657,0.000590488000284
5,7,send,a->b,internode,128,100,5.62156000001e-06,2.81078e-06,45.5389607155,2.29000001468e-05
5,7,send,b->a,internode,128,100,5.65252000001e-06,2.82626000001e-06,45.2895345792,2.2276000152e-05
5,7,isend,a->b,internode,128,100,5.67697000008e-06,2.83848500004e-06,45.0944782157,2.48410001404e-05
5,7,isend,b->a,internode,128,100,5.68908999981e-06,2.8445449999e-06,44.9984092375,2.35320001138e-05
5,7,bsend,a->b,internode,128,100,5.8548100003e-06,2.92740500015e-06,43.7247323119,3.34859999498e-05
5,7,bsend,b->a,internode,128,100,5.8512999999e-06,2.92564999995e-06,43.7509613256,3.27340002855e-05
5,7,ssend,a->b,internode,128,100,8.21276000011e-06,4.10638000005e-06,31.1710070667,0.000589747000049
5,7,ssend,b->a,internode,128,100,8.32299000024e-06,4.16149500012e-06,30.7581770485,0.000596190000124
5,7,send,a->b,internode,256,100,5.92524000012e-06,2.96262000006e-06,86.4100019559,0.000391141999899
5,7,send,b->a,internode,256,100,6.01552000035e-06,3.00776000017e-06,85.1131739185,0.000399496
5,7,isend,a->b,internode,256,100,6.03264999995e-06,3.01632499998e-06,84.8714909706,1.99359997168e-05
5,7,isend,b->a,internode,256,100,6.02112000024e-06,3.01056000012e-06,85.034013602,1.97040002945e-05
5,7,bsend,a->b,internode,256,100,6.31310000017e-06,3.15655000009e-06,81.1012022598,4.01289997285e-05
5,7,bsend,b->a,internode,256,100,6.37670000003e-06,3.18835000002e-06,80.292314206,4.16620001715e-05
5,7,ssend,a->b,internode,256,100,8.40041999993e-06,4.20020999996e-06,60.9493334862,0.000608213999953
5,7,ssend,b->a,internode,256,100,8.26077999989e-06,4.13038999994e-06,61.9796193588,0.000594053000498
5,7,send,a->b,internode,512,100,5.8694400002e-06,2.9347200001e-06,174.46298113,0.000381901999845
5,7,send,b->a,internode,512,100,5.94638999985e-06,2.97319499992e-06,172.205321216,0.000392175999707
5,7,isend,a->b,internode,512,100,6.01991999986e-06,3.00995999993e-06,170.101928269,2.00559996415e-05
5,7,isend,b->a,internode,512,100,5.99738999995e-06,2.99869499997e-06,170.740938977,1.9552000083e-05
5,7,bsend,a->b,internode,512,100,6.44044000012e-06,3.22022000006e-06,158.995348141,4.42149999458e-05
5,7,bsend,b->a,internode,512,100,6.52667999987e-06,3.26333999993e-06,156.894470086,4.39969999775e-05
5,7,ssend,a->b,internode,512,100,8.41435999973e-06,4.20717999987e-06,121.696718471,0.000604480999868
5,7,ssend,b->a,internode,512,100,8.41797000021e-06,4.2089850001e-06,121.644529498,0.000607639000521
5,7,send,a->b,internode,1024,100,6.13574999988e-06,3.06787499994e-06,333.781526307,0.000404712999853
5,7,send,b->a,internode,1024,100,6.15627999991e-06,3.07813999996e-06,332.668429641,0.00040267400027
5,7,isend,a->b,internode,1024,100,6.14818000031e-06,3.07409000015e-06,333.106707985,2.01779999998e-05
5,7,isend,b->a,internode,1024,100,6.10138000013e-06,3.05069000007e-06,335.661768314,1.96440003037e-05
5,7,bsend,a->b,internode,1024,100,6.51538e-06,3.25769e-06,314.333162456,4.52340001402e-05
5,7,bsend,b->a,internode,1024,100,6.56505999984e-06,3.28252999992e-06,311.954498519,4.1698000075e-05
5,7,ssend,a->b,internode,1024,100,8.45893999951e-06,4.22946999976e-06,242.110713649,0.000602370999729
5,7,ssend,b->a,internode,1024,100,8.33472000011e-06,4.16736000005e-06,245.719112337,0.000590969000143
5,7,send,a->b,internode,2048,100,6.20508999987e-06,3.10254499993e-06,660.10323784,0.000399357999981
5,7,send,b->a,internode,2048,100,6.19766e-06,3.09883e-06,660.894595702,0.000398733000111
5,7,isend,a->b,internode,2048,100,6.26229000034e-06,3.13114500017e-06,654.073829187,1.98329997261e-05
5,7,isend,b->a,internode,2048,100,6.24515000027e-06,3.12257500013e-06,655.86895428,1.96189997155e-05
5,7,bsend,a->b,internode,2048,100,6.84502000013e-06,3.42251000006e-06,598.391239167,5.33020001399e-05
5,7,bsend,b->a,internode,2048,100,6.83647000017e-06,3.41823500008e-06,599.139614436,5.11589997245e-05
5,7,ssend,a->b,internode,2048,100,8.59830999957e-06,4.29915499979e-06,476.372682563,0.000608965999959
5,7,ssend,b->a,internode,2048,100,8.59531000003e-06,4.29765500002e-06,476.538949728,0.000603150000018
5,7,send,a->b,internode,4096,100,6.46428999971e-06,3.23214499986e-06,1267.26987811,0.000405472000011
5,7,send,b->a,internode,4096,100,6.45524999982e-06,3.22762499991e-06,1269.04457616,0.00040182500021
5,7,isend,a->b,internode,4096,100,6.49152999983e-06,3.24576499992e-06,1261.95211302,1.99690001637e-05
5,7,isend,b->a,internode,4096,100,6.48610999974e-06,3.24305499987e-06,1263.00664039,1.97360001835e-05
5,7,bsend,a->b,internode,4096,100,7.49306999978e-06,3.74653499989e-06,1093.27685451,6.20009998897e-05
5,7,bsend,b->a,internode,4096,100,7.51675999993e-06,3.75837999997e-06,1089.83125709,6.11329999174e-05
5,7,ssend,a->b,internode,4096,100,8.79239000028e-06,4.39619500014e-06,931.714812439,0.000616623000155
5,7,ssend,b->a,internode,4096,100,8.82975000025e-06,4.41487500012e-06,927.772586967,0.000614207000012
5,7,send,a->b,internode,8192,100,7.2327700002e-06,3.6163850001e-06,2265.2455421,0.000447217000101
5,7,send,b->a,internode,8192,100,7.26789999987e-06,3.63394999994e-06,2254.2962892,0.000443501000007
5,7,isend,a->b,internode,8192,100,7.32414000026e-06,3.66207000013e-06,2236.98618533,1.99339996811e-05
5,7,isend,b->a,internode,8192,100,7.38321000028e-06,3.69160500014e-06,2219.08898695,1.95660001623e-05
5,7,bsend,a->b,internode,8192,100,8.80730999995e-06,4.40365499998e-06,1860.27288696,8.93789998599e-05
5,7,bsend,b->a,internode,8192,100,8.78547000013e-06,4.39273500007e-06,1864.89738167,8.97250002367e-05
5,7,ssend,a->b,internode,8192,100,9.66387000005e-06,4.83193500003e-06,1695.38704473,0.000664294000103
5,7,ssend,b->a,internode,8192,100,9.78556999996e-06,4.89278499998e-06,1674.30205906,0.000667913999905
5,7,send,a->b,internode,16384,100,8.8180299997e-06,4.40901499985e-06,3716.0227399,0.000538355000288
5,7,send,b->a,internode,16384,100,9.0585800001e-06,4.52929000005e-06,3617.34399869,0.000551237000366
5,7,isend,a->b,internode,16384,100,9.08874999993e-06,4.54437499997e-06,3605.33626739,1.98710002337e-05
5,7,isend,b->a,internode,16384,100,9.04135999974e-06,4.52067999987e-06,3624.23352249,1.96650002522e-05
5,7,bsend,a->b,internode,16384,100,1.11423200002e-05,5.5711600001e-06,2940.85971318,0.000132344999997
5,7,bsend,b->a,internode,16384,100,1.09723200001e-05,5.48616000003e-06,2986.4240197,0.000134128999662
5,7,ssend,a->b,internode,16384,100,1.145683e-05,5.72841500002e-06,2860.12797605,0.000755642999934
5,7,ssend,b->a,internode,16384,100,1.13575499995e-05,5.67877499975e-06,2885.12927537,0.000763534999919
5,7,send,a->b,internode,32768,100,1.90710299995e-05,9.53551499975e-06,3436.41638662,0.000906728999894
5,7,send,b->a,internode,32768,100,1.89697999997e-05,9.48489999985e-06,3454.75439915,0.000901387000226
5,7,isend,a->b,internode,32768,100,1.99813900002e-05,9.99069500011e-06,3279.85190216,2.16500001216e-05
5,7,isend,b->a,internode,32768,100,1.93404999999e-05,9.67024999994e-06,3388.53700785,2.1371999992e-05
5,7,bsend,a->b,internode,32768,100,2.37104899998e-05,1.18552449999e-05,2764.00867298,0.000183770999797
5,7,bsend,b->a,internode,32768,100,2.44072099997e-05,1.22036049999e-05,2685.10821191,0.000184409000099
5,7,ssend,a->b,internode,32768,100,2.28865999998e-05,1.14432999999e-05,2863.50965197,0.00132660099962
5,7,ssend,b->a,internode,32768,100,2.28808200001e-05,1.144041e-05,2864.23301262,0.00132130200006
5,7,send,a->b,internode,65536,100,2.65957599999e-05,1.32978799999e-05,4928.30436132,0.00101686100021
5,7,send,b->a,internode,65536,100,2.668804e-05,1.334402e-05,4911.26362222,0.00100819200009
5,7,isend,a->b,internode,65536,100,2.63073000002e-05,1.31536500001e-05,4982.34330391,2.12080001916e-05
5,7,isend,b->a,internode,65536,100,2.32412100002e-05,1.16206050001e-05,5639.63752314,2.11800000329e-05
5,7,bsend,a->b,internode,65536,100,3.09913499996e-05,1.54956749998e-05,4229.309146,0.000307064000197
5,7,bsend,b->a,internode,65536,100,3.30732600003e-05,1.65366300001e-05,3963.08074859,0.000303366999447
5,7,ssend,a->b,internode,65536,100,2.81011699997e-05,1.40505849998e-05,4664.28977874,0.00156004300027
5,7,ssend,b->a,internode,65536,100,2.70117599996e-05,1.35058799998e-05,4852.40502662,0.00155861600001
5,7,send,a->b,internode,131072,100,3.42512499998e-05,1.71256249999e-05,7653.5600891,0.00136121599968
5,7,send,b->a,internode,131072,100,3.43617100003e-05,1.71808550002e-05,7628.95676605,0.0013714300004
5,7,isend,a->b,internode,131072,100,3.61293699996e-05,1.80646849998e-05,7255.70360079,2.15179999827e-05
5,7,isend,b->a,internode,131072,100,3.63703099998e-05,1.81851549999e-05,7207.63721841,2.16680000449e-05
5,7,bsend,a->b,internode,131072,100,5.44980500001e-05,2.72490250001e-05,4810.15375778,0.000578625999594
5,7,bsend,b->a,internode,131072,100,5.00676999997e-05,2.50338499998e-05,5235.79073937,0.000581514000032
5,7,ssend,a->b,internode,131072,100,3.67802400001e-05,1.839012e-05,7127.30531392,0.00198797600012
5,7,ssend,b->a,internode,131072,100,3.88208700002e-05,1.94104350001e-05,6752.65649633,0.00224667599997
5,7,send,a->b,internode,262144,100,4.96816499998e-05,2.48408249999e-05,10552.9506367,0.00203536599986
5,7,send,b->a,internode,262144,100,4.94120600001e-05,2.47060300001e-05,10610.5270656,0.00209386699993
5,7,isend,a->b,internode,262144,100,5.19086499997e-05,2.59543249999e-05,10100.2048792,2.14309999365e-05
5,7,isend,b->a,internode,262144,100,5.26285699999e-05,2.6314285e-05,9962.04152993,2.12040000633e-05
5,7,bsend,a->b,internode,262144,100,9.04816499997e-05,4.52408249998e-05,5794.41245824,0.00115819899952
5,7,bsend,b->a,internode,262144,100,9.171815e-05,4.5859075e-05,5716.29497542,0.00108090100019
5,7,ssend,a->b,internode,262144,100,5.26358499997e-05,2.63179249998e-05,9960.66369221,0.00277270600031
5,7,ssend,b->a,internode,262144,100,5.343219e-05,2.6716095e-05,9812.21245096,0.00292514100005
5,7,send,a->b,internode,524288,100,7.90139900005e-05,3.95069950002e-05,13270.7638229,0.00364018300019
5,7,send,b->a,internode,524288,100,7.74075800001e-05,3.87037900001e-05,13546.1669258,0.00350566399987
5,7,isend,a->b,internode,524288,100,7.875119e-05,3.9375595e-05,13315.0495884,2.16190002789e-05
5,7,isend,b->a,internode,524288,100,7.76924399997e-05,3.88462199999e-05,13496.4997882,2.12400000237e-05
5,7,bsend,a->b,internode,524288,100,0.00017484288,8.742144e-05,5997.24735717,0.00235684500007
5,7,bsend,b->a,internode,524288,100,0.00017144703,8.57235149999e-05,6116.03478929,0.00230322600015
5,7,ssend,a->b,internode,524288,100,8.01316599996e-05,4.00658299998e-05,13085.6642681,0.00418656800008
5,7,ssend,b->a,internode,524288,100,8.26957200002e-05,4.13478600001e-05,12679.9307146,0.00428282600006
5,7,send,a->b,internode,1048576,100,0.00012258254,6.12912700001e-05,17108.0808082,0.00599532899969
5,7,send,b->a,internode,1048576,100,0.00012514828,6.257414e-05,16757.3377756,0.00622314599951
5,7,isend,a->b,internode,1048576,100,0.00012497456,6.248728e-05,16780.6311941,2.15800000092e-05
5,7,isend,b->a,internode,1048576,100,0.00012449164,6.22458200002e-05,16845.7255443,2.12599997553e-05
5,7,bsend,a->b,internode,1048576,100,0.0003282794,0.0001641397,6388.31434443,0.00470868799965
5,7,bsend,b->a,internode,1048576,100,0.00032915891,0.000164579455,6371.2448191,0.00465362100016
5,7,ssend,a->b,internode,1048576,100,0.000128040389999,6.40201949997e-05,16378.8317109,0.00644209199976
5,7,ssend,b->a,internode,1048576,100,0.00012866034,6.43301699998e-05,16299.910291,0.00669508399972
5,7,send,a->b,internode,2097152,100,0.00020911015,0.000104555075,20057.8690226,0.0102982469997
5,7,send,b->a,internode,2097152,100,0.0002083168,0.0001041584,20134.2570546,0.0103409010003
5,7,isend,a->b,internode,2097152,100,0.00020855789,0.000104278945,20110.9821355,2.1763999996e-05
5,7,isend,b->a,internode,2097152,100,0.00020909117,0.000104545585,20059.6897516,2.12419998888e-05
5,7,bsend,a->b,internode,2097152,100,0.00062091497,0.000310457485,6755.03765033,0.00928665999959
5,7,bsend,b->a,internode,2097152,100,0.0006200543,0.00031002715,6764.41401987,0.00921925799963
5,7,ssend,a->b,internode,2097152,100,0.00021430187,0.000107150935,19571.9430727,0.0108217570002
5,7,ssend,b->a,internode,2097152,100,0.00021460754,0.00010730377,19544.0663455,0.0111225610001
5,7,send,a->b,internode,4194304,100,0.00037755468,0.00018877734,22218.2598823,0.0186953949994
5,7,send,b->a,internode,4194304,100,0.000376482,0.000188241,22281.5645901,0.019001518
5,7,isend,a->b,internode,4194304,100,0.00037415872,0.00018707936,22419.9184774,2.14939998955e-05
5,7,isend,b->a,internode,4194304,100,0.00037559452,0.00018779726,22334.2129699,2.15749998915e-05
5,7,bsend,a->b,internode,4194304,100,0.00120127152,0.00060063576,6983.1073661,0.0186207190006
5,7,bsend,b->a,internode,4194304,100,0.00121911438,0.00060955719,6880.90316841,0.0183961859999
5,7,ssend,a->b,internode,4194304,100,0.00038310699,0.000191553495,21896.2540986,0.0190431070001
5,7,ssend,b->a,internode,4194304,100,0.00038216177,0.000191080885,21950.4112094,0.0195064350001
5,7,send,a->b,internode,8388608,100,0.00073305896,0.00036652948,22886.5847298,0.0367198280003
5,7,send,b->a,internode,8388608,100,0.00072991708,0.00036495854,22985.0985265,0.0369626589999
5,7,isend,a->b,internode,8388608,100,0.00072409875,0.000362049375,23169.7900321,2.17760002101e-05
5,7,isend,b->a,internode,8388608,100,0.00072089446,0.00036044723,23272.7769887,2.12669996245e-05
5,7,bsend,a->b,internode,8388608,100,0.00240600733,0.001203003665,6973.05273796,0.0377432409999
5,7,bsend,b->a,internode,8388608,100,0.00242073445,0.001210367225,6930.63049522,0.0376708269997
5,7,ssend,a->b,internode,8388608,100,0.00073226523,0.000366132615,22911.3923653,0.0364344069997
5,7,ssend,b->a,internode,8388608,100,0.00073357221,0.000366786105,22870.5719373,0.0372422450002
5,7,send,a->b,internode,16777216,100,0.0014410527,0.00072052635,23284.6668272,0.0717353749999
5,7,send,b->a,internode,16777216,100,0.00144024258,0.00072012129,23297.7641864,0.0725587409999
5,7,isend,a->b,internode,16777216,100,0.00143966873,0.000719834365,23307.0506435,2.2299000193e-05
5,7,isend,b->a,internode,16777216,100,0.00143995384,0.00071997692,23302.4358614,2.13569999801e-05
5,7,bsend,a->b,internode,16777216,100,0.00363290493,0.001816452465,9236.2538097,0.0775909979999
5,7,bsend,b->a,internode,16777216,100,0.00366935621,0.001834678105,9144.50112762,0.0774953889999
5,7,ssend,a->b,internode,16777216,100,0.00144597592,0.00072298796,23205.3878186,0.072222288
5,7,ssend,b->a,internode,16777216,100,0.00144563821,0.000722819105,23210.8087403,0.072715103
5,7,send,a->b,internode,33554432,100,0.00287649819,0.001438249095,23330.0560499,0.143246785
5,7,send,b->a,internode,33554432,100,0.00287045492,0.00143522746,23379.1736398,0.144133961
5,7,isend,a->b,internode,33554432,100,0.00286824294,0.00143412147,23397.2035856,2.18809998387e-05
5,7,isend,b->a,internode,33554432,100,0.0028665992,0.0014332996,23410.6198034,2.1443999799e-05
5,7,bsend,a->b,internode,33554432,100,0.00648240629,0.003241203145,10352.4618788,0.158368101
5,7,bsend,b->a,internode,33554432,100,0.00648174827,0.003240874135,10353.5128494,0.15826922
5,7,ssend,a->b,internode,33554432,100,0.00287501392,0.00143750696,23342.1005489,0.143788043
5,7,ssend,b->a,internode,33554432,100,0.00287304074,0.00143652037,23358.1317054,0.144378163
6,7,send,a->b,intranode,1,100,1.72486999986e-06,8.62434999931e-07,1.15950767313,2.15440000488e-05
6,7,send,b->a,intranode,1,100,8.69250000051e-07,4.34625000025e-07,2.30083405221,1.91250000512e-05
6,7,isend,a->b,intranode,1,100,9.24850000388e-07,4.62425000194e-07,2.16251283901,2.0769999594e-05
6,7,isend,b->a,intranode,1,100,8.87989999683e-07,4.43994999841e-07,2.25227761654,1.88059998436e-05
6,7,bsend,a->b,intranode,1,100,1.0150199995e-06,5.0750999975e-07,1.97040452502,2.72650000852e-05
6,7,bsend,b->a,intranode,1,100,1.01812999958e-06,5.0906499979e-07,1.9643856883,2.67090001103e-05
6,7,ssend,a->b,intranode,1,100,1.60533999974e-06,8.02669999871e-07,1.24584200252,0.000121358000285
6,7,ssend,b->a,intranode,1,100,1.58300999999e-06,7.91504999995e-07,1.26341589757,0.000125246999858
6,7,send,a->b,intranode,2,100,8.64739999997e-07,4.32369999999e-07,4.62566783081,2.00960001848e-05
6,7,send,b->a,intranode,2,100,8.52919999943e-07,4.26459999971e-07,4.68977160844,1.90759997736e-05
6,7,isend,a->b,intranode,2,100,9.14330000228e-07,4.57165000114e-07,4.37478809511,2.03239994221e-05
6,7,isend,b->a,intranode,2,100,8.99210000398e-07,4.49605000199e-07,4.44834910447,1.91670000049e-05
6,7,bsend,a->b,intranode,2,100,1.02804999983e-06,5.14024999916e-07,3.89086134007,2.80320001025e-05
6,7,bsend,b->a,intranode,2,100,1.02143999982e-06,5.10719999909e-07,3.91604010095,2.69719998869e-05
6,7,ssend,a->b,intranode,2,100,1.60434000009e-06,8.02170000043e-07,2.49323709425,0.000122245000114
6,7,ssend,b->a,intranode,2,100,1.57639000008e-06,7.88195000041e-07,2.53744314528,0.000120190000075
6,7,send,a->b,intranode,4,100,9.08220000042e-07,4.54110000021e-07,8.80843848366,2.15410002511e-05
6,7,send,b->a,intranode,4,100,8.66249999945e-07,4.33124999972e-07,9.2352092358,1.89870005443e-05
6,7,isend,a->b,intranode,4,100,9.02309999447e-07,4.51154999723e-07,8.86613248762,1.96559999495e-05
6,7,isend,b->a,intranode,4,100,8.97300000133e-07,4.48650000067e-07,8.91563579495,1.94869996335e-05
6,7,bsend,a->b,intranode,4,100,1.0118199998e-06,5.05909999902e-07,7.90654464387,2.75430002148e-05
6,7,bsend,b->a,intranode,4,100,1.02714999969e-06,5.13574999843e-07,7.78854111127,2.64300002186e-05
6,7,ssend,a->b,intranode,4,100,1.57649000016e-06,7.88245000081e-07,5.07456437984,0.000118397000165
6,7,ssend,b->a,intranode,4,100,1.57880000017e-06,7.89400000087e-07,5.06713959913,0.000123337999753
6,7,send,a->b,intranode,8,100,8.56419999877e-07,4.28209999939e-07,18.6824221787,1.96800000367e-05
6,7,send,b->a,intranode,8,100,8.79570000052e-07,4.39785000026e-07,18.1907068216,2.01510000011e-05
6,7,isend,a->b,intranode,8,100,8.99510000067e-07,4.49755000034e-07,17.7874620613,1.98180003395e-05
6,7,isend,b->a,intranode,8,100,8.91789999855e-07,4.45894999928e-07,17.9414436163,1.91949998793e-05
6,7,bsend,a->b,intranode,8,100,1.08576000002e-06,5.42880000012e-07,14.7362216325,3.39650005685e-05
6,7,bsend,b->a,intranode,8,100,1.09116999965e-06,5.45584999827e-07,14.6631597323,3.32479999088e-05
6,7,ssend,a->b,intranode,8,100,1.60324000035e-06,8.01620000175e-07,9.9797909212,0.000120150000498
6,7,ssend,b->a,intranode,8,100,1.59171999996e-06,7.95859999982e-07,10.0520191996,0.00012254399968
6,7,send,a->b,intranode,16,100,8.75970000038e-07,4.37985000019e-07,36.530931423,2.02859998808e-05
6,7,send,b->a,intranode,16,100,8.75459999747e-07,4.37729999874e-07,36.5522125617,1.95689997327e-05
6,7,isend,a->b,intranode,16,100,9.04909999804e-07,4.52454999902e-07,35.3626327557,2.01979999588e-05
6,7,isend,b->a,intranode,16,100,9.03010000002e-07,4.51505000001e-07,35.4370383494,1.91070003552e-05
6,7,bsend,a->b,intranode,16,100,1.03686999978e-06,5.1843499989e-07,30.8621138685,2.87609999532e-05
6,7,bsend,b->a,intranode,16,100,1.06351999989e-06,5.31759999944e-07,30.0887618506,2.88850003471e-05
6,7,ssend,a->b,intranode,16,100,1.5805999999e-06,7.90299999949e-07,20.2454764027,0.000121769000089
6,7,ssend,b->a,intranode,16,100,1.59953999969e-06,7.99769999844e-07,20.0057516575,0.000124340999889
6,7,send,a->b,intranode,32,100,1.01813000015e-06,5.09065000074e-07,62.8603419904,2.34340000134e-05
6,7,send,b->a,intranode,32,100,1.0494899999e-06,5.2474499995e-07,60.9820007871,2.68580004672e-05
6,7,isend,a->b,intranode,32,100,9.78350000196e-07,4.89175000098e-07,65.4162620608,2.07540000474e-05
6,7,isend,b->a,intranode,32,100,9.93080000171e-07,4.96540000086e-07,64.4459660742,2.03680002642e-05
6,7,bsend,a->b,intranode,32,100,1.23324000015e-06,6.16620000073e-07,51.8958191369,4.00319996743e-05
6,7,bsend,b->a,intranode,32,100,1.23744999996e-06,6.18724999981e-07,51.7192613859,3.78199998181e-05
6,7,ssend,a->b,intranode,32,100,1.6687599998e-06,8.34379999901e-07,38.3518301059,0.000127697999915
6,7,ssend,b->a,intranode,32,100,1.61757000001e-06,8.08785000004e-07,39.565521121,0.000125496000237
6,7,send,a->b,intranode,64,100,1.15348999998e-06,5.76744999989e-07,110.96758533,2.95249998885e-05
6,7,send,b->a,intranode,64,100,1.21401000001e-06,6.07005000006e-07,105.435704812,3.30670004018e-05
6,7,isend,a->b,intranode,64,100,1.07343000025e-06,5.36715000123e-07,119.243918999,2.14159998677e-05
6,7,isend,b->a,intranode,64,100,1.06462000019e-06,5.32310000096e-07,120.23069262,2.00600002813e-05
6,7,bsend,a->b,intranode,64,100,1.43240999989e-06,7.16204999947e-07,89.3598899823,4.89450001169e-05
6,7,bsend,b->a,intranode,64,100,1.41398000039e-06,7.06990000197e-07,90.5246184277,4.25189997486e-05
6,7,ssend,a->b,intranode,64,100,1.72797999994e-06,8.63989999971e-07,74.0749314253,0.000136465999958
6,7,ssend,b->a,intranode,64,100,1.7313799998e-06,8.65689999898e-07,73.9294666769,0.000136206999571
6,7,send,a->b,intranode,128,100,1.18875999988e-06,5.94379999939e-07,215.35044923,3.3146000078e-05
6,7,send,b->a,intranode,128,100,1.17573000011e-06,5.87865000057e-07,217.737065462,3.20410000541e-05
6,7,isend,a->b,intranode,128,100,1.06642000048e-06,5.33210000242e-07,240.055512728,2.22329999247e-05
6,7,isend,b->a,intranode,128,100,1.09226999996e-06,5.46134999979e-07,234.374284755,2.10670000911e-05
6,7,bsend,a->b,intranode,128,100,1.35857000032e-06,6.7928500016e-07,188.433426279,4.26699998002e-05
6,7,bsend,b->a,intranode,128,100,1.48151000019e-06,7.40755000095e-07,172.796673642,4.61169998403e-05
6,7,ssend,a->b,intranode,128,100,1.77096000016e-06,8.85480000079e-07,144.554365981,0.000140088000819
6,7,ssend,b->a,intranode,128,100,1.77858000029e-06,8.89290000146e-07,143.935049285,0.000140110000018
6,7,send,a->b,intranode,256,100,1.34195000044e-06,6.70975000219e-07,381.53433424,2.97179998938e-05
6,7,send,b->a,intranode,256,100,1.22382000029e-06,6.11910000146e-07,418.362177345,3.68759998537e-05
6,7,isend,a->b,intranode,256,100,1.2054900003e-06,6.02745000151e-07,424.72355629,2.9670999993e-05
6,7,isend,b->a,intranode,256,100,1.20257999981e-06,6.01289999906e-07,425.751301435,3.21350000831e-05
6,7,bsend,a->b,intranode,256,100,1.46027999961e-06,7.30139999803e-07,350.617689853,5.00609997971e-05
6,7,bsend,b->a,intranode,256,100,1.41918999987e-06,7.09594999933e-07,360.769171181,4.27590001095e-05
6,7,ssend,a->b,intranode,256,100,1.74962000017e-06,8.74810000084e-07,292.634972137,0.000139529000023
6,7,ssend,b->a,intranode,256,100,1.78589000029e-06,8.92945000146e-07,286.691789481,0.000141905000532
6,7,send,a->b,intranode,512,100,1.63600000008e-06,8.18000000038e-07,625.916870387,3.33200000568e-05
6,7,send,b->a,intranode,512,100,1.39864999994e-06,6.99324999971e-07,732.134558355,3.60279995562e-05
6,7,isend,a->b,intranode,512,100,1.38381999989e-06,6.91909999944e-07,739.98063338,3.19939999258e-05
6,7,isend,b->a,intranode,512,100,1.39454000021e-06,6.97270000103e-07,734.292311335,3.30739998731e-05
6,7,bsend,a->b,intranode,512,100,1.61336000019e-06,8.06680000096e-07,634.700252813,4.53389997119e-05
6,7,bsend,b->a,intranode,512,100,1.61496000032e-06,8.07480000162e-07,634.071431982,4.54240001773e-05
6,7,ssend,a->b,intranode,512,100,1.96351999989e-06,9.81759999945e-07,521.512385948,0.000155729000028
6,7,ssend,b->a,intranode,512,100,2.05891000007e-06,1.02945500004e-06,497.350539831,0.000165685999718
6,7,send,a->b,intranode,1024,100,1.89800999976e-06,9.49004999882e-07,1079.02487355,4.11680000525e-05
6,7,send,b->a,intranode,1024,100,1.71314999989e-06,8.56574999943e-07,1195.45865811,4.68499999897e-05
6,7,isend,a->b,intranode,1024,100,1.77807999989e-06,8.89039999947e-07,1151.80419336,4.58690005303e-05
6,7,isend,b->a,intranode,1024,100,1.73910000001e-06,8.69550000004e-07,1177.62060835,4.21250001637e-05
6,7,bsend,a->b,intranode,1024,100,1.87165e-06,9.35824999999e-07,1094.22167606,5.19789998066e-05
6,7,bsend,b->a,intranode,1024,100,1.91602999962e-06,9.5801499981e-07,1068.87679233,5.57160001904e-05
6,7,ssend,a->b,intranode,1024,100,2.16340999998e-06,1.08170499999e-06,946.653662514,0.00017812800013
6,7,ssend,b->a,intranode,1024,100,2.07504000002e-06,1.03752000001e-06,986.96892589,0.000163138999937
6,7,send,a->b,intranode,2048,100,2.93747000001e-06,1.468735e-06,1394.39721937,5.88619999462e-05
6,7,send,b->a,intranode,2048,100,2.09156999972e-06,1.04578499986e-06,1958.33751706,6.00719997124e-05
6,7,isend,a->b,intranode,2048,100,2.03005999992e-06,1.01502999996e-06,2017.67435453,5.44580001929e-05
6,7,isend,b->a,intranode,2048,100,2.04838999991e-06,1.02419499996e-06,1999.61921322,5.57679997542e-05
6,7,bsend,a->b,intranode,2048,100,2.29053999988e-06,1.14526999994e-06,1788.22461089,7.17930003589e-05
6,7,bsend,b->a,intranode,2048,100,2.29705999971e-06,1.14852999985e-06,1783.1488949,6.60130000369e-05
6,7,ssend,a->b,intranode,2048,100,2.30718000012e-06,1.15359000006e-06,1775.32745594,0.000154109000562
6,7,ssend,b->a,intranode,2048,100,2.30096999985e-06,1.15048499993e-06,1780.11881957,0.000155761000315
6,7,send,a->b,intranode,4096,100,4.38251999981e-06,2.1912599999e-06,1869.24417923,0.000166801000034
6,7,send,b->a,intranode,4096,100,2.92755000032e-06,1.46377500016e-06,2798.24426537,8.53649999044e-05
6,7,isend,a->b,intranode,4096,100,3.07372999998e-06,1.53686499999e-06,2665.1657758,8.60009999428e-05
6,7,isend,b->a,intranode,4096,100,3.01191000005e-06,1.50595500003e-06,2719.86878753,8.86650001917e-05
6,7,bsend,a->b,intranode,4096,100,3.50394999998e-06,1.75197499999e-06,2337.93290431,0.000113314999908
6,7,bsend,b->a,intranode,4096,100,3.43782000016e-06,1.71891000008e-06,2382.90544578,0.000111240999729
6,7,ssend,a->b,intranode,4096,100,3.13094000035e-06,1.56547000017e-06,2616.46661996,0.00018521800007
6,7,ssend,b->a,intranode,4096,100,3.2298299999e-06,1.61491499995e-06,2536.35640274,0.000192236999851
6,7,send,a->b,intranode,8192,100,4.28503000023e-06,2.14251500012e-06,3823.54382562,0.000264602000243
6,7,send,b->a,intranode,8192,100,4.22260999983e-06,2.11130499991e-06,3880.06469948,0.000258167999846
6,7,isend,a->b,intranode,8192,100,4.1874499999e-06,2.09372499995e-06,3912.64373315,2.92759998501e-05
6,7,isend,b->a,intranode,8192,100,4.19986999987e-06,2.09993499993e-06,3901.07312858,2.88619999083e-05
6,7,bsend,a->b,intranode,8192,100,5.83316999951e-06,2.91658499975e-06,2808.76435993,0.000198716999932
6,7,bsend,b->a,intranode,8192,100,5.78849000021e-06,2.89424500011e-06,2830.44455452,0.00013187199977
6,7,ssend,a->b,intranode,8192,100,5.67547000003e-06,2.83773500001e-06,2886.80937436,0.000317754999969
6,7,ssend,b->a,intranode,8192,100,5.73228000007e-06,2.86614000004e-06,2858.19952964,0.000317169000198
6,7,send,a->b,intranode,16384,100,6.38030000005e-06,3.19015000002e-06,5135.808661,0.000364949000129
6,7,send,b->a,intranode,16384,100,6.48990999991e-06,3.24495499996e-06,5049.06847713,0.000374994999731
6,7,isend,a->b,intranode,16384,100,6.44051999984e-06,3.22025999992e-06,5087.78794271,2.82120003021e-05
6,7,isend,b->a,intranode,16384,100,6.52408000008e-06,3.26204000004e-06,5022.62387948,2.94559998224e-05
6,7,bsend,a->b,intranode,16384,100,9.43439999958e-06,4.71719999979e-06,3473.2468415,0.000373729999922
6,7,bsend,b->a,intranode,16384,100,9.10857999997e-06,4.55428999999e-06,3597.48720438,0.000227592000385
6,7,ssend,a->b,intranode,16384,100,9.19855999996e-06,4.59927999998e-06,3562.29670733,0.000492121000093
6,7,ssend,b->a,intranode,16384,100,9.17270000002e-06,4.58635000001e-06,3572.33966007,0.000488219999738
6,7,send,a->b,intranode,32768,100,1.11169900003e-05,5.55849500017e-06,5895.12089135,0.000611584000239
6,7,send,b->a,intranode,32768,100,1.114766e-05,5.57383e-06,5878.90193996,0.000601969000058
6,7,isend,a->b,intranode,32768,100,1.11111899997e-05,5.55559499986e-06,5898.19812294,2.73980002135e-05
6,7,isend,b->a,intranode,32768,100,1.10487699999e-05,5.52438499994e-06,5931.51997921,2.88710000973e-05
6,7,bsend,a->b,intranode,32768,100,1.401079e-05,7.00539500002e-06,4677.53781191,0.000494027999878
6,7,bsend,b->a,intranode,32768,100,1.39106899996e-05,6.95534499982e-06,4711.19692852,0.000391890999936
6,7,ssend,a->b,intranode,32768,100,1.66498999999e-05,8.32494999997e-06,3936.11973647,0.000874554000006
6,7,ssend,b->a,intranode,32768,100,1.66958800003e-05,8.34794000014e-06,3925.27976956,0.000879481000084
6,7,send,a->b,intranode,65536,100,2.01300000003e-05,1.00650000002e-05,6511.27670133,0.00107925699979
6,7,send,b->a,intranode,65536,100,2.011106e-05,1.005553e-05,6517.40882878,0.00104036699997
6,7,isend,a->b,intranode,65536,100,2.00416300004e-05,1.00208150002e-05,6539.9870169,2.72799999834e-05
6,7,isend,b->a,intranode,65536,100,2.01466300001e-05,1.00733150001e-05,6505.9019796,2.90560000735e-05
6,7,bsend,a->b,intranode,65536,100,2.504493e-05,1.2522465e-05,5233.4743998,0.000882181999998
6,7,bsend,b->a,intranode,65536,100,2.488943e-05,1.2444715e-05,5266.17122207,0.000753645000088
6,7,ssend,a->b,intranode,65536,100,3.055819e-05,1.5279095e-05,4289.25927878,0.00156165600021
6,7,ssend,b->a,intranode,65536,100,3.03131200002e-05,1.51565600001e-05,4323.93630214,0.00157357299986
6,7,send,a->b,intranode,131072,100,3.86505500001e-05,1.9325275e-05,6782.41318687,0.00201990400006
6,7,send,b->a,intranode,131072,100,3.85533600002e-05,1.92766800001e-05,6799.51111911,0.00192913600011
6,7,isend,a->b,intranode,131072,100,3.86711800002e-05,1.93355900001e-05,6778.79495787,2.8913000051e-05
6,7,isend,b->a,intranode,131072,100,3.85530599999e-05,1.927653e-05,6799.56402943,2.93510000802e-05
6,7,bsend,a->b,intranode,131072,100,4.68620200002e-05,2.34310100001e-05,5593.95433656,0.00160370399993
6,7,bsend,b->a,intranode,131072,100,4.67448000001e-05,2.33724e-05,5607.98206431,0.00148660700012
6,7,ssend,a->b,intranode,131072,100,4.255505e-05,2.1277525e-05,6160.11495697,0.00215904600014
6,7,ssend,b->a,intranode,131072,100,4.27866899997e-05,2.13933449999e-05,6126.76512256,0.00215802099996
6,7,send,a->b,intranode,262144,100,7.26052699997e-05,3.63026349999e-05,7221.07362182,0.00359703700008
6,7,send,b->a,intranode,262144,100,7.26055800004e-05,3.63027900002e-05,7221.04279033,0.00377270800016
6,7,isend,a->b,intranode,262144,100,7.31777700003e-05,3.65888850001e-05,7164.58017234,3.45510002262e-05
6,7,isend,b->a,intranode,262144,100,7.28462299998e-05,3.64231149999e-05,7197.18782979,3.17520000408e-05
6,7,bsend,a->b,intranode,262144,100,8.72923400004e-05,4.36461700002e-05,6006.11691699,0.00281228699981
6,7,bsend,b->a,intranode,262144,100,8.70989800001e-05,4.354949e-05,6019.4505148,0.00274051699995
6,7,ssend,a->b,intranode,262144,100,7.77268899998e-05,3.88634449999e-05,6745.25894451,0.00392681400007
6,7,ssend,b->a,intranode,262144,100,7.79118499997e-05,3.89559249999e-05,6729.2459363,0.00394194200004
6,7,send,a->b,intranode,524288,100,0.00013745963,6.87298149998e-05,7628.24692605,0.0067905089997
6,7,send,b->a,intranode,524288,100,0.00013755042,6.87752099998e-05,7623.21191025,0.00705944500032
6,7,isend,a->b,intranode,524288,100,0.00013777593,6.88879649999e-05,7610.73432784,4.04169999797e-05
6,7,isend,b->a,intranode,524288,100,0.00013824744,6.91237199999e-05,7584.77697672,3.95220000655e-05
6,7,bsend,a->b,intranode,524288,100,0.00016997925,8.4989625e-05,6168.84707986,0.00535484599988
6,7,bsend,b->a,intranode,524288,100,0.00017004227,8.50211350001e-05,6166.56082043,0.00537856599965
6,7,ssend,a->b,intranode,524288,100,0.00014832817,7.41640850001e-05,7069.29776049,0.00743964199972
6,7,ssend,b->a,intranode,524288,100,0.00014720523,7.3602615e-05,7123.22517346,0.0074090670002
6,7,send,a->b,intranode,1048576,100,0.000268938630001,0.000134469315,7797.88310811,0.01337083
6,7,send,b->a,intranode,1048576,100,0.00026846583,0.000134232915,7811.61610027,0.0135750589999
6,7,isend,a->b,intranode,1048576,100,0.00026907589,0.000134537945,7793.90528077,4.24249994353e-05
6,7,isend,b->a,intranode,1048576,100,0.00026954319,0.000134771595,7780.39319043,3.94330002109e-05
6,7,bsend,a->b,intranode,1048576,100,0.00033541468,0.00016770734,6252.41566649,0.0107883420002
6,7,bsend,b->a,intranode,1048576,100,0.00033550094,0.00016775047,6250.80811994,0.010640238
6,7,ssend,a->b,intranode,1048576,100,0.00029159652,0.00014579826,7191.96511672,0.014598828
6,7,ssend,b->a,intranode,1048576,100,0.00029292726,0.00014646363,7159.29271998,0.0146963650001
6,7,send,a->b,intranode,2097152,100,0.0005329981,0.00026649905,7869.26632572,0.0264809060005
6,7,send,b->a,intranode,2097152,100,0.00053302616,0.00026651308,7868.85206535,0.0269520299998
6,7,isend,a->b,intranode,2097152,100,0.00053303318,0.00026651659,7868.74843326,3.93900001541e-05
6,7,isend,b->a,intranode,2097152,100,0.00053360435,0.000266802175,7860.32572635,3.93400002281e-05
6,7,bsend,a->b,intranode,2097152,100,0.00066733202,0.00033366601,6285.18319861,0.0213812649999
6,7,bsend,b->a,intranode,2097152,100,0.00066686563,0.000333432815,6289.57890662,0.0212598849999
6,7,ssend,a->b,intranode,2097152,100,0.00057760125,0.000288800625,7261.59093319,0.0288863809997
6,7,ssend,b->a,intranode,2097152,100,0.00057611633,0.000288058165,7280.30743374,0.0290999560003
6,7,send,a->b,intranode,4194304,100,0.00107104921,0.000535524605,7832.14059791,0.0531923550002
6,7,send,b->a,intranode,4194304,100,0.00107057381,0.000535286905,7835.61854553,0.053979928
6,7,isend,a->b,intranode,4194304,100,0.00107122244,0.00053561122,7830.8740433,3.83080000574e-05
6,7,isend,b->a,intranode,4194304,100,0.00107113447,0.000535567235,7831.51717637,3.99060000404e-05
6,7,bsend,a->b,intranode,4194304,100,0.00133761644,0.00066880822,6271.3104812,0.0428465409998
6,7,bsend,b->a,intranode,4194304,100,0.00133741015,0.000668705075,6272.27780498,0.0424487509999
6,7,ssend,a->b,intranode,4194304,100,0.00114287791,0.000571438955,7339.89862487,0.0571859430002
6,7,ssend,b->a,intranode,4194304,100,0.00114321625,0.000571608125,7337.7263488,0.0573982389999
6,7,send,a->b,intranode,8388608,100,0.00236360704,0.00118180352,7098.14098371,0.116768505
6,7,send,b->a,intranode,8388608,100,0.00236017092,0.00118008546,7108.47500824,0.11934109
6,7,isend,a->b,intranode,8388608,100,0.00236104609,0.001180523045,7105.84010666,4.19470003976e-05
6,7,isend,b->a,intranode,8388608,100,0.00236139084,0.00118069542,7104.80269331,4.0885999681e-05
6,7,bsend,a->b,intranode,8388608,100,0.00278593304,0.00139296652,6022.11745908,0.0906830179996
6,7,bsend,b->a,intranode,8388608,100,0.00280591426,0.00140295713,5979.23330701,0.0903182449995
6,7,ssend,a->b,intranode,8388608,100,0.00225575118,0.00112787559,7437.52952398,0.11301677
6,7,ssend,b->a,intranode,8388608,100,0.00226237494,0.00113118747,7415.75399522,0.113541843
6,7,send,a->b,intranode,16777216,100,0.00312879916,0.00156439958,10724.3802763,0.15623916
6,7,send,b->a,intranode,16777216,100,0.00312694625,0.001563473125,10730.7351382,0.156579474
6,7,isend,a->b,intranode,16777216,100,0.00312558866,0.00156279433,10735.3960006,4.26619998279e-05
6,7,isend,b->a,intranode,16777216,100,0.00312840962,0.00156420481,10725.7156433,3.8688000302e-05
6,7,bsend,a->b,intranode,16777216,100,0.00437652312,0.00218826156,7666.91528411,0.129381819
6,7,bsend,b->a,intranode,16777216,100,0.00437571358,0.00218785679,7668.33372124,0.128225859
6,7,ssend,a->b,intranode,16777216,100,0.00447844613,0.002239223065,7492.42728973,0.223678308
6,7,ssend,b->a,intranode,16777216,100,0.00447319456,0.00223659728,7501.22346567,0.224040224
6,7,send,a->b,intranode,33554432,100,0.00431520177,0.002157600885,15551.7325902,0.21829055
6,7,send,b->a,intranode,33554432,100,0.00432226626,0.00216113313,15526.314198,0.213788108
6,7,isend,a->b,intranode,33554432,100,0.00435847737,0.002179238685,15397.3184447,4.31579996985e-05
6,7,isend,b->a,intranode,33554432,100,0.00440347387,0.002201736935,15239.9823369,3.28049996483e-05
6,7,bsend,a->b,intranode,33554432,100,0.00732233385,0.003661166925,9164.95551483,0.197176284
6,7,bsend,b->a,intranode,33554432,100,0.00732486596,0.00366243298,9161.78731003,0.194526351
6,7,ssend,a->b,intranode,33554432,100,0.00838941241,0.004194706205,7999.2329284,0.421197248
6,7,ssend,b->a,intranode,33554432,100,0.0083703281,0.00418516405,8017.4711431,0.417439951999
