Running frontier nodes=16 ranks_per_node=9 dist=naive mode=fixed expected_us=10 max_upper_fanout=-1
RESULT distributor=naive mode=fixed expected_us=10 nodes=16 world_size=144 max_upper_fanout=-1 total_tasks=12748286 elapsed_s=20.0013 throughput_tasks_per_s=637374
MPICH Notice [Rank 0] [job id 5137469.0] [Sun Aug  2 01:01:22 2026] [frontier00035] - Abort(0) (rank 0 in comm 0): application called MPI_Abort(MPI_COMM_WORLD, 0) - process 0

aborting job:
application called MPI_Abort(MPI_COMM_WORLD, 0) - process 0
srun: error: frontier00035: task 0: Exited with exit code 255
srun: Terminating StepId=5137469.0
[2026-08-02T01:01:22.980] error: *** STEP 5137469.0 ON frontier00035 CANCELLED AT 2026-08-02T01:01:22 DUE TO TASK FAILURE ***
srun: error: frontier00973: tasks 63-71: Terminated
srun: error: frontier01450: tasks 99-107: Terminated
srun: error: frontier00035: tasks 1-8: Terminated
srun: error: frontier00828: tasks 54-62: Terminated
srun: error: frontier01951: tasks 135-143: Terminated
srun: error: frontier00169: tasks 9-17: Terminated
srun: error: frontier01094: tasks 72-80: Terminated
srun: error: frontier01576: tasks 108-116: Terminated
srun: error: frontier00435: tasks 27-35: Terminated
srun: error: frontier00303: tasks 18-26: Terminated
srun: error: frontier01701: tasks 117-125: Terminated
srun: error: frontier00669: tasks 45-53: Terminated
srun: error: frontier00549: tasks 36-44: Terminated
srun: error: frontier01313: tasks 90-98: Terminated
srun: error: frontier01882: tasks 126-134: Terminated
srun: error: frontier01210: tasks 81-89: Terminated
srun: Force Terminated StepId=5137469.0
Running frontier nodes=16 ranks_per_node=9 dist=naive mode=fixed expected_us=100 max_upper_fanout=-1
srun: Step created for StepId=5137469.1
RESULT distributor=naive mode=fixed expected_us=100 nodes=16 world_size=144 max_upper_fanout=-1 total_tasks=6066545 elapsed_s=20.0016 throughput_tasks_per_s=303304
MPICH Notice [Rank 0] [job id 5137469.1] [Sun Aug  2 01:01:44 2026] [frontier00035] - Abort(0) (rank 0 in comm 0): application called MPI_Abort(MPI_COMM_WORLD, 0) - process 0

aborting job:
application called MPI_Abort(MPI_COMM_WORLD, 0) - process 0
srun: error: frontier00035: task 0: Exited with exit code 255
srun: Terminating StepId=5137469.1
[2026-08-02T01:01:44.220] error: *** STEP 5137469.1 ON frontier00035 CANCELLED AT 2026-08-02T01:01:44 DUE TO TASK FAILURE ***
srun: error: frontier00169: tasks 9-17: Terminated
srun: error: frontier00973: tasks 63-71: Terminated
srun: error: frontier00035: tasks 1-8: Terminated
srun: error: frontier00435: tasks 27-35: Terminated
srun: error: frontier01701: tasks 117-125: Terminated
srun: error: frontier01094: tasks 72-80: Terminated
srun: error: frontier00303: tasks 18-26: Terminated
srun: error: frontier01576: tasks 108-116: Terminated
srun: error: frontier00549: tasks 36-44: Terminated
srun: error: frontier01951: tasks 135-143: Terminated
srun: error: frontier01210: tasks 81-89: Terminated
srun: error: frontier01313: tasks 90-98: Terminated
srun: error: frontier01882: tasks 126-134: Terminated
srun: error: frontier00669: tasks 45-53: Terminated
srun: error: frontier00828: tasks 54-62: Terminated
srun: error: frontier01450: tasks 99-107: Terminated
srun: Force Terminated StepId=5137469.1
Running frontier nodes=16 ranks_per_node=9 dist=naive mode=fixed expected_us=1000 max_upper_fanout=-1
srun: Step created for StepId=5137469.2
RESULT distributor=naive mode=fixed expected_us=1000 nodes=16 world_size=144 max_upper_fanout=-1 total_tasks=2823260 elapsed_s=20.0046 throughput_tasks_per_s=141130
MPICH Notice [Rank 0] [job id 5137469.2] [Sun Aug  2 01:02:05 2026] [frontier00035] - Abort(0) (rank 0 in comm 0): application called MPI_Abort(MPI_COMM_WORLD, 0) - process 0

aborting job:
application called MPI_Abort(MPI_COMM_WORLD, 0) - process 0
srun: error: frontier00035: task 0: Exited with exit code 255
srun: Terminating StepId=5137469.2
[2026-08-02T01:02:05.392] error: *** STEP 5137469.2 ON frontier00035 CANCELLED AT 2026-08-02T01:02:05 DUE TO TASK FAILURE ***
srun: error: frontier00669: tasks 45-53: Terminated
srun: error: frontier00549: tasks 36-44: Terminated
srun: error: frontier01210: tasks 81-89: Terminated
srun: error: frontier00435: tasks 27-35: Terminated
srun: error: frontier00973: tasks 63-71: Terminated
srun: error: frontier01701: tasks 117-125: Terminated
srun: error: frontier00035: tasks 1-8: Terminated
srun: error: frontier01882: tasks 126-134: Terminated
srun: error: frontier00303: tasks 18-26: Terminated
srun: error: frontier01450: tasks 99-107: Terminated
srun: error: frontier01576: tasks 108-116: Terminated
srun: error: frontier01951: tasks 135-143: Terminated
srun: error: frontier01094: tasks 72-80: Terminated
srun: error: frontier01313: tasks 90-98: Terminated
srun: error: frontier00828: tasks 54-62: Terminated
srun: error: frontier00169: tasks 9-17: Terminated
srun: Force Terminated StepId=5137469.2
Running frontier nodes=16 ranks_per_node=9 dist=naive mode=fixed expected_us=10000 max_upper_fanout=-1
srun: Step created for StepId=5137469.3
RESULT distributor=naive mode=fixed expected_us=10000 nodes=16 world_size=144 max_upper_fanout=-1 total_tasks=286152 elapsed_s=20.0386 throughput_tasks_per_s=14280
MPICH Notice [Rank 0] [job id 5137469.3] [Sun Aug  2 01:02:26 2026] [frontier00035] - Abort(0) (rank 0 in comm 0): application called MPI_Abort(MPI_COMM_WORLD, 0) - process 0

aborting job:
application called MPI_Abort(MPI_COMM_WORLD, 0) - process 0
srun: error: frontier00035: task 0: Exited with exit code 255
srun: Terminating StepId=5137469.3
[2026-08-02T01:02:26.595] error: *** STEP 5137469.3 ON frontier00035 CANCELLED AT 2026-08-02T01:02:26 DUE TO TASK FAILURE ***
srun: error: frontier00828: tasks 54-62: Terminated
srun: error: frontier01450: tasks 99-107: Terminated
srun: error: frontier00035: tasks 1-8: Terminated
srun: error: frontier01094: tasks 72-80: Terminated
srun: error: frontier00973: tasks 63-71: Terminated
srun: error: frontier00303: tasks 18-26: Terminated
srun: error: frontier01576: tasks 108-116: Terminated
srun: error: frontier01951: tasks 135-143: Terminated
srun: error: frontier00169: tasks 9-17: Terminated
srun: error: frontier01882: tasks 126-134: Terminated
srun: error: frontier00669: tasks 45-53: Terminated
srun: error: frontier01313: tasks 90-98: Terminated
srun: error: frontier01701: tasks 117-125: Terminated
srun: error: frontier00549: tasks 36-44: Terminated
srun: error: frontier00435: tasks 27-35: Terminated
srun: error: frontier01210: tasks 81-89: Terminated
srun: Force Terminated StepId=5137469.3
Running frontier nodes=16 ranks_per_node=9 dist=naive mode=fixed expected_us=100000 max_upper_fanout=-1
srun: Step created for StepId=5137469.4
RESULT distributor=naive mode=fixed expected_us=100000 nodes=16 world_size=144 max_upper_fanout=-1 total_tasks=29029 elapsed_s=20.304 throughput_tasks_per_s=1429.72
MPICH Notice [Rank 0] [job id 5137469.4] [Sun Aug  2 01:02:47 2026] [frontier00035] - Abort(0) (rank 0 in comm 0): application called MPI_Abort(MPI_COMM_WORLD, 0) - process 0

aborting job:
application called MPI_Abort(MPI_COMM_WORLD, 0) - process 0
srun: error: frontier00035: task 0: Exited with exit code 255
srun: Terminating StepId=5137469.4
[2026-08-02T01:02:48.623] error: *** STEP 5137469.4 ON frontier00035 CANCELLED AT 2026-08-02T01:02:48 DUE TO TASK FAILURE ***
srun: error: frontier00549: tasks 36-44: Terminated
srun: error: frontier01313: tasks 90-98: Terminated
srun: error: frontier01882: tasks 126-134: Terminated
srun: error: frontier00035: tasks 1-8: Terminated
srun: error: frontier00669: tasks 45-53: Terminated
srun: error: frontier01450: tasks 99-107: Terminated
srun: error: frontier01951: tasks 135-143: Terminated
srun: error: frontier00828: tasks 54-62: Terminated
srun: error: frontier01701: tasks 117-125: Terminated
srun: error: frontier00973: tasks 63-71: Terminated
srun: error: frontier01576: tasks 108-116: Terminated
srun: error: frontier00169: tasks 9-17: Terminated
srun: error: frontier00435: tasks 27-35: Terminated
srun: error: frontier01094: tasks 72-80: Terminated
srun: error: frontier00303: tasks 18-26: Terminated
srun: error: frontier01210: tasks 81-89: Terminated
srun: Force Terminated StepId=5137469.4
Running frontier nodes=16 ranks_per_node=9 dist=naive mode=fixed expected_us=1000000 max_upper_fanout=-1
srun: Step created for StepId=5137469.5
RESULT distributor=naive mode=fixed expected_us=1000000 nodes=16 world_size=144 max_upper_fanout=-1 total_tasks=3289 elapsed_s=23.0062 throughput_tasks_per_s=142.962
MPICH Notice [Rank 0] [job id 5137469.5] [Sun Aug  2 01:03:12 2026] [frontier00035] - Abort(0) (rank 0 in comm 0): application called MPI_Abort(MPI_COMM_WORLD, 0) - process 0

aborting job:
application called MPI_Abort(MPI_COMM_WORLD, 0) - process 0
srun: error: frontier00035: task 0: Exited with exit code 255
srun: Terminating StepId=5137469.5
[2026-08-02T01:03:12.811] error: *** STEP 5137469.5 ON frontier00035 CANCELLED AT 2026-08-02T01:03:12 DUE TO TASK FAILURE ***
srun: error: frontier01210: tasks 81-89: Terminated
srun: error: frontier00669: tasks 45-53: Terminated
srun: error: frontier00973: tasks 63-71: Terminated
srun: error: frontier01701: tasks 117-125: Terminated
srun: error: frontier00035: tasks 1-8: Terminated
srun: error: frontier01450: tasks 99-107: Terminated
srun: error: frontier00169: tasks 9-17: Terminated
srun: error: frontier01313: tasks 90-98: Terminated
srun: error: frontier01094: tasks 72-80: Terminated
srun: error: frontier01951: tasks 135-143: Terminated
srun: error: frontier00435: tasks 27-35: Terminated
srun: error: frontier00303: tasks 18-26: Terminated
srun: error: frontier00549: tasks 36-44: Terminated
srun: error: frontier01882: tasks 126-134: Terminated
srun: error: frontier00828: tasks 54-62: Terminated
srun: error: frontier01576: tasks 108-116: Terminated
srun: Force Terminated StepId=5137469.5
Running frontier nodes=16 ranks_per_node=9 dist=naive mode=random expected_us=10 max_upper_fanout=-1
srun: Step created for StepId=5137469.6
RESULT distributor=naive mode=random expected_us=10 nodes=16 world_size=144 max_upper_fanout=-1 total_tasks=13423785 elapsed_s=20.0011 throughput_tasks_per_s=671152
MPICH Notice [Rank 0] [job id 5137469.6] [Sun Aug  2 01:03:33 2026] [frontier00035] - Abort(0) (rank 0 in comm 0): application called MPI_Abort(MPI_COMM_WORLD, 0) - process 0

aborting job:
application called MPI_Abort(MPI_COMM_WORLD, 0) - process 0
srun: error: frontier00035: task 0: Exited with exit code 255
srun: Terminating StepId=5137469.6
[2026-08-02T01:03:34.264] error: *** STEP 5137469.6 ON frontier00035 CANCELLED AT 2026-08-02T01:03:34 DUE TO TASK FAILURE ***
srun: error: frontier00549: tasks 36-44: Terminated
srun: error: frontier01882: tasks 126-134: Terminated
srun: error: frontier01210: tasks 81-89: Terminated
srun: error: frontier01313: tasks 90-98: Terminated
srun: error: frontier00828: tasks 54-62: Terminated
srun: error: frontier01450: tasks 99-107: Terminated
srun: error: frontier00669: tasks 45-53: Terminated
srun: error: frontier00035: tasks 1-8: Terminated
srun: error: frontier00973: tasks 63-71: Terminated
srun: error: frontier01701: tasks 117-125: Terminated
srun: error: frontier01576: tasks 108-116: Terminated
srun: error: frontier00435: tasks 27-35: Terminated
srun: error: frontier01951: tasks 135-143: Terminated
srun: error: frontier00169: tasks 9-17: Terminated
srun: error: frontier00303: tasks 18-26: Terminated
srun: error: frontier01094: tasks 72-80: Terminated
srun: Force Terminated StepId=5137469.6
Running frontier nodes=16 ranks_per_node=9 dist=naive mode=random expected_us=100 max_upper_fanout=-1
srun: Step created for StepId=5137469.7
RESULT distributor=naive mode=random expected_us=100 nodes=16 world_size=144 max_upper_fanout=-1 total_tasks=6066105 elapsed_s=20.0017 throughput_tasks_per_s=303279
MPICH Notice [Rank 0] [job id 5137469.7] [Sun Aug  2 01:03:55 2026] [frontier00035] - Abort(0) (rank 0 in comm 0): application called MPI_Abort(MPI_COMM_WORLD, 0) - process 0

aborting job:
application called MPI_Abort(MPI_COMM_WORLD, 0) - process 0
srun: error: frontier00035: task 0: Exited with exit code 255
srun: Terminating StepId=5137469.7
[2026-08-02T01:03:56.360] error: *** STEP 5137469.7 ON frontier00035 CANCELLED AT 2026-08-02T01:03:56 DUE TO TASK FAILURE ***
srun: error: frontier01094: tasks 72-80: Terminated
srun: error: frontier00169: tasks 9-17: Terminated
srun: error: frontier00303: tasks 18-26: Terminated
srun: error: frontier01313: tasks 90-98: Terminated
srun: error: frontier01210: tasks 81-89: Terminated
srun: error: frontier00669: tasks 45-53: Terminated
srun: error: frontier00035: tasks 1-8: Terminated
srun: error: frontier01882: tasks 126-134: Terminated
srun: error: frontier01951: tasks 135-143: Terminated
srun: error: frontier01450: tasks 99-107: Terminated
srun: error: frontier00973: tasks 63-71: Terminated
srun: error: frontier00828: tasks 54-62: Terminated
srun: error: frontier01576: tasks 108-116: Terminated
srun: error: frontier01701: tasks 117-125: Terminated
srun: error: frontier00435: tasks 27-35: Terminated
srun: error: frontier00549: tasks 36-44: Terminated
srun: Force Terminated StepId=5137469.7
Running frontier nodes=16 ranks_per_node=9 dist=naive mode=random expected_us=1000 max_upper_fanout=-1
srun: Step created for StepId=5137469.8
RESULT distributor=naive mode=random expected_us=1000 nodes=16 world_size=144 max_upper_fanout=-1 total_tasks=2815911 elapsed_s=20.0056 throughput_tasks_per_s=140756
MPICH Notice [Rank 0] [job id 5137469.8] [Sun Aug  2 01:04:17 2026] [frontier00035] - Abort(0) (rank 0 in comm 0): application called MPI_Abort(MPI_COMM_WORLD, 0) - process 0

aborting job:
application called MPI_Abort(MPI_COMM_WORLD, 0) - process 0
srun: error: frontier00035: task 0: Exited with exit code 255
srun: Terminating StepId=5137469.8
[2026-08-02T01:04:17.547] error: *** STEP 5137469.8 ON frontier00035 CANCELLED AT 2026-08-02T01:04:17 DUE TO TASK FAILURE ***
srun: error: frontier00973: tasks 63-71: Terminated
srun: error: frontier00669: tasks 45-53: Terminated
srun: error: frontier00035: tasks 1-8: Terminated
srun: error: frontier00828: tasks 54-62: Terminated
srun: error: frontier00435: tasks 27-35: Terminated
srun: error: frontier01094: tasks 72-80: Terminated
srun: error: frontier01701: tasks 117-125: Terminated
srun: error: frontier01576: tasks 108-116: Terminated
srun: error: frontier00169: tasks 9-17: Terminated
srun: error: frontier01951: tasks 135-143: Terminated
srun: error: frontier01210: tasks 81-89: Terminated
srun: error: frontier00549: tasks 36-44: Terminated
srun: error: frontier01882: tasks 126-134: Terminated
srun: error: frontier01313: tasks 90-98: Terminated
srun: error: frontier00303: tasks 18-26: Terminated
srun: error: frontier01450: tasks 99-107: Terminated
srun: Force Terminated StepId=5137469.8
Running frontier nodes=16 ranks_per_node=9 dist=naive mode=random expected_us=10000 max_upper_fanout=-1
srun: Step created for StepId=5137469.9
RESULT distributor=naive mode=random expected_us=10000 nodes=16 world_size=144 max_upper_fanout=-1 total_tasks=285783 elapsed_s=20.0504 throughput_tasks_per_s=14253.2
MPICH Notice [Rank 0] [job id 5137469.9] [Sun Aug  2 01:04:38 2026] [frontier00035] - Abort(0) (rank 0 in comm 0): application called MPI_Abort(MPI_COMM_WORLD, 0) - process 0

aborting job:
application called MPI_Abort(MPI_COMM_WORLD, 0) - process 0
srun: error: frontier00035: task 0: Exited with exit code 255
srun: Terminating StepId=5137469.9
[2026-08-02T01:04:38.851] error: *** STEP 5137469.9 ON frontier00035 CANCELLED AT 2026-08-02T01:04:38 DUE TO TASK FAILURE ***
srun: error: frontier00669: tasks 45-53: Terminated
srun: error: frontier01450: tasks 99-107: Terminated
srun: error: frontier00035: tasks 1-8: Terminated
srun: error: frontier00435: tasks 27-35: Terminated
srun: error: frontier00303: tasks 18-26: Terminated
srun: error: frontier00169: tasks 9-17: Terminated
srun: error: frontier01701: tasks 117-125: Terminated
srun: error: frontier01094: tasks 72-80: Terminated
srun: error: frontier00973: tasks 63-71: Terminated
srun: error: frontier01576: tasks 108-116: Terminated
srun: error: frontier01313: tasks 90-98: Terminated
srun: error: frontier01882: tasks 126-134: Terminated
srun: error: frontier00549: tasks 36-44: Terminated
srun: error: frontier01210: tasks 81-89: Terminated
srun: error: frontier00828: tasks 54-62: Terminated
srun: error: frontier01951: tasks 135-143: Terminated
srun: Force Terminated StepId=5137469.9
Running frontier nodes=16 ranks_per_node=9 dist=naive mode=random expected_us=100000 max_upper_fanout=-1
srun: Step created for StepId=5137469.10
RESULT distributor=naive mode=random expected_us=100000 nodes=16 world_size=144 max_upper_fanout=-1 total_tasks=29111 elapsed_s=20.5223 throughput_tasks_per_s=1418.5
MPICH Notice [Rank 0] [job id 5137469.10] [Sun Aug  2 01:05:00 2026] [frontier00035] - Abort(0) (rank 0 in comm 0): application called MPI_Abort(MPI_COMM_WORLD, 0) - process 0

aborting job:
application called MPI_Abort(MPI_COMM_WORLD, 0) - process 0
srun: error: frontier00035: task 0: Exited with exit code 255
srun: Terminating StepId=5137469.10
[2026-08-02T01:05:00.719] error: *** STEP 5137469.10 ON frontier00035 CANCELLED AT 2026-08-02T01:05:00 DUE TO TASK FAILURE ***
srun: error: frontier00669: tasks 45-53: Terminated
srun: error: frontier01313: tasks 90-98: Terminated
srun: error: frontier00549: tasks 36-44: Terminated
srun: error: frontier01882: tasks 126-134: Terminated
srun: error: frontier00035: tasks 1-8: Terminated
srun: error: frontier01701: tasks 117-125: Terminated
srun: error: frontier00169: tasks 9-17: Terminated
srun: error: frontier01576: tasks 108-116: Terminated
srun: error: frontier00303: tasks 18-26: Terminated
srun: error: frontier01951: tasks 135-143: Terminated
srun: error: frontier01450: tasks 99-107: Terminated
srun: error: frontier01094: tasks 72-80: Terminated
srun: error: frontier01210: tasks 81-89: Terminated
srun: error: frontier00973: tasks 63-71: Terminated
srun: error: frontier00828: tasks 54-62: Terminated
srun: error: frontier00435: tasks 27-35: Terminated
srun: Force Terminated StepId=5137469.10
Running frontier nodes=16 ranks_per_node=9 dist=naive mode=random expected_us=1000000 max_upper_fanout=-1
srun: Step created for StepId=5137469.11
RESULT distributor=naive mode=random expected_us=1000000 nodes=16 world_size=144 max_upper_fanout=-1 total_tasks=3484 elapsed_s=25.8093 throughput_tasks_per_s=134.99
MPICH Notice [Rank 0] [job id 5137469.11] [Sun Aug  2 01:05:27 2026] [frontier00035] - Abort(0) (rank 0 in comm 0): application called MPI_Abort(MPI_COMM_WORLD, 0) - process 0

aborting job:
application called MPI_Abort(MPI_COMM_WORLD, 0) - process 0
srun: error: frontier00035: task 0: Exited with exit code 255
srun: Terminating StepId=5137469.11
[2026-08-02T01:05:27.840] error: *** STEP 5137469.11 ON frontier00035 CANCELLED AT 2026-08-02T01:05:27 DUE TO TASK FAILURE ***
srun: error: frontier00828: tasks 54-62: Terminated
srun: error: frontier01882: tasks 126-134: Terminated
srun: error: frontier00973: tasks 63-71: Terminated
srun: error: frontier00035: tasks 1-8: Terminated
srun: error: frontier00435: tasks 27-35: Terminated
srun: error: frontier01576: tasks 108-116: Terminated
srun: error: frontier00303: tasks 18-26: Terminated
srun: error: frontier01313: tasks 90-98: Terminated
srun: error: frontier01701: tasks 117-125: Terminated
srun: error: frontier00169: tasks 9-17: Terminated
srun: error: frontier01210: tasks 81-89: Terminated
srun: error: frontier01094: tasks 72-80: Terminated
srun: error: frontier01951: tasks 135-143: Terminated
srun: error: frontier00669: tasks 45-53: Terminated
srun: error: frontier00549: tasks 36-44: Terminated
srun: error: frontier01450: tasks 99-107: Terminated
srun: Force Terminated StepId=5137469.11
Running frontier nodes=16 ranks_per_node=9 dist=hierarchical mode=fixed expected_us=10 max_upper_fanout=-1
RESULT distributor=hierarchical mode=fixed expected_us=10 nodes=16 world_size=144 max_upper_fanout=-1 total_tasks=17915684 elapsed_s=20.0013 throughput_tasks_per_s=895728
MPICH Notice [Rank 0] [job id 5137469.12] [Sun Aug  2 01:05:48 2026] [frontier00035] - Abort(0) (rank 0 in comm 0): application called MPI_Abort(MPI_COMM_WORLD, 0) - process 0

aborting job:
application called MPI_Abort(MPI_COMM_WORLD, 0) - process 0
srun: error: frontier00035: task 0: Exited with exit code 255
srun: Terminating StepId=5137469.12
[2026-08-02T01:05:49.276] error: *** STEP 5137469.12 ON frontier00035 CANCELLED AT 2026-08-02T01:05:49 DUE TO TASK FAILURE ***
srun: error: frontier00669: tasks 45-53: Terminated
srun: error: frontier01210: tasks 81-89: Terminated
srun: error: frontier00035: tasks 1-8: Terminated
srun: error: frontier00169: tasks 9-17: Terminated
srun: error: frontier00973: tasks 63-71: Terminated
srun: error: frontier00828: tasks 54-62: Terminated
srun: error: frontier01094: tasks 72-80: Terminated
srun: error: frontier01701: tasks 117-125: Terminated
srun: error: frontier01951: tasks 135-143: Terminated
srun: error: frontier01576: tasks 108-116: Terminated
srun: error: frontier00435: tasks 27-35: Terminated
srun: error: frontier01882: tasks 126-134: Terminated
srun: error: frontier00549: tasks 36-44: Terminated
srun: error: frontier01313: tasks 90-98: Terminated
srun: error: frontier00303: tasks 18-26: Terminated
srun: error: frontier01450: tasks 99-107: Terminated
srun: Force Terminated StepId=5137469.12
Running frontier nodes=16 ranks_per_node=9 dist=hierarchical mode=fixed expected_us=100 max_upper_fanout=-1
RESULT distributor=hierarchical mode=fixed expected_us=100 nodes=16 world_size=144 max_upper_fanout=-1 total_tasks=11577080 elapsed_s=20.0021 throughput_tasks_per_s=578794
MPICH Notice [Rank 0] [job id 5137469.13] [Sun Aug  2 01:06:10 2026] [frontier00035] - Abort(0) (rank 0 in comm 0): application called MPI_Abort(MPI_COMM_WORLD, 0) - process 0

aborting job:
application called MPI_Abort(MPI_COMM_WORLD, 0) - process 0
srun: error: frontier00035: task 0: Exited with exit code 255
srun: Terminating StepId=5137469.13
[2026-08-02T01:06:10.508] error: *** STEP 5137469.13 ON frontier00035 CANCELLED AT 2026-08-02T01:06:10 DUE TO TASK FAILURE ***
srun: error: frontier01450: tasks 99-107: Terminated
srun: error: frontier01576: tasks 108-116: Terminated
srun: error: frontier00035: tasks 1-8: Terminated
srun: error: frontier00973: tasks 63-71: Terminated
srun: error: frontier01094: tasks 72-80: Terminated
srun: error: frontier00435: tasks 27-35: Terminated
srun: error: frontier01951: tasks 135-143: Terminated
srun: error: frontier00169: tasks 9-17: Terminated
srun: error: frontier01882: tasks 126-134: Terminated
srun: error: frontier00303: tasks 18-26: Terminated
srun: error: frontier00669: tasks 45-53: Terminated
srun: error: frontier00549: tasks 36-44: Terminated
srun: error: frontier01210: tasks 81-89: Terminated
srun: error: frontier01701: tasks 117-125: Terminated
srun: error: frontier00828: tasks 54-62: Terminated
srun: error: frontier01313: tasks 90-98: Terminated
srun: Force Terminated StepId=5137469.13
Running frontier nodes=16 ranks_per_node=9 dist=hierarchical mode=fixed expected_us=1000 max_upper_fanout=-1
srun: Step created for StepId=5137469.14
RESULT distributor=hierarchical mode=fixed expected_us=1000 nodes=16 world_size=144 max_upper_fanout=-1 total_tasks=2532686 elapsed_s=20.0095 throughput_tasks_per_s=126574
MPICH Notice [Rank 0] [job id 5137469.14] [Sun Aug  2 01:06:31 2026] [frontier00035] - Abort(0) (rank 0 in comm 0): application called MPI_Abort(MPI_COMM_WORLD, 0) - process 0

aborting job:
application called MPI_Abort(MPI_COMM_WORLD, 0) - process 0
srun: error: frontier00035: task 0: Exited with exit code 255
srun: Terminating StepId=5137469.14
[2026-08-02T01:06:31.671] error: *** STEP 5137469.14 ON frontier00035 CANCELLED AT 2026-08-02T01:06:31 DUE TO TASK FAILURE ***
srun: error: frontier00828: tasks 54-62: Terminated
srun: error: frontier01882: tasks 126-134: Terminated
srun: error: frontier01951: tasks 135-143: Terminated
srun: error: frontier01094: tasks 72-80: Terminated
srun: error: frontier00035: tasks 1-8: Terminated
srun: error: frontier00169: tasks 9-17: Terminated
srun: error: frontier00973: tasks 63-71: Terminated
srun: error: frontier00435: tasks 27-35: Terminated
srun: error: frontier00303: tasks 18-26: Terminated
srun: error: frontier01701: tasks 117-125: Terminated
srun: error: frontier01210: tasks 81-89: Terminated
srun: error: frontier01576: tasks 108-116: Terminated
srun: error: frontier01450: tasks 99-107: Terminated
srun: error: frontier00549: tasks 36-44: Terminated
srun: error: frontier00669: tasks 45-53: Terminated
srun: error: frontier01313: tasks 90-98: Terminated
srun: Force Terminated StepId=5137469.14
Running frontier nodes=16 ranks_per_node=9 dist=hierarchical mode=fixed expected_us=10000 max_upper_fanout=-1
srun: Step created for StepId=5137469.15
RESULT distributor=hierarchical mode=fixed expected_us=10000 nodes=16 world_size=144 max_upper_fanout=-1 total_tasks=254812 elapsed_s=20.0876 throughput_tasks_per_s=12685
MPICH Notice [Rank 0] [job id 5137469.15] [Sun Aug  2 01:06:52 2026] [frontier00035] - Abort(0) (rank 0 in comm 0): application called MPI_Abort(MPI_COMM_WORLD, 0) - process 0

aborting job:
application called MPI_Abort(MPI_COMM_WORLD, 0) - process 0
srun: error: frontier00035: task 0: Exited with exit code 255
srun: Terminating StepId=5137469.15
[2026-08-02T01:06:52.956] error: *** STEP 5137469.15 ON frontier00035 CANCELLED AT 2026-08-02T01:06:52 DUE TO TASK FAILURE ***
srun: error: frontier00549: tasks 36-44: Terminated
srun: error: frontier01450: tasks 99-107: Terminated
srun: error: frontier00035: tasks 1-8: Terminated
srun: error: frontier00973: tasks 63-71: Terminated
srun: error: frontier00828: tasks 54-62: Terminated
srun: error: frontier00669: tasks 45-53: Terminated
srun: error: frontier00169: tasks 9-17: Terminated
srun: error: frontier01576: tasks 108-116: Terminated
srun: error: frontier01094: tasks 72-80: Terminated
srun: error: frontier00435: tasks 27-35: Terminated
srun: error: frontier01951: tasks 135-143: Terminated
srun: error: frontier00303: tasks 18-26: Terminated
srun: error: frontier01882: tasks 126-134: Terminated
srun: error: frontier01210: tasks 81-89: Terminated
srun: error: frontier01313: tasks 90-98: Terminated
srun: error: frontier01701: tasks 117-125: Terminated
srun: Force Terminated StepId=5137469.15
Running frontier nodes=16 ranks_per_node=9 dist=hierarchical mode=fixed expected_us=100000 max_upper_fanout=-1
srun: Step created for StepId=5137469.16
RESULT distributor=hierarchical mode=fixed expected_us=100000 nodes=16 world_size=144 max_upper_fanout=-1 total_tasks=26226 elapsed_s=20.8015 throughput_tasks_per_s=1260.77
MPICH Notice [Rank 0] [job id 5137469.16] [Sun Aug  2 01:07:14 2026] [frontier00035] - Abort(0) (rank 0 in comm 0): application called MPI_Abort(MPI_COMM_WORLD, 0) - process 0

aborting job:
application called MPI_Abort(MPI_COMM_WORLD, 0) - process 0
srun: error: frontier00035: task 0: Exited with exit code 255
srun: Terminating StepId=5137469.16
[2026-08-02T01:07:14.907] error: *** STEP 5137469.16 ON frontier00035 CANCELLED AT 2026-08-02T01:07:14 DUE TO TASK FAILURE ***
srun: error: frontier00035: tasks 1-8: Terminated
srun: error: frontier00669: tasks 45-53: Terminated
srun: error: frontier00828: tasks 54-62: Terminated
srun: error: frontier01450: tasks 99-107: Terminated
srun: error: frontier01701: tasks 117-125: Terminated
srun: error: frontier01951: tasks 135-143: Terminated
srun: error: frontier00303: tasks 18-26: Terminated
srun: error: frontier00973: tasks 63-71: Terminated
srun: error: frontier00169: tasks 9-17: Terminated
srun: error: frontier01094: tasks 72-80: Terminated
srun: error: frontier01882: tasks 126-134: Terminated
srun: error: frontier00549: tasks 36-44: Terminated
srun: error: frontier01210: tasks 81-89: Terminated
srun: error: frontier01313: tasks 90-98: Terminated
srun: error: frontier00435: tasks 27-35: Terminated
srun: error: frontier01576: tasks 108-116: Terminated
srun: Force Terminated StepId=5137469.16
Running frontier nodes=16 ranks_per_node=9 dist=hierarchical mode=fixed expected_us=1000000 max_upper_fanout=-1
srun: Step created for StepId=5137469.17
RESULT distributor=hierarchical mode=fixed expected_us=1000000 nodes=16 world_size=144 max_upper_fanout=-1 total_tasks=3366 elapsed_s=28.0025 throughput_tasks_per_s=120.204
MPICH Notice [Rank 0] [job id 5137469.17] [Sun Aug  2 01:07:44 2026] [frontier00035] - Abort(0) (rank 0 in comm 0): application called MPI_Abort(MPI_COMM_WORLD, 0) - process 0

aborting job:
application called MPI_Abort(MPI_COMM_WORLD, 0) - process 0
srun: error: frontier00035: task 0: Exited with exit code 255
srun: Terminating StepId=5137469.17
[2026-08-02T01:07:44.236] error: *** STEP 5137469.17 ON frontier00035 CANCELLED AT 2026-08-02T01:07:44 DUE TO TASK FAILURE ***
srun: error: frontier00669: tasks 45-53: Terminated
srun: error: frontier00035: tasks 1-8: Terminated
srun: error: frontier01701: tasks 117-125: Terminated
srun: error: frontier01094: tasks 72-80: Terminated
srun: error: frontier00303: tasks 18-26: Terminated
srun: error: frontier01450: tasks 99-107: Terminated
srun: error: frontier00973: tasks 63-71: Terminated
srun: error: frontier00169: tasks 9-17: Terminated
srun: error: frontier01882: tasks 126-134: Terminated
srun: error: frontier01313: tasks 90-98: Terminated
srun: error: frontier01576: tasks 108-116: Terminated
srun: error: frontier01210: tasks 81-89: Terminated
srun: error: frontier00435: tasks 27-35: Terminated
srun: error: frontier00828: tasks 54-62: Terminated
srun: error: frontier01951: tasks 135-143: Terminated
srun: error: frontier00549: tasks 36-44: Terminated
srun: Force Terminated StepId=5137469.17
Running frontier nodes=16 ranks_per_node=9 dist=hierarchical mode=random expected_us=10 max_upper_fanout=-1
srun: Step created for StepId=5137469.18
RESULT distributor=hierarchical mode=random expected_us=10 nodes=16 world_size=144 max_upper_fanout=-1 total_tasks=17996240 elapsed_s=20.0012 throughput_tasks_per_s=899758
MPICH Notice [Rank 0] [job id 5137469.18] [Sun Aug  2 01:08:05 2026] [frontier00035] - Abort(0) (rank 0 in comm 0): application called MPI_Abort(MPI_COMM_WORLD, 0) - process 0

aborting job:
application called MPI_Abort(MPI_COMM_WORLD, 0) - process 0
srun: error: frontier00035: task 0: Exited with exit code 255
srun: Terminating StepId=5137469.18
[2026-08-02T01:08:05.384] error: *** STEP 5137469.18 ON frontier00035 CANCELLED AT 2026-08-02T01:08:05 DUE TO TASK FAILURE ***
srun: error: frontier00035: tasks 1-8: Terminated
srun: error: frontier01951: tasks 135-143: Terminated
srun: error: frontier00169: tasks 9-17: Terminated
srun: error: frontier01094: tasks 72-80: Terminated
srun: error: frontier01576: tasks 108-116: Terminated
srun: error: frontier01313: tasks 90-98: Terminated
srun: error: frontier01210: tasks 81-89: Terminated
srun: error: frontier00669: tasks 45-53: Terminated
srun: error: frontier00973: tasks 63-71: Terminated
srun: error: frontier00828: tasks 54-62: Terminated
srun: error: frontier01450: tasks 99-107: Terminated
srun: error: frontier01701: tasks 117-125: Terminated
srun: error: frontier00549: tasks 36-44: Terminated
srun: error: frontier01882: tasks 126-134: Terminated
srun: error: frontier00303: tasks 18-26: Terminated
srun: error: frontier00435: tasks 27-35: Terminated
srun: Force Terminated StepId=5137469.18
Running frontier nodes=16 ranks_per_node=9 dist=hierarchical mode=random expected_us=100 max_upper_fanout=-1
srun: Step created for StepId=5137469.19
RESULT distributor=hierarchical mode=random expected_us=100 nodes=16 world_size=144 max_upper_fanout=-1 total_tasks=11586050 elapsed_s=20.0013 throughput_tasks_per_s=579265
MPICH Notice [Rank 0] [job id 5137469.19] [Sun Aug  2 01:08:26 2026] [frontier00035] - Abort(0) (rank 0 in comm 0): application called MPI_Abort(MPI_COMM_WORLD, 0) - process 0

aborting job:
application called MPI_Abort(MPI_COMM_WORLD, 0) - process 0
srun: error: frontier00035: task 0: Exited with exit code 255
srun: Terminating StepId=5137469.19
[2026-08-02T01:08:26.577] error: *** STEP 5137469.19 ON frontier00035 CANCELLED AT 2026-08-02T01:08:26 DUE TO TASK FAILURE ***
srun: error: frontier00973: tasks 63-71: Terminated
srun: error: frontier00035: tasks 1-8: Terminated
srun: error: frontier01951: tasks 135-143: Terminated
srun: error: frontier01094: tasks 72-80: Terminated
srun: error: frontier00435: tasks 27-35: Terminated
srun: error: frontier00169: tasks 9-17: Terminated
srun: error: frontier00549: tasks 36-44: Terminated
srun: error: frontier01210: tasks 81-89: Terminated
srun: error: frontier01882: tasks 126-134: Terminated
srun: error: frontier01450: tasks 99-107: Terminated
srun: error: frontier00669: tasks 45-53: Terminated
srun: error: frontier01313: tasks 90-98: Terminated
srun: error: frontier00828: tasks 54-62: Terminated
srun: error: frontier01576: tasks 108-116: Terminated
srun: error: frontier01701: tasks 117-125: Terminated
srun: error: frontier00303: tasks 18-26: Terminated
srun: Force Terminated StepId=5137469.19
Running frontier nodes=16 ranks_per_node=9 dist=hierarchical mode=random expected_us=1000 max_upper_fanout=-1
srun: Step created for StepId=5137469.20
RESULT distributor=hierarchical mode=random expected_us=1000 nodes=16 world_size=144 max_upper_fanout=-1 total_tasks=2533678 elapsed_s=20.0113 throughput_tasks_per_s=126612
MPICH Notice [Rank 0] [job id 5137469.20] [Sun Aug  2 01:08:47 2026] [frontier00035] - Abort(0) (rank 0 in comm 0): application called MPI_Abort(MPI_COMM_WORLD, 0) - process 0

aborting job:
application called MPI_Abort(MPI_COMM_WORLD, 0) - process 0
srun: error: frontier00035: task 0: Exited with exit code 255
srun: Terminating StepId=5137469.20
[2026-08-02T01:08:48.020] error: *** STEP 5137469.20 ON frontier00035 CANCELLED AT 2026-08-02T01:08:48 DUE TO TASK FAILURE ***
srun: error: frontier00035: tasks 1-8: Terminated
srun: error: frontier00669: tasks 45-53: Terminated
srun: error: frontier00828: tasks 54-62: Terminated
srun: error: frontier01450: tasks 99-107: Terminated
srun: error: frontier00169: tasks 9-17: Terminated
srun: error: frontier00435: tasks 27-35: Terminated
srun: error: frontier01094: tasks 72-80: Terminated
srun: error: frontier01701: tasks 117-125: Terminated
srun: error: frontier00303: tasks 18-26: Terminated
srun: error: frontier00973: tasks 63-71: Terminated
srun: error: frontier01576: tasks 108-116: Terminated
srun: error: frontier01882: tasks 126-134: Terminated
srun: error: frontier01210: tasks 81-89: Terminated
srun: error: frontier00549: tasks 36-44: Terminated
srun: error: frontier01313: tasks 90-98: Terminated
srun: error: frontier01951: tasks 135-143: Terminated
srun: Force Terminated StepId=5137469.20
Running frontier nodes=16 ranks_per_node=9 dist=hierarchical mode=random expected_us=10000 max_upper_fanout=-1
srun: Step created for StepId=5137469.21
RESULT distributor=hierarchical mode=random expected_us=10000 nodes=16 world_size=144 max_upper_fanout=-1 total_tasks=254856 elapsed_s=20.08 throughput_tasks_per_s=12692
MPICH Notice [Rank 0] [job id 5137469.21] [Sun Aug  2 01:09:09 2026] [frontier00035] - Abort(0) (rank 0 in comm 0): application called MPI_Abort(MPI_COMM_WORLD, 0) - process 0

aborting job:
application called MPI_Abort(MPI_COMM_WORLD, 0) - process 0
srun: error: frontier00035: task 0: Exited with exit code 255
srun: Terminating StepId=5137469.21
[2026-08-02T01:09:09.244] error: *** STEP 5137469.21 ON frontier00035 CANCELLED AT 2026-08-02T01:09:09 DUE TO TASK FAILURE ***
srun: error: frontier00669: tasks 45-53: Terminated
srun: error: frontier01701: tasks 117-125: Terminated
srun: error: frontier01450: tasks 99-107: Terminated
srun: error: frontier00035: tasks 1-8: Terminated
srun: error: frontier01313: tasks 90-98: Terminated
srun: error: frontier00828: tasks 54-62: Terminated
srun: error: frontier00303: tasks 18-26: Terminated
srun: error: frontier00435: tasks 27-35: Terminated
srun: error: frontier01094: tasks 72-80: Terminated
srun: error: frontier01951: tasks 135-143: Terminated
srun: error: frontier01576: tasks 108-116: Terminated
srun: error: frontier01882: tasks 126-134: Terminated
srun: error: frontier00549: tasks 36-44: Terminated
srun: error: frontier01210: tasks 81-89: Terminated
srun: error: frontier00973: tasks 63-71: Terminated
srun: error: frontier00169: tasks 9-17: Terminated
srun: Force Terminated StepId=5137469.21
Running frontier nodes=16 ranks_per_node=9 dist=hierarchical mode=random expected_us=100000 max_upper_fanout=-1
srun: Step created for StepId=5137469.22
RESULT distributor=hierarchical mode=random expected_us=100000 nodes=16 world_size=144 max_upper_fanout=-1 total_tasks=26478 elapsed_s=20.9826 throughput_tasks_per_s=1261.9
MPICH Notice [Rank 0] [job id 5137469.22] [Sun Aug  2 01:09:31 2026] [frontier00035] - Abort(0) (rank 0 in comm 0): application called MPI_Abort(MPI_COMM_WORLD, 0) - process 0

aborting job:
application called MPI_Abort(MPI_COMM_WORLD, 0) - process 0
srun: error: frontier00035: task 0: Exited with exit code 255
srun: Terminating StepId=5137469.22
[2026-08-02T01:09:31.404] error: *** STEP 5137469.22 ON frontier00035 CANCELLED AT 2026-08-02T01:09:31 DUE TO TASK FAILURE ***
srun: error: frontier00669: tasks 45-53: Terminated
srun: error: frontier00828: tasks 54-62: Terminated
srun: error: frontier00035: tasks 1-8: Terminated
srun: error: frontier01450: tasks 99-107: Terminated
srun: error: frontier01701: tasks 117-125: Terminated
srun: error: frontier01576: tasks 108-116: Terminated
srun: error: frontier00435: tasks 27-35: Terminated
srun: error: frontier00549: tasks 36-44: Terminated
srun: error: frontier01951: tasks 135-143: Terminated
srun: error: frontier00973: tasks 63-71: Terminated
srun: error: frontier00169: tasks 9-17: Terminated
srun: error: frontier01210: tasks 81-89: Terminated
srun: error: frontier01094: tasks 72-80: Terminated
srun: error: frontier01882: tasks 126-134: Terminated
srun: error: frontier01313: tasks 90-98: Terminated
srun: error: frontier00303: tasks 18-26: Terminated
srun: Force Terminated StepId=5137469.22
Running frontier nodes=16 ranks_per_node=9 dist=hierarchical mode=random expected_us=1000000 max_upper_fanout=-1
srun: Step created for StepId=5137469.23
RESULT distributor=hierarchical mode=random expected_us=1000000 nodes=16 world_size=144 max_upper_fanout=-1 total_tasks=3636 elapsed_s=30.3678 throughput_tasks_per_s=119.732
MPICH Notice [Rank 0] [job id 5137469.23] [Sun Aug  2 01:10:02 2026] [frontier00035] - Abort(0) (rank 0 in comm 0): application called MPI_Abort(MPI_COMM_WORLD, 0) - process 0

aborting job:
application called MPI_Abort(MPI_COMM_WORLD, 0) - process 0
srun: error: frontier00035: task 0: Exited with exit code 255
srun: Terminating StepId=5137469.23
[2026-08-02T01:10:03.273] error: *** STEP 5137469.23 ON frontier00035 CANCELLED AT 2026-08-02T01:10:03 DUE TO TASK FAILURE ***
srun: error: frontier00035: tasks 1-8: Terminated
srun: error: frontier00169: tasks 9-17: Terminated
srun: error: frontier01951: tasks 135-143: Terminated
srun: error: frontier01094: tasks 72-80: Terminated
srun: error: frontier00435: tasks 27-35: Terminated
srun: error: frontier00669: tasks 45-53: Terminated
srun: error: frontier00303: tasks 18-26: Terminated
srun: error: frontier00549: tasks 36-44: Terminated
srun: error: frontier01882: tasks 126-134: Terminated
srun: error: frontier01313: tasks 90-98: Terminated
srun: error: frontier01576: tasks 108-116: Terminated
srun: error: frontier00973: tasks 63-71: Terminated
srun: error: frontier01701: tasks 117-125: Terminated
srun: error: frontier01450: tasks 99-107: Terminated
srun: error: frontier00828: tasks 54-62: Terminated
srun: error: frontier01210: tasks 81-89: Terminated
srun: Force Terminated StepId=5137469.23
Running frontier nodes=16 ranks_per_node=9 dist=hierarchical mode=fixed expected_us=10 max_upper_fanout=0
srun: Step created for StepId=5137469.24
RESULT distributor=hierarchical mode=fixed expected_us=10 nodes=16 world_size=144 max_upper_fanout=0 total_tasks=17877946 elapsed_s=20.0011 throughput_tasks_per_s=893848
MPICH Notice [Rank 0] [job id 5137469.24] [Sun Aug  2 01:10:24 2026] [frontier00035] - Abort(0) (rank 0 in comm 0): application called MPI_Abort(MPI_COMM_WORLD, 0) - process 0

aborting job:
application called MPI_Abort(MPI_COMM_WORLD, 0) - process 0
srun: error: frontier00035: task 0: Exited with exit code 255
srun: Terminating StepId=5137469.24
[2026-08-02T01:10:24.417] error: *** STEP 5137469.24 ON frontier00035 CANCELLED AT 2026-08-02T01:10:24 DUE TO TASK FAILURE ***
srun: error: frontier00973: tasks 63-71: Terminated
srun: error: frontier00035: tasks 1-8: Terminated
srun: error: frontier00303: tasks 18-26: Terminated
srun: error: frontier01094: tasks 72-80: Terminated
srun: error: frontier01951: tasks 135-143: Terminated
srun: error: frontier01313: tasks 90-98: Terminated
srun: error: frontier00549: tasks 36-44: Terminated
srun: error: frontier00669: tasks 45-53: Terminated
srun: error: frontier01210: tasks 81-89: Terminated
srun: error: frontier01882: tasks 126-134: Terminated
srun: error: frontier00828: tasks 54-62: Terminated
srun: error: frontier00169: tasks 9-17: Terminated
srun: error: frontier01450: tasks 99-107: Terminated
srun: error: frontier01576: tasks 108-116: Terminated
srun: error: frontier00435: tasks 27-35: Terminated
srun: error: frontier01701: tasks 117-125: Terminated
srun: Force Terminated StepId=5137469.24
Running frontier nodes=16 ranks_per_node=9 dist=hierarchical mode=fixed expected_us=100 max_upper_fanout=0
srun: Step created for StepId=5137469.25
RESULT distributor=hierarchical mode=fixed expected_us=100 nodes=16 world_size=144 max_upper_fanout=0 total_tasks=11595716 elapsed_s=20.0016 throughput_tasks_per_s=579739
MPICH Notice [Rank 0] [job id 5137469.25] [Sun Aug  2 01:10:45 2026] [frontier00035] - Abort(0) (rank 0 in comm 0): application called MPI_Abort(MPI_COMM_WORLD, 0) - process 0

aborting job:
application called MPI_Abort(MPI_COMM_WORLD, 0) - process 0
srun: error: frontier00035: task 0: Exited with exit code 255
srun: Terminating StepId=5137469.25
[2026-08-02T01:10:45.584] error: *** STEP 5137469.25 ON frontier00035 CANCELLED AT 2026-08-02T01:10:45 DUE TO TASK FAILURE ***
srun: error: frontier00035: tasks 1-8: Terminated
srun: error: frontier00828: tasks 54-62: Terminated
srun: error: frontier00303: tasks 18-26: Terminated
srun: error: frontier01094: tasks 72-80: Terminated
srun: error: frontier00973: tasks 63-71: Terminated
srun: error: frontier00169: tasks 9-17: Terminated
srun: error: frontier00435: tasks 27-35: Terminated
srun: error: frontier01576: tasks 108-116: Terminated
srun: error: frontier00549: tasks 36-44: Terminated
srun: error: frontier01951: tasks 135-143: Terminated
srun: error: frontier01450: tasks 99-107: Terminated
srun: error: frontier01701: tasks 117-125: Terminated
srun: error: frontier00669: tasks 45-53: Terminated
srun: error: frontier01882: tasks 126-134: Terminated
srun: error: frontier01210: tasks 81-89: Terminated
srun: error: frontier01313: tasks 90-98: Terminated
srun: Force Terminated StepId=5137469.25
Running frontier nodes=16 ranks_per_node=9 dist=hierarchical mode=fixed expected_us=1000 max_upper_fanout=0
srun: Step created for StepId=5137469.26
RESULT distributor=hierarchical mode=fixed expected_us=1000 nodes=16 world_size=144 max_upper_fanout=0 total_tasks=2532400 elapsed_s=20.0074 throughput_tasks_per_s=126573
MPICH Notice [Rank 0] [job id 5137469.26] [Sun Aug  2 01:11:06 2026] [frontier00035] - Abort(0) (rank 0 in comm 0): application called MPI_Abort(MPI_COMM_WORLD, 0) - process 0

aborting job:
application called MPI_Abort(MPI_COMM_WORLD, 0) - process 0
srun: error: frontier00035: task 0: Exited with exit code 255
srun: Terminating StepId=5137469.26
[2026-08-02T01:11:08.813] error: *** STEP 5137469.26 ON frontier00035 CANCELLED AT 2026-08-02T01:11:08 DUE TO TASK FAILURE ***
srun: error: frontier00035: tasks 1-8: Terminated
srun: error: frontier00169: tasks 9-17: Terminated
srun: error: frontier01094: tasks 72-80: Terminated
srun: error: frontier00435: tasks 27-35: Terminated
srun: error: frontier00303: tasks 18-26: Terminated
srun: error: frontier00549: tasks 36-44: Terminated
srun: error: frontier01210: tasks 81-89: Terminated
srun: error: frontier01576: tasks 108-116: Terminated
srun: error: frontier01882: tasks 126-134: Terminated
srun: error: frontier00828: tasks 54-62: Terminated
srun: error: frontier01313: tasks 90-98: Terminated
srun: error: frontier01951: tasks 135-143: Terminated
srun: error: frontier01450: tasks 99-107: Terminated
srun: error: frontier00973: tasks 63-71: Terminated
srun: error: frontier00669: tasks 45-53: Terminated
srun: error: frontier01701: tasks 117-125: Terminated
srun: Force Terminated StepId=5137469.26
Running frontier nodes=16 ranks_per_node=9 dist=hierarchical mode=fixed expected_us=10000 max_upper_fanout=0
srun: Step created for StepId=5137469.27
RESULT distributor=hierarchical mode=fixed expected_us=10000 nodes=16 world_size=144 max_upper_fanout=0 total_tasks=254812 elapsed_s=20.0877 throughput_tasks_per_s=12685
MPICH Notice [Rank 0] [job id 5137469.27] [Sun Aug  2 01:11:29 2026] [frontier00035] - Abort(0) (rank 0 in comm 0): application called MPI_Abort(MPI_COMM_WORLD, 0) - process 0

aborting job:
application called MPI_Abort(MPI_COMM_WORLD, 0) - process 0
srun: error: frontier00035: task 0: Exited with exit code 255
srun: Terminating StepId=5137469.27
[2026-08-02T01:11:30.285] error: *** STEP 5137469.27 ON frontier00035 CANCELLED AT 2026-08-02T01:11:30 DUE TO TASK FAILURE ***
srun: error: frontier00435: tasks 27-35: Terminated
srun: error: frontier00035: tasks 1-8: Terminated
srun: error: frontier00973: tasks 63-71: Terminated
srun: error: frontier01450: tasks 99-107: Terminated
srun: error: frontier01576: tasks 108-116: Terminated
srun: error: frontier01094: tasks 72-80: Terminated
srun: error: frontier00303: tasks 18-26: Terminated
srun: error: frontier01210: tasks 81-89: Terminated
srun: error: frontier00549: tasks 36-44: Terminated
srun: error: frontier01313: tasks 90-98: Terminated
srun: error: frontier00169: tasks 9-17: Terminated
srun: error: frontier00828: tasks 54-62: Terminated
srun: error: frontier01701: tasks 117-125: Terminated
srun: error: frontier01882: tasks 126-134: Terminated
srun: error: frontier01951: tasks 135-143: Terminated
srun: error: frontier00669: tasks 45-53: Terminated
srun: Force Terminated StepId=5137469.27
Running frontier nodes=16 ranks_per_node=9 dist=hierarchical mode=fixed expected_us=100000 max_upper_fanout=0
srun: Step created for StepId=5137469.28
RESULT distributor=hierarchical mode=fixed expected_us=100000 nodes=16 world_size=144 max_upper_fanout=0 total_tasks=26226 elapsed_s=20.8015 throughput_tasks_per_s=1260.77
MPICH Notice [Rank 0] [job id 5137469.28] [Sun Aug  2 01:11:52 2026] [frontier00035] - Abort(0) (rank 0 in comm 0): application called MPI_Abort(MPI_COMM_WORLD, 0) - process 0

aborting job:
application called MPI_Abort(MPI_COMM_WORLD, 0) - process 0
srun: error: frontier00035: task 0: Exited with exit code 255
srun: Terminating StepId=5137469.28
[2026-08-02T01:11:52.263] error: *** STEP 5137469.28 ON frontier00035 CANCELLED AT 2026-08-02T01:11:52 DUE TO TASK FAILURE ***
srun: error: frontier00669: tasks 45-53: Terminated
srun: error: frontier00035: tasks 1-8: Terminated
srun: error: frontier01882: tasks 126-134: Terminated
srun: error: frontier01210: tasks 81-89: Terminated
srun: error: frontier01450: tasks 99-107: Terminated
srun: error: frontier01576: tasks 108-116: Terminated
srun: error: frontier01701: tasks 117-125: Terminated
srun: error: frontier01094: tasks 72-80: Terminated
srun: error: frontier00435: tasks 27-35: Terminated
srun: error: frontier00973: tasks 63-71: Terminated
srun: error: frontier01951: tasks 135-143: Terminated
srun: error: frontier01313: tasks 90-98: Terminated
srun: error: frontier00549: tasks 36-44: Terminated
srun: error: frontier00303: tasks 18-26: Terminated
srun: error: frontier00169: tasks 9-17: Terminated
srun: error: frontier00828: tasks 54-62: Terminated
srun: Force Terminated StepId=5137469.28
Running frontier nodes=16 ranks_per_node=9 dist=hierarchical mode=fixed expected_us=1000000 max_upper_fanout=0
srun: Step created for StepId=5137469.29
RESULT distributor=hierarchical mode=fixed expected_us=1000000 nodes=16 world_size=144 max_upper_fanout=0 total_tasks=3366 elapsed_s=28.0022 throughput_tasks_per_s=120.205
MPICH Notice [Rank 0] [job id 5137469.29] [Sun Aug  2 01:12:21 2026] [frontier00035] - Abort(0) (rank 0 in comm 0): application called MPI_Abort(MPI_COMM_WORLD, 0) - process 0

aborting job:
application called MPI_Abort(MPI_COMM_WORLD, 0) - process 0
srun: error: frontier00035: task 0: Exited with exit code 255
srun: Terminating StepId=5137469.29
[2026-08-02T01:12:21.876] error: *** STEP 5137469.29 ON frontier00035 CANCELLED AT 2026-08-02T01:12:21 DUE TO TASK FAILURE ***
srun: error: frontier00549: tasks 36-44: Terminated
srun: error: frontier00669: tasks 45-53: Terminated
srun: error: frontier01701: tasks 117-125: Terminated
srun: error: frontier00035: tasks 1-8: Terminated
srun: error: frontier00169: tasks 9-17: Terminated
srun: error: frontier00435: tasks 27-35: Terminated
srun: error: frontier00828: tasks 54-62: Terminated
srun: error: frontier01951: tasks 135-143: Terminated
srun: error: frontier01450: tasks 99-107: Terminated
srun: error: frontier00303: tasks 18-26: Terminated
srun: error: frontier01094: tasks 72-80: Terminated
srun: error: frontier01576: tasks 108-116: Terminated
srun: error: frontier01313: tasks 90-98: Terminated
srun: error: frontier01210: tasks 81-89: Terminated
srun: error: frontier01882: tasks 126-134: Terminated
srun: error: frontier00973: tasks 63-71: Terminated
srun: Force Terminated StepId=5137469.29
Running frontier nodes=16 ranks_per_node=9 dist=hierarchical mode=random expected_us=10 max_upper_fanout=0
srun: Step created for StepId=5137469.30
RESULT distributor=hierarchical mode=random expected_us=10 nodes=16 world_size=144 max_upper_fanout=0 total_tasks=18002016 elapsed_s=20.0012 throughput_tasks_per_s=900048
MPICH Notice [Rank 0] [job id 5137469.30] [Sun Aug  2 01:12:42 2026] [frontier00035] - Abort(0) (rank 0 in comm 0): application called MPI_Abort(MPI_COMM_WORLD, 0) - process 0

aborting job:
application called MPI_Abort(MPI_COMM_WORLD, 0) - process 0
srun: error: frontier00035: task 0: Exited with exit code 255
srun: Terminating StepId=5137469.30
[2026-08-02T01:12:43.060] error: *** STEP 5137469.30 ON frontier00035 CANCELLED AT 2026-08-02T01:12:43 DUE TO TASK FAILURE ***
srun: error: frontier01450: tasks 99-107: Terminated
srun: error: frontier00035: tasks 1-8: Terminated
srun: error: frontier01576: tasks 108-116: Terminated
srun: error: frontier00169: tasks 9-17: Terminated
srun: error: frontier00973: tasks 63-71: Terminated
srun: error: frontier00303: tasks 18-26: Terminated
srun: error: frontier00828: tasks 54-62: Terminated
srun: error: frontier00435: tasks 27-35: Terminated
srun: error: frontier01951: tasks 135-143: Terminated
srun: error: frontier01094: tasks 72-80: Terminated
srun: error: frontier01701: tasks 117-125: Terminated
srun: error: frontier00669: tasks 45-53: Terminated
srun: error: frontier01882: tasks 126-134: Terminated
srun: error: frontier01210: tasks 81-89: Terminated
srun: error: frontier00549: tasks 36-44: Terminated
srun: error: frontier01313: tasks 90-98: Terminated
srun: Force Terminated StepId=5137469.30
Running frontier nodes=16 ranks_per_node=9 dist=hierarchical mode=random expected_us=100 max_upper_fanout=0
srun: Step created for StepId=5137469.31
RESULT distributor=hierarchical mode=random expected_us=100 nodes=16 world_size=144 max_upper_fanout=0 total_tasks=11603328 elapsed_s=20.0018 throughput_tasks_per_s=580115
MPICH Notice [Rank 0] [job id 5137469.31] [Sun Aug  2 01:13:04 2026] [frontier00035] - Abort(0) (rank 0 in comm 0): application called MPI_Abort(MPI_COMM_WORLD, 0) - process 0

aborting job:
application called MPI_Abort(MPI_COMM_WORLD, 0) - process 0
srun: error: frontier00035: task 0: Exited with exit code 255
srun: Terminating StepId=5137469.31
[2026-08-02T01:13:04.236] error: *** STEP 5137469.31 ON frontier00035 CANCELLED AT 2026-08-02T01:13:04 DUE TO TASK FAILURE ***
srun: error: frontier00828: tasks 54-62: Terminated
srun: error: frontier00035: tasks 1-8: Terminated
srun: error: frontier01450: tasks 99-107: Terminated
srun: error: frontier00435: tasks 27-35: Terminated
srun: error: frontier01701: tasks 117-125: Terminated
srun: error: frontier01951: tasks 135-143: Terminated
srun: error: frontier00169: tasks 9-17: Terminated
srun: error: frontier01094: tasks 72-80: Terminated
srun: error: frontier00303: tasks 18-26: Terminated
srun: error: frontier01576: tasks 108-116: Terminated
srun: error: frontier01210: tasks 81-89: Terminated
srun: error: frontier00669: tasks 45-53: Terminated
srun: error: frontier01313: tasks 90-98: Terminated
srun: error: frontier01882: tasks 126-134: Terminated
srun: error: frontier00549: tasks 36-44: Terminated
srun: error: frontier00973: tasks 63-71: Terminated
srun: Force Terminated StepId=5137469.31
Running frontier nodes=16 ranks_per_node=9 dist=hierarchical mode=random expected_us=1000 max_upper_fanout=0
srun: Step created for StepId=5137469.32
RESULT distributor=hierarchical mode=random expected_us=1000 nodes=16 world_size=144 max_upper_fanout=0 total_tasks=2533416 elapsed_s=20.008 throughput_tasks_per_s=126620
MPICH Notice [Rank 0] [job id 5137469.32] [Sun Aug  2 01:13:25 2026] [frontier00035] - Abort(0) (rank 0 in comm 0): application called MPI_Abort(MPI_COMM_WORLD, 0) - process 0

aborting job:
application called MPI_Abort(MPI_COMM_WORLD, 0) - process 0
srun: error: frontier00035: task 0: Exited with exit code 255
srun: Terminating StepId=5137469.32
[2026-08-02T01:13:25.443] error: *** STEP 5137469.32 ON frontier00035 CANCELLED AT 2026-08-02T01:13:25 DUE TO TASK FAILURE ***
srun: error: frontier00669: tasks 45-53: Terminated
srun: error: frontier00549: tasks 36-44: Terminated
srun: error: frontier01450: tasks 99-107: Terminated
srun: error: frontier00973: tasks 63-71: Terminated
srun: error: frontier00035: tasks 1-8: Terminated
srun: error: frontier00828: tasks 54-62: Terminated
srun: error: frontier01313: tasks 90-98: Terminated
srun: error: frontier00169: tasks 9-17: Terminated
srun: error: frontier01576: tasks 108-116: Terminated
srun: error: frontier01951: tasks 135-143: Terminated
srun: error: frontier01094: tasks 72-80: Terminated
srun: error: frontier01701: tasks 117-125: Terminated
srun: error: frontier01210: tasks 81-89: Terminated
srun: error: frontier01882: tasks 126-134: Terminated
srun: error: frontier00303: tasks 18-26: Terminated
srun: error: frontier00435: tasks 27-35: Terminated
srun: Force Terminated StepId=5137469.32
Running frontier nodes=16 ranks_per_node=9 dist=hierarchical mode=random expected_us=10000 max_upper_fanout=0
srun: Step created for StepId=5137469.33
RESULT distributor=hierarchical mode=random expected_us=10000 nodes=16 world_size=144 max_upper_fanout=0 total_tasks=254994 elapsed_s=20.0749 throughput_tasks_per_s=12702.2
MPICH Notice [Rank 0] [job id 5137469.33] [Sun Aug  2 01:13:46 2026] [frontier00035] - Abort(0) (rank 0 in comm 0): application called MPI_Abort(MPI_COMM_WORLD, 0) - process 0

aborting job:
application called MPI_Abort(MPI_COMM_WORLD, 0) - process 0
srun: error: frontier00035: task 0: Exited with exit code 255
srun: Terminating StepId=5137469.33
[2026-08-02T01:13:46.675] error: *** STEP 5137469.33 ON frontier00035 CANCELLED AT 2026-08-02T01:13:46 DUE TO TASK FAILURE ***
srun: error: frontier01313: tasks 90-98: Terminated
srun: error: frontier01882: tasks 126-134: Terminated
srun: error: frontier00035: tasks 1-8: Terminated
srun: error: frontier01450: tasks 99-107: Terminated
srun: error: frontier00973: tasks 63-71: Terminated
srun: error: frontier01701: tasks 117-125: Terminated
srun: error: frontier00669: tasks 45-53: Terminated
srun: error: frontier00828: tasks 54-62: Terminated
srun: error: frontier01951: tasks 135-143: Terminated
srun: error: frontier01094: tasks 72-80: Terminated
srun: error: frontier00169: tasks 9-17: Terminated
srun: error: frontier01210: tasks 81-89: Terminated
srun: error: frontier00549: tasks 36-44: Terminated
srun: error: frontier00435: tasks 27-35: Terminated
srun: error: frontier01576: tasks 108-116: Terminated
srun: error: frontier00303: tasks 18-26: Terminated
srun: Force Terminated StepId=5137469.33
Running frontier nodes=16 ranks_per_node=9 dist=hierarchical mode=random expected_us=100000 max_upper_fanout=0
srun: Step created for StepId=5137469.34
RESULT distributor=hierarchical mode=random expected_us=100000 nodes=16 world_size=144 max_upper_fanout=0 total_tasks=26454 elapsed_s=20.9257 throughput_tasks_per_s=1264.18
MPICH Notice [Rank 0] [job id 5137469.34] [Sun Aug  2 01:14:08 2026] [frontier00035] - Abort(0) (rank 0 in comm 0): application called MPI_Abort(MPI_COMM_WORLD, 0) - process 0

aborting job:
application called MPI_Abort(MPI_COMM_WORLD, 0) - process 0
srun: error: frontier00035: task 0: Exited with exit code 255
srun: Terminating StepId=5137469.34
[2026-08-02T01:14:09.448] error: *** STEP 5137469.34 ON frontier00035 CANCELLED AT 2026-08-02T01:14:09 DUE TO TASK FAILURE ***
srun: error: frontier00549: tasks 36-44: Terminated
srun: error: frontier01313: tasks 90-98: Terminated
srun: error: frontier00035: tasks 1-8: Terminated
srun: error: frontier00669: tasks 45-53: Terminated
srun: error: frontier00828: tasks 54-62: Terminated
srun: error: frontier01701: tasks 117-125: Terminated
srun: error: frontier01450: tasks 99-107: Terminated
srun: error: frontier01210: tasks 81-89: Terminated
srun: error: frontier00435: tasks 27-35: Terminated
srun: error: frontier01882: tasks 126-134: Terminated
srun: error: frontier00973: tasks 63-71: Terminated
srun: error: frontier00303: tasks 18-26: Terminated
srun: error: frontier01094: tasks 72-80: Terminated
srun: error: frontier01951: tasks 135-143: Terminated
srun: error: frontier01576: tasks 108-116: Terminated
srun: error: frontier00169: tasks 9-17: Terminated
srun: Force Terminated StepId=5137469.34
Running frontier nodes=16 ranks_per_node=9 dist=hierarchical mode=random expected_us=1000000 max_upper_fanout=0
srun: Step created for StepId=5137469.35
RESULT distributor=hierarchical mode=random expected_us=1000000 nodes=16 world_size=144 max_upper_fanout=0 total_tasks=3572 elapsed_s=29.9212 throughput_tasks_per_s=119.38
MPICH Notice [Rank 0] [job id 5137469.35] [Sun Aug  2 01:14:40 2026] [frontier00035] - Abort(0) (rank 0 in comm 0): application called MPI_Abort(MPI_COMM_WORLD, 0) - process 0

aborting job:
application called MPI_Abort(MPI_COMM_WORLD, 0) - process 0
srun: error: frontier00035: task 0: Exited with exit code 255
srun: Terminating StepId=5137469.35
[2026-08-02T01:14:41.594] error: *** STEP 5137469.35 ON frontier00035 CANCELLED AT 2026-08-02T01:14:41 DUE TO TASK FAILURE ***
srun: error: frontier00169: tasks 9-17: Terminated
srun: error: frontier00435: tasks 27-35: Terminated
srun: error: frontier00549: tasks 36-44: Terminated
srun: error: frontier00669: tasks 45-53: Terminated
srun: error: frontier01882: tasks 126-134: Terminated
srun: error: frontier00973: tasks 63-71: Terminated
srun: error: frontier01210: tasks 81-89: Terminated
srun: error: frontier01701: tasks 117-125: Terminated
srun: error: frontier01313: tasks 90-98: Terminated
srun: error: frontier01450: tasks 99-107: Terminated
srun: error: frontier00828: tasks 54-62: Terminated
srun: error: frontier01094: tasks 72-80: Terminated
srun: error: frontier01951: tasks 135-143: Terminated
srun: error: frontier00035: tasks 1-8: Terminated
srun: error: frontier01576: tasks 108-116: Terminated
srun: error: frontier00303: tasks 18-26: Terminated
srun: Force Terminated StepId=5137469.35
Running frontier nodes=16 ranks_per_node=9 dist=async_put_lockfree mode=fixed expected_us=10 max_upper_fanout=-1
srun: Step created for StepId=5137469.36
RESULT distributor=async_put_lockfree mode=fixed expected_us=10 nodes=16 world_size=144 max_upper_fanout=-1 total_tasks=6753983 elapsed_s=20.0001 throughput_tasks_per_s=337698
MPICH Notice [Rank 0] [job id 5137469.36] [Sun Aug  2 01:15:08 2026] [frontier00035] - Abort(0) (rank 0 in comm 0): application called MPI_Abort(MPI_COMM_WORLD, 0) - process 0

aborting job:
application called MPI_Abort(MPI_COMM_WORLD, 0) - process 0
srun: error: frontier00035: task 0: Exited with exit code 255
srun: Terminating StepId=5137469.36
[2026-08-02T01:15:09.332] error: *** STEP 5137469.36 ON frontier00035 CANCELLED AT 2026-08-02T01:15:09 DUE TO TASK FAILURE ***
srun: error: frontier01313: tasks 90-98: Terminated
srun: error: frontier00035: tasks 1-8: Terminated
srun: error: frontier00669: tasks 45-53: Terminated
srun: error: frontier00828: tasks 54-62: Terminated
srun: error: frontier01882: tasks 126-134: Terminated
srun: error: frontier00435: tasks 27-35: Terminated
srun: error: frontier01450: tasks 99-107: Terminated
srun: error: frontier01701: tasks 117-125: Terminated
srun: error: frontier01951: tasks 135-143: Terminated
srun: error: frontier01576: tasks 108-116: Terminated
srun: error: frontier00303: tasks 18-26: Terminated
srun: error: frontier01094: tasks 72-80: Terminated
srun: error: frontier00169: tasks 9-17: Terminated
srun: error: frontier00549: tasks 36-44: Terminated
srun: error: frontier00973: tasks 63-71: Terminated
srun: error: frontier01210: tasks 81-89: Terminated
srun: Force Terminated StepId=5137469.36
Running frontier nodes=16 ranks_per_node=9 dist=async_put_lockfree mode=fixed expected_us=100 max_upper_fanout=-1
srun: Step created for StepId=5137469.37
RESULT distributor=async_put_lockfree mode=fixed expected_us=100 nodes=16 world_size=144 max_upper_fanout=-1 total_tasks=5557691 elapsed_s=20.0001 throughput_tasks_per_s=277883
MPICH Notice [Rank 0] [job id 5137469.37] [Sun Aug  2 01:15:36 2026] [frontier00035] - Abort(0) (rank 0 in comm 0): application called MPI_Abort(MPI_COMM_WORLD, 0) - process 0

aborting job:
application called MPI_Abort(MPI_COMM_WORLD, 0) - process 0
srun: error: frontier00035: task 0: Exited with exit code 255
srun: Terminating StepId=5137469.37
[2026-08-02T01:15:37.058] error: *** STEP 5137469.37 ON frontier00035 CANCELLED AT 2026-08-02T01:15:37 DUE TO TASK FAILURE ***
srun: error: frontier00035: tasks 1-8: Terminated
srun: error: frontier01094: tasks 72-80: Terminated
srun: error: frontier00549: tasks 36-44: Terminated
srun: error: frontier01576: tasks 108-116: Terminated
srun: error: frontier00435: tasks 27-35: Terminated
srun: error: frontier01951: tasks 135-143: Terminated
srun: error: frontier00669: tasks 45-53: Terminated
srun: error: frontier00973: tasks 63-71: Terminated
srun: error: frontier00828: tasks 54-62: Terminated
srun: error: frontier01882: tasks 126-134: Terminated
srun: error: frontier01450: tasks 99-107: Terminated
srun: error: frontier01701: tasks 117-125: Terminated
srun: error: frontier00169: tasks 9-17: Terminated
srun: error: frontier00303: tasks 18-26: Terminated
srun: error: frontier01210: tasks 81-89: Terminated
srun: error: frontier01313: tasks 90-98: Terminated
srun: Force Terminated StepId=5137469.37
Running frontier nodes=16 ranks_per_node=9 dist=async_put_lockfree mode=fixed expected_us=1000 max_upper_fanout=-1
srun: Step created for StepId=5137469.38
RESULT distributor=async_put_lockfree mode=fixed expected_us=1000 nodes=16 world_size=144 max_upper_fanout=-1 total_tasks=2295534 elapsed_s=20.0001 throughput_tasks_per_s=114776
MPICH Notice [Rank 0] [job id 5137469.38] [Sun Aug  2 01:16:04 2026] [frontier00035] - Abort(0) (rank 0 in comm 0): application called MPI_Abort(MPI_COMM_WORLD, 0) - process 0

aborting job:
application called MPI_Abort(MPI_COMM_WORLD, 0) - process 0
srun: error: frontier00035: task 0: Exited with exit code 255
srun: Terminating StepId=5137469.38
[2026-08-02T01:16:05.217] error: *** STEP 5137469.38 ON frontier00035 CANCELLED AT 2026-08-02T01:16:05 DUE TO TASK FAILURE ***
srun: error: frontier00828: tasks 54-62: Terminated
srun: error: frontier00035: tasks 1-8: Terminated
srun: error: frontier01882: tasks 126-134: Terminated
srun: error: frontier00303: tasks 18-26: Terminated
srun: error: frontier01210: tasks 81-89: Terminated
srun: error: frontier00973: tasks 63-71: Terminated
srun: error: frontier01450: tasks 99-107: Terminated
srun: error: frontier00549: tasks 36-44: Terminated
srun: error: frontier00669: tasks 45-53: Terminated
srun: error: frontier01951: tasks 135-143: Terminated
srun: error: frontier01576: tasks 108-116: Terminated
srun: error: frontier01313: tasks 90-98: Terminated
srun: error: frontier00435: tasks 27-35: Terminated
srun: error: frontier01701: tasks 117-125: Terminated
srun: error: frontier00169: tasks 9-17: Terminated
srun: error: frontier01094: tasks 72-80: Terminated
srun: Force Terminated StepId=5137469.38
Running frontier nodes=16 ranks_per_node=9 dist=async_put_lockfree mode=fixed expected_us=10000 max_upper_fanout=-1
srun: Step created for StepId=5137469.39
RESULT distributor=async_put_lockfree mode=fixed expected_us=10000 nodes=16 world_size=144 max_upper_fanout=-1 total_tasks=281561 elapsed_s=20.0002 throughput_tasks_per_s=14077.9
MPICH Notice [Rank 0] [job id 5137469.39] [Sun Aug  2 01:16:31 2026] [frontier00035] - Abort(0) (rank 0 in comm 0): application called MPI_Abort(MPI_COMM_WORLD, 0) - process 0

aborting job:
application called MPI_Abort(MPI_COMM_WORLD, 0) - process 0
srun: error: frontier00035: tasks 1,3-5,7-8: Bus error
srun: Terminating StepId=5137469.39
srun: error: frontier00035: task 2: Bus error (core dumped)
[2026-08-02T01:16:32.172] error: *** STEP 5137469.39 ON frontier00035 CANCELLED AT 2026-08-02T01:16:32 DUE TO TASK FAILURE ***
srun: error: frontier00435: tasks 27-35: Terminated
srun: error: frontier01313: tasks 90-98: Terminated
srun: error: frontier00828: tasks 54-62: Terminated
srun: error: frontier01450: tasks 99-107: Terminated
srun: error: frontier01951: tasks 135-143: Terminated
srun: error: frontier01094: tasks 72-80: Terminated
srun: error: frontier00169: tasks 9-17: Terminated
srun: error: frontier01576: tasks 108-116: Terminated
srun: error: frontier01210: tasks 81-89: Terminated
srun: error: frontier01701: tasks 117-125: Terminated
srun: error: frontier00973: tasks 63-71: Terminated
srun: error: frontier00669: tasks 45-53: Terminated
srun: error: frontier00549: tasks 36-44: Terminated
srun: error: frontier00303: tasks 18-26: Terminated
srun: error: frontier01882: tasks 126-134: Terminated
srun: error: frontier00035: task 0: Exited with exit code 255
srun: error: frontier00035: task 6: Bus error (core dumped)
srun: Force Terminated StepId=5137469.39
Running frontier nodes=16 ranks_per_node=9 dist=async_put_lockfree mode=fixed expected_us=100000 max_upper_fanout=-1
RESULT distributor=async_put_lockfree mode=fixed expected_us=100000 nodes=16 world_size=144 max_upper_fanout=-1 total_tasks=28457 elapsed_s=20.0001 throughput_tasks_per_s=1422.84
MPICH Notice [Rank 0] [job id 5137469.40] [Sun Aug  2 01:17:01 2026] [frontier00035] - Abort(0) (rank 0 in comm 0): application called MPI_Abort(MPI_COMM_WORLD, 0) - process 0

aborting job:
application called MPI_Abort(MPI_COMM_WORLD, 0) - process 0
srun: error: frontier00035: tasks 1,3-8: Bus error
srun: Terminating StepId=5137469.40
[2026-08-02T01:17:01.980] error: *** STEP 5137469.40 ON frontier00035 CANCELLED AT 2026-08-02T01:17:01 DUE TO TASK FAILURE ***
srun: error: frontier01210: tasks 81-89: Terminated
srun: error: frontier00669: tasks 45-53: Terminated
srun: error: frontier00549: tasks 36-44: Terminated
srun: error: frontier01882: tasks 126-134: Terminated
srun: error: frontier01313: tasks 90-98: Terminated
srun: error: frontier01450: tasks 99-107: Terminated
srun: error: frontier00169: tasks 9-17: Terminated
srun: error: frontier00828: tasks 54-62: Terminated
srun: error: frontier01576: tasks 108-116: Terminated
srun: error: frontier01951: tasks 135-143: Terminated
srun: error: frontier01701: tasks 117-125: Terminated
srun: error: frontier01094: tasks 72-80: Terminated
srun: error: frontier00973: tasks 63-71: Terminated
srun: error: frontier00303: tasks 18-26: Terminated
srun: error: frontier00435: tasks 27-35: Terminated
srun: error: frontier00035: task 0: Exited with exit code 255
srun: error: frontier00035: task 2: Bus error (core dumped)
srun: Force Terminated StepId=5137469.40
Running frontier nodes=16 ranks_per_node=9 dist=async_put_lockfree mode=fixed expected_us=1000000 max_upper_fanout=-1
RESULT distributor=async_put_lockfree mode=fixed expected_us=1000000 nodes=16 world_size=144 max_upper_fanout=-1 total_tasks=2717 elapsed_s=20 throughput_tasks_per_s=135.85
MPICH Notice [Rank 0] [job id 5137469.41] [Sun Aug  2 01:17:32 2026] [frontier00035] - Abort(0) (rank 0 in comm 0): application called MPI_Abort(MPI_COMM_WORLD, 0) - process 0

aborting job:
application called MPI_Abort(MPI_COMM_WORLD, 0) - process 0
srun: error: frontier00035: task 0: Exited with exit code 255
srun: Terminating StepId=5137469.41
[2026-08-02T01:17:33.396] error: *** STEP 5137469.41 ON frontier00035 CANCELLED AT 2026-08-02T01:17:33 DUE TO TASK FAILURE ***
srun: error: frontier01882: tasks 126-134: Terminated
srun: error: frontier01450: tasks 99-107: Terminated
srun: error: frontier00169: tasks 9-17: Terminated
srun: error: frontier00035: tasks 1-8: Terminated
srun: error: frontier00828: tasks 54-62: Terminated
srun: error: frontier01094: tasks 72-80: Terminated
srun: error: frontier00435: tasks 27-35: Terminated
srun: error: frontier01576: tasks 108-116: Terminated
srun: error: frontier01701: tasks 117-125: Terminated
srun: error: frontier01951: tasks 135-143: Terminated
srun: error: frontier00549: tasks 36-44: Terminated
srun: error: frontier00303: tasks 18-26: Terminated
srun: error: frontier01313: tasks 90-98: Terminated
srun: error: frontier00669: tasks 45-53: Terminated
srun: error: frontier00973: tasks 63-71: Terminated
srun: error: frontier01210: tasks 81-89: Terminated
srun: Force Terminated StepId=5137469.41
Running frontier nodes=16 ranks_per_node=9 dist=async_put_lockfree mode=random expected_us=10 max_upper_fanout=-1
srun: Step created for StepId=5137469.42
RESULT distributor=async_put_lockfree mode=random expected_us=10 nodes=16 world_size=144 max_upper_fanout=-1 total_tasks=6722916 elapsed_s=20 throughput_tasks_per_s=336145
MPICH Notice [Rank 0] [job id 5137469.42] [Sun Aug  2 01:18:00 2026] [frontier00035] - Abort(0) (rank 0 in comm 0): application called MPI_Abort(MPI_COMM_WORLD, 0) - process 0

aborting job:
application called MPI_Abort(MPI_COMM_WORLD, 0) - process 0
srun: error: frontier00035: task 0: Exited with exit code 255
srun: Terminating StepId=5137469.42
[2026-08-02T01:18:01.107] error: *** STEP 5137469.42 ON frontier00035 CANCELLED AT 2026-08-02T01:18:01 DUE TO TASK FAILURE ***
srun: error: frontier00035: tasks 1-8: Terminated
srun: error: frontier00435: tasks 27-35: Terminated
srun: error: frontier01882: tasks 126-134: Terminated
srun: error: frontier01313: tasks 90-98: Terminated
srun: error: frontier00669: tasks 45-53: Terminated
srun: error: frontier00973: tasks 63-71: Terminated
srun: error: frontier00828: tasks 54-62: Terminated
srun: error: frontier01701: tasks 117-125: Terminated
srun: error: frontier01450: tasks 99-107: Terminated
srun: error: frontier00169: tasks 9-17: Terminated
srun: error: frontier00303: tasks 18-26: Terminated
srun: error: frontier01210: tasks 81-89: Terminated
srun: error: frontier01094: tasks 72-80: Terminated
srun: error: frontier01951: tasks 135-143: Terminated
srun: error: frontier00549: tasks 36-44: Terminated
srun: error: frontier01576: tasks 108-116: Terminated
srun: Force Terminated StepId=5137469.42
Running frontier nodes=16 ranks_per_node=9 dist=async_put_lockfree mode=random expected_us=100 max_upper_fanout=-1
srun: Step created for StepId=5137469.43
RESULT distributor=async_put_lockfree mode=random expected_us=100 nodes=16 world_size=144 max_upper_fanout=-1 total_tasks=4943237 elapsed_s=20.0001 throughput_tasks_per_s=247161
MPICH Notice [Rank 0] [job id 5137469.43] [Sun Aug  2 01:18:28 2026] [frontier00035] - Abort(0) (rank 0 in comm 0): application called MPI_Abort(MPI_COMM_WORLD, 0) - process 0

aborting job:
application called MPI_Abort(MPI_COMM_WORLD, 0) - process 0
srun: error: frontier00035: task 0: Exited with exit code 255
srun: Terminating StepId=5137469.43
[2026-08-02T01:18:29.196] error: *** STEP 5137469.43 ON frontier00035 CANCELLED AT 2026-08-02T01:18:29 DUE TO TASK FAILURE ***
srun: error: frontier00549: tasks 36-44: Terminated
srun: error: frontier01882: tasks 126-134: Terminated
srun: error: frontier01450: tasks 99-107: Terminated
srun: error: frontier00303: tasks 18-26: Terminated
srun: error: frontier00035: tasks 1-8: Terminated
srun: error: frontier01313: tasks 90-98: Terminated
srun: error: frontier01210: tasks 81-89: Terminated
srun: error: frontier01951: tasks 135-143: Terminated
srun: error: frontier00828: tasks 54-62: Terminated
srun: error: frontier01701: tasks 117-125: Terminated
srun: error: frontier01576: tasks 108-116: Terminated
srun: error: frontier00669: tasks 45-53: Terminated
srun: error: frontier00169: tasks 9-17: Terminated
srun: error: frontier00435: tasks 27-35: Terminated
srun: error: frontier01094: tasks 72-80: Terminated
srun: error: frontier00973: tasks 63-71: Terminated
srun: Force Terminated StepId=5137469.43
Running frontier nodes=16 ranks_per_node=9 dist=async_put_lockfree mode=random expected_us=1000 max_upper_fanout=-1
srun: Step created for StepId=5137469.44
RESULT distributor=async_put_lockfree mode=random expected_us=1000 nodes=16 world_size=144 max_upper_fanout=-1 total_tasks=2335519 elapsed_s=20.0001 throughput_tasks_per_s=116775
MPICH Notice [Rank 0] [job id 5137469.44] [Sun Aug  2 01:18:56 2026] [frontier00035] - Abort(0) (rank 0 in comm 0): application called MPI_Abort(MPI_COMM_WORLD, 0) - process 0

aborting job:
application called MPI_Abort(MPI_COMM_WORLD, 0) - process 0
srun: error: frontier00035: task 0: Exited with exit code 255
srun: Terminating StepId=5137469.44
[2026-08-02T01:18:57.200] error: *** STEP 5137469.44 ON frontier00035 CANCELLED AT 2026-08-02T01:18:57 DUE TO TASK FAILURE ***
srun: error: frontier00669: tasks 45-53: Terminated
srun: error: frontier01450: tasks 99-107: Terminated
srun: error: frontier01210: tasks 81-89: Terminated
srun: error: frontier00549: tasks 36-44: Terminated
srun: error: frontier00035: tasks 1-8: Terminated
srun: error: frontier01701: tasks 117-125: Terminated
srun: error: frontier01313: tasks 90-98: Terminated
srun: error: frontier00973: tasks 63-71: Terminated
srun: error: frontier01951: tasks 135-143: Terminated
srun: error: frontier01576: tasks 108-116: Terminated
srun: error: frontier00435: tasks 27-35: Terminated
srun: error: frontier01094: tasks 72-80: Terminated
srun: error: frontier00828: tasks 54-62: Terminated
srun: error: frontier00169: tasks 9-17: Terminated
srun: error: frontier01882: tasks 126-134: Terminated
srun: error: frontier00303: tasks 18-26: Terminated
srun: Force Terminated StepId=5137469.44
Running frontier nodes=16 ranks_per_node=9 dist=async_put_lockfree mode=random expected_us=10000 max_upper_fanout=-1
srun: Step created for StepId=5137469.45
RESULT distributor=async_put_lockfree mode=random expected_us=10000 nodes=16 world_size=144 max_upper_fanout=-1 total_tasks=280593 elapsed_s=20.0001 throughput_tasks_per_s=14029.6
MPICH Notice [Rank 0] [job id 5137469.45] [Sun Aug  2 01:19:23 2026] [frontier00035] - Abort(0) (rank 0 in comm 0): application called MPI_Abort(MPI_COMM_WORLD, 0) - process 0

aborting job:
application called MPI_Abort(MPI_COMM_WORLD, 0) - process 0
srun: error: frontier00035: task 0: Exited with exit code 255
srun: Terminating StepId=5137469.45
[2026-08-02T01:19:24.957] error: *** STEP 5137469.45 ON frontier00035 CANCELLED AT 2026-08-02T01:19:24 DUE TO TASK FAILURE ***
srun: error: frontier00303: tasks 18-26: Terminated
srun: error: frontier01094: tasks 72-80: Terminated
srun: error: frontier00169: tasks 9-17: Terminated
srun: error: frontier01576: tasks 108-116: Terminated
srun: error: frontier00669: tasks 45-53: Terminated
srun: error: frontier01313: tasks 90-98: Terminated
srun: error: frontier01951: tasks 135-143: Terminated
srun: error: frontier01450: tasks 99-107: Terminated
srun: error: frontier00035: tasks 1-8: Terminated
srun: error: frontier00828: tasks 54-62: Terminated
srun: error: frontier00973: tasks 63-71: Terminated
srun: error: frontier00435: tasks 27-35: Terminated
srun: error: frontier00549: tasks 36-44: Terminated
srun: error: frontier01882: tasks 126-134: Terminated
srun: error: frontier01701: tasks 117-125: Terminated
srun: error: frontier01210: tasks 81-89: Terminated
srun: Force Terminated StepId=5137469.45
Running frontier nodes=16 ranks_per_node=9 dist=async_put_lockfree mode=random expected_us=100000 max_upper_fanout=-1
srun: Step created for StepId=5137469.46
RESULT distributor=async_put_lockfree mode=random expected_us=100000 nodes=16 world_size=144 max_upper_fanout=-1 total_tasks=28435 elapsed_s=20.0004 throughput_tasks_per_s=1421.72
MPICH Notice [Rank 0] [job id 5137469.46] [Sun Aug  2 01:19:51 2026] [frontier00035] - Abort(0) (rank 0 in comm 0): application called MPI_Abort(MPI_COMM_WORLD, 0) - process 0

aborting job:
application called MPI_Abort(MPI_COMM_WORLD, 0) - process 0
srun: error: frontier00035: task 6: Bus error
srun: Terminating StepId=5137469.46
[2026-08-02T01:19:52.022] error: *** STEP 5137469.46 ON frontier00035 CANCELLED AT 2026-08-02T01:19:52 DUE TO TASK FAILURE ***
srun: error: frontier00669: tasks 45-53: Terminated
srun: error: frontier00169: tasks 9-17: Terminated
srun: error: frontier00435: tasks 27-35: Terminated
srun: error: frontier00828: tasks 54-62: Terminated
srun: error: frontier00303: tasks 18-26: Terminated
srun: error: frontier01450: tasks 99-107: Terminated
srun: error: frontier01951: tasks 135-143: Terminated
srun: error: frontier01576: tasks 108-116: Terminated
srun: error: frontier01701: tasks 117-125: Terminated
srun: error: frontier00973: tasks 63-71: Terminated
srun: error: frontier01094: tasks 72-80: Terminated
srun: error: frontier01210: tasks 81-89: Terminated
srun: error: frontier01313: tasks 90-98: Terminated
srun: error: frontier00549: tasks 36-44: Terminated
srun: error: frontier01882: tasks 126-134: Terminated
srun: error: frontier00035: tasks 1-2,4: Terminated
srun: error: frontier00035: task 0: Exited with exit code 255
srun: error: frontier00035: task 5: Bus error (core dumped)
srun: error: frontier00035: tasks 3,7-8: Bus error (core dumped)
srun: Force Terminated StepId=5137469.46
Running frontier nodes=16 ranks_per_node=9 dist=async_put_lockfree mode=random expected_us=1000000 max_upper_fanout=-1
RESULT distributor=async_put_lockfree mode=random expected_us=1000000 nodes=16 world_size=144 max_upper_fanout=-1 total_tasks=2690 elapsed_s=20 throughput_tasks_per_s=134.5
MPICH Notice [Rank 0] [job id 5137469.47] [Sun Aug  2 01:20:23 2026] [frontier00035] - Abort(0) (rank 0 in comm 0): application called MPI_Abort(MPI_COMM_WORLD, 0) - process 0

aborting job:
application called MPI_Abort(MPI_COMM_WORLD, 0) - process 0
MPICH ERROR [Rank 49] [job id 5137469.47] [Sun Aug  2 01:20:23 2026] [frontier00669] - Abort(606226319) (rank 49 in comm 0): Fatal error in PMPI_Win_flush: Other MPI error, error stack:
PMPI_Win_flush(139)..................: MPI_Win_flush(target_rank=0, win=0xa0000000) failed
MPID_Win_flush(294)..................:
MPIDIG_mpi_win_flush(615)............:
MPIDI_OFI_win_progress_fence_impl(65):
MPIDI_OFI_handle_cq_error(1310)......: OFI poll failed (ofi_events.c:1312:MPIDI_OFI_handle_cq_error:Input/output error - PTLTE_NOT_FOUND)

aborting job:
Fatal error in PMPI_Win_flush: Other MPI error, error stack:
PMPI_Win_flush(139)..................: MPI_Win_flush(target_rank=0, win=0xa0000000) failed
MPID_Win_flush(294)..................:
MPIDIG_mpi_win_flush(615)............:
MPIDI_OFI_win_progress_fence_impl(65):
MPIDI_OFI_handle_cq_error(1310)......: OFI poll failed (ofi_events.c:1312:MPIDI_OFI_handle_cq_error:Input/output error - PTLTE_NOT_FOUND)
MPICH ERROR [Rank 128] [job id 5137469.47] [Sun Aug  2 01:20:23 2026] [frontier01882] - Abort(606226319) (rank 128 in comm 0): Fatal error in PMPI_Win_flush: Other MPI error, error stack:
PMPI_Win_flush(139)..................: MPI_Win_flush(target_rank=0, win=0xa0000000) failed
MPID_Win_flush(294)..................:
MPIDIG_mpi_win_flush(615)............:
MPIDI_OFI_win_progress_fence_impl(65):
MPIDI_OFI_handle_cq_error(1310)......: OFI poll failed (ofi_events.c:1312:MPIDI_OFI_handle_cq_error:Input/output error - PTLTE_NOT_FOUND)

aborting job:
Fatal error in PMPI_Win_flush: Other MPI error, error stack:
PMPI_Win_flush(139)..................: MPI_Win_flush(target_rank=0, win=0xa0000000) failed
MPID_Win_flush(294)..................:
MPIDIG_mpi_win_flush(615)............:
MPIDI_OFI_win_progress_fence_impl(65):
MPIDI_OFI_handle_cq_error(1310)......: OFI poll failed (ofi_events.c:1312:MPIDI_OFI_handle_cq_error:Input/output error - PTLTE_NOT_FOUND)
MPICH ERROR [Rank 109] [job id 5137469.47] [Sun Aug  2 01:20:23 2026] [frontier01576] - Abort(606226319) (rank 109 in comm 0): Fatal error in PMPI_Win_flush: Other MPI error, error stack:
PMPI_Win_flush(139)..................: MPI_Win_flush(target_rank=0, win=0xa0000000) failed
MPID_Win_flush(294)..................:
MPIDIG_mpi_win_flush(615)............:
MPIDI_OFI_win_progress_fence_impl(65):
MPIDI_OFI_handle_cq_error(1310)......: OFI poll failed (ofi_events.c:1312:MPIDI_OFI_handle_cq_error:Input/output error - PTLTE_NOT_FOUND)

aborting job:
Fatal error in PMPI_Win_flush: Other MPI error, error stack:
PMPI_Win_flush(139)..................: MPI_Win_flush(target_rank=0, win=0xa0000000) failed
MPID_Win_flush(294)..................:
MPIDIG_mpi_win_flush(615)............:
MPIDI_OFI_win_progress_fence_impl(65):
MPIDI_OFI_handle_cq_error(1310)......: OFI poll failed (ofi_events.c:1312:MPIDI_OFI_handle_cq_error:Input/output error - PTLTE_NOT_FOUND)
MPICH ERROR [Rank 77] [job id 5137469.47] [Sun Aug  2 01:20:23 2026] [frontier01094] - Abort(606226319) (rank 77 in comm 0): Fatal error in PMPI_Win_flush: Other MPI error, error stack:
PMPI_Win_flush(139)..................: MPI_Win_flush(target_rank=0, win=0xa0000000) failed
MPID_Win_flush(294)..................:
MPIDIG_mpi_win_flush(615)............:
MPIDI_OFI_win_progress_fence_impl(65):
MPIDI_OFI_handle_cq_error(1310)......: OFI poll failed (ofi_events.c:1312:MPIDI_OFI_handle_cq_error:Input/output error - PTLTE_NOT_FOUND)

aborting job:
Fatal error in PMPI_Win_flush: Other MPI error, error stack:
PMPI_Win_flush(139)..................: MPI_Win_flush(target_rank=0, win=0xa0000000) failed
MPID_Win_flush(294)..................:
MPIDIG_mpi_win_flush(615)............:
MPIDI_OFI_win_progress_fence_impl(65):
MPIDI_OFI_handle_cq_error(1310)......: OFI poll failed (ofi_events.c:1312:MPIDI_OFI_handle_cq_error:Input/output error - PTLTE_NOT_FOUND)
MPICH ERROR [Rank 10] [job id 5137469.47] [Sun Aug  2 01:20:23 2026] [frontier00169] - Abort(606226319) (rank 10 in comm 0): Fatal error in PMPI_Win_flush: Other MPI error, error stack:
PMPI_Win_flush(139)..................: MPI_Win_flush(target_rank=0, win=0xa0000000) failed
MPID_Win_flush(294)..................:
MPIDIG_mpi_win_flush(615)............:
MPIDI_OFI_win_progress_fence_impl(65):
MPIDI_OFI_handle_cq_error(1310)......: OFI poll failed (ofi_events.c:1312:MPIDI_OFI_handle_cq_error:Input/output error - PTLTE_NOT_FOUND)

aborting job:
Fatal error in PMPI_Win_flush: Other MPI error, error stack:
PMPI_Win_flush(139)..................: MPI_Win_flush(target_rank=0, win=0xa0000000) failed
MPID_Win_flush(294)..................:
MPIDIG_mpi_win_flush(615)............:
MPIDI_OFI_win_progress_fence_impl(65):
MPIDI_OFI_handle_cq_error(1310)......: OFI poll failed (ofi_events.c:1312:MPIDI_OFI_handle_cq_error:Input/output error - PTLTE_NOT_FOUND)
MPICH ERROR [Rank 98] [job id 5137469.47] [Sun Aug  2 01:20:23 2026] [frontier01313] - Abort(606226319) (rank 98 in comm 0): Fatal error in PMPI_Win_flush: Other MPI error, error stack:
PMPI_Win_flush(139)..................: MPI_Win_flush(target_rank=0, win=0xa0000000) failed
MPID_Win_flush(294)..................:
MPIDIG_mpi_win_flush(615)............:
MPIDI_OFI_win_progress_fence_impl(65):
MPIDI_OFI_handle_cq_error(1310)......: OFI poll failed (ofi_events.c:1312:MPIDI_OFI_handle_cq_error:Input/output error - PTLTE_NOT_FOUND)

aborting job:
Fatal error in PMPI_Win_flush: Other MPI error, error stack:
PMPI_Win_flush(139)..................: MPI_Win_flush(target_rank=0, win=0xa0000000) failed
MPID_Win_flush(294)..................:
MPIDIG_mpi_win_flush(615)............:
MPIDI_OFI_win_progress_fence_impl(65):
MPIDI_OFI_handle_cq_error(1310)......: OFI poll failed (ofi_events.c:1312:MPIDI_OFI_handle_cq_error:Input/output error - PTLTE_NOT_FOUND)
MPICH ERROR [Rank 102] [job id 5137469.47] [Sun Aug  2 01:20:23 2026] [frontier01450] - Abort(606226319) (rank 102 in comm 0): Fatal error in PMPI_Win_flush: Other MPI error, error stack:
PMPI_Win_flush(139)..................: MPI_Win_flush(target_rank=0, win=0xa0000000) failed
MPID_Win_flush(294)..................:
MPIDIG_mpi_win_flush(615)............:
MPIDI_OFI_win_progress_fence_impl(65):
MPIDI_OFI_handle_cq_error(1310)......: OFI poll failed (ofi_events.c:1312:MPIDI_OFI_handle_cq_error:Input/output error - PTLTE_NOT_FOUND)

aborting job:
Fatal error in PMPI_Win_flush: Other MPI error, error stack:
PMPI_Win_flush(139)..................: MPI_Win_flush(target_rank=0, win=0xa0000000) failed
MPID_Win_flush(294)..................:
MPIDIG_mpi_win_flush(615)............:
MPIDI_OFI_win_progress_fence_impl(65):
MPIDI_OFI_handle_cq_error(1310)......: OFI poll failed (ofi_events.c:1312:MPIDI_OFI_handle_cq_error:Input/output error - PTLTE_NOT_FOUND)
MPICH ERROR [Rank 112] [job id 5137469.47] [Sun Aug  2 01:20:23 2026] [frontier01576] - Abort(606226319) (rank 112 in comm 0): Fatal error in PMPI_Win_flush: Other MPI error, error stack:
PMPI_Win_flush(139)..................: MPI_Win_flush(target_rank=0, win=0xa0000000) failed
MPID_Win_flush(294)..................:
MPIDIG_mpi_win_flush(615)............:
MPIDI_OFI_win_progress_fence_impl(65):
MPIDI_OFI_handle_cq_error(1310)......: OFI poll failed (ofi_events.c:1312:MPIDI_OFI_handle_cq_error:Input/output error - PTLTE_NOT_FOUND)

aborting job:
Fatal error in PMPI_Win_flush: Other MPI error, error stack:
PMPI_Win_flush(139)..................: MPI_Win_flush(target_rank=0, win=0xa0000000) failed
MPID_Win_flush(294)..................:
MPIDIG_mpi_win_flush(615)............:
MPIDI_OFI_win_progress_fence_impl(65):
MPIDI_OFI_handle_cq_error(1310)......: OFI poll failed (ofi_events.c:1312:MPIDI_OFI_handle_cq_error:Input/output error - PTLTE_NOT_FOUND)
MPICH ERROR [Rank 89] [job id 5137469.47] [Sun Aug  2 01:20:23 2026] [frontier01210] - Abort(606226319) (rank 89 in comm 0): Fatal error in PMPI_Win_flush: Other MPI error, error stack:
PMPI_Win_flush(139)..................: MPI_Win_flush(target_rank=0, win=0xa0000000) failed
MPID_Win_flush(294)..................:
MPIDIG_mpi_win_flush(615)............:
MPIDI_OFI_win_progress_fence_impl(65):
MPIDI_OFI_handle_cq_error(1310)......: OFI poll failed (ofi_events.c:1312:MPIDI_OFI_handle_cq_error:Input/output error - PTLTE_NOT_FOUND)

aborting job:
Fatal error in PMPI_Win_flush: Other MPI error, error stack:
PMPI_Win_flush(139)..................: MPI_Win_flush(target_rank=0, win=0xa0000000) failed
MPID_Win_flush(294)..................:
MPIDIG_mpi_win_flush(615)............:
MPIDI_OFI_win_progress_fence_impl(65):
MPIDI_OFI_handle_cq_error(1310)......: OFI poll failed (ofi_events.c:1312:MPIDI_OFI_handle_cq_error:Input/output error - PTLTE_NOT_FOUND)
MPICH ERROR [Rank 9] [job id 5137469.47] [Sun Aug  2 01:20:23 2026] [frontier00169] - Abort(606226319) (rank 9 in comm 0): Fatal error in PMPI_Win_flush: Other MPI error, error stack:
PMPI_Win_flush(139)..................: MPI_Win_flush(target_rank=0, win=0xa0000000) failed
MPID_Win_flush(294)..................:
MPIDIG_mpi_win_flush(615)............:
MPIDI_OFI_win_progress_fence_impl(65):
MPIDI_OFI_handle_cq_error(1310)......: OFI poll failed (ofi_events.c:1312:MPIDI_OFI_handle_cq_error:Input/output error - PTLTE_NOT_FOUND)

aborting job:
Fatal error in PMPI_Win_flush: Other MPI error, error stack:
PMPI_Win_flush(139)..................: MPI_Win_flush(target_rank=0, win=0xa0000000) failed
MPID_Win_flush(294)..................:
MPIDIG_mpi_win_flush(615)............:
MPIDI_OFI_win_progress_fence_impl(65):
MPIDI_OFI_handle_cq_error(1310)......: OFI poll failed (ofi_events.c:1312:MPIDI_OFI_handle_cq_error:Input/output error - PTLTE_NOT_FOUND)
srun: error: frontier01882: task 128: Exited with exit code 255
srun: Terminating StepId=5137469.47
srun: error: frontier00669: task 49: Exited with exit code 255
MPICH ERROR [Rank 126] [job id 5137469.47] [Sun Aug  2 01:20:23 2026] [frontier01882] - Abort(606226319) (rank 126 in comm 0): Fatal error in PMPI_Win_flush: Other MPI error, error stack:
PMPI_Win_flush(139)..................: MPI_Win_flush(target_rank=0, win=0xa0000000) failed
MPID_Win_flush(294)..................:
MPIDIG_mpi_win_flush(615)............:
MPIDI_OFI_win_progress_fence_impl(65):
MPIDI_OFI_handle_cq_error(1310)......: OFI poll failed (ofi_events.c:1312:MPIDI_OFI_handle_cq_error:Input/output error - PTLTE_NOT_FOUND)

aborting job:
Fatal error in PMPI_Win_flush: Other MPI error, error stack:
PMPI_Win_flush(139)..................: MPI_Win_flush(target_rank=0, win=0xa0000000) failed
MPID_Win_flush(294)..................:
MPIDIG_mpi_win_flush(615)............:
MPIDI_OFI_win_progress_fence_impl(65):
MPIDI_OFI_handle_cq_error(1310)......: OFI poll failed (ofi_events.c:1312:MPIDI_OFI_handle_cq_error:Input/output error - PTLTE_NOT_FOUND)
[2026-08-02T01:20:23.580] error: *** STEP 5137469.47 ON frontier00035 CANCELLED AT 2026-08-02T01:20:23 DUE TO TASK FAILURE ***
MPICH ERROR [Rank 118] [job id 5137469.47] [Sun Aug  2 01:20:23 2026] [frontier01701] - Abort(606226319) (rank 118 in comm 0): Fatal error in PMPI_Win_flush: Other MPI error, error stack:
PMPI_Win_flush(139)..................: MPI_Win_flush(target_rank=0, win=0xa0000000) failed
MPID_Win_flush(294)..................:
MPIDIG_mpi_win_flush(615)............:
MPIDI_OFI_win_progress_fence_impl(65):
MPIDI_OFI_handle_cq_error(1310)......: OFI poll failed (ofi_events.c:1312:MPIDI_OFI_handle_cq_error:Input/output error - PTLTE_NOT_FOUND)

aborting job:
Fatal error in PMPI_Win_flush: Other MPI error, error stack:
PMPI_Win_flush(139)..................: MPI_Win_flush(target_rank=0, win=0xa0000000) failed
MPID_Win_flush(294)..................:
MPIDIG_mpi_win_flush(615)............:
MPIDI_OFI_win_progress_fence_impl(65):
MPIDI_OFI_handle_cq_error(1310)......: OFI poll failed (ofi_events.c:1312:MPIDI_OFI_handle_cq_error:Input/output error - PTLTE_NOT_FOUND)
srun: error: frontier01576: tasks 109,112: Exited with exit code 255
srun: error: frontier01094: task 77: Exited with exit code 255
srun: error: frontier00169: tasks 9-10: Exited with exit code 255
srun: error: frontier00169: tasks 11-17: Terminated
srun: error: frontier01313: tasks 90-97: Terminated
srun: error: frontier01313: task 98: Exited with exit code 255
srun: error: frontier01450: tasks 99-101,103-107: Terminated
srun: error: frontier01450: task 102: Exited with exit code 255
srun: error: frontier01210: tasks 81-88: Terminated
srun: error: frontier01210: task 89: Exited with exit code 255
srun: error: frontier00669: tasks 45-48,50-53: Terminated
srun: error: frontier01576: tasks 108,110-111,113-116: Terminated
srun: error: frontier01882: task 126: Exited with exit code 255
srun: error: frontier01882: tasks 127,129-134: Terminated
srun: error: frontier00973: tasks 63-71: Terminated
srun: error: frontier00828: tasks 54-62: Terminated
srun: error: frontier01701: tasks 117-125: Terminated
srun: error: frontier00035: tasks 1,3-8: Terminated
srun: error: frontier00435: tasks 27-35: Terminated
srun: error: frontier01094: tasks 72-76,78-80: Terminated
srun: error: frontier00303: tasks 18-26: Terminated
srun: error: frontier01951: tasks 135-143: Terminated
srun: error: frontier00549: tasks 36-44: Terminated
srun: error: frontier00035: task 0: Exited with exit code 255
srun: error: frontier00035: task 2: Bus error (core dumped)
srun: Force Terminated StepId=5137469.47
Running frontier nodes=16 ranks_per_node=9 dist=hierarchical_async_put_lockfree mode=fixed expected_us=10 max_upper_fanout=-1
RESULT distributor=hierarchical_async_put_lockfree mode=fixed expected_us=10 nodes=16 world_size=144 max_upper_fanout=-1 total_tasks=13137436 elapsed_s=20.0005 throughput_tasks_per_s=656857
MPICH Notice [Rank 0] [job id 5137469.48] [Sun Aug  2 01:20:58 2026] [frontier00035] - Abort(0) (rank 0 in comm 0): application called MPI_Abort(MPI_COMM_WORLD, 0) - process 0

aborting job:
application called MPI_Abort(MPI_COMM_WORLD, 0) - process 0
srun: error: frontier00035: task 0: Exited with exit code 255
srun: Terminating StepId=5137469.48
[2026-08-02T01:20:59.712] error: *** STEP 5137469.48 ON frontier00035 CANCELLED AT 2026-08-02T01:20:59 DUE TO TASK FAILURE ***
srun: error: frontier00035: tasks 2-8: Terminated
srun: error: frontier01313: tasks 91-98: Terminated
srun: error: frontier01094: tasks 73-80: Terminated
srun: error: frontier00973: tasks 64-71: Terminated
srun: error: frontier00169: tasks 10-17: Terminated
srun: error: frontier00303: tasks 19-26: Terminated
srun: error: frontier01450: tasks 100-107: Terminated
srun: error: frontier01951: tasks 136-143: Terminated
srun: error: frontier00549: tasks 37-44: Terminated
srun: error: frontier01210: tasks 82-89: Terminated
srun: error: frontier00435: tasks 28-35: Terminated
srun: error: frontier00669: tasks 46-53: Terminated
srun: error: frontier01882: tasks 127-134: Terminated
srun: error: frontier01701: tasks 118-125: Terminated
srun: error: frontier00828: tasks 55-62: Terminated
srun: error: frontier01576: tasks 109-116: Terminated
srun: error: frontier00035: task 1: Terminated
srun: error: frontier01313: task 90: Terminated
srun: error: frontier00169: task 9: Terminated
srun: error: frontier01210: task 81: Terminated
srun: error: frontier01094: task 72: Terminated
srun: error: frontier00303: task 18: Terminated
srun: error: frontier00669: task 45: Terminated
srun: error: frontier00973: task 63: Terminated
srun: error: frontier00435: task 27: Terminated
srun: error: frontier01450: task 99: Terminated
srun: error: frontier00549: task 36: Terminated
srun: error: frontier01951: task 135: Terminated
srun: error: frontier01882: task 126: Terminated
srun: error: frontier00828: task 54: Terminated
srun: error: frontier01576: task 108: Terminated
srun: error: frontier01701: task 117: Terminated
srun: Force Terminated StepId=5137469.48
Running frontier nodes=16 ranks_per_node=9 dist=hierarchical_async_put_lockfree mode=fixed expected_us=100 max_upper_fanout=-1
srun: Step created for StepId=5137469.49
RESULT distributor=hierarchical_async_put_lockfree mode=fixed expected_us=100 nodes=16 world_size=144 max_upper_fanout=-1 total_tasks=13224109 elapsed_s=20.0002 throughput_tasks_per_s=661199
MPICH Notice [Rank 0] [job id 5137469.49] [Sun Aug  2 01:21:33 2026] [frontier00035] - Abort(0) (rank 0 in comm 0): application called MPI_Abort(MPI_COMM_WORLD, 0) - process 0

aborting job:
application called MPI_Abort(MPI_COMM_WORLD, 0) - process 0
srun: error: frontier00035: task 0: Exited with exit code 255
srun: Terminating StepId=5137469.49
[2026-08-02T01:21:33.955] error: *** STEP 5137469.49 ON frontier00035 CANCELLED AT 2026-08-02T01:21:33 DUE TO TASK FAILURE ***
srun: error: frontier00035: tasks 2-8: Terminated
srun: error: frontier00169: tasks 10-17: Terminated
srun: error: frontier01882: tasks 127-134: Terminated
srun: error: frontier00828: tasks 55-62: Terminated
srun: error: frontier00435: tasks 28-35: Terminated
srun: error: frontier01701: tasks 118-125: Terminated
srun: error: frontier00973: tasks 64-71: Terminated
srun: error: frontier00549: tasks 37-44: Terminated
srun: error: frontier01576: tasks 109-116: Terminated
srun: error: frontier00669: tasks 46-53: Terminated
srun: error: frontier00303: tasks 19-26: Terminated
srun: error: frontier01313: tasks 91-98: Terminated
srun: error: frontier01210: tasks 82-89: Terminated
srun: error: frontier01450: tasks 100-107: Terminated
srun: error: frontier01951: tasks 136-143: Terminated
srun: error: frontier01094: tasks 73-80: Terminated
srun: error: frontier00035: task 1: Terminated
srun: error: frontier00169: task 9: Terminated
srun: error: frontier01210: task 81: Terminated
srun: error: frontier01882: task 126: Terminated
srun: error: frontier00669: task 45: Terminated
srun: error: frontier00828: task 54: Terminated
srun: error: frontier00973: task 63: Terminated
srun: error: frontier01450: task 99: Terminated
srun: error: frontier00303: task 18: Terminated
srun: error: frontier00435: task 27: Terminated
srun: error: frontier01094: task 72: Terminated
srun: error: frontier00549: task 36: Terminated
srun: error: frontier01701: task 117: Terminated
srun: error: frontier01576: task 108: Terminated
srun: error: frontier01313: task 90: Terminated
srun: error: frontier01951: task 135: Terminated
srun: Force Terminated StepId=5137469.49
Running frontier nodes=16 ranks_per_node=9 dist=hierarchical_async_put_lockfree mode=fixed expected_us=1000 max_upper_fanout=-1
srun: Step created for StepId=5137469.50
RESULT distributor=hierarchical_async_put_lockfree mode=fixed expected_us=1000 nodes=16 world_size=144 max_upper_fanout=-1 total_tasks=2305217 elapsed_s=20.0001 throughput_tasks_per_s=115260
MPICH Notice [Rank 0] [job id 5137469.50] [Sun Aug  2 01:22:07 2026] [frontier00035] - Abort(0) (rank 0 in comm 0): application called MPI_Abort(MPI_COMM_WORLD, 0) - process 0

aborting job:
application called MPI_Abort(MPI_COMM_WORLD, 0) - process 0
srun: error: frontier00035: task 0: Exited with exit code 255
srun: Terminating StepId=5137469.50
[2026-08-02T01:22:08.206] error: *** STEP 5137469.50 ON frontier00035 CANCELLED AT 2026-08-02T01:22:08 DUE TO TASK FAILURE ***
srun: error: frontier01882: tasks 127-134: Terminated
srun: error: frontier01094: tasks 73-80: Terminated
srun: error: frontier01951: tasks 136-143: Terminated
srun: error: frontier00035: tasks 2-8: Terminated
srun: error: frontier00973: tasks 64-71: Terminated
srun: error: frontier01701: tasks 118-125: Terminated
srun: error: frontier00549: tasks 37-44: Terminated
srun: error: frontier00303: tasks 19-26: Terminated
srun: error: frontier00169: tasks 10-17: Terminated
srun: error: frontier00669: tasks 46-53: Terminated
srun: error: frontier01313: tasks 91-98: Terminated
srun: error: frontier01576: tasks 109-116: Terminated
srun: error: frontier00828: tasks 55-62: Terminated
srun: error: frontier01450: tasks 100-107: Terminated
srun: error: frontier01210: tasks 82-89: Terminated
srun: error: frontier00435: tasks 28-35: Terminated
srun: error: frontier01210: task 81: Terminated
srun: error: frontier00035: task 1: Terminated
srun: error: frontier00828: task 54: Terminated
srun: error: frontier00303: task 18: Terminated
srun: error: frontier01450: task 99: Terminated
srun: error: frontier00669: task 45: Terminated
srun: error: frontier01094: task 72: Terminated
srun: error: frontier01882: task 126: Terminated
srun: error: frontier00169: task 9: Terminated
srun: error: frontier00973: task 63: Terminated
srun: error: frontier01701: task 117: Terminated
srun: error: frontier00549: task 36: Terminated
srun: error: frontier01951: task 135: Terminated
srun: error: frontier01313: task 90: Terminated
srun: error: frontier00435: task 27: Terminated
srun: error: frontier01576: task 108: Terminated
srun: Force Terminated StepId=5137469.50
Running frontier nodes=16 ranks_per_node=9 dist=hierarchical_async_put_lockfree mode=fixed expected_us=10000 max_upper_fanout=-1
srun: Step created for StepId=5137469.51
RESULT distributor=hierarchical_async_put_lockfree mode=fixed expected_us=10000 nodes=16 world_size=144 max_upper_fanout=-1 total_tasks=251692 elapsed_s=20.0001 throughput_tasks_per_s=12584.5
MPICH Notice [Rank 0] [job id 5137469.51] [Sun Aug  2 01:22:43 2026] [frontier00035] - Abort(0) (rank 0 in comm 0): application called MPI_Abort(MPI_COMM_WORLD, 0) - process 0

aborting job:
application called MPI_Abort(MPI_COMM_WORLD, 0) - process 0
srun: error: frontier00035: task 0: Exited with exit code 255
srun: Terminating StepId=5137469.51
[2026-08-02T01:22:44.334] error: *** STEP 5137469.51 ON frontier00035 CANCELLED AT 2026-08-02T01:22:44 DUE TO TASK FAILURE ***
srun: error: frontier01701: tasks 118-125: Terminated
srun: error: frontier00669: tasks 46-53: Terminated
srun: error: frontier00549: tasks 37-44: Terminated
srun: error: frontier00828: tasks 55-62: Terminated
srun: error: frontier00035: tasks 2-8: Terminated
srun: error: frontier00973: tasks 64-71: Terminated
srun: error: frontier01094: tasks 73-80: Terminated
srun: error: frontier01450: tasks 100-107: Terminated
srun: error: frontier01313: tasks 91-98: Terminated
srun: error: frontier01882: tasks 127-134: Terminated
srun: error: frontier01951: tasks 136-143: Terminated
srun: error: frontier01576: tasks 109-116: Terminated
srun: error: frontier00435: tasks 28-35: Terminated
srun: error: frontier00303: tasks 19-26: Terminated
srun: error: frontier01210: tasks 82-89: Terminated
srun: error: frontier00169: tasks 10-17: Terminated
srun: error: frontier00669: task 45: Terminated
srun: error: frontier01094: task 72: Terminated
srun: error: frontier00828: task 54: Terminated
srun: error: frontier00035: task 1: Terminated
srun: error: frontier01210: task 81: Terminated
srun: error: frontier00435: task 27: Terminated
srun: error: frontier00973: task 63: Terminated
srun: error: frontier00549: task 36: Terminated
srun: error: frontier01701: task 117: Terminated
srun: error: frontier00169: task 9: Terminated
srun: error: frontier00303: task 18: Terminated
srun: error: frontier01450: task 99: Terminated
srun: error: frontier01576: task 108: Terminated
srun: error: frontier01882: task 126: Terminated
srun: error: frontier01951: task 135: Terminated
srun: error: frontier01313: task 90: Terminated
srun: Force Terminated StepId=5137469.51
Running frontier nodes=16 ranks_per_node=9 dist=hierarchical_async_put_lockfree mode=fixed expected_us=100000 max_upper_fanout=-1
srun: Step created for StepId=5137469.52
RESULT distributor=hierarchical_async_put_lockfree mode=fixed expected_us=100000 nodes=16 world_size=144 max_upper_fanout=-1 total_tasks=25273 elapsed_s=20.0001 throughput_tasks_per_s=1263.64
MPICH Notice [Rank 0] [job id 5137469.52] [Sun Aug  2 01:23:17 2026] [frontier00035] - Abort(0) (rank 0 in comm 0): application called MPI_Abort(MPI_COMM_WORLD, 0) - process 0

aborting job:
application called MPI_Abort(MPI_COMM_WORLD, 0) - process 0
srun: error: frontier00035: task 0: Exited with exit code 255
srun: Terminating StepId=5137469.52
[2026-08-02T01:23:18.768] error: *** STEP 5137469.52 ON frontier00035 CANCELLED AT 2026-08-02T01:23:18 DUE TO TASK FAILURE ***
srun: error: frontier00669: tasks 46-53: Terminated
srun: error: frontier00303: tasks 19-26: Terminated
srun: error: frontier01313: tasks 91-98: Terminated
srun: error: frontier01450: tasks 100-107: Terminated
srun: error: frontier01094: tasks 73-80: Terminated
srun: error: frontier01576: tasks 109-116: Terminated
srun: error: frontier01951: tasks 136-143: Terminated
srun: error: frontier00549: tasks 37-44: Terminated
srun: error: frontier01701: tasks 118-125: Terminated
srun: error: frontier01210: tasks 82-89: Terminated
srun: error: frontier01882: tasks 127-134: Terminated
srun: error: frontier00973: tasks 64-71: Terminated
srun: error: frontier00435: tasks 28-35: Terminated
srun: error: frontier00828: tasks 55-62: Terminated
srun: error: frontier00035: tasks 2-8: Terminated
srun: error: frontier00169: tasks 10-17: Terminated
srun: error: frontier01450: task 99: Terminated
srun: error: frontier01576: task 108: Terminated
srun: error: frontier01210: task 81: Terminated
srun: error: frontier01313: task 90: Terminated
srun: error: frontier01701: task 117: Terminated
srun: error: frontier01094: task 72: Terminated
srun: error: frontier00973: task 63: Terminated
srun: error: frontier00303: task 18: Terminated
srun: error: frontier01951: task 135: Terminated
srun: error: frontier00435: task 27: Terminated
srun: error: frontier01882: task 126: Terminated
srun: error: frontier00828: task 54: Terminated
srun: error: frontier00035: task 1: Terminated
srun: error: frontier00549: task 36: Terminated
srun: error: frontier00169: task 9: Terminated
srun: error: frontier00669: task 45: Terminated
srun: Force Terminated StepId=5137469.52
Running frontier nodes=16 ranks_per_node=9 dist=hierarchical_async_put_lockfree mode=fixed expected_us=1000000 max_upper_fanout=-1
srun: Step created for StepId=5137469.53
RESULT distributor=hierarchical_async_put_lockfree mode=fixed expected_us=1000000 nodes=16 world_size=144 max_upper_fanout=-1 total_tasks=2413 elapsed_s=20.0001 throughput_tasks_per_s=120.65
MPICH Notice [Rank 0] [job id 5137469.53] [Sun Aug  2 01:23:52 2026] [frontier00035] - Abort(0) (rank 0 in comm 0): application called MPI_Abort(MPI_COMM_WORLD, 0) - process 0

aborting job:
application called MPI_Abort(MPI_COMM_WORLD, 0) - process 0
srun: error: frontier00035: task 0: Exited with exit code 255
srun: Terminating StepId=5137469.53
[2026-08-02T01:23:53.116] error: *** STEP 5137469.53 ON frontier00035 CANCELLED AT 2026-08-02T01:23:53 DUE TO TASK FAILURE ***
srun: error: frontier00035: tasks 2-8: Terminated
srun: error: frontier01882: tasks 127-134: Terminated
srun: error: frontier01094: tasks 73-80: Terminated
srun: error: frontier00828: tasks 55-62: Terminated
srun: error: frontier00303: tasks 19-26: Terminated
srun: error: frontier01951: tasks 136-143: Terminated
srun: error: frontier00435: tasks 28-35: Terminated
srun: error: frontier00669: tasks 46-53: Terminated
srun: error: frontier01701: tasks 118-125: Terminated
srun: error: frontier00973: tasks 64-71: Terminated
srun: error: frontier01210: tasks 82-89: Terminated
srun: error: frontier01313: tasks 91-98: Terminated
srun: error: frontier01576: tasks 109-116: Terminated
srun: error: frontier00169: tasks 10-17: Terminated
srun: error: frontier00549: tasks 37-44: Terminated
srun: error: frontier01450: tasks 100-107: Terminated
srun: error: frontier00035: task 1: Terminated
srun: error: frontier00303: task 18: Terminated
srun: error: frontier00435: task 27: Terminated
srun: error: frontier01094: task 72: Terminated
srun: error: frontier01210: task 81: Terminated
srun: error: frontier00973: task 63: Terminated
srun: error: frontier01882: task 126: Terminated
srun: error: frontier00669: task 45: Terminated
srun: error: frontier01951: task 135: Terminated
srun: error: frontier00169: task 9: Terminated
srun: error: frontier01701: task 117: Terminated
srun: error: frontier01450: task 99: Terminated
srun: error: frontier01576: task 108: Terminated
srun: error: frontier01313: task 90: Terminated
srun: error: frontier00549: task 36: Terminated
srun: error: frontier00828: task 54: Terminated
srun: Force Terminated StepId=5137469.53
Running frontier nodes=16 ranks_per_node=9 dist=hierarchical_async_put_lockfree mode=random expected_us=10 max_upper_fanout=-1
srun: Step created for StepId=5137469.54
RESULT distributor=hierarchical_async_put_lockfree mode=random expected_us=10 nodes=16 world_size=144 max_upper_fanout=-1 total_tasks=13139324 elapsed_s=20.0002 throughput_tasks_per_s=656960
MPICH Notice [Rank 0] [job id 5137469.54] [Sun Aug  2 01:24:26 2026] [frontier00035] - Abort(0) (rank 0 in comm 0): application called MPI_Abort(MPI_COMM_WORLD, 0) - process 0

aborting job:
application called MPI_Abort(MPI_COMM_WORLD, 0) - process 0
srun: error: frontier00035: task 0: Exited with exit code 255
srun: Terminating StepId=5137469.54
[2026-08-02T01:24:27.660] error: *** STEP 5137469.54 ON frontier00035 CANCELLED AT 2026-08-02T01:24:27 DUE TO TASK FAILURE ***
srun: error: frontier00035: tasks 2-8: Terminated
srun: error: frontier01094: tasks 73-80: Terminated
srun: error: frontier00303: tasks 19-26: Terminated
srun: error: frontier00549: tasks 37-44: Terminated
srun: error: frontier00435: tasks 28-35: Terminated
srun: error: frontier00169: tasks 10-17: Terminated
srun: error: frontier01313: tasks 91-98: Terminated
srun: error: frontier00669: tasks 46-53: Terminated
srun: error: frontier01701: tasks 118-125: Terminated
srun: error: frontier01951: tasks 136-143: Terminated
srun: error: frontier01882: tasks 127-134: Terminated
srun: error: frontier01576: tasks 109-116: Terminated
srun: error: frontier01210: tasks 82-89: Terminated
srun: error: frontier00973: tasks 64-71: Terminated
srun: error: frontier00828: tasks 55-62: Terminated
srun: error: frontier01450: tasks 100-107: Terminated
srun: error: frontier00035: task 1: Terminated
srun: error: frontier01210: task 81: Terminated
srun: error: frontier00435: task 27: Terminated
srun: error: frontier01094: task 72: Terminated
srun: error: frontier00303: task 18: Terminated
srun: error: frontier00669: task 45: Terminated
srun: error: frontier00549: task 36: Terminated
srun: error: frontier00169: task 9: Terminated
srun: error: frontier01313: task 90: Terminated
srun: error: frontier01701: task 117: Terminated
srun: error: frontier00828: task 54: Terminated
srun: error: frontier01576: task 108: Terminated
srun: error: frontier01882: task 126: Terminated
srun: error: frontier01450: task 99: Terminated
srun: error: frontier01951: task 135: Terminated
srun: error: frontier00973: task 63: Terminated
srun: Force Terminated StepId=5137469.54
Running frontier nodes=16 ranks_per_node=9 dist=hierarchical_async_put_lockfree mode=random expected_us=100 max_upper_fanout=-1
srun: Step created for StepId=5137469.55
RESULT distributor=hierarchical_async_put_lockfree mode=random expected_us=100 nodes=16 world_size=144 max_upper_fanout=-1 total_tasks=12867124 elapsed_s=20.0002 throughput_tasks_per_s=643349
MPICH Notice [Rank 0] [job id 5137469.55] [Sun Aug  2 01:25:00 2026] [frontier00035] - Abort(0) (rank 0 in comm 0): application called MPI_Abort(MPI_COMM_WORLD, 0) - process 0

aborting job:
application called MPI_Abort(MPI_COMM_WORLD, 0) - process 0
srun: error: frontier00035: task 0: Exited with exit code 255
srun: Terminating StepId=5137469.55
[2026-08-02T01:25:01.929] error: *** STEP 5137469.55 ON frontier00035 CANCELLED AT 2026-08-02T01:25:01 DUE TO TASK FAILURE ***
srun: error: frontier00035: tasks 2-8: Terminated
srun: error: frontier01210: tasks 82-89: Terminated
srun: error: frontier01951: tasks 136-143: Terminated
srun: error: frontier00973: tasks 64-71: Terminated
srun: error: frontier01882: tasks 127-134: Terminated
srun: error: frontier00669: tasks 46-53: Terminated
srun: error: frontier00828: tasks 55-62: Terminated
srun: error: frontier00303: tasks 19-26: Terminated
srun: error: frontier00169: tasks 10-17: Terminated
srun: error: frontier00549: tasks 37-44: Terminated
srun: error: frontier00435: tasks 28-35: Terminated
srun: error: frontier01576: tasks 109-116: Terminated
srun: error: frontier01701: tasks 118-125: Terminated
srun: error: frontier01450: tasks 100-107: Terminated
srun: error: frontier01094: tasks 73-80: Terminated
srun: error: frontier01313: tasks 91-98: Terminated
srun: error: frontier01210: task 81: Terminated
srun: error: frontier00303: task 18: Terminated
srun: error: frontier00669: task 45: Terminated
srun: error: frontier01882: task 126: Terminated
srun: error: frontier00035: task 1: Terminated
srun: error: frontier00169: task 9: Terminated
srun: error: frontier00828: task 54: Terminated
srun: error: frontier00973: task 63: Terminated
srun: error: frontier00435: task 27: Terminated
srun: error: frontier01094: task 72: Terminated
srun: error: frontier01450: task 99: Terminated
srun: error: frontier01701: task 117: Terminated
srun: error: frontier01576: task 108: Terminated
srun: error: frontier01313: task 90: Terminated
srun: error: frontier00549: task 36: Terminated
srun: error: frontier01951: task 135: Terminated
srun: Force Terminated StepId=5137469.55
Running frontier nodes=16 ranks_per_node=9 dist=hierarchical_async_put_lockfree mode=random expected_us=1000 max_upper_fanout=-1
srun: Step created for StepId=5137469.56
RESULT distributor=hierarchical_async_put_lockfree mode=random expected_us=1000 nodes=16 world_size=144 max_upper_fanout=-1 total_tasks=2360636 elapsed_s=20.0001 throughput_tasks_per_s=118031
MPICH Notice [Rank 0] [job id 5137469.56] [Sun Aug  2 01:25:35 2026] [frontier00035] - Abort(0) (rank 0 in comm 0): application called MPI_Abort(MPI_COMM_WORLD, 0) - process 0

aborting job:
application called MPI_Abort(MPI_COMM_WORLD, 0) - process 0
srun: error: frontier00035: task 0: Exited with exit code 255
srun: Terminating StepId=5137469.56
[2026-08-02T01:25:36.299] error: *** STEP 5137469.56 ON frontier00035 CANCELLED AT 2026-08-02T01:25:36 DUE TO TASK FAILURE ***
srun: error: frontier01701: tasks 118-125: Terminated
srun: error: frontier01882: tasks 127-134: Terminated
srun: error: frontier01313: tasks 91-98: Terminated
srun: error: frontier01094: tasks 73-80: Terminated
srun: error: frontier00973: tasks 64-71: Terminated
srun: error: frontier00303: tasks 19-26: Terminated
srun: error: frontier01450: tasks 100-107: Terminated
srun: error: frontier01951: tasks 136-143: Terminated
srun: error: frontier01576: tasks 109-116: Terminated
srun: error: frontier00549: tasks 37-44: Terminated
srun: error: frontier00035: tasks 2-8: Terminated
srun: error: frontier01210: tasks 82-89: Terminated
srun: error: frontier00669: tasks 46-53: Terminated
srun: error: frontier00435: tasks 28-35: Terminated
srun: error: frontier00169: tasks 10-17: Terminated
srun: error: frontier00828: tasks 55-62: Terminated
srun: error: frontier01882: task 126: Terminated
srun: error: frontier00973: task 63: Terminated
srun: error: frontier00035: task 1: Terminated
srun: error: frontier00669: task 45: Terminated
srun: error: frontier01210: task 81: Terminated
srun: error: frontier00303: task 18: Terminated
srun: error: frontier00169: task 9: Terminated
srun: error: frontier00549: task 36: Terminated
srun: error: frontier01313: task 90: Terminated
srun: error: frontier01094: task 72: Terminated
srun: error: frontier01701: task 117: Terminated
srun: error: frontier00435: task 27: Terminated
srun: error: frontier01576: task 108: Terminated
srun: error: frontier00828: task 54: Terminated
srun: error: frontier01951: task 135: Terminated
srun: error: frontier01450: task 99: Terminated
srun: Force Terminated StepId=5137469.56
Running frontier nodes=16 ranks_per_node=9 dist=hierarchical_async_put_lockfree mode=random expected_us=10000 max_upper_fanout=-1
srun: Step created for StepId=5137469.57
RESULT distributor=hierarchical_async_put_lockfree mode=random expected_us=10000 nodes=16 world_size=144 max_upper_fanout=-1 total_tasks=251018 elapsed_s=20.0002 throughput_tasks_per_s=12550.8
MPICH Notice [Rank 0] [job id 5137469.57] [Sun Aug  2 01:26:09 2026] [frontier00035] - Abort(0) (rank 0 in comm 0): application called MPI_Abort(MPI_COMM_WORLD, 0) - process 0

aborting job:
application called MPI_Abort(MPI_COMM_WORLD, 0) - process 0
srun: error: frontier00035: task 0: Exited with exit code 255
srun: Terminating StepId=5137469.57
[2026-08-02T01:26:10.544] error: *** STEP 5137469.57 ON frontier00035 CANCELLED AT 2026-08-02T01:26:10 DUE TO TASK FAILURE ***
srun: error: frontier01882: tasks 127-134: Terminated
srun: error: frontier00973: tasks 64-71: Terminated
srun: error: frontier01576: tasks 109-116: Terminated
srun: error: frontier00303: tasks 19-26: Terminated
srun: error: frontier00435: tasks 28-35: Terminated
srun: error: frontier01313: tasks 91-98: Terminated
srun: error: frontier00669: tasks 46-53: Terminated
srun: error: frontier00169: tasks 10-17: Terminated
srun: error: frontier01951: tasks 136-143: Terminated
srun: error: frontier01094: tasks 73-80: Terminated
srun: error: frontier01701: tasks 118-125: Terminated
srun: error: frontier00828: tasks 55-62: Terminated
srun: error: frontier01210: tasks 82-89: Terminated
srun: error: frontier01450: tasks 100-107: Terminated
srun: error: frontier00035: tasks 2-8: Terminated
srun: error: frontier00549: tasks 37-44: Terminated
srun: error: frontier00303: task 18: Terminated
srun: error: frontier00669: task 45: Terminated
srun: error: frontier01576: task 108: Terminated
srun: error: frontier00973: task 63: Terminated
srun: error: frontier00035: task 1: Terminated
srun: error: frontier00828: task 54: Terminated
srun: error: frontier00169: task 9: Terminated
srun: error: frontier01210: task 81: Terminated
srun: error: frontier01882: task 126: Terminated
srun: error: frontier01094: task 72: Terminated
srun: error: frontier01313: task 90: Terminated
srun: error: frontier00435: task 27: Terminated
srun: error: frontier01701: task 117: Terminated
srun: error: frontier00549: task 36: Terminated
srun: error: frontier01951: task 135: Terminated
srun: error: frontier01450: task 99: Terminated
srun: Force Terminated StepId=5137469.57
Running frontier nodes=16 ranks_per_node=9 dist=hierarchical_async_put_lockfree mode=random expected_us=100000 max_upper_fanout=-1
srun: Step created for StepId=5137469.58
RESULT distributor=hierarchical_async_put_lockfree mode=random expected_us=100000 nodes=16 world_size=144 max_upper_fanout=-1 total_tasks=25132 elapsed_s=20.0001 throughput_tasks_per_s=1256.59
MPICH Notice [Rank 0] [job id 5137469.58] [Sun Aug  2 01:26:43 2026] [frontier00035] - Abort(0) (rank 0 in comm 0): application called MPI_Abort(MPI_COMM_WORLD, 0) - process 0

aborting job:
application called MPI_Abort(MPI_COMM_WORLD, 0) - process 0
srun: error: frontier00035: task 0: Exited with exit code 255
srun: Terminating StepId=5137469.58
[2026-08-02T01:26:44.801] error: *** STEP 5137469.58 ON frontier00035 CANCELLED AT 2026-08-02T01:26:44 DUE TO TASK FAILURE ***
srun: error: frontier00828: tasks 55-62: Terminated
srun: error: frontier01576: tasks 109-116: Terminated
srun: error: frontier01094: tasks 73-80: Terminated
srun: error: frontier00669: tasks 46-53: Terminated
srun: error: frontier00169: tasks 10-17: Terminated
srun: error: frontier01313: tasks 91-98: Terminated
srun: error: frontier01450: tasks 100-107: Terminated
srun: error: frontier01210: tasks 82-89: Terminated
srun: error: frontier00303: tasks 19-26: Terminated
srun: error: frontier00435: tasks 28-35: Terminated
srun: error: frontier00549: tasks 37-44: Terminated
srun: error: frontier01701: tasks 118-125: Terminated
srun: error: frontier00973: tasks 64-71: Terminated
srun: error: frontier01882: tasks 127-134: Terminated
srun: error: frontier00035: tasks 2-8: Terminated
srun: error: frontier01951: tasks 136-143: Terminated
srun: error: frontier00828: task 54: Terminated
srun: error: frontier00669: task 45: Terminated
srun: error: frontier01450: task 99: Terminated
srun: error: frontier01210: task 81: Terminated
srun: error: frontier01576: task 108: Terminated
srun: error: frontier01094: task 72: Terminated
srun: error: frontier00169: task 9: Terminated
srun: error: frontier01701: task 117: Terminated
srun: error: frontier00303: task 18: Terminated
srun: error: frontier00435: task 27: Terminated
srun: error: frontier01882: task 126: Terminated
srun: error: frontier01951: task 135: Terminated
srun: error: frontier00973: task 63: Terminated
srun: error: frontier00035: task 1: Terminated
srun: error: frontier00549: task 36: Terminated
srun: error: frontier01313: task 90: Terminated
srun: Force Terminated StepId=5137469.58
Running frontier nodes=16 ranks_per_node=9 dist=hierarchical_async_put_lockfree mode=random expected_us=1000000 max_upper_fanout=-1
srun: Step created for StepId=5137469.59
RESULT distributor=hierarchical_async_put_lockfree mode=random expected_us=1000000 nodes=16 world_size=144 max_upper_fanout=-1 total_tasks=2201 elapsed_s=20 throughput_tasks_per_s=110.05
MPICH Notice [Rank 0] [job id 5137469.59] [Sun Aug  2 01:27:18 2026] [frontier00035] - Abort(0) (rank 0 in comm 0): application called MPI_Abort(MPI_COMM_WORLD, 0) - process 0

aborting job:
application called MPI_Abort(MPI_COMM_WORLD, 0) - process 0
srun: error: frontier00035: task 0: Exited with exit code 255
srun: Terminating StepId=5137469.59
[2026-08-02T01:27:19.071] error: *** STEP 5137469.59 ON frontier00035 CANCELLED AT 2026-08-02T01:27:19 DUE TO TASK FAILURE ***
srun: error: frontier00973: tasks 64-71: Terminated
srun: error: frontier00035: tasks 2-8: Terminated
srun: error: frontier00669: tasks 46-53: Terminated
srun: error: frontier01882: tasks 127-134: Terminated
srun: error: frontier01576: tasks 109-116: Terminated
srun: error: frontier00549: tasks 37-44: Terminated
srun: error: frontier00169: tasks 10-17: Terminated
srun: error: frontier01701: tasks 118-125: Terminated
srun: error: frontier00435: tasks 28-35: Terminated
srun: error: frontier00828: tasks 55-62: Terminated
srun: error: frontier01210: tasks 82-89: Terminated
srun: error: frontier01094: tasks 73-80: Terminated
srun: error: frontier01313: tasks 91-98: Terminated
srun: error: frontier01951: tasks 136-143: Terminated
srun: error: frontier01450: tasks 100-107: Terminated
srun: error: frontier00303: tasks 19-26: Terminated
srun: error: frontier00669: task 45: Terminated
srun: error: frontier00035: task 1: Terminated
srun: error: frontier00169: task 9: Terminated
srun: error: frontier01882: task 126: Terminated
srun: error: frontier01576: task 108: Terminated
srun: error: frontier00973: task 63: Terminated
srun: error: frontier01210: task 81: Terminated
srun: error: frontier00549: task 36: Terminated
srun: error: frontier00303: task 18: Terminated
srun: error: frontier01701: task 117: Terminated
srun: error: frontier00828: task 54: Terminated
srun: error: frontier01094: task 72: Terminated
srun: error: frontier01313: task 90: Terminated
srun: error: frontier01951: task 135: Terminated
srun: error: frontier00435: task 27: Terminated
srun: error: frontier01450: task 99: Terminated
srun: Force Terminated StepId=5137469.59
Running frontier nodes=16 ranks_per_node=9 dist=hierarchical_async_put_lockfree mode=fixed expected_us=10 max_upper_fanout=0
srun: Step created for StepId=5137469.60
RESULT distributor=hierarchical_async_put_lockfree mode=fixed expected_us=10 nodes=16 world_size=144 max_upper_fanout=0 total_tasks=13170129 elapsed_s=20 throughput_tasks_per_s=658506
MPICH Notice [Rank 0] [job id 5137469.60] [Sun Aug  2 01:27:52 2026] [frontier00035] - Abort(0) (rank 0 in comm 0): application called MPI_Abort(MPI_COMM_WORLD, 0) - process 0

aborting job:
application called MPI_Abort(MPI_COMM_WORLD, 0) - process 0
srun: error: frontier00035: task 0: Exited with exit code 255
srun: Terminating StepId=5137469.60
[2026-08-02T01:27:53.340] error: *** STEP 5137469.60 ON frontier00035 CANCELLED AT 2026-08-02T01:27:53 DUE TO TASK FAILURE ***
srun: error: frontier00035: tasks 2-8: Terminated
srun: error: frontier01576: tasks 109-116: Terminated
srun: error: frontier01951: tasks 136-143: Terminated
srun: error: frontier01210: tasks 82-89: Terminated
srun: error: frontier00435: tasks 28-35: Terminated
srun: error: frontier00973: tasks 64-71: Terminated
srun: error: frontier00303: tasks 19-26: Terminated
srun: error: frontier01701: tasks 118-125: Terminated
srun: error: frontier01094: tasks 73-80: Terminated
srun: error: frontier00549: tasks 37-44: Terminated
srun: error: frontier00669: tasks 46-53: Terminated
srun: error: frontier00169: tasks 10-17: Terminated
srun: error: frontier01313: tasks 91-98: Terminated
srun: error: frontier00828: tasks 55-62: Terminated
srun: error: frontier01882: tasks 127-134: Terminated
srun: error: frontier01450: tasks 100-107: Terminated
srun: error: frontier00669: task 45: Terminated
srun: error: frontier00035: task 1: Terminated
srun: error: frontier01210: task 81: Terminated
srun: error: frontier01576: task 108: Terminated
srun: error: frontier01951: task 135: Terminated
srun: error: frontier00435: task 27: Terminated
srun: error: frontier01094: task 72: Terminated
srun: error: frontier00973: task 63: Terminated
srun: error: frontier00169: task 9: Terminated
srun: error: frontier00303: task 18: Terminated
srun: error: frontier00828: task 54: Terminated
srun: error: frontier00549: task 36: Terminated
srun: error: frontier01313: task 90: Terminated
srun: error: frontier01882: task 126: Terminated
srun: error: frontier01701: task 117: Terminated
srun: error: frontier01450: task 99: Terminated
srun: Force Terminated StepId=5137469.60
Running frontier nodes=16 ranks_per_node=9 dist=hierarchical_async_put_lockfree mode=fixed expected_us=100 max_upper_fanout=0
srun: Step created for StepId=5137469.61
RESULT distributor=hierarchical_async_put_lockfree mode=fixed expected_us=100 nodes=16 world_size=144 max_upper_fanout=0 total_tasks=13245789 elapsed_s=20.0002 throughput_tasks_per_s=662283
MPICH Notice [Rank 0] [job id 5137469.61] [Sun Aug  2 01:28:26 2026] [frontier00035] - Abort(0) (rank 0 in comm 0): application called MPI_Abort(MPI_COMM_WORLD, 0) - process 0

aborting job:
application called MPI_Abort(MPI_COMM_WORLD, 0) - process 0
srun: error: frontier00035: task 0: Exited with exit code 255
srun: Terminating StepId=5137469.61
[2026-08-02T01:28:27.780] error: *** STEP 5137469.61 ON frontier00035 CANCELLED AT 2026-08-02T01:28:27 DUE TO TASK FAILURE ***
srun: error: frontier00035: tasks 2-8: Terminated
srun: error: frontier00549: tasks 37-44: Terminated
srun: error: frontier01094: tasks 73-80: Terminated
srun: error: frontier01313: tasks 91-98: Terminated
srun: error: frontier01450: tasks 100-107: Terminated
srun: error: frontier00169: tasks 10-17: Terminated
srun: error: frontier00303: tasks 19-26: Terminated
srun: error: frontier01701: tasks 118-125: Terminated
srun: error: frontier01882: tasks 127-134: Terminated
srun: error: frontier00435: tasks 28-35: Terminated
srun: error: frontier01210: tasks 82-89: Terminated
srun: error: frontier00828: tasks 55-62: Terminated
srun: error: frontier01576: tasks 109-116: Terminated
srun: error: frontier00669: tasks 46-53: Terminated
srun: error: frontier00973: tasks 64-71: Terminated
srun: error: frontier01951: tasks 136-143: Terminated
srun: error: frontier00035: task 1: Terminated
srun: error: frontier00549: task 36: Terminated
srun: error: frontier01094: task 72: Terminated
srun: error: frontier00169: task 9: Terminated
srun: error: frontier01210: task 81: Terminated
srun: error: frontier01450: task 99: Terminated
srun: error: frontier00435: task 27: Terminated
srun: error: frontier01313: task 90: Terminated
srun: error: frontier00828: task 54: Terminated
srun: error: frontier01576: task 108: Terminated
srun: error: frontier00303: task 18: Terminated
srun: error: frontier01701: task 117: Terminated
srun: error: frontier01882: task 126: Terminated
srun: error: frontier01951: task 135: Terminated
srun: error: frontier00973: task 63: Terminated
srun: error: frontier00669: task 45: Terminated
srun: Force Terminated StepId=5137469.61
Running frontier nodes=16 ranks_per_node=9 dist=hierarchical_async_put_lockfree mode=fixed expected_us=1000 max_upper_fanout=0
srun: Step created for StepId=5137469.62
RESULT distributor=hierarchical_async_put_lockfree mode=fixed expected_us=1000 nodes=16 world_size=144 max_upper_fanout=0 total_tasks=2307618 elapsed_s=20.0001 throughput_tasks_per_s=115380
MPICH Notice [Rank 0] [job id 5137469.62] [Sun Aug  2 01:29:01 2026] [frontier00035] - Abort(0) (rank 0 in comm 0): application called MPI_Abort(MPI_COMM_WORLD, 0) - process 0

aborting job:
application called MPI_Abort(MPI_COMM_WORLD, 0) - process 0
srun: error: frontier00035: task 0: Exited with exit code 255
srun: Terminating StepId=5137469.62
[2026-08-02T01:29:02.010] error: *** STEP 5137469.62 ON frontier00035 CANCELLED AT 2026-08-02T01:29:02 DUE TO TASK FAILURE ***
srun: error: frontier00669: tasks 46-53: Terminated
srun: error: frontier00828: tasks 55-62: Terminated
srun: error: frontier01951: tasks 136-143: Terminated
srun: error: frontier00435: tasks 28-35: Terminated
srun: error: frontier01313: tasks 91-98: Terminated
srun: error: frontier01882: tasks 127-134: Terminated
srun: error: frontier00303: tasks 19-26: Terminated
srun: error: frontier01701: tasks 118-125: Terminated
srun: error: frontier00169: tasks 10-17: Terminated
srun: error: frontier00973: tasks 64-71: Terminated
srun: error: frontier00035: tasks 2-8: Terminated
srun: error: frontier01576: tasks 109-116: Terminated
srun: error: frontier01094: tasks 73-80: Terminated
srun: error: frontier01450: tasks 100-107: Terminated
srun: error: frontier01210: tasks 82-89: Terminated
srun: error: frontier00549: tasks 37-44: Terminated
srun: error: frontier00828: task 54: Terminated
srun: error: frontier00435: task 27: Terminated
srun: error: frontier00669: task 45: Terminated
srun: error: frontier00035: task 1: Terminated
srun: error: frontier01210: task 81: Terminated
srun: error: frontier00973: task 63: Terminated
srun: error: frontier01882: task 126: Terminated
srun: error: frontier01701: task 117: Terminated
srun: error: frontier00303: task 18: Terminated
srun: error: frontier01951: task 135: Terminated
srun: error: frontier01450: task 99: Terminated
srun: error: frontier01094: task 72: Terminated
srun: error: frontier00169: task 9: Terminated
srun: error: frontier01576: task 108: Terminated
srun: error: frontier01313: task 90: Terminated
srun: error: frontier00549: task 36: Terminated
srun: Force Terminated StepId=5137469.62
Running frontier nodes=16 ranks_per_node=9 dist=hierarchical_async_put_lockfree mode=fixed expected_us=10000 max_upper_fanout=0
srun: Step created for StepId=5137469.63
RESULT distributor=hierarchical_async_put_lockfree mode=fixed expected_us=10000 nodes=16 world_size=144 max_upper_fanout=0 total_tasks=251702 elapsed_s=20.0002 throughput_tasks_per_s=12585
MPICH Notice [Rank 0] [job id 5137469.63] [Sun Aug  2 01:29:35 2026] [frontier00035] - Abort(0) (rank 0 in comm 0): application called MPI_Abort(MPI_COMM_WORLD, 0) - process 0

aborting job:
application called MPI_Abort(MPI_COMM_WORLD, 0) - process 0
srun: error: frontier00035: task 0: Exited with exit code 255
srun: Terminating StepId=5137469.63
[2026-08-02T01:29:36.431] error: *** STEP 5137469.63 ON frontier00035 CANCELLED AT 2026-08-02T01:29:36 DUE TO TASK FAILURE ***
srun: error: frontier00169: tasks 10-17: Terminated
srun: error: frontier00435: tasks 28-35: Terminated
srun: error: frontier01094: tasks 73-80: Terminated
srun: error: frontier01951: tasks 136-143: Terminated
srun: error: frontier00828: tasks 55-62: Terminated
srun: error: frontier01576: tasks 109-116: Terminated
srun: error: frontier01701: tasks 118-125: Terminated
srun: error: frontier00303: tasks 19-26: Terminated
srun: error: frontier00669: tasks 46-53: Terminated
srun: error: frontier01210: tasks 82-89: Terminated
srun: error: frontier01882: tasks 127-134: Terminated
srun: error: frontier00035: tasks 2-8: Terminated
srun: error: frontier00549: tasks 37-44: Terminated
srun: error: frontier01313: tasks 91-98: Terminated
srun: error: frontier01450: tasks 100-107: Terminated
srun: error: frontier00973: tasks 64-71: Terminated
srun: error: frontier01094: task 72: Terminated
srun: error: frontier00035: task 1: Terminated
srun: error: frontier00669: task 45: Terminated
srun: error: frontier00303: task 18: Terminated
srun: error: frontier00435: task 27: Terminated
srun: error: frontier01701: task 117: Terminated
srun: error: frontier01210: task 81: Terminated
srun: error: frontier00169: task 9: Terminated
srun: error: frontier00828: task 54: Terminated
srun: error: frontier01576: task 108: Terminated
srun: error: frontier01882: task 126: Terminated
srun: error: frontier01450: task 99: Terminated
srun: error: frontier00549: task 36: Terminated
srun: error: frontier01951: task 135: Terminated
srun: error: frontier01313: task 90: Terminated
srun: error: frontier00973: task 63: Terminated
srun: Force Terminated StepId=5137469.63
Running frontier nodes=16 ranks_per_node=9 dist=hierarchical_async_put_lockfree mode=fixed expected_us=100000 max_upper_fanout=0
srun: Step created for StepId=5137469.64
RESULT distributor=hierarchical_async_put_lockfree mode=fixed expected_us=100000 nodes=16 world_size=144 max_upper_fanout=0 total_tasks=25273 elapsed_s=20.0001 throughput_tasks_per_s=1263.64
MPICH Notice [Rank 0] [job id 5137469.64] [Sun Aug  2 01:30:09 2026] [frontier00035] - Abort(0) (rank 0 in comm 0): application called MPI_Abort(MPI_COMM_WORLD, 0) - process 0

aborting job:
application called MPI_Abort(MPI_COMM_WORLD, 0) - process 0
srun: error: frontier00035: task 0: Exited with exit code 255
srun: Terminating StepId=5137469.64
[2026-08-02T01:30:10.663] error: *** STEP 5137469.64 ON frontier00035 CANCELLED AT 2026-08-02T01:30:10 DUE TO TASK FAILURE ***
srun: error: frontier00549: tasks 37-44: Terminated
srun: error: frontier01210: tasks 82-89: Terminated
srun: error: frontier01701: tasks 118-125: Terminated
srun: error: frontier01313: tasks 91-98: Terminated
srun: error: frontier00169: tasks 10-17: Terminated
srun: error: frontier00973: tasks 64-71: Terminated
srun: error: frontier01882: tasks 127-134: Terminated
srun: error: frontier01450: tasks 100-107: Terminated
srun: error: frontier00035: tasks 2-8: Terminated
srun: error: frontier00828: tasks 55-62: Terminated
srun: error: frontier01094: tasks 73-80: Terminated
srun: error: frontier00435: tasks 28-35: Terminated
srun: error: frontier00303: tasks 19-26: Terminated
srun: error: frontier00669: tasks 46-53: Terminated
srun: error: frontier01576: tasks 109-116: Terminated
srun: error: frontier01951: tasks 136-143: Terminated
srun: error: frontier00035: task 1: Terminated
srun: error: frontier01210: task 81: Terminated
srun: error: frontier01450: task 99: Terminated
srun: error: frontier00435: task 27: Terminated
srun: error: frontier00828: task 54: Terminated
srun: error: frontier01094: task 72: Terminated
srun: error: frontier00303: task 18: Terminated
srun: error: frontier00549: task 36: Terminated
srun: error: frontier00973: task 63: Terminated
srun: error: frontier01701: task 117: Terminated
srun: error: frontier00169: task 9: Terminated
srun: error: frontier01882: task 126: Terminated
srun: error: frontier00669: task 45: Terminated
srun: error: frontier01313: task 90: Terminated
srun: error: frontier01951: task 135: Terminated
srun: error: frontier01576: task 108: Terminated
srun: Force Terminated StepId=5137469.64
Running frontier nodes=16 ranks_per_node=9 dist=hierarchical_async_put_lockfree mode=fixed expected_us=1000000 max_upper_fanout=0
RESULT distributor=hierarchical_async_put_lockfree mode=fixed expected_us=1000000 nodes=16 world_size=144 max_upper_fanout=0 total_tasks=2413 elapsed_s=20 throughput_tasks_per_s=120.65
MPICH Notice [Rank 0] [job id 5137469.65] [Sun Aug  2 01:30:43 2026] [frontier00035] - Abort(0) (rank 0 in comm 0): application called MPI_Abort(MPI_COMM_WORLD, 0) - process 0

aborting job:
application called MPI_Abort(MPI_COMM_WORLD, 0) - process 0
srun: error: frontier00035: task 0: Exited with exit code 255
srun: Terminating StepId=5137469.65
[2026-08-02T01:30:44.925] error: *** STEP 5137469.65 ON frontier00035 CANCELLED AT 2026-08-02T01:30:44 DUE TO TASK FAILURE ***
srun: error: frontier01313: tasks 91-98: Terminated
srun: error: frontier00035: tasks 2-8: Terminated
srun: error: frontier01576: tasks 109-116: Terminated
srun: error: frontier00169: tasks 10-17: Terminated
srun: error: frontier00435: tasks 28-35: Terminated
srun: error: frontier01210: tasks 82-89: Terminated
srun: error: frontier01882: tasks 127-134: Terminated
srun: error: frontier01094: tasks 73-80: Terminated
srun: error: frontier00303: tasks 19-26: Terminated
srun: error: frontier00669: tasks 46-53: Terminated
srun: error: frontier01450: tasks 100-107: Terminated
srun: error: frontier00828: tasks 55-62: Terminated
srun: error: frontier00973: tasks 64-71: Terminated
srun: error: frontier01951: tasks 136-143: Terminated
srun: error: frontier00549: tasks 37-44: Terminated
srun: error: frontier01701: tasks 118-125: Terminated
srun: error: frontier00035: task 1: Terminated
srun: error: frontier00169: task 9: Terminated
srun: error: frontier01210: task 81: Terminated
srun: error: frontier00435: task 27: Terminated
srun: error: frontier01576: task 108: Terminated
srun: error: frontier00303: task 18: Terminated
srun: error: frontier01313: task 90: Terminated
srun: error: frontier01094: task 72: Terminated
srun: error: frontier00669: task 45: Terminated
srun: error: frontier01882: task 126: Terminated
srun: error: frontier01450: task 99: Terminated
srun: error: frontier00973: task 63: Terminated
srun: error: frontier00828: task 54: Terminated
srun: error: frontier00549: task 36: Terminated
srun: error: frontier01701: task 117: Terminated
srun: error: frontier01951: task 135: Terminated
srun: Force Terminated StepId=5137469.65
Running frontier nodes=16 ranks_per_node=9 dist=hierarchical_async_put_lockfree mode=random expected_us=10 max_upper_fanout=0
srun: Step created for StepId=5137469.66
RESULT distributor=hierarchical_async_put_lockfree mode=random expected_us=10 nodes=16 world_size=144 max_upper_fanout=0 total_tasks=13194322 elapsed_s=20 throughput_tasks_per_s=659715
MPICH Notice [Rank 0] [job id 5137469.66] [Sun Aug  2 01:31:18 2026] [frontier00035] - Abort(0) (rank 0 in comm 0): application called MPI_Abort(MPI_COMM_WORLD, 0) - process 0

aborting job:
application called MPI_Abort(MPI_COMM_WORLD, 0) - process 0
srun: error: frontier00035: task 0: Exited with exit code 255
srun: Terminating StepId=5137469.66
[2026-08-02T01:31:19.189] error: *** STEP 5137469.66 ON frontier00035 CANCELLED AT 2026-08-02T01:31:19 DUE TO TASK FAILURE ***
srun: error: frontier01576: tasks 109-116: Terminated
srun: error: frontier00035: tasks 2-8: Terminated
srun: error: frontier00973: tasks 64-71: Terminated
srun: error: frontier00169: tasks 10-17: Terminated
srun: error: frontier01094: tasks 73-80: Terminated
srun: error: frontier00303: tasks 19-26: Terminated
srun: error: frontier00549: tasks 37-44: Terminated
srun: error: frontier01450: tasks 100-107: Terminated
srun: error: frontier01210: tasks 82-89: Terminated
srun: error: frontier00435: tasks 28-35: Terminated
srun: error: frontier01882: tasks 127-134: Terminated
srun: error: frontier01701: tasks 118-125: Terminated
srun: error: frontier01951: tasks 136-143: Terminated
srun: error: frontier00828: tasks 55-62: Terminated
srun: error: frontier00669: tasks 46-53: Terminated
srun: error: frontier01313: tasks 91-98: Terminated
srun: error: frontier00035: task 1: Terminated
srun: error: frontier00669: task 45: Terminated
srun: error: frontier01576: task 108: Terminated
srun: error: frontier01210: task 81: Terminated
srun: error: frontier01094: task 72: Terminated
srun: error: frontier00973: task 63: Terminated
srun: error: frontier00435: task 27: Terminated
srun: error: frontier00303: task 18: Terminated
srun: error: frontier00169: task 9: Terminated
srun: error: frontier01450: task 99: Terminated
srun: error: frontier01882: task 126: Terminated
srun: error: frontier00549: task 36: Terminated
srun: error: frontier00828: task 54: Terminated
srun: error: frontier01701: task 117: Terminated
srun: error: frontier01313: task 90: Terminated
srun: error: frontier01951: task 135: Terminated
srun: Force Terminated StepId=5137469.66
Running frontier nodes=16 ranks_per_node=9 dist=hierarchical_async_put_lockfree mode=random expected_us=100 max_upper_fanout=0
srun: Step created for StepId=5137469.67
RESULT distributor=hierarchical_async_put_lockfree mode=random expected_us=100 nodes=16 world_size=144 max_upper_fanout=0 total_tasks=12855623 elapsed_s=20.0002 throughput_tasks_per_s=642775
MPICH Notice [Rank 0] [job id 5137469.67] [Sun Aug  2 01:31:52 2026] [frontier00035] - Abort(0) (rank 0 in comm 0): application called MPI_Abort(MPI_COMM_WORLD, 0) - process 0

aborting job:
application called MPI_Abort(MPI_COMM_WORLD, 0) - process 0
srun: error: frontier00035: task 0: Exited with exit code 255
srun: Terminating StepId=5137469.67
[2026-08-02T01:31:53.422] error: *** STEP 5137469.67 ON frontier00035 CANCELLED AT 2026-08-02T01:31:53 DUE TO TASK FAILURE ***
srun: error: frontier00035: tasks 2-8: Terminated
srun: error: frontier01576: tasks 109-116: Terminated
srun: error: frontier00169: tasks 10-17: Terminated
srun: error: frontier01210: tasks 82-89: Terminated
srun: error: frontier00549: tasks 37-44: Terminated
srun: error: frontier01313: tasks 91-98: Terminated
srun: error: frontier00973: tasks 64-71: Terminated
srun: error: frontier00828: tasks 55-62: Terminated
srun: error: frontier00669: tasks 46-53: Terminated
srun: error: frontier01450: tasks 100-107: Terminated
srun: error: frontier01094: tasks 73-80: Terminated
srun: error: frontier01951: tasks 136-143: Terminated
srun: error: frontier00435: tasks 28-35: Terminated
srun: error: frontier01882: tasks 127-134: Terminated
srun: error: frontier00303: tasks 19-26: Terminated
srun: error: frontier01701: tasks 118-125: Terminated
srun: error: frontier00035: task 1: Terminated
srun: error: frontier00549: task 36: Terminated
srun: error: frontier01210: task 81: Terminated
srun: error: frontier00169: task 9: Terminated
srun: error: frontier01576: task 108: Terminated
srun: error: frontier00973: task 63: Terminated
srun: error: frontier00669: task 45: Terminated
srun: error: frontier00828: task 54: Terminated
srun: error: frontier00435: task 27: Terminated
srun: error: frontier01094: task 72: Terminated
srun: error: frontier01450: task 99: Terminated
srun: error: frontier01313: task 90: Terminated
srun: error: frontier01882: task 126: Terminated
srun: error: frontier00303: task 18: Terminated
srun: error: frontier01951: task 135: Terminated
srun: error: frontier01701: task 117: Terminated
srun: Force Terminated StepId=5137469.67
Running frontier nodes=16 ranks_per_node=9 dist=hierarchical_async_put_lockfree mode=random expected_us=1000 max_upper_fanout=0
srun: Step created for StepId=5137469.68
RESULT distributor=hierarchical_async_put_lockfree mode=random expected_us=1000 nodes=16 world_size=144 max_upper_fanout=0 total_tasks=2359982 elapsed_s=20.0002 throughput_tasks_per_s=117998
MPICH Notice [Rank 0] [job id 5137469.68] [Sun Aug  2 01:32:26 2026] [frontier00035] - Abort(0) (rank 0 in comm 0): application called MPI_Abort(MPI_COMM_WORLD, 0) - process 0

aborting job:
application called MPI_Abort(MPI_COMM_WORLD, 0) - process 0
srun: error: frontier00035: task 0: Exited with exit code 255
srun: Terminating StepId=5137469.68
[2026-08-02T01:32:27.703] error: *** STEP 5137469.68 ON frontier00035 CANCELLED AT 2026-08-02T01:32:27 DUE TO TASK FAILURE ***
srun: error: frontier00303: tasks 19-26: Terminated
srun: error: frontier00169: tasks 10-17: Terminated
srun: error: frontier01701: tasks 118-125: Terminated
srun: error: frontier01094: tasks 73-80: Terminated
srun: error: frontier01951: tasks 136-143: Terminated
srun: error: frontier00549: tasks 37-44: Terminated
srun: error: frontier00669: tasks 46-53: Terminated
srun: error: frontier01313: tasks 91-98: Terminated
srun: error: frontier01450: tasks 100-107: Terminated
srun: error: frontier00973: tasks 64-71: Terminated
srun: error: frontier00035: tasks 2-8: Terminated
srun: error: frontier00435: tasks 28-35: Terminated
srun: error: frontier01882: tasks 127-134: Terminated
srun: error: frontier01576: tasks 109-116: Terminated
srun: error: frontier00828: tasks 55-62: Terminated
srun: error: frontier01210: tasks 82-89: Terminated
srun: error: frontier01094: task 72: Terminated
srun: error: frontier00035: task 1: Terminated
srun: error: frontier01450: task 99: Terminated
srun: error: frontier00169: task 9: Terminated
srun: error: frontier00669: task 45: Terminated
srun: error: frontier00973: task 63: Terminated
srun: error: frontier01951: task 135: Terminated
srun: error: frontier00435: task 27: Terminated
srun: error: frontier00549: task 36: Terminated
srun: error: frontier01210: task 81: Terminated
srun: error: frontier01701: task 117: Terminated
srun: error: frontier00303: task 18: Terminated
srun: error: frontier00828: task 54: Terminated
srun: error: frontier01576: task 108: Terminated
srun: error: frontier01313: task 90: Terminated
srun: error: frontier01882: task 126: Terminated
srun: Force Terminated StepId=5137469.68
Running frontier nodes=16 ranks_per_node=9 dist=hierarchical_async_put_lockfree mode=random expected_us=10000 max_upper_fanout=0
srun: Step created for StepId=5137469.69
RESULT distributor=hierarchical_async_put_lockfree mode=random expected_us=10000 nodes=16 world_size=144 max_upper_fanout=0 total_tasks=251427 elapsed_s=20.0002 throughput_tasks_per_s=12571.2
MPICH Notice [Rank 0] [job id 5137469.69] [Sun Aug  2 01:33:01 2026] [frontier00035] - Abort(0) (rank 0 in comm 0): application called MPI_Abort(MPI_COMM_WORLD, 0) - process 0

aborting job:
application called MPI_Abort(MPI_COMM_WORLD, 0) - process 0
srun: error: frontier00035: task 0: Exited with exit code 255
srun: Terminating StepId=5137469.69
[2026-08-02T01:33:02.033] error: *** STEP 5137469.69 ON frontier00035 CANCELLED AT 2026-08-02T01:33:02 DUE TO TASK FAILURE ***
srun: error: frontier01313: tasks 91-98: Terminated
srun: error: frontier00303: tasks 19-26: Terminated
srun: error: frontier01210: tasks 82-89: Terminated
srun: error: frontier01701: tasks 118-125: Terminated
srun: error: frontier00973: tasks 64-71: Terminated
srun: error: frontier00169: tasks 10-17: Terminated
srun: error: frontier01094: tasks 73-80: Terminated
srun: error: frontier01576: tasks 109-116: Terminated
srun: error: frontier00549: tasks 37-44: Terminated
srun: error: frontier01951: tasks 136-143: Terminated
srun: error: frontier00669: tasks 46-53: Terminated
srun: error: frontier00435: tasks 28-35: Terminated
srun: error: frontier00035: tasks 2-8: Terminated
srun: error: frontier01450: tasks 100-107: Terminated
srun: error: frontier00828: tasks 55-62: Terminated
srun: error: frontier01882: tasks 127-134: Terminated
srun: error: frontier00669: task 45: Terminated
srun: error: frontier01094: task 72: Terminated
srun: error: frontier00973: task 63: Terminated
srun: error: frontier00435: task 27: Terminated
srun: error: frontier00303: task 18: Terminated
srun: error: frontier00035: task 1: Terminated
srun: error: frontier00828: task 54: Terminated
srun: error: frontier00169: task 9: Terminated
srun: error: frontier01210: task 81: Terminated
srun: error: frontier01701: task 117: Terminated
srun: error: frontier01882: task 126: Terminated
srun: error: frontier00549: task 36: Terminated
srun: error: frontier01951: task 135: Terminated
srun: error: frontier01313: task 90: Terminated
srun: error: frontier01576: task 108: Terminated
srun: error: frontier01450: task 99: Terminated
srun: Force Terminated StepId=5137469.69
Running frontier nodes=16 ranks_per_node=9 dist=hierarchical_async_put_lockfree mode=random expected_us=100000 max_upper_fanout=0
srun: Step created for StepId=5137469.70
RESULT distributor=hierarchical_async_put_lockfree mode=random expected_us=100000 nodes=16 world_size=144 max_upper_fanout=0 total_tasks=24870 elapsed_s=20.0001 throughput_tasks_per_s=1243.49
MPICH Notice [Rank 0] [job id 5137469.70] [Sun Aug  2 01:33:35 2026] [frontier00035] - Abort(0) (rank 0 in comm 0): application called MPI_Abort(MPI_COMM_WORLD, 0) - process 0

aborting job:
application called MPI_Abort(MPI_COMM_WORLD, 0) - process 0
srun: error: frontier00035: task 0: Exited with exit code 255
srun: Terminating StepId=5137469.70
[2026-08-02T01:33:36.481] error: *** STEP 5137469.70 ON frontier00035 CANCELLED AT 2026-08-02T01:33:36 DUE TO TASK FAILURE ***
srun: error: frontier00169: tasks 10-17: Terminated
srun: error: frontier00973: tasks 64-71: Terminated
srun: error: frontier00549: tasks 37-44: Terminated
srun: error: frontier00828: tasks 55-62: Terminated
srun: error: frontier01450: tasks 100-107: Terminated
srun: error: frontier01094: tasks 73-80: Terminated
srun: error: frontier00303: tasks 19-26: Terminated
srun: error: frontier01210: tasks 82-89: Terminated
srun: error: frontier01313: tasks 91-98: Terminated
srun: error: frontier01882: tasks 127-134: Terminated
srun: error: frontier00669: tasks 46-53: Terminated
srun: error: frontier01951: tasks 136-143: Terminated
srun: error: frontier00435: tasks 28-35: Terminated
srun: error: frontier00035: tasks 2-8: Terminated
srun: error: frontier01576: tasks 109-116: Terminated
srun: error: frontier01701: tasks 118-125: Terminated
srun: error: frontier00973: task 63: Terminated
srun: error: frontier00669: task 45: Terminated
srun: error: frontier00169: task 9: Terminated
srun: error: frontier01210: task 81: Terminated
srun: error: frontier00828: task 54: Terminated
srun: error: frontier00549: task 36: Terminated
srun: error: frontier01576: task 108: Terminated
srun: error: frontier00303: task 18: Terminated
srun: error: frontier00435: task 27: Terminated
srun: error: frontier01701: task 117: Terminated
srun: error: frontier01094: task 72: Terminated
srun: error: frontier01882: task 126: Terminated
srun: error: frontier01450: task 99: Terminated
srun: error: frontier01951: task 135: Terminated
srun: error: frontier00035: task 1: Terminated
srun: error: frontier01313: task 90: Terminated
srun: Force Terminated StepId=5137469.70
Running frontier nodes=16 ranks_per_node=9 dist=hierarchical_async_put_lockfree mode=random expected_us=1000000 max_upper_fanout=0
srun: Step created for StepId=5137469.71
RESULT distributor=hierarchical_async_put_lockfree mode=random expected_us=1000000 nodes=16 world_size=144 max_upper_fanout=0 total_tasks=2292 elapsed_s=20 throughput_tasks_per_s=114.6
MPICH Notice [Rank 0] [job id 5137469.71] [Sun Aug  2 01:34:10 2026] [frontier00035] - Abort(0) (rank 0 in comm 0): application called MPI_Abort(MPI_COMM_WORLD, 0) - process 0

aborting job:
application called MPI_Abort(MPI_COMM_WORLD, 0) - process 0
srun: error: frontier00035: task 0: Exited with exit code 255
srun: Terminating StepId=5137469.71
[2026-08-02T01:34:11.018] error: *** STEP 5137469.71 ON frontier00035 CANCELLED AT 2026-08-02T01:34:11 DUE TO TASK FAILURE ***
srun: error: frontier00035: tasks 2-8: Terminated
srun: error: frontier00435: tasks 28-35: Terminated
srun: error: frontier01576: tasks 109-116: Terminated
srun: error: frontier01450: tasks 100-107: Terminated
srun: error: frontier00169: tasks 10-17: Terminated
srun: error: frontier01094: tasks 73-80: Terminated
srun: error: frontier01210: tasks 82-89: Terminated
srun: error: frontier00303: tasks 19-26: Terminated
srun: error: frontier00549: tasks 37-44: Terminated
srun: error: frontier00669: tasks 46-53: Terminated
srun: error: frontier01882: tasks 127-134: Terminated
srun: error: frontier01313: tasks 91-98: Terminated
srun: error: frontier00973: tasks 64-71: Terminated
srun: error: frontier01951: tasks 136-143: Terminated
srun: error: frontier01701: tasks 118-125: Terminated
srun: error: frontier00828: tasks 55-62: Terminated
srun: error: frontier00035: task 1: Terminated
srun: error: frontier00435: task 27: Terminated
srun: error: frontier01450: task 99: Terminated
srun: error: frontier01094: task 72: Terminated
srun: error: frontier00669: task 45: Terminated
srun: error: frontier00169: task 9: Terminated
srun: error: frontier00303: task 18: Terminated
srun: error: frontier01210: task 81: Terminated
srun: error: frontier00973: task 63: Terminated
srun: error: frontier01882: task 126: Terminated
srun: error: frontier00549: task 36: Terminated
srun: error: frontier01576: task 108: Terminated
srun: error: frontier01951: task 135: Terminated
srun: error: frontier01701: task 117: Terminated
srun: error: frontier01313: task 90: Terminated
srun: error: frontier00828: task 54: Terminated
srun: Force Terminated StepId=5137469.71
Running frontier nodes=16 ranks_per_node=56 dist=naive mode=fixed expected_us=10 max_upper_fanout=-1
srun: Step created for StepId=5137469.72
RESULT distributor=naive mode=fixed expected_us=10 nodes=16 world_size=896 max_upper_fanout=-1 total_tasks=11964360 elapsed_s=20.0046 throughput_tasks_per_s=598081
MPICH Notice [Rank 0] [job id 5137469.72] [Sun Aug  2 01:34:33 2026] [frontier00035] - Abort(0) (rank 0 in comm 0): application called MPI_Abort(MPI_COMM_WORLD, 0) - process 0

aborting job:
application called MPI_Abort(MPI_COMM_WORLD, 0) - process 0
srun: error: frontier00035: task 0: Exited with exit code 255
srun: Terminating StepId=5137469.72
[2026-08-02T01:34:33.375] error: *** STEP 5137469.72 ON frontier00035 CANCELLED AT 2026-08-02T01:34:33 DUE TO TASK FAILURE ***
srun: error: frontier00669: tasks 280-335: Terminated
srun: error: frontier00303: tasks 112-167: Terminated
srun: error: frontier00435: tasks 168-223: Terminated
srun: error: frontier01094: tasks 448-503: Terminated
srun: error: frontier00973: tasks 392-447: Terminated
srun: error: frontier01210: tasks 504-559: Terminated
srun: error: frontier00549: tasks 224-279: Terminated
srun: error: frontier01882: tasks 784-839: Terminated
srun: error: frontier01576: tasks 672-727: Terminated
srun: error: frontier00828: tasks 336-391: Terminated
srun: error: frontier00169: tasks 56-111: Terminated
srun: error: frontier01951: tasks 840-895: Terminated
srun: error: frontier01313: tasks 560-615: Terminated
srun: error: frontier01701: tasks 728-783: Terminated
srun: error: frontier01450: tasks 616-671: Terminated
srun: error: frontier00035: tasks 1-55: Terminated
srun: Force Terminated StepId=5137469.72
Running frontier nodes=16 ranks_per_node=56 dist=naive mode=fixed expected_us=100 max_upper_fanout=-1
RESULT distributor=naive mode=fixed expected_us=100 nodes=16 world_size=896 max_upper_fanout=-1 total_tasks=13083605 elapsed_s=20.0085 throughput_tasks_per_s=653901
MPICH Notice [Rank 0] [job id 5137469.73] [Sun Aug  2 01:34:55 2026] [frontier00035] - Abort(0) (rank 0 in comm 0): application called MPI_Abort(MPI_COMM_WORLD, 0) - process 0

aborting job:
application called MPI_Abort(MPI_COMM_WORLD, 0) - process 0
srun: error: frontier00035: task 0: Exited with exit code 255
srun: Terminating StepId=5137469.73
[2026-08-02T01:34:55.353] error: *** STEP 5137469.73 ON frontier00035 CANCELLED AT 2026-08-02T01:34:55 DUE TO TASK FAILURE ***
srun: error: frontier00973: tasks 392-447: Terminated
srun: error: frontier00303: tasks 112-167: Terminated
srun: error: frontier01951: tasks 840-895: Terminated
srun: error: frontier01094: tasks 448-503: Terminated
srun: error: frontier00549: tasks 224-279: Terminated
srun: error: frontier00828: tasks 336-391: Terminated
srun: error: frontier01701: tasks 728-783: Terminated
srun: error: frontier01882: tasks 784-839: Terminated
srun: error: frontier00169: tasks 56-111: Terminated
srun: error: frontier01210: tasks 504-559: Terminated
srun: error: frontier01313: tasks 560-615: Terminated
srun: error: frontier01450: tasks 616-671: Terminated
srun: error: frontier01576: tasks 672-727: Terminated
srun: error: frontier00035: tasks 1-55: Terminated
srun: error: frontier00669: tasks 280-335: Terminated
srun: error: frontier00435: tasks 168-223: Terminated
srun: Force Terminated StepId=5137469.73
Running frontier nodes=16 ranks_per_node=56 dist=naive mode=fixed expected_us=1000 max_upper_fanout=-1
srun: Step created for StepId=5137469.74
RESULT distributor=naive mode=fixed expected_us=1000 nodes=16 world_size=896 max_upper_fanout=-1 total_tasks=5609047 elapsed_s=20.0143 throughput_tasks_per_s=280252
MPICH Notice [Rank 0] [job id 5137469.74] [Sun Aug  2 01:35:16 2026] [frontier00035] - Abort(0) (rank 0 in comm 0): application called MPI_Abort(MPI_COMM_WORLD, 0) - process 0

aborting job:
application called MPI_Abort(MPI_COMM_WORLD, 0) - process 0
srun: error: frontier00035: task 0: Exited with exit code 255
srun: Terminating StepId=5137469.74
[2026-08-02T01:35:17.583] error: *** STEP 5137469.74 ON frontier00035 CANCELLED AT 2026-08-02T01:35:17 DUE TO TASK FAILURE ***
srun: error: frontier01313: tasks 560-615: Terminated
srun: error: frontier00435: tasks 168-223: Terminated
srun: error: frontier00973: tasks 392-447: Terminated
srun: error: frontier00669: tasks 280-335: Terminated
srun: error: frontier01094: tasks 448-503: Terminated
srun: error: frontier01576: tasks 672-727: Terminated
srun: error: frontier00169: tasks 56-111: Terminated
srun: error: frontier01210: tasks 504-559: Terminated
srun: error: frontier01882: tasks 784-839: Terminated
srun: error: frontier00549: tasks 224-279: Terminated
srun: error: frontier00828: tasks 336-391: Terminated
srun: error: frontier00035: tasks 1-55: Terminated
srun: error: frontier01701: tasks 728-783: Terminated
srun: error: frontier01951: tasks 840-895: Terminated
srun: error: frontier00303: tasks 112-167: Terminated
srun: error: frontier01450: tasks 616-671: Terminated
srun: Force Terminated StepId=5137469.74
Running frontier nodes=16 ranks_per_node=56 dist=naive mode=fixed expected_us=10000 max_upper_fanout=-1
srun: Step created for StepId=5137469.75
RESULT distributor=naive mode=fixed expected_us=10000 nodes=16 world_size=896 max_upper_fanout=-1 total_tasks=1790950 elapsed_s=20.0438 throughput_tasks_per_s=89351.7
MPICH Notice [Rank 0] [job id 5137469.75] [Sun Aug  2 01:35:38 2026] [frontier00035] - Abort(0) (rank 0 in comm 0): application called MPI_Abort(MPI_COMM_WORLD, 0) - process 0

aborting job:
application called MPI_Abort(MPI_COMM_WORLD, 0) - process 0
srun: error: frontier00035: task 0: Exited with exit code 255
srun: Terminating StepId=5137469.75
[2026-08-02T01:35:39.025] error: *** STEP 5137469.75 ON frontier00035 CANCELLED AT 2026-08-02T01:35:39 DUE TO TASK FAILURE ***
srun: error: frontier01210: tasks 504-559: Terminated
srun: error: frontier01313: tasks 560-615: Terminated
srun: error: frontier01701: tasks 728-783: Terminated
srun: error: frontier01882: tasks 784-839: Terminated
srun: error: frontier00973: tasks 392-447: Terminated
srun: error: frontier00828: tasks 336-391: Terminated
srun: error: frontier00435: tasks 168-223: Terminated
srun: error: frontier00669: tasks 280-335: Terminated
srun: error: frontier00549: tasks 224-279: Terminated
srun: error: frontier01951: tasks 840-895: Terminated
srun: error: frontier00303: tasks 112-167: Terminated
srun: error: frontier01450: tasks 616-671: Terminated
srun: error: frontier01094: tasks 448-503: Terminated
srun: error: frontier01576: tasks 672-727: Terminated
srun: error: frontier00169: tasks 56-111: Terminated
srun: error: frontier00035: tasks 1-55: Terminated
srun: Force Terminated StepId=5137469.75
Running frontier nodes=16 ranks_per_node=56 dist=naive mode=fixed expected_us=100000 max_upper_fanout=-1
RESULT distributor=naive mode=fixed expected_us=100000 nodes=16 world_size=896 max_upper_fanout=-1 total_tasks=181685 elapsed_s=20.3082 throughput_tasks_per_s=8946.41
MPICH Notice [Rank 0] [job id 5137469.76] [Sun Aug  2 01:36:01 2026] [frontier00035] - Abort(0) (rank 0 in comm 0): application called MPI_Abort(MPI_COMM_WORLD, 0) - process 0

aborting job:
application called MPI_Abort(MPI_COMM_WORLD, 0) - process 0
srun: error: frontier00035: task 0: Exited with exit code 255
srun: Terminating StepId=5137469.76
[2026-08-02T01:36:01.229] error: *** STEP 5137469.76 ON frontier00035 CANCELLED AT 2026-08-02T01:36:01 DUE TO TASK FAILURE ***
srun: error: frontier01450: tasks 616-671: Terminated
srun: error: frontier00828: tasks 336-391: Terminated
srun: error: frontier01094: tasks 448-503: Terminated
srun: error: frontier00303: tasks 112-167: Terminated
srun: error: frontier01951: tasks 840-895: Terminated
srun: error: frontier01313: tasks 560-615: Terminated
srun: error: frontier00669: tasks 280-335: Terminated
srun: error: frontier01882: tasks 784-839: Terminated
srun: error: frontier00549: tasks 224-279: Terminated
srun: error: frontier01576: tasks 672-727: Terminated
srun: error: frontier00169: tasks 56-111: Terminated
srun: error: frontier00435: tasks 168-223: Terminated
srun: error: frontier00973: tasks 392-447: Terminated
srun: error: frontier00035: tasks 1-55: Terminated
srun: error: frontier01210: tasks 504-559: Terminated
srun: error: frontier01701: tasks 728-783: Terminated
srun: Force Terminated StepId=5137469.76
Running frontier nodes=16 ranks_per_node=56 dist=naive mode=fixed expected_us=1000000 max_upper_fanout=-1
srun: Step created for StepId=5137469.77
RESULT distributor=naive mode=fixed expected_us=1000000 nodes=16 world_size=896 max_upper_fanout=-1 total_tasks=20585 elapsed_s=23.0083 throughput_tasks_per_s=894.676
MPICH Notice [Rank 0] [job id 5137469.77] [Sun Aug  2 01:36:25 2026] [frontier00035] - Abort(0) (rank 0 in comm 0): application called MPI_Abort(MPI_COMM_WORLD, 0) - process 0

aborting job:
application called MPI_Abort(MPI_COMM_WORLD, 0) - process 0
srun: error: frontier00035: task 0: Exited with exit code 255
srun: Terminating StepId=5137469.77
[2026-08-02T01:36:27.894] error: *** STEP 5137469.77 ON frontier00035 CANCELLED AT 2026-08-02T01:36:27 DUE TO TASK FAILURE ***
srun: error: frontier00303: tasks 112-167: Terminated
srun: error: frontier01951: tasks 840-895: Terminated
srun: error: frontier01882: tasks 784-839: Terminated
srun: error: frontier01094: tasks 448-503: Terminated
srun: error: frontier01450: tasks 616-671: Terminated
srun: error: frontier00973: tasks 392-447: Terminated
srun: error: frontier01576: tasks 672-727: Terminated
srun: error: frontier01210: tasks 504-559: Terminated
srun: error: frontier00549: tasks 224-279: Terminated
srun: error: frontier00435: tasks 168-223: Terminated
srun: error: frontier01313: tasks 560-615: Terminated
srun: error: frontier01701: tasks 728-783: Terminated
srun: error: frontier00828: tasks 336-391: Terminated
srun: error: frontier00169: tasks 56-111: Terminated
srun: error: frontier00035: tasks 1-55: Terminated
srun: error: frontier00669: tasks 280-335: Terminated
srun: Force Terminated StepId=5137469.77
Running frontier nodes=16 ranks_per_node=56 dist=naive mode=random expected_us=10 max_upper_fanout=-1
srun: Step created for StepId=5137469.78
RESULT distributor=naive mode=random expected_us=10 nodes=16 world_size=896 max_upper_fanout=-1 total_tasks=12003740 elapsed_s=20.0036 throughput_tasks_per_s=600078
MPICH Notice [Rank 0] [job id 5137469.78] [Sun Aug  2 01:36:49 2026] [frontier00035] - Abort(0) (rank 0 in comm 0): application called MPI_Abort(MPI_COMM_WORLD, 0) - process 0

aborting job:
application called MPI_Abort(MPI_COMM_WORLD, 0) - process 0
srun: error: frontier00035: task 0: Exited with exit code 255
srun: Terminating StepId=5137469.78
[2026-08-02T01:36:49.843] error: *** STEP 5137469.78 ON frontier00035 CANCELLED AT 2026-08-02T01:36:49 DUE TO TASK FAILURE ***
srun: error: frontier01701: tasks 728-783: Terminated
srun: error: frontier00435: tasks 168-223: Terminated
srun: error: frontier01576: tasks 672-727: Terminated
srun: error: frontier01951: tasks 840-895: Terminated
srun: error: frontier00669: tasks 280-335: Terminated
srun: error: frontier00549: tasks 224-279: Terminated
srun: error: frontier01094: tasks 448-503: Terminated
srun: error: frontier00035: tasks 1-55: Terminated
srun: error: frontier01210: tasks 504-559: Terminated
srun: error: frontier00169: tasks 56-111: Terminated
srun: error: frontier01313: tasks 560-615: Terminated
srun: error: frontier01882: tasks 784-839: Terminated
srun: error: frontier00303: tasks 112-167: Terminated
srun: error: frontier00973: tasks 392-447: Terminated
srun: error: frontier01450: tasks 616-671: Terminated
srun: error: frontier00828: tasks 336-391: Terminated
srun: Force Terminated StepId=5137469.78
Running frontier nodes=16 ranks_per_node=56 dist=naive mode=random expected_us=100 max_upper_fanout=-1
RESULT distributor=naive mode=random expected_us=100 nodes=16 world_size=896 max_upper_fanout=-1 total_tasks=13251778 elapsed_s=20.008 throughput_tasks_per_s=662324
MPICH Notice [Rank 0] [job id 5137469.79] [Sun Aug  2 01:37:11 2026] [frontier00035] - Abort(0) (rank 0 in comm 0): application called MPI_Abort(MPI_COMM_WORLD, 0) - process 0

aborting job:
application called MPI_Abort(MPI_COMM_WORLD, 0) - process 0
srun: error: frontier00035: task 0: Exited with exit code 255
srun: Terminating StepId=5137469.79
[2026-08-02T01:37:11.874] error: *** STEP 5137469.79 ON frontier00035 CANCELLED AT 2026-08-02T01:37:11 DUE TO TASK FAILURE ***
srun: error: frontier00169: tasks 56-111: Terminated
srun: error: frontier00549: tasks 224-279: Terminated
srun: error: frontier01701: tasks 728-783: Terminated
srun: error: frontier01210: tasks 504-559: Terminated
srun: error: frontier01576: tasks 672-727: Terminated
srun: error: frontier01094: tasks 448-503: Terminated
srun: error: frontier00303: tasks 112-167: Terminated
srun: error: frontier01450: tasks 616-671: Terminated
srun: error: frontier00828: tasks 336-391: Terminated
srun: error: frontier00973: tasks 392-447: Terminated
srun: error: frontier01313: tasks 560-615: Terminated
srun: error: frontier00669: tasks 280-335: Terminated
srun: error: frontier00035: tasks 1-55: Terminated
srun: error: frontier01951: tasks 840-895: Terminated
srun: error: frontier00435: tasks 168-223: Terminated
srun: error: frontier01882: tasks 784-839: Terminated
srun: Force Terminated StepId=5137469.79
Running frontier nodes=16 ranks_per_node=56 dist=naive mode=random expected_us=1000 max_upper_fanout=-1
srun: Step created for StepId=5137469.80
RESULT distributor=naive mode=random expected_us=1000 nodes=16 world_size=896 max_upper_fanout=-1 total_tasks=5636975 elapsed_s=20.0144 throughput_tasks_per_s=281647
MPICH Notice [Rank 0] [job id 5137469.80] [Sun Aug  2 01:37:33 2026] [frontier00035] - Abort(0) (rank 0 in comm 0): application called MPI_Abort(MPI_COMM_WORLD, 0) - process 0

aborting job:
application called MPI_Abort(MPI_COMM_WORLD, 0) - process 0
srun: error: frontier00035: task 0: Exited with exit code 255
srun: Terminating StepId=5137469.80
[2026-08-02T01:37:33.750] error: *** STEP 5137469.80 ON frontier00035 CANCELLED AT 2026-08-02T01:37:33 DUE TO TASK FAILURE ***
srun: error: frontier00169: tasks 56-111: Terminated
srun: error: frontier01951: tasks 840-895: Terminated
srun: error: frontier00435: tasks 168-223: Terminated
srun: error: frontier01313: tasks 560-615: Terminated
srun: error: frontier01210: tasks 504-559: Terminated
srun: error: frontier00669: tasks 280-335: Terminated
srun: error: frontier01882: tasks 784-839: Terminated
srun: error: frontier00973: tasks 392-447: Terminated
srun: error: frontier00828: tasks 336-391: Terminated
srun: error: frontier01450: tasks 616-671: Terminated
srun: error: frontier01094: tasks 448-503: Terminated
srun: error: frontier00549: tasks 224-279: Terminated
srun: error: frontier00303: tasks 112-167: Terminated
srun: error: frontier01701: tasks 728-783: Terminated
srun: error: frontier00035: tasks 1-55: Terminated
srun: error: frontier01576: tasks 672-727: Terminated
srun: Force Terminated StepId=5137469.80
Running frontier nodes=16 ranks_per_node=56 dist=naive mode=random expected_us=10000 max_upper_fanout=-1
srun: Step created for StepId=5137469.81
RESULT distributor=naive mode=random expected_us=10000 nodes=16 world_size=896 max_upper_fanout=-1 total_tasks=1792430 elapsed_s=20.0558 throughput_tasks_per_s=89372
MPICH Notice [Rank 0] [job id 5137469.81] [Sun Aug  2 01:37:55 2026] [frontier00035] - Abort(0) (rank 0 in comm 0): application called MPI_Abort(MPI_COMM_WORLD, 0) - process 0

aborting job:
application called MPI_Abort(MPI_COMM_WORLD, 0) - process 0
srun: error: frontier00035: task 0: Exited with exit code 255
srun: Terminating StepId=5137469.81
[2026-08-02T01:37:55.321] error: *** STEP 5137469.81 ON frontier00035 CANCELLED AT 2026-08-02T01:37:55 DUE TO TASK FAILURE ***
srun: error: frontier00828: tasks 336-391: Terminated
srun: error: frontier01576: tasks 672-727: Terminated
srun: error: frontier01701: tasks 728-783: Terminated
srun: error: frontier01210: tasks 504-559: Terminated
srun: error: frontier01882: tasks 784-839: Terminated
srun: error: frontier00435: tasks 168-223: Terminated
srun: error: frontier01094: tasks 448-503: Terminated
srun: error: frontier00303: tasks 112-167: Terminated
srun: error: frontier00973: tasks 392-447: Terminated
srun: error: frontier00035: tasks 1-55: Terminated
srun: error: frontier01951: tasks 840-895: Terminated
srun: error: frontier01450: tasks 616-671: Terminated
srun: error: frontier00549: tasks 224-279: Terminated
srun: error: frontier00169: tasks 56-111: Terminated
srun: error: frontier01313: tasks 560-615: Terminated
srun: error: frontier00669: tasks 280-335: Terminated
srun: Force Terminated StepId=5137469.81
Running frontier nodes=16 ranks_per_node=56 dist=naive mode=random expected_us=100000 max_upper_fanout=-1
srun: Step created for StepId=5137469.82
RESULT distributor=naive mode=random expected_us=100000 nodes=16 world_size=896 max_upper_fanout=-1 total_tasks=182250 elapsed_s=20.5032 throughput_tasks_per_s=8888.84
MPICH Notice [Rank 0] [job id 5137469.82] [Sun Aug  2 01:38:18 2026] [frontier00035] - Abort(0) (rank 0 in comm 0): application called MPI_Abort(MPI_COMM_WORLD, 0) - process 0

aborting job:
application called MPI_Abort(MPI_COMM_WORLD, 0) - process 0
srun: error: frontier00035: task 0: Exited with exit code 255
srun: Terminating StepId=5137469.82
[2026-08-02T01:38:19.074] error: *** STEP 5137469.82 ON frontier00035 CANCELLED AT 2026-08-02T01:38:19 DUE TO TASK FAILURE ***
srun: error: frontier00169: tasks 56-111: Terminated
srun: error: frontier00435: tasks 168-223: Terminated
srun: error: frontier01882: tasks 784-839: Terminated
srun: error: frontier00035: tasks 1-55: Terminated
srun: error: frontier01210: tasks 504-559: Terminated
srun: error: frontier01576: tasks 672-727: Terminated
srun: error: frontier01094: tasks 448-503: Terminated
srun: error: frontier01313: tasks 560-615: Terminated
srun: error: frontier01450: tasks 616-671: Terminated
srun: error: frontier01701: tasks 728-783: Terminated
srun: error: frontier01951: tasks 840-895: Terminated
srun: error: frontier00669: tasks 280-335: Terminated
srun: error: frontier00303: tasks 112-167: Terminated
srun: error: frontier00549: tasks 224-279: Terminated
srun: error: frontier00828: tasks 336-391: Terminated
srun: error: frontier00973: tasks 392-447: Terminated
srun: Force Terminated StepId=5137469.82
Running frontier nodes=16 ranks_per_node=56 dist=naive mode=random expected_us=1000000 max_upper_fanout=-1
srun: Step created for StepId=5137469.83
RESULT distributor=naive mode=random expected_us=1000000 nodes=16 world_size=896 max_upper_fanout=-1 total_tasks=22052 elapsed_s=25.8607 throughput_tasks_per_s=852.724
MPICH Notice [Rank 0] [job id 5137469.83] [Sun Aug  2 01:38:47 2026] [frontier00035] - Abort(0) (rank 0 in comm 0): application called MPI_Abort(MPI_COMM_WORLD, 0) - process 0

aborting job:
application called MPI_Abort(MPI_COMM_WORLD, 0) - process 0
srun: error: frontier00035: task 0: Exited with exit code 255
srun: Terminating StepId=5137469.83
[2026-08-02T01:38:47.961] error: *** STEP 5137469.83 ON frontier00035 CANCELLED AT 2026-08-02T01:38:47 DUE TO TASK FAILURE ***
srun: error: frontier00303: tasks 112-167: Terminated
srun: error: frontier00669: tasks 280-335: Terminated
srun: error: frontier01951: tasks 840-895: Terminated
srun: error: frontier01313: tasks 560-615: Terminated
srun: error: frontier01701: tasks 728-783: Terminated
srun: error: frontier00828: tasks 336-391: Terminated
srun: error: frontier01094: tasks 448-503: Terminated
srun: error: frontier00035: tasks 1-55: Terminated
srun: error: frontier01576: tasks 672-727: Terminated
srun: error: frontier01210: tasks 504-559: Terminated
srun: error: frontier00973: tasks 392-447: Terminated
srun: error: frontier01450: tasks 616-671: Terminated
srun: error: frontier00435: tasks 168-223: Terminated
srun: error: frontier01882: tasks 784-839: Terminated
srun: error: frontier00549: tasks 224-279: Terminated
srun: error: frontier00169: tasks 56-111: Terminated
srun: Force Terminated StepId=5137469.83
Running frontier nodes=16 ranks_per_node=56 dist=hierarchical mode=fixed expected_us=10 max_upper_fanout=-1
RESULT distributor=hierarchical mode=fixed expected_us=10 nodes=16 world_size=896 max_upper_fanout=-1 total_tasks=35443270 elapsed_s=20.0059 throughput_tasks_per_s=1.77164e+06
MPICH Notice [Rank 0] [job id 5137469.84] [Sun Aug  2 01:39:12 2026] [frontier00035] - Abort(0) (rank 0 in comm 0): application called MPI_Abort(MPI_COMM_WORLD, 0) - process 0

aborting job:
application called MPI_Abort(MPI_COMM_WORLD, 0) - process 0
srun: error: frontier00035: task 0: Exited with exit code 255
srun: Terminating StepId=5137469.84
[2026-08-02T01:39:12.268] error: *** STEP 5137469.84 ON frontier00035 CANCELLED AT 2026-08-02T01:39:12 DUE TO TASK FAILURE ***
srun: error: frontier01951: tasks 840-895: Terminated
srun: error: frontier00669: tasks 280-335: Terminated
srun: error: frontier00549: tasks 224-279: Terminated
srun: error: frontier01882: tasks 784-839: Terminated
srun: error: frontier01210: tasks 504-559: Terminated
srun: error: frontier00828: tasks 336-391: Terminated
srun: error: frontier00435: tasks 168-223: Terminated
srun: error: frontier00035: tasks 1-55: Terminated
srun: error: frontier01313: tasks 560-615: Terminated
srun: error: frontier00303: tasks 112-167: Terminated
srun: error: frontier00169: tasks 56-111: Terminated
srun: error: frontier01094: tasks 448-503: Terminated
srun: error: frontier01701: tasks 728-783: Terminated
srun: error: frontier01450: tasks 616-671: Terminated
srun: error: frontier00973: tasks 392-447: Terminated
srun: error: frontier01576: tasks 672-727: Terminated
srun: Force Terminated StepId=5137469.84
Running frontier nodes=16 ranks_per_node=56 dist=hierarchical mode=fixed expected_us=100 max_upper_fanout=-1
srun: Step created for StepId=5137469.85
RESULT distributor=hierarchical mode=fixed expected_us=100 nodes=16 world_size=896 max_upper_fanout=-1 total_tasks=19877588 elapsed_s=20.009 throughput_tasks_per_s=993432
MPICH Notice [Rank 0] [job id 5137469.85] [Sun Aug  2 01:39:35 2026] [frontier00035] - Abort(0) (rank 0 in comm 0): application called MPI_Abort(MPI_COMM_WORLD, 0) - process 0

aborting job:
application called MPI_Abort(MPI_COMM_WORLD, 0) - process 0
srun: error: frontier00035: task 0: Exited with exit code 255
srun: Terminating StepId=5137469.85
[2026-08-02T01:39:35.539] error: *** STEP 5137469.85 ON frontier00035 CANCELLED AT 2026-08-02T01:39:35 DUE TO TASK FAILURE ***
srun: error: frontier00303: tasks 112-167: Terminated
srun: error: frontier00169: tasks 56-111: Terminated
srun: error: frontier01094: tasks 448-503: Terminated
srun: error: frontier01576: tasks 672-727: Terminated
srun: error: frontier01882: tasks 784-839: Terminated
srun: error: frontier00549: tasks 224-279: Terminated
srun: error: frontier00435: tasks 168-223: Terminated
srun: error: frontier01210: tasks 504-559: Terminated
srun: error: frontier01701: tasks 728-783: Terminated
srun: error: frontier00035: tasks 1-55: Terminated
srun: error: frontier00973: tasks 392-447: Terminated
srun: error: frontier00828: tasks 336-391: Terminated
srun: error: frontier01951: tasks 840-895: Terminated
srun: error: frontier01450: tasks 616-671: Terminated
srun: error: frontier00669: tasks 280-335: Terminated
srun: error: frontier01313: tasks 560-615: Terminated
srun: Force Terminated StepId=5137469.85
Running frontier nodes=16 ranks_per_node=56 dist=hierarchical mode=fixed expected_us=1000 max_upper_fanout=-1
srun: Step created for StepId=5137469.86
RESULT distributor=hierarchical mode=fixed expected_us=1000 nodes=16 world_size=896 max_upper_fanout=-1 total_tasks=17522726 elapsed_s=20.0087 throughput_tasks_per_s=875753
MPICH Notice [Rank 0] [job id 5137469.86] [Sun Aug  2 01:39:56 2026] [frontier00035] - Abort(0) (rank 0 in comm 0): application called MPI_Abort(MPI_COMM_WORLD, 0) - process 0

aborting job:
application called MPI_Abort(MPI_COMM_WORLD, 0) - process 0
srun: error: frontier00035: task 0: Exited with exit code 255
srun: Terminating StepId=5137469.86
[2026-08-02T01:39:56.973] error: *** STEP 5137469.86 ON frontier00035 CANCELLED AT 2026-08-02T01:39:56 DUE TO TASK FAILURE ***
srun: error: frontier00669: tasks 280-335: Terminated
srun: error: frontier01701: tasks 728-783: Terminated
srun: error: frontier01094: tasks 448-503: Terminated
srun: error: frontier00169: tasks 56-111: Terminated
srun: error: frontier00435: tasks 168-223: Terminated
srun: error: frontier00828: tasks 336-391: Terminated
srun: error: frontier00035: tasks 1-55: Terminated
srun: error: frontier01951: tasks 840-895: Terminated
srun: error: frontier01882: tasks 784-839: Terminated
srun: error: frontier00973: tasks 392-447: Terminated
srun: error: frontier00303: tasks 112-167: Terminated
srun: error: frontier01576: tasks 672-727: Terminated
srun: error: frontier00549: tasks 224-279: Terminated
srun: error: frontier01313: tasks 560-615: Terminated
srun: error: frontier01450: tasks 616-671: Terminated
srun: error: frontier01210: tasks 504-559: Terminated
srun: Force Terminated StepId=5137469.86
Running frontier nodes=16 ranks_per_node=56 dist=hierarchical mode=fixed expected_us=10000 max_upper_fanout=-1
srun: Step created for StepId=5137469.87
RESULT distributor=hierarchical mode=fixed expected_us=10000 nodes=16 world_size=896 max_upper_fanout=-1 total_tasks=1763466 elapsed_s=20.0885 throughput_tasks_per_s=87785
MPICH Notice [Rank 0] [job id 5137469.87] [Sun Aug  2 01:40:20 2026] [frontier00035] - Abort(0) (rank 0 in comm 0): application called MPI_Abort(MPI_COMM_WORLD, 0) - process 0

aborting job:
application called MPI_Abort(MPI_COMM_WORLD, 0) - process 0
srun: error: frontier00035: task 0: Exited with exit code 255
srun: Terminating StepId=5137469.87
[2026-08-02T01:40:20.820] error: *** STEP 5137469.87 ON frontier00035 CANCELLED AT 2026-08-02T01:40:20 DUE TO TASK FAILURE ***
srun: error: frontier00828: tasks 336-391: Terminated
srun: error: frontier01313: tasks 560-615: Terminated
srun: error: frontier01094: tasks 448-503: Terminated
srun: error: frontier00669: tasks 280-335: Terminated
srun: error: frontier00303: tasks 112-167: Terminated
srun: error: frontier00435: tasks 168-223: Terminated
srun: error: frontier01210: tasks 504-559: Terminated
srun: error: frontier00169: tasks 56-111: Terminated
srun: error: frontier01882: tasks 784-839: Terminated
srun: error: frontier01951: tasks 840-895: Terminated
srun: error: frontier01701: tasks 728-783: Terminated
srun: error: frontier01450: tasks 616-671: Terminated
srun: error: frontier00549: tasks 224-279: Terminated
srun: error: frontier00035: tasks 1-55: Terminated
srun: error: frontier00973: tasks 392-447: Terminated
srun: error: frontier01576: tasks 672-727: Terminated
srun: Force Terminated StepId=5137469.87
Running frontier nodes=16 ranks_per_node=56 dist=hierarchical mode=fixed expected_us=100000 max_upper_fanout=-1
srun: Step created for StepId=5137469.88
RESULT distributor=hierarchical mode=fixed expected_us=100000 nodes=16 world_size=896 max_upper_fanout=-1 total_tasks=181138 elapsed_s=20.8021 throughput_tasks_per_s=8707.68
MPICH Notice [Rank 0] [job id 5137469.88] [Sun Aug  2 01:40:43 2026] [frontier00035] - Abort(0) (rank 0 in comm 0): application called MPI_Abort(MPI_COMM_WORLD, 0) - process 0

aborting job:
application called MPI_Abort(MPI_COMM_WORLD, 0) - process 0
srun: error: frontier00035: task 0: Exited with exit code 255
srun: Terminating StepId=5137469.88
[2026-08-02T01:40:43.436] error: *** STEP 5137469.88 ON frontier00035 CANCELLED AT 2026-08-02T01:40:43 DUE TO TASK FAILURE ***
srun: error: frontier00828: tasks 336-391: Terminated
srun: error: frontier01313: tasks 560-615: Terminated
srun: error: frontier00669: tasks 280-335: Terminated
srun: error: frontier01210: tasks 504-559: Terminated
srun: error: frontier01576: tasks 672-727: Terminated
srun: error: frontier01701: tasks 728-783: Terminated
srun: error: frontier01882: tasks 784-839: Terminated
srun: error: frontier00035: tasks 1-55: Terminated
srun: error: frontier00169: tasks 56-111: Terminated
srun: error: frontier00435: tasks 168-223: Terminated
srun: error: frontier01094: tasks 448-503: Terminated
srun: error: frontier00303: tasks 112-167: Terminated
srun: error: frontier01951: tasks 840-895: Terminated
srun: error: frontier01450: tasks 616-671: Terminated
srun: error: frontier00549: tasks 224-279: Terminated
srun: error: frontier00973: tasks 392-447: Terminated
srun: Force Terminated StepId=5137469.88
Running frontier nodes=16 ranks_per_node=56 dist=hierarchical mode=fixed expected_us=1000000 max_upper_fanout=-1
srun: Step created for StepId=5137469.89
RESULT distributor=hierarchical mode=fixed expected_us=1000000 nodes=16 world_size=896 max_upper_fanout=-1 total_tasks=22918 elapsed_s=28.0011 throughput_tasks_per_s=818.467
MPICH Notice [Rank 0] [job id 5137469.89] [Sun Aug  2 01:41:13 2026] [frontier00035] - Abort(0) (rank 0 in comm 0): application called MPI_Abort(MPI_COMM_WORLD, 0) - process 0

aborting job:
application called MPI_Abort(MPI_COMM_WORLD, 0) - process 0
srun: error: frontier00035: task 0: Exited with exit code 255
srun: Terminating StepId=5137469.89
[2026-08-02T01:41:13.988] error: *** STEP 5137469.89 ON frontier00035 CANCELLED AT 2026-08-02T01:41:13 DUE TO TASK FAILURE ***
srun: error: frontier00669: tasks 280-335: Terminated
srun: error: frontier00973: tasks 392-447: Terminated
srun: error: frontier00035: tasks 1-55: Terminated
srun: error: frontier01210: tasks 504-559: Terminated
srun: error: frontier00828: tasks 336-391: Terminated
srun: error: frontier00303: tasks 112-167: Terminated
srun: error: frontier00435: tasks 168-223: Terminated
srun: error: frontier01576: tasks 672-727: Terminated
srun: error: frontier01094: tasks 448-503: Terminated
srun: error: frontier01951: tasks 840-895: Terminated
srun: error: frontier01882: tasks 784-839: Terminated
srun: error: frontier01450: tasks 616-671: Terminated
srun: error: frontier01701: tasks 728-783: Terminated
srun: error: frontier00549: tasks 224-279: Terminated
srun: error: frontier01313: tasks 560-615: Terminated
srun: error: frontier00169: tasks 56-111: Terminated
srun: Force Terminated StepId=5137469.89
Running frontier nodes=16 ranks_per_node=56 dist=hierarchical mode=random expected_us=10 max_upper_fanout=-1
srun: Step created for StepId=5137469.90
RESULT distributor=hierarchical mode=random expected_us=10 nodes=16 world_size=896 max_upper_fanout=-1 total_tasks=35518720 elapsed_s=20.0055 throughput_tasks_per_s=1.77545e+06
MPICH Notice [Rank 0] [job id 5137469.90] [Sun Aug  2 01:41:35 2026] [frontier00035] - Abort(0) (rank 0 in comm 0): application called MPI_Abort(MPI_COMM_WORLD, 0) - process 0

aborting job:
application called MPI_Abort(MPI_COMM_WORLD, 0) - process 0
srun: error: frontier00035: task 0: Exited with exit code 255
srun: Terminating StepId=5137469.90
[2026-08-02T01:41:35.935] error: *** STEP 5137469.90 ON frontier00035 CANCELLED AT 2026-08-02T01:41:35 DUE TO TASK FAILURE ***
srun: error: frontier00035: tasks 1-55: Terminated
srun: error: frontier01313: tasks 560-615: Terminated
srun: error: frontier01210: tasks 504-559: Terminated
srun: error: frontier00549: tasks 224-279: Terminated
srun: error: frontier01882: tasks 784-839: Terminated
srun: error: frontier01951: tasks 840-895: Terminated
srun: error: frontier00435: tasks 168-223: Terminated
srun: error: frontier01576: tasks 672-727: Terminated
srun: error: frontier01094: tasks 448-503: Terminated
srun: error: frontier00303: tasks 112-167: Terminated
srun: error: frontier00973: tasks 392-447: Terminated
srun: error: frontier00669: tasks 280-335: Terminated
srun: error: frontier01701: tasks 728-783: Terminated
srun: error: frontier00828: tasks 336-391: Terminated
srun: error: frontier00169: tasks 56-111: Terminated
srun: error: frontier01450: tasks 616-671: Terminated
srun: Force Terminated StepId=5137469.90
Running frontier nodes=16 ranks_per_node=56 dist=hierarchical mode=random expected_us=100 max_upper_fanout=-1
srun: Step created for StepId=5137469.91
RESULT distributor=hierarchical mode=random expected_us=100 nodes=16 world_size=896 max_upper_fanout=-1 total_tasks=20043784 elapsed_s=20.0054 throughput_tasks_per_s=1.00192e+06
MPICH Notice [Rank 0] [job id 5137469.91] [Sun Aug  2 01:41:57 2026] [frontier00035] - Abort(0) (rank 0 in comm 0): application called MPI_Abort(MPI_COMM_WORLD, 0) - process 0

aborting job:
application called MPI_Abort(MPI_COMM_WORLD, 0) - process 0
srun: error: frontier00035: task 0: Exited with exit code 255
srun: Terminating StepId=5137469.91
[2026-08-02T01:41:57.818] error: *** STEP 5137469.91 ON frontier00035 CANCELLED AT 2026-08-02T01:41:57 DUE TO TASK FAILURE ***
srun: error: frontier01210: tasks 504-559: Terminated
srun: error: frontier01951: tasks 840-895: Terminated
srun: error: frontier01094: tasks 448-503: Terminated
srun: error: frontier01576: tasks 672-727: Terminated
srun: error: frontier00169: tasks 56-111: Terminated
srun: error: frontier00303: tasks 112-167: Terminated
srun: error: frontier01313: tasks 560-615: Terminated
srun: error: frontier00549: tasks 224-279: Terminated
srun: error: frontier01882: tasks 784-839: Terminated
srun: error: frontier00669: tasks 280-335: Terminated
srun: error: frontier00435: tasks 168-223: Terminated
srun: error: frontier00973: tasks 392-447: Terminated
srun: error: frontier01450: tasks 616-671: Terminated
srun: error: frontier01701: tasks 728-783: Terminated
srun: error: frontier00035: tasks 1-55: Terminated
srun: error: frontier00828: tasks 336-391: Terminated
srun: Force Terminated StepId=5137469.91
Running frontier nodes=16 ranks_per_node=56 dist=hierarchical mode=random expected_us=1000 max_upper_fanout=-1
RESULT distributor=hierarchical mode=random expected_us=1000 nodes=16 world_size=896 max_upper_fanout=-1 total_tasks=17526576 elapsed_s=20.0099 throughput_tasks_per_s=875896
MPICH Notice [Rank 0] [job id 5137469.92] [Sun Aug  2 01:42:20 2026] [frontier00035] - Abort(0) (rank 0 in comm 0): application called MPI_Abort(MPI_COMM_WORLD, 0) - process 0

aborting job:
application called MPI_Abort(MPI_COMM_WORLD, 0) - process 0
srun: error: frontier00035: task 0: Exited with exit code 255
srun: Terminating StepId=5137469.92
[2026-08-02T01:42:22.474] error: *** STEP 5137469.92 ON frontier00035 CANCELLED AT 2026-08-02T01:42:22 DUE TO TASK FAILURE ***
srun: error: frontier00303: tasks 112-167: Terminated
srun: error: frontier01450: tasks 616-671: Terminated
srun: error: frontier00435: tasks 168-223: Terminated
srun: error: frontier01094: tasks 448-503: Terminated
srun: error: frontier01951: tasks 840-895: Terminated
srun: error: frontier00549: tasks 224-279: Terminated
srun: error: frontier01210: tasks 504-559: Terminated
srun: error: frontier00828: tasks 336-391: Terminated
srun: error: frontier00669: tasks 280-335: Terminated
srun: error: frontier01701: tasks 728-783: Terminated
srun: error: frontier00169: tasks 56-111: Terminated
srun: error: frontier01313: tasks 560-615: Terminated
srun: error: frontier01882: tasks 784-839: Terminated
srun: error: frontier01576: tasks 672-727: Terminated
srun: error: frontier00973: tasks 392-447: Terminated
srun: error: frontier00035: tasks 1-55: Terminated
srun: Force Terminated StepId=5137469.92
Running frontier nodes=16 ranks_per_node=56 dist=hierarchical mode=random expected_us=10000 max_upper_fanout=-1
srun: Step created for StepId=5137469.93
RESULT distributor=hierarchical mode=random expected_us=10000 nodes=16 world_size=896 max_upper_fanout=-1 total_tasks=1763580 elapsed_s=20.0886 throughput_tasks_per_s=87790.3
MPICH Notice [Rank 0] [job id 5137469.93] [Sun Aug  2 01:42:45 2026] [frontier00035] - Abort(0) (rank 0 in comm 0): application called MPI_Abort(MPI_COMM_WORLD, 0) - process 0

aborting job:
application called MPI_Abort(MPI_COMM_WORLD, 0) - process 0
srun: error: frontier00035: task 0: Exited with exit code 255
srun: Terminating StepId=5137469.93
[2026-08-02T01:42:46.214] error: *** STEP 5137469.93 ON frontier00035 CANCELLED AT 2026-08-02T01:42:46 DUE TO TASK FAILURE ***
srun: error: frontier00169: tasks 56-111: Terminated
srun: error: frontier00549: tasks 224-279: Terminated
srun: error: frontier01951: tasks 840-895: Terminated
srun: error: frontier00435: tasks 168-223: Terminated
srun: error: frontier00973: tasks 392-447: Terminated
srun: error: frontier00828: tasks 336-391: Terminated
srun: error: frontier01576: tasks 672-727: Terminated
srun: error: frontier00035: tasks 1-55: Terminated
srun: error: frontier00303: tasks 112-167: Terminated
srun: error: frontier00669: tasks 280-335: Terminated
srun: error: frontier01313: tasks 560-615: Terminated
srun: error: frontier01210: tasks 504-559: Terminated
srun: error: frontier01094: tasks 448-503: Terminated
srun: error: frontier01450: tasks 616-671: Terminated
srun: error: frontier01701: tasks 728-783: Terminated
srun: error: frontier01882: tasks 784-839: Terminated
srun: Force Terminated StepId=5137469.93
Running frontier nodes=16 ranks_per_node=56 dist=hierarchical mode=random expected_us=100000 max_upper_fanout=-1
srun: Step created for StepId=5137469.94
RESULT distributor=hierarchical mode=random expected_us=100000 nodes=16 world_size=896 max_upper_fanout=-1 total_tasks=181688 elapsed_s=20.9355 throughput_tasks_per_s=8678.45
MPICH Notice [Rank 0] [job id 5137469.94] [Sun Aug  2 01:43:08 2026] [frontier00035] - Abort(0) (rank 0 in comm 0): application called MPI_Abort(MPI_COMM_WORLD, 0) - process 0

aborting job:
application called MPI_Abort(MPI_COMM_WORLD, 0) - process 0
srun: error: frontier00035: task 0: Exited with exit code 255
srun: Terminating StepId=5137469.94
[2026-08-02T01:43:09.028] error: *** STEP 5137469.94 ON frontier00035 CANCELLED AT 2026-08-02T01:43:09 DUE TO TASK FAILURE ***
srun: error: frontier00549: tasks 224-279: Terminated
srun: error: frontier00828: tasks 336-391: Terminated
srun: error: frontier01882: tasks 784-839: Terminated
srun: error: frontier01450: tasks 616-671: Terminated
srun: error: frontier00303: tasks 112-167: Terminated
srun: error: frontier01210: tasks 504-559: Terminated
srun: error: frontier01951: tasks 840-895: Terminated
srun: error: frontier00973: tasks 392-447: Terminated
srun: error: frontier00169: tasks 56-111: Terminated
srun: error: frontier01313: tasks 560-615: Terminated
srun: error: frontier00035: tasks 1-55: Terminated
srun: error: frontier00435: tasks 168-223: Terminated
srun: error: frontier01576: tasks 672-727: Terminated
srun: error: frontier00669: tasks 280-335: Terminated
srun: error: frontier01701: tasks 728-783: Terminated
srun: error: frontier01094: tasks 448-503: Terminated
srun: Force Terminated StepId=5137469.94
Running frontier nodes=16 ranks_per_node=56 dist=hierarchical mode=random expected_us=1000000 max_upper_fanout=-1
srun: Step created for StepId=5137469.95
RESULT distributor=hierarchical mode=random expected_us=1000000 nodes=16 world_size=896 max_upper_fanout=-1 total_tasks=24566 elapsed_s=29.6136 throughput_tasks_per_s=829.551
MPICH Notice [Rank 0] [job id 5137469.95] [Sun Aug  2 01:43:43 2026] [frontier00035] - Abort(0) (rank 0 in comm 0): application called MPI_Abort(MPI_COMM_WORLD, 0) - process 0

aborting job:
application called MPI_Abort(MPI_COMM_WORLD, 0) - process 0
srun: error: frontier00035: task 0: Exited with exit code 255
srun: Terminating StepId=5137469.95
[2026-08-02T01:43:43.651] error: *** STEP 5137469.95 ON frontier00035 CANCELLED AT 2026-08-02T01:43:43 DUE TO TASK FAILURE ***
srun: error: frontier00973: tasks 392-447: Terminated
srun: error: frontier00669: tasks 280-335: Terminated
srun: error: frontier00435: tasks 168-223: Terminated
srun: error: frontier01951: tasks 840-895: Terminated
srun: error: frontier00303: tasks 112-167: Terminated
srun: error: frontier01701: tasks 728-783: Terminated
srun: error: frontier00169: tasks 56-111: Terminated
srun: error: frontier01576: tasks 672-727: Terminated
srun: error: frontier01450: tasks 616-671: Terminated
srun: error: frontier00828: tasks 336-391: Terminated
srun: error: frontier00549: tasks 224-279: Terminated
srun: error: frontier01094: tasks 448-503: Terminated
srun: error: frontier00035: tasks 1-55: Terminated
srun: error: frontier01210: tasks 504-559: Terminated
srun: error: frontier01313: tasks 560-615: Terminated
srun: error: frontier01882: tasks 784-839: Terminated
srun: Force Terminated StepId=5137469.95
Running frontier nodes=16 ranks_per_node=56 dist=hierarchical mode=fixed expected_us=10 max_upper_fanout=0
srun: Step created for StepId=5137469.96
RESULT distributor=hierarchical mode=fixed expected_us=10 nodes=16 world_size=896 max_upper_fanout=0 total_tasks=35557674 elapsed_s=20.0052 throughput_tasks_per_s=1.77742e+06
MPICH Notice [Rank 0] [job id 5137469.96] [Sun Aug  2 01:44:05 2026] [frontier00035] - Abort(0) (rank 0 in comm 0): application called MPI_Abort(MPI_COMM_WORLD, 0) - process 0

aborting job:
application called MPI_Abort(MPI_COMM_WORLD, 0) - process 0
srun: error: frontier00035: task 0: Exited with exit code 255
srun: Terminating StepId=5137469.96
[2026-08-02T01:44:05.528] error: *** STEP 5137469.96 ON frontier00035 CANCELLED AT 2026-08-02T01:44:05 DUE TO TASK FAILURE ***
srun: error: frontier00035: tasks 1-55: Terminated
srun: error: frontier00549: tasks 224-279: Terminated
srun: error: frontier00169: tasks 56-111: Terminated
srun: error: frontier00435: tasks 168-223: Terminated
srun: error: frontier01576: tasks 672-727: Terminated
srun: error: frontier01701: tasks 728-783: Terminated
srun: error: frontier01313: tasks 560-615: Terminated
srun: error: frontier00669: tasks 280-335: Terminated
srun: error: frontier01951: tasks 840-895: Terminated
srun: error: frontier00828: tasks 336-391: Terminated
srun: error: frontier01882: tasks 784-839: Terminated
srun: error: frontier01210: tasks 504-559: Terminated
srun: error: frontier00973: tasks 392-447: Terminated
srun: error: frontier01094: tasks 448-503: Terminated
srun: error: frontier01450: tasks 616-671: Terminated
srun: error: frontier00303: tasks 112-167: Terminated
srun: Force Terminated StepId=5137469.96
Running frontier nodes=16 ranks_per_node=56 dist=hierarchical mode=fixed expected_us=100 max_upper_fanout=0
srun: Step created for StepId=5137469.97
RESULT distributor=hierarchical mode=fixed expected_us=100 nodes=16 world_size=896 max_upper_fanout=0 total_tasks=19913114 elapsed_s=20.0082 throughput_tasks_per_s=995247
MPICH Notice [Rank 0] [job id 5137469.97] [Sun Aug  2 01:44:27 2026] [frontier00035] - Abort(0) (rank 0 in comm 0): application called MPI_Abort(MPI_COMM_WORLD, 0) - process 0

aborting job:
application called MPI_Abort(MPI_COMM_WORLD, 0) - process 0
srun: error: frontier00035: task 0: Exited with exit code 255
srun: Terminating StepId=5137469.97
[2026-08-02T01:44:27.658] error: *** STEP 5137469.97 ON frontier00035 CANCELLED AT 2026-08-02T01:44:27 DUE TO TASK FAILURE ***
srun: error: frontier01951: tasks 840-895: Terminated
srun: error: frontier00303: tasks 112-167: Terminated
srun: error: frontier01576: tasks 672-727: Terminated
srun: error: frontier00035: tasks 1-55: Terminated
srun: error: frontier00549: tasks 224-279: Terminated
srun: error: frontier00435: tasks 168-223: Terminated
srun: error: frontier01882: tasks 784-839: Terminated
srun: error: frontier00828: tasks 336-391: Terminated
srun: error: frontier01701: tasks 728-783: Terminated
srun: error: frontier00169: tasks 56-111: Terminated
srun: error: frontier00669: tasks 280-335: Terminated
srun: error: frontier01094: tasks 448-503: Terminated
srun: error: frontier01210: tasks 504-559: Terminated
srun: error: frontier01450: tasks 616-671: Terminated
srun: error: frontier01313: tasks 560-615: Terminated
srun: error: frontier00973: tasks 392-447: Terminated
srun: Force Terminated StepId=5137469.97
Running frontier nodes=16 ranks_per_node=56 dist=hierarchical mode=fixed expected_us=1000 max_upper_fanout=0
srun: Step created for StepId=5137469.98
RESULT distributor=hierarchical mode=fixed expected_us=1000 nodes=16 world_size=896 max_upper_fanout=0 total_tasks=17522728 elapsed_s=20.0083 throughput_tasks_per_s=875773
MPICH Notice [Rank 0] [job id 5137469.98] [Sun Aug  2 01:44:50 2026] [frontier00035] - Abort(0) (rank 0 in comm 0): application called MPI_Abort(MPI_COMM_WORLD, 0) - process 0

aborting job:
application called MPI_Abort(MPI_COMM_WORLD, 0) - process 0
srun: error: frontier00035: task 0: Exited with exit code 255
srun: Terminating StepId=5137469.98
[2026-08-02T01:44:50.407] error: *** STEP 5137469.98 ON frontier00035 CANCELLED AT 2026-08-02T01:44:50 DUE TO TASK FAILURE ***
srun: error: frontier00035: tasks 1-55: Terminated
srun: error: frontier00973: tasks 392-447: Terminated
srun: error: frontier01576: tasks 672-727: Terminated
srun: error: frontier01313: tasks 560-615: Terminated
srun: error: frontier00303: tasks 112-167: Terminated
srun: error: frontier01951: tasks 840-895: Terminated
srun: error: frontier00828: tasks 336-391: Terminated
srun: error: frontier00669: tasks 280-335: Terminated
srun: error: frontier00169: tasks 56-111: Terminated
srun: error: frontier00549: tasks 224-279: Terminated
srun: error: frontier01210: tasks 504-559: Terminated
srun: error: frontier00435: tasks 168-223: Terminated
srun: error: frontier01882: tasks 784-839: Terminated
srun: error: frontier01701: tasks 728-783: Terminated
srun: error: frontier01094: tasks 448-503: Terminated
srun: error: frontier01450: tasks 616-671: Terminated
srun: Force Terminated StepId=5137469.98
Running frontier nodes=16 ranks_per_node=56 dist=hierarchical mode=fixed expected_us=10000 max_upper_fanout=0
srun: Step created for StepId=5137469.99
RESULT distributor=hierarchical mode=fixed expected_us=10000 nodes=16 world_size=896 max_upper_fanout=0 total_tasks=1763574 elapsed_s=20.0896 throughput_tasks_per_s=87785.3
MPICH Notice [Rank 0] [job id 5137469.99] [Sun Aug  2 01:45:12 2026] [frontier00035] - Abort(0) (rank 0 in comm 0): application called MPI_Abort(MPI_COMM_WORLD, 0) - process 0

aborting job:
application called MPI_Abort(MPI_COMM_WORLD, 0) - process 0
srun: error: frontier00035: task 0: Exited with exit code 255
srun: Terminating StepId=5137469.99
[2026-08-02T01:45:12.721] error: *** STEP 5137469.99 ON frontier00035 CANCELLED AT 2026-08-02T01:45:12 DUE TO TASK FAILURE ***
srun: error: frontier00828: tasks 336-391: Terminated
srun: error: frontier01951: tasks 840-895: Terminated
srun: error: frontier01210: tasks 504-559: Terminated
srun: error: frontier01313: tasks 560-615: Terminated
srun: error: frontier00973: tasks 392-447: Terminated
srun: error: frontier01701: tasks 728-783: Terminated
srun: error: frontier00303: tasks 112-167: Terminated
srun: error: frontier01576: tasks 672-727: Terminated
srun: error: frontier00669: tasks 280-335: Terminated
srun: error: frontier00549: tasks 224-279: Terminated
srun: error: frontier00169: tasks 56-111: Terminated
srun: error: frontier00035: tasks 1-55: Terminated
srun: error: frontier01094: tasks 448-503: Terminated
srun: error: frontier00435: tasks 168-223: Terminated
srun: error: frontier01450: tasks 616-671: Terminated
srun: error: frontier01882: tasks 784-839: Terminated
srun: Force Terminated StepId=5137469.99
Running frontier nodes=16 ranks_per_node=56 dist=hierarchical mode=fixed expected_us=100000 max_upper_fanout=0
srun: Step created for StepId=5137469.100
RESULT distributor=hierarchical mode=fixed expected_us=100000 nodes=16 world_size=896 max_upper_fanout=0 total_tasks=181138 elapsed_s=20.8018 throughput_tasks_per_s=8707.81
MPICH Notice [Rank 0] [job id 5137469.100] [Sun Aug  2 01:45:35 2026] [frontier00035] - Abort(0) (rank 0 in comm 0): application called MPI_Abort(MPI_COMM_WORLD, 0) - process 0

aborting job:
application called MPI_Abort(MPI_COMM_WORLD, 0) - process 0
srun: error: frontier00035: task 0: Exited with exit code 255
srun: Terminating StepId=5137469.100
[2026-08-02T01:45:35.415] error: *** STEP 5137469.100 ON frontier00035 CANCELLED AT 2026-08-02T01:45:35 DUE TO TASK FAILURE ***
srun: error: frontier01210: tasks 504-559: Terminated
srun: error: frontier00828: tasks 336-391: Terminated
srun: error: frontier01951: tasks 840-895: Terminated
srun: error: frontier00035: tasks 1-55: Terminated
srun: error: frontier00549: tasks 224-279: Terminated
srun: error: frontier00303: tasks 112-167: Terminated
srun: error: frontier01094: tasks 448-503: Terminated
srun: error: frontier00669: tasks 280-335: Terminated
srun: error: frontier01882: tasks 784-839: Terminated
srun: error: frontier00973: tasks 392-447: Terminated
srun: error: frontier00169: tasks 56-111: Terminated
srun: error: frontier01313: tasks 560-615: Terminated
srun: error: frontier01701: tasks 728-783: Terminated
srun: error: frontier01450: tasks 616-671: Terminated
srun: error: frontier01576: tasks 672-727: Terminated
srun: error: frontier00435: tasks 168-223: Terminated
srun: Force Terminated StepId=5137469.100
Running frontier nodes=16 ranks_per_node=56 dist=hierarchical mode=fixed expected_us=1000000 max_upper_fanout=0
srun: Step created for StepId=5137469.101
RESULT distributor=hierarchical mode=fixed expected_us=1000000 nodes=16 world_size=896 max_upper_fanout=0 total_tasks=22918 elapsed_s=28.0011 throughput_tasks_per_s=818.468
MPICH Notice [Rank 0] [job id 5137469.101] [Sun Aug  2 01:46:10 2026] [frontier00035] - Abort(0) (rank 0 in comm 0): application called MPI_Abort(MPI_COMM_WORLD, 0) - process 0

aborting job:
application called MPI_Abort(MPI_COMM_WORLD, 0) - process 0
srun: error: frontier00035: task 0: Exited with exit code 255
srun: Terminating StepId=5137469.101
[2026-08-02T01:46:10.999] error: *** STEP 5137469.101 ON frontier00035 CANCELLED AT 2026-08-02T01:46:10 DUE TO TASK FAILURE ***
srun: error: frontier00973: tasks 392-447: Terminated
srun: error: frontier00435: tasks 168-223: Terminated
srun: error: frontier01701: tasks 728-783: Terminated
srun: error: frontier00669: tasks 280-335: Terminated
srun: error: frontier01882: tasks 784-839: Terminated
srun: error: frontier00303: tasks 112-167: Terminated
srun: error: frontier01576: tasks 672-727: Terminated
srun: error: frontier00828: tasks 336-391: Terminated
srun: error: frontier00169: tasks 56-111: Terminated
srun: error: frontier01094: tasks 448-503: Terminated
srun: error: frontier00035: tasks 1-55: Terminated
srun: error: frontier01450: tasks 616-671: Terminated
srun: error: frontier01951: tasks 840-895: Terminated
srun: error: frontier00549: tasks 224-279: Terminated
srun: error: frontier01210: tasks 504-559: Terminated
srun: error: frontier01313: tasks 560-615: Terminated
srun: Force Terminated StepId=5137469.101
Running frontier nodes=16 ranks_per_node=56 dist=hierarchical mode=random expected_us=10 max_upper_fanout=0
srun: Step created for StepId=5137469.102
RESULT distributor=hierarchical mode=random expected_us=10 nodes=16 world_size=896 max_upper_fanout=0 total_tasks=35697568 elapsed_s=20.0048 throughput_tasks_per_s=1.78445e+06
MPICH Notice [Rank 0] [job id 5137469.102] [Sun Aug  2 01:46:32 2026] [frontier00035] - Abort(0) (rank 0 in comm 0): application called MPI_Abort(MPI_COMM_WORLD, 0) - process 0

aborting job:
application called MPI_Abort(MPI_COMM_WORLD, 0) - process 0
srun: error: frontier00035: task 0: Exited with exit code 255
srun: Terminating StepId=5137469.102
[2026-08-02T01:46:33.324] error: *** STEP 5137469.102 ON frontier00035 CANCELLED AT 2026-08-02T01:46:33 DUE TO TASK FAILURE ***
srun: error: frontier00303: tasks 112-167: Terminated
srun: error: frontier01882: tasks 784-839: Terminated
srun: error: frontier00169: tasks 56-111: Terminated
srun: error: frontier01951: tasks 840-842,847-848,850,854-858,863,865-866,869-871,873-874,877-882,885,887-888,890,895: Terminated
srun: error: frontier00435: tasks 168,170-199,201-223: Terminated
srun: error: frontier01313: tasks 560-591,593,595-615: Terminated
srun: error: frontier01576: tasks 672-678,680-727: Terminated
srun: error: frontier00973: tasks 431-432,439,447: Terminated
srun: error: frontier01094: tasks 448-503: Terminated
srun: error: frontier01701: tasks 728-783: Terminated
srun: error: frontier01210: tasks 504-559: Terminated
srun: error: frontier01450: tasks 616-671: Terminated
srun: error: frontier00669: tasks 280,282-286,288-302,304-325,327,329-333,335: Terminated
srun: error: frontier00828: tasks 336-391: Terminated
srun: error: frontier00035: tasks 1-55: Terminated
srun: error: frontier00549: tasks 224-279: Terminated
srun: error: frontier01576: task 679: Terminated
srun: error: frontier00435: tasks 169,200: Terminated
srun: error: frontier01313: tasks 592,594: Terminated
srun: error: frontier00669: tasks 281,287,303,326,328,334: Terminated
srun: error: frontier01951: tasks 843-846,849,851-853,859-862,864,867-868,872,875-876,883-884,886,889,891-894: Terminated
srun: error: frontier00973: tasks 392-430,433-438,440-446: Terminated
srun: Force Terminated StepId=5137469.102
Running frontier nodes=16 ranks_per_node=56 dist=hierarchical mode=random expected_us=100 max_upper_fanout=0
RESULT distributor=hierarchical mode=random expected_us=100 nodes=16 world_size=896 max_upper_fanout=0 total_tasks=20042212 elapsed_s=20.0065 throughput_tasks_per_s=1.00179e+06
MPICH Notice [Rank 0] [job id 5137469.103] [Sun Aug  2 01:46:59 2026] [frontier00035] - Abort(0) (rank 0 in comm 0): application called MPI_Abort(MPI_COMM_WORLD, 0) - process 0

aborting job:
application called MPI_Abort(MPI_COMM_WORLD, 0) - process 0
srun: error: frontier00035: task 0: Exited with exit code 255
srun: Terminating StepId=5137469.103
[2026-08-02T01:46:59.763] error: *** STEP 5137469.103 ON frontier00035 CANCELLED AT 2026-08-02T01:46:59 DUE TO TASK FAILURE ***
srun: error: frontier00973: tasks 393-394,406,410,414,432,436,438,447: Terminated
srun: error: frontier01210: task 512: Terminated
srun: error: frontier01701: tasks 728-783: Terminated
srun: error: frontier01094: tasks 448-503: Terminated
srun: error: frontier01951: tasks 840,848,856,887,895: Terminated
srun: error: frontier00303: tasks 112-167: Terminated
srun: error: frontier00549: tasks 224-225,227-231,233-234,237-244,247,251-252,254-257,261-262,264-276,278-279: Terminated
srun: error: frontier00035: tasks 1-55: Terminated
srun: error: frontier01882: tasks 784-839: Terminated
srun: error: frontier00169: tasks 56-111: Terminated
srun: error: frontier00828: tasks 336-391: Terminated
srun: error: frontier01576: tasks 672-673,675,677,679-690,693-697,699-700,702-713,715,717,719-721,723-727: Terminated
srun: error: frontier01450: task 624: Terminated
srun: error: frontier00435: tasks 168-177,179-223: Terminated
srun: error: frontier01313: tasks 560-615: Terminated
srun: error: frontier00669: tasks 280-335: Terminated
srun: error: frontier00435: task 178: Terminated
srun: error: frontier00973: tasks 392,395-405,407-409,411-413,415-431,433-435,437,439-446: Terminated
srun: error: frontier00549: tasks 226,232,235-236,245-246,248-250,253,258-260,263,277: Terminated
srun: error: frontier01576: tasks 674,676,678,691-692,698,701,714,716,718,722: Terminated
srun: error: frontier01210: tasks 504-511,513-559: Terminated
srun: error: frontier01951: tasks 841-847,849-855,857-886,888-894: Terminated
srun: error: frontier01450: tasks 616-623,625-671: Terminated
srun: Force Terminated StepId=5137469.103
Running frontier nodes=16 ranks_per_node=56 dist=hierarchical mode=random expected_us=1000 max_upper_fanout=0
RESULT distributor=hierarchical mode=random expected_us=1000 nodes=16 world_size=896 max_upper_fanout=0 total_tasks=17526482 elapsed_s=20.008 throughput_tasks_per_s=875972
MPICH Notice [Rank 0] [job id 5137469.104] [Sun Aug  2 01:47:23 2026] [frontier00035] - Abort(0) (rank 0 in comm 0): application called MPI_Abort(MPI_COMM_WORLD, 0) - process 0

aborting job:
application called MPI_Abort(MPI_COMM_WORLD, 0) - process 0
srun: error: frontier00035: task 0: Exited with exit code 255
srun: Terminating StepId=5137469.104
[2026-08-02T01:47:23.255] error: *** STEP 5137469.104 ON frontier00035 CANCELLED AT 2026-08-02T01:47:23 DUE TO TASK FAILURE ***
srun: error: frontier00828: tasks 336-391: Terminated
srun: error: frontier01210: tasks 504-559: Terminated
srun: error: frontier01951: tasks 840-895: Terminated
srun: error: frontier01450: tasks 616-671: Terminated
srun: error: frontier01094: tasks 448-503: Terminated
srun: error: frontier01576: tasks 672-727: Terminated
srun: error: frontier01313: tasks 560-615: Terminated
srun: error: frontier00303: tasks 112-167: Terminated
srun: error: frontier00435: tasks 168-223: Terminated
srun: error: frontier00169: tasks 56-111: Terminated
srun: error: frontier00669: tasks 280-335: Terminated
srun: error: frontier01882: tasks 784-839: Terminated
srun: error: frontier00973: tasks 392-447: Terminated
srun: error: frontier00035: tasks 1-55: Terminated
srun: error: frontier01701: tasks 728-783: Terminated
srun: error: frontier00549: tasks 224-279: Terminated
srun: Force Terminated StepId=5137469.104
Running frontier nodes=16 ranks_per_node=56 dist=hierarchical mode=random expected_us=10000 max_upper_fanout=0
srun: Step created for StepId=5137469.105
RESULT distributor=hierarchical mode=random expected_us=10000 nodes=16 world_size=896 max_upper_fanout=0 total_tasks=1763470 elapsed_s=20.0881 throughput_tasks_per_s=87786.7
MPICH Notice [Rank 0] [job id 5137469.105] [Sun Aug  2 01:47:45 2026] [frontier00035] - Abort(0) (rank 0 in comm 0): application called MPI_Abort(MPI_COMM_WORLD, 0) - process 0

aborting job:
application called MPI_Abort(MPI_COMM_WORLD, 0) - process 0
srun: error: frontier00035: task 0: Exited with exit code 255
srun: Terminating StepId=5137469.105
[2026-08-02T01:47:45.329] error: *** STEP 5137469.105 ON frontier00035 CANCELLED AT 2026-08-02T01:47:45 DUE TO TASK FAILURE ***
srun: error: frontier00549: tasks 224-279: Terminated
srun: error: frontier01951: tasks 840-895: Terminated
srun: error: frontier01094: tasks 448-503: Terminated
srun: error: frontier01450: tasks 616-671: Terminated
srun: error: frontier01882: tasks 784-839: Terminated
srun: error: frontier01701: tasks 728-783: Terminated
srun: error: frontier00303: tasks 112-167: Terminated
srun: error: frontier00828: tasks 336-391: Terminated
srun: error: frontier00669: tasks 280-335: Terminated
srun: error: frontier01313: tasks 560-615: Terminated
srun: error: frontier01576: tasks 672-727: Terminated
srun: error: frontier00169: tasks 56-111: Terminated
srun: error: frontier01210: tasks 504-559: Terminated
srun: error: frontier00973: tasks 392-447: Terminated
srun: error: frontier00035: tasks 1-55: Terminated
srun: error: frontier00435: tasks 168-223: Terminated
srun: Force Terminated StepId=5137469.105
Running frontier nodes=16 ranks_per_node=56 dist=hierarchical mode=random expected_us=100000 max_upper_fanout=0
srun: Step created for StepId=5137469.106
RESULT distributor=hierarchical mode=random expected_us=100000 nodes=16 world_size=896 max_upper_fanout=0 total_tasks=181906 elapsed_s=20.8992 throughput_tasks_per_s=8703.99
MPICH Notice [Rank 0] [job id 5137469.106] [Sun Aug  2 01:48:07 2026] [frontier00035] - Abort(0) (rank 0 in comm 0): application called MPI_Abort(MPI_COMM_WORLD, 0) - process 0

aborting job:
application called MPI_Abort(MPI_COMM_WORLD, 0) - process 0
srun: error: frontier00035: task 0: Exited with exit code 255
srun: Terminating StepId=5137469.106
[2026-08-02T01:48:08.077] error: *** STEP 5137469.106 ON frontier00035 CANCELLED AT 2026-08-02T01:48:08 DUE TO TASK FAILURE ***
srun: error: frontier00669: tasks 280-335: Terminated
srun: error: frontier00303: tasks 112-167: Terminated
srun: error: frontier01882: tasks 784-839: Terminated
srun: error: frontier01313: tasks 560-615: Terminated
srun: error: frontier01210: tasks 504-559: Terminated
srun: error: frontier01094: tasks 448-503: Terminated
srun: error: frontier00549: tasks 224-279: Terminated
srun: error: frontier00435: tasks 168-223: Terminated
srun: error: frontier00973: tasks 392-447: Terminated
srun: error: frontier00169: tasks 56-111: Terminated
srun: error: frontier01576: tasks 672-727: Terminated
srun: error: frontier01450: tasks 616-671: Terminated
srun: error: frontier00035: tasks 1-55: Terminated
srun: error: frontier00828: tasks 336-391: Terminated
srun: error: frontier01701: tasks 728-783: Terminated
srun: error: frontier01951: tasks 840-895: Terminated
srun: Force Terminated StepId=5137469.106
Running frontier nodes=16 ranks_per_node=56 dist=hierarchical mode=random expected_us=1000000 max_upper_fanout=0
srun: Step created for StepId=5137469.107
RESULT distributor=hierarchical mode=random expected_us=1000000 nodes=16 world_size=896 max_upper_fanout=0 total_tasks=24456 elapsed_s=29.3903 throughput_tasks_per_s=832.112
MPICH Notice [Rank 0] [job id 5137469.107] [Sun Aug  2 01:48:38 2026] [frontier00035] - Abort(0) (rank 0 in comm 0): application called MPI_Abort(MPI_COMM_WORLD, 0) - process 0

aborting job:
application called MPI_Abort(MPI_COMM_WORLD, 0) - process 0
srun: error: frontier00035: task 0: Exited with exit code 255
srun: Terminating StepId=5137469.107
[2026-08-02T01:48:38.915] error: *** STEP 5137469.107 ON frontier00035 CANCELLED AT 2026-08-02T01:48:38 DUE TO TASK FAILURE ***
srun: error: frontier00973: tasks 392-447: Terminated
srun: error: frontier00435: tasks 168-223: Terminated
srun: error: frontier00035: tasks 1-55: Terminated
srun: error: frontier00303: tasks 112-167: Terminated
srun: error: frontier01313: tasks 560-615: Terminated
srun: error: frontier00169: tasks 56-111: Terminated
srun: error: frontier01210: tasks 504-559: Terminated
srun: error: frontier01882: tasks 784-839: Terminated
srun: error: frontier00828: tasks 336-391: Terminated
srun: error: frontier01450: tasks 616-671: Terminated
srun: error: frontier01576: tasks 672-727: Terminated
srun: error: frontier01951: tasks 840-895: Terminated
srun: error: frontier01701: tasks 728-783: Terminated
srun: error: frontier00549: tasks 224-279: Terminated
srun: error: frontier00669: tasks 280-335: Terminated
srun: error: frontier01094: tasks 448-503: Terminated
srun: Force Terminated StepId=5137469.107
Running frontier nodes=16 ranks_per_node=56 dist=async_put_lockfree mode=fixed expected_us=10 max_upper_fanout=-1
srun: Step created for StepId=5137469.108
RESULT distributor=async_put_lockfree mode=fixed expected_us=10 nodes=16 world_size=896 max_upper_fanout=-1 total_tasks=9563021 elapsed_s=20.0005 throughput_tasks_per_s=478138
MPICH Notice [Rank 0] [job id 5137469.108] [Sun Aug  2 01:49:07 2026] [frontier00035] - Abort(0) (rank 0 in comm 0): application called MPI_Abort(MPI_COMM_WORLD, 0) - process 0

aborting job:
application called MPI_Abort(MPI_COMM_WORLD, 0) - process 0
srun: error: frontier00035: task 0: Exited with exit code 255
srun: Terminating StepId=5137469.108
[2026-08-02T01:49:08.893] error: *** STEP 5137469.108 ON frontier00035 CANCELLED AT 2026-08-02T01:49:08 DUE TO TASK FAILURE ***
srun: error: frontier01094: tasks 448-503: Terminated
srun: error: frontier01701: tasks 728-783: Terminated
srun: error: frontier00669: tasks 280-335: Terminated
srun: error: frontier01951: tasks 840-895: Terminated
srun: error: frontier00169: tasks 56-111: Terminated
srun: error: frontier01576: tasks 672-727: Terminated
srun: error: frontier01210: tasks 504-559: Terminated
srun: error: frontier00303: tasks 112-167: Terminated
srun: error: frontier00973: tasks 392-447: Terminated
srun: error: frontier01882: tasks 784-839: Terminated
srun: error: frontier01450: tasks 616-671: Terminated
srun: error: frontier00435: tasks 168-223: Terminated
srun: error: frontier00549: tasks 224-279: Terminated
srun: error: frontier01313: tasks 560-615: Terminated
srun: error: frontier00828: tasks 336-391: Terminated
srun: error: frontier00035: tasks 1-55: Terminated
srun: Force Terminated StepId=5137469.108
Running frontier nodes=16 ranks_per_node=56 dist=async_put_lockfree mode=fixed expected_us=100 max_upper_fanout=-1
RESULT distributor=async_put_lockfree mode=fixed expected_us=100 nodes=16 world_size=896 max_upper_fanout=-1 total_tasks=9059170 elapsed_s=20.0001 throughput_tasks_per_s=452956
MPICH Notice [Rank 0] [job id 5137469.109] [Sun Aug  2 01:49:38 2026] [frontier00035] - Abort(0) (rank 0 in comm 0): application called MPI_Abort(MPI_COMM_WORLD, 0) - process 0

aborting job:
application called MPI_Abort(MPI_COMM_WORLD, 0) - process 0
srun: error: frontier00035: task 0: Exited with exit code 255
srun: Terminating StepId=5137469.109
[2026-08-02T01:49:39.761] error: *** STEP 5137469.109 ON frontier00035 CANCELLED AT 2026-08-02T01:49:39 DUE TO TASK FAILURE ***
srun: error: frontier00035: tasks 1-55: Terminated
srun: error: frontier00169: tasks 56-111: Terminated
srun: error: frontier01576: tasks 672-727: Terminated
srun: error: frontier01094: tasks 448-503: Terminated
srun: error: frontier00435: tasks 168-223: Terminated
srun: error: frontier01951: tasks 840-895: Terminated
srun: error: frontier00828: tasks 336-391: Terminated
srun: error: frontier00669: tasks 280-335: Terminated
srun: error: frontier00973: tasks 392-447: Terminated
srun: error: frontier01701: tasks 728-783: Terminated
srun: error: frontier01450: tasks 616-671: Terminated
srun: error: frontier00549: tasks 224-279: Terminated
srun: error: frontier01882: tasks 784-839: Terminated
srun: error: frontier00303: tasks 112-167: Terminated
srun: error: frontier01313: tasks 560-615: Terminated
srun: error: frontier01210: tasks 504-559: Terminated
srun: Force Terminated StepId=5137469.109
Running frontier nodes=16 ranks_per_node=56 dist=async_put_lockfree mode=fixed expected_us=1000 max_upper_fanout=-1
RESULT distributor=async_put_lockfree mode=fixed expected_us=1000 nodes=16 world_size=896 max_upper_fanout=-1 total_tasks=7157041 elapsed_s=20.001 throughput_tasks_per_s=357834
MPICH Notice [Rank 0] [job id 5137469.110] [Sun Aug  2 01:50:10 2026] [frontier00035] - Abort(0) (rank 0 in comm 0): application called MPI_Abort(MPI_COMM_WORLD, 0) - process 0

aborting job:
application called MPI_Abort(MPI_COMM_WORLD, 0) - process 0
srun: error: frontier00035: task 0: Exited with exit code 255
srun: Terminating StepId=5137469.110
[2026-08-02T01:50:13.275] error: *** STEP 5137469.110 ON frontier00035 CANCELLED AT 2026-08-02T01:50:13 DUE TO TASK FAILURE ***
srun: error: frontier00035: tasks 1-55: Terminated
srun: error: frontier01094: tasks 448-503: Terminated
srun: error: frontier00973: tasks 392-447: Terminated
srun: error: frontier00669: tasks 280-335: Terminated
srun: error: frontier01313: tasks 560-615: Terminated
srun: error: frontier00549: tasks 224-279: Terminated
srun: error: frontier01576: tasks 672-727: Terminated
srun: error: frontier01210: tasks 504-559: Terminated
srun: error: frontier01882: tasks 784-839: Terminated
srun: error: frontier01450: tasks 616-671: Terminated
srun: error: frontier01951: tasks 840-895: Terminated
srun: error: frontier00303: tasks 112-167: Terminated
srun: error: frontier00828: tasks 336-391: Terminated
srun: error: frontier00435: tasks 168-223: Terminated
srun: error: frontier00169: tasks 56-111: Terminated
srun: error: frontier01701: tasks 728-783: Terminated
srun: Force Terminated StepId=5137469.110
Running frontier nodes=16 ranks_per_node=56 dist=async_put_lockfree mode=fixed expected_us=10000 max_upper_fanout=-1
srun: Step created for StepId=5137469.111
RESULT distributor=async_put_lockfree mode=fixed expected_us=10000 nodes=16 world_size=896 max_upper_fanout=-1 total_tasks=1736839 elapsed_s=20.0007 throughput_tasks_per_s=86838.9
MPICH Notice [Rank 0] [job id 5137469.111] [Sun Aug  2 01:50:41 2026] [frontier00035] - Abort(0) (rank 0 in comm 0): application called MPI_Abort(MPI_COMM_WORLD, 0) - process 0

aborting job:
application called MPI_Abort(MPI_COMM_WORLD, 0) - process 0
srun: error: frontier00035: task 0: Exited with exit code 255
srun: Terminating StepId=5137469.111
[2026-08-02T01:50:42.927] error: *** STEP 5137469.111 ON frontier00035 CANCELLED AT 2026-08-02T01:50:42 DUE TO TASK FAILURE ***
srun: error: frontier00035: tasks 1-55: Terminated
srun: error: frontier01450: tasks 616-671: Terminated
srun: error: frontier01313: tasks 560-615: Terminated
srun: error: frontier01576: tasks 672-727: Terminated
srun: error: frontier01094: tasks 448-503: Terminated
srun: error: frontier00669: tasks 280-335: Terminated
srun: error: frontier01701: tasks 728-783: Terminated
srun: error: frontier00549: tasks 224-279: Terminated
srun: error: frontier00973: tasks 392-447: Terminated
srun: error: frontier01210: tasks 504-559: Terminated
srun: error: frontier01882: tasks 784-839: Terminated
srun: error: frontier01951: tasks 840-895: Terminated
srun: error: frontier00828: tasks 336-391: Terminated
srun: error: frontier00303: tasks 112-167: Terminated
srun: error: frontier00169: tasks 56-111: Terminated
srun: error: frontier00435: tasks 168-223: Terminated
srun: Force Terminated StepId=5137469.111
Running frontier nodes=16 ranks_per_node=56 dist=async_put_lockfree mode=fixed expected_us=100000 max_upper_fanout=-1
srun: Step created for StepId=5137469.112
RESULT distributor=async_put_lockfree mode=fixed expected_us=100000 nodes=16 world_size=896 max_upper_fanout=-1 total_tasks=178105 elapsed_s=20.0003 throughput_tasks_per_s=8905.14
MPICH Notice [Rank 0] [job id 5137469.112] [Sun Aug  2 01:51:11 2026] [frontier00035] - Abort(0) (rank 0 in comm 0): application called MPI_Abort(MPI_COMM_WORLD, 0) - process 0

aborting job:
application called MPI_Abort(MPI_COMM_WORLD, 0) - process 0
srun: error: frontier00035: tasks 1-4,6-27,29-55: Bus error
srun: Terminating StepId=5137469.112
[2026-08-02T01:51:12.510] error: *** STEP 5137469.112 ON frontier00035 CANCELLED AT 2026-08-02T01:51:12 DUE TO TASK FAILURE ***
srun: error: frontier00035: task 0: Exited with exit code 255
srun: error: frontier01094: tasks 448-503: Terminated
srun: error: frontier01951: tasks 840-895: Terminated
srun: error: frontier01701: tasks 728-783: Terminated
srun: error: frontier00435: tasks 168-223: Terminated
srun: error: frontier00169: tasks 56-111: Terminated
srun: error: frontier00828: tasks 336-391: Terminated
srun: error: frontier00669: tasks 280-335: Terminated
srun: error: frontier01450: tasks 616-671: Terminated
srun: error: frontier00973: tasks 392-447: Terminated
srun: error: frontier01576: tasks 672-727: Terminated
srun: error: frontier01882: tasks 784-839: Terminated
srun: error: frontier00549: tasks 224-279: Terminated
srun: error: frontier00303: tasks 112-167: Terminated
srun: error: frontier01313: tasks 560-615: Terminated
srun: error: frontier01210: tasks 504-559: Terminated
srun: error: frontier00035: tasks 5,28: Bus error (core dumped)
srun: Force Terminated StepId=5137469.112
Running frontier nodes=16 ranks_per_node=56 dist=async_put_lockfree mode=fixed expected_us=1000000 max_upper_fanout=-1
RESULT distributor=async_put_lockfree mode=fixed expected_us=1000000 nodes=16 world_size=896 max_upper_fanout=-1 total_tasks=17005 elapsed_s=20.0001 throughput_tasks_per_s=850.245
MPICH Notice [Rank 0] [job id 5137469.113] [Sun Aug  2 01:51:49 2026] [frontier00035] - Abort(0) (rank 0 in comm 0): application called MPI_Abort(MPI_COMM_WORLD, 0) - process 0

aborting job:
application called MPI_Abort(MPI_COMM_WORLD, 0) - process 0
srun: error: frontier00035: tasks 1-20,22-55: Bus error
srun: Terminating StepId=5137469.113
[2026-08-02T01:51:49.815] error: *** STEP 5137469.113 ON frontier00035 CANCELLED AT 2026-08-02T01:51:49 DUE TO TASK FAILURE ***
srun: error: frontier01450: tasks 616-671: Terminated
srun: error: frontier00828: tasks 336-391: Terminated
srun: error: frontier01210: tasks 504-559: Terminated
srun: error: frontier01313: tasks 560-615: Terminated
srun: error: frontier01882: tasks 784-839: Terminated
srun: error: frontier01701: tasks 728-783: Terminated
srun: error: frontier00669: tasks 280-335: Terminated
srun: error: frontier00973: tasks 392-447: Terminated
srun: error: frontier00435: tasks 168-223: Terminated
srun: error: frontier00169: tasks 56-111: Terminated
srun: error: frontier01094: tasks 448-503: Terminated
srun: error: frontier01576: tasks 672-727: Terminated
srun: error: frontier01951: tasks 840-895: Terminated
srun: error: frontier00303: tasks 112-167: Terminated
srun: error: frontier00549: tasks 224-279: Terminated
srun: error: frontier00035: task 0: Exited with exit code 255
srun: error: frontier00035: task 21: Bus error (core dumped)
srun: Force Terminated StepId=5137469.113
Running frontier nodes=16 ranks_per_node=56 dist=async_put_lockfree mode=random expected_us=10 max_upper_fanout=-1
RESULT distributor=async_put_lockfree mode=random expected_us=10 nodes=16 world_size=896 max_upper_fanout=-1 total_tasks=9562492 elapsed_s=20.0006 throughput_tasks_per_s=478110
MPICH Notice [Rank 0] [job id 5137469.114] [Sun Aug  2 01:52:25 2026] [frontier00035] - Abort(0) (rank 0 in comm 0): application called MPI_Abort(MPI_COMM_WORLD, 0) - process 0

aborting job:
application called MPI_Abort(MPI_COMM_WORLD, 0) - process 0
srun: error: frontier00035: task 0: Exited with exit code 255
srun: Terminating StepId=5137469.114
[2026-08-02T01:52:27.101] error: *** STEP 5137469.114 ON frontier00035 CANCELLED AT 2026-08-02T01:52:27 DUE TO TASK FAILURE ***
srun: error: frontier00035: tasks 1-55: Terminated
srun: error: frontier01951: tasks 840-895: Terminated
srun: error: frontier00303: tasks 112-167: Terminated
srun: error: frontier00669: tasks 280-335: Terminated
srun: error: frontier01576: tasks 672-727: Terminated
srun: error: frontier00169: tasks 56-111: Terminated
srun: error: frontier00973: tasks 392-447: Terminated
srun: error: frontier01094: tasks 448-503: Terminated
srun: error: frontier01701: tasks 728-783: Terminated
srun: error: frontier00435: tasks 168-223: Terminated
srun: error: frontier01313: tasks 560-615: Terminated
srun: error: frontier01882: tasks 784-839: Terminated
srun: error: frontier00828: tasks 336-391: Terminated
srun: error: frontier01450: tasks 616-671: Terminated
srun: error: frontier01210: tasks 504-559: Terminated
srun: error: frontier00549: tasks 224-279: Terminated
srun: Force Terminated StepId=5137469.114
Running frontier nodes=16 ranks_per_node=56 dist=async_put_lockfree mode=random expected_us=100 max_upper_fanout=-1
srun: Step created for StepId=5137469.115
RESULT distributor=async_put_lockfree mode=random expected_us=100 nodes=16 world_size=896 max_upper_fanout=-1 total_tasks=9028814 elapsed_s=20.0001 throughput_tasks_per_s=451439
MPICH Notice [Rank 0] [job id 5137469.115] [Sun Aug  2 01:52:56 2026] [frontier00035] - Abort(0) (rank 0 in comm 0): application called MPI_Abort(MPI_COMM_WORLD, 0) - process 0

aborting job:
application called MPI_Abort(MPI_COMM_WORLD, 0) - process 0
srun: error: frontier00035: task 0: Exited with exit code 255
srun: Terminating StepId=5137469.115
[2026-08-02T01:52:58.918] error: *** STEP 5137469.115 ON frontier00035 CANCELLED AT 2026-08-02T01:52:58 DUE TO TASK FAILURE ***
srun: error: frontier00035: tasks 1-55: Terminated
srun: error: frontier00549: tasks 224-279: Terminated
srun: error: frontier01576: tasks 672-727: Terminated
srun: error: frontier00435: tasks 168-223: Terminated
srun: error: frontier01094: tasks 448-503: Terminated
srun: error: frontier00973: tasks 392-447: Terminated
srun: error: frontier01313: tasks 560-615: Terminated
srun: error: frontier01882: tasks 784-839: Terminated
srun: error: frontier01951: tasks 840-895: Terminated
srun: error: frontier01210: tasks 504-559: Terminated
srun: error: frontier01701: tasks 728-783: Terminated
srun: error: frontier00669: tasks 280-335: Terminated
srun: error: frontier00303: tasks 112-167: Terminated
srun: error: frontier01450: tasks 616-671: Terminated
srun: error: frontier00169: tasks 56-111: Terminated
srun: error: frontier00828: tasks 336-391: Terminated
srun: Force Terminated StepId=5137469.115
Running frontier nodes=16 ranks_per_node=56 dist=async_put_lockfree mode=random expected_us=1000 max_upper_fanout=-1
srun: Step created for StepId=5137469.116
RESULT distributor=async_put_lockfree mode=random expected_us=1000 nodes=16 world_size=896 max_upper_fanout=-1 total_tasks=8293427 elapsed_s=20.0005 throughput_tasks_per_s=414660
MPICH Notice [Rank 0] [job id 5137469.116] [Sun Aug  2 01:53:29 2026] [frontier00035] - Abort(0) (rank 0 in comm 0): application called MPI_Abort(MPI_COMM_WORLD, 0) - process 0

aborting job:
application called MPI_Abort(MPI_COMM_WORLD, 0) - process 0
srun: error: frontier00035: task 0: Exited with exit code 255
srun: Terminating StepId=5137469.116
[2026-08-02T01:53:30.952] error: *** STEP 5137469.116 ON frontier00035 CANCELLED AT 2026-08-02T01:53:30 DUE TO TASK FAILURE ***
srun: error: frontier00035: tasks 1-55: Terminated
srun: error: frontier00435: tasks 168-223: Terminated
srun: error: frontier01951: tasks 840-895: Terminated
srun: error: frontier01094: tasks 448-503: Terminated
srun: error: frontier01701: tasks 728-783: Terminated
srun: error: frontier00828: tasks 336-391: Terminated
srun: error: frontier00973: tasks 392-447: Terminated
srun: error: frontier01313: tasks 560-615: Terminated
srun: error: frontier00669: tasks 280-335: Terminated
srun: error: frontier01450: tasks 616-671: Terminated
srun: error: frontier00549: tasks 224-279: Terminated
srun: error: frontier01210: tasks 504-559: Terminated
srun: error: frontier00169: tasks 56-111: Terminated
srun: error: frontier01882: tasks 784-839: Terminated
srun: error: frontier00303: tasks 112-167: Terminated
srun: error: frontier01576: tasks 672-727: Terminated
srun: Force Terminated StepId=5137469.116
Running frontier nodes=16 ranks_per_node=56 dist=async_put_lockfree mode=random expected_us=10000 max_upper_fanout=-1
RESULT distributor=async_put_lockfree mode=random expected_us=10000 nodes=16 world_size=896 max_upper_fanout=-1 total_tasks=1752154 elapsed_s=20.0008 throughput_tasks_per_s=87604.3
MPICH Notice [Rank 0] [job id 5137469.117] [Sun Aug  2 01:54:03 2026] [frontier00035] - Abort(0) (rank 0 in comm 0): application called MPI_Abort(MPI_COMM_WORLD, 0) - process 0

aborting job:
application called MPI_Abort(MPI_COMM_WORLD, 0) - process 0
srun: error: frontier00035: task 0: Exited with exit code 255
srun: Terminating StepId=5137469.117
[2026-08-02T01:54:05.530] error: *** STEP 5137469.117 ON frontier00035 CANCELLED AT 2026-08-02T01:54:05 DUE TO TASK FAILURE ***
srun: error: frontier01951: tasks 840-895: Terminated
srun: error: frontier01882: tasks 784-839: Terminated
srun: error: frontier01701: tasks 728-783: Terminated
srun: error: frontier01210: tasks 504-559: Terminated
srun: error: frontier00973: tasks 392-447: Terminated
srun: error: frontier01450: tasks 616-671: Terminated
srun: error: frontier01576: tasks 672-727: Terminated
srun: error: frontier00669: tasks 280-335: Terminated
srun: error: frontier01094: tasks 448-503: Terminated
srun: error: frontier00435: tasks 168-223: Terminated
srun: error: frontier00303: tasks 112-167: Terminated
srun: error: frontier00828: tasks 336-391: Terminated
srun: error: frontier00169: tasks 56-111: Terminated
srun: error: frontier00035: tasks 1-55: Terminated
srun: error: frontier00549: tasks 224-279: Terminated
srun: error: frontier01313: tasks 560-615: Terminated
srun: Force Terminated StepId=5137469.117
Running frontier nodes=16 ranks_per_node=56 dist=async_put_lockfree mode=random expected_us=100000 max_upper_fanout=-1
srun: Step created for StepId=5137469.118
RESULT distributor=async_put_lockfree mode=random expected_us=100000 nodes=16 world_size=896 max_upper_fanout=-1 total_tasks=177485 elapsed_s=20.0002 throughput_tasks_per_s=8874.17
MPICH Notice [Rank 0] [job id 5137469.118] [Sun Aug  2 01:54:36 2026] [frontier00035] - Abort(0) (rank 0 in comm 0): application called MPI_Abort(MPI_COMM_WORLD, 0) - process 0

aborting job:
application called MPI_Abort(MPI_COMM_WORLD, 0) - process 0
srun: error: frontier00035: tasks 3-16,19-23,25-42,44-46,48-49,51-55: Bus error
srun: Terminating StepId=5137469.118
[2026-08-02T01:54:36.888] error: *** STEP 5137469.118 ON frontier00035 CANCELLED AT 2026-08-02T01:54:36 DUE TO TASK FAILURE ***
srun: error: frontier00035: tasks 1-2,18,24,43,47,50: Terminated
srun: error: frontier01094: tasks 448-503: Terminated
srun: error: frontier00973: tasks 392-447: Terminated
srun: error: frontier01576: tasks 672-727: Terminated
srun: error: frontier00669: tasks 280-335: Terminated
srun: error: frontier01701: tasks 728-783: Terminated
srun: error: frontier01882: tasks 784-839: Terminated
srun: error: frontier01951: tasks 840-895: Terminated
srun: error: frontier01450: tasks 616-671: Terminated
srun: error: frontier00828: tasks 336-391: Terminated
srun: error: frontier00303: tasks 112-167: Terminated
srun: error: frontier00169: tasks 56-111: Terminated
srun: error: frontier01313: tasks 560-615: Terminated
srun: error: frontier00549: tasks 224-279: Terminated
srun: error: frontier01210: tasks 504-559: Terminated
srun: error: frontier00435: tasks 168-223: Terminated
srun: error: frontier00035: task 0: Exited with exit code 255
srun: error: frontier00035: task 17: Bus error (core dumped)
srun: Force Terminated StepId=5137469.118
Running frontier nodes=16 ranks_per_node=56 dist=async_put_lockfree mode=random expected_us=1000000 max_upper_fanout=-1
RESULT distributor=async_put_lockfree mode=random expected_us=1000000 nodes=16 world_size=896 max_upper_fanout=-1 total_tasks=16822 elapsed_s=20.0001 throughput_tasks_per_s=841.095
MPICH Notice [Rank 0] [job id 5137469.119] [Sun Aug  2 01:55:13 2026] [frontier00035] - Abort(0) (rank 0 in comm 0): application called MPI_Abort(MPI_COMM_WORLD, 0) - process 0

aborting job:
application called MPI_Abort(MPI_COMM_WORLD, 0) - process 0
MPICH ERROR [Rank 283] [job id 5137469.119] [Sun Aug  2 01:55:13 2026] [frontier00669] - Abort(606226319) (rank 283 in comm 0): Fatal error in PMPI_Win_flush: Other MPI error, error stack:
PMPI_Win_flush(139)..................: MPI_Win_flush(target_rank=0, win=0xa0000000) failed
MPID_Win_flush(294)..................:
MPIDIG_mpi_win_flush(615)............:
MPIDI_OFI_win_progress_fence_impl(65):
MPIDI_OFI_handle_cq_error(1310)......: OFI poll failed (ofi_events.c:1312:MPIDI_OFI_handle_cq_error:Input/output error - PTLTE_NOT_FOUND)

aborting job:
Fatal error in PMPI_Win_flush: Other MPI error, error stack:
PMPI_Win_flush(139)..................: MPI_Win_flush(target_rank=0, win=0xa0000000) failed
MPID_Win_flush(294)..................:
MPIDIG_mpi_win_flush(615)............:
MPIDI_OFI_win_progress_fence_impl(65):
MPIDI_OFI_handle_cq_error(1310)......: OFI poll failed (ofi_events.c:1312:MPIDI_OFI_handle_cq_error:Input/output error - PTLTE_NOT_FOUND)
MPICH ERROR [Rank 533] [job id 5137469.119] [Sun Aug  2 01:55:13 2026] [frontier01210] - Abort(606226319) (rank 533 in comm 0): Fatal error in PMPI_Win_flush: Other MPI error, error stack:
PMPI_Win_flush(139)..................: MPI_Win_flush(target_rank=0, win=0xa0000000) failed
MPID_Win_flush(294)..................:
MPIDIG_mpi_win_flush(615)............:
MPIDI_OFI_win_progress_fence_impl(65):
MPIDI_OFI_handle_cq_error(1310)......: OFI poll failed (ofi_events.c:1312:MPIDI_OFI_handle_cq_error:Input/output error - PTLTE_NOT_FOUND)

aborting job:
Fatal error in PMPI_Win_flush: Other MPI error, error stack:
PMPI_Win_flush(139)..................: MPI_Win_flush(target_rank=0, win=0xa0000000) failed
MPID_Win_flush(294)..................:
MPIDIG_mpi_win_flush(615)............:
MPIDI_OFI_win_progress_fence_impl(65):
MPIDI_OFI_handle_cq_error(1310)......: OFI poll failed (ofi_events.c:1312:MPIDI_OFI_handle_cq_error:Input/output error - PTLTE_NOT_FOUND)
MPICH ERROR [Rank 710] [job id 5137469.119] [Sun Aug  2 01:55:13 2026] [frontier01576] - Abort(606226319) (rank 710 in comm 0): Fatal error in PMPI_Win_flush: Other MPI error, error stack:
PMPI_Win_flush(139)..................: MPI_Win_flush(target_rank=0, win=0xa0000000) failed
MPID_Win_flush(294)..................:
MPIDIG_mpi_win_flush(615)............:
MPIDI_OFI_win_progress_fence_impl(65):
MPIDI_OFI_handle_cq_error(1310)......: OFI poll failed (ofi_events.c:1312:MPIDI_OFI_handle_cq_error:Input/output error - PTLTE_NOT_FOUND)

aborting job:
Fatal error in PMPI_Win_flush: Other MPI error, error stack:
PMPI_Win_flush(139)..................: MPI_Win_flush(target_rank=0, win=0xa0000000) failed
MPID_Win_flush(294)..................:
MPIDIG_mpi_win_flush(615)............:
MPIDI_OFI_win_progress_fence_impl(65):
MPIDI_OFI_handle_cq_error(1310)......: OFI poll failed (ofi_events.c:1312:MPIDI_OFI_handle_cq_error:Input/output error - PTLTE_NOT_FOUND)
MPICH ERROR [Rank 460] [job id 5137469.119] [Sun Aug  2 01:55:13 2026] [frontier01094] - Abort(606226319) (rank 460 in comm 0): Fatal error in PMPI_Win_flush: Other MPI error, error stack:
PMPI_Win_flush(139)..................: MPI_Win_flush(target_rank=0, win=0xa0000000) failed
MPID_Win_flush(294)..................:
MPIDIG_mpi_win_flush(615)............:
MPIDI_OFI_win_progress_fence_impl(65):
MPIDI_OFI_handle_cq_error(1310)......: OFI poll failed (ofi_events.c:1312:MPIDI_OFI_handle_cq_error:Input/output error - PTLTE_NOT_FOUND)

aborting job:
Fatal error in PMPI_Win_flush: Other MPI error, error stack:
PMPI_Win_flush(139)..................: MPI_Win_flush(target_rank=0, win=0xa0000000) failed
MPID_Win_flush(294)..................:
MPIDIG_mpi_win_flush(615)............:
MPIDI_OFI_win_progress_fence_impl(65):
MPIDI_OFI_handle_cq_error(1310)......: OFI poll failed (ofi_events.c:1312:MPIDI_OFI_handle_cq_error:Input/output error - PTLTE_NOT_FOUND)
MPICH ERROR [Rank 278] [job id 5137469.119] [Sun Aug  2 01:55:13 2026] [frontier00549] - Abort(606226319) (rank 278 in comm 0): Fatal error in PMPI_Win_flush: Other MPI error, error stack:
PMPI_Win_flush(139)..................: MPI_Win_flush(target_rank=0, win=0xa0000000) failed
MPID_Win_flush(294)..................:
MPIDIG_mpi_win_flush(615)............:
MPIDI_OFI_win_progress_fence_impl(65):
MPIDI_OFI_handle_cq_error(1310)......: OFI poll failed (ofi_events.c:1312:MPIDI_OFI_handle_cq_error:Input/output error - PTLTE_NOT_FOUND)

aborting job:
Fatal error in PMPI_Win_flush: Other MPI error, error stack:
PMPI_Win_flush(139)..................: MPI_Win_flush(target_rank=0, win=0xa0000000) failed
MPID_Win_flush(294)..................:
MPIDIG_mpi_win_flush(615)............:
MPIDI_OFI_win_progress_fence_impl(65):
MPIDI_OFI_handle_cq_error(1310)......: OFI poll failed (ofi_events.c:1312:MPIDI_OFI_handle_cq_error:Input/output error - PTLTE_NOT_FOUND)
MPICH ERROR [Rank 890] [job id 5137469.119] [Sun Aug  2 01:55:13 2026] [frontier01951] - Abort(606226319) (rank 890 in comm 0): Fatal error in PMPI_Win_flush: Other MPI error, error stack:
PMPI_Win_flush(139)..................: MPI_Win_flush(target_rank=0, win=0xa0000000) failed
MPID_Win_flush(294)..................:
MPIDIG_mpi_win_flush(615)............:
MPIDI_OFI_win_progress_fence_impl(65):
MPIDI_OFI_handle_cq_error(1310)......: OFI poll failed (ofi_events.c:1312:MPIDI_OFI_handle_cq_error:Input/output error - PTLTE_NOT_FOUND)

aborting job:
Fatal error in PMPI_Win_flush: Other MPI error, error stack:
PMPI_Win_flush(139)..................: MPI_Win_flush(target_rank=0, win=0xa0000000) failed
MPID_Win_flush(294)..................:
MPIDIG_mpi_win_flush(615)............:
MPIDI_OFI_win_progress_fence_impl(65):
MPIDI_OFI_handle_cq_error(1310)......: OFI poll failed (ofi_events.c:1312:MPIDI_OFI_handle_cq_error:Input/output error - PTLTE_NOT_FOUND)
MPICH ERROR [Rank 693] [job id 5137469.119] [Sun Aug  2 01:55:13 2026] [frontier01576] - Abort(606226319) (rank 693 in comm 0): Fatal error in PMPI_Win_flush: Other MPI error, error stack:
PMPI_Win_flush(139)..................: MPI_Win_flush(target_rank=0, win=0xa0000000) failed
MPID_Win_flush(294)..................:
MPIDIG_mpi_win_flush(615)............:
MPIDI_OFI_win_progress_fence_impl(65):
MPIDI_OFI_handle_cq_error(1310)......: OFI poll failed (ofi_events.c:1312:MPIDI_OFI_handle_cq_error:Input/output error - PTLTE_NOT_FOUND)

aborting job:
Fatal error in PMPI_Win_flush: Other MPI error, error stack:
PMPI_Win_flush(139)..................: MPI_Win_flush(target_rank=0, win=0xa0000000) failed
MPID_Win_flush(294)..................:
MPIDIG_mpi_win_flush(615)............:
MPIDI_OFI_win_progress_fence_impl(65):
MPIDI_OFI_handle_cq_error(1310)......: OFI poll failed (ofi_events.c:1312:MPIDI_OFI_handle_cq_error:Input/output error - PTLTE_NOT_FOUND)
MPICH ERROR [Rank 733] [job id 5137469.119] [Sun Aug  2 01:55:13 2026] [frontier01701] - Abort(606226319) (rank 733 in comm 0): Fatal error in PMPI_Win_flush: Other MPI error, error stack:
PMPI_Win_flush(139)..................: MPI_Win_flush(target_rank=0, win=0xa0000000) failed
MPID_Win_flush(294)..................:
MPIDIG_mpi_win_flush(615)............:
MPIDI_OFI_win_progress_fence_impl(65):
MPIDI_OFI_handle_cq_error(1310)......: OFI poll failed (ofi_events.c:1312:MPIDI_OFI_handle_cq_error:Input/output error - PTLTE_NOT_FOUND)

aborting job:
Fatal error in PMPI_Win_flush: Other MPI error, error stack:
PMPI_Win_flush(139)..................: MPI_Win_flush(target_rank=0, win=0xa0000000) failed
MPID_Win_flush(294)..................:
MPIDIG_mpi_win_flush(615)............:
MPIDI_OFI_win_progress_fence_impl(65):
MPIDI_OFI_handle_cq_error(1310)......: OFI poll failed (ofi_events.c:1312:MPIDI_OFI_handle_cq_error:Input/output error - PTLTE_NOT_FOUND)
MPICH ERROR [Rank 751] [job id 5137469.119] [Sun Aug  2 01:55:13 2026] [frontier01701] - Abort(606226319) (rank 751 in comm 0): Fatal error in PMPI_Win_flush: Other MPI error, error stack:
PMPI_Win_flush(139)..................: MPI_Win_flush(target_rank=0, win=0xa0000000) failed
MPID_Win_flush(294)..................:
MPIDIG_mpi_win_flush(615)............:
MPIDI_OFI_win_progress_fence_impl(65):
MPIDI_OFI_handle_cq_error(1310)......: OFI poll failed (ofi_events.c:1312:MPIDI_OFI_handle_cq_error:Input/output error - PTLTE_NOT_FOUND)

aborting job:
Fatal error in PMPI_Win_flush: Other MPI error, error stack:
PMPI_Win_flush(139)..................: MPI_Win_flush(target_rank=0, win=0xa0000000) failed
MPID_Win_flush(294)..................:
MPIDIG_mpi_win_flush(615)............:
MPIDI_OFI_win_progress_fence_impl(65):
MPIDI_OFI_handle_cq_error(1310)......: OFI poll failed (ofi_events.c:1312:MPIDI_OFI_handle_cq_error:Input/output error - PTLTE_NOT_FOUND)
MPICH ERROR [Rank 385] [job id 5137469.119] [Sun Aug  2 01:55:13 2026] [frontier00828] - Abort(606226319) (rank 385 in comm 0): Fatal error in PMPI_Win_flush: Other MPI error, error stack:
PMPI_Win_flush(139)..................: MPI_Win_flush(target_rank=0, win=0xa0000000) failed
MPID_Win_flush(294)..................:
MPIDIG_mpi_win_flush(615)............:
MPIDI_OFI_win_progress_fence_impl(65):
MPIDI_OFI_handle_cq_error(1310)......: OFI poll failed (ofi_events.c:1312:MPIDI_OFI_handle_cq_error:Input/output error - PTLTE_NOT_FOUND)

aborting job:
Fatal error in PMPI_Win_flush: Other MPI error, error stack:
PMPI_Win_flush(139)..................: MPI_Win_flush(target_rank=0, win=0xa0000000) failed
MPID_Win_flush(294)..................:
MPIDIG_mpi_win_flush(615)............:
MPIDI_OFI_win_progress_fence_impl(65):
MPIDI_OFI_handle_cq_error(1310)......: OFI poll failed (ofi_events.c:1312:MPIDI_OFI_handle_cq_error:Input/output error - PTLTE_NOT_FOUND)
MPICH ERROR [Rank 798] [job id 5137469.119] [Sun Aug  2 01:55:13 2026] [frontier01882] - Abort(606226319) (rank 798 in comm 0): Fatal error in PMPI_Win_flush: Other MPI error, error stack:
PMPI_Win_flush(139)..................: MPI_Win_flush(target_rank=0, win=0xa0000000) failed
MPID_Win_flush(294)..................:
MPIDIG_mpi_win_flush(615)............:
MPIDI_OFI_win_progress_fence_impl(65):
MPIDI_OFI_handle_cq_error(1310)......: OFI poll failed (ofi_events.c:1312:MPIDI_OFI_handle_cq_error:Input/output error - PTLTE_NOT_FOUND)

aborting job:
Fatal error in PMPI_Win_flush: Other MPI error, error stack:
PMPI_Win_flush(139)..................: MPI_Win_flush(target_rank=0, win=0xa0000000) failed
MPID_Win_flush(294)..................:
MPIDIG_mpi_win_flush(615)............:
MPIDI_OFI_win_progress_fence_impl(65):
MPIDI_OFI_handle_cq_error(1310)......: OFI poll failed (ofi_events.c:1312:MPIDI_OFI_handle_cq_error:Input/output error - PTLTE_NOT_FOUND)
MPICH ERROR [Rank 545] [job id 5137469.119] [Sun Aug  2 01:55:13 2026] [frontier01210] - Abort(606226319) (rank 545 in comm 0): Fatal error in PMPI_Win_flush: Other MPI error, error stack:
PMPI_Win_flush(139)..................: MPI_Win_flush(target_rank=0, win=0xa0000000) failed
MPID_Win_flush(294)..................:
MPIDIG_mpi_win_flush(615)............:
MPIDI_OFI_win_progress_fence_impl(65):
MPIDI_OFI_handle_cq_error(1310)......: OFI poll failed (ofi_events.c:1312:MPIDI_OFI_handle_cq_error:Input/output error - PTLTE_NOT_FOUND)

aborting job:
Fatal error in PMPI_Win_flush: Other MPI error, error stack:
PMPI_Win_flush(139)..................: MPI_Win_flush(target_rank=0, win=0xa0000000) failed
MPID_Win_flush(294)..................:
MPIDIG_mpi_win_flush(615)............:
MPIDI_OFI_win_progress_fence_impl(65):
MPIDI_OFI_handle_cq_error(1310)......: OFI poll failed (ofi_events.c:1312:MPIDI_OFI_handle_cq_error:Input/output error - PTLTE_NOT_FOUND)
MPICH ERROR [Rank 858] [job id 5137469.119] [Sun Aug  2 01:55:13 2026] [frontier01951] - Abort(606226319) (rank 858 in comm 0): Fatal error in PMPI_Win_flush: Other MPI error, error stack:
PMPI_Win_flush(139)..................: MPI_Win_flush(target_rank=0, win=0xa0000000) failed
MPID_Win_flush(294)..................:
MPIDIG_mpi_win_flush(615)............:
MPIDI_OFI_win_progress_fence_impl(65):
MPIDI_OFI_handle_cq_error(1310)......: OFI poll failed (ofi_events.c:1312:MPIDI_OFI_handle_cq_error:Input/output error - PTLTE_NOT_FOUND)

MPICH ERROR [Rank 419] [job id 5137469.119] [Sun Aug  2 01:55:13 2026] [frontier00973] - Abort(606226319) (rank 419 in comm 0): Fatal error in PMPI_Win_flush: Other MPI error, error stack:
PMPI_Win_flush(139)..................: MPI_Win_flush(target_rank=0, win=0xa0000000) failed
MPID_Win_flush(294)..................:
MPIDIG_mpi_win_flush(615)............:
MPIDI_OFI_win_progress_fence_impl(65):
MPIDI_OFI_handle_cq_error(1310)......: OFI poll failed (ofi_events.c:1312:MPIDI_OFI_handle_cq_error:Input/output error - PTLTE_NOT_FOUND)

aborting job:
Fatal error in PMPI_Win_flush: Other MPI error, error stack:
PMPI_Win_flush(139)..................: MPI_Win_flush(target_rank=0, win=0xa0000000) failed
MPID_Win_flush(294)..................:
MPIDIG_mpi_win_flush(615)............:
MPIDI_OFI_win_progress_fence_impl(65):
MPIDI_OFI_handle_cq_error(1310)......: OFI poll failed (ofi_events.c:1312:MPIDI_OFI_handle_cq_error:Input/output error - PTLTE_NOT_FOUND)
aborting job:
Fatal error in PMPI_Win_flush: Other MPI error, error stack:
PMPI_Win_flush(139)..................: MPI_Win_flush(target_rank=0, win=0xa0000000) failed
MPID_Win_flush(294)..................:
MPIDIG_mpi_win_flush(615)............:
MPIDI_OFI_win_progress_fence_impl(65):
MPIDI_OFI_handle_cq_error(1310)......: OFI poll failed (ofi_events.c:1312:MPIDI_OFI_handle_cq_error:Input/output error - PTLTE_NOT_FOUND)
MPICH ERROR [Rank 191] [job id 5137469.119] [Sun Aug  2 01:55:13 2026] [frontier00435] - Abort(606226319) (rank 191 in comm 0): Fatal error in PMPI_Win_flush: Other MPI error, error stack:
PMPI_Win_flush(139)..................: MPI_Win_flush(target_rank=0, win=0xa0000000) failed
MPID_Win_flush(294)..................:
MPIDIG_mpi_win_flush(615)............:
MPIDI_OFI_win_progress_fence_impl(65):
MPIDI_OFI_handle_cq_error(1310)......: OFI poll failed (ofi_events.c:1312:MPIDI_OFI_handle_cq_error:Input/output error - PTLTE_NOT_FOUND)

aborting job:
Fatal error in PMPI_Win_flush: Other MPI error, error stack:
PMPI_Win_flush(139)..................: MPI_Win_flush(target_rank=0, win=0xa0000000) failed
MPID_Win_flush(294)..................:
MPIDIG_mpi_win_flush(615)............:
MPIDI_OFI_win_progress_fence_impl(65):
MPIDI_OFI_handle_cq_error(1310)......: OFI poll failed (ofi_events.c:1312:MPIDI_OFI_handle_cq_error:Input/output error - PTLTE_NOT_FOUND)
MPICH ERROR [Rank 230] [job id 5137469.119] [Sun Aug  2 01:55:13 2026] [frontier00549] - Abort(606226319) (rank 230 in comm 0): Fatal error in PMPI_Win_flush: Other MPI error, error stack:
PMPI_Win_flush(139)..................: MPI_Win_flush(target_rank=0, win=0xa0000000) failed
MPID_Win_flush(294)..................:
MPIDIG_mpi_win_flush(615)............:
MPIDI_OFI_win_progress_fence_impl(65):
MPIDI_OFI_handle_cq_error(1310)......: OFI poll failed (ofi_events.c:1312:MPIDI_OFI_handle_cq_error:Input/output error - PTLTE_NOT_FOUND)

MPICH ERROR [Rank 776] [job id 5137469.119] [Sun Aug  2 01:55:13 2026] [frontier01701] - Abort(606226319) (rank 776 in comm 0): Fatal error in PMPI_Win_flush: Other MPI error, error stack:
PMPI_Win_flush(139)..................: MPI_Win_flush(target_rank=0, win=0xa0000000) failed
MPID_Win_flush(294)..................:
MPIDIG_mpi_win_flush(615)............:
MPIDI_OFI_win_progress_fence_impl(65):
MPIDI_OFI_handle_cq_error(1310)......: OFI poll failed (ofi_events.c:1312:MPIDI_OFI_handle_cq_error:Input/output error - PTLTE_NOT_FOUND)

aborting job:
Fatal error in PMPI_Win_flush: Other MPI error, error stack:
PMPI_Win_flush(139)..................: MPI_Win_flush(target_rank=0, win=0xa0000000) failed
MPID_Win_flush(294)..................:
MPIDIG_mpi_win_flush(615)............:
MPIDI_OFI_win_progress_fence_impl(65):
MPIDI_OFI_handle_cq_error(1310)......: OFI poll failed (ofi_events.c:1312:MPIDI_OFI_handle_cq_error:Input/output error - PTLTE_NOT_FOUND)
aborting job:
Fatal error in PMPI_Win_flush: Other MPI error, error stack:
PMPI_Win_flush(139)..................: MPI_Win_flush(target_rank=0, win=0xa0000000) failed
MPID_Win_flush(294)..................:
MPIDIG_mpi_win_flush(615)............:
MPIDI_OFI_win_progress_fence_impl(65):
MPIDI_OFI_handle_cq_error(1310)......: OFI poll failed (ofi_events.c:1312:MPIDI_OFI_handle_cq_error:Input/output error - PTLTE_NOT_FOUND)
MPICH ERROR [Rank 423] [job id 5137469.119] [Sun Aug  2 01:55:13 2026] [frontier00973] - Abort(606226319) (rank 423 in comm 0): Fatal error in PMPI_Win_flush: Other MPI error, error stack:
PMPI_Win_flush(139)..................: MPI_Win_flush(target_rank=0, win=0xa0000000) failed
MPID_Win_flush(294)..................:
MPIDIG_mpi_win_flush(615)............:
MPIDI_OFI_win_progress_fence_impl(65):
MPIDI_OFI_handle_cq_error(1310)......: OFI poll failed (ofi_events.c:1312:MPIDI_OFI_handle_cq_error:Input/output error - PTLTE_NOT_FOUND)

aborting job:
Fatal error in PMPI_Win_flush: Other MPI error, error stack:
PMPI_Win_flush(139)..................: MPI_Win_flush(target_rank=0, win=0xa0000000) failed
MPID_Win_flush(294)..................:
MPIDIG_mpi_win_flush(615)............:
MPIDI_OFI_win_progress_fence_impl(65):
MPIDI_OFI_handle_cq_error(1310)......: OFI poll failed (ofi_events.c:1312:MPIDI_OFI_handle_cq_error:Input/output error - PTLTE_NOT_FOUND)
MPICH ERROR [Rank 636] [job id 5137469.119] [Sun Aug  2 01:55:13 2026] [frontier01450] - Abort(606226319) (rank 636 in comm 0): Fatal error in PMPI_Win_flush: Other MPI error, error stack:
PMPI_Win_flush(139)..................: MPI_Win_flush(target_rank=0, win=0xa0000000) failed
MPID_Win_flush(294)..................:
MPIDIG_mpi_win_flush(615)............:
MPIDI_OFI_win_progress_fence_impl(65):
MPIDI_OFI_handle_cq_error(1310)......: OFI poll failed (ofi_events.c:1312:MPIDI_OFI_handle_cq_error:Input/output error - PTLTE_NOT_FOUND)

aborting job:
Fatal error in PMPI_Win_flush: Other MPI error, error stack:
PMPI_Win_flush(139)..................: MPI_Win_flush(target_rank=0, win=0xa0000000) failed
MPID_Win_flush(294)..................:
MPIDIG_mpi_win_flush(615)............:
MPIDI_OFI_win_progress_fence_impl(65):
MPIDI_OFI_handle_cq_error(1310)......: OFI poll failed (ofi_events.c:1312:MPIDI_OFI_handle_cq_error:Input/output error - PTLTE_NOT_FOUND)
MPICH ERROR [Rank 71] [job id 5137469.119] [Sun Aug  2 01:55:13 2026] [frontier00169] - Abort(606226319) (rank 71 in comm 0): Fatal error in PMPI_Win_flush: Other MPI error, error stack:
PMPI_Win_flush(139)..................: MPI_Win_flush(target_rank=0, win=0xa0000000) failed
MPID_Win_flush(294)..................:
MPIDIG_mpi_win_flush(615)............:
MPIDI_OFI_win_progress_fence_impl(65):
MPIDI_OFI_handle_cq_error(1310)......: OFI poll failed (ofi_events.c:1312:MPIDI_OFI_handle_cq_error:Input/output error - PTLTE_NOT_FOUND)

aborting job:
Fatal error in PMPI_Win_flush: Other MPI error, error stack:
PMPI_Win_flush(139)..................: MPI_Win_flush(target_rank=0, win=0xa0000000) failed
MPID_Win_flush(294)..................:
MPIDIG_mpi_win_flush(615)............:
MPIDI_OFI_win_progress_fence_impl(65):
MPIDI_OFI_handle_cq_error(1310)......: OFI poll failed (ofi_events.c:1312:MPIDI_OFI_handle_cq_error:Input/output error - PTLTE_NOT_FOUND)
MPICH ERROR [Rank 577] [job id 5137469.119] [Sun Aug  2 01:55:13 2026] [frontier01313] - Abort(606226319) (rank 577 in comm 0): Fatal error in PMPI_Win_flush: Other MPI error, error stack:
PMPI_Win_flush(139)..................: MPI_Win_flush(target_rank=0, win=0xa0000000) failed
MPID_Win_flush(294)..................:
MPIDIG_mpi_win_flush(615)............:
MPIDI_OFI_win_progress_fence_impl(65):
MPIDI_OFI_handle_cq_error(1310)......: OFI poll failed (ofi_events.c:1312:MPIDI_OFI_handle_cq_error:Input/output error - PTLTE_NOT_FOUND)

aborting job:
Fatal error in PMPI_Win_flush: Other MPI error, error stack:
PMPI_Win_flush(139)..................: MPI_Win_flush(target_rank=0, win=0xa0000000) failed
MPID_Win_flush(294)..................:
MPIDIG_mpi_win_flush(615)............:
MPIDI_OFI_win_progress_fence_impl(65):
MPIDI_OFI_handle_cq_error(1310)......: OFI poll failed (ofi_events.c:1312:MPIDI_OFI_handle_cq_error:Input/output error - PTLTE_NOT_FOUND)
MPICH ERROR [Rank 163] [job id 5137469.119] [Sun Aug  2 01:55:13 2026] [frontier00303] - Abort(606226319) (rank 163 in comm 0): Fatal error in PMPI_Win_flush: Other MPI error, error stack:
PMPI_Win_flush(139)..................: MPI_Win_flush(target_rank=0, win=0xa0000000) failed
MPID_Win_flush(294)..................:
MPIDIG_mpi_win_flush(615)............:
MPIDI_OFI_win_progress_fence_impl(65):
MPIDI_OFI_handle_cq_error(1310)......: OFI poll failed (ofi_events.c:1312:MPIDI_OFI_handle_cq_error:Input/output error - PTLTE_NOT_FOUND)

aborting job:
Fatal error in PMPI_Win_flush: Other MPI error, error stack:
PMPI_Win_flush(139)..................: MPI_Win_flush(target_rank=0, win=0xa0000000) failed
MPID_Win_flush(294)..................:
MPIDIG_mpi_win_flush(615)............:
MPIDI_OFI_win_progress_fence_impl(65):
MPIDI_OFI_handle_cq_error(1310)......: OFI poll failed (ofi_events.c:1312:MPIDI_OFI_handle_cq_error:Input/output error - PTLTE_NOT_FOUND)
MPICH ERROR [Rank 380] [job id 5137469.119] [Sun Aug  2 01:55:13 2026] [frontier00828] - Abort(606226319) (rank 380 in comm 0): Fatal error in PMPI_Win_flush: Other MPI error, error stack:
PMPI_Win_flush(139)..................: MPI_Win_flush(target_rank=0, win=0xa0000000) failed
MPID_Win_flush(294)..................:
MPIDIG_mpi_win_flush(615)............:
MPIDI_OFI_win_progress_fence_impl(65):
MPIDI_OFI_handle_cq_error(1310)......: OFI poll failed (ofi_events.c:1312:MPIDI_OFI_handle_cq_error:Input/output error - PTLTE_NOT_FOUND)

aborting job:
Fatal error in PMPI_Win_flush: Other MPI error, error stack:
PMPI_Win_flush(139)..................: MPI_Win_flush(target_rank=0, win=0xa0000000) failed
MPID_Win_flush(294)..................:
MPIDIG_mpi_win_flush(615)............:
MPIDI_OFI_win_progress_fence_impl(65):
MPIDI_OFI_handle_cq_error(1310)......: OFI poll failed (ofi_events.c:1312:MPIDI_OFI_handle_cq_error:Input/output error - PTLTE_NOT_FOUND)
MPICH ERROR [Rank 541] [job id 5137469.119] [Sun Aug  2 01:55:13 2026] [frontier01210] - Abort(606226319) (rank 541 in comm 0): Fatal error in PMPI_Win_flush: Other MPI error, error stack:
PMPI_Win_flush(139)..................: MPI_Win_flush(target_rank=0, win=0xa0000000) failed
MPID_Win_flush(294)..................:
MPIDIG_mpi_win_flush(615)............:
MPIDI_OFI_win_progress_fence_impl(65):
MPIDI_OFI_handle_cq_error(1310)......: OFI poll failed (ofi_events.c:1312:MPIDI_OFI_handle_cq_error:Input/output error - PTLTE_NOT_FOUND)

aborting job:
Fatal error in PMPI_Win_flush: Other MPI error, error stack:
PMPI_Win_flush(139)..................: MPI_Win_flush(target_rank=0, win=0xa0000000) failed
MPID_Win_flush(294)..................:
MPIDIG_mpi_win_flush(615)............:
MPIDI_OFI_win_progress_fence_impl(65):
MPIDI_OFI_handle_cq_error(1310)......: OFI poll failed (ofi_events.c:1312:MPIDI_OFI_handle_cq_error:Input/output error - PTLTE_NOT_FOUND)
MPICH ERROR [Rank 645] [job id 5137469.119] [Sun Aug  2 01:55:13 2026] [frontier01450] - Abort(606226319) (rank 645 in comm 0): Fatal error in PMPI_Win_flush: Other MPI error, error stack:
PMPI_Win_flush(139)..................: MPI_Win_flush(target_rank=0, win=0xa0000000) failed
MPID_Win_flush(294)..................:
MPIDIG_mpi_win_flush(615)............:
MPIDI_OFI_win_progress_fence_impl(65):
MPIDI_OFI_handle_cq_error(1310)......: OFI poll failed (ofi_events.c:1312:MPIDI_OFI_handle_cq_error:Input/output error - PTLTE_NOT_FOUND)

aborting job:
Fatal error in PMPI_Win_flush: Other MPI error, error stack:
PMPI_Win_flush(139)..................: MPI_Win_flush(target_rank=0, win=0xa0000000) failed
MPID_Win_flush(294)..................:
MPIDIG_mpi_win_flush(615)............:
MPIDI_OFI_win_progress_fence_impl(65):
MPIDI_OFI_handle_cq_error(1310)......: OFI poll failed (ofi_events.c:1312:MPIDI_OFI_handle_cq_error:Input/output error - PTLTE_NOT_FOUND)
MPICH ERROR [Rank 256] [job id 5137469.119] [Sun Aug  2 01:55:13 2026] [frontier00549] - Abort(606226319) (rank 256 in comm 0): Fatal error in PMPI_Win_flush: Other MPI error, error stack:
PMPI_Win_flush(139)..................: MPI_Win_flush(target_rank=0, win=0xa0000000) failed
MPID_Win_flush(294)..................:
MPIDIG_mpi_win_flush(615)............:
MPIDI_OFI_win_progress_fence_impl(65):
MPIDI_OFI_handle_cq_error(1310)......: OFI poll failed (ofi_events.c:1312:MPIDI_OFI_handle_cq_error:Input/output error - PTLTE_NOT_FOUND)

aborting job:
Fatal error in PMPI_Win_flush: Other MPI error, error stack:
PMPI_Win_flush(139)..................: MPI_Win_flush(target_rank=0, win=0xa0000000) failed
MPID_Win_flush(294)..................:
MPIDIG_mpi_win_flush(615)............:
MPIDI_OFI_win_progress_fence_impl(65):
MPIDI_OFI_handle_cq_error(1310)......: OFI poll failed (ofi_events.c:1312:MPIDI_OFI_handle_cq_error:Input/output error - PTLTE_NOT_FOUND)
MPICH ERROR [Rank 443] [job id 5137469.119] [Sun Aug  2 01:55:13 2026] [frontier00973] - Abort(606226319) (rank 443 in comm 0): Fatal error in PMPI_Win_flush: Other MPI error, error stack:
PMPI_Win_flush(139)..................: MPI_Win_flush(target_rank=0, win=0xa0000000) failed
MPID_Win_flush(294)..................:
MPIDIG_mpi_win_flush(615)............:
MPIDI_OFI_win_progress_fence_impl(65):
MPIDI_OFI_handle_cq_error(1310)......: OFI poll failed (ofi_events.c:1312:MPIDI_OFI_handle_cq_error:Input/output error - PTLTE_NOT_FOUND)

aborting job:
Fatal error in PMPI_Win_flush: Other MPI error, error stack:
PMPI_Win_flush(139)..................: MPI_Win_flush(target_rank=0, win=0xa0000000) failed
MPID_Win_flush(294)..................:
MPIDIG_mpi_win_flush(615)............:
MPIDI_OFI_win_progress_fence_impl(65):
MPIDI_OFI_handle_cq_error(1310)......: OFI poll failed (ofi_events.c:1312:MPIDI_OFI_handle_cq_error:Input/output error - PTLTE_NOT_FOUND)
MPICH ERROR [Rank 218] [job id 5137469.119] [Sun Aug  2 01:55:13 2026] [frontier00435] - Abort(606226319) (rank 218 in comm 0): Fatal error in PMPI_Win_flush: Other MPI error, error stack:
PMPI_Win_flush(139)..................: MPI_Win_flush(target_rank=0, win=0xa0000000) failed
MPID_Win_flush(294)..................:
MPIDIG_mpi_win_flush(615)............:
MPIDI_OFI_win_progress_fence_impl(65):
MPIDI_OFI_handle_cq_error(1310)......: OFI poll failed (ofi_events.c:1312:MPIDI_OFI_handle_cq_error:Input/output error - PTLTE_NOT_FOUND)

aborting job:
Fatal error in PMPI_Win_flush: Other MPI error, error stack:
PMPI_Win_flush(139)..................: MPI_Win_flush(target_rank=0, win=0xa0000000) failed
MPID_Win_flush(294)..................:
MPIDIG_mpi_win_flush(615)............:
MPIDI_OFI_win_progress_fence_impl(65):
MPIDI_OFI_handle_cq_error(1310)......: OFI poll failed (ofi_events.c:1312:MPIDI_OFI_handle_cq_error:Input/output error - PTLTE_NOT_FOUND)
MPICH ERROR [Rank 418] [job id 5137469.119] [Sun Aug  2 01:55:13 2026] [frontier00973] - Abort(606226319) (rank 418 in comm 0): Fatal error in PMPI_Win_flush: Other MPI error, error stack:
PMPI_Win_flush(139)..................: MPI_Win_flush(target_rank=0, win=0xa0000000) failed
MPID_Win_flush(294)..................:
MPIDIG_mpi_win_flush(615)............:
MPIDI_OFI_win_progress_fence_impl(65):
MPIDI_OFI_handle_cq_error(1310)......: OFI poll failed (ofi_events.c:1312:MPIDI_OFI_handle_cq_error:Input/output error - PTLTE_NOT_FOUND)

aborting job:
Fatal error in PMPI_Win_flush: Other MPI error, error stack:
PMPI_Win_flush(139)..................: MPI_Win_flush(target_rank=0, win=0xa0000000) failed
MPID_Win_flush(294)..................:
MPIDIG_mpi_win_flush(615)............:
MPIDI_OFI_win_progress_fence_impl(65):
MPIDI_OFI_handle_cq_error(1310)......: OFI poll failed (ofi_events.c:1312:MPIDI_OFI_handle_cq_error:Input/output error - PTLTE_NOT_FOUND)
MPICH ERROR [Rank 808] [job id 5137469.119] [Sun Aug  2 01:55:13 2026] [frontier01882] - Abort(606226319) (rank 808 in comm 0): Fatal error in PMPI_Win_flush: Other MPI error, error stack:
PMPI_Win_flush(139)..................: MPI_Win_flush(target_rank=0, win=0xa0000000) failed
MPID_Win_flush(294)..................:
MPIDIG_mpi_win_flush(615)............:
MPIDI_OFI_win_progress_fence_impl(65):
MPIDI_OFI_handle_cq_error(1310)......: OFI poll failed (ofi_events.c:1312:MPIDI_OFI_handle_cq_error:Input/output error - PTLTE_NOT_FOUND)

aborting job:
Fatal error in PMPI_Win_flush: Other MPI error, error stack:
PMPI_Win_flush(139)..................: MPI_Win_flush(target_rank=0, win=0xa0000000) failed
MPID_Win_flush(294)..................:
MPIDIG_mpi_win_flush(615)............:
MPIDI_OFI_win_progress_fence_impl(65):
MPIDI_OFI_handle_cq_error(1310)......: OFI poll failed (ofi_events.c:1312:MPIDI_OFI_handle_cq_error:Input/output error - PTLTE_NOT_FOUND)
MPICH ERROR [Rank 560] [job id 5137469.119] [Sun Aug  2 01:55:13 2026] [frontier01313] - Abort(606226319) (rank 560 in comm 0): Fatal error in PMPI_Win_flush: Other MPI error, error stack:
PMPI_Win_flush(139)..................: MPI_Win_flush(target_rank=0, win=0xa0000000) failed
MPID_Win_flush(294)..................:
MPIDIG_mpi_win_flush(615)............:
MPIDI_OFI_win_progress_fence_impl(65):
MPIDI_OFI_handle_cq_error(1310)......: OFI poll failed (ofi_events.c:1312:MPIDI_OFI_handle_cq_error:Input/output error - PTLTE_NOT_FOUND)

aborting job:
Fatal error in PMPI_Win_flush: Other MPI error, error stack:
PMPI_Win_flush(139)..................: MPI_Win_flush(target_rank=0, win=0xa0000000) failed
MPID_Win_flush(294)..................:
MPIDIG_mpi_win_flush(615)............:
MPIDI_OFI_win_progress_fence_impl(65):
MPIDI_OFI_handle_cq_error(1310)......: OFI poll failed (ofi_events.c:1312:MPIDI_OFI_handle_cq_error:Input/output error - PTLTE_NOT_FOUND)
MPICH ERROR [Rank 637] [job id 5137469.119] [Sun Aug  2 01:55:13 2026] [frontier01450] - Abort(606226319) (rank 637 in comm 0): Fatal error in PMPI_Win_flush: Other MPI error, error stack:
PMPI_Win_flush(139)..................: MPI_Win_flush(target_rank=0, win=0xa0000000) failed
MPID_Win_flush(294)..................:
MPIDIG_mpi_win_flush(615)............:
MPIDI_OFI_win_progress_fence_impl(65):
MPIDI_OFI_handle_cq_error(1310)......: OFI poll failed (ofi_events.c:1312:MPIDI_OFI_handle_cq_error:Input/output error - PTLTE_NOT_FOUND)

aborting job:
Fatal error in PMPI_Win_flush: Other MPI error, error stack:
PMPI_Win_flush(139)..................: MPI_Win_flush(target_rank=0, win=0xa0000000) failed
MPID_Win_flush(294)..................:
MPIDIG_mpi_win_flush(615)............:
MPIDI_OFI_win_progress_fence_impl(65):
MPIDI_OFI_handle_cq_error(1310)......: OFI poll failed (ofi_events.c:1312:MPIDI_OFI_handle_cq_error:Input/output error - PTLTE_NOT_FOUND)
MPICH ERROR [Rank 177] [job id 5137469.119] [Sun Aug  2 01:55:13 2026] [frontier00435] - Abort(606226319) (rank 177 in comm 0): Fatal error in PMPI_Win_flush: Other MPI error, error stack:
PMPI_Win_flush(139)..................: MPI_Win_flush(target_rank=0, win=0xa0000000) failed
MPID_Win_flush(294)..................:
MPIDIG_mpi_win_flush(615)............:
MPIDI_OFI_win_progress_fence_impl(65):
MPIDI_OFI_handle_cq_error(1310)......: OFI poll failed (ofi_events.c:1312:MPIDI_OFI_handle_cq_error:Input/output error - PTLTE_NOT_FOUND)

aborting job:
Fatal error in PMPI_Win_flush: Other MPI error, error stack:
PMPI_Win_flush(139)..................: MPI_Win_flush(target_rank=0, win=0xa0000000) failed
MPID_Win_flush(294)..................:
MPIDIG_mpi_win_flush(615)............:
MPIDI_OFI_win_progress_fence_impl(65):
MPIDI_OFI_handle_cq_error(1310)......: OFI poll failed (ofi_events.c:1312:MPIDI_OFI_handle_cq_error:Input/output error - PTLTE_NOT_FOUND)
MPICH ERROR [Rank 822] [job id 5137469.119] [Sun Aug  2 01:55:13 2026] [frontier01882] - Abort(606226319) (rank 822 in comm 0): Fatal error in PMPI_Win_flush: Other MPI error, error stack:
PMPI_Win_flush(139)..................: MPI_Win_flush(target_rank=0, win=0xa0000000) failed
MPID_Win_flush(294)..................:
MPIDIG_mpi_win_flush(615)............:
MPIDI_OFI_win_progress_fence_impl(65):
MPIDI_OFI_handle_cq_error(1310)......: OFI poll failed (ofi_events.c:1312:MPIDI_OFI_handle_cq_error:Input/output error - PTLTE_NOT_FOUND)

aborting job:
Fatal error in PMPI_Win_flush: Other MPI error, error stack:
PMPI_Win_flush(139)..................: MPI_Win_flush(target_rank=0, win=0xa0000000) failed
MPID_Win_flush(294)..................:
MPIDIG_mpi_win_flush(615)............:
MPIDI_OFI_win_progress_fence_impl(65):
MPIDI_OFI_handle_cq_error(1310)......: OFI poll failed (ofi_events.c:1312:MPIDI_OFI_handle_cq_error:Input/output error - PTLTE_NOT_FOUND)
MPICH ERROR [Rank 289] [job id 5137469.119] [Sun Aug  2 01:55:13 2026] [frontier00669] - Abort(606226319) (rank 289 in comm 0): Fatal error in PMPI_Win_flush: Other MPI error, error stack:
PMPI_Win_flush(139)..................: MPI_Win_flush(target_rank=0, win=0xa0000000) failed
MPID_Win_flush(294)..................:
MPIDIG_mpi_win_flush(615)............:
MPIDI_OFI_win_progress_fence_impl(65):
MPIDI_OFI_handle_cq_error(1310)......: OFI poll failed (ofi_events.c:1312:MPIDI_OFI_handle_cq_error:Input/output error - PTLTE_NOT_FOUND)

aborting job:
Fatal error in PMPI_Win_flush: Other MPI error, error stack:
PMPI_Win_flush(139)..................: MPI_Win_flush(target_rank=0, win=0xa0000000) failed
MPID_Win_flush(294)..................:
MPIDIG_mpi_win_flush(615)............:
MPIDI_OFI_win_progress_fence_impl(65):
MPIDI_OFI_handle_cq_error(1310)......: OFI poll failed (ofi_events.c:1312:MPIDI_OFI_handle_cq_error:Input/output error - PTLTE_NOT_FOUND)
MPICH ERROR [Rank 153] [job id 5137469.119] [Sun Aug  2 01:55:13 2026] [frontier00303] - Abort(606226319) (rank 153 in comm 0): Fatal error in PMPI_Win_flush: Other MPI error, error stack:
PMPI_Win_flush(139)..................: MPI_Win_flush(target_rank=0, win=0xa0000000) failed
MPID_Win_flush(294)..................:
MPIDIG_mpi_win_flush(615)............:
MPIDI_OFI_win_progress_fence_impl(65):
MPIDI_OFI_handle_cq_error(1310)......: OFI poll failed (ofi_events.c:1312:MPIDI_OFI_handle_cq_error:Input/output error - PTLTE_NOT_FOUND)

aborting job:
Fatal error in PMPI_Win_flush: Other MPI error, error stack:
PMPI_Win_flush(139)..................: MPI_Win_flush(target_rank=0, win=0xa0000000) failed
MPID_Win_flush(294)..................:
MPIDIG_mpi_win_flush(615)............:
MPIDI_OFI_win_progress_fence_impl(65):
MPIDI_OFI_handle_cq_error(1310)......: OFI poll failed (ofi_events.c:1312:MPIDI_OFI_handle_cq_error:Input/output error - PTLTE_NOT_FOUND)
MPICH ERROR [Rank 697] [job id 5137469.119] [Sun Aug  2 01:55:13 2026] [frontier01576] - Abort(606226319) (rank 697 in comm 0): Fatal error in PMPI_Win_flush: Other MPI error, error stack:
PMPI_Win_flush(139)..................: MPI_Win_flush(target_rank=0, win=0xa0000000) failed
MPID_Win_flush(294)..................:
MPIDIG_mpi_win_flush(615)............:
MPIDI_OFI_win_progress_fence_impl(65):
MPIDI_OFI_handle_cq_error(1310)......: OFI poll failed (ofi_events.c:1312:MPIDI_OFI_handle_cq_error:Input/output error - PTLTE_NOT_FOUND)

aborting job:
Fatal error in PMPI_Win_flush: Other MPI error, error stack:
PMPI_Win_flush(139)..................: MPI_Win_flush(target_rank=0, win=0xa0000000) failed
MPID_Win_flush(294)..................:
MPIDIG_mpi_win_flush(615)............:
MPIDI_OFI_win_progress_fence_impl(65):
MPIDI_OFI_handle_cq_error(1310)......: OFI poll failed (ofi_events.c:1312:MPIDI_OFI_handle_cq_error:Input/output error - PTLTE_NOT_FOUND)
MPICH ERROR [Rank 481] [job id 5137469.119] [Sun Aug  2 01:55:13 2026] [frontier01094] - Abort(606226319) (rank 481 in comm 0): Fatal error in PMPI_Win_flush: Other MPI error, error stack:
PMPI_Win_flush(139)..................: MPI_Win_flush(target_rank=0, win=0xa0000000) failed
MPID_Win_flush(294)..................:
MPIDIG_mpi_win_flush(615)............:
MPIDI_OFI_win_progress_fence_impl(65):
MPIDI_OFI_handle_cq_error(1310)......: OFI poll failed (ofi_events.c:1312:MPIDI_OFI_handle_cq_error:Input/output error - PTLTE_NOT_FOUND)

aborting job:
Fatal error in PMPI_Win_flush: Other MPI error, error stack:
PMPI_Win_flush(139)..................: MPI_Win_flush(target_rank=0, win=0xa0000000) failed
MPID_Win_flush(294)..................:
MPIDIG_mpi_win_flush(615)............:
MPIDI_OFI_win_progress_fence_impl(65):
MPIDI_OFI_handle_cq_error(1310)......: OFI poll failed (ofi_events.c:1312:MPIDI_OFI_handle_cq_error:Input/output error - PTLTE_NOT_FOUND)
MPICH ERROR [Rank 309] [job id 5137469.119] [Sun Aug  2 01:55:13 2026] [frontier00669] - Abort(606226319) (rank 309 in comm 0): Fatal error in PMPI_Win_flush: Other MPI error, error stack:
PMPI_Win_flush(139)..................: MPI_Win_flush(target_rank=0, win=0xa0000000) failed
MPID_Win_flush(294)..................:
MPIDIG_mpi_win_flush(615)............:
MPIDI_OFI_win_progress_fence_impl(65):
MPIDI_OFI_handle_cq_error(1310)......: OFI poll failed (ofi_events.c:1312:MPIDI_OFI_handle_cq_error:Input/output error - PTLTE_NOT_FOUND)

aborting job:
Fatal error in PMPI_Win_flush: Other MPI error, error stack:
PMPI_Win_flush(139)..................: MPI_Win_flush(target_rank=0, win=0xa0000000) failed
MPID_Win_flush(294)..................:
MPIDIG_mpi_win_flush(615)............:
MPIDI_OFI_win_progress_fence_impl(65):
MPIDI_OFI_handle_cq_error(1310)......: OFI poll failed (ofi_events.c:1312:MPIDI_OFI_handle_cq_error:Input/output error - PTLTE_NOT_FOUND)
MPICH ERROR [Rank 854] [job id 5137469.119] [Sun Aug  2 01:55:13 2026] [frontier01951] - Abort(606226319) (rank 854 in comm 0): Fatal error in PMPI_Win_flush: Other MPI error, error stack:
PMPI_Win_flush(139)..................: MPI_Win_flush(target_rank=0, win=0xa0000000) failed
MPID_Win_flush(294)..................:
MPIDIG_mpi_win_flush(615)............:
MPIDI_OFI_win_progress_fence_impl(65):
MPIDI_OFI_handle_cq_error(1310)......: OFI poll failed (ofi_events.c:1312:MPIDI_OFI_handle_cq_error:Input/output error - PTLTE_NOT_FOUND)

aborting job:
Fatal error in PMPI_Win_flush: Other MPI error, error stack:
PMPI_Win_flush(139)..................: MPI_Win_flush(target_rank=0, win=0xa0000000) failed
MPID_Win_flush(294)..................:
MPIDIG_mpi_win_flush(615)............:
MPIDI_OFI_win_progress_fence_impl(65):
MPIDI_OFI_handle_cq_error(1310)......: OFI poll failed (ofi_events.c:1312:MPIDI_OFI_handle_cq_error:Input/output error - PTLTE_NOT_FOUND)
MPICH ERROR [Rank 716] [job id 5137469.119] [Sun Aug  2 01:55:13 2026] [frontier01576] - Abort(606226319) (rank 716 in comm 0): Fatal error in PMPI_Win_flush: Other MPI error, error stack:
PMPI_Win_flush(139)..................: MPI_Win_flush(target_rank=0, win=0xa0000000) failed
MPID_Win_flush(294)..................:
MPIDIG_mpi_win_flush(615)............:
MPIDI_OFI_win_progress_fence_impl(65):
MPIDI_OFI_handle_cq_error(1310)......: OFI poll failed (ofi_events.c:1312:MPIDI_OFI_handle_cq_error:Input/output error - PTLTE_NOT_FOUND)

aborting job:
Fatal error in PMPI_Win_flush: Other MPI error, error stack:
PMPI_Win_flush(139)..................: MPI_Win_flush(target_rank=0, win=0xa0000000) failed
MPID_Win_flush(294)..................:
MPIDIG_mpi_win_flush(615)............:
MPIDI_OFI_win_progress_fence_impl(65):
MPIDI_OFI_handle_cq_error(1310)......: OFI poll failed (ofi_events.c:1312:MPIDI_OFI_handle_cq_error:Input/output error - PTLTE_NOT_FOUND)
MPICH ERROR [Rank 82] [job id 5137469.119] [Sun Aug  2 01:55:13 2026] [frontier00169] - Abort(606226319) (rank 82 in comm 0): Fatal error in PMPI_Win_flush: Other MPI error, error stack:
PMPI_Win_flush(139)..................: MPI_Win_flush(target_rank=0, win=0xa0000000) failed
MPID_Win_flush(294)..................:
MPIDIG_mpi_win_flush(615)............:
MPIDI_OFI_win_progress_fence_impl(65):
MPIDI_OFI_handle_cq_error(1310)......: OFI poll failed (ofi_events.c:1312:MPIDI_OFI_handle_cq_error:Input/output error - PTLTE_NOT_FOUND)

aborting job:
Fatal error in PMPI_Win_flush: Other MPI error, error stack:
PMPI_Win_flush(139)..................: MPI_Win_flush(target_rank=0, win=0xa0000000) failed
MPID_Win_flush(294)..................:
MPIDIG_mpi_win_flush(615)............:
MPIDI_OFI_win_progress_fence_impl(65):
MPIDI_OFI_handle_cq_error(1310)......: OFI poll failed (ofi_events.c:1312:MPIDI_OFI_handle_cq_error:Input/output error - PTLTE_NOT_FOUND)
MPICH ERROR [Rank 299] [job id 5137469.119] [Sun Aug  2 01:55:13 2026] [frontier00669] - Abort(606226319) (rank 299 in comm 0): Fatal error in PMPI_Win_flush: Other MPI error, error stack:
PMPI_Win_flush(139)..................: MPI_Win_flush(target_rank=0, win=0xa0000000) failed
MPID_Win_flush(294)..................:
MPIDIG_mpi_win_flush(615)............:
MPIDI_OFI_win_progress_fence_impl(65):
MPIDI_OFI_handle_cq_error(1310)......: OFI poll failed (ofi_events.c:1312:MPIDI_OFI_handle_cq_error:Input/output error - PTLTE_NOT_FOUND)

aborting job:
Fatal error in PMPI_Win_flush: Other MPI error, error stack:
PMPI_Win_flush(139)..................: MPI_Win_flush(target_rank=0, win=0xa0000000) failed
MPID_Win_flush(294)..................:
MPIDIG_mpi_win_flush(615)............:
MPIDI_OFI_win_progress_fence_impl(65):
MPIDI_OFI_handle_cq_error(1310)......: OFI poll failed (ofi_events.c:1312:MPIDI_OFI_handle_cq_error:Input/output error - PTLTE_NOT_FOUND)
MPICH ERROR [Rank 92] [job id 5137469.119] [Sun Aug  2 01:55:13 2026] [frontier00169] - Abort(606226319) (rank 92 in comm 0): Fatal error in PMPI_Win_flush: Other MPI error, error stack:
PMPI_Win_flush(139)..................: MPI_Win_flush(target_rank=0, win=0xa0000000) failed
MPID_Win_flush(294)..................:
MPIDIG_mpi_win_flush(615)............:
MPIDI_OFI_win_progress_fence_impl(65):
MPIDI_OFI_handle_cq_error(1310)......: OFI poll failed (ofi_events.c:1312:MPIDI_OFI_handle_cq_error:Input/output error - PTLTE_NOT_FOUND)

aborting job:
Fatal error in PMPI_Win_flush: Other MPI error, error stack:
PMPI_Win_flush(139)..................: MPI_Win_flush(target_rank=0, win=0xa0000000) failed
MPID_Win_flush(294)..................:
MPIDIG_mpi_win_flush(615)............:
MPIDI_OFI_win_progress_fence_impl(65):
MPIDI_OFI_handle_cq_error(1310)......: OFI poll failed (ofi_events.c:1312:MPIDI_OFI_handle_cq_error:Input/output error - PTLTE_NOT_FOUND)
MPICH ERROR [Rank 594] [job id 5137469.119] [Sun Aug  2 01:55:13 2026] [frontier01313] - Abort(606226319) (rank 594 in comm 0): Fatal error in PMPI_Win_flush: Other MPI error, error stack:
PMPI_Win_flush(139)..................: MPI_Win_flush(target_rank=0, win=0xa0000000) failed
MPID_Win_flush(294)..................:
MPIDIG_mpi_win_flush(615)............:
MPIDI_OFI_win_progress_fence_impl(65):
MPIDI_OFI_handle_cq_error(1310)......: OFI poll failed (ofi_events.c:1312:MPIDI_OFI_handle_cq_error:Input/output error - PTLTE_NOT_FOUND)

aborting job:
Fatal error in PMPI_Win_flush: Other MPI error, error stack:
PMPI_Win_flush(139)..................: MPI_Win_flush(target_rank=0, win=0xa0000000) failed
MPID_Win_flush(294)..................:
MPIDIG_mpi_win_flush(615)............:
MPIDI_OFI_win_progress_fence_impl(65):
MPIDI_OFI_handle_cq_error(1310)......: OFI poll failed (ofi_events.c:1312:MPIDI_OFI_handle_cq_error:Input/output error - PTLTE_NOT_FOUND)
MPICH ERROR [Rank 415] [job id 5137469.119] [Sun Aug  2 01:55:13 2026] [frontier00973] - Abort(606226319) (rank 415 in comm 0): Fatal error in PMPI_Win_flush: Other MPI error, error stack:
PMPI_Win_flush(139)..................: MPI_Win_flush(target_rank=0, win=0xa0000000) failed
MPID_Win_flush(294)..................:
MPIDIG_mpi_win_flush(615)............:
MPIDI_OFI_win_progress_fence_impl(65):
MPIDI_OFI_handle_cq_error(1310)......: OFI poll failed (ofi_events.c:1312:MPIDI_OFI_handle_cq_error:Input/output error - PTLTE_NOT_FOUND)

aborting job:
Fatal error in PMPI_Win_flush: Other MPI error, error stack:
PMPI_Win_flush(139)..................: MPI_Win_flush(target_rank=0, win=0xa0000000) failed
MPID_Win_flush(294)..................:
MPIDIG_mpi_win_flush(615)............:
MPIDI_OFI_win_progress_fence_impl(65):
MPIDI_OFI_handle_cq_error(1310)......: OFI poll failed (ofi_events.c:1312:MPIDI_OFI_handle_cq_error:Input/output error - PTLTE_NOT_FOUND)
MPICH ERROR [Rank 657] [job id 5137469.119] [Sun Aug  2 01:55:13 2026] [frontier01450] - Abort(606226319) (rank 657 in comm 0): Fatal error in PMPI_Win_flush: Other MPI error, error stack:
PMPI_Win_flush(139)..................: MPI_Win_flush(target_rank=0, win=0xa0000000) failed
MPID_Win_flush(294)..................:
MPIDIG_mpi_win_flush(615)............:
MPIDI_OFI_win_progress_fence_impl(65):
MPIDI_OFI_handle_cq_error(1310)......: OFI poll failed (ofi_events.c:1312:MPIDI_OFI_handle_cq_error:Input/output error - PTLTE_NOT_FOUND)

aborting job:
Fatal error in PMPI_Win_flush: Other MPI error, error stack:
PMPI_Win_flush(139)..................: MPI_Win_flush(target_rank=0, win=0xa0000000) failed
MPID_Win_flush(294)..................:
MPIDIG_mpi_win_flush(615)............:
MPIDI_OFI_win_progress_fence_impl(65):
MPIDI_OFI_handle_cq_error(1310)......: OFI poll failed (ofi_events.c:1312:MPIDI_OFI_handle_cq_error:Input/output error - PTLTE_NOT_FOUND)
MPICH ERROR [Rank 359] [job id 5137469.119] [Sun Aug  2 01:55:13 2026] [frontier00828] - Abort(606226319) (rank 359 in comm 0): Fatal error in PMPI_Win_flush: Other MPI error, error stack:
PMPI_Win_flush(139)..................: MPI_Win_flush(target_rank=0, win=0xa0000000) failed
MPID_Win_flush(294)..................:
MPIDIG_mpi_win_flush(615)............:
MPIDI_OFI_win_progress_fence_impl(65):
MPIDI_OFI_handle_cq_error(1310)......: OFI poll failed (ofi_events.c:1312:MPIDI_OFI_handle_cq_error:Input/output error - PTLTE_NOT_FOUND)

aborting job:
Fatal error in PMPI_Win_flush: Other MPI error, error stack:
PMPI_Win_flush(139)..................: MPI_Win_flush(target_rank=0, win=0xa0000000) failed
MPID_Win_flush(294)..................:
MPIDIG_mpi_win_flush(615)............:
MPIDI_OFI_win_progress_fence_impl(65):
MPIDI_OFI_handle_cq_error(1310)......: OFI poll failed (ofi_events.c:1312:MPIDI_OFI_handle_cq_error:Input/output error - PTLTE_NOT_FOUND)
MPICH ERROR [Rank 714] [job id 5137469.119] [Sun Aug  2 01:55:13 2026] [frontier01576] - Abort(606226319) (rank 714 in comm 0): Fatal error in PMPI_Win_flush: Other MPI error, error stack:
PMPI_Win_flush(139)..................: MPI_Win_flush(target_rank=0, win=0xa0000000) failed
MPID_Win_flush(294)..................:
MPIDIG_mpi_win_flush(615)............:
MPIDI_OFI_win_progress_fence_impl(65):
MPIDI_OFI_handle_cq_error(1310)......: OFI poll failed (ofi_events.c:1312:MPIDI_OFI_handle_cq_error:Input/output error - PTLTE_NOT_FOUND)

aborting job:
Fatal error in PMPI_Win_flush: Other MPI error, error stack:
PMPI_Win_flush(139)..................: MPI_Win_flush(target_rank=0, win=0xa0000000) failed
MPID_Win_flush(294)..................:
MPIDIG_mpi_win_flush(615)............:
MPIDI_OFI_win_progress_fence_impl(65):
MPIDI_OFI_handle_cq_error(1310)......: OFI poll failed (ofi_events.c:1312:MPIDI_OFI_handle_cq_error:Input/output error - PTLTE_NOT_FOUND)
MPICH ERROR [Rank 129] [job id 5137469.119] [Sun Aug  2 01:55:13 2026] [frontier00303] - Abort(606226319) (rank 129 in comm 0): Fatal error in PMPI_Win_flush: Other MPI error, error stack:
PMPI_Win_flush(139)..................: MPI_Win_flush(target_rank=0, win=0xa0000000) failed
MPID_Win_flush(294)..................:
MPIDIG_mpi_win_flush(615)............:
MPIDI_OFI_win_progress_fence_impl(65):
MPIDI_OFI_handle_cq_error(1310)......: OFI poll failed (ofi_events.c:1312:MPIDI_OFI_handle_cq_error:Input/output error - PTLTE_NOT_FOUND)
MPICH ERROR [Rank 745] [job id 5137469.119] [Sun Aug  2 01:55:13 2026] [frontier01701] - Abort(606226319) (rank 745 in comm 0): Fatal error in PMPI_Win_flush: Other MPI error, error stack:
PMPI_Win_flush(139)..................: MPI_Win_flush(target_rank=0, win=0xa0000000) failed
MPID_Win_flush(294)..................:
MPIDIG_mpi_win_flush(615)............:
MPIDI_OFI_win_progress_fence_impl(65):
MPIDI_OFI_handle_cq_error(1310)......: OFI poll failed (ofi_events.c:1312:MPIDI_OFI_handle_cq_error:Input/output error - PTLTE_NOT_FOUND)

aborting job:
Fatal error in PMPI_Win_flush: Other MPI error, error stack:
PMPI_Win_flush(139)..................: MPI_Win_flush(target_rank=0, win=0xa0000000) failed
MPID_Win_flush(294)..................:
MPIDIG_mpi_win_flush(615)............:
MPIDI_OFI_win_progress_fence_impl(65):
MPIDI_OFI_handle_cq_error(1310)......: OFI poll failed (ofi_events.c:1312:MPIDI_OFI_handle_cq_error:Input/output error - PTLTE_NOT_FOUND)

aborting job:
Fatal error in PMPI_Win_flush: Other MPI error, error stack:
PMPI_Win_flush(139)..................: MPI_Win_flush(target_rank=0, win=0xa0000000) failed
MPID_Win_flush(294)..................:
MPIDIG_mpi_win_flush(615)............:
MPIDI_OFI_win_progress_fence_impl(65):
MPIDI_OFI_handle_cq_error(1310)......: OFI poll failed (ofi_events.c:1312:MPIDI_OFI_handle_cq_error:Input/output error - PTLTE_NOT_FOUND)
MPICH ERROR [Rank 877] [job id 5137469.119] [Sun Aug  2 01:55:13 2026] [frontier01951] - Abort(606226319) (rank 877 in comm 0): Fatal error in PMPI_Win_flush: Other MPI error, error stack:
PMPI_Win_flush(139)..................: MPI_Win_flush(target_rank=0, win=0xa0000000) failed
MPID_Win_flush(294)..................:
MPIDIG_mpi_win_flush(615)............:
MPIDI_OFI_win_progress_fence_impl(65):
MPIDI_OFI_handle_cq_error(1310)......: OFI poll failed (ofi_events.c:1312:MPIDI_OFI_handle_cq_error:Input/output error - PTLTE_NOT_FOUND)

aborting job:
Fatal error in PMPI_Win_flush: Other MPI error, error stack:
PMPI_Win_flush(139)..................: MPI_Win_flush(target_rank=0, win=0xa0000000) failed
MPID_Win_flush(294)..................:
MPIDIG_mpi_win_flush(615)............:
MPIDI_OFI_win_progress_fence_impl(65):
MPIDI_OFI_handle_cq_error(1310)......: OFI poll failed (ofi_events.c:1312:MPIDI_OFI_handle_cq_error:Input/output error - PTLTE_NOT_FOUND)
MPICH ERROR [Rank 731] [job id 5137469.119] [Sun Aug  2 01:55:13 2026] [frontier01701] - Abort(606226319) (rank 731 in comm 0): Fatal error in PMPI_Win_flush: Other MPI error, error stack:
PMPI_Win_flush(139)..................: MPI_Win_flush(target_rank=0, win=0xa0000000) failed
MPID_Win_flush(294)..................:
MPIDIG_mpi_win_flush(615)............:
MPIDI_OFI_win_progress_fence_impl(65):
MPIDI_OFI_handle_cq_error(1310)......: OFI poll failed (ofi_events.c:1312:MPIDI_OFI_handle_cq_error:Input/output error - PTLTE_NOT_FOUND)

aborting job:
Fatal error in PMPI_Win_flush: Other MPI error, error stack:
PMPI_Win_flush(139)..................: MPI_Win_flush(target_rank=0, win=0xa0000000) failed
MPID_Win_flush(294)..................:
MPIDIG_mpi_win_flush(615)............:
MPIDI_OFI_win_progress_fence_impl(65):
MPIDI_OFI_handle_cq_error(1310)......: OFI poll failed (ofi_events.c:1312:MPIDI_OFI_handle_cq_error:Input/output error - PTLTE_NOT_FOUND)
MPICH ERROR [Rank 438] [job id 5137469.119] [Sun Aug  2 01:55:13 2026] [frontier00973] - Abort(606226319) (rank 438 in comm 0): Fatal error in PMPI_Win_flush: Other MPI error, error stack:
PMPI_Win_flush(139)..................: MPI_Win_flush(target_rank=0, win=0xa0000000) failed
MPID_Win_flush(294)..................:
MPIDIG_mpi_win_flush(615)............:
MPIDI_OFI_win_progress_fence_impl(65):
MPIDI_OFI_handle_cq_error(1310)......: OFI poll failed (ofi_events.c:1312:MPIDI_OFI_handle_cq_error:Input/output error - PTLTE_NOT_FOUND)

aborting job:
Fatal error in PMPI_Win_flush: Other MPI error, error stack:
PMPI_Win_flush(139)..................: MPI_Win_flush(target_rank=0, win=0xa0000000) failed
MPID_Win_flush(294)..................:
MPIDIG_mpi_win_flush(615)............:
MPIDI_OFI_win_progress_fence_impl(65):
MPIDI_OFI_handle_cq_error(1310)......: OFI poll failed (ofi_events.c:1312:MPIDI_OFI_handle_cq_error:Input/output error - PTLTE_NOT_FOUND)
MPICH ERROR [Rank 160] [job id 5137469.119] [Sun Aug  2 01:55:13 2026] [frontier00303] - Abort(606226319) (rank 160 in comm 0): Fatal error in PMPI_Win_flush: Other MPI error, error stack:
PMPI_Win_flush(139)..................: MPI_Win_flush(target_rank=0, win=0xa0000000) failed
MPID_Win_flush(294)..................:
MPIDIG_mpi_win_flush(615)............:
MPIDI_OFI_win_progress_fence_impl(65):
MPIDI_OFI_handle_cq_error(1310)......: OFI poll failed (ofi_events.c:1312:MPIDI_OFI_handle_cq_error:Input/output error - PTLTE_NOT_FOUND)

aborting job:
Fatal error in PMPI_Win_flush: Other MPI error, error stack:
PMPI_Win_flush(139)..................: MPI_Win_flush(target_rank=0, win=0xa0000000) failed
MPID_Win_flush(294)..................:
MPIDIG_mpi_win_flush(615)............:
MPIDI_OFI_win_progress_fence_impl(65):
MPIDI_OFI_handle_cq_error(1310)......: OFI poll failed (ofi_events.c:1312:MPIDI_OFI_handle_cq_error:Input/output error - PTLTE_NOT_FOUND)
MPICH ERROR [Rank 294] [job id 5137469.119] [Sun Aug  2 01:55:13 2026] [frontier00669] - Abort(606226319) (rank 294 in comm 0): Fatal error in PMPI_Win_flush: Other MPI error, error stack:
PMPI_Win_flush(139)..................: MPI_Win_flush(target_rank=0, win=0xa0000000) failed
MPID_Win_flush(294)..................:
MPIDIG_mpi_win_flush(615)............:
MPIDI_OFI_win_progress_fence_impl(65):
MPIDI_OFI_handle_cq_error(1310)......: OFI poll failed (ofi_events.c:1312:MPIDI_OFI_handle_cq_error:Input/output error - PTLTE_NOT_FOUND)

aborting job:
Fatal error in PMPI_Win_flush: Other MPI error, error stack:
PMPI_Win_flush(139)..................: MPI_Win_flush(target_rank=0, win=0xa0000000) failed
MPID_Win_flush(294)..................:
MPIDIG_mpi_win_flush(615)............:
MPIDI_OFI_win_progress_fence_impl(65):
MPIDI_OFI_handle_cq_error(1310)......: OFI poll failed (ofi_events.c:1312:MPIDI_OFI_handle_cq_error:Input/output error - PTLTE_NOT_FOUND)
MPICH ERROR [Rank 273] [job id 5137469.119] [Sun Aug  2 01:55:13 2026] [frontier00549] - Abort(606226319) (rank 273 in comm 0): Fatal error in PMPI_Win_flush: Other MPI error, error stack:
PMPI_Win_flush(139)..................: MPI_Win_flush(target_rank=0, win=0xa0000000) failed
MPID_Win_flush(294)..................:
MPIDIG_mpi_win_flush(615)............:
MPIDI_OFI_win_progress_fence_impl(65):
MPIDI_OFI_handle_cq_error(1310)......: OFI poll failed (ofi_events.c:1312:MPIDI_OFI_handle_cq_error:Input/output error - PTLTE_NOT_FOUND)

aborting job:
Fatal error in PMPI_Win_flush: Other MPI error, error stack:
PMPI_Win_flush(139)..................: MPI_Win_flush(target_rank=0, win=0xa0000000) failed
MPID_Win_flush(294)..................:
MPIDIG_mpi_win_flush(615)............:
MPIDI_OFI_win_progress_fence_impl(65):
MPIDI_OFI_handle_cq_error(1310)......: OFI poll failed (ofi_events.c:1312:MPIDI_OFI_handle_cq_error:Input/output error - PTLTE_NOT_FOUND)
MPICH ERROR [Rank 831] [job id 5137469.119] [Sun Aug  2 01:55:13 2026] [frontier01882] - Abort(606226319) (rank 831 in comm 0): Fatal error in PMPI_Win_flush: Other MPI error, error stack:
PMPI_Win_flush(139)..................: MPI_Win_flush(target_rank=0, win=0xa0000000) failed
MPID_Win_flush(294)..................:
MPIDIG_mpi_win_flush(615)............:
MPIDI_OFI_win_progress_fence_impl(65):
MPIDI_OFI_handle_cq_error(1310)......: OFI poll failed (ofi_events.c:1312:MPIDI_OFI_handle_cq_error:Input/output error - PTLTE_NOT_FOUND)

aborting job:
Fatal error in PMPI_Win_flush: Other MPI error, error stack:
PMPI_Win_flush(139)..................: MPI_Win_flush(target_rank=0, win=0xa0000000) failed
MPID_Win_flush(294)..................:
MPIDIG_mpi_win_flush(615)............:
MPIDI_OFI_win_progress_fence_impl(65):
MPIDI_OFI_handle_cq_error(1310)......: OFI poll failed (ofi_events.c:1312:MPIDI_OFI_handle_cq_error:Input/output error - PTLTE_NOT_FOUND)
MPICH ERROR [Rank 235] [job id 5137469.119] [Sun Aug  2 01:55:13 2026] [frontier00549] - Abort(606226319) (rank 235 in comm 0): Fatal error in PMPI_Win_flush: Other MPI error, error stack:
PMPI_Win_flush(139)..................: MPI_Win_flush(target_rank=0, win=0xa0000000) failed
MPID_Win_flush(294)..................:
MPIDIG_mpi_win_flush(615)............:
MPIDI_OFI_win_progress_fence_impl(65):
MPIDI_OFI_handle_cq_error(1310)......: OFI poll failed (ofi_events.c:1312:MPIDI_OFI_handle_cq_error:Input/output error - PTLTE_NOT_FOUND)

aborting job:
Fatal error in PMPI_Win_flush: Other MPI error, error stack:
PMPI_Win_flush(139)..................: MPI_Win_flush(target_rank=0, win=0xa0000000) failed
MPID_Win_flush(294)..................:
MPIDIG_mpi_win_flush(615)............:
MPIDI_OFI_win_progress_fence_impl(65):
MPIDI_OFI_handle_cq_error(1310)......: OFI poll failed (ofi_events.c:1312:MPIDI_OFI_handle_cq_error:Input/output error - PTLTE_NOT_FOUND)
MPICH ERROR [Rank 821] [job id 5137469.119] [Sun Aug  2 01:55:13 2026] [frontier01882] - Abort(606226319) (rank 821 in comm 0): Fatal error in PMPI_Win_flush: Other MPI error, error stack:
PMPI_Win_flush(139)..................: MPI_Win_flush(target_rank=0, win=0xa0000000) failed
MPID_Win_flush(294)..................:
MPIDIG_mpi_win_flush(615)............:
MPIDI_OFI_win_progress_fence_impl(65):
MPIDI_OFI_handle_cq_error(1310)......: OFI poll failed (ofi_events.c:1312:MPIDI_OFI_handle_cq_error:Input/output error - PTLTE_NOT_FOUND)

aborting job:
Fatal error in PMPI_Win_flush: Other MPI error, error stack:
PMPI_Win_flush(139)..................: MPI_Win_flush(target_rank=0, win=0xa0000000) failed
MPID_Win_flush(294)..................:
MPIDIG_mpi_win_flush(615)............:
MPIDI_OFI_win_progress_fence_impl(65):
MPIDI_OFI_handle_cq_error(1310)......: OFI poll failed (ofi_events.c:1312:MPIDI_OFI_handle_cq_error:Input/output error - PTLTE_NOT_FOUND)
MPICH ERROR [Rank 300] [job id 5137469.119] [Sun Aug  2 01:55:13 2026] [frontier00669] - Abort(606226319) (rank 300 in comm 0): Fatal error in PMPI_Win_flush: Other MPI error, error stack:
PMPI_Win_flush(139)..................: MPI_Win_flush(target_rank=0, win=0xa0000000) failed
MPID_Win_flush(294)..................:
MPIDIG_mpi_win_flush(615)............:
MPIDI_OFI_win_progress_fence_impl(65):
MPIDI_OFI_handle_cq_error(1310)......: OFI poll failed (ofi_events.c:1312:MPIDI_OFI_handle_cq_error:Input/output error - PTLTE_NOT_FOUND)

aborting job:
Fatal error in PMPI_Win_flush: Other MPI error, error stack:
PMPI_Win_flush(139)..................: MPI_Win_flush(target_rank=0, win=0xa0000000) failed
MPID_Win_flush(294)..................:
MPIDIG_mpi_win_flush(615)............:
MPIDI_OFI_win_progress_fence_impl(65):
MPIDI_OFI_handle_cq_error(1310)......: OFI poll failed (ofi_events.c:1312:MPIDI_OFI_handle_cq_error:Input/output error - PTLTE_NOT_FOUND)
MPICH ERROR [Rank 818] [job id 5137469.119] [Sun Aug  2 01:55:13 2026] [frontier01882] - Abort(606226319) (rank 818 in comm 0): Fatal error in PMPI_Win_flush: Other MPI error, error stack:
PMPI_Win_flush(139)..................: MPI_Win_flush(target_rank=0, win=0xa0000000) failed
MPID_Win_flush(294)..................:
MPIDIG_mpi_win_flush(615)............:
MPIDI_OFI_win_progress_fence_impl(65):
MPIDI_OFI_handle_cq_error(1310)......: OFI poll failed (ofi_events.c:1312:MPIDI_OFI_handle_cq_error:Input/output error - PTLTE_NOT_FOUND)

aborting job:
Fatal error in PMPI_Win_flush: Other MPI error, error stack:
PMPI_Win_flush(139)..................: MPI_Win_flush(target_rank=0, win=0xa0000000) failed
MPID_Win_flush(294)..................:
MPIDIG_mpi_win_flush(615)............:
MPIDI_OFI_win_progress_fence_impl(65):
MPIDI_OFI_handle_cq_error(1310)......: OFI poll failed (ofi_events.c:1312:MPIDI_OFI_handle_cq_error:Input/output error - PTLTE_NOT_FOUND)
MPICH ERROR [Rank 558] [job id 5137469.119] [Sun Aug  2 01:55:13 2026] [frontier01210] - Abort(606226319) (rank 558 in comm 0): Fatal error in PMPI_Win_flush: Other MPI error, error stack:
PMPI_Win_flush(139)..................: MPI_Win_flush(target_rank=0, win=0xa0000000) failed
MPID_Win_flush(294)..................:
MPIDIG_mpi_win_flush(615)............:
MPIDI_OFI_win_progress_fence_impl(65):
MPIDI_OFI_handle_cq_error(1310)......: OFI poll failed (ofi_events.c:1312:MPIDI_OFI_handle_cq_error:Input/output error - PTLTE_NOT_FOUND)

aborting job:
Fatal error in PMPI_Win_flush: Other MPI error, error stack:
PMPI_Win_flush(139)..................: MPI_Win_flush(target_rank=0, win=0xa0000000) failed
MPID_Win_flush(294)..................:
MPIDIG_mpi_win_flush(615)............:
MPIDI_OFI_win_progress_fence_impl(65):
MPIDI_OFI_handle_cq_error(1310)......: OFI poll failed (ofi_events.c:1312:MPIDI_OFI_handle_cq_error:Input/output error - PTLTE_NOT_FOUND)
MPICH ERROR [Rank 328] [job id 5137469.119] [Sun Aug  2 01:55:13 2026] [frontier00669] - Abort(606226319) (rank 328 in comm 0): Fatal error in PMPI_Win_flush: Other MPI error, error stack:
PMPI_Win_flush(139)..................: MPI_Win_flush(target_rank=0, win=0xa0000000) failed
MPID_Win_flush(294)..................:
MPIDIG_mpi_win_flush(615)............:
MPIDI_OFI_win_progress_fence_impl(65):
MPIDI_OFI_handle_cq_error(1310)......: OFI poll failed (ofi_events.c:1312:MPIDI_OFI_handle_cq_error:Input/output error - PTLTE_NOT_FOUND)

aborting job:
Fatal error in PMPI_Win_flush: Other MPI error, error stack:
PMPI_Win_flush(139)..................: MPI_Win_flush(target_rank=0, win=0xa0000000) failed
MPID_Win_flush(294)..................:
MPIDIG_mpi_win_flush(615)............:
MPIDI_OFI_win_progress_fence_impl(65):
MPIDI_OFI_handle_cq_error(1310)......: OFI poll failed (ofi_events.c:1312:MPIDI_OFI_handle_cq_error:Input/output error - PTLTE_NOT_FOUND)
MPICH ERROR [Rank 84] [job id 5137469.119] [Sun Aug  2 01:55:13 2026] [frontier00169] - Abort(606226319) (rank 84 in comm 0): Fatal error in PMPI_Win_flush: Other MPI error, error stack:
PMPI_Win_flush(139)..................: MPI_Win_flush(target_rank=0, win=0xa0000000) failed
MPID_Win_flush(294)..................:
MPIDIG_mpi_win_flush(615)............:
MPIDI_OFI_win_progress_fence_impl(65):
MPIDI_OFI_handle_cq_error(1310)......: OFI poll failed (ofi_events.c:1312:MPIDI_OFI_handle_cq_error:Input/output error - PTLTE_NOT_FOUND)

MPICH ERROR [Rank 690] [job id 5137469.119] [Sun Aug  2 01:55:13 2026] [frontier01576] - Abort(606226319) (rank 690 in comm 0): Fatal error in PMPI_Win_flush: Other MPI error, error stack:
PMPI_Win_flush(139)..................: MPI_Win_flush(target_rank=0, win=0xa0000000) failed
MPID_Win_flush(294)..................:
MPIDIG_mpi_win_flush(615)............:
MPIDI_OFI_win_progress_fence_impl(65):
MPIDI_OFI_handle_cq_error(1310)......: OFI poll failed (ofi_events.c:1312:MPIDI_OFI_handle_cq_error:Input/output error - PTLTE_NOT_FOUND)

aborting job:
Fatal error in PMPI_Win_flush: Other MPI error, error stack:
PMPI_Win_flush(139)..................: MPI_Win_flush(target_rank=0, win=0xa0000000) failed
MPID_Win_flush(294)..................:
MPIDIG_mpi_win_flush(615)............:
MPIDI_OFI_win_progress_fence_impl(65):
MPIDI_OFI_handle_cq_error(1310)......: OFI poll failed (ofi_events.c:1312:MPIDI_OFI_handle_cq_error:Input/output error - PTLTE_NOT_FOUND)
aborting job:
Fatal error in PMPI_Win_flush: Other MPI error, error stack:
PMPI_Win_flush(139)..................: MPI_Win_flush(target_rank=0, win=0xa0000000) failed
MPID_Win_flush(294)..................:
MPIDIG_mpi_win_flush(615)............:
MPIDI_OFI_win_progress_fence_impl(65):
MPIDI_OFI_handle_cq_error(1310)......: OFI poll failed (ofi_events.c:1312:MPIDI_OFI_handle_cq_error:Input/output error - PTLTE_NOT_FOUND)
MPICH ERROR [Rank 773] [job id 5137469.119] [Sun Aug  2 01:55:13 2026] [frontier01701] - Abort(606226319) (rank 773 in comm 0): Fatal error in PMPI_Win_flush: Other MPI error, error stack:
PMPI_Win_flush(139)..................: MPI_Win_flush(target_rank=0, win=0xa0000000) failed
MPID_Win_flush(294)..................:
MPIDIG_mpi_win_flush(615)............:
MPIDI_OFI_win_progress_fence_impl(65):
MPIDI_OFI_handle_cq_error(1310)......: OFI poll failed (ofi_events.c:1312:MPIDI_OFI_handle_cq_error:Input/output error - PTLTE_NOT_FOUND)

aborting job:
Fatal error in PMPI_Win_flush: Other MPI error, error stack:
PMPI_Win_flush(139)..................: MPI_Win_flush(target_rank=0, win=0xa0000000) failed
MPID_Win_flush(294)..................:
MPIDIG_mpi_win_flush(615)............:
MPIDI_OFI_win_progress_fence_impl(65):
MPIDI_OFI_handle_cq_error(1310)......: OFI poll failed (ofi_events.c:1312:MPIDI_OFI_handle_cq_error:Input/output error - PTLTE_NOT_FOUND)
MPICH ERROR [Rank 56] [job id 5137469.119] [Sun Aug  2 01:55:13 2026] [frontier00169] - Abort(606226319) (rank 56 in comm 0): Fatal error in PMPI_Win_flush: Other MPI error, error stack:
PMPI_Win_flush(139)..................: MPI_Win_flush(target_rank=0, win=0xa0000000) failed
MPID_Win_flush(294)..................:
MPIDIG_mpi_win_flush(615)............:
MPIDI_OFI_win_progress_fence_impl(65):
MPIDI_OFI_handle_cq_error(1310)......: OFI poll failed (ofi_events.c:1312:MPIDI_OFI_handle_cq_error:Input/output error - PTLTE_NOT_FOUND)

aborting job:
Fatal error in PMPI_Win_flush: Other MPI error, error stack:
PMPI_Win_flush(139)..................: MPI_Win_flush(target_rank=0, win=0xa0000000) failed
MPID_Win_flush(294)..................:
MPIDIG_mpi_win_flush(615)............:
MPIDI_OFI_win_progress_fence_impl(65):
MPIDI_OFI_handle_cq_error(1310)......: OFI poll failed (ofi_events.c:1312:MPIDI_OFI_handle_cq_error:Input/output error - PTLTE_NOT_FOUND)
MPICH ERROR [Rank 759] [job id 5137469.119] [Sun Aug  2 01:55:13 2026] [frontier01701] - Abort(606226319) (rank 759 in comm 0): Fatal error in PMPI_Win_flush: Other MPI error, error stack:
PMPI_Win_flush(139)..................: MPI_Win_flush(target_rank=0, win=0xa0000000) failed
MPID_Win_flush(294)..................:
MPIDIG_mpi_win_flush(615)............:
MPIDI_OFI_win_progress_fence_impl(65):
MPIDI_OFI_handle_cq_error(1310)......: OFI poll failed (ofi_events.c:1312:MPIDI_OFI_handle_cq_error:Input/output error - PTLTE_NOT_FOUND)

aborting job:
Fatal error in PMPI_Win_flush: Other MPI error, error stack:
PMPI_Win_flush(139)..................: MPI_Win_flush(target_rank=0, win=0xa0000000) failed
MPID_Win_flush(294)..................:
MPIDIG_mpi_win_flush(615)............:
MPIDI_OFI_win_progress_fence_impl(65):
MPIDI_OFI_handle_cq_error(1310)......: OFI poll failed (ofi_events.c:1312:MPIDI_OFI_handle_cq_error:Input/output error - PTLTE_NOT_FOUND)
MPICH ERROR [Rank 416] [job id 5137469.119] [Sun Aug  2 01:55:13 2026] [frontier00973] - Abort(606226319) (rank 416 in comm 0): Fatal error in PMPI_Win_flush: Other MPI error, error stack:
PMPI_Win_flush(139)..................: MPI_Win_flush(target_rank=0, win=0xa0000000) failed
MPID_Win_flush(294)..................:
MPIDIG_mpi_win_flush(615)............:
MPIDI_OFI_win_progress_fence_impl(65):
MPIDI_OFI_handle_cq_error(1310)......: OFI poll failed (ofi_events.c:1312:MPIDI_OFI_handle_cq_error:Input/output error - PTLTE_NOT_FOUND)

aborting job:
Fatal error in PMPI_Win_flush: Other MPI error, error stack:
PMPI_Win_flush(139)..................: MPI_Win_flush(target_rank=0, win=0xa0000000) failed
MPID_Win_flush(294)..................:
MPIDIG_mpi_win_flush(615)............:
MPIDI_OFI_win_progress_fence_impl(65):
MPIDI_OFI_handle_cq_error(1310)......: OFI poll failed (ofi_events.c:1312:MPIDI_OFI_handle_cq_error:Input/output error - PTLTE_NOT_FOUND)
MPICH ERROR [Rank 813] [job id 5137469.119] [Sun Aug  2 01:55:13 2026] [frontier01882] - Abort(606226319) (rank 813 in comm 0): Fatal error in PMPI_Win_flush: Other MPI error, error stack:
PMPI_Win_flush(139)..................: MPI_Win_flush(target_rank=0, win=0xa0000000) failed
MPID_Win_flush(294)..................:
MPIDIG_mpi_win_flush(615)............:
MPIDI_OFI_win_progress_fence_impl(65):
MPIDI_OFI_handle_cq_error(1310)......: OFI poll failed (ofi_events.c:1312:MPIDI_OFI_handle_cq_error:Input/output error - PTLTE_NOT_FOUND)

aborting job:
Fatal error in PMPI_Win_flush: Other MPI error, error stack:
PMPI_Win_flush(139)..................: MPI_Win_flush(target_rank=0, win=0xa0000000) failed
MPID_Win_flush(294)..................:
MPIDIG_mpi_win_flush(615)............:
MPIDI_OFI_win_progress_fence_impl(65):
MPIDI_OFI_handle_cq_error(1310)......: OFI poll failed (ofi_events.c:1312:MPIDI_OFI_handle_cq_error:Input/output error - PTLTE_NOT_FOUND)
MPICH ERROR [Rank 96] [job id 5137469.119] [Sun Aug  2 01:55:13 2026] [frontier00169] - Abort(606226319) (rank 96 in comm 0): Fatal error in PMPI_Win_flush: Other MPI error, error stack:
PMPI_Win_flush(139)..................: MPI_Win_flush(target_rank=0, win=0xa0000000) failed
MPID_Win_flush(294)..................:
MPIDIG_mpi_win_flush(615)............:
MPIDI_OFI_win_progress_fence_impl(65):
MPIDI_OFI_handle_cq_error(1310)......: OFI poll failed (ofi_events.c:1312:MPIDI_OFI_handle_cq_error:Input/output error - PTLTE_NOT_FOUND)

MPICH ERROR [Rank 360] [job id 5137469.119] [Sun Aug  2 01:55:13 2026] [frontier00828] - Abort(606226319) (rank 360 in comm 0): Fatal error in PMPI_Win_flush: Other MPI error, error stack:
PMPI_Win_flush(139)..................: MPI_Win_flush(target_rank=0, win=0xa0000000) failed
MPID_Win_flush(294)..................:
MPIDIG_mpi_win_flush(615)............:
MPIDI_OFI_win_progress_fence_impl(65):
MPIDI_OFI_handle_cq_error(1310)......: OFI poll failed (ofi_events.c:1312:MPIDI_OFI_handle_cq_error:Input/output error - PTLTE_NOT_FOUND)

aborting job:
Fatal error in PMPI_Win_flush: Other MPI error, error stack:
PMPI_Win_flush(139)..................: MPI_Win_flush(target_rank=0, win=0xa0000000) failed
MPID_Win_flush(294)..................:
MPIDIG_mpi_win_flush(615)............:
MPIDI_OFI_win_progress_fence_impl(65):
MPIDI_OFI_handle_cq_error(1310)......: OFI poll failed (ofi_events.c:1312:MPIDI_OFI_handle_cq_error:Input/output error - PTLTE_NOT_FOUND)
aborting job:
Fatal error in PMPI_Win_flush: Other MPI error, error stack:
PMPI_Win_flush(139)..................: MPI_Win_flush(target_rank=0, win=0xa0000000) failed
MPID_Win_flush(294)..................:
MPIDIG_mpi_win_flush(615)............:
MPIDI_OFI_win_progress_fence_impl(65):
MPIDI_OFI_handle_cq_error(1310)......: OFI poll failed (ofi_events.c:1312:MPIDI_OFI_handle_cq_error:Input/output error - PTLTE_NOT_FOUND)
MPICH ERROR [Rank 369] [job id 5137469.119] [Sun Aug  2 01:55:13 2026] [frontier00828] - Abort(606226319) (rank 369 in comm 0): Fatal error in PMPI_Win_flush: Other MPI error, error stack:
PMPI_Win_flush(139)..................: MPI_Win_flush(target_rank=0, win=0xa0000000) failed
MPID_Win_flush(294)..................:
MPIDIG_mpi_win_flush(615)............:
MPIDI_OFI_win_progress_fence_impl(65):
MPIDI_OFI_handle_cq_error(1310)......: OFI poll failed (ofi_events.c:1312:MPIDI_OFI_handle_cq_error:Input/output error - PTLTE_NOT_FOUND)

aborting job:
Fatal error in PMPI_Win_flush: Other MPI error, error stack:
PMPI_Win_flush(139)..................: MPI_Win_flush(target_rank=0, win=0xa0000000) failed
MPID_Win_flush(294)..................:
MPIDIG_mpi_win_flush(615)............:
MPIDI_OFI_win_progress_fence_impl(65):
MPIDI_OFI_handle_cq_error(1310)......: OFI poll failed (ofi_events.c:1312:MPIDI_OFI_handle_cq_error:Input/output error - PTLTE_NOT_FOUND)
MPICH ERROR [Rank 655] [job id 5137469.119] [Sun Aug  2 01:55:13 2026] [frontier01450] - Abort(606226319) (rank 655 in comm 0): Fatal error in PMPI_Win_flush: Other MPI error, error stack:
PMPI_Win_flush(139)..................: MPI_Win_flush(target_rank=0, win=0xa0000000) failed
MPID_Win_flush(294)..................:
MPIDIG_mpi_win_flush(615)............:
MPIDI_OFI_win_progress_fence_impl(65):
MPIDI_OFI_handle_cq_error(1310)......: OFI poll failed (ofi_events.c:1312:MPIDI_OFI_handle_cq_error:Input/output error - PTLTE_NOT_FOUND)

aborting job:
Fatal error in PMPI_Win_flush: Other MPI error, error stack:
PMPI_Win_flush(139)..................: MPI_Win_flush(target_rank=0, win=0xa0000000) failed
MPID_Win_flush(294)..................:
MPIDIG_mpi_win_flush(615)............:
MPIDI_OFI_win_progress_fence_impl(65):
MPIDI_OFI_handle_cq_error(1310)......: OFI poll failed (ofi_events.c:1312:MPIDI_OFI_handle_cq_error:Input/output error - PTLTE_NOT_FOUND)
MPICH ERROR [Rank 403] [job id 5137469.119] [Sun Aug  2 01:55:13 2026] [frontier00973] - Abort(606226319) (rank 403 in comm 0): Fatal error in PMPI_Win_flush: Other MPI error, error stack:
PMPI_Win_flush(139)..................: MPI_Win_flush(target_rank=0, win=0xa0000000) failed
MPID_Win_flush(294)..................:
MPIDIG_mpi_win_flush(615)............:
MPIDI_OFI_win_progress_fence_impl(65):
MPIDI_OFI_handle_cq_error(1310)......: OFI poll failed (ofi_events.c:1312:MPIDI_OFI_handle_cq_error:Input/output error - PTLTE_NOT_FOUND)

aborting job:
Fatal error in PMPI_Win_flush: Other MPI error, error stack:
PMPI_Win_flush(139)..................: MPI_Win_flush(target_rank=0, win=0xa0000000) failed
MPID_Win_flush(294)..................:
MPIDIG_mpi_win_flush(615)............:
MPIDI_OFI_win_progress_fence_impl(65):
MPIDI_OFI_handle_cq_error(1310)......: OFI poll failed (ofi_events.c:1312:MPIDI_OFI_handle_cq_error:Input/output error - PTLTE_NOT_FOUND)
MPICH ERROR [Rank 744] [job id 5137469.119] [Sun Aug  2 01:55:13 2026] [frontier01701] - Abort(606226319) (rank 744 in comm 0): Fatal error in PMPI_Win_flush: Other MPI error, error stack:
PMPI_Win_flush(139)..................: MPI_Win_flush(target_rank=0, win=0xa0000000) failed
MPID_Win_flush(294)..................:
MPIDIG_mpi_win_flush(615)............:
MPIDI_OFI_win_progress_fence_impl(65):
MPIDI_OFI_handle_cq_error(1310)......: OFI poll failed (ofi_events.c:1312:MPIDI_OFI_handle_cq_error:Input/output error - PTLTE_NOT_FOUND)

aborting job:
Fatal error in PMPI_Win_flush: Other MPI error, error stack:
PMPI_Win_flush(139)..................: MPI_Win_flush(target_rank=0, win=0xa0000000) failed
MPID_Win_flush(294)..................:
MPIDIG_mpi_win_flush(615)............:
MPIDI_OFI_win_progress_fence_impl(65):
MPIDI_OFI_handle_cq_error(1310)......: OFI poll failed (ofi_events.c:1312:MPIDI_OFI_handle_cq_error:Input/output error - PTLTE_NOT_FOUND)
MPICH ERROR [Rank 666] [job id 5137469.119] [Sun Aug  2 01:55:13 2026] [frontier01450] - Abort(606226319) (rank 666 in comm 0): Fatal error in PMPI_Win_flush: Other MPI error, error stack:
PMPI_Win_flush(139)..................: MPI_Win_flush(target_rank=0, win=0xa0000000) failed
MPID_Win_flush(294)..................:
MPIDIG_mpi_win_flush(615)............:
MPIDI_OFI_win_progress_fence_impl(65):
MPIDI_OFI_handle_cq_error(1310)......: OFI poll failed (ofi_events.c:1312:MPIDI_OFI_handle_cq_error:Input/output error - PTLTE_NOT_FOUND)

aborting job:
Fatal error in PMPI_Win_flush: Other MPI error, error stack:
PMPI_Win_flush(139)..................: MPI_Win_flush(target_rank=0, win=0xa0000000) failed
MPID_Win_flush(294)..................:
MPIDIG_mpi_win_flush(615)............:
MPIDI_OFI_win_progress_fence_impl(65):
MPIDI_OFI_handle_cq_error(1310)......: OFI poll failed (ofi_events.c:1312:MPIDI_OFI_handle_cq_error:Input/output error - PTLTE_NOT_FOUND)
MPICH ERROR [Rank 767] [job id 5137469.119] [Sun Aug  2 01:55:13 2026] [frontier01701] - Abort(606226319) (rank 767 in comm 0): Fatal error in PMPI_Win_flush: Other MPI error, error stack:
PMPI_Win_flush(139)..................: MPI_Win_flush(target_rank=0, win=0xa0000000) failed
MPID_Win_flush(294)..................:
MPIDIG_mpi_win_flush(615)............:
MPIDI_OFI_win_progress_fence_impl(65):
MPIDI_OFI_handle_cq_error(1310)......: OFI poll failed (ofi_events.c:1312:MPIDI_OFI_handle_cq_error:Input/output error - PTLTE_NOT_FOUND)

aborting job:
Fatal error in PMPI_Win_flush: Other MPI error, error stack:
PMPI_Win_flush(139)..................: MPI_Win_flush(target_rank=0, win=0xa0000000) failed
MPID_Win_flush(294)..................:
MPIDIG_mpi_win_flush(615)............:
MPIDI_OFI_win_progress_fence_impl(65):
MPIDI_OFI_handle_cq_error(1310)......: OFI poll failed (ofi_events.c:1312:MPIDI_OFI_handle_cq_error:Input/output error - PTLTE_NOT_FOUND)
MPICH ERROR [Rank 386] [job id 5137469.119] [Sun Aug  2 01:55:13 2026] [frontier00828] - Abort(606226319) (rank 386 in comm 0): Fatal error in PMPI_Win_flush: Other MPI error, error stack:
PMPI_Win_flush(139)..................: MPI_Win_flush(target_rank=0, win=0xa0000000) failed
MPID_Win_flush(294)..................:
MPIDIG_mpi_win_flush(615)............:
MPIDI_OFI_win_progress_fence_impl(65):
MPIDI_OFI_handle_cq_error(1310)......: OFI poll failed (ofi_events.c:1312:MPIDI_OFI_handle_cq_error:Input/output error - PTLTE_NOT_FOUND)

aborting job:
Fatal error in PMPI_Win_flush: Other MPI error, error stack:
PMPI_Win_flush(139)..................: MPI_Win_flush(target_rank=0, win=0xa0000000) failed
MPID_Win_flush(294)..................:
MPIDIG_mpi_win_flush(615)............:
MPIDI_OFI_win_progress_fence_impl(65):
MPIDI_OFI_handle_cq_error(1310)......: OFI poll failed (ofi_events.c:1312:MPIDI_OFI_handle_cq_error:Input/output error - PTLTE_NOT_FOUND)
MPICH ERROR [Rank 741] [job id 5137469.119] [Sun Aug  2 01:55:13 2026] [frontier01701] - Abort(606226319) (rank 741 in comm 0): Fatal error in PMPI_Win_flush: Other MPI error, error stack:
PMPI_Win_flush(139)..................: MPI_Win_flush(target_rank=0, win=0xa0000000) failed
MPID_Win_flush(294)..................:
MPIDIG_mpi_win_flush(615)............:
MPIDI_OFI_win_progress_fence_impl(65):
MPIDI_OFI_handle_cq_error(1310)......: OFI poll failed (ofi_events.c:1312:MPIDI_OFI_handle_cq_error:Input/output error - PTLTE_NOT_FOUND)

aborting job:
Fatal error in PMPI_Win_flush: Other MPI error, error stack:
PMPI_Win_flush(139)..................: MPI_Win_flush(target_rank=0, win=0xa0000000) failed
MPID_Win_flush(294)..................:
MPIDIG_mpi_win_flush(615)............:
MPIDI_OFI_win_progress_fence_impl(65):
MPIDI_OFI_handle_cq_error(1310)......: OFI poll failed (ofi_events.c:1312:MPIDI_OFI_handle_cq_error:Input/output error - PTLTE_NOT_FOUND)
MPICH ERROR [Rank 837] [job id 5137469.119] [Sun Aug  2 01:55:13 2026] [frontier01882] - Abort(606226319) (rank 837 in comm 0): Fatal error in PMPI_Win_flush: Other MPI error, error stack:
PMPI_Win_flush(139)..................: MPI_Win_flush(target_rank=0, win=0xa0000000) failed
MPID_Win_flush(294)..................:
MPICH ERROR [Rank 600] [job id 5137469.119] [Sun Aug  2 01:55:13 2026] [frontier01313] - Abort(606226319) (rank 600 in comm 0): Fatal error in PMPI_Win_flush: Other MPI error, error stack:
PMPI_Win_flush(139)..................: MPI_Win_flush(target_rank=0, win=0xa0000000) failed
MPID_Win_flush(294)..................:
MPIDIG_mpi_win_flush(615)............:
MPIDI_OFI_win_progress_fence_impl(65):
MPIDI_OFI_handle_cq_error(1310)......: OFI poll failed (ofi_events.c:1312:MPIDI_OFI_handle_cq_error:Input/output error - PTLTE_NOT_FOUND)

aborting job:
Fatal error in PMPI_Win_flush: Other MPI error, error stack:
PMPI_Win_flush(139)..................: MPI_Win_flush(target_rank=0, win=0xa0000000) failed
MPID_Win_flush(294)..................:
MPIDIG_mpi_win_flush(615)............:
MPIDI_OFI_win_progress_fence_impl(65):
MPIDI_OFI_handle_cq_error(1310)......: OFI poll failed (ofi_events.c:1312:MPIDI_OFI_handle_cq_error:Input/output error - PTLTE_NOT_FOUND)
MPICH ERROR [Rank 509] [job id 5137469.119] [Sun Aug  2 01:55:13 2026] [frontier01210] - Abort(606226319) (rank 509 in comm 0): Fatal error in PMPI_Win_flush: Other MPI error, error stack:
PMPI_Win_flush(139)..................: MPI_Win_flush(target_rank=0, win=0xa0000000) failed
MPID_Win_flush(294)..................:
MPIDIG_mpi_win_flush(615)............:
MPIDI_OFI_win_progress_fence_impl(65):
MPIDI_OFI_handle_cq_error(1310)......: OFI poll failed (ofi_events.c:1312:MPIDI_OFI_handle_cq_error:Input/output error - PTLTE_NOT_FOUND)

aborting job:
Fatal error in PMPI_Win_flush: Other MPI error, error stack:
PMPI_Win_flush(139)..................: MPI_Win_flush(target_rank=0, win=0xa0000000) failed
MPID_Win_flush(294)..................:
MPIDIG_mpi_win_flush(615)............:
MPIDI_OFI_win_progress_fence_impl(65):
MPIDI_OFI_handle_cq_error(1310)......: OFI poll failed (ofi_events.c:1312:MPIDI_OFI_handle_cq_error:Input/output error - PTLTE_NOT_FOUND)
MPICH ERROR [Rank 734] [job id 5137469.119] [Sun Aug  2 01:55:13 2026] [frontier01701] - Abort(606226319) (rank 734 in comm 0): Fatal error in PMPI_Win_flush: Other MPI error, error stack:
PMPI_Win_flush(139)..................: MPI_Win_flush(target_rank=0, win=0xa0000000) failed
MPID_Win_flush(294)..................:
MPIDIG_mpi_win_flush(615)............:
MPIDI_OFI_win_progress_fence_impl(65):
MPIDI_OFI_handle_cq_error(1310)......: OFI poll failed (ofi_events.c:1312:MPIDI_OFI_handle_cq_error:Input/output error - PTLTE_NOT_FOUND)

aborting job:
Fatal error in PMPI_Win_flush: Other MPI error, error stack:
PMPI_Win_flush(139)..................: MPI_Win_flush(target_rank=0, win=0xa0000000) failed
MPID_Win_flush(294)..................:
MPIDIG_mpi_win_flush(615)............:
MPIDI_OFI_win_progress_fence_impl(65):
MPIDI_OFI_handle_cq_error(1310)......: OFI poll failed (ofi_events.c:1312:MPIDI_OFI_handle_cq_error:Input/output error - PTLTE_NOT_FOUND)
MPICH ERROR [Rank 322] [job id 5137469.119] [Sun Aug  2 01:55:13 2026] [frontier00669] - Abort(606226319) (rank 322 in comm 0): Fatal error in PMPI_Win_flush: Other MPI error, error stack:
PMPI_Win_flush(139)..................: MPI_Win_flush(target_rank=0, win=0xa0000000) failed
MPID_Win_flush(294)..................:
MPIDIG_mpi_win_flush(615)............:
MPIDI_OFI_win_progress_fence_impl(65):
MPIDI_OFI_handle_cq_error(1310)......: OFI poll failed (ofi_events.c:1312:MPIDI_OFI_handle_cq_error:Input/output error - PTLTE_NOT_FOUND)

aborting job:
Fatal error in PMPI_Win_flush: Other MPI error, error stack:
PMPI_Win_flush(139)..................: MPI_Win_flush(target_rank=0, win=0xa0000000) failed
MPID_Win_flush(294)..................:
MPIDIG_mpi_win_flush(615)............:
MPIDI_OFI_win_progress_fence_impl(65):
MPIDI_OFI_handle_cq_error(1310)......: OFI poll failed (ofi_events.c:1312:MPIDI_OFI_handle_cq_error:Input/output error - PTLTE_NOT_FOUND)
MPIDIG_mpi_win_flush(615)............:
MPIDI_OFI_win_progress_fence_impl(65):
MPIDI_OFI_handle_cq_error(1310)......: OFI poll failed (ofi_events.c:1312:MPIDI_OFI_handle_cq_error:Input/output error - PTLTE_NOT_FOUND)

aborting job:
Fatal error in PMPI_Win_flush: Other MPI error, error stack:
PMPI_Win_flush(139)..................: MPI_Win_flush(target_rank=0, win=0xa0000000) failed
MPID_Win_flush(294)..................:
MPIDIG_mpi_win_flush(615)............:
MPIDI_OFI_win_progress_fence_impl(65):
MPIDI_OFI_handle_cq_error(1310)......: OFI poll failed (ofi_events.c:1312:MPIDI_OFI_handle_cq_error:Input/output error - PTLTE_NOT_FOUND)
MPICH ERROR [Rank 255] [job id 5137469.119] [Sun Aug  2 01:55:13 2026] [frontier00549] - Abort(606226319) (rank 255 in comm 0): Fatal error in PMPI_Win_flush: Other MPI error, error stack:
PMPI_Win_flush(139)..................: MPI_Win_flush(target_rank=0, win=0xa0000000) failed
MPID_Win_flush(294)..................:
MPIDIG_mpi_win_flush(615)............:
MPIDI_OFI_win_progress_fence_impl(65):
MPIDI_OFI_handle_cq_error(1310)......: OFI poll failed (ofi_events.c:1312:MPIDI_OFI_handle_cq_error:Input/output error - PTLTE_NOT_FOUND)

aborting job:
Fatal error in PMPI_Win_flush: Other MPI error, error stack:
PMPI_Win_flush(139)..................: MPI_Win_flush(target_rank=0, win=0xa0000000) failed
MPID_Win_flush(294)..................:
MPIDIG_mpi_win_flush(615)............:
MPIDI_OFI_win_progress_fence_impl(65):
MPIDI_OFI_handle_cq_error(1310)......: OFI poll failed (ofi_events.c:1312:MPIDI_OFI_handle_cq_error:Input/output error - PTLTE_NOT_FOUND)
MPICH ERROR [Rank 592] [job id 5137469.119] [Sun Aug  2 01:55:13 2026] [frontier01313] - Abort(606226319) (rank 592 in comm 0): Fatal error in PMPI_Win_flush: Other MPI error, error stack:
PMPI_Win_flush(139)..................: MPI_Win_flush(target_rank=0, win=0xa0000000) failed
MPID_Win_flush(294)..................:
MPIDIG_mpi_win_flush(615)............:
MPIDI_OFI_win_progress_fence_impl(65):
MPIDI_OFI_handle_cq_error(1310)......: OFI poll failed (ofi_events.c:1312:MPIDI_OFI_handle_cq_error:Input/output error - PTLTE_NOT_FOUND)
MPICH ERROR [Rank 327] [job id 5137469.119] [Sun Aug  2 01:55:13 2026] [frontier00669] - Abort(606226319) (rank 327 in comm 0): Fatal error in PMPI_Win_flush: Other MPI error, error stack:
PMPI_Win_flush(139)..................: MPI_Win_flush(target_rank=0, win=0xa0000000) failed
MPID_Win_flush(294)..................:
MPIDIG_mpi_win_flush(615)............:
MPIDI_OFI_win_progress_fence_impl(65):
MPIDI_OFI_handle_cq_error(1310)......: OFI poll failed (ofi_events.c:1312:MPIDI_OFI_handle_cq_error:Input/output error - PTLTE_NOT_FOUND)

aborting job:
Fatal error in PMPI_Win_flush: Other MPI error, error stack:
PMPI_Win_flush(139)..................: MPI_Win_flush(target_rank=0, win=0xa0000000) failed
MPID_Win_flush(294)..................:
MPIDIG_mpi_win_flush(615)............:
MPIDI_OFI_win_progress_fence_impl(65):
MPIDI_OFI_handle_cq_error(1310)......: OFI poll failed (ofi_events.c:1312:MPIDI_OFI_handle_cq_error:Input/output error - PTLTE_NOT_FOUND)
MPICH ERROR [Rank 151] [job id 5137469.119] [Sun Aug  2 01:55:13 2026] [frontier00303] - Abort(606226319) (rank 151 in comm 0): Fatal error in PMPI_Win_flush: Other MPI error, error stack:
PMPI_Win_flush(139)..................: MPI_Win_flush(target_rank=0, win=0xa0000000) failed
MPID_Win_flush(294)..................:
MPIDIG_mpi_win_flush(615)............:
MPIDI_OFI_win_progress_fence_impl(65):
MPIDI_OFI_handle_cq_error(1310)......: OFI poll failed (ofi_events.c:1312:MPIDI_OFI_handle_cq_error:Input/output error - PTLTE_NOT_FOUND)

aborting job:
Fatal error in PMPI_Win_flush: Other MPI error, error stack:
PMPI_Win_flush(139)..................: MPI_Win_flush(target_rank=0, win=0xa0000000) failed
MPID_Win_flush(294)..................:
MPIDIG_mpi_win_flush(615)............:
MPIDI_OFI_win_progress_fence_impl(65):
MPIDI_OFI_handle_cq_error(1310)......: OFI poll failed (ofi_events.c:1312:MPIDI_OFI_handle_cq_error:Input/output error - PTLTE_NOT_FOUND)

aborting job:
Fatal error in PMPI_Win_flush: Other MPI error, error stack:
PMPI_Win_flush(139)..................: MPI_Win_flush(target_rank=0, win=0xa0000000) failed
MPID_Win_flush(294)..................:
MPIDIG_mpi_win_flush(615)............:
MPIDI_OFI_win_progress_fence_impl(65):
MPIDI_OFI_handle_cq_error(1310)......: OFI poll failed (ofi_events.c:1312:MPIDI_OFI_handle_cq_error:Input/output error - PTLTE_NOT_FOUND)
MPICH ERROR [Rank 853] [job id 5137469.119] [Sun Aug  2 01:55:13 2026] [frontier01951] - Abort(606226319) (rank 853 in comm 0): Fatal error in PMPI_Win_flush: Other MPI error, error stack:
PMPI_Win_flush(139)..................: MPI_Win_flush(target_rank=0, win=0xa0000000) failed
MPID_Win_flush(294)..................:
MPIDIG_mpi_win_flush(615)............:
MPIDI_OFI_win_progress_fence_impl(65):
MPIDI_OFI_handle_cq_error(1310)......: OFI poll failed (ofi_events.c:1312:MPIDI_OFI_handle_cq_error:Input/output error - PTLTE_NOT_FOUND)

MPICH ERROR [Rank 774] [job id 5137469.119] [Sun Aug  2 01:55:13 2026] [frontier01701] - Abort(606226319) (rank 774 in comm 0): Fatal error in PMPI_Win_flush: Other MPI error, error stack:
PMPI_Win_flush(139)..................: MPI_Win_flush(target_rank=0, win=0xa0000000) failed
MPID_Win_flush(294)..................:
MPIDIG_mpi_win_flush(615)............:
MPIDI_OFI_win_progress_fence_impl(65):
aborting job:
Fatal error in PMPI_Win_flush: Other MPI error, error stack:
PMPI_Win_flush(139)..................: MPI_Win_flush(target_rank=0, win=0xa0000000) failed
MPID_Win_flush(294)..................:
MPIDIG_mpi_win_flush(615)............:
MPIDI_OFI_win_progress_fence_impl(65):
MPIDI_OFI_handle_cq_error(1310)......: OFI poll failed (ofi_events.c:1312:MPIDI_OFI_handle_cq_error:Input/output error - PTLTE_NOT_FOUND)
MPIDI_OFI_handle_cq_error(1310)......: OFI poll failed (ofi_events.c:1312:MPIDI_OFI_handle_cq_error:Input/output error - PTLTE_NOT_FOUND)

aborting job:
Fatal error in PMPI_Win_flush: Other MPI error, error stack:
PMPI_Win_flush(139)..................: MPI_Win_flush(target_rank=0, win=0xa0000000) failed
MPID_Win_flush(294)..................:
MPIDIG_mpi_win_flush(615)............:
MPIDI_OFI_win_progress_fence_impl(65):
MPIDI_OFI_handle_cq_error(1310)......: OFI poll failed (ofi_events.c:1312:MPIDI_OFI_handle_cq_error:Input/output error - PTLTE_NOT_FOUND)
MPICH ERROR [Rank 570] [job id 5137469.119] [Sun Aug  2 01:55:13 2026] [frontier01313] - Abort(606226319) (rank 570 in comm 0): Fatal error in PMPI_Win_flush: Other MPI error, error stack:
PMPI_Win_flush(139)..................: MPI_Win_flush(target_rank=0, win=0xa0000000) failed
MPID_Win_flush(294)..................:
MPIDIG_mpi_win_flush(615)............:
MPIDI_OFI_win_progress_fence_impl(65):
MPIDI_OFI_handle_cq_error(1310)......: OFI poll failed (ofi_events.c:1312:MPIDI_OFI_handle_cq_error:Input/output error - PTLTE_NOT_FOUND)

aborting job:
Fatal error in PMPI_Win_flush: Other MPI error, error stack:
PMPI_Win_flush(139)..................: MPI_Win_flush(target_rank=0, win=0xa0000000) failed
MPID_Win_flush(294)..................:
MPIDIG_mpi_win_flush(615)............:
MPIDI_OFI_win_progress_fence_impl(65):
MPIDI_OFI_handle_cq_error(1310)......: OFI poll failed (ofi_events.c:1312:MPIDI_OFI_handle_cq_error:Input/output error - PTLTE_NOT_FOUND)
MPICH ERROR [Rank 742] [job id 5137469.119] [Sun Aug  2 01:55:13 2026] [frontier01701] - Abort(606226319) (rank 742 in comm 0): Fatal error in PMPI_Win_flush: Other MPI error, error stack:
MPICH ERROR [Rank 257] [job id 5137469.119] [Sun Aug  2 01:55:13 2026] [frontier00549] - Abort(606226319) (rank 257 in comm 0): Fatal error in PMPI_Win_flush: Other MPI error, error stack:
PMPI_Win_flush(139)..................: MPI_Win_flush(target_rank=0, win=0xa0000000) failed
MPID_Win_flush(294)..................:
MPIDIG_mpi_win_flush(615)............:
MPIDI_OFI_win_progress_fence_impl(65):
MPIDI_OFI_handle_cq_error(1310)......: OFI poll failed (ofi_events.c:1312:MPIDI_OFI_handle_cq_error:Input/output error - PTLTE_NOT_FOUND)

aborting job:
Fatal error in PMPI_Win_flush: Other MPI error, error stack:
PMPI_Win_flush(139)..................: MPI_Win_flush(target_rank=0, win=0xa0000000) failed
MPID_Win_flush(294)..................:
MPIDIG_mpi_win_flush(615)............:
MPIDI_OFI_win_progress_fence_impl(65):
MPIDI_OFI_handle_cq_error(1310)......: OFI poll failed (ofi_events.c:1312:MPIDI_OFI_handle_cq_error:Input/output error - PTLTE_NOT_FOUND)
PMPI_Win_flush(139)..................: MPI_Win_flush(target_rank=0, win=0xa0000000) failed
MPID_Win_flush(294)..................:
MPIDIG_mpi_win_flush(615)............:
MPIDI_OFI_win_progress_fence_impl(65):
MPIDI_OFI_handle_cq_error(1310)......: OFI poll failed (ofi_events.c:1312:MPIDI_OFI_handle_cq_error:Input/output error - PTLTE_NOT_FOUND)

aborting job:
Fatal error in PMPI_Win_flush: Other MPI error, error stack:
PMPI_Win_flush(139)..................: MPI_Win_flush(target_rank=0, win=0xa0000000) failed
MPID_Win_flush(294)..................:
MPIDIG_mpi_win_flush(615)............:
MPIDI_OFI_win_progress_fence_impl(65):
MPIDI_OFI_handle_cq_error(1310)......: OFI poll failed (ofi_events.c:1312:MPIDI_OFI_handle_cq_error:Input/output error - PTLTE_NOT_FOUND)
MPICH ERROR [Rank 608] [job id 5137469.119] [Sun Aug  2 01:55:13 2026] [frontier01313] - Abort(606226319) (rank 608 in comm 0): Fatal error in PMPI_Win_flush: Other MPI error, error stack:
PMPI_Win_flush(139)..................: MPI_Win_flush(target_rank=0, win=0xa0000000) failed
MPID_Win_flush(294)..................:
MPIDIG_mpi_win_flush(615)............:
MPIDI_OFI_win_progress_fence_impl(65):
MPIDI_OFI_handle_cq_error(1310)......: OFI poll failed (ofi_events.c:1312:MPIDI_OFI_handle_cq_error:Input/output error - PTLTE_NOT_FOUND)

aborting job:
Fatal error in PMPI_Win_flush: Other MPI error, error stack:
PMPI_Win_flush(139)..................: MPI_Win_flush(target_rank=0, win=0xa0000000) failed
MPID_Win_flush(294)..................:
MPIDIG_mpi_win_flush(615)............:
MPIDI_OFI_win_progress_fence_impl(65):
MPIDI_OFI_handle_cq_error(1310)......: OFI poll failed (ofi_events.c:1312:MPIDI_OFI_handle_cq_error:Input/output error - PTLTE_NOT_FOUND)
MPICH ERROR [Rank 122] [job id 5137469.119] [Sun Aug  2 01:55:13 2026] [frontier00303] - Abort(606226319) (rank 122 in comm 0): Fatal error in PMPI_Win_flush: Other MPI error, error stack:
PMPI_Win_flush(139)..................: MPI_Win_flush(target_rank=0, win=0xa0000000) failed
MPID_Win_flush(294)..................:
MPIDIG_mpi_win_flush(615)............:
MPIDI_OFI_win_progress_fence_impl(65):
MPIDI_OFI_handle_cq_error(1310)......: OFI poll failed (ofi_events.c:1312:MPIDI_OFI_handle_cq_error:Input/output error - PTLTE_NOT_FOUND)

aborting job:
Fatal error in PMPI_Win_flush: Other MPI error, error stack:
PMPI_Win_flush(139)..................: MPI_Win_flush(target_rank=0, win=0xa0000000) failed
MPID_Win_flush(294)..................:
MPIDIG_mpi_win_flush(615)............:
MPIDI_OFI_win_progress_fence_impl(65):
MPIDI_OFI_handle_cq_error(1310)......: OFI poll failed (ofi_events.c:1312:MPIDI_OFI_handle_cq_error:Input/output error - PTLTE_NOT_FOUND)
MPICH ERROR [Rank 621] [job id 5137469.119] [Sun Aug  2 01:55:13 2026] [frontier01450] - Abort(606226319) (rank 621 in comm 0): Fatal error in PMPI_Win_flush: Other MPI error, error stack:
PMPI_Win_flush(139)..................: MPI_Win_flush(target_rank=0, win=0xa0000000) failed
MPID_Win_flush(294)..................:
MPIDIG_mpi_win_flush(615)............:
MPIDI_OFI_win_progress_fence_impl(65):
MPIDI_OFI_handle_cq_error(1310)......: OFI poll failed (ofi_events.c:1312:MPIDI_OFI_handle_cq_error:Input/output error - PTLTE_NOT_FOUND)

aborting job:
Fatal error in PMPI_Win_flush: Other MPI error, error stack:
PMPI_Win_flush(139)..................: MPI_Win_flush(target_rank=0, win=0xa0000000) failed
MPID_Win_flush(294)..................:
MPIDIG_mpi_win_flush(615)............:
MPIDI_OFI_win_progress_fence_impl(65):
MPIDI_OFI_handle_cq_error(1310)......: OFI poll failed (ofi_events.c:1312:MPIDI_OFI_handle_cq_error:Input/output error - PTLTE_NOT_FOUND)
MPICH ERROR [Rank 780] [job id 5137469.119] [Sun Aug  2 01:55:13 2026] [frontier01701] - Abort(606226319) (rank 780 in comm 0): Fatal error in PMPI_Win_flush: Other MPI error, error stack:
PMPI_Win_flush(139)..................: MPI_Win_flush(target_rank=0, win=0xa0000000) failed
MPID_Win_flush(294)..................:
MPIDIG_mpi_win_flush(615)............:
MPIDI_OFI_win_progress_fence_impl(65):
MPIDI_OFI_handle_cq_error(1310)......: OFI poll failed (ofi_events.c:1312:MPIDI_OFI_handle_cq_error:Input/output error - PTLTE_NOT_FOUND)

aborting job:
Fatal error in PMPI_Win_flush: Other MPI error, error stack:
PMPI_Win_flush(139)..................: MPI_Win_flush(target_rank=0, win=0xa0000000) failed
MPID_Win_flush(294)..................:
MPIDIG_mpi_win_flush(615)............:
MPIDI_OFI_win_progress_fence_impl(65):
MPIDI_OFI_handle_cq_error(1310)......: OFI poll failed (ofi_events.c:1312:MPIDI_OFI_handle_cq_error:Input/output error - PTLTE_NOT_FOUND)
MPICH ERROR [Rank 820] [job id 5137469.119] [Sun Aug  2 01:55:13 2026] [frontier01882] - Abort(606226319) (rank 820 in comm 0): Fatal error in PMPI_Win_flush: Other MPI error, error stack:
PMPI_Win_flush(139)..................: MPI_Win_flush(target_rank=0, win=0xa0000000) failed
MPID_Win_flush(294)..................:
MPIDIG_mpi_win_flush(615)............:
MPIDI_OFI_win_progress_fence_impl(65):
MPIDI_OFI_handle_cq_error(1310)......: OFI poll failed (ofi_events.c:1312:MPIDI_OFI_handle_cq_error:Input/output error - PTLTE_NOT_FOUND)

aborting job:
Fatal error in PMPI_Win_flush: Other MPI error, error stack:
PMPI_Win_flush(139)..................: MPI_Win_flush(target_rank=0, win=0xa0000000) failed
MPID_Win_flush(294)..................:
MPIDIG_mpi_win_flush(615)............:
MPIDI_OFI_win_progress_fence_impl(65):
MPIDI_OFI_handle_cq_error(1310)......: OFI poll failed (ofi_events.c:1312:MPIDI_OFI_handle_cq_error:Input/output error - PTLTE_NOT_FOUND)
MPICH ERROR [Rank 816] [job id 5137469.119] [Sun Aug  2 01:55:13 2026] [frontier01882] - Abort(606226319) (rank 816 in comm 0): Fatal error in PMPI_Win_flush: Other MPI error, error stack:
PMPI_Win_flush(139)..................: MPI_Win_flush(target_rank=0, win=0xa0000000) failed
MPID_Win_flush(294)..................:
MPIDIG_mpi_win_flush(615)............:
MPIDI_OFI_win_progress_fence_impl(65):
MPIDI_OFI_handle_cq_error(1310)......: OFI poll failed (ofi_events.c:1312:MPIDI_OFI_handle_cq_error:Input/output error - PTLTE_NOT_FOUND)

aborting job:
Fatal error in PMPI_Win_flush: Other MPI error, error stack:
PMPI_Win_flush(139)..................: MPI_Win_flush(target_rank=0, win=0xa0000000) failed
MPID_Win_flush(294)..................:
MPIDIG_mpi_win_flush(615)............:
MPIDI_OFI_win_progress_fence_impl(65):
MPIDI_OFI_handle_cq_error(1310)......: OFI poll failed (ofi_events.c:1312:MPIDI_OFI_handle_cq_error:Input/output error - PTLTE_NOT_FOUND)
MPICH ERROR [Rank 598] [job id 5137469.119] [Sun Aug  2 01:55:13 2026] [frontier01313] - Abort(606226319) (rank 598 in comm 0): Fatal error in PMPI_Win_flush: Other MPI error, error stack:
PMPI_Win_flush(139)..................: MPI_Win_flush(target_rank=0, win=0xa0000000) failed
MPID_Win_flush(294)..................:
MPIDIG_mpi_win_flush(615)............:
MPIDI_OFI_win_progress_fence_impl(65):
MPIDI_OFI_handle_cq_error(1310)......: OFI poll failed (ofi_events.c:1312:MPIDI_OFI_handle_cq_error:Input/output error - PTLTE_NOT_FOUND)

aborting job:
Fatal error in PMPI_Win_flush: Other MPI error, error stack:
PMPI_Win_flush(139)..................: MPI_Win_flush(target_rank=0, win=0xa0000000) failed
MPID_Win_flush(294)..................:
MPIDIG_mpi_win_flush(615)............:
MPIDI_OFI_win_progress_fence_impl(65):
MPIDI_OFI_handle_cq_error(1310)......: OFI poll failed (ofi_events.c:1312:MPIDI_OFI_handle_cq_error:Input/output error - PTLTE_NOT_FOUND)
MPICH ERROR [Rank 195] [job id 5137469.119] [Sun Aug  2 01:55:13 2026] [frontier00435] - Abort(606226319) (rank 195 in comm 0): Fatal error in PMPI_Win_flush: Other MPI error, error stack:
PMPI_Win_flush(139)..................: MPI_Win_flush(target_rank=0, win=0xa0000000) failed
MPID_Win_flush(294)..................:
MPIDIG_mpi_win_flush(615)............:
MPIDI_OFI_win_progress_fence_impl(65):
MPIDI_OFI_handle_cq_error(1310)......: OFI poll failed (ofi_events.c:1312:MPIDI_OFI_handle_cq_error:Input/output error - PTLTE_NOT_FOUND)

aborting job:
Fatal error in PMPI_Win_flush: Other MPI error, error stack:
PMPI_Win_flush(139)..................: MPI_Win_flush(target_rank=0, win=0xa0000000) failed
MPID_Win_flush(294)..................:
MPIDIG_mpi_win_flush(615)............:
MPIDI_OFI_win_progress_fence_impl(65):
MPIDI_OFI_handle_cq_error(1310)......: OFI poll failed (ofi_events.c:1312:MPIDI_OFI_handle_cq_error:Input/output error - PTLTE_NOT_FOUND)
MPICH ERROR [Rank 772] [job id 5137469.119] [Sun Aug  2 01:55:13 2026] [frontier01701] - Abort(606226319) (rank 772 in comm 0): Fatal error in PMPI_Win_flush: Other MPI error, error stack:
PMPI_Win_flush(139)..................: MPI_Win_flush(target_rank=0, win=0xa0000000) failed
MPID_Win_flush(294)..................:
MPIDIG_mpi_win_flush(615)............:
MPIDI_OFI_win_progress_fence_impl(65):
MPIDI_OFI_handle_cq_error(1310)......: OFI poll failed (ofi_events.c:1312:MPIDI_OFI_handle_cq_error:Input/output error - PTLTE_NOT_FOUND)

MPICH ERROR [Rank 633] [job id 5137469.119] [Sun Aug  2 01:55:13 2026] [frontier01450] - Abort(606226319) (rank 633 in comm 0): Fatal error in PMPI_Win_flush: Other MPI error, error stack:
PMPI_Win_flush(139)..................: MPI_Win_flush(target_rank=0, win=0xa0000000) failed
MPID_Win_flush(294)..................:
MPIDIG_mpi_win_flush(615)............:
MPIDI_OFI_win_progress_fence_impl(65):
MPIDI_OFI_handle_cq_error(1310)......: OFI poll failed (ofi_events.c:1312:MPIDI_OFI_handle_cq_error:Input/output error - PTLTE_NOT_FOUND)

aborting job:
Fatal error in PMPI_Win_flush: Other MPI error, error stack:
PMPI_Win_flush(139)..................: MPI_Win_flush(target_rank=0, win=0xa0000000) failed
MPID_Win_flush(294)..................:
MPIDIG_mpi_win_flush(615)............:
MPIDI_OFI_win_progress_fence_impl(65):
MPIDI_OFI_handle_cq_error(1310)......: OFI poll failed (ofi_events.c:1312:MPIDI_OFI_handle_cq_error:Input/output error - PTLTE_NOT_FOUND)
MPICH ERROR [Rank 704] [job id 5137469.119] [Sun Aug  2 01:55:13 2026] [frontier01576] - Abort(606226319) (rank 704 in comm 0): Fatal error in PMPI_Win_flush: Other MPI error, error stack:
PMPI_Win_flush(139)..................: MPI_Win_flush(target_rank=0, win=0xa0000000) failed
MPID_Win_flush(294)..................:
MPIDIG_mpi_win_flush(615)............:
MPIDI_OFI_win_progress_fence_impl(65):
MPIDI_OFI_handle_cq_error(1310)......: OFI poll failed (ofi_events.c:1312:MPIDI_OFI_handle_cq_error:Input/output error - PTLTE_NOT_FOUND)

aborting job:
Fatal error in PMPI_Win_flush: Other MPI error, error stack:
PMPI_Win_flush(139)..................: MPI_Win_flush(target_rank=0, win=0xa0000000) failed
MPID_Win_flush(294)..................:
MPIDIG_mpi_win_flush(615)............:
MPIDI_OFI_win_progress_fence_impl(65):
MPIDI_OFI_handle_cq_error(1310)......: OFI poll failed (ofi_events.c:1312:MPIDI_OFI_handle_cq_error:Input/output error - PTLTE_NOT_FOUND)
aborting job:
Fatal error in PMPI_Win_flush: Other MPI error, error stack:
PMPI_Win_flush(139)..................: MPI_Win_flush(target_rank=0, win=0xa0000000) failed
MPID_Win_flush(294)..................:
MPIDIG_mpi_win_flush(615)............:
MPIDI_OFI_win_progress_fence_impl(65):
MPIDI_OFI_handle_cq_error(1310)......: OFI poll failed (ofi_events.c:1312:MPIDI_OFI_handle_cq_error:Input/output error - PTLTE_NOT_FOUND)
MPICH ERROR [Rank 81] [job id 5137469.119] [Sun Aug  2 01:55:13 2026] [frontier00169] - Abort(606226319) (rank 81 in comm 0): Fatal error in PMPI_Win_flush: Other MPI error, error stack:
PMPI_Win_flush(139)..................: MPI_Win_flush(target_rank=0, win=0xa0000000) failed
MPID_Win_flush(294)..................:
MPIDIG_mpi_win_flush(615)............:
MPIDI_OFI_win_progress_fence_impl(65):
MPIDI_OFI_handle_cq_error(1310)......: OFI poll failed (ofi_events.c:1312:MPIDI_OFI_handle_cq_error:Input/output error - PTLTE_NOT_FOUND)

aborting job:
Fatal error in PMPI_Win_flush: Other MPI error, error stack:
PMPI_Win_flush(139)..................: MPI_Win_flush(target_rank=0, win=0xa0000000) failed
MPID_Win_flush(294)..................:
MPIDIG_mpi_win_flush(615)............:
MPIDI_OFI_win_progress_fence_impl(65):
MPIDI_OFI_handle_cq_error(1310)......: OFI poll failed (ofi_events.c:1312:MPIDI_OFI_handle_cq_error:Input/output error - PTLTE_NOT_FOUND)
MPICH ERROR [Rank 210] [job id 5137469.119] [Sun Aug  2 01:55:13 2026] [frontier00435] - Abort(606226319) (rank 210 in comm 0): Fatal error in PMPI_Win_flush: Other MPI error, error stack:
PMPI_Win_flush(139)..................: MPI_Win_flush(target_rank=0, win=0xa0000000) failed
MPID_Win_flush(294)..................:
MPIDIG_mpi_win_flush(615)............:
MPIDI_OFI_win_progress_fence_impl(65):
MPIDI_OFI_handle_cq_error(1310)......: OFI poll failed (ofi_events.c:1312:MPIDI_OFI_handle_cq_error:Input/output error - PTLTE_NOT_FOUND)

aborting job:
Fatal error in PMPI_Win_flush: Other MPI error, error stack:
PMPI_Win_flush(139)..................: MPI_Win_flush(target_rank=0, win=0xa0000000) failed
MPID_Win_flush(294)..................:
MPIDIG_mpi_win_flush(615)............:
MPIDI_OFI_win_progress_fence_impl(65):
MPIDI_OFI_handle_cq_error(1310)......: OFI poll failed (ofi_events.c:1312:MPIDI_OFI_handle_cq_error:Input/output error - PTLTE_NOT_FOUND)
MPICH ERROR [Rank 285] [job id 5137469.119] [Sun Aug  2 01:55:13 2026] [frontier00669] - Abort(606226319) (rank 285 in comm 0): Fatal error in PMPI_Win_flush: Other MPI error, error stack:
PMPI_Win_flush(139)..................: MPI_Win_flush(target_rank=0, win=0xa0000000) failed
MPID_Win_flush(294)..................:
MPIDIG_mpi_win_flush(615)............:
MPIDI_OFI_win_progress_fence_impl(65):
MPIDI_OFI_handle_cq_error(1310)......: OFI poll failed (ofi_events.c:1312:MPIDI_OFI_handle_cq_error:Input/output error - PTLTE_NOT_FOUND)

aborting job:
Fatal error in PMPI_Win_flush: Other MPI error, error stack:
PMPI_Win_flush(139)..................: MPI_Win_flush(target_rank=0, win=0xa0000000) failed
MPID_Win_flush(294)..................:
MPIDIG_mpi_win_flush(615)............:
MPIDI_OFI_win_progress_fence_impl(65):
MPIDI_OFI_handle_cq_error(1310)......: OFI poll failed (ofi_events.c:1312:MPIDI_OFI_handle_cq_error:Input/output error - PTLTE_NOT_FOUND)
MPICH ERROR [Rank 719] [job id 5137469.119] [Sun Aug  2 01:55:13 2026] [frontier01576] - Abort(606226319) (rank 719 in comm 0): Fatal error in PMPI_Win_flush: Other MPI error, error stack:
PMPI_Win_flush(139)..................: MPI_Win_flush(target_rank=0, win=0xa0000000) failed
MPID_Win_flush(294)..................:
MPIDIG_mpi_win_flush(615)............:
MPIDI_OFI_win_progress_fence_impl(65):
MPIDI_OFI_handle_cq_error(1310)......: OFI poll failed (ofi_events.c:1312:MPIDI_OFI_handle_cq_error:Input/output error - PTLTE_NOT_FOUND)

aborting job:
Fatal error in PMPI_Win_flush: Other MPI error, error stack:
PMPI_Win_flush(139)..................: MPI_Win_flush(target_rank=0, win=0xa0000000) failed
MPID_Win_flush(294)..................:
MPIDIG_mpi_win_flush(615)............:
MPIDI_OFI_win_progress_fence_impl(65):
MPIDI_OFI_handle_cq_error(1310)......: OFI poll failed (ofi_events.c:1312:MPIDI_OFI_handle_cq_error:Input/output error - PTLTE_NOT_FOUND)
MPICH ERROR [Rank 158] [job id 5137469.119] [Sun Aug  2 01:55:13 2026] [frontier00303] - Abort(606226319) (rank 158 in comm 0): Fatal error in PMPI_Win_flush: Other MPI error, error stack:
PMPI_Win_flush(139)..................: MPI_Win_flush(target_rank=0, win=0xa0000000) failed
MPID_Win_flush(294)..................:
MPIDIG_mpi_win_flush(615)............:
MPIDI_OFI_win_progress_fence_impl(65):
MPIDI_OFI_handle_cq_error(1310)......: OFI poll failed (ofi_events.c:1312:MPIDI_OFI_handle_cq_error:Input/output error - PTLTE_NOT_FOUND)

aborting job:
Fatal error in PMPI_Win_flush: Other MPI error, error stack:
PMPI_Win_flush(139)..................: MPI_Win_flush(target_rank=0, win=0xa0000000) failed
MPID_Win_flush(294)..................:
MPIDIG_mpi_win_flush(615)............:
MPIDI_OFI_win_progress_fence_impl(65):
MPIDI_OFI_handle_cq_error(1310)......: OFI poll failed (ofi_events.c:1312:MPIDI_OFI_handle_cq_error:Input/output error - PTLTE_NOT_FOUND)
MPICH ERROR [Rank 504] [job id 5137469.119] [Sun Aug  2 01:55:13 2026] [frontier01210] - Abort(606226319) (rank 504 in comm 0): Fatal error in PMPI_Win_flush: Other MPI error, error stack:
PMPI_Win_flush(139)..................: MPI_Win_flush(target_rank=0, win=0xa0000000) failed
MPID_Win_flush(294)..................:
MPIDIG_mpi_win_flush(615)............:
MPIDI_OFI_win_progress_fence_impl(65):
MPIDI_OFI_handle_cq_error(1310)......: OFI poll failed (ofi_events.c:1312:MPIDI_OFI_handle_cq_error:Input/output error - PTLTE_NOT_FOUND)

aborting job:
Fatal error in PMPI_Win_flush: Other MPI error, error stack:
PMPI_Win_flush(139)..................: MPI_Win_flush(target_rank=0, win=0xa0000000) failed
MPID_Win_flush(294)..................:
MPIDIG_mpi_win_flush(615)............:
MPIDI_OFI_win_progress_fence_impl(65):
MPIDI_OFI_handle_cq_error(1310)......: OFI poll failed (ofi_events.c:1312:MPIDI_OFI_handle_cq_error:Input/output error - PTLTE_NOT_FOUND)
MPICH ERROR [Rank 221] [job id 5137469.119] [Sun Aug  2 01:55:13 2026] [frontier00435] - Abort(606226319) (rank 221 in comm 0): Fatal error in PMPI_Win_flush: Other MPI error, error stack:
PMPI_Win_flush(139)..................: MPI_Win_flush(target_rank=0, win=0xa0000000) failed
MPID_Win_flush(294)..................:
MPIDIG_mpi_win_flush(615)............:
MPIDI_OFI_win_progress_fence_impl(65):
MPIDI_OFI_handle_cq_error(1310)......: OFI poll failed (ofi_events.c:1312:MPIDI_OFI_handle_cq_error:Input/output error - PTLTE_NOT_FOUND)

aborting job:
Fatal error in PMPI_Win_flush: Other MPI error, error stack:
PMPI_Win_flush(139)..................: MPI_Win_flush(target_rank=0, win=0xa0000000) failed
MPID_Win_flush(294)..................:
MPIDIG_mpi_win_flush(615)............:
MPIDI_OFI_win_progress_fence_impl(65):
MPIDI_OFI_handle_cq_error(1310)......: OFI poll failed (ofi_events.c:1312:MPIDI_OFI_handle_cq_error:Input/output error - PTLTE_NOT_FOUND)
MPICH ERROR [Rank 764] [job id 5137469.119] [Sun Aug  2 01:55:13 2026] [frontier01701] - Abort(606226319) (rank 764 in comm 0): Fatal error in PMPI_Win_flush: Other MPI error, error stack:
MPICH ERROR [Rank 593] [job id 5137469.119] [Sun Aug  2 01:55:13 2026] [frontier01313] - Abort(606226319) (rank 593 in comm 0): Fatal error in PMPI_Win_flush: Other MPI error, error stack:
PMPI_Win_flush(139)..................: MPI_Win_flush(target_rank=0, win=0xa0000000) failed
MPID_Win_flush(294)..................:
MPIDIG_mpi_win_flush(615)............:
MPIDI_OFI_win_progress_fence_impl(65):
MPIDI_OFI_handle_cq_error(1310)......: OFI poll failed (ofi_events.c:1312:MPIDI_OFI_handle_cq_error:Input/output error - PTLTE_NOT_FOUND)

aborting job:
Fatal error in PMPI_Win_flush: Other MPI error, error stack:
PMPI_Win_flush(139)..................: MPI_Win_flush(target_rank=0, win=0xa0000000) failed
MPID_Win_flush(294)..................:
MPIDIG_mpi_win_flush(615)............:
MPIDI_OFI_win_progress_fence_impl(65):
MPIDI_OFI_handle_cq_error(1310)......: OFI poll failed (ofi_events.c:1312:MPIDI_OFI_handle_cq_error:Input/output error - PTLTE_NOT_FOUND)
MPICH ERROR [Rank 848] [job id 5137469.119] [Sun Aug  2 01:55:13 2026] [frontier01951] - Abort(606226319) (rank 848 in comm 0): Fatal error in PMPI_Win_flush: Other MPI error, error stack:
PMPI_Win_flush(139)..................: MPI_Win_flush(target_rank=0, win=0xa0000000) failed
MPID_Win_flush(294)..................:
MPIDIG_mpi_win_flush(615)............:
MPIDI_OFI_win_progress_fence_impl(65):
MPIDI_OFI_handle_cq_error(1310)......: OFI poll failed (ofi_events.c:1312:MPIDI_OFI_handle_cq_error:Input/output error - PTLTE_NOT_FOUND)

aborting job:
Fatal error in PMPI_Win_flush: Other MPI error, error stack:
PMPI_Win_flush(139)..................: MPI_Win_flush(target_rank=0, win=0xa0000000) failed
MPID_Win_flush(294)..................:
MPIDIG_mpi_win_flush(615)............:
MPIDI_OFI_win_progress_fence_impl(65):
MPIDI_OFI_handle_cq_error(1310)......: OFI poll failed (ofi_events.c:1312:MPIDI_OFI_handle_cq_error:Input/output error - PTLTE_NOT_FOUND)
PMPI_Win_flush(139)..................: MPI_Win_flush(target_rank=0, win=0xa0000000) failed
MPID_Win_flush(294)..................:
MPIDIG_mpi_win_flush(615)............:
MPIDI_OFI_win_progress_fence_impl(65):
MPIDI_OFI_handle_cq_error(1310)......: OFI poll failed (ofi_events.c:1312:MPIDI_OFI_handle_cq_error:Input/output error - PTLTE_NOT_FOUND)

aborting job:
Fatal error in PMPI_Win_flush: Other MPI error, error stack:
PMPI_Win_flush(139)..................: MPI_Win_flush(target_rank=0, win=0xa0000000) failed
MPID_Win_flush(294)..................:
MPIDIG_mpi_win_flush(615)............:
MPIDI_OFI_win_progress_fence_impl(65):
MPIDI_OFI_handle_cq_error(1310)......: OFI poll failed (ofi_events.c:1312:MPIDI_OFI_handle_cq_error:Input/output error - PTLTE_NOT_FOUND)
MPICH ERROR [Rank 834] [job id 5137469.119] [Sun Aug  2 01:55:13 2026] [frontier01882] - Abort(606226319) (rank 834 in comm 0): Fatal error in PMPI_Win_flush: Other MPI error, error stack:
PMPI_Win_flush(139)..................: MPI_Win_flush(target_rank=0, win=0xa0000000) failed
MPID_Win_flush(294)..................:
MPIDIG_mpi_win_flush(615)............:
MPIDI_OFI_win_progress_fence_impl(65):
MPIDI_OFI_handle_cq_error(1310)......: OFI poll failed (ofi_events.c:1312:MPIDI_OFI_handle_cq_error:Input/output error - PTLTE_NOT_FOUND)

aborting job:
Fatal error in PMPI_Win_flush: Other MPI error, error stack:
PMPI_Win_flush(139)..................: MPI_Win_flush(target_rank=0, win=0xa0000000) failed
MPID_Win_flush(294)..................:
MPIDIG_mpi_win_flush(615)............:
MPIDI_OFI_win_progress_fence_impl(65):
MPIDI_OFI_handle_cq_error(1310)......: OFI poll failed (ofi_events.c:1312:MPIDI_OFI_handle_cq_error:Input/output error - PTLTE_NOT_FOUND)
MPICH ERROR [Rank 237] [job id 5137469.119] [Sun Aug  2 01:55:13 2026] [frontier00549] - Abort(606226319) (rank 237 in comm 0): Fatal error in PMPI_Win_flush: Other MPI error, error stack:
PMPI_Win_flush(139)..................: MPI_Win_flush(target_rank=0, win=0xa0000000) failed
MPID_Win_flush(294)..................:
MPIDIG_mpi_win_flush(615)............:
MPIDI_OFI_win_progress_fence_impl(65):
MPIDI_OFI_handle_cq_error(1310)......: OFI poll failed (ofi_events.c:1312:MPIDI_OFI_handle_cq_error:Input/output error - PTLTE_NOT_FOUND)

aborting job:
Fatal error in PMPI_Win_flush: Other MPI error, error stack:
PMPI_Win_flush(139)..................: MPI_Win_flush(target_rank=0, win=0xa0000000) failed
MPID_Win_flush(294)..................:
MPIDIG_mpi_win_flush(615)............:
MPIDI_OFI_win_progress_fence_impl(65):
MPIDI_OFI_handle_cq_error(1310)......: OFI poll failed (ofi_events.c:1312:MPIDI_OFI_handle_cq_error:Input/output error - PTLTE_NOT_FOUND)
MPICH ERROR [Rank 819] [job id 5137469.119] [Sun Aug  2 01:55:13 2026] [frontier01882] - Abort(606226319) (rank 819 in comm 0): Fatal error in PMPI_Win_flush: Other MPI error, error stack:
PMPI_Win_flush(139)..................: MPI_Win_flush(target_rank=0, win=0xa0000000) failed
MPID_Win_flush(294)..................:
MPIDIG_mpi_win_flush(615)............:
MPIDI_OFI_win_progress_fence_impl(65):
MPIDI_OFI_handle_cq_error(1310)......: OFI poll failed (ofi_events.c:1312:MPIDI_OFI_handle_cq_error:Input/output error - PTLTE_NOT_FOUND)

aborting job:
Fatal error in PMPI_Win_flush: Other MPI error, error stack:
PMPI_Win_flush(139)..................: MPI_Win_flush(target_rank=0, win=0xa0000000) failed
MPID_Win_flush(294)..................:
MPIDIG_mpi_win_flush(615)............:
MPIDI_OFI_win_progress_fence_impl(65):
MPIDI_OFI_handle_cq_error(1310)......: OFI poll failed (ofi_events.c:1312:MPIDI_OFI_handle_cq_error:Input/output error - PTLTE_NOT_FOUND)
MPICH ERROR [Rank 571] [job id 5137469.119] [Sun Aug  2 01:55:13 2026] [frontier01313] - Abort(606226319) (rank 571 in comm 0): Fatal error in PMPI_Win_flush: Other MPI error, error stack:
PMPI_Win_flush(139)..................: MPI_Win_flush(target_rank=0, win=0xa0000000) failed
MPID_Win_flush(294)..................:
MPIDIG_mpi_win_flush(615)............:
MPIDI_OFI_win_progress_fence_impl(65):
MPIDI_OFI_handle_cq_error(1310)......: OFI poll failed (ofi_events.c:1312:MPIDI_OFI_handle_cq_error:Input/output error - PTLTE_NOT_FOUND)

aborting job:
Fatal error in PMPI_Win_flush: Other MPI error, error stack:
PMPI_Win_flush(139)..................: MPI_Win_flush(target_rank=0, win=0xa0000000) failed
MPID_Win_flush(294)..................:
MPIDIG_mpi_win_flush(615)............:
MPIDI_OFI_win_progress_fence_impl(65):
MPIDI_OFI_handle_cq_error(1310)......: OFI poll failed (ofi_events.c:1312:MPIDI_OFI_handle_cq_error:Input/output error - PTLTE_NOT_FOUND)
MPICH ERROR [Rank 229] [job id 5137469.119] [Sun Aug  2 01:55:13 2026] [frontier00549] - Abort(606226319) (rank 229 in comm 0): Fatal error in PMPI_Win_flush: Other MPI error, error stack:
PMPI_Win_flush(139)..................: MPI_Win_flush(target_rank=0, win=0xa0000000) failed
MPID_Win_flush(294)..................:
MPIDIG_mpi_win_flush(615)............:
MPIDI_OFI_win_progress_fence_impl(65):
MPIDI_OFI_handle_cq_error(1310)......: OFI poll failed (ofi_events.c:1312:MPIDI_OFI_handle_cq_error:Input/output error - PTLTE_NOT_FOUND)

aborting job:
Fatal error in PMPI_Win_flush: Other MPI error, error stack:
PMPI_Win_flush(139)..................: MPI_Win_flush(target_rank=0, win=0xa0000000) failed
MPID_Win_flush(294)..................:
MPIDIG_mpi_win_flush(615)............:
MPIDI_OFI_win_progress_fence_impl(65):
MPIDI_OFI_handle_cq_error(1310)......: OFI poll failed (ofi_events.c:1312:MPIDI_OFI_handle_cq_error:Input/output error - PTLTE_NOT_FOUND)
MPICH ERROR [Rank 176] [job id 5137469.119] [Sun Aug  2 01:55:13 2026] [frontier00435] - Abort(606226319) (rank 176 in comm 0): Fatal error in PMPI_Win_flush: Other MPI error, error stack:
PMPI_Win_flush(139)..................: MPI_Win_flush(target_rank=0, win=0xa0000000) failed
MPID_Win_flush(294)..................:
MPIDIG_mpi_win_flush(615)............:
MPIDI_OFI_win_progress_fence_impl(65):
MPIDI_OFI_handle_cq_error(1310)......: OFI poll failed (ofi_events.c:1312:MPIDI_OFI_handle_cq_error:Input/output error - PTLTE_NOT_FOUND)

aborting job:
Fatal error in PMPI_Win_flush: Other MPI error, error stack:
PMPI_Win_flush(139)..................: MPI_Win_flush(target_rank=0, win=0xa0000000) failed
MPID_Win_flush(294)..................:
MPIDIG_mpi_win_flush(615)............:
MPIDI_OFI_win_progress_fence_impl(65):
MPIDI_OFI_handle_cq_error(1310)......: OFI poll failed (ofi_events.c:1312:MPIDI_OFI_handle_cq_error:Input/output error - PTLTE_NOT_FOUND)
MPICH ERROR [Rank 683] [job id 5137469.119] [Sun Aug  2 01:55:13 2026] [frontier01576] - Abort(606226319) (rank 683 in comm 0): Fatal error in PMPI_Win_flush: Other MPI error, error stack:
PMPI_Win_flush(139)..................: MPI_Win_flush(target_rank=0, win=0xa0000000) failed
MPID_Win_flush(294)..................:
MPIDIG_mpi_win_flush(615)............:
MPIDI_OFI_win_progress_fence_impl(65):
MPIDI_OFI_handle_cq_error(1310)......: OFI poll failed (ofi_events.c:1312:MPIDI_OFI_handle_cq_error:Input/output error - PTLTE_NOT_FOUND)

aborting job:
Fatal error in PMPI_Win_flush: Other MPI error, error stack:
PMPI_Win_flush(139)..................: MPI_Win_flush(target_rank=0, win=0xa0000000) failed
MPID_Win_flush(294)..................:
MPIDIG_mpi_win_flush(615)............:
MPIDI_OFI_win_progress_fence_impl(65):
MPIDI_OFI_handle_cq_error(1310)......: OFI poll failed (ofi_events.c:1312:MPIDI_OFI_handle_cq_error:Input/output error - PTLTE_NOT_FOUND)
MPICH ERROR [Rank 756] [job id 5137469.119] [Sun Aug  2 01:55:13 2026] [frontier01701] - Abort(606226319) (rank 756 in comm 0): Fatal error in PMPI_Win_flush: Other MPI error, error stack:
PMPI_Win_flush(139)..................: MPI_Win_flush(target_rank=0, win=0xa0000000) failed
MPID_Win_flush(294)..................:
MPIDIG_mpi_win_flush(615)............:
MPIDI_OFI_win_progress_fence_impl(65):
MPIDI_OFI_handle_cq_error(1310)......: OFI poll failed (ofi_events.c:1312:MPIDI_OFI_handle_cq_error:Input/output error - PTLTE_NOT_FOUND)

aborting job:
Fatal error in PMPI_Win_flush: Other MPI error, error stack:
PMPI_Win_flush(139)..................: MPI_Win_flush(target_rank=0, win=0xa0000000) failed
MPID_Win_flush(294)..................:
MPIDIG_mpi_win_flush(615)............:
MPIDI_OFI_win_progress_fence_impl(65):
MPIDI_OFI_handle_cq_error(1310)......: OFI poll failed (ofi_events.c:1312:MPIDI_OFI_handle_cq_error:Input/output error - PTLTE_NOT_FOUND)
MPICH ERROR [Rank 835] [job id 5137469.119] [Sun Aug  2 01:55:13 2026] [frontier01882] - Abort(606226319) (rank 835 in comm 0): Fatal error in PMPI_Win_flush: Other MPI error, error stack:
PMPI_Win_flush(139)..................: MPI_Win_flush(target_rank=0, win=0xa0000000) failed
MPID_Win_flush(294)..................:
MPIDIG_mpi_win_flush(615)............:
MPIDI_OFI_win_progress_fence_impl(65):
MPIDI_OFI_handle_cq_error(1310)......: OFI poll failed (ofi_events.c:1312:MPIDI_OFI_handle_cq_error:Input/output error - PTLTE_NOT_FOUND)

aborting job:
Fatal error in PMPI_Win_flush: Other MPI error, error stack:
MPICH ERROR [Rank 879] [job id 5137469.119] [Sun Aug  2 01:55:13 2026] [frontier01951] - Abort(606226319) (rank 879 in comm 0): Fatal error in PMPI_Win_flush: Other MPI error, error stack:
PMPI_Win_flush(139)..................: MPI_Win_flush(target_rank=0, win=0xa0000000) failed
MPID_Win_flush(294)..................:
MPIDIG_mpi_win_flush(615)............:
MPIDI_OFI_win_progress_fence_impl(65):
MPIDI_OFI_handle_cq_error(1310)......: OFI poll failed (ofi_events.c:1312:MPIDI_OFI_handle_cq_error:Input/output error - PTLTE_NOT_FOUND)

aborting job:
Fatal error in PMPI_Win_flush: Other MPI error, error stack:
PMPI_Win_flush(139)..................: MPI_Win_flush(target_rank=0, win=0xa0000000) failed
MPID_Win_flush(294)..................:
MPIDIG_mpi_win_flush(615)............:
MPIDI_OFI_win_progress_fence_impl(65):
MPIDI_OFI_handle_cq_error(1310)......: OFI poll failed (ofi_events.c:1312:MPIDI_OFI_handle_cq_error:Input/output error - PTLTE_NOT_FOUND)
MPICH ERROR [Rank 224] [job id 5137469.119] [Sun Aug  2 01:55:13 2026] [frontier00549] - Abort(606226319) (rank 224 in comm 0): Fatal error in PMPI_Win_flush: Other MPI error, error stack:
PMPI_Win_flush(139)..................: MPI_Win_flush(target_rank=0, win=0xa0000000) failed
MPID_Win_flush(294)..................:
MPIDIG_mpi_win_flush(615)............:
MPIDI_OFI_win_progress_fence_impl(65):
MPIDI_OFI_handle_cq_error(1310)......: OFI poll failed (ofi_events.c:1312:MPIDI_OFI_handle_cq_error:Input/output error - PTLTE_NOT_FOUND)

aborting job:
Fatal error in PMPI_Win_flush: Other MPI error, error stack:
PMPI_Win_flush(139)..................: MPI_Win_flush(target_rank=0, win=0xa0000000) failed
MPID_Win_flush(294)..................:
MPIDIG_mpi_win_flush(615)............:
MPIDI_OFI_win_progress_fence_impl(65):
MPIDI_OFI_handle_cq_error(1310)......: OFI poll failed (ofi_events.c:1312:MPIDI_OFI_handle_cq_error:Input/output error - PTLTE_NOT_FOUND)
MPICH ERROR [Rank 766] [job id 5137469.119] [Sun Aug  2 01:55:13 2026] [frontier01701] - Abort(606226319) (rank 766 in comm 0): Fatal error in PMPI_Win_flush: Other MPI error, error stack:
PMPI_Win_flush(139)..................: MPI_Win_flush(target_rank=0, win=0xa0000000) failed
MPID_Win_flush(294)..................:
MPIDIG_mpi_win_flush(615)............:
MPIDI_OFI_win_progress_fence_impl(65):
MPIDI_OFI_handle_cq_error(1310)......: OFI poll failed (ofi_events.c:1312:MPIDI_OFI_handle_cq_error:Input/output error - PTLTE_NOT_FOUND)

aborting job:
Fatal error in PMPI_Win_flush: Other MPI error, error stack:
PMPI_Win_flush(139)..................: MPI_Win_flush(target_rank=0, win=0xa0000000) failed
MPID_Win_flush(294)..................:
MPIDIG_mpi_win_flush(615)............:
MPIDI_OFI_win_progress_fence_impl(65):
MPIDI_OFI_handle_cq_error(1310)......: OFI poll failed (ofi_events.c:1312:MPIDI_OFI_handle_cq_error:Input/output error - PTLTE_NOT_FOUND)
PMPI_Win_flush(139)..................: MPI_Win_flush(target_rank=0, win=0xa0000000) failed
MPID_Win_flush(294)..................:
MPIDIG_mpi_win_flush(615)............:
MPIDI_OFI_win_progress_fence_impl(65):
MPIDI_OFI_handle_cq_error(1310)......: OFI poll failed (ofi_events.c:1312:MPIDI_OFI_handle_cq_error:Input/output error - PTLTE_NOT_FOUND)
MPICH ERROR [Rank 521] [job id 5137469.119] [Sun Aug  2 01:55:13 2026] [frontier01210] - Abort(606226319) (rank 521 in comm 0): Fatal error in PMPI_Win_flush: Other MPI error, error stack:
PMPI_Win_flush(139)..................: MPI_Win_flush(target_rank=0, win=0xa0000000) failed
MPID_Win_flush(294)..................:
MPIDIG_mpi_win_flush(615)............:
MPIDI_OFI_win_progress_fence_impl(65):
MPIDI_OFI_handle_cq_error(1310)......: OFI poll failed (ofi_events.c:1312:MPIDI_OFI_handle_cq_error:Input/output error - PTLTE_NOT_FOUND)

aborting job:
Fatal error in PMPI_Win_flush: Other MPI error, error stack:
PMPI_Win_flush(139)..................: MPI_Win_flush(target_rank=0, win=0xa0000000) failed
MPID_Win_flush(294)..................:
MPIDIG_mpi_win_flush(615)............:
MPIDI_OFI_win_progress_fence_impl(65):
MPIDI_OFI_handle_cq_error(1310)......: OFI poll failed (ofi_events.c:1312:MPIDI_OFI_handle_cq_error:Input/output error - PTLTE_NOT_FOUND)
MPICH ERROR [Rank 306] [job id 5137469.119] [Sun Aug  2 01:55:13 2026] [frontier00669] - Abort(606226319) (rank 306 in comm 0): Fatal error in PMPI_Win_flush: Other MPI error, error stack:
PMPI_Win_flush(139)..................: MPI_Win_flush(target_rank=0, win=0xa0000000) failed
MPID_Win_flush(294)..................:
MPIDIG_mpi_win_flush(615)............:
MPIDI_OFI_win_progress_fence_impl(65):
MPIDI_OFI_handle_cq_error(1310)......: OFI poll failed (ofi_events.c:1312:MPIDI_OFI_handle_cq_error:Input/output error - PTLTE_NOT_FOUND)

aborting job:
Fatal error in PMPI_Win_flush: Other MPI error, error stack:
PMPI_Win_flush(139)..................: MPI_Win_flush(target_rank=0, win=0xa0000000) failed
MPID_Win_flush(294)..................:
MPIDIG_mpi_win_flush(615)............:
MPIDI_OFI_win_progress_fence_impl(65):
MPIDI_OFI_handle_cq_error(1310)......: OFI poll failed (ofi_events.c:1312:MPIDI_OFI_handle_cq_error:Input/output error - PTLTE_NOT_FOUND)
MPICH ERROR [Rank 261] [job id 5137469.119] [Sun Aug  2 01:55:13 2026] [frontier00549] - Abort(606226319) (rank 261 in comm 0): Fatal error in PMPI_Win_flush: Other MPI error, error stack:
PMPI_Win_flush(139)..................: MPI_Win_flush(target_rank=0, win=0xa0000000) failed
MPID_Win_flush(294)..................:
MPIDIG_mpi_win_flush(615)............:
MPIDI_OFI_win_progress_fence_impl(65):
MPIDI_OFI_handle_cq_error(1310)......: OFI poll failed (ofi_events.c:1312:MPIDI_OFI_handle_cq_error:Input/output error - PTLTE_NOT_FOUND)

aborting job:
Fatal error in PMPI_Win_flush: Other MPI error, error stack:
PMPI_Win_flush(139)..................: MPI_Win_flush(target_rank=0, win=0xa0000000) failed
MPID_Win_flush(294)..................:
MPIDIG_mpi_win_flush(615)............:
MPIDI_OFI_win_progress_fence_impl(65):
MPIDI_OFI_handle_cq_error(1310)......: OFI poll failed (ofi_events.c:1312:MPIDI_OFI_handle_cq_error:Input/output error - PTLTE_NOT_FOUND)
MPICH ERROR [Rank 189] [job id 5137469.119] [Sun Aug  2 01:55:13 2026] [frontier00435] - Abort(606226319) (rank 189 in comm 0): Fatal error in PMPI_Win_flush: Other MPI error, error stack:
PMPI_Win_flush(139)..................: MPI_Win_flush(target_rank=0, win=0xa0000000) failed
MPID_Win_flush(294)..................:
MPIDIG_mpi_win_flush(615)............:
MPIDI_OFI_win_progress_fence_impl(65):
MPIDI_OFI_handle_cq_error(1310)......: OFI poll failed (ofi_events.c:1312:MPIDI_OFI_handle_cq_error:Input/output error - PTLTE_NOT_FOUND)

aborting job:
Fatal error in PMPI_Win_flush: Other MPI error, error stack:
PMPI_Win_flush(139)..................: MPI_Win_flush(target_rank=0, win=0xa0000000) failed
MPID_Win_flush(294)..................:
MPIDIG_mpi_win_flush(615)............:
MPIDI_OFI_win_progress_fence_impl(65):
MPIDI_OFI_handle_cq_error(1310)......: OFI poll failed (ofi_events.c:1312:MPIDI_OFI_handle_cq_error:Input/output error - PTLTE_NOT_FOUND)
MPICH ERROR [Rank 254] [job id 5137469.119] [Sun Aug  2 01:55:13 2026] [frontier00549] - Abort(606226319) (rank 254 in comm 0): Fatal error in PMPI_Win_flush: Other MPI error, error stack:
PMPI_Win_flush(139)..................: MPI_Win_flush(target_rank=0, win=0xa0000000) failed
MPID_Win_flush(294)..................:
MPIDIG_mpi_win_flush(615)............:
MPIDI_OFI_win_progress_fence_impl(65):
MPIDI_OFI_handle_cq_error(1310)......: OFI poll failed (ofi_events.c:1312:MPIDI_OFI_handle_cq_error:Input/output error - PTLTE_NOT_FOUND)

aborting job:
Fatal error in PMPI_Win_flush: Other MPI error, error stack:
PMPI_Win_flush(139)..................: MPI_Win_flush(target_rank=0, win=0xa0000000) failed
MPID_Win_flush(294)..................:
MPIDIG_mpi_win_flush(615)............:
MPIDI_OFI_win_progress_fence_impl(65):
MPIDI_OFI_handle_cq_error(1310)......: OFI poll failed (ofi_events.c:1312:MPIDI_OFI_handle_cq_error:Input/output error - PTLTE_NOT_FOUND)
MPICH ERROR [Rank 87] [job id 5137469.119] [Sun Aug  2 01:55:13 2026] [frontier00169] - Abort(606226319) (rank 87 in comm 0): Fatal error in PMPI_Win_flush: Other MPI error, error stack:
PMPI_Win_flush(139)..................: MPI_Win_flush(target_rank=0, win=0xa0000000) failed
MPID_Win_flush(294)..................:
MPIDIG_mpi_win_flush(615)............:
MPIDI_OFI_win_progress_fence_impl(65):
MPIDI_OFI_handle_cq_error(1310)......: OFI poll failed (ofi_events.c:1312:MPIDI_OFI_handle_cq_error:Input/output error - PTLTE_NOT_FOUND)

aborting job:
Fatal error in PMPI_Win_flush: Other MPI error, error stack:
PMPI_Win_flush(139)..................: MPI_Win_flush(target_rank=0, win=0xa0000000) failed
MPID_Win_flush(294)..................:
MPIDIG_mpi_win_flush(615)............:
MPIDI_OFI_win_progress_fence_impl(65):
MPIDI_OFI_handle_cq_error(1310)......: OFI poll failed (ofi_events.c:1312:MPIDI_OFI_handle_cq_error:Input/output error - PTLTE_NOT_FOUND)
MPICH ERROR [Rank 792] [job id 5137469.119] [Sun Aug  2 01:55:13 2026] [frontier01882] - Abort(606226319) (rank 792 in comm 0): Fatal error in PMPI_Win_flush: Other MPI error, error stack:
PMPI_Win_flush(139)..................: MPI_Win_flush(target_rank=0, win=0xa0000000) failed
MPID_Win_flush(294)..................:
MPIDIG_mpi_win_flush(615)............:
MPIDI_OFI_win_progress_fence_impl(65):
MPIDI_OFI_handle_cq_error(1310)......: OFI poll failed (ofi_events.c:1312:MPIDI_OFI_handle_cq_error:Input/output error - PTLTE_NOT_FOUND)

aborting job:
Fatal error in PMPI_Win_flush: Other MPI error, error stack:
PMPI_Win_flush(139)..................: MPI_Win_flush(target_rank=0, win=0xa0000000) failed
MPID_Win_flush(294)..................:
MPIDIG_mpi_win_flush(615)............:
MPIDI_OFI_win_progress_fence_impl(65):
MPIDI_OFI_handle_cq_error(1310)......: OFI poll failed (ofi_events.c:1312:MPIDI_OFI_handle_cq_error:Input/output error - PTLTE_NOT_FOUND)
MPICH ERROR [Rank 692] [job id 5137469.119] [Sun Aug  2 01:55:13 2026] [frontier01576] - Abort(606226319) (rank 692 in comm 0): Fatal error in PMPI_Win_flush: Other MPI error, error stack:
PMPI_Win_flush(139)..................: MPI_Win_flush(target_rank=0, win=0xa0000000) failed
MPID_Win_flush(294)..................:
MPIDIG_mpi_win_flush(615)............:
MPIDI_OFI_win_progress_fence_impl(65):
MPIDI_OFI_handle_cq_error(1310)......: OFI poll failed (ofi_events.c:1312:MPIDI_OFI_handle_cq_error:Input/output error - PTLTE_NOT_FOUND)

aborting job:
Fatal error in PMPI_Win_flush: Other MPI error, error stack:
PMPI_Win_flush(139)..................: MPI_Win_flush(target_rank=0, win=0xa0000000) failed
MPID_Win_flush(294)..................:
MPIDIG_mpi_win_flush(615)............:
MPIDI_OFI_win_progress_fence_impl(65):
MPIDI_OFI_handle_cq_error(1310)......: OFI poll failed (ofi_events.c:1312:MPIDI_OFI_handle_cq_error:Input/output error - PTLTE_NOT_FOUND)
MPICH ERROR [Rank 778] [job id 5137469.119] [Sun Aug  2 01:55:13 2026] [frontier01701] - Abort(606226319) (rank 778 in comm 0): Fatal error in PMPI_Win_flush: Other MPI error, error stack:
PMPI_Win_flush(139)..................: MPI_Win_flush(target_rank=0, win=0xa0000000) failed
MPID_Win_flush(294)..................:
MPIDIG_mpi_win_flush(615)............:
MPIDI_OFI_win_progress_fence_impl(65):
MPIDI_OFI_handle_cq_error(1310)......: OFI poll failed (ofi_events.c:1312:MPIDI_OFI_handle_cq_error:Input/output error - PTLTE_NOT_FOUND)

aborting job:
Fatal error in PMPI_Win_flush: Other MPI error, error stack:
PMPI_Win_flush(139)..................: MPI_Win_flush(target_rank=0, win=0xa0000000) failed
MPID_Win_flush(294)..................:
MPIDIG_mpi_win_flush(615)............:
MPIDI_OFI_win_progress_fence_impl(65):
MPIDI_OFI_handle_cq_error(1310)......: OFI poll failed (ofi_events.c:1312:MPIDI_OFI_handle_cq_error:Input/output error - PTLTE_NOT_FOUND)
MPICH ERROR [Rank 736] [job id 5137469.119] [Sun Aug  2 01:55:13 2026] [frontier01701] - Abort(606226319) (rank 736 in comm 0): Fatal error in PMPI_Win_flush: Other MPI error, error stack:
PMPI_Win_flush(139)..................: MPI_Win_flush(target_rank=0, win=0xa0000000) failed
MPID_Win_flush(294)..................:
MPIDIG_mpi_win_flush(615)............:
MPIDI_OFI_win_progress_fence_impl(65):
MPIDI_OFI_handle_cq_error(1310)......: OFI poll failed (ofi_events.c:1312:MPIDI_OFI_handle_cq_error:Input/output error - PTLTE_NOT_FOUND)

aborting job:
Fatal error in PMPI_Win_flush: Other MPI error, error stack:
PMPI_Win_flush(139)..................: MPI_Win_flush(target_rank=0, win=0xa0000000) failed
MPID_Win_flush(294)..................:
MPIDIG_mpi_win_flush(615)............:
MPIDI_OFI_win_progress_fence_impl(65):
MPIDI_OFI_handle_cq_error(1310)......: OFI poll failed (ofi_events.c:1312:MPIDI_OFI_handle_cq_error:Input/output error - PTLTE_NOT_FOUND)
MPICH ERROR [Rank 525] [job id 5137469.119] [Sun Aug  2 01:55:13 2026] [frontier01210] - Abort(606226319) (rank 525 in comm 0): Fatal error in PMPI_Win_flush: Other MPI error, error stack:
PMPI_Win_flush(139)..................: MPI_Win_flush(target_rank=0, win=0xa0000000) failed
MPID_Win_flush(294)..................:
MPIDIG_mpi_win_flush(615)............:
MPIDI_OFI_win_progress_fence_impl(65):
MPIDI_OFI_handle_cq_error(1310)......: OFI poll failed (ofi_events.c:1312:MPIDI_OFI_handle_cq_error:Input/output error - PTLTE_NOT_FOUND)

aborting job:
Fatal error in PMPI_Win_flush: Other MPI error, error stack:
PMPI_Win_flush(139)..................: MPI_Win_flush(target_rank=0, win=0xa0000000) failed
MPID_Win_flush(294)..................:
MPIDIG_mpi_win_flush(615)............:
MPIDI_OFI_win_progress_fence_impl(65):
MPIDI_OFI_handle_cq_error(1310)......: OFI poll failed (ofi_events.c:1312:MPIDI_OFI_handle_cq_error:Input/output error - PTLTE_NOT_FOUND)
MPICH ERROR [Rank 530] [job id 5137469.119] [Sun Aug  2 01:55:13 2026] [frontier01210] - Abort(606226319) (rank 530 in comm 0): Fatal error in PMPI_Win_flush: Other MPI error, error stack:
PMPI_Win_flush(139)..................: MPI_Win_flush(target_rank=0, win=0xa0000000) failed
MPID_Win_flush(294)..................:
MPIDIG_mpi_win_flush(615)............:
MPIDI_OFI_win_progress_fence_impl(65):
MPIDI_OFI_handle_cq_error(1310)......: OFI poll failed (ofi_events.c:1312:MPIDI_OFI_handle_cq_error:Input/output error - PTLTE_NOT_FOUND)

aborting job:
Fatal error in PMPI_Win_flush: Other MPI error, error stack:
PMPI_Win_flush(139)..................: MPI_Win_flush(target_rank=0, win=0xa0000000) failed
MPID_Win_flush(294)..................:
MPIDIG_mpi_win_flush(615)............:
MPIDI_OFI_win_progress_fence_impl(65):
MPIDI_OFI_handle_cq_error(1310)......: OFI poll failed (ofi_events.c:1312:MPIDI_OFI_handle_cq_error:Input/output error - PTLTE_NOT_FOUND)
MPICH ERROR [Rank 626] [job id 5137469.119] [Sun Aug  2 01:55:13 2026] [frontier01450] - Abort(606226319) (rank 626 in comm 0): Fatal error in PMPI_Win_flush: Other MPI error, error stack:
PMPI_Win_flush(139)..................: MPI_Win_flush(target_rank=0, win=0xa0000000) failed
MPID_Win_flush(294)..................:
MPIDIG_mpi_win_flush(615)............:
MPIDI_OFI_win_progress_fence_impl(65):
MPIDI_OFI_handle_cq_error(1310)......: OFI poll failed (ofi_events.c:1312:MPIDI_OFI_handle_cq_error:Input/output error - PTLTE_NOT_FOUND)

aborting job:
Fatal error in PMPI_Win_flush: Other MPI error, error stack:
PMPI_Win_flush(139)..................: MPI_Win_flush(target_rank=0, win=0xa0000000) failed
MPID_Win_flush(294)..................:
MPIDIG_mpi_win_flush(615)............:
MPIDI_OFI_win_progress_fence_impl(65):
MPIDI_OFI_handle_cq_error(1310)......: OFI poll failed (ofi_events.c:1312:MPIDI_OFI_handle_cq_error:Input/output error - PTLTE_NOT_FOUND)
MPICH ERROR [Rank 830] [job id 5137469.119] [Sun Aug  2 01:55:13 2026] [frontier01882] - Abort(606226319) (rank 830 in comm 0): Fatal error in PMPI_Win_flush: Other MPI error, error stack:
PMPI_Win_flush(139)..................: MPI_Win_flush(target_rank=0, win=0xa0000000) failed
MPID_Win_flush(294)..................:
MPIDIG_mpi_win_flush(615)............:
MPIDI_OFI_win_progress_fence_impl(65):
MPIDI_OFI_handle_cq_error(1310)......: OFI poll failed (ofi_events.c:1312:MPIDI_OFI_handle_cq_error:Input/output error - PTLTE_NOT_FOUND)

aborting job:
Fatal error in PMPI_Win_flush: Other MPI error, error stack:
PMPI_Win_flush(139)..................: MPI_Win_flush(target_rank=0, win=0xa0000000) failed
MPID_Win_flush(294)..................:
MPIDIG_mpi_win_flush(615)............:
MPIDI_OFI_win_progress_fence_impl(65):
MPIDI_OFI_handle_cq_error(1310)......: OFI poll failed (ofi_events.c:1312:MPIDI_OFI_handle_cq_error:Input/output error - PTLTE_NOT_FOUND)
MPICH ERROR [Rank 436] [job id 5137469.119] [Sun Aug  2 01:55:13 2026] [frontier00973] - Abort(606226319) (rank 436 in comm 0): Fatal error in PMPI_Win_flush: Other MPI error, error stack:
PMPI_Win_flush(139)..................: MPI_Win_flush(target_rank=0, win=0xa0000000) failed
MPID_Win_flush(294)..................:
MPIDIG_mpi_win_flush(615)............:
MPIDI_OFI_win_progress_fence_impl(65):
MPIDI_OFI_handle_cq_error(1310)......: OFI poll failed (ofi_events.c:1312:MPIDI_OFI_handle_cq_error:Input/output error - PTLTE_NOT_FOUND)

aborting job:
Fatal error in PMPI_Win_flush: Other MPI error, error stack:
PMPI_Win_flush(139)..................: MPI_Win_flush(target_rank=0, win=0xa0000000) failed
MPID_Win_flush(294)..................:
MPIDIG_mpi_win_flush(615)............:
MPIDI_OFI_win_progress_fence_impl(65):
MPIDI_OFI_handle_cq_error(1310)......: OFI poll failed (ofi_events.c:1312:MPIDI_OFI_handle_cq_error:Input/output error - PTLTE_NOT_FOUND)
MPICH ERROR [Rank 376] [job id 5137469.119] [Sun Aug  2 01:55:13 2026] [frontier00828] - Abort(606226319) (rank 376 in comm 0): Fatal error in PMPI_Win_flush: Other MPI error, error stack:
PMPI_Win_flush(139)..................: MPI_Win_flush(target_rank=0, win=0xa0000000) failed
MPID_Win_flush(294)..................:
MPIDIG_mpi_win_flush(615)............:
MPIDI_OFI_win_progress_fence_impl(65):
MPIDI_OFI_handle_cq_error(1310)......: OFI poll failed (ofi_events.c:1312:MPIDI_OFI_handle_cq_error:Input/output error - PTLTE_NOT_FOUND)

aborting job:
Fatal error in PMPI_Win_flush: Other MPI error, error stack:
PMPI_Win_flush(139)..................: MPI_Win_flush(target_rank=0, win=0xa0000000) failed
MPID_Win_flush(294)..................:
MPIDIG_mpi_win_flush(615)............:
MPIDI_OFI_win_progress_fence_impl(65):
MPIDI_OFI_handle_cq_error(1310)......: OFI poll failed (ofi_events.c:1312:MPIDI_OFI_handle_cq_error:Input/output error - PTLTE_NOT_FOUND)
MPICH ERROR [Rank 599] [job id 5137469.119] [Sun Aug  2 01:55:13 2026] [frontier01313] - Abort(606226319) (rank 599 in comm 0): Fatal error in PMPI_Win_flush: Other MPI error, error stack:
PMPI_Win_flush(139)..................: MPI_Win_flush(target_rank=0, win=0xa0000000) failed
MPID_Win_flush(294)..................:
MPIDIG_mpi_win_flush(615)............:
MPIDI_OFI_win_progress_fence_impl(65):
MPIDI_OFI_handle_cq_error(1310)......: OFI poll failed (ofi_events.c:1312:MPIDI_OFI_handle_cq_error:Input/output error - PTLTE_NOT_FOUND)

aborting job:
Fatal error in PMPI_Win_flush: Other MPI error, error stack:
PMPI_Win_flush(139)..................: MPI_Win_flush(target_rank=0, win=0xa0000000) failed
MPID_Win_flush(294)..................:
MPIDIG_mpi_win_flush(615)............:
MPIDI_OFI_win_progress_fence_impl(65):
MPIDI_OFI_handle_cq_error(1310)......: OFI poll failed (ofi_events.c:1312:MPIDI_OFI_handle_cq_error:Input/output error - PTLTE_NOT_FOUND)
MPICH ERROR [Rank 378] [job id 5137469.119] [Sun Aug  2 01:55:13 2026] [frontier00828] - Abort(606226319) (rank 378 in comm 0): Fatal error in PMPI_Win_flush: Other MPI error, error stack:
PMPI_Win_flush(139)..................: MPI_Win_flush(target_rank=0, win=0xa0000000) failed
MPID_Win_flush(294)..................:
MPIDIG_mpi_win_flush(615)............:
MPIDI_OFI_win_progress_fence_impl(65):
MPIDI_OFI_handle_cq_error(1310)......: OFI poll failed (ofi_events.c:1312:MPIDI_OFI_handle_cq_error:Input/output error - PTLTE_NOT_FOUND)

aborting job:
Fatal error in PMPI_Win_flush: Other MPI error, error stack:
PMPI_Win_flush(139)..................: MPI_Win_flush(target_rank=0, win=0xa0000000) failed
MPID_Win_flush(294)..................:
MPIDIG_mpi_win_flush(615)............:
MPIDI_OFI_win_progress_fence_impl(65):
MPIDI_OFI_handle_cq_error(1310)......: OFI poll failed (ofi_events.c:1312:MPIDI_OFI_handle_cq_error:Input/output error - PTLTE_NOT_FOUND)
MPICH ERROR [Rank 405] [job id 5137469.119] [Sun Aug  2 01:55:13 2026] [frontier00973] - Abort(606226319) (rank 405 in comm 0): Fatal error in PMPI_Win_flush: Other MPI error, error stack:
PMPI_Win_flush(139)..................: MPI_Win_flush(target_rank=0, win=0xa0000000) failed
MPID_Win_flush(294)..................:
MPIDIG_mpi_win_flush(615)............:
MPIDI_OFI_win_progress_fence_impl(65):
MPIDI_OFI_handle_cq_error(1310)......: OFI poll failed (ofi_events.c:1312:MPIDI_OFI_handle_cq_error:Input/output error - PTLTE_NOT_FOUND)

aborting job:
Fatal error in PMPI_Win_flush: Other MPI error, error stack:
PMPI_Win_flush(139)..................: MPI_Win_flush(target_rank=0, win=0xa0000000) failed
MPID_Win_flush(294)..................:
MPIDIG_mpi_win_flush(615)............:
MPIDI_OFI_win_progress_fence_impl(65):
MPIDI_OFI_handle_cq_error(1310)......: OFI poll failed (ofi_events.c:1312:MPIDI_OFI_handle_cq_error:Input/output error - PTLTE_NOT_FOUND)
MPICH ERROR [Rank 889] [job id 5137469.119] [Sun Aug  2 01:55:13 2026] [frontier01951] - Abort(606226319) (rank 889 in comm 0): Fatal error in PMPI_Win_flush: Other MPI error, error stack:
PMPI_Win_flush(139)..................: MPI_Win_flush(target_rank=0, win=0xa0000000) failed
MPID_Win_flush(294)..................:
MPIDIG_mpi_win_flush(615)............:
MPIDI_OFI_win_progress_fence_impl(65):
MPIDI_OFI_handle_cq_error(1310)......: OFI poll failed (ofi_events.c:1312:MPIDI_OFI_handle_cq_error:Input/output error - PTLTE_NOT_FOUND)

aborting job:
Fatal error in PMPI_Win_flush: Other MPI error, error stack:
PMPI_Win_flush(139)..................: MPI_Win_flush(target_rank=0, win=0xa0000000) failed
MPID_Win_flush(294)..................:
MPIDIG_mpi_win_flush(615)............:
MPIDI_OFI_win_progress_fence_impl(65):
MPIDI_OFI_handle_cq_error(1310)......: OFI poll failed (ofi_events.c:1312:MPIDI_OFI_handle_cq_error:Input/output error - PTLTE_NOT_FOUND)
MPICH ERROR [Rank 505] [job id 5137469.119] [Sun Aug  2 01:55:13 2026] [frontier01210] - Abort(606226319) (rank 505 in comm 0): Fatal error in PMPI_Win_flush: Other MPI error, error stack:
PMPI_Win_flush(139)..................: MPI_Win_flush(target_rank=0, win=0xa0000000) failed
MPID_Win_flush(294)..................:
MPIDIG_mpi_win_flush(615)............:
MPIDI_OFI_win_progress_fence_impl(65):
MPIDI_OFI_handle_cq_error(1310)......: OFI poll failed (ofi_events.c:1312:MPIDI_OFI_handle_cq_error:Input/output error - PTLTE_NOT_FOUND)

aborting job:
Fatal error in PMPI_Win_flush: Other MPI error, error stack:
PMPI_Win_flush(139)..................: MPI_Win_flush(target_rank=0, win=0xa0000000) failed
MPID_Win_flush(294)..................:
MPIDIG_mpi_win_flush(615)............:
MPIDI_OFI_win_progress_fence_impl(65):
MPIDI_OFI_handle_cq_error(1310)......: OFI poll failed (ofi_events.c:1312:MPIDI_OFI_handle_cq_error:Input/output error - PTLTE_NOT_FOUND)
MPICH ERROR [Rank 197] [job id 5137469.119] [Sun Aug  2 01:55:13 2026] [frontier00435] - Abort(606226319) (rank 197 in comm 0): Fatal error in PMPI_Win_flush: Other MPI error, error stack:
PMPI_Win_flush(139)..................: MPI_Win_flush(target_rank=0, win=0xa0000000) failed
MPID_Win_flush(294)..................:
MPICH ERROR [Rank 244] [job id 5137469.119] [Sun Aug  2 01:55:13 2026] [frontier00549] - Abort(606226319) (rank 244 in comm 0): Fatal error in PMPI_Win_flush: Other MPI error, error stack:
PMPI_Win_flush(139)..................: MPI_Win_flush(target_rank=0, win=0xa0000000) failed
MPID_Win_flush(294)..................:
MPIDIG_mpi_win_flush(615)............:
MPIDI_OFI_win_progress_fence_impl(65):
MPIDI_OFI_handle_cq_error(1310)......: OFI poll failed (ofi_events.c:1312:MPIDI_OFI_handle_cq_error:Input/output error - PTLTE_NOT_FOUND)

aborting job:
Fatal error in PMPI_Win_flush: Other MPI error, error stack:
PMPI_Win_flush(139)..................: MPI_Win_flush(target_rank=0, win=0xa0000000) failed
MPID_Win_flush(294)..................:
MPIDIG_mpi_win_flush(615)............:
MPIDI_OFI_win_progress_fence_impl(65):
MPIDI_OFI_handle_cq_error(1310)......: OFI poll failed (ofi_events.c:1312:MPIDI_OFI_handle_cq_error:Input/output error - PTLTE_NOT_FOUND)
MPICH ERROR [Rank 883] [job id 5137469.119] [Sun Aug  2 01:55:13 2026] [frontier01951] - Abort(606226319) (rank 883 in comm 0): Fatal error in PMPI_Win_flush: Other MPI error, error stack:
PMPI_Win_flush(139)..................: MPI_Win_flush(target_rank=0, win=0xa0000000) failed
MPID_Win_flush(294)..................:
MPIDIG_mpi_win_flush(615)............:
MPIDI_OFI_win_progress_fence_impl(65):
MPIDI_OFI_handle_cq_error(1310)......: OFI poll failed (ofi_events.c:1312:MPIDI_OFI_handle_cq_error:Input/output error - PTLTE_NOT_FOUND)

aborting job:
Fatal error in PMPI_Win_flush: Other MPI error, error stack:
PMPI_Win_flush(139)..................: MPI_Win_flush(target_rank=0, win=0xa0000000) failed
MPID_Win_flush(294)..................:
MPIDIG_mpi_win_flush(615)............:
MPIDI_OFI_win_progress_fence_impl(65):
MPIDI_OFI_handle_cq_error(1310)......: OFI poll failed (ofi_events.c:1312:MPIDI_OFI_handle_cq_error:Input/output error - PTLTE_NOT_FOUND)
MPICH ERROR [Rank 662] [job id 5137469.119] [Sun Aug  2 01:55:13 2026] [frontier01450] - Abort(606226319) (rank 662 in comm 0): Fatal error in PMPI_Win_flush: Other MPI error, error stack:
PMPI_Win_flush(139)..................: MPI_Win_flush(target_rank=0, win=0xa0000000) failed
MPID_Win_flush(294)..................:
MPIDIG_mpi_win_flush(615)............:
MPIDI_OFI_win_progress_fence_impl(65):
MPIDI_OFI_handle_cq_error(1310)......: OFI poll failed (ofi_events.c:1312:MPIDI_OFI_handle_cq_error:Input/output error - PTLTE_NOT_FOUND)

aborting job:
Fatal error in PMPI_Win_flush: Other MPI error, error stack:
PMPI_Win_flush(139)..................: MPI_Win_flush(target_rank=0, win=0xa0000000) failed
MPID_Win_flush(294)..................:
MPIDIG_mpi_win_flush(615)............:
MPIDI_OFI_win_progress_fence_impl(65):
MPIDI_OFI_handle_cq_error(1310)......: OFI poll failed (ofi_events.c:1312:MPIDI_OFI_handle_cq_error:Input/output error - PTLTE_NOT_FOUND)
MPIDIG_mpi_win_flush(615)............:
MPIDI_OFI_win_progress_fence_impl(65):
MPIDI_OFI_handle_cq_error(1310)......: OFI poll failed (ofi_events.c:1312:MPIDI_OFI_handle_cq_error:Input/output error - PTLTE_NOT_FOUND)

aborting job:
Fatal error in PMPI_Win_flush: Other MPI error, error stack:
PMPI_Win_flush(139)..................: MPI_Win_flush(target_rank=0, win=0xa0000000) failed
MPID_Win_flush(294)..................:
MPIDIG_mpi_win_flush(615)............:
MPIDI_OFI_win_progress_fence_impl(65):
MPIDI_OFI_handle_cq_error(1310)......: OFI poll failed (ofi_events.c:1312:MPIDI_OFI_handle_cq_error:Input/output error - PTLTE_NOT_FOUND)
MPICH ERROR [Rank 330] [job id 5137469.119] [Sun Aug  2 01:55:13 2026] [frontier00669] - Abort(606226319) (rank 330 in comm 0): Fatal error in PMPI_Win_flush: Other MPI error, error stack:
PMPI_Win_flush(139)..................: MPI_Win_flush(target_rank=0, win=0xa0000000) failed
MPID_Win_flush(294)..................:
MPIDIG_mpi_win_flush(615)............:
MPIDI_OFI_win_progress_fence_impl(65):
MPIDI_OFI_handle_cq_error(1310)......: OFI poll failed (ofi_events.c:1312:MPIDI_OFI_handle_cq_error:Input/output error - PTLTE_NOT_FOUND)

aborting job:
Fatal error in PMPI_Win_flush: Other MPI error, error stack:
PMPI_Win_flush(139)..................: MPI_Win_flush(target_rank=0, win=0xa0000000) failed
MPID_Win_flush(294)..................:
MPIDIG_mpi_win_flush(615)............:
MPIDI_OFI_win_progress_fence_impl(65):
MPIDI_OFI_handle_cq_error(1310)......: OFI poll failed (ofi_events.c:1312:MPIDI_OFI_handle_cq_error:Input/output error - PTLTE_NOT_FOUND)
MPICH ERROR [Rank 857] [job id 5137469.119] [Sun Aug  2 01:55:13 2026] [frontier01951] - Abort(606226319) (rank 857 in comm 0): Fatal error in PMPI_Win_flush: Other MPI error, error stack:
PMPI_Win_flush(139)..................: MPI_Win_flush(target_rank=0, win=0xa0000000) failed
MPID_Win_flush(294)..................:
MPIDIG_mpi_win_flush(615)............:
MPIDI_OFI_win_progress_fence_impl(65):
MPIDI_OFI_handle_cq_error(1310)......: OFI poll failed (ofi_events.c:1312:MPIDI_OFI_handle_cq_error:Input/output error - PTLTE_NOT_FOUND)

aborting job:
Fatal error in PMPI_Win_flush: Other MPI error, error stack:
PMPI_Win_flush(139)..................: MPI_Win_flush(target_rank=0, win=0xa0000000) failed
MPID_Win_flush(294)..................:
MPIDIG_mpi_win_flush(615)............:
MPIDI_OFI_win_progress_fence_impl(65):
MPIDI_OFI_handle_cq_error(1310)......: OFI poll failed (ofi_events.c:1312:MPIDI_OFI_handle_cq_error:Input/output error - PTLTE_NOT_FOUND)
MPICH ERROR [Rank 79] [job id 5137469.119] [Sun Aug  2 01:55:13 2026] [frontier00169] - Abort(606226319) (rank 79 in comm 0): Fatal error in PMPI_Win_flush: Other MPI error, error stack:
PMPI_Win_flush(139)..................: MPI_Win_flush(target_rank=0, win=0xa0000000) failed
MPID_Win_flush(294)..................:
MPIDIG_mpi_win_flush(615)............:
MPIDI_OFI_win_progress_fence_impl(65):
MPIDI_OFI_handle_cq_error(1310)......: OFI poll failed (ofi_events.c:1312:MPIDI_OFI_handle_cq_error:Input/output error - PTLTE_NOT_FOUND)

aborting job:
Fatal error in PMPI_Win_flush: Other MPI error, error stack:
PMPI_Win_flush(139)..................: MPI_Win_flush(target_rank=0, win=0xa0000000) failed
MPID_Win_flush(294)..................:
MPIDIG_mpi_win_flush(615)............:
MPIDI_OFI_win_progress_fence_impl(65):
MPIDI_OFI_handle_cq_error(1310)......: OFI poll failed (ofi_events.c:1312:MPIDI_OFI_handle_cq_error:Input/output error - PTLTE_NOT_FOUND)
MPICH ERROR [Rank 406] [job id 5137469.119] [Sun Aug  2 01:55:13 2026] [frontier00973] - Abort(606226319) (rank 406 in comm 0): Fatal error in PMPI_Win_flush: Other MPI error, error stack:
PMPI_Win_flush(139)..................: MPI_Win_flush(target_rank=0, win=0xa0000000) failed
MPID_Win_flush(294)..................:
MPIDIG_mpi_win_flush(615)............:
MPIDI_OFI_win_progress_fence_impl(65):
MPIDI_OFI_handle_cq_error(1310)......: OFI poll failed (ofi_events.c:1312:MPIDI_OFI_handle_cq_error:Input/output error - PTLTE_NOT_FOUND)

aborting job:
Fatal error in PMPI_Win_flush: Other MPI error, error stack:
PMPI_Win_flush(139)..................: MPI_Win_flush(target_rank=0, win=0xa0000000) failed
MPID_Win_flush(294)..................:
MPIDIG_mpi_win_flush(615)............:
MPIDI_OFI_win_progress_fence_impl(65):
MPIDI_OFI_handle_cq_error(1310)......: OFI poll failed (ofi_events.c:1312:MPIDI_OFI_handle_cq_error:Input/output error - PTLTE_NOT_FOUND)
MPICH ERROR [Rank 786] [job id 5137469.119] [Sun Aug  2 01:55:13 2026] [frontier01882] - Abort(606226319) (rank 786 in comm 0): Fatal error in PMPI_Win_flush: Other MPI error, error stack:
PMPI_Win_flush(139)..................: MPI_Win_flush(target_rank=0, win=0xa0000000) failed
MPID_Win_flush(294)..................:
MPIDIG_mpi_win_flush(615)............:
MPIDI_OFI_win_progress_fence_impl(65):
MPIDI_OFI_handle_cq_error(1310)......: OFI poll failed (ofi_events.c:1312:MPIDI_OFI_handle_cq_error:Input/output error - PTLTE_NOT_FOUND)

aborting job:
Fatal error in PMPI_Win_flush: Other MPI error, error stack:
PMPI_Win_flush(139)..................: MPI_Win_flush(target_rank=0, win=0xa0000000) failed
MPID_Win_flush(294)..................:
MPIDIG_mpi_win_flush(615)............:
MPIDI_OFI_win_progress_fence_impl(65):
MPIDI_OFI_handle_cq_error(1310)......: OFI poll failed (ofi_events.c:1312:MPIDI_OFI_handle_cq_error:Input/output error - PTLTE_NOT_FOUND)
MPICH ERROR [Rank 150] [job id 5137469.119] [Sun Aug  2 01:55:13 2026] [frontier00303] - Abort(606226319) (rank 150 in comm 0): Fatal error in PMPI_Win_flush: Other MPI error, error stack:
PMPI_Win_flush(139)..................: MPI_Win_flush(target_rank=0, win=0xa0000000) failed
MPID_Win_flush(294)..................:
MPIDIG_mpi_win_flush(615)............:
MPIDI_OFI_win_progress_fence_impl(65):
MPIDI_OFI_handle_cq_error(1310)......: OFI poll failed (ofi_events.c:1312:MPIDI_OFI_handle_cq_error:Input/output error - PTLTE_NOT_FOUND)

aborting job:
Fatal error in PMPI_Win_flush: Other MPI error, error stack:
PMPI_Win_flush(139)..................: MPI_Win_flush(target_rank=0, win=0xa0000000) failed
MPID_Win_flush(294)..................:
MPIDIG_mpi_win_flush(615)............:
MPIDI_OFI_win_progress_fence_impl(65):
MPIDI_OFI_handle_cq_error(1310)......: OFI poll failed (ofi_events.c:1312:MPIDI_OFI_handle_cq_error:Input/output error - PTLTE_NOT_FOUND)
MPICH ERROR [Rank 876] [job id 5137469.119] [Sun Aug  2 01:55:13 2026] [frontier01951] - Abort(606226319) (rank 876 in comm 0): Fatal error in PMPI_Win_flush: Other MPI error, error stack:
PMPI_Win_flush(139)..................: MPI_Win_flush(target_rank=0, win=0xa0000000) failed
MPID_Win_flush(294)..................:
MPIDIG_mpi_win_flush(615)............:
MPIDI_OFI_win_progress_fence_impl(65):
MPIDI_OFI_handle_cq_error(1310)......: OFI poll failed (ofi_events.c:1312:MPIDI_OFI_handle_cq_error:Input/output error - PTLTE_NOT_FOUND)

aborting job:
Fatal error in PMPI_Win_flush: Other MPI error, error stack:
PMPI_Win_flush(139)..................: MPI_Win_flush(target_rank=0, win=0xa0000000) failed
MPID_Win_flush(294)..................:
MPIDIG_mpi_win_flush(615)............:
MPIDI_OFI_win_progress_fence_impl(65):
MPIDI_OFI_handle_cq_error(1310)......: OFI poll failed (ofi_events.c:1312:MPIDI_OFI_handle_cq_error:Input/output error - PTLTE_NOT_FOUND)
MPICH ERROR [Rank 552] [job id 5137469.119] [Sun Aug  2 01:55:13 2026] [frontier01210] - Abort(606226319) (rank 552 in comm 0): Fatal error in PMPI_Win_flush: Other MPI error, error stack:
PMPI_Win_flush(139)..................: MPI_Win_flush(target_rank=0, win=0xa0000000) failed
MPID_Win_flush(294)..................:
MPIDIG_mpi_win_flush(615)............:
MPIDI_OFI_win_progress_fence_impl(65):
MPIDI_OFI_handle_cq_error(1310)......: OFI poll failed (ofi_events.c:1312:MPIDI_OFI_handle_cq_error:Input/output error - PTLTE_NOT_FOUND)

aborting job:
Fatal error in PMPI_Win_flush: Other MPI error, error stack:
PMPI_Win_flush(139)..................: MPI_Win_flush(target_rank=0, win=0xa0000000) failed
MPID_Win_flush(294)..................:
MPIDIG_mpi_win_flush(615)............:
MPIDI_OFI_win_progress_fence_impl(65):
MPIDI_OFI_handle_cq_error(1310)......: OFI poll failed (ofi_events.c:1312:MPIDI_OFI_handle_cq_error:Input/output error - PTLTE_NOT_FOUND)
MPICH ERROR [Rank 382] [job id 5137469.119] [Sun Aug  2 01:55:13 2026] [frontier00828] - Abort(606226319) (rank 382 in comm 0): Fatal error in PMPI_Win_flush: Other MPI error, error stack:
PMPI_Win_flush(139)..................: MPI_Win_flush(target_rank=0, win=0xa0000000) failed
MPID_Win_flush(294)..................:
MPIDIG_mpi_win_flush(615)............:
MPIDI_OFI_win_progress_fence_impl(65):
MPIDI_OFI_handle_cq_error(1310)......: OFI poll failed (ofi_events.c:1312:MPIDI_OFI_handle_cq_error:Input/output error - PTLTE_NOT_FOUND)

aborting job:
Fatal error in PMPI_Win_flush: Other MPI error, error stack:
PMPI_Win_flush(139)..................: MPI_Win_flush(target_rank=0, win=0xa0000000) failed
MPID_Win_flush(294)..................:
MPIDIG_mpi_win_flush(615)............:
MPIDI_OFI_win_progress_fence_impl(65):
MPIDI_OFI_handle_cq_error(1310)......: OFI poll failed (ofi_events.c:1312:MPIDI_OFI_handle_cq_error:Input/output error - PTLTE_NOT_FOUND)
MPICH ERROR [Rank 528] [job id 5137469.119] [Sun Aug  2 01:55:13 2026] [frontier01210] - Abort(606226319) (rank 528 in comm 0): Fatal error in PMPI_Win_flush: Other MPI error, error stack:
PMPI_Win_flush(139)..................: MPI_Win_flush(target_rank=0, win=0xa0000000) failed
MPID_Win_flush(294)..................:
MPIDIG_mpi_win_flush(615)............:
MPIDI_OFI_win_progress_fence_impl(65):
MPIDI_OFI_handle_cq_error(1310)......: OFI poll failed (ofi_events.c:1312:MPIDI_OFI_handle_cq_error:Input/output error - PTLTE_NOT_FOUND)

aborting job:
Fatal error in PMPI_Win_flush: Other MPI error, error stack:
PMPI_Win_flush(139)..................: MPI_Win_flush(target_rank=0, win=0xa0000000) failed
MPID_Win_flush(294)..................:
MPIDIG_mpi_win_flush(615)............:
MPIDI_OFI_win_progress_fence_impl(65):
MPIDI_OFI_handle_cq_error(1310)......: OFI poll failed (ofi_events.c:1312:MPIDI_OFI_handle_cq_error:Input/output error - PTLTE_NOT_FOUND)
MPICH ERROR [Rank 707] [job id 5137469.119] [Sun Aug  2 01:55:13 2026] [frontier01576] - Abort(606226319) (rank 707 in comm 0): Fatal error in PMPI_Win_flush: Other MPI error, error stack:
PMPI_Win_flush(139)..................: MPI_Win_flush(target_rank=0, win=0xa0000000) failed
MPID_Win_flush(294)..................:
MPIDIG_mpi_win_flush(615)............:
MPIDI_OFI_win_progress_fence_impl(65):
MPIDI_OFI_handle_cq_error(1310)......: OFI poll failed (ofi_events.c:1312:MPIDI_OFI_handle_cq_error:Input/output error - PTLTE_NOT_FOUND)

aborting job:
Fatal error in PMPI_Win_flush: Other MPI error, error stack:
PMPI_Win_flush(139)..................: MPI_Win_flush(target_rank=0, win=0xa0000000) failed
MPID_Win_flush(294)..................:
MPIDIG_mpi_win_flush(615)............:
MPIDI_OFI_win_progress_fence_impl(65):
MPIDI_OFI_handle_cq_error(1310)......: OFI poll failed (ofi_events.c:1312:MPIDI_OFI_handle_cq_error:Input/output error - PTLTE_NOT_FOUND)
MPICH ERROR [Rank 440] [job id 5137469.119] [Sun Aug  2 01:55:13 2026] [frontier00973] - Abort(606226319) (rank 440 in comm 0): Fatal error in PMPI_Win_flush: Other MPI error, error stack:
PMPI_Win_flush(139)..................: MPI_Win_flush(target_rank=0, win=0xa0000000) failed
MPID_Win_flush(294)..................:
MPIDIG_mpi_win_flush(615)............:
MPIDI_OFI_win_progress_fence_impl(65):
MPIDI_OFI_handle_cq_error(1310)......: OFI poll failed (ofi_events.c:1312:MPIDI_OFI_handle_cq_error:Input/output error - PTLTE_NOT_FOUND)

aborting job:
Fatal error in PMPI_Win_flush: Other MPI error, error stack:
PMPI_Win_flush(139)..................: MPI_Win_flush(target_rank=0, win=0xa0000000) failed
MPID_Win_flush(294)..................:
MPIDIG_mpi_win_flush(615)............:
MPIDI_OFI_win_progress_fence_impl(65):
MPIDI_OFI_handle_cq_error(1310)......: OFI poll failed (ofi_events.c:1312:MPIDI_OFI_handle_cq_error:Input/output error - PTLTE_NOT_FOUND)
MPICH ERROR [Rank 803] [job id 5137469.119] [Sun Aug  2 01:55:13 2026] [frontier01882] - Abort(606226319) (rank 803 in comm 0): Fatal error in PMPI_Win_flush: Other MPI error, error stack:
PMPI_Win_flush(139)..................: MPI_Win_flush(target_rank=0, win=0xa0000000) failed
MPID_Win_flush(294)..................:
MPIDIG_mpi_win_flush(615)............:
MPIDI_OFI_win_progress_fence_impl(65):
MPIDI_OFI_handle_cq_error(1310)......: OFI poll failed (ofi_events.c:1312:MPIDI_OFI_handle_cq_error:Input/output error - PTLTE_NOT_FOUND)

aborting job:
Fatal error in PMPI_Win_flush: Other MPI error, error stack:
PMPI_Win_flush(139)..................: MPI_Win_flush(target_rank=0, win=0xa0000000) failed
MPID_Win_flush(294)..................:
MPIDIG_mpi_win_flush(615)............:
MPIDI_OFI_win_progress_fence_impl(65):
MPIDI_OFI_handle_cq_error(1310)......: OFI poll failed (ofi_events.c:1312:MPIDI_OFI_handle_cq_error:Input/output error - PTLTE_NOT_FOUND)
MPICH ERROR [Rank 301] [job id 5137469.119] [Sun Aug  2 01:55:13 2026] [frontier00669] - Abort(606226319) (rank 301 in comm 0): Fatal error in PMPI_Win_flush: Other MPI error, error stack:
PMPI_Win_flush(139)..................: MPI_Win_flush(target_rank=0, win=0xa0000000) failed
MPID_Win_flush(294)..................:
MPIDIG_mpi_win_flush(615)............:
MPIDI_OFI_win_progress_fence_impl(65):
MPIDI_OFI_handle_cq_error(1310)......: OFI poll failed (ofi_events.c:1312:MPIDI_OFI_handle_cq_error:Input/output error - PTLTE_NOT_FOUND)

aborting job:
Fatal error in PMPI_Win_flush: Other MPI error, error stack:
PMPI_Win_flush(139)..................: MPI_Win_flush(target_rank=0, win=0xa0000000) failed
MPID_Win_flush(294)..................:
MPIDIG_mpi_win_flush(615)............:
MPIDI_OFI_win_progress_fence_impl(65):
MPIDI_OFI_handle_cq_error(1310)......: OFI poll failed (ofi_events.c:1312:MPIDI_OFI_handle_cq_error:Input/output error - PTLTE_NOT_FOUND)
MPICH ERROR [Rank 362] [job id 5137469.119] [Sun Aug  2 01:55:13 2026] [frontier00828] - Abort(606226319) (rank 362 in comm 0): Fatal error in PMPI_Win_flush: Other MPI error, error stack:
PMPI_Win_flush(139)..................: MPI_Win_flush(target_rank=0, win=0xa0000000) failed
MPID_Win_flush(294)..................:
MPIDIG_mpi_win_flush(615)............:
MPIDI_OFI_win_progress_fence_impl(65):
MPIDI_OFI_handle_cq_error(1310)......: OFI poll failed (ofi_events.c:1312:MPIDI_OFI_handle_cq_error:Input/output error - PTLTE_NOT_FOUND)

aborting job:
Fatal error in PMPI_Win_flush: Other MPI error, error stack:
PMPI_Win_flush(139)..................: MPI_Win_flush(target_rank=0, win=0xa0000000) failed
MPID_Win_flush(294)..................:
MPIDIG_mpi_win_flush(615)............:
MPIDI_OFI_win_progress_fence_impl(65):
MPIDI_OFI_handle_cq_error(1310)......: OFI poll failed (ofi_events.c:1312:MPIDI_OFI_handle_cq_error:Input/output error - PTLTE_NOT_FOUND)
MPICH ERROR [Rank 874] [job id 5137469.119] [Sun Aug  2 01:55:13 2026] [frontier01951] - Abort(606226319) (rank 874 in comm 0): Fatal error in PMPI_Win_flush: Other MPI error, error stack:
PMPI_Win_flush(139)..................: MPI_Win_flush(target_rank=0, win=0xa0000000) failed
MPID_Win_flush(294)..................:
MPIDIG_mpi_win_flush(615)............:
MPIDI_OFI_win_progress_fence_impl(65):
MPIDI_OFI_handle_cq_error(1310)......: OFI poll failed (ofi_events.c:1312:MPIDI_OFI_handle_cq_error:Input/output error - PTLTE_NOT_FOUND)

aborting job:
Fatal error in PMPI_Win_flush: Other MPI error, error stack:
PMPI_Win_flush(139)..................: MPI_Win_flush(target_rank=0, win=0xa0000000) failed
MPID_Win_flush(294)..................:
MPIDIG_mpi_win_flush(615)............:
MPIDI_OFI_win_progress_fence_impl(65):
MPIDI_OFI_handle_cq_error(1310)......: OFI poll failed (ofi_events.c:1312:MPIDI_OFI_handle_cq_error:Input/output error - PTLTE_NOT_FOUND)
MPICH ERROR [Rank 635] [job id 5137469.119] [Sun Aug  2 01:55:13 2026] [frontier01450] - Abort(606226319) (rank 635 in comm 0): Fatal error in PMPI_Win_flush: Other MPI error, error stack:
PMPI_Win_flush(139)..................: MPI_Win_flush(target_rank=0, win=0xa0000000) failed
MPID_Win_flush(294)..................:
MPIDIG_mpi_win_flush(615)............:
MPIDI_OFI_win_progress_fence_impl(65):
MPIDI_OFI_handle_cq_error(1310)......: OFI poll failed (ofi_events.c:1312:MPIDI_OFI_handle_cq_error:Input/output error - PTLTE_NOT_FOUND)

aborting job:
Fatal error in PMPI_Win_flush: Other MPI error, error stack:
PMPI_Win_flush(139)..................: MPI_Win_flush(target_rank=0, win=0xa0000000) failed
MPID_Win_flush(294)..................:
MPIDIG_mpi_win_flush(615)............:
MPIDI_OFI_win_progress_fence_impl(65):
MPIDI_OFI_handle_cq_error(1310)......: OFI poll failed (ofi_events.c:1312:MPIDI_OFI_handle_cq_error:Input/output error - PTLTE_NOT_FOUND)
MPICH ERROR [Rank 470] [job id 5137469.119] [Sun Aug  2 01:55:13 2026] [frontier01094] - Abort(606226319) (rank 470 in comm 0): Fatal error in PMPI_Win_flush: Other MPI error, error stack:
PMPI_Win_flush(139)..................: MPI_Win_flush(target_rank=0, win=0xa0000000) failed
MPID_Win_flush(294)..................:
MPIDIG_mpi_win_flush(615)............:
MPIDI_OFI_win_progress_fence_impl(65):
MPIDI_OFI_handle_cq_error(1310)......: OFI poll failed (ofi_events.c:1312:MPIDI_OFI_handle_cq_error:Input/output error - PTLTE_NOT_FOUND)

aborting job:
Fatal error in PMPI_Win_flush: Other MPI error, error stack:
PMPI_Win_flush(139)..................: MPI_Win_flush(target_rank=0, win=0xa0000000) failed
MPID_Win_flush(294)..................:
MPIDIG_mpi_win_flush(615)............:
MPIDI_OFI_win_progress_fence_impl(65):
MPIDI_OFI_handle_cq_error(1310)......: OFI poll failed (ofi_events.c:1312:MPIDI_OFI_handle_cq_error:Input/output error - PTLTE_NOT_FOUND)
MPICH ERROR [Rank 769] [job id 5137469.119] [Sun Aug  2 01:55:13 2026] [frontier01701] - Abort(606226319) (rank 769 in comm 0): Fatal error in PMPI_Win_flush: Other MPI error, error stack:
PMPI_Win_flush(139)..................: MPI_Win_flush(target_rank=0, win=0xa0000000) failed
MPID_Win_flush(294)..................:
MPIDIG_mpi_win_flush(615)............:
MPIDI_OFI_win_progress_fence_impl(65):
MPIDI_OFI_handle_cq_error(1310)......: OFI poll failed (ofi_events.c:1312:MPIDI_OFI_handle_cq_error:Input/output error - PTLTE_NOT_FOUND)

aborting job:
Fatal error in PMPI_Win_flush: Other MPI error, error stack:
PMPI_Win_flush(139)..................: MPI_Win_flush(target_rank=0, win=0xa0000000) failed
MPID_Win_flush(294)..................:
MPIDIG_mpi_win_flush(615)............:
MPIDI_OFI_win_progress_fence_impl(65):
MPIDI_OFI_handle_cq_error(1310)......: OFI poll failed (ofi_events.c:1312:MPIDI_OFI_handle_cq_error:Input/output error - PTLTE_NOT_FOUND)
MPICH ERROR [Rank 320] [job id 5137469.119] [Sun Aug  2 01:55:13 2026] [frontier00669] - Abort(606226319) (rank 320 in comm 0): Fatal error in PMPI_Win_flush: Other MPI error, error stack:
PMPI_Win_flush(139)..................: MPI_Win_flush(target_rank=0, win=0xa0000000) failed
MPID_Win_flush(294)..................:
MPIDIG_mpi_win_flush(615)............:
MPIDI_OFI_win_progress_fence_impl(65):
MPIDI_OFI_handle_cq_error(1310)......: OFI poll failed (ofi_events.c:1312:MPIDI_OFI_handle_cq_error:Input/output error - PTLTE_NOT_FOUND)

aborting job:
Fatal error in PMPI_Win_flush: Other MPI error, error stack:
PMPI_Win_flush(139)..................: MPI_Win_flush(target_rank=0, win=0xa0000000) failed
MPID_Win_flush(294)..................:
MPIDIG_mpi_win_flush(615)............:
MPIDI_OFI_win_progress_fence_impl(65):
MPIDI_OFI_handle_cq_error(1310)......: OFI poll failed (ofi_events.c:1312:MPIDI_OFI_handle_cq_error:Input/output error - PTLTE_NOT_FOUND)
MPICH ERROR [Rank 611] [job id 5137469.119] [Sun Aug  2 01:55:13 2026] [frontier01313] - Abort(606226319) (rank 611 in comm 0): Fatal error in PMPI_Win_flush: Other MPI error, error stack:
PMPI_Win_flush(139)..................: MPI_Win_flush(target_rank=0, win=0xa0000000) failed
MPID_Win_flush(294)..................:
MPIDIG_mpi_win_flush(615)............:
MPIDI_OFI_win_progress_fence_impl(65):
MPIDI_OFI_handle_cq_error(1310)......: OFI poll failed (ofi_events.c:1312:MPIDI_OFI_handle_cq_error:Input/output error - PTLTE_NOT_FOUND)

aborting job:
Fatal error in PMPI_Win_flush: Other MPI error, error stack:
PMPI_Win_flush(139)..................: MPI_Win_flush(target_rank=0, win=0xa0000000) failed
MPID_Win_flush(294)..................:
MPIDIG_mpi_win_flush(615)............:
MPIDI_OFI_win_progress_fence_impl(65):
MPIDI_OFI_handle_cq_error(1310)......: OFI poll failed (ofi_events.c:1312:MPIDI_OFI_handle_cq_error:Input/output error - PTLTE_NOT_FOUND)
MPICH ERROR [Rank 401] [job id 5137469.119] [Sun Aug  2 01:55:13 2026] [frontier00973] - Abort(606226319) (rank 401 in comm 0): Fatal error in PMPI_Win_flush: Other MPI error, error stack:
PMPI_Win_flush(139)..................: MPI_Win_flush(target_rank=0, win=0xa0000000) failed
MPID_Win_flush(294)..................:
MPIDIG_mpi_win_flush(615)............:
MPIDI_OFI_win_progress_fence_impl(65):
MPIDI_OFI_handle_cq_error(1310)......: OFI poll failed (ofi_events.c:1312:MPIDI_OFI_handle_cq_error:Input/output error - PTLTE_NOT_FOUND)

aborting job:
Fatal error in PMPI_Win_flush: Other MPI error, error stack:
PMPI_Win_flush(139)..................: MPI_Win_flush(target_rank=0, win=0xa0000000) failed
MPID_Win_flush(294)..................:
MPIDIG_mpi_win_flush(615)............:
MPIDI_OFI_win_progress_fence_impl(65):
MPIDI_OFI_handle_cq_error(1310)......: OFI poll failed (ofi_events.c:1312:MPIDI_OFI_handle_cq_error:Input/output error - PTLTE_NOT_FOUND)
MPICH ERROR [Rank 688] [job id 5137469.119] [Sun Aug  2 01:55:13 2026] [frontier01576] - Abort(606226319) (rank 688 in comm 0): Fatal error in PMPI_Win_flush: Other MPI error, error stack:
PMPI_Win_flush(139)..................: MPI_Win_flush(target_rank=0, win=0xa0000000) failed
MPID_Win_flush(294)..................:
MPIDIG_mpi_win_flush(615)............:
MPIDI_OFI_win_progress_fence_impl(65):
MPIDI_OFI_handle_cq_error(1310)......: OFI poll failed (ofi_events.c:1312:MPIDI_OFI_handle_cq_error:Input/output error - PTLTE_NOT_FOUND)

aborting job:
Fatal error in PMPI_Win_flush: Other MPI error, error stack:
PMPI_Win_flush(139)..................: MPI_Win_flush(target_rank=0, win=0xa0000000) failed
MPID_Win_flush(294)..................:
MPIDIG_mpi_win_flush(615)............:
MPIDI_OFI_win_progress_fence_impl(65):
MPIDI_OFI_handle_cq_error(1310)......: OFI poll failed (ofi_events.c:1312:MPIDI_OFI_handle_cq_error:Input/output error - PTLTE_NOT_FOUND)
MPICH ERROR [Rank 228] [job id 5137469.119] [Sun Aug  2 01:55:13 2026] [frontier00549] - Abort(606226319) (rank 228 in comm 0): Fatal error in PMPI_Win_flush: Other MPI error, error stack:
PMPI_Win_flush(139)..................: MPI_Win_flush(target_rank=0, win=0xa0000000) failed
MPID_Win_flush(294)..................:
MPICH ERROR [Rank 730] [job id 5137469.119] [Sun Aug  2 01:55:13 2026] [frontier01701] - Abort(606226319) (rank 730 in comm 0): Fatal error in PMPI_Win_flush: Other MPI error, error stack:
PMPI_Win_flush(139)..................: MPI_Win_flush(target_rank=0, win=0xa0000000) failed
MPID_Win_flush(294)..................:
MPIDIG_mpi_win_flush(615)............:
MPIDI_OFI_win_progress_fence_impl(65):
MPIDI_OFI_handle_cq_error(1310)......: OFI poll failed (ofi_events.c:1312:MPIDI_OFI_handle_cq_error:Input/output error - PTLTE_NOT_FOUND)

aborting job:
Fatal error in PMPI_Win_flush: Other MPI error, error stack:
PMPI_Win_flush(139)..................: MPI_Win_flush(target_rank=0, win=0xa0000000) failed
MPID_Win_flush(294)..................:
MPIDIG_mpi_win_flush(615)............:
MPIDI_OFI_win_progress_fence_impl(65):
MPIDI_OFI_handle_cq_error(1310)......: OFI poll failed (ofi_events.c:1312:MPIDI_OFI_handle_cq_error:Input/output error - PTLTE_NOT_FOUND)
MPICH ERROR [Rank 111] [job id 5137469.119] [Sun Aug  2 01:55:13 2026] [frontier00169] - Abort(606226319) (rank 111 in comm 0): Fatal error in PMPI_Win_flush: Other MPI error, error stack:
PMPI_Win_flush(139)..................: MPI_Win_flush(target_rank=0, win=0xa0000000) failed
MPID_Win_flush(294)..................:
MPIDIG_mpi_win_flush(615)............:
MPIDI_OFI_win_progress_fence_impl(65):
MPIDI_OFI_handle_cq_error(1310)......: OFI poll failed (ofi_events.c:1312:MPIDI_OFI_handle_cq_error:Input/output error - PTLTE_NOT_FOUND)

aborting job:
Fatal error in PMPI_Win_flush: Other MPI error, error stack:
PMPI_Win_flush(139)..................: MPI_Win_flush(target_rank=0, win=0xa0000000) failed
MPID_Win_flush(294)..................:
MPIDIG_mpi_win_flush(615)............:
MPIDI_OFI_win_progress_fence_impl(65):
MPIDI_OFI_handle_cq_error(1310)......: OFI poll failed (ofi_events.c:1312:MPIDI_OFI_handle_cq_error:Input/output error - PTLTE_NOT_FOUND)
MPICH ERROR [Rank 126] [job id 5137469.119] [Sun Aug  2 01:55:13 2026] [frontier00303] - Abort(606226319) (rank 126 in comm 0): Fatal error in PMPI_Win_flush: Other MPI error, error stack:
PMPI_Win_flush(139)..................: MPI_Win_flush(target_rank=0, win=0xa0000000) failed
MPID_Win_flush(294)..................:
MPIDIG_mpi_win_flush(615)............:
MPIDI_OFI_win_progress_fence_impl(65):
MPIDI_OFI_handle_cq_error(1310)......: OFI poll failed (ofi_events.c:1312:MPIDI_OFI_handle_cq_error:Input/output error - PTLTE_NOT_FOUND)

MPIDIG_mpi_win_flush(615)............:
MPIDI_OFI_win_progress_fence_impl(65):
MPIDI_OFI_handle_cq_error(1310)......: OFI poll failed (ofi_events.c:1312:MPIDI_OFI_handle_cq_error:Input/output error - PTLTE_NOT_FOUND)

aborting job:
Fatal error in PMPI_Win_flush: Other MPI error, error stack:
PMPI_Win_flush(139)..................: MPI_Win_flush(target_rank=0, win=0xa0000000) failed
MPID_Win_flush(294)..................:
MPIDIG_mpi_win_flush(615)............:
MPIDI_OFI_win_progress_fence_impl(65):
MPIDI_OFI_handle_cq_error(1310)......: OFI poll failed (ofi_events.c:1312:MPIDI_OFI_handle_cq_error:Input/output error - PTLTE_NOT_FOUND)
MPICH ERROR [Rank 826] [job id 5137469.119] [Sun Aug  2 01:55:13 2026] [frontier01882] - Abort(606226319) (rank 826 in comm 0): Fatal error in PMPI_Win_flush: Other MPI error, error stack:
PMPI_Win_flush(139)..................: MPI_Win_flush(target_rank=0, win=0xa0000000) failed
MPID_Win_flush(294)..................:
MPIDIG_mpi_win_flush(615)............:
MPIDI_OFI_win_progress_fence_impl(65):
MPIDI_OFI_handle_cq_error(1310)......: OFI poll failed (ofi_events.c:1312:MPIDI_OFI_handle_cq_error:Input/output error - PTLTE_NOT_FOUND)

aborting job:
Fatal error in PMPI_Win_flush: Other MPI error, error stack:
PMPI_Win_flush(139)..................: MPI_Win_flush(target_rank=0, win=0xa0000000) failed
MPID_Win_flush(294)..................:
MPIDIG_mpi_win_flush(615)............:
MPIDI_OFI_win_progress_fence_impl(65):
MPIDI_OFI_handle_cq_error(1310)......: OFI poll failed (ofi_events.c:1312:MPIDI_OFI_handle_cq_error:Input/output error - PTLTE_NOT_FOUND)
aborting job:
Fatal error in PMPI_Win_flush: Other MPI error, error stack:
PMPI_Win_flush(139)..................: MPI_Win_flush(target_rank=0, win=0xa0000000) failed
MPID_Win_flush(294)..................:
MPIDIG_mpi_win_flush(615)............:
MPIDI_OFI_win_progress_fence_impl(65):
MPIDI_OFI_handle_cq_error(1310)......: OFI poll failed (ofi_events.c:1312:MPIDI_OFI_handle_cq_error:Input/output error - PTLTE_NOT_FOUND)
MPICH ERROR [Rank 246] [job id 5137469.119] [Sun Aug  2 01:55:13 2026] [frontier00549] - Abort(606226319) (rank 246 in comm 0): Fatal error in PMPI_Win_flush: Other MPI error, error stack:
PMPI_Win_flush(139)..................: MPI_Win_flush(target_rank=0, win=0xa0000000) failed
MPID_Win_flush(294)..................:
MPIDIG_mpi_win_flush(615)............:
MPIDI_OFI_win_progress_fence_impl(65):
MPIDI_OFI_handle_cq_error(1310)......: OFI poll failed (ofi_events.c:1312:MPIDI_OFI_handle_cq_error:Input/output error - PTLTE_NOT_FOUND)

aborting job:
Fatal error in PMPI_Win_flush: Other MPI error, error stack:
PMPI_Win_flush(139)..................: MPI_Win_flush(target_rank=0, win=0xa0000000) failed
MPID_Win_flush(294)..................:
MPIDIG_mpi_win_flush(615)............:
MPIDI_OFI_win_progress_fence_impl(65):
MPIDI_OFI_handle_cq_error(1310)......: OFI poll failed (ofi_events.c:1312:MPIDI_OFI_handle_cq_error:Input/output error - PTLTE_NOT_FOUND)
MPICH ERROR [Rank 491] [job id 5137469.119] [Sun Aug  2 01:55:13 2026] [frontier01094] - Abort(606226319) (rank 491 in comm 0): Fatal error in PMPI_Win_flush: Other MPI error, error stack:
PMPI_Win_flush(139)..................: MPI_Win_flush(target_rank=0, win=0xa0000000) failed
MPID_Win_flush(294)..................:
MPIDIG_mpi_win_flush(615)............:
MPIDI_OFI_win_progress_fence_impl(65):
MPIDI_OFI_handle_cq_error(1310)......: OFI poll failed (ofi_events.c:1312:MPIDI_OFI_handle_cq_error:Input/output error - PTLTE_NOT_FOUND)

aborting job:
Fatal error in PMPI_Win_flush: Other MPI error, error stack:
PMPI_Win_flush(139)..................: MPI_Win_flush(target_rank=0, win=0xa0000000) failed
MPID_Win_flush(294)..................:
MPIDIG_mpi_win_flush(615)............:
MPIDI_OFI_win_progress_fence_impl(65):
MPIDI_OFI_handle_cq_error(1310)......: OFI poll failed (ofi_events.c:1312:MPIDI_OFI_handle_cq_error:Input/output error - PTLTE_NOT_FOUND)
MPICH ERROR [Rank 568] [job id 5137469.119] [Sun Aug  2 01:55:13 2026] [frontier01313] - Abort(606226319) (rank 568 in comm 0): Fatal error in PMPI_Win_flush: Other MPI error, error stack:
PMPI_Win_flush(139)..................: MPI_Win_flush(target_rank=0, win=0xa0000000) failed
MPID_Win_flush(294)..................:
MPIDIG_mpi_win_flush(615)............:
MPIDI_OFI_win_progress_fence_impl(65):
MPIDI_OFI_handle_cq_error(1310)......: OFI poll failed (ofi_events.c:1312:MPIDI_OFI_handle_cq_error:Input/output error - PTLTE_NOT_FOUND)

aborting job:
Fatal error in PMPI_Win_flush: Other MPI error, error stack:
PMPI_Win_flush(139)..................: MPI_Win_flush(target_rank=0, win=0xa0000000) failed
MPID_Win_flush(294)..................:
MPIDIG_mpi_win_flush(615)............:
MPIDI_OFI_win_progress_fence_impl(65):
MPIDI_OFI_handle_cq_error(1310)......: OFI poll failed (ofi_events.c:1312:MPIDI_OFI_handle_cq_error:Input/output error - PTLTE_NOT_FOUND)
MPICH ERROR [Rank 271] [job id 5137469.119] [Sun Aug  2 01:55:13 2026] [frontier00549] - Abort(606226319) (rank 271 in comm 0): Fatal error in PMPI_Win_flush: Other MPI error, error stack:
PMPI_Win_flush(139)..................: MPI_Win_flush(target_rank=0, win=0xa0000000) failed
MPID_Win_flush(294)..................:
MPIDIG_mpi_win_flush(615)............:
MPIDI_OFI_win_progress_fence_impl(65):
MPIDI_OFI_handle_cq_error(1310)......: OFI poll failed (ofi_events.c:1312:MPIDI_OFI_handle_cq_error:Input/output error - PTLTE_NOT_FOUND)

aborting job:
Fatal error in PMPI_Win_flush: Other MPI error, error stack:
PMPI_Win_flush(139)..................: MPI_Win_flush(target_rank=0, win=0xa0000000) failed
MPID_Win_flush(294)..................:
MPIDIG_mpi_win_flush(615)............:
MPIDI_OFI_win_progress_fence_impl(65):
MPIDI_OFI_handle_cq_error(1310)......: OFI poll failed (ofi_events.c:1312:MPIDI_OFI_handle_cq_error:Input/output error - PTLTE_NOT_FOUND)
MPICH ERROR [Rank 828] [job id 5137469.119] [Sun Aug  2 01:55:13 2026] [frontier01882] - Abort(606226319) (rank 828 in comm 0): Fatal error in PMPI_Win_flush: Other MPI error, error stack:
PMPI_Win_flush(139)..................: MPI_Win_flush(target_rank=0, win=0xa0000000) failed
MPID_Win_flush(294)..................:
MPIDIG_mpi_win_flush(615)............:
MPIDI_OFI_win_progress_fence_impl(65):
MPIDI_OFI_handle_cq_error(1310)......: OFI poll failed (ofi_events.c:1312:MPIDI_OFI_handle_cq_error:Input/output error - PTLTE_NOT_FOUND)

aborting job:
Fatal error in PMPI_Win_flush: Other MPI error, error stack:
PMPI_Win_flush(139)..................: MPI_Win_flush(target_rank=0, win=0xa0000000) failed
MPID_Win_flush(294)..................:
MPIDIG_mpi_win_flush(615)............:
MPIDI_OFI_win_progress_fence_impl(65):
MPIDI_OFI_handle_cq_error(1310)......: OFI poll failed (ofi_events.c:1312:MPIDI_OFI_handle_cq_error:Input/output error - PTLTE_NOT_FOUND)
MPICH ERROR [Rank 609] [job id 5137469.119] [Sun Aug  2 01:55:13 2026] [frontier01313] - Abort(606226319) (rank 609 in comm 0): Fatal error in PMPI_Win_flush: Other MPI error, error stack:
PMPI_Win_flush(139)..................: MPI_Win_flush(target_rank=0, win=0xa0000000) failed
MPID_Win_flush(294)..................:
MPIDIG_mpi_win_flush(615)............:
MPIDI_OFI_win_progress_fence_impl(65):
MPIDI_OFI_handle_cq_error(1310)......: OFI poll failed (ofi_events.c:1312:MPIDI_OFI_handle_cq_error:Input/output error - PTLTE_NOT_FOUND)

aborting job:
Fatal error in PMPI_Win_flush: Other MPI error, error stack:
PMPI_Win_flush(139)..................: MPI_Win_flush(target_rank=0, win=0xa0000000) failed
MPID_Win_flush(294)..................:
MPIDIG_mpi_win_flush(615)............:
MPIDI_OFI_win_progress_fence_impl(65):
MPIDI_OFI_handle_cq_error(1310)......: OFI poll failed (ofi_events.c:1312:MPIDI_OFI_handle_cq_error:Input/output error - PTLTE_NOT_FOUND)
MPICH ERROR [Rank 335] [job id 5137469.119] [Sun Aug  2 01:55:13 2026] [frontier00669] - Abort(606226319) (rank 335 in comm 0): Fatal error in PMPI_Win_flush: Other MPI error, error stack:
PMPI_Win_flush(139)..................: MPI_Win_flush(target_rank=0, win=0xa0000000) failed
MPID_Win_flush(294)..................:
MPIDIG_mpi_win_flush(615)............:
MPIDI_OFI_win_progress_fence_impl(65):
MPIDI_OFI_handle_cq_error(1310)......: OFI poll failed (ofi_events.c:1312:MPIDI_OFI_handle_cq_error:Input/output error - PTLTE_NOT_FOUND)

aborting job:
Fatal error in PMPI_Win_flush: Other MPI error, error stack:
PMPI_Win_flush(139)..................: MPI_Win_flush(target_rank=0, win=0xa0000000) failed
MPID_Win_flush(294)..................:
MPIDIG_mpi_win_flush(615)............:
MPIDI_OFI_win_progress_fence_impl(65):
MPIDI_OFI_handle_cq_error(1310)......: OFI poll failed (ofi_events.c:1312:MPIDI_OFI_handle_cq_error:Input/output error - PTLTE_NOT_FOUND)
MPICH ERROR [Rank 833] [job id 5137469.119] [Sun Aug  2 01:55:13 2026] [frontier01882] - Abort(606226319) (rank 833 in comm 0): Fatal error in PMPI_Win_flush: Other MPI error, error stack:
PMPI_Win_flush(139)..................: MPI_Win_flush(target_rank=0, win=0xa0000000) failed
MPID_Win_flush(294)..................:
MPIDIG_mpi_win_flush(615)............:
MPIDI_OFI_win_progress_fence_impl(65):
MPIDI_OFI_handle_cq_error(1310)......: OFI poll failed (ofi_events.c:1312:MPIDI_OFI_handle_cq_error:Input/output error - PTLTE_NOT_FOUND)

aborting job:
Fatal error in PMPI_Win_flush: Other MPI error, error stack:
PMPI_Win_flush(139)..................: MPI_Win_flush(target_rank=0, win=0xa0000000) failed
MPID_Win_flush(294)..................:
MPIDIG_mpi_win_flush(615)............:
MPIDI_OFI_win_progress_fence_impl(65):
MPIDI_OFI_handle_cq_error(1310)......: OFI poll failed (ofi_events.c:1312:MPIDI_OFI_handle_cq_error:Input/output error - PTLTE_NOT_FOUND)
MPICH ERROR [Rank 110] [job id 5137469.119] [Sun Aug  2 01:55:13 2026] [frontier00169] - Abort(606226319) (rank 110 in comm 0): Fatal error in PMPI_Win_flush: Other MPI error, error stack:
PMPI_Win_flush(139)..................: MPI_Win_flush(target_rank=0, win=0xa0000000) failed
MPID_Win_flush(294)..................:
MPIDIG_mpi_win_flush(615)............:
MPIDI_OFI_win_progress_fence_impl(65):
MPIDI_OFI_handle_cq_error(1310)......: OFI poll failed (ofi_events.c:1312:MPIDI_OFI_handle_cq_error:Input/output error - PTLTE_NOT_FOUND)

aborting job:
Fatal error in PMPI_Win_flush: Other MPI error, error stack:
PMPI_Win_flush(139)..................: MPI_Win_flush(target_rank=0, win=0xa0000000) failed
MPID_Win_flush(294)..................:
MPIDIG_mpi_win_flush(615)............:
MPIDI_OFI_win_progress_fence_impl(65):
MPIDI_OFI_handle_cq_error(1310)......: OFI poll failed (ofi_events.c:1312:MPIDI_OFI_handle_cq_error:Input/output error - PTLTE_NOT_FOUND)
MPICH ERROR [Rank 116] [job id 5137469.119] [Sun Aug  2 01:55:13 2026] [frontier00303] - Abort(606226319) (rank 116 in comm 0): Fatal error in PMPI_Win_flush: Other MPI error, error stack:
PMPI_Win_flush(139)..................: MPI_Win_flush(target_rank=0, win=0xa0000000) failed
MPID_Win_flush(294)..................:
MPIDIG_mpi_win_flush(615)............:
MPIDI_OFI_win_progress_fence_impl(65):
MPIDI_OFI_handle_cq_error(1310)......: OFI poll failed (ofi_events.c:1312:MPIDI_OFI_handle_cq_error:Input/output error - PTLTE_NOT_FOUND)

aborting job:
Fatal error in PMPI_Win_flush: Other MPI error, error stack:
PMPI_Win_flush(139)..................: MPI_Win_flush(target_rank=0, win=0xa0000000) failed
MPID_Win_flush(294)..................:
MPIDIG_mpi_win_flush(615)............:
MPIDI_OFI_win_progress_fence_impl(65):
MPIDI_OFI_handle_cq_error(1310)......: OFI poll failed (ofi_events.c:1312:MPIDI_OFI_handle_cq_error:Input/output error - PTLTE_NOT_FOUND)
MPICH ERROR [Rank 342] [job id 5137469.119] [Sun Aug  2 01:55:13 2026] [frontier00828] - Abort(606226319) (rank 342 in comm 0): Fatal error in PMPI_Win_flush: Other MPI error, error stack:
PMPI_Win_flush(139)..................: MPI_Win_flush(target_rank=0, win=0xa0000000) failed
MPID_Win_flush(294)..................:
MPIDIG_mpi_win_flush(615)............:
MPIDI_OFI_win_progress_fence_impl(65):
MPIDI_OFI_handle_cq_error(1310)......: OFI poll failed (ofi_events.c:1312:MPIDI_OFI_handle_cq_error:Input/output error - PTLTE_NOT_FOUND)

aborting job:
Fatal error in PMPI_Win_flush: Other MPI error, error stack:
PMPI_Win_flush(139)..................: MPI_Win_flush(target_rank=0, win=0xa0000000) failed
MPID_Win_flush(294)..................:
MPIDIG_mpi_win_flush(615)............:
MPIDI_OFI_win_progress_fence_impl(65):
MPIDI_OFI_handle_cq_error(1310)......: OFI poll failed (ofi_events.c:1312:MPIDI_OFI_handle_cq_error:Input/output error - PTLTE_NOT_FOUND)
MPICH ERROR [Rank 888] [job id 5137469.119] [Sun Aug  2 01:55:13 2026] [frontier01951] - Abort(606226319) (rank 888 in comm 0): Fatal error in PMPI_Win_flush: Other MPI error, error stack:
PMPI_Win_flush(139)..................: MPI_Win_flush(target_rank=0, win=0xa0000000) failed
MPID_Win_flush(294)..................:
MPIDIG_mpi_win_flush(615)............:
MPIDI_OFI_win_progress_fence_impl(65):
MPIDI_OFI_handle_cq_error(1310)......: OFI poll failed (ofi_events.c:1312:MPIDI_OFI_handle_cq_error:Input/output error - PTLTE_NOT_FOUND)

aborting job:
Fatal error in PMPI_Win_flush: Other MPI error, error stack:
PMPI_Win_flush(139)..................: MPI_Win_flush(target_rank=0, win=0xa0000000) failed
MPID_Win_flush(294)..................:
MPIDIG_mpi_win_flush(615)............:
MPIDI_OFI_win_progress_fence_impl(65):
MPIDI_OFI_handle_cq_error(1310)......: OFI poll failed (ofi_events.c:1312:MPIDI_OFI_handle_cq_error:Input/output error - PTLTE_NOT_FOUND)
MPICH ERROR [Rank 649] [job id 5137469.119] [Sun Aug  2 01:55:13 2026] [frontier01450] - Abort(606226319) (rank 649 in comm 0): Fatal error in PMPI_Win_flush: Other MPI error, error stack:
PMPI_Win_flush(139)..................: MPI_Win_flush(target_rank=0, win=0xa0000000) failed
MPID_Win_flush(294)..................:
MPIDIG_mpi_win_flush(615)............:
MPIDI_OFI_win_progress_fence_impl(65):
MPIDI_OFI_handle_cq_error(1310)......: OFI poll failed (ofi_events.c:1312:MPIDI_OFI_handle_cq_error:Input/output error - PTLTE_NOT_FOUND)

aborting job:
Fatal error in PMPI_Win_flush: Other MPI error, error stack:
PMPI_Win_flush(139)..................: MPI_Win_flush(target_rank=0, win=0xa0000000) failed
MPID_Win_flush(294)..................:
MPIDIG_mpi_win_flush(615)............:
MPIDI_OFI_win_progress_fence_impl(65):
MPIDI_OFI_handle_cq_error(1310)......: OFI poll failed (ofi_events.c:1312:MPIDI_OFI_handle_cq_error:Input/output error - PTLTE_NOT_FOUND)
MPICH ERROR [Rank 204] [job id 5137469.119] [Sun Aug  2 01:55:13 2026] [frontier00435] - Abort(606226319) (rank 204 in comm 0): Fatal error in PMPI_Win_flush: Other MPI error, error stack:
PMPI_Win_flush(139)..................: MPI_Win_flush(target_rank=0, win=0xa0000000) failed
MPID_Win_flush(294)..................:
MPIDIG_mpi_win_flush(615)............:
MPIDI_OFI_win_progress_fence_impl(65):
MPIDI_OFI_handle_cq_error(1310)......: OFI poll failed (ofi_events.c:1312:MPIDI_OFI_handle_cq_error:Input/output error - PTLTE_NOT_FOUND)

aborting job:
Fatal error in PMPI_Win_flush: Other MPI error, error stack:
PMPI_Win_flush(139)..................: MPI_Win_flush(target_rank=0, win=0xa0000000) failed
MPID_Win_flush(294)..................:
MPIDIG_mpi_win_flush(615)............:
MPIDI_OFI_win_progress_fence_impl(65):
MPIDI_OFI_handle_cq_error(1310)......: OFI poll failed (ofi_events.c:1312:MPIDI_OFI_handle_cq_error:Input/output error - PTLTE_NOT_FOUND)
MPICH ERROR [Rank 708] [job id 5137469.119] [Sun Aug  2 01:55:13 2026] [frontier01576] - Abort(606226319) (rank 708 in comm 0): Fatal error in PMPI_Win_flush: Other MPI error, error stack:
PMPI_Win_flush(139)..................: MPI_Win_flush(target_rank=0, win=0xa0000000) failed
MPID_Win_flush(294)..................:
MPIDIG_mpi_win_flush(615)............:
MPIDI_OFI_win_progress_fence_impl(65):
MPIDI_OFI_handle_cq_error(1310)......: OFI poll failed (ofi_events.c:1312:MPIDI_OFI_handle_cq_error:Input/output error - PTLTE_NOT_FOUND)

aborting job:
Fatal error in PMPI_Win_flush: Other MPI error, error stack:
PMPI_Win_flush(139)..................: MPI_Win_flush(target_rank=0, win=0xa0000000) failed
MPID_Win_flush(294)..................:
MPIDIG_mpi_win_flush(615)............:
MPIDI_OFI_win_progress_fence_impl(65):
MPIDI_OFI_handle_cq_error(1310)......: OFI poll failed (ofi_events.c:1312:MPIDI_OFI_handle_cq_error:Input/output error - PTLTE_NOT_FOUND)
MPICH ERROR [Rank 332] [job id 5137469.119] [Sun Aug  2 01:55:13 2026] [frontier00669] - Abort(606226319) (rank 332 in comm 0): Fatal error in PMPI_Win_flush: Other MPI error, error stack:
PMPI_Win_flush(139)..................: MPI_Win_flush(target_rank=0, win=0xa0000000) failed
MPID_Win_flush(294)..................:
MPIDIG_mpi_win_flush(615)............:
MPIDI_OFI_win_progress_fence_impl(65):
MPIDI_OFI_handle_cq_error(1310)......: OFI poll failed (ofi_events.c:1312:MPIDI_OFI_handle_cq_error:Input/output error - PTLTE_NOT_FOUND)

aborting job:
Fatal error in PMPI_Win_flush: Other MPI error, error stack:
PMPI_Win_flush(139)..................: MPI_Win_flush(target_rank=0, win=0xa0000000) failed
MPID_Win_flush(294)..................:
MPIDIG_mpi_win_flush(615)............:
MPIDI_OFI_win_progress_fence_impl(65):
MPIDI_OFI_handle_cq_error(1310)......: OFI poll failed (ofi_events.c:1312:MPIDI_OFI_handle_cq_error:Input/output error - PTLTE_NOT_FOUND)
MPICH ERROR [Rank 384] [job id 5137469.119] [Sun Aug  2 01:55:13 2026] [frontier00828] - Abort(606226319) (rank 384 in comm 0): Fatal error in PMPI_Win_flush: Other MPI error, error stack:
PMPI_Win_flush(139)..................: MPI_Win_flush(target_rank=0, win=0xa0000000) failed
MPID_Win_flush(294)..................:
MPIDIG_mpi_win_flush(615)............:
MPIDI_OFI_win_progress_fence_impl(65):
MPIDI_OFI_handle_cq_error(1310)......: OFI poll failed (ofi_events.c:1312:MPIDI_OFI_handle_cq_error:Input/output error - PTLTE_NOT_FOUND)

aborting job:
Fatal error in PMPI_Win_flush: Other MPI error, error stack:
PMPI_Win_flush(139)..................: MPI_Win_flush(target_rank=0, win=0xa0000000) failed
MPID_Win_flush(294)..................:
MPIDIG_mpi_win_flush(615)............:
MPIDI_OFI_win_progress_fence_impl(65):
MPIDI_OFI_handle_cq_error(1310)......: OFI poll failed (ofi_events.c:1312:MPIDI_OFI_handle_cq_error:Input/output error - PTLTE_NOT_FOUND)
MPICH ERROR [Rank 660] [job id 5137469.119] [Sun Aug  2 01:55:13 2026] [frontier01450] - Abort(606226319) (rank 660 in comm 0): Fatal error in PMPI_Win_flush: Other MPI error, error stack:
PMPI_Win_flush(139)..................: MPI_Win_flush(target_rank=0, win=0xa0000000) failed
MPID_Win_flush(294)..................:
MPIDIG_mpi_win_flush(615)............:
MPIDI_OFI_win_progress_fence_impl(65):
MPIDI_OFI_handle_cq_error(1310)......: OFI poll failed (ofi_events.c:1312:MPIDI_OFI_handle_cq_error:Input/output error - PTLTE_NOT_FOUND)

aborting job:
Fatal error in PMPI_Win_flush: Other MPI error, error stack:
PMPI_Win_flush(139)..................: MPI_Win_flush(target_rank=0, win=0xa0000000) failed
MPID_Win_flush(294)..................:
MPIDIG_mpi_win_flush(615)............:
MPIDI_OFI_win_progress_fence_impl(65):
MPIDI_OFI_handle_cq_error(1310)......: OFI poll failed (ofi_events.c:1312:MPIDI_OFI_handle_cq_error:Input/output error - PTLTE_NOT_FOUND)
MPICH ERROR [Rank 685] [job id 5137469.119] [Sun Aug  2 01:55:13 2026] [frontier01576] - Abort(606226319) (rank 685 in comm 0): Fatal error in PMPI_Win_flush: Other MPI error, error stack:
PMPI_Win_flush(139)..................: MPI_Win_flush(target_rank=0, win=0xa0000000) failed
MPID_Win_flush(294)..................:
MPIDIG_mpi_win_flush(615)............:
MPIDI_OFI_win_progress_fence_impl(65):
srun: error: frontier00035: task 18: Bus error
MPIDI_OFI_handle_cq_error(1310)......: OFI poll failed (ofi_events.c:1312:MPIDI_OFI_handle_cq_error:Input/output error - PTLTE_NOT_FOUND)

srun: Terminating StepId=5137469.119
aborting job:
Fatal error in PMPI_Win_flush: Other MPI error, error stack:
PMPI_Win_flush(139)..................: MPI_Win_flush(target_rank=0, win=0xa0000000) failed
MPID_Win_flush(294)..................:
MPIDIG_mpi_win_flush(615)............:
MPIDI_OFI_win_progress_fence_impl(65):
MPIDI_OFI_handle_cq_error(1310)......: OFI poll failed (ofi_events.c:1312:MPIDI_OFI_handle_cq_error:Input/output error - PTLTE_NOT_FOUND)
MPICH ERROR [Rank 775] [job id 5137469.119] [Sun Aug  2 01:55:13 2026] [frontier01701] - Abort(606226319) (rank 775 in comm 0): Fatal error in PMPI_Win_flush: Other MPI error, error stack:
PMPI_Win_flush(139)..................: MPI_Win_flush(target_rank=0, win=0xa0000000) failed
MPID_Win_flush(294)..................:
MPIDIG_mpi_win_flush(615)............:
MPIDI_OFI_win_progress_fence_impl(65):
MPIDI_OFI_handle_cq_error(1310)......: OFI poll failed (ofi_events.c:1312:MPIDI_OFI_handle_cq_error:Input/output error - PTLTE_NOT_FOUND)

aborting job:
Fatal error in PMPI_Win_flush: Other MPI error, error stack:
PMPI_Win_flush(139)..................: MPI_Win_flush(target_rank=0, win=0xa0000000) failed
MPID_Win_flush(294)..................:
MPIDIG_mpi_win_flush(615)............:
MPIDI_OFI_win_progress_fence_impl(65):
MPIDI_OFI_handle_cq_error(1310)......: OFI poll failed (ofi_events.c:1312:MPIDI_OFI_handle_cq_error:Input/output error - PTLTE_NOT_FOUND)
MPICH ERROR [Rank 288] [job id 5137469.119] [Sun Aug  2 01:55:13 2026] [frontier00669] - Abort(606226319) (rank 288 in comm 0): Fatal error in PMPI_Win_flush: Other MPI error, error stack:
PMPI_Win_flush(139)..................: MPI_Win_flush(target_rank=0, win=0xa0000000) failed
MPID_Win_flush(294)..................:
MPIDIG_mpi_win_flush(615)............:
MPIDI_OFI_win_progress_fence_impl(65):
MPIDI_OFI_handle_cq_error(1310)......: OFI poll failed (ofi_events.c:1312:MPIDI_OFI_handle_cq_error:Input/output error - PTLTE_NOT_FOUND)

aborting job:
Fatal error in PMPI_Win_flush: Other MPI error, error stack:
PMPI_Win_flush(139)..................: MPI_Win_flush(target_rank=0, win=0xa0000000) failed
MPID_Win_flush(294)..................:
MPIDIG_mpi_win_flush(615)............:
MPIDI_OFI_win_progress_fence_impl(65):
MPIDI_OFI_handle_cq_error(1310)......: OFI poll failed (ofi_events.c:1312:MPIDI_OFI_handle_cq_error:Input/output error - PTLTE_NOT_FOUND)
MPICH ERROR [Rank 591] [job id 5137469.119] [Sun Aug  2 01:55:13 2026] [frontier01313] - Abort(606226319) (rank 591 in comm 0): Fatal error in PMPI_Win_flush: Other MPI error, error stack:
PMPI_Win_flush(139)..................: MPI_Win_flush(target_rank=0, win=0xa0000000) failed
MPID_Win_flush(294)..................:
MPIDIG_mpi_win_flush(615)............:
MPIDI_OFI_win_progress_fence_impl(65):
MPIDI_OFI_handle_cq_error(1310)......: OFI poll failed (ofi_events.c:1312:MPIDI_OFI_handle_cq_error:Input/output error - PTLTE_NOT_FOUND)

aborting job:
Fatal error in PMPI_Win_flush: Other MPI error, error stack:
PMPI_Win_flush(139)..................: MPI_Win_flush(target_rank=0, win=0xa0000000) failed
MPID_Win_flush(294)..................:
MPIDIG_mpi_win_flush(615)............:
MPIDI_OFI_win_progress_fence_impl(65):
MPIDI_OFI_handle_cq_error(1310)......: OFI poll failed (ofi_events.c:1312:MPIDI_OFI_handle_cq_error:Input/output error - PTLTE_NOT_FOUND)
MPICH ERROR [Rank 534] [job id 5137469.119] [Sun Aug  2 01:55:13 2026] [frontier01210] - Abort(606226319) (rank 534 in comm 0): Fatal error in PMPI_Win_flush: Other MPI error, error stack:
PMPI_Win_flush(139)..................: MPI_Win_flush(target_rank=0, win=0xa0000000) failed
MPID_Win_flush(294)..................:
MPIDIG_mpi_win_flush(615)............:
MPIDI_OFI_win_progress_fence_impl(65):
MPIDI_OFI_handle_cq_error(1310)......: OFI poll failed (ofi_events.c:1312:MPIDI_OFI_handle_cq_error:Input/output error - PTLTE_NOT_FOUND)

aborting job:
Fatal error in PMPI_Win_flush: Other MPI error, error stack:
PMPI_Win_flush(139)..................: MPI_Win_flush(target_rank=0, win=0xa0000000) failed
MPID_Win_flush(294)..................:
MPIDIG_mpi_win_flush(615)............:
MPIDI_OFI_win_progress_fence_impl(65):
MPIDI_OFI_handle_cq_error(1310)......: OFI poll failed (ofi_events.c:1312:MPIDI_OFI_handle_cq_error:Input/output error - PTLTE_NOT_FOUND)
MPICH ERROR [Rank 729] [job id 5137469.119] [Sun Aug  2 01:55:13 2026] [frontier01701] - Abort(606226319) (rank 729 in comm 0): Fatal error in PMPI_Win_flush: Other MPI error, error stack:
PMPI_Win_flush(139)..................: MPI_Win_flush(target_rank=0, win=0xa0000000) failed
MPID_Win_flush(294)..................:
MPIDIG_mpi_win_flush(615)............:
MPIDI_OFI_win_progress_fence_impl(65):
MPIDI_OFI_handle_cq_error(1310)......: OFI poll failed (ofi_events.c:1312:MPIDI_OFI_handle_cq_error:Input/output error - PTLTE_NOT_FOUND)

aborting job:
Fatal error in PMPI_Win_flush: Other MPI error, error stack:
PMPI_Win_flush(139)..................: MPI_Win_flush(target_rank=0, win=0xa0000000) failed
MPID_Win_flush(294)..................:
MPIDIG_mpi_win_flush(615)............:
MPIDI_OFI_win_progress_fence_impl(65):
MPIDI_OFI_handle_cq_error(1310)......: OFI poll failed (ofi_events.c:1312:MPIDI_OFI_handle_cq_error:Input/output error - PTLTE_NOT_FOUND)
MPICH ERROR [Rank 80] [job id 5137469.119] [Sun Aug  2 01:55:13 2026] [frontier00169] - Abort(606226319) (rank 80 in comm 0): Fatal error in PMPI_Win_flush: Other MPI error, error stack:
PMPI_Win_flush(139)..................: MPI_Win_flush(target_rank=0, win=0xa0000000) failed
MPID_Win_flush(294)..................:
MPIDIG_mpi_win_flush(615)............:
MPIDI_OFI_win_progress_fence_impl(65):
MPIDI_OFI_handle_cq_error(1310)......: OFI poll failed (ofi_events.c:1312:MPIDI_OFI_handle_cq_error:Input/output error - PTLTE_NOT_FOUND)

aborting job:
Fatal error in PMPI_Win_flush: Other MPI error, error stack:
PMPI_Win_flush(139)..................: MPI_Win_flush(target_rank=0, win=0xa0000000) failed
MPID_Win_flush(294)..................:
MPIDIG_mpi_win_flush(615)............:
MPIDI_OFI_win_progress_fence_impl(65):
MPIDI_OFI_handle_cq_error(1310)......: OFI poll failed (ofi_events.c:1312:MPIDI_OFI_handle_cq_error:Input/output error - PTLTE_NOT_FOUND)
MPICH ERROR [Rank 428] [job id 5137469.119] [Sun Aug  2 01:55:13 2026] [frontier00973] - Abort(606226319) (rank 428 in comm 0): Fatal error in PMPI_Win_flush: Other MPI error, error stack:
PMPI_Win_flush(139)..................: MPI_Win_flush(target_rank=0, win=0xa0000000) failed
MPID_Win_flush(294)..................:
MPIDIG_mpi_win_flush(615)............:
MPIDI_OFI_win_progress_fence_impl(65):
MPIDI_OFI_handle_cq_error(1310)......: OFI poll failed (ofi_events.c:1312:MPIDI_OFI_handle_cq_error:Input/output error - PTLTE_NOT_FOUND)

aborting job:
Fatal error in PMPI_Win_flush: Other MPI error, error stack:
PMPI_Win_flush(139)..................: MPI_Win_flush(target_rank=0, win=0xa0000000) failed
MPID_Win_flush(294)..................:
MPIDIG_mpi_win_flush(615)............:
MPIDI_OFI_win_progress_fence_impl(65):
MPIDI_OFI_handle_cq_error(1310)......: OFI poll failed (ofi_events.c:1312:MPIDI_OFI_handle_cq_error:Input/output error - PTLTE_NOT_FOUND)
MPICH ERROR [Rank 62] [job id 5137469.119] [Sun Aug  2 01:55:13 2026] [frontier00169] - Abort(606226319) (rank 62 in comm 0): Fatal error in PMPI_Win_flush: Other MPI error, error stack:
PMPI_Win_flush(139)..................: MPI_Win_flush(target_rank=0, win=0xa0000000) failed
MPID_Win_flush(294)..................:
MPIDIG_mpi_win_flush(615)............:
MPIDI_OFI_win_progress_fence_impl(65):
MPIDI_OFI_handle_cq_error(1310)......: OFI poll failed (ofi_events.c:1312:MPIDI_OFI_handle_cq_error:Input/output error - PTLTE_NOT_FOUND)

aborting job:
Fatal error in PMPI_Win_flush: Other MPI error, error stack:
PMPI_Win_flush(139)..................: MPI_Win_flush(target_rank=0, win=0xa0000000) failed
MPID_Win_flush(294)..................:
MPIDIG_mpi_win_flush(615)............:
MPIDI_OFI_win_progress_fence_impl(65):
MPIDI_OFI_handle_cq_error(1310)......: OFI poll failed (ofi_events.c:1312:MPIDI_OFI_handle_cq_error:Input/output error - PTLTE_NOT_FOUND)
MPICH ERROR [Rank 134] [job id 5137469.119] [Sun Aug  2 01:55:13 2026] [frontier00303] - Abort(606226319) (rank 134 in comm 0): Fatal error in PMPI_Win_flush: Other MPI error, error stack:
PMPI_Win_flush(139)..................: MPI_Win_flush(target_rank=0, win=0xa0000000) failed
MPID_Win_flush(294)..................:
MPIDIG_mpi_win_flush(615)............:
MPIDI_OFI_win_progress_fence_impl(65):
MPIDI_OFI_handle_cq_error(1310)......: OFI poll failed (ofi_events.c:1312:MPIDI_OFI_handle_cq_error:Input/output error - PTLTE_NOT_FOUND)

aborting job:
Fatal error in PMPI_Win_flush: Other MPI error, error stack:
PMPI_Win_flush(139)..................: MPI_Win_flush(target_rank=0, win=0xa0000000) failed
MPID_Win_flush(294)..................:
MPIDIG_mpi_win_flush(615)............:
MPIDI_OFI_win_progress_fence_impl(65):
MPIDI_OFI_handle_cq_error(1310)......: OFI poll failed (ofi_events.c:1312:MPIDI_OFI_handle_cq_error:Input/output error - PTLTE_NOT_FOUND)
MPICH ERROR [Rank 629] [job id 5137469.119] [Sun Aug  2 01:55:13 2026] [frontier01450] - Abort(606226319) (rank 629 in comm 0): Fatal error in PMPI_Win_flush: Other MPI error, error stack:
PMPI_Win_flush(139)..................: MPI_Win_flush(target_rank=0, win=0xa0000000) failed
MPID_Win_flush(294)..................:
MPIDIG_mpi_win_flush(615)............:
MPIDI_OFI_win_progress_fence_impl(65):
MPIDI_OFI_handle_cq_error(1310)......: OFI poll failed (ofi_events.c:1312:MPIDI_OFI_handle_cq_error:Input/output error - PTLTE_NOT_FOUND)

aborting job:
Fatal error in PMPI_Win_flush: Other MPI error, error stack:
PMPI_Win_flush(139)..................: MPI_Win_flush(target_rank=0, win=0xa0000000) failed
MPID_Win_flush(294)..................:
MPIDIG_mpi_win_flush(615)............:
MPIDI_OFI_win_progress_fence_impl(65):
MPIDI_OFI_handle_cq_error(1310)......: OFI poll failed (ofi_events.c:1312:MPIDI_OFI_handle_cq_error:Input/output error - PTLTE_NOT_FOUND)
MPICH ERROR [Rank 430] [job id 5137469.119] [Sun Aug  2 01:55:13 2026] [frontier00973] - Abort(606226319) (rank 430 in comm 0): Fatal error in PMPI_Win_flush: Other MPI error, error stack:
PMPI_Win_flush(139)..................: MPI_Win_flush(target_rank=0, win=0xa0000000) failed
MPID_Win_flush(294)..................:
MPIDIG_mpi_win_flush(615)............:
MPIDI_OFI_win_progress_fence_impl(65):
MPIDI_OFI_handle_cq_error(1310)......: OFI poll failed (ofi_events.c:1312:MPIDI_OFI_handle_cq_error:Input/output error - PTLTE_NOT_FOUND)

aborting job:
Fatal error in PMPI_Win_flush: Other MPI error, error stack:
PMPI_Win_flush(139)..................: MPI_Win_flush(target_rank=0, win=0xa0000000) failed
MPID_Win_flush(294)..................:
MPIDIG_mpi_win_flush(615)............:
MPIDI_OFI_win_progress_fence_impl(65):
MPIDI_OFI_handle_cq_error(1310)......: OFI poll failed (ofi_events.c:1312:MPIDI_OFI_handle_cq_error:Input/output error - PTLTE_NOT_FOUND)
MPICH ERROR [Rank 114] [job id 5137469.119] [Sun Aug  2 01:55:13 2026] [frontier00303] - Abort(606226319) (rank 114 in comm 0): Fatal error in PMPI_Win_flush: Other MPI error, error stack:
PMPI_Win_flush(139)..................: MPI_Win_flush(target_rank=0, win=0xa0000000) failed
MPID_Win_flush(294)..................:
MPIDIG_mpi_win_flush(615)............:
MPIDI_OFI_win_progress_fence_impl(65):
MPIDI_OFI_handle_cq_error(1310)......: OFI poll failed (ofi_events.c:1312:MPIDI_OFI_handle_cq_error:Input/output error - PTLTE_NOT_FOUND)

aborting job:
Fatal error in PMPI_Win_flush: Other MPI error, error stack:
PMPI_Win_flush(139)..................: MPI_Win_flush(target_rank=0, win=0xa0000000) failed
MPID_Win_flush(294)..................:
MPIDIG_mpi_win_flush(615)............:
MPIDI_OFI_win_progress_fence_impl(65):
MPIDI_OFI_handle_cq_error(1310)......: OFI poll failed (ofi_events.c:1312:MPIDI_OFI_handle_cq_error:Input/output error - PTLTE_NOT_FOUND)
MPICH ERROR [Rank 564] [job id 5137469.119] [Sun Aug  2 01:55:13 2026] [frontier01313] - Abort(606226319) (rank 564 in comm 0): Fatal error in PMPI_Win_flush: Other MPI error, error stack:
PMPI_Win_flush(139)..................: MPI_Win_flush(target_rank=0, win=0xa0000000) failed
MPID_Win_flush(294)..................:
MPIDIG_mpi_win_flush(615)............:
MPIDI_OFI_win_progress_fence_impl(65):
MPIDI_OFI_handle_cq_error(1310)......: OFI poll failed (ofi_events.c:1312:MPIDI_OFI_handle_cq_error:Input/output error - PTLTE_NOT_FOUND)

aborting job:
Fatal error in PMPI_Win_flush: Other MPI error, error stack:
PMPI_Win_flush(139)..................: MPI_Win_flush(target_rank=0, win=0xa0000000) failed
MPID_Win_flush(294)..................:
MPIDIG_mpi_win_flush(615)............:
MPIDI_OFI_win_progress_fence_impl(65):
MPIDI_OFI_handle_cq_error(1310)......: OFI poll failed (ofi_events.c:1312:MPIDI_OFI_handle_cq_error:Input/output error - PTLTE_NOT_FOUND)
MPICH ERROR [Rank 551] [job id 5137469.119] [Sun Aug  2 01:55:13 2026] [frontier01210] - Abort(606226319) (rank 551 in comm 0): Fatal error in PMPI_Win_flush: Other MPI error, error stack:
PMPI_Win_flush(139)..................: MPI_Win_flush(target_rank=0, win=0xa0000000) failed
MPID_Win_flush(294)..................:
MPIDIG_mpi_win_flush(615)............:
MPIDI_OFI_win_progress_fence_impl(65):
MPIDI_OFI_handle_cq_error(1310)......: OFI poll failed (ofi_events.c:1312:MPIDI_OFI_handle_cq_error:Input/output error - PTLTE_NOT_FOUND)

aborting job:
Fatal error in PMPI_Win_flush: Other MPI error, error stack:
PMPI_Win_flush(139)..................: MPI_Win_flush(target_rank=0, win=0xa0000000) failed
MPID_Win_flush(294)..................:
MPIDIG_mpi_win_flush(615)............:
MPIDI_OFI_win_progress_fence_impl(65):
MPIDI_OFI_handle_cq_error(1310)......: OFI poll failed (ofi_events.c:1312:MPIDI_OFI_handle_cq_error:Input/output error - PTLTE_NOT_FOUND)
MPICH ERROR [Rank 804] [job id 5137469.119] [Sun Aug  2 01:55:13 2026] [frontier01882] - Abort(606226319) (rank 804 in comm 0): Fatal error in PMPI_Win_flush: Other MPI error, error stack:
PMPI_Win_flush(139)..................: MPI_Win_flush(target_rank=0, win=0xa0000000) failed
MPID_Win_flush(294)..................:
MPIDIG_mpi_win_flush(615)............:
MPIDI_OFI_win_progress_fence_impl(65):
MPIDI_OFI_handle_cq_error(1310)......: OFI poll failed (ofi_events.c:1312:MPIDI_OFI_handle_cq_error:Input/output error - PTLTE_NOT_FOUND)

aborting job:
Fatal error in PMPI_Win_flush: Other MPI error, error stack:
PMPI_Win_flush(139)..................: MPI_Win_flush(target_rank=0, win=0xa0000000) failed
MPID_Win_flush(294)..................:
MPIDIG_mpi_win_flush(615)............:
MPIDI_OFI_win_progress_fence_impl(65):
MPIDI_OFI_handle_cq_error(1310)......: OFI poll failed (ofi_events.c:1312:MPIDI_OFI_handle_cq_error:Input/output error - PTLTE_NOT_FOUND)
MPICH ERROR [Rank 574] [job id 5137469.119] [Sun Aug  2 01:55:13 2026] [frontier01313] - Abort(606226319) (rank 574 in comm 0): Fatal error in PMPI_Win_flush: Other MPI error, error stack:
PMPI_Win_flush(139)..................: MPI_Win_flush(target_rank=0, win=0xa0000000) failed
MPID_Win_flush(294)..................:
MPIDIG_mpi_win_flush(615)............:
MPIDI_OFI_win_progress_fence_impl(65):
MPIDI_OFI_handle_cq_error(1310)......: OFI poll failed (ofi_events.c:1312:MPIDI_OFI_handle_cq_error:Input/output error - PTLTE_NOT_FOUND)

aborting job:
Fatal error in PMPI_Win_flush: Other MPI error, error stack:
PMPI_Win_flush(139)..................: MPI_Win_flush(target_rank=0, win=0xa0000000) failed
MPID_Win_flush(294)..................:
MPIDIG_mpi_win_flush(615)............:
MPIDI_OFI_win_progress_fence_impl(65):
MPIDI_OFI_handle_cq_error(1310)......: OFI poll failed (ofi_events.c:1312:MPIDI_OFI_handle_cq_error:Input/output error - PTLTE_NOT_FOUND)
MPICH ERROR [Rank 676] [job id 5137469.119] [Sun Aug  2 01:55:13 2026] [frontier01576] - Abort(606226319) (rank 676 in comm 0): Fatal error in PMPI_Win_flush: Other MPI error, error stack:
PMPI_Win_flush(139)..................: MPI_Win_flush(target_rank=0, win=0xa0000000) failed
MPID_Win_flush(294)..................:
MPIDIG_mpi_win_flush(615)............:
MPIDI_OFI_win_progress_fence_impl(65):
MPIDI_OFI_handle_cq_error(1310)......: OFI poll failed (ofi_events.c:1312:MPIDI_OFI_handle_cq_error:Input/output error - PTLTE_NOT_FOUND)

aborting job:
Fatal error in PMPI_Win_flush: Other MPI error, error stack:
PMPI_Win_flush(139)..................: MPI_Win_flush(target_rank=0, win=0xa0000000) failed
MPID_Win_flush(294)..................:
MPIDIG_mpi_win_flush(615)............:
MPIDI_OFI_win_progress_fence_impl(65):
MPIDI_OFI_handle_cq_error(1310)......: OFI poll failed (ofi_events.c:1312:MPIDI_OFI_handle_cq_error:Input/output error - PTLTE_NOT_FOUND)
MPICH ERROR [Rank 486] [job id 5137469.119] [Sun Aug  2 01:55:13 2026] [frontier01094] - Abort(606226319) (rank 486 in comm 0): Fatal error in PMPI_Win_flush: Other MPI error, error stack:
PMPI_Win_flush(139)..................: MPI_Win_flush(target_rank=0, win=0xa0000000) failed
MPID_Win_flush(294)..................:
MPIDIG_mpi_win_flush(615)............:
MPIDI_OFI_win_progress_fence_impl(65):
MPIDI_OFI_handle_cq_error(1310)......: OFI poll failed (ofi_events.c:1312:MPIDI_OFI_handle_cq_error:Input/output error - PTLTE_NOT_FOUND)

aborting job:
Fatal error in PMPI_Win_flush: Other MPI error, error stack:
PMPI_Win_flush(139)..................: MPI_Win_flush(target_rank=0, win=0xa0000000) failed
MPID_Win_flush(294)..................:
MPIDIG_mpi_win_flush(615)............:
MPIDI_OFI_win_progress_fence_impl(65):
MPIDI_OFI_handle_cq_error(1310)......: OFI poll failed (ofi_events.c:1312:MPIDI_OFI_handle_cq_error:Input/output error - PTLTE_NOT_FOUND)
MPICH ERROR [Rank 578] [job id 5137469.119] [Sun Aug  2 01:55:13 2026] [frontier01313] - Abort(606226319) (rank 578 in comm 0): Fatal error in PMPI_Win_flush: Other MPI error, error stack:
PMPI_Win_flush(139)..................: MPI_Win_flush(target_rank=0, win=0xa0000000) failed
MPID_Win_flush(294)..................:
MPIDIG_mpi_win_flush(615)............:
MPIDI_OFI_win_progress_fence_impl(65):
MPIDI_OFI_handle_cq_error(1310)......: OFI poll failed (ofi_events.c:1312:MPIDI_OFI_handle_cq_error:Input/output error - PTLTE_NOT_FOUND)

aborting job:
Fatal error in PMPI_Win_flush: Other MPI error, error stack:
PMPI_Win_flush(139)..................: MPI_Win_flush(target_rank=0, win=0xa0000000) failed
MPID_Win_flush(294)..................:
MPIDIG_mpi_win_flush(615)............:
MPIDI_OFI_win_progress_fence_impl(65):
MPIDI_OFI_handle_cq_error(1310)......: OFI poll failed (ofi_events.c:1312:MPIDI_OFI_handle_cq_error:Input/output error - PTLTE_NOT_FOUND)
MPICH ERROR [Rank 236] [job id 5137469.119] [Sun Aug  2 01:55:13 2026] [frontier00549] - Abort(606226319) (rank 236 in comm 0): Fatal error in PMPI_Win_flush: Other MPI error, error stack:
PMPI_Win_flush(139)..................: MPI_Win_flush(target_rank=0, win=0xa0000000) failed
MPID_Win_flush(294)..................:
MPIDIG_mpi_win_flush(615)............:
MPIDI_OFI_win_progress_fence_impl(65):
MPIDI_OFI_handle_cq_error(1310)......: OFI poll failed (ofi_events.c:1312:MPIDI_OFI_handle_cq_error:Input/output error - PTLTE_NOT_FOUND)

aborting job:
Fatal error in PMPI_Win_flush: Other MPI error, error stack:
PMPI_Win_flush(139)..................: MPI_Win_flush(target_rank=0, win=0xa0000000) failed
MPID_Win_flush(294)..................:
MPIDIG_mpi_win_flush(615)............:
MPIDI_OFI_win_progress_fence_impl(65):
MPIDI_OFI_handle_cq_error(1310)......: OFI poll failed (ofi_events.c:1312:MPIDI_OFI_handle_cq_error:Input/output error - PTLTE_NOT_FOUND)
MPICH ERROR [Rank 483] [job id 5137469.119] [Sun Aug  2 01:55:13 2026] [frontier01094] - Abort(606226319) (rank 483 in comm 0): Fatal error in PMPI_Win_flush: Other MPI error, error stack:
PMPI_Win_flush(139)..................: MPI_Win_flush(target_rank=0, win=0xa0000000) failed
MPID_Win_flush(294)..................:
MPIDIG_mpi_win_flush(615)............:
MPIDI_OFI_win_progress_fence_impl(65):
MPIDI_OFI_handle_cq_error(1310)......: OFI poll failed (ofi_events.c:1312:MPIDI_OFI_handle_cq_error:Input/output error - PTLTE_NOT_FOUND)

aborting job:
Fatal error in PMPI_Win_flush: Other MPI error, error stack:
PMPI_Win_flush(139)..................: MPI_Win_flush(target_rank=0, win=0xa0000000) failed
MPID_Win_flush(294)..................:
MPIDIG_mpi_win_flush(615)............:
MPIDI_OFI_win_progress_fence_impl(65):
MPIDI_OFI_handle_cq_error(1310)......: OFI poll failed (ofi_events.c:1312:MPIDI_OFI_handle_cq_error:Input/output error - PTLTE_NOT_FOUND)
MPICH ERROR [Rank 705] [job id 5137469.119] [Sun Aug  2 01:55:13 2026] [frontier01576] - Abort(606226319) (rank 705 in comm 0): Fatal error in PMPI_Win_flush: Other MPI error, error stack:
PMPI_Win_flush(139)..................: MPI_Win_flush(target_rank=0, win=0xa0000000) failed
MPID_Win_flush(294)..................:
MPIDIG_mpi_win_flush(615)............:
MPIDI_OFI_win_progress_fence_impl(65):
MPIDI_OFI_handle_cq_error(1310)......: OFI poll failed (ofi_events.c:1312:MPIDI_OFI_handle_cq_error:Input/output error - PTLTE_NOT_FOUND)

aborting job:
Fatal error in PMPI_Win_flush: Other MPI error, error stack:
PMPI_Win_flush(139)..................: MPI_Win_flush(target_rank=0, win=0xa0000000) failed
MPID_Win_flush(294)..................:
MPIDIG_mpi_win_flush(615)............:
MPIDI_OFI_win_progress_fence_impl(65):
MPIDI_OFI_handle_cq_error(1310)......: OFI poll failed (ofi_events.c:1312:MPIDI_OFI_handle_cq_error:Input/output error - PTLTE_NOT_FOUND)
MPICH ERROR [Rank 287] [job id 5137469.119] [Sun Aug  2 01:55:13 2026] [frontier00669] - Abort(606226319) (rank 287 in comm 0): Fatal error in PMPI_Win_flush: Other MPI error, error stack:
PMPI_Win_flush(139)..................: MPI_Win_flush(target_rank=0, win=0xa0000000) failed
MPID_Win_flush(294)..................:
MPIDIG_mpi_win_flush(615)............:
MPIDI_OFI_win_progress_fence_impl(65):
MPIDI_OFI_handle_cq_error(1310)......: OFI poll failed (ofi_events.c:1312:MPIDI_OFI_handle_cq_error:Input/output error - PTLTE_NOT_FOUND)

aborting job:
Fatal error in PMPI_Win_flush: Other MPI error, error stack:
PMPI_Win_flush(139)..................: MPI_Win_flush(target_rank=0, win=0xa0000000) failed
MPID_Win_flush(294)..................:
MPIDIG_mpi_win_flush(615)............:
MPIDI_OFI_win_progress_fence_impl(65):
MPIDI_OFI_handle_cq_error(1310)......: OFI poll failed (ofi_events.c:1312:MPIDI_OFI_handle_cq_error:Input/output error - PTLTE_NOT_FOUND)
MPICH ERROR [Rank 698] [job id 5137469.119] [Sun Aug  2 01:55:13 2026] [frontier01576] - Abort(606226319) (rank 698 in comm 0): Fatal error in PMPI_Win_flush: Other MPI error, error stack:
PMPI_Win_flush(139)..................: MPI_Win_flush(target_rank=0, win=0xa0000000) failed
MPID_Win_flush(294)..................:
MPIDIG_mpi_win_flush(615)............:
MPIDI_OFI_win_progress_fence_impl(65):
MPIDI_OFI_handle_cq_error(1310)......: OFI poll failed (ofi_events.c:1312:MPIDI_OFI_handle_cq_error:Input/output error - PTLTE_NOT_FOUND)

aborting job:
Fatal error in PMPI_Win_flush: Other MPI error, error stack:
PMPI_Win_flush(139)..................: MPI_Win_flush(target_rank=0, win=0xa0000000) failed
MPID_Win_flush(294)..................:
MPIDIG_mpi_win_flush(615)............:
MPIDI_OFI_win_progress_fence_impl(65):
MPIDI_OFI_handle_cq_error(1310)......: OFI poll failed (ofi_events.c:1312:MPIDI_OFI_handle_cq_error:Input/output error - PTLTE_NOT_FOUND)
MPICH ERROR [Rank 810] [job id 5137469.119] [Sun Aug  2 01:55:13 2026] [frontier01882] - Abort(606226319) (rank 810 in comm 0): Fatal error in PMPI_Win_flush: Other MPI error, error stack:
PMPI_Win_flush(139)..................: MPI_Win_flush(target_rank=0, win=0xa0000000) failed
MPID_Win_flush(294)..................:
MPIDIG_mpi_win_flush(615)............:
MPIDI_OFI_win_progress_fence_impl(65):
MPIDI_OFI_handle_cq_error(1310)......: OFI poll failed (ofi_events.c:1312:MPIDI_OFI_handle_cq_error:Input/output error - PTLTE_NOT_FOUND)

aborting job:
Fatal error in PMPI_Win_flush: Other MPI error, error stack:
PMPI_Win_flush(139)..................: MPI_Win_flush(target_rank=0, win=0xa0000000) failed
MPID_Win_flush(294)..................:
MPIDIG_mpi_win_flush(615)............:
MPIDI_OFI_win_progress_fence_impl(65):
MPIDI_OFI_handle_cq_error(1310)......: OFI poll failed (ofi_events.c:1312:MPIDI_OFI_handle_cq_error:Input/output error - PTLTE_NOT_FOUND)
MPICH ERROR [Rank 146] [job id 5137469.119] [Sun Aug  2 01:55:13 2026] [frontier00303] - Abort(606226319) (rank 146 in comm 0): Fatal error in PMPI_Win_flush: Other MPI error, error stack:
PMPI_Win_flush(139)..................: MPI_Win_flush(target_rank=0, win=0xa0000000) failed
MPID_Win_flush(294)..................:
MPIDIG_mpi_win_flush(615)............:
MPIDI_OFI_win_progress_fence_impl(65):
MPIDI_OFI_handle_cq_error(1310)......: OFI poll failed (ofi_events.c:1312:MPIDI_OFI_handle_cq_error:Input/output error - PTLTE_NOT_FOUND)

aborting job:
Fatal error in PMPI_Win_flush: Other MPI error, error stack:
PMPI_Win_flush(139)..................: MPI_Win_flush(target_rank=0, win=0xa0000000) failed
MPID_Win_flush(294)..................:
MPIDIG_mpi_win_flush(615)............:
MPIDI_OFI_win_progress_fence_impl(65):
MPIDI_OFI_handle_cq_error(1310)......: OFI poll failed (ofi_events.c:1312:MPIDI_OFI_handle_cq_error:Input/output error - PTLTE_NOT_FOUND)
MPICH ERROR [Rank 89] [job id 5137469.119] [Sun Aug  2 01:55:13 2026] [frontier00169] - Abort(606226319) (rank 89 in comm 0): Fatal error in PMPI_Win_flush: Other MPI error, error stack:
PMPI_Win_flush(139)..................: MPI_Win_flush(target_rank=0, win=0xa0000000) failed
MPID_Win_flush(294)..................:
MPIDIG_mpi_win_flush(615)............:
MPIDI_OFI_win_progress_fence_impl(65):
MPIDI_OFI_handle_cq_error(1310)......: OFI poll failed (ofi_events.c:1312:MPIDI_OFI_handle_cq_error:Input/output error - PTLTE_NOT_FOUND)

aborting job:
Fatal error in PMPI_Win_flush: Other MPI error, error stack:
PMPI_Win_flush(139)..................: MPI_Win_flush(target_rank=0, win=0xa0000000) failed
MPID_Win_flush(294)..................:
MPIDIG_mpi_win_flush(615)............:
MPIDI_OFI_win_progress_fence_impl(65):
MPIDI_OFI_handle_cq_error(1310)......: OFI poll failed (ofi_events.c:1312:MPIDI_OFI_handle_cq_error:Input/output error - PTLTE_NOT_FOUND)
MPICH ERROR [Rank 173] [job id 5137469.119] [Sun Aug  2 01:55:13 2026] [frontier00435] - Abort(606226319) (rank 173 in comm 0): Fatal error in PMPI_Win_flush: Other MPI error, error stack:
PMPI_Win_flush(139)..................: MPI_Win_flush(target_rank=0, win=0xa0000000) failed
MPID_Win_flush(294)..................:
MPIDIG_mpi_win_flush(615)............:
MPIDI_OFI_win_progress_fence_impl(65):
MPIDI_OFI_handle_cq_error(1310)......: OFI poll failed (ofi_events.c:1312:MPIDI_OFI_handle_cq_error:Input/output error - PTLTE_NOT_FOUND)

aborting job:
Fatal error in PMPI_Win_flush: Other MPI error, error stack:
PMPI_Win_flush(139)..................: MPI_Win_flush(target_rank=0, win=0xa0000000) failed
MPID_Win_flush(294)..................:
MPIDIG_mpi_win_flush(615)............:
MPIDI_OFI_win_progress_fence_impl(65):
MPIDI_OFI_handle_cq_error(1310)......: OFI poll failed (ofi_events.c:1312:MPIDI_OFI_handle_cq_error:Input/output error - PTLTE_NOT_FOUND)
MPICH ERROR [Rank 485] [job id 5137469.119] [Sun Aug  2 01:55:13 2026] [frontier01094] - Abort(606226319) (rank 485 in comm 0): Fatal error in PMPI_Win_flush: Other MPI error, error stack:
PMPI_Win_flush(139)..................: MPI_Win_flush(target_rank=0, win=0xa0000000) failed
MPID_Win_flush(294)..................:
MPIDIG_mpi_win_flush(615)............:
MPIDI_OFI_win_progress_fence_impl(65):
MPIDI_OFI_handle_cq_error(1310)......: OFI poll failed (ofi_events.c:1312:MPIDI_OFI_handle_cq_error:Input/output error - PTLTE_NOT_FOUND)

aborting job:
Fatal error in PMPI_Win_flush: Other MPI error, error stack:
PMPI_Win_flush(139)..................: MPI_Win_flush(target_rank=0, win=0xa0000000) failed
MPID_Win_flush(294)..................:
MPIDIG_mpi_win_flush(615)............:
MPIDI_OFI_win_progress_fence_impl(65):
MPIDI_OFI_handle_cq_error(1310)......: OFI poll failed (ofi_events.c:1312:MPIDI_OFI_handle_cq_error:Input/output error - PTLTE_NOT_FOUND)
MPICH ERROR [Rank 790] [job id 5137469.119] [Sun Aug  2 01:55:13 2026] [frontier01882] - Abort(606226319) (rank 790 in comm 0): Fatal error in PMPI_Win_flush: Other MPI error, error stack:
PMPI_Win_flush(139)..................: MPI_Win_flush(target_rank=0, win=0xa0000000) failed
MPID_Win_flush(294)..................:
MPIDIG_mpi_win_flush(615)............:
MPIDI_OFI_win_progress_fence_impl(65):
MPIDI_OFI_handle_cq_error(1310)......: OFI poll failed (ofi_events.c:1312:MPIDI_OFI_handle_cq_error:Input/output error - PTLTE_NOT_FOUND)

aborting job:
Fatal error in PMPI_Win_flush: Other MPI error, error stack:
PMPI_Win_flush(139)..................: MPI_Win_flush(target_rank=0, win=0xa0000000) failed
MPID_Win_flush(294)..................:
MPIDIG_mpi_win_flush(615)............:
MPIDI_OFI_win_progress_fence_impl(65):
MPIDI_OFI_handle_cq_error(1310)......: OFI poll failed (ofi_events.c:1312:MPIDI_OFI_handle_cq_error:Input/output error - PTLTE_NOT_FOUND)
MPICH ERROR [Rank 186] [job id 5137469.119] [Sun Aug  2 01:55:13 2026] [frontier00435] - Abort(606226319) (rank 186 in comm 0): Fatal error in PMPI_Win_flush: Other MPI error, error stack:
PMPI_Win_flush(139)..................: MPI_Win_flush(target_rank=0, win=0xa0000000) failed
MPID_Win_flush(294)..................:
MPIDIG_mpi_win_flush(615)............:
MPIDI_OFI_win_progress_fence_impl(65):
MPIDI_OFI_handle_cq_error(1310)......: OFI poll failed (ofi_events.c:1312:MPIDI_OFI_handle_cq_error:Input/output error - PTLTE_NOT_FOUND)

aborting job:
Fatal error in PMPI_Win_flush: Other MPI error, error stack:
PMPI_Win_flush(139)..................: MPI_Win_flush(target_rank=0, win=0xa0000000) failed
MPID_Win_flush(294)..................:
MPIDIG_mpi_win_flush(615)............:
MPIDI_OFI_win_progress_fence_impl(65):
MPIDI_OFI_handle_cq_error(1310)......: OFI poll failed (ofi_events.c:1312:MPIDI_OFI_handle_cq_error:Input/output error - PTLTE_NOT_FOUND)
MPICH ERROR [Rank 569] [job id 5137469.119] [Sun Aug  2 01:55:13 2026] [frontier01313] - Abort(606226319) (rank 569 in comm 0): Fatal error in PMPI_Win_flush: Other MPI error, error stack:
PMPI_Win_flush(139)..................: MPI_Win_flush(target_rank=0, win=0xa0000000) failed
MPID_Win_flush(294)..................:
MPIDIG_mpi_win_flush(615)............:
MPIDI_OFI_win_progress_fence_impl(65):
MPIDI_OFI_handle_cq_error(1310)......: OFI poll failed (ofi_events.c:1312:MPIDI_OFI_handle_cq_error:Input/output error - PTLTE_NOT_FOUND)

aborting job:
Fatal error in PMPI_Win_flush: Other MPI error, error stack:
PMPI_Win_flush(139)..................: MPI_Win_flush(target_rank=0, win=0xa0000000) failed
MPID_Win_flush(294)..................:
MPIDIG_mpi_win_flush(615)............:
MPIDI_OFI_win_progress_fence_impl(65):
MPIDI_OFI_handle_cq_error(1310)......: OFI poll failed (ofi_events.c:1312:MPIDI_OFI_handle_cq_error:Input/output error - PTLTE_NOT_FOUND)
MPICH ERROR [Rank 389] [job id 5137469.119] [Sun Aug  2 01:55:13 2026] [frontier00828] - Abort(606226319) (rank 389 in comm 0): Fatal error in PMPI_Win_flush: Other MPI error, error stack:
PMPI_Win_flush(139)..................: MPI_Win_flush(target_rank=0, win=0xa0000000) failed
MPID_Win_flush(294)..................:
MPIDIG_mpi_win_flush(615)............:
MPIDI_OFI_win_progress_fence_impl(65):
MPIDI_OFI_handle_cq_error(1310)......: OFI poll failed (ofi_events.c:1312:MPIDI_OFI_handle_cq_error:Input/output error - PTLTE_NOT_FOUND)

aborting job:
Fatal error in PMPI_Win_flush: Other MPI error, error stack:
PMPI_Win_flush(139)..................: MPI_Win_flush(target_rank=0, win=0xa0000000) failed
MPID_Win_flush(294)..................:
MPIDIG_mpi_win_flush(615)............:
MPIDI_OFI_win_progress_fence_impl(65):
MPIDI_OFI_handle_cq_error(1310)......: OFI poll failed (ofi_events.c:1312:MPIDI_OFI_handle_cq_error:Input/output error - PTLTE_NOT_FOUND)
MPICH ERROR [Rank 868] [job id 5137469.119] [Sun Aug  2 01:55:13 2026] [frontier01951] - Abort(606226319) (rank 868 in comm 0): Fatal error in PMPI_Win_flush: Other MPI error, error stack:
PMPI_Win_flush(139)..................: MPI_Win_flush(target_rank=0, win=0xa0000000) failed
MPID_Win_flush(294)..................:
MPIDIG_mpi_win_flush(615)............:
MPIDI_OFI_win_progress_fence_impl(65):
MPIDI_OFI_handle_cq_error(1310)......: OFI poll failed (ofi_events.c:1312:MPIDI_OFI_handle_cq_error:Input/output error - PTLTE_NOT_FOUND)

aborting job:
Fatal error in PMPI_Win_flush: Other MPI error, error stack:
PMPI_Win_flush(139)..................: MPI_Win_flush(target_rank=0, win=0xa0000000) failed
MPID_Win_flush(294)..................:
MPIDIG_mpi_win_flush(615)............:
MPIDI_OFI_win_progress_fence_impl(65):
MPIDI_OFI_handle_cq_error(1310)......: OFI poll failed (ofi_events.c:1312:MPIDI_OFI_handle_cq_error:Input/output error - PTLTE_NOT_FOUND)
MPICH ERROR [Rank 722] [job id 5137469.119] [Sun Aug  2 01:55:13 2026] [frontier01576] - Abort(606226319) (rank 722 in comm 0): Fatal error in PMPI_Win_flush: Other MPI error, error stack:
PMPI_Win_flush(139)..................: MPI_Win_flush(target_rank=0, win=0xa0000000) failed
MPID_Win_flush(294)..................:
MPIDIG_mpi_win_flush(615)............:
MPIDI_OFI_win_progress_fence_impl(65):
MPIDI_OFI_handle_cq_error(1310)......: OFI poll failed (ofi_events.c:1312:MPIDI_OFI_handle_cq_error:Input/output error - PTLTE_NOT_FOUND)

aborting job:
Fatal error in PMPI_Win_flush: Other MPI error, error stack:
PMPI_Win_flush(139)..................: MPI_Win_flush(target_rank=0, win=0xa0000000) failed
MPID_Win_flush(294)..................:
MPIDIG_mpi_win_flush(615)............:
MPIDI_OFI_win_progress_fence_impl(65):
MPIDI_OFI_handle_cq_error(1310)......: OFI poll failed (ofi_events.c:1312:MPIDI_OFI_handle_cq_error:Input/output error - PTLTE_NOT_FOUND)
MPICH ERROR [Rank 442] [job id 5137469.119] [Sun Aug  2 01:55:13 2026] [frontier00973] - Abort(606226319) (rank 442 in comm 0): Fatal error in PMPI_Win_flush: Other MPI error, error stack:
PMPI_Win_flush(139)..................: MPI_Win_flush(target_rank=0, win=0xa0000000) failed
MPID_Win_flush(294)..................:
MPIDIG_mpi_win_flush(615)............:
MPIDI_OFI_win_progress_fence_impl(65):
MPIDI_OFI_handle_cq_error(1310)......: OFI poll failed (ofi_events.c:1312:MPIDI_OFI_handle_cq_error:Input/output error - PTLTE_NOT_FOUND)

aborting job:
Fatal error in PMPI_Win_flush: Other MPI error, error stack:
PMPI_Win_flush(139)..................: MPI_Win_flush(target_rank=0, win=0xa0000000) failed
MPID_Win_flush(294)..................:
MPIDIG_mpi_win_flush(615)............:
MPIDI_OFI_win_progress_fence_impl(65):
MPIDI_OFI_handle_cq_error(1310)......: OFI poll failed (ofi_events.c:1312:MPIDI_OFI_handle_cq_error:Input/output error - PTLTE_NOT_FOUND)
MPICH ERROR [Rank 681] [job id 5137469.119] [Sun Aug  2 01:55:13 2026] [frontier01576] - Abort(606226319) (rank 681 in comm 0): Fatal error in PMPI_Win_flush: Other MPI error, error stack:
PMPI_Win_flush(139)..................: MPI_Win_flush(target_rank=0, win=0xa0000000) failed
MPID_Win_flush(294)..................:
MPIDIG_mpi_win_flush(615)............:
MPIDI_OFI_win_progress_fence_impl(65):
MPIDI_OFI_handle_cq_error(1310)......: OFI poll failed (ofi_events.c:1312:MPIDI_OFI_handle_cq_error:Input/output error - PTLTE_NOT_FOUND)

aborting job:
Fatal error in PMPI_Win_flush: Other MPI error, error stack:
PMPI_Win_flush(139)..................: MPI_Win_flush(target_rank=0, win=0xa0000000) failed
MPID_Win_flush(294)..................:
MPIDIG_mpi_win_flush(615)............:
MPIDI_OFI_win_progress_fence_impl(65):
MPIDI_OFI_handle_cq_error(1310)......: OFI poll failed (ofi_events.c:1312:MPIDI_OFI_handle_cq_error:Input/output error - PTLTE_NOT_FOUND)
MPICH ERROR [Rank 882] [job id 5137469.119] [Sun Aug  2 01:55:13 2026] [frontier01951] - Abort(606226319) (rank 882 in comm 0): Fatal error in PMPI_Win_flush: Other MPI error, error stack:
PMPI_Win_flush(139)..................: MPI_Win_flush(target_rank=0, win=0xa0000000) failed
MPID_Win_flush(294)..................:
MPIDIG_mpi_win_flush(615)............:
MPIDI_OFI_win_progress_fence_impl(65):
MPIDI_OFI_handle_cq_error(1310)......: OFI poll failed (ofi_events.c:1312:MPIDI_OFI_handle_cq_error:Input/output error - PTLTE_NOT_FOUND)

aborting job:
Fatal error in PMPI_Win_flush: Other MPI error, error stack:
PMPI_Win_flush(139)..................: MPI_Win_flush(target_rank=0, win=0xa0000000) failed
MPID_Win_flush(294)..................:
MPIDIG_mpi_win_flush(615)............:
MPIDI_OFI_win_progress_fence_impl(65):
MPIDI_OFI_handle_cq_error(1310)......: OFI poll failed (ofi_events.c:1312:MPIDI_OFI_handle_cq_error:Input/output error - PTLTE_NOT_FOUND)
MPICH ERROR [Rank 179] [job id 5137469.119] [Sun Aug  2 01:55:13 2026] [frontier00435] - Abort(606226319) (rank 179 in comm 0): Fatal error in PMPI_Win_flush: Other MPI error, error stack:
PMPI_Win_flush(139)..................: MPI_Win_flush(target_rank=0, win=0xa0000000) failed
MPID_Win_flush(294)..................:
MPIDIG_mpi_win_flush(615)............:
MPIDI_OFI_win_progress_fence_impl(65):
MPIDI_OFI_handle_cq_error(1310)......: OFI poll failed (ofi_events.c:1312:MPIDI_OFI_handle_cq_error:Input/output error - PTLTE_NOT_FOUND)

aborting job:
Fatal error in PMPI_Win_flush: Other MPI error, error stack:
PMPI_Win_flush(139)..................: MPI_Win_flush(target_rank=0, win=0xa0000000) failed
MPID_Win_flush(294)..................:
MPIDIG_mpi_win_flush(615)............:
MPIDI_OFI_win_progress_fence_impl(65):
MPIDI_OFI_handle_cq_error(1310)......: OFI poll failed (ofi_events.c:1312:MPIDI_OFI_handle_cq_error:Input/output error - PTLTE_NOT_FOUND)
MPICH ERROR [Rank 396] [job id 5137469.119] [Sun Aug  2 01:55:13 2026] [frontier00973] - Abort(606226319) (rank 396 in comm 0): Fatal error in PMPI_Win_flush: Other MPI error, error stack:
PMPI_Win_flush(139)..................: MPI_Win_flush(target_rank=0, win=0xa0000000) failed
MPID_Win_flush(294)..................:
MPIDIG_mpi_win_flush(615)............:
MPIDI_OFI_win_progress_fence_impl(65):
MPIDI_OFI_handle_cq_error(1310)......: OFI poll failed (ofi_events.c:1312:MPIDI_OFI_handle_cq_error:Input/output error - PTLTE_NOT_FOUND)

aborting job:
Fatal error in PMPI_Win_flush: Other MPI error, error stack:
PMPI_Win_flush(139)..................: MPI_Win_flush(target_rank=0, win=0xa0000000) failed
MPID_Win_flush(294)..................:
MPIDIG_mpi_win_flush(615)............:
MPIDI_OFI_win_progress_fence_impl(65):
MPIDI_OFI_handle_cq_error(1310)......: OFI poll failed (ofi_events.c:1312:MPIDI_OFI_handle_cq_error:Input/output error - PTLTE_NOT_FOUND)
MPICH ERROR [Rank 136] [job id 5137469.119] [Sun Aug  2 01:55:13 2026] [frontier00303] - Abort(606226319) (rank 136 in comm 0): Fatal error in PMPI_Win_flush: Other MPI error, error stack:
PMPI_Win_flush(139)..................: MPI_Win_flush(target_rank=0, win=0xa0000000) failed
MPID_Win_flush(294)..................:
MPIDIG_mpi_win_flush(615)............:
MPIDI_OFI_win_progress_fence_impl(65):
MPIDI_OFI_handle_cq_error(1310)......: OFI poll failed (ofi_events.c:1312:MPIDI_OFI_handle_cq_error:Input/output error - PTLTE_NOT_FOUND)

aborting job:
Fatal error in PMPI_Win_flush: Other MPI error, error stack:
PMPI_Win_flush(139)..................: MPI_Win_flush(target_rank=0, win=0xa0000000) failed
MPID_Win_flush(294)..................:
MPIDIG_mpi_win_flush(615)............:
MPIDI_OFI_win_progress_fence_impl(65):
MPIDI_OFI_handle_cq_error(1310)......: OFI poll failed (ofi_events.c:1312:MPIDI_OFI_handle_cq_error:Input/output error - PTLTE_NOT_FOUND)
MPICH ERROR [Rank 421] [job id 5137469.119] [Sun Aug  2 01:55:13 2026] [frontier00973] - Abort(606226319) (rank 421 in comm 0): Fatal error in PMPI_Win_flush: Other MPI error, error stack:
PMPI_Win_flush(139)..................: MPI_Win_flush(target_rank=0, win=0xa0000000) failed
MPID_Win_flush(294)..................:
MPIDIG_mpi_win_flush(615)............:
MPIDI_OFI_win_progress_fence_impl(65):
MPIDI_OFI_handle_cq_error(1310)......: OFI poll failed (ofi_events.c:1312:MPIDI_OFI_handle_cq_error:Input/output error - PTLTE_NOT_FOUND)

aborting job:
Fatal error in PMPI_Win_flush: Other MPI error, error stack:
PMPI_Win_flush(139)..................: MPI_Win_flush(target_rank=0, win=0xa0000000) failed
MPID_Win_flush(294)..................:
MPIDIG_mpi_win_flush(615)............:
MPIDI_OFI_win_progress_fence_impl(65):
MPIDI_OFI_handle_cq_error(1310)......: OFI poll failed (ofi_events.c:1312:MPIDI_OFI_handle_cq_error:Input/output error - PTLTE_NOT_FOUND)
MPICH ERROR [Rank 862] [job id 5137469.119] [Sun Aug  2 01:55:13 2026] [frontier01951] - Abort(606226319) (rank 862 in comm 0): Fatal error in PMPI_Win_flush: Other MPI error, error stack:
PMPI_Win_flush(139)..................: MPI_Win_flush(target_rank=0, win=0xa0000000) failed
MPID_Win_flush(294)..................:
MPIDIG_mpi_win_flush(615)............:
MPIDI_OFI_win_progress_fence_impl(65):
MPIDI_OFI_handle_cq_error(1310)......: OFI poll failed (ofi_events.c:1312:MPIDI_OFI_handle_cq_error:Input/output error - PTLTE_NOT_FOUND)

aborting job:
Fatal error in PMPI_Win_flush: Other MPI error, error stack:
PMPI_Win_flush(139)..................: MPI_Win_flush(target_rank=0, win=0xa0000000) failed
MPID_Win_flush(294)..................:
MPIDIG_mpi_win_flush(615)............:
MPIDI_OFI_win_progress_fence_impl(65):
MPIDI_OFI_handle_cq_error(1310)......: OFI poll failed (ofi_events.c:1312:MPIDI_OFI_handle_cq_error:Input/output error - PTLTE_NOT_FOUND)
MPICH ERROR [Rank 641] [job id 5137469.119] [Sun Aug  2 01:55:13 2026] [frontier01450] - Abort(606226319) (rank 641 in comm 0): Fatal error in PMPI_Win_flush: Other MPI error, error stack:
PMPI_Win_flush(139)..................: MPI_Win_flush(target_rank=0, win=0xa0000000) failed
MPID_Win_flush(294)..................:
MPIDIG_mpi_win_flush(615)............:
MPIDI_OFI_win_progress_fence_impl(65):
MPIDI_OFI_handle_cq_error(1310)......: OFI poll failed (ofi_events.c:1312:MPIDI_OFI_handle_cq_error:Input/output error - PTLTE_NOT_FOUND)

aborting job:
Fatal error in PMPI_Win_flush: Other MPI error, error stack:
PMPI_Win_flush(139)..................: MPI_Win_flush(target_rank=0, win=0xa0000000) failed
MPID_Win_flush(294)..................:
MPIDIG_mpi_win_flush(615)............:
MPIDI_OFI_win_progress_fence_impl(65):
MPIDI_OFI_handle_cq_error(1310)......: OFI poll failed (ofi_events.c:1312:MPIDI_OFI_handle_cq_error:Input/output error - PTLTE_NOT_FOUND)
MPICH ERROR [Rank 809] [job id 5137469.119] [Sun Aug  2 01:55:13 2026] [frontier01882] - Abort(606226319) (rank 809 in comm 0): Fatal error in PMPI_Win_flush: Other MPI error, error stack:
PMPI_Win_flush(139)..................: MPI_Win_flush(target_rank=0, win=0xa0000000) failed
MPID_Win_flush(294)..................:
MPIDIG_mpi_win_flush(615)............:
MPIDI_OFI_win_progress_fence_impl(65):
MPIDI_OFI_handle_cq_error(1310)......: OFI poll failed (ofi_events.c:1312:MPIDI_OFI_handle_cq_error:Input/output error - PTLTE_NOT_FOUND)

aborting job:
Fatal error in PMPI_Win_flush: Other MPI error, error stack:
PMPI_Win_flush(139)..................: MPI_Win_flush(target_rank=0, win=0xa0000000) failed
MPID_Win_flush(294)..................:
MPIDIG_mpi_win_flush(615)............:
MPIDI_OFI_win_progress_fence_impl(65):
MPIDI_OFI_handle_cq_error(1310)......: OFI poll failed (ofi_events.c:1312:MPIDI_OFI_handle_cq_error:Input/output error - PTLTE_NOT_FOUND)
MPICH ERROR [Rank 88] [job id 5137469.119] [Sun Aug  2 01:55:13 2026] [frontier00169] - Abort(606226319) (rank 88 in comm 0): Fatal error in PMPI_Win_flush: Other MPI error, error stack:
PMPI_Win_flush(139)..................: MPI_Win_flush(target_rank=0, win=0xa0000000) failed
MPID_Win_flush(294)..................:
MPIDIG_mpi_win_flush(615)............:
MPIDI_OFI_win_progress_fence_impl(65):
MPIDI_OFI_handle_cq_error(1310)......: OFI poll failed (ofi_events.c:1312:MPIDI_OFI_handle_cq_error:Input/output error - PTLTE_NOT_FOUND)

aborting job:
Fatal error in PMPI_Win_flush: Other MPI error, error stack:
PMPI_Win_flush(139)..................: MPI_Win_flush(target_rank=0, win=0xa0000000) failed
MPID_Win_flush(294)..................:
MPIDIG_mpi_win_flush(615)............:
MPIDI_OFI_win_progress_fence_impl(65):
MPIDI_OFI_handle_cq_error(1310)......: OFI poll failed (ofi_events.c:1312:MPIDI_OFI_handle_cq_error:Input/output error - PTLTE_NOT_FOUND)
MPICH ERROR [Rank 842] [job id 5137469.119] [Sun Aug  2 01:55:13 2026] [frontier01951] - Abort(606226319) (rank 842 in comm 0): Fatal error in PMPI_Win_flush: Other MPI error, error stack:
PMPI_Win_flush(139)..................: MPI_Win_flush(target_rank=0, win=0xa0000000) failed
MPID_Win_flush(294)..................:
MPIDIG_mpi_win_flush(615)............:
MPIDI_OFI_win_progress_fence_impl(65):
MPIDI_OFI_handle_cq_error(1310)......: OFI poll failed (ofi_events.c:1312:MPIDI_OFI_handle_cq_error:Input/output error - PTLTE_NOT_FOUND)

aborting job:
Fatal error in PMPI_Win_flush: Other MPI error, error stack:
PMPI_Win_flush(139)..................: MPI_Win_flush(target_rank=0, win=0xa0000000) failed
MPID_Win_flush(294)..................:
MPIDIG_mpi_win_flush(615)............:
MPIDI_OFI_win_progress_fence_impl(65):
MPIDI_OFI_handle_cq_error(1310)......: OFI poll failed (ofi_events.c:1312:MPIDI_OFI_handle_cq_error:Input/output error - PTLTE_NOT_FOUND)
MPICH ERROR [Rank 98] [job id 5137469.119] [Sun Aug  2 01:55:13 2026] [frontier00169] - Abort(606226319) (rank 98 in comm 0): Fatal error in PMPI_Win_flush: Other MPI error, error stack:
PMPI_Win_flush(139)..................: MPI_Win_flush(target_rank=0, win=0xa0000000) failed
MPID_Win_flush(294)..................:
MPIDIG_mpi_win_flush(615)............:
MPIDI_OFI_win_progress_fence_impl(65):
MPIDI_OFI_handle_cq_error(1310)......: OFI poll failed (ofi_events.c:1312:MPIDI_OFI_handle_cq_error:Input/output error - PTLTE_NOT_FOUND)

aborting job:
Fatal error in PMPI_Win_flush: Other MPI error, error stack:
PMPI_Win_flush(139)..................: MPI_Win_flush(target_rank=0, win=0xa0000000) failed
MPID_Win_flush(294)..................:
MPIDIG_mpi_win_flush(615)............:
MPIDI_OFI_win_progress_fence_impl(65):
MPIDI_OFI_handle_cq_error(1310)......: OFI poll failed (ofi_events.c:1312:MPIDI_OFI_handle_cq_error:Input/output error - PTLTE_NOT_FOUND)
MPICH ERROR [Rank 131] [job id 5137469.119] [Sun Aug  2 01:55:13 2026] [frontier00303] - Abort(606226319) (rank 131 in comm 0): Fatal error in PMPI_Win_flush: Other MPI error, error stack:
PMPI_Win_flush(139)..................: MPI_Win_flush(target_rank=0, win=0xa0000000) failed
MPID_Win_flush(294)..................:
MPIDIG_mpi_win_flush(615)............:
MPIDI_OFI_win_progress_fence_impl(65):
MPIDI_OFI_handle_cq_error(1310)......: OFI poll failed (ofi_events.c:1312:MPIDI_OFI_handle_cq_error:Input/output error - PTLTE_NOT_FOUND)

aborting job:
Fatal error in PMPI_Win_flush: Other MPI error, error stack:
PMPI_Win_flush(139)..................: MPI_Win_flush(target_rank=0, win=0xa0000000) failed
MPID_Win_flush(294)..................:
MPIDIG_mpi_win_flush(615)............:
MPIDI_OFI_win_progress_fence_impl(65):
MPIDI_OFI_handle_cq_error(1310)......: OFI poll failed (ofi_events.c:1312:MPIDI_OFI_handle_cq_error:Input/output error - PTLTE_NOT_FOUND)
MPICH ERROR [Rank 388] [job id 5137469.119] [Sun Aug  2 01:55:13 2026] [frontier00828] - Abort(606226319) (rank 388 in comm 0): Fatal error in PMPI_Win_flush: Other MPI error, error stack:
PMPI_Win_flush(139)..................: MPI_Win_flush(target_rank=0, win=0xa0000000) failed
MPID_Win_flush(294)..................:
MPIDIG_mpi_win_flush(615)............:
MPIDI_OFI_win_progress_fence_impl(65):
MPIDI_OFI_handle_cq_error(1310)......: OFI poll failed (ofi_events.c:1312:MPIDI_OFI_handle_cq_error:Input/output error - PTLTE_NOT_FOUND)

aborting job:
Fatal error in PMPI_Win_flush: Other MPI error, error stack:
PMPI_Win_flush(139)..................: MPI_Win_flush(target_rank=0, win=0xa0000000) failed
MPID_Win_flush(294)..................:
MPIDIG_mpi_win_flush(615)............:
MPIDI_OFI_win_progress_fence_impl(65):
MPIDI_OFI_handle_cq_error(1310)......: OFI poll failed (ofi_events.c:1312:MPIDI_OFI_handle_cq_error:Input/output error - PTLTE_NOT_FOUND)
MPICH ERROR [Rank 295] [job id 5137469.119] [Sun Aug  2 01:55:13 2026] [frontier00669] - Abort(606226319) (rank 295 in comm 0): Fatal error in PMPI_Win_flush: Other MPI error, error stack:
PMPI_Win_flush(139)..................: MPI_Win_flush(target_rank=0, win=0xa0000000) failed
MPID_Win_flush(294)..................:
MPIDIG_mpi_win_flush(615)............:
MPIDI_OFI_win_progress_fence_impl(65):
MPIDI_OFI_handle_cq_error(1310)......: OFI poll failed (ofi_events.c:1312:MPIDI_OFI_handle_cq_error:Input/output error - PTLTE_NOT_FOUND)

aborting job:
Fatal error in PMPI_Win_flush: Other MPI error, error stack:
PMPI_Win_flush(139)..................: MPI_Win_flush(target_rank=0, win=0xa0000000) failed
MPID_Win_flush(294)..................:
MPIDIG_mpi_win_flush(615)............:
MPIDI_OFI_win_progress_fence_impl(65):
MPIDI_OFI_handle_cq_error(1310)......: OFI poll failed (ofi_events.c:1312:MPIDI_OFI_handle_cq_error:Input/output error - PTLTE_NOT_FOUND)
MPICH ERROR [Rank 338] [job id 5137469.119] [Sun Aug  2 01:55:13 2026] [frontier00828] - Abort(606226319) (rank 338 in comm 0): Fatal error in PMPI_Win_flush: Other MPI error, error stack:
PMPI_Win_flush(139)..................: MPI_Win_flush(target_rank=0, win=0xa0000000) failed
MPID_Win_flush(294)..................:
MPIDIG_mpi_win_flush(615)............:
MPIDI_OFI_win_progress_fence_impl(65):
MPIDI_OFI_handle_cq_error(1310)......: OFI poll failed (ofi_events.c:1312:MPIDI_OFI_handle_cq_error:Input/output error - PTLTE_NOT_FOUND)

aborting job:
Fatal error in PMPI_Win_flush: Other MPI error, error stack:
PMPI_Win_flush(139)..................: MPI_Win_flush(target_rank=0, win=0xa0000000) failed
MPID_Win_flush(294)..................:
MPIDIG_mpi_win_flush(615)............:
MPIDI_OFI_win_progress_fence_impl(65):
MPIDI_OFI_handle_cq_error(1310)......: OFI poll failed (ofi_events.c:1312:MPIDI_OFI_handle_cq_error:Input/output error - PTLTE_NOT_FOUND)
MPICH ERROR [Rank 672] [job id 5137469.119] [Sun Aug  2 01:55:13 2026] [frontier01576] - Abort(606226319) (rank 672 in comm 0): Fatal error in PMPI_Win_flush: Other MPI error, error stack:
PMPI_Win_flush(139)..................: MPI_Win_flush(target_rank=0, win=0xa0000000) failed
MPID_Win_flush(294)..................:
MPIDIG_mpi_win_flush(615)............:
MPIDI_OFI_win_progress_fence_impl(65):
MPIDI_OFI_handle_cq_error(1310)......: OFI poll failed (ofi_events.c:1312:MPIDI_OFI_handle_cq_error:Input/output error - PTLTE_NOT_FOUND)

aborting job:
Fatal error in PMPI_Win_flush: Other MPI error, error stack:
PMPI_Win_flush(139)..................: MPI_Win_flush(target_rank=0, win=0xa0000000) failed
MPID_Win_flush(294)..................:
MPIDIG_mpi_win_flush(615)............:
MPIDI_OFI_win_progress_fence_impl(65):
MPIDI_OFI_handle_cq_error(1310)......: OFI poll failed (ofi_events.c:1312:MPIDI_OFI_handle_cq_error:Input/output error - PTLTE_NOT_FOUND)
MPICH ERROR [Rank 355] [job id 5137469.119] [Sun Aug  2 01:55:13 2026] [frontier00828] - Abort(606226319) (rank 355 in comm 0): Fatal error in PMPI_Win_flush: Other MPI error, error stack:
PMPI_Win_flush(139)..................: MPI_Win_flush(target_rank=0, win=0xa0000000) failed
MPID_Win_flush(294)..................:
MPIDIG_mpi_win_flush(615)............:
MPIDI_OFI_win_progress_fence_impl(65):
MPIDI_OFI_handle_cq_error(1310)......: OFI poll failed (ofi_events.c:1312:MPIDI_OFI_handle_cq_error:Input/output error - PTLTE_NOT_FOUND)

aborting job:
Fatal error in PMPI_Win_flush: Other MPI error, error stack:
PMPI_Win_flush(139)..................: MPI_Win_flush(target_rank=0, win=0xa0000000) failed
MPID_Win_flush(294)..................:
MPIDIG_mpi_win_flush(615)............:
MPIDI_OFI_win_progress_fence_impl(65):
MPIDI_OFI_handle_cq_error(1310)......: OFI poll failed (ofi_events.c:1312:MPIDI_OFI_handle_cq_error:Input/output error - PTLTE_NOT_FOUND)
MPICH ERROR [Rank 489] [job id 5137469.119] [Sun Aug  2 01:55:13 2026] [frontier01094] - Abort(606226319) (rank 489 in comm 0): Fatal error in PMPI_Win_flush: Other MPI error, error stack:
PMPI_Win_flush(139)..................: MPI_Win_flush(target_rank=0, win=0xa0000000) failed
MPID_Win_flush(294)..................:
MPIDIG_mpi_win_flush(615)............:
MPIDI_OFI_win_progress_fence_impl(65):
MPIDI_OFI_handle_cq_error(1310)......: OFI poll failed (ofi_events.c:1312:MPIDI_OFI_handle_cq_error:Input/output error - PTLTE_NOT_FOUND)

aborting job:
Fatal error in PMPI_Win_flush: Other MPI error, error stack:
PMPI_Win_flush(139)..................: MPI_Win_flush(target_rank=0, win=0xa0000000) failed
MPID_Win_flush(294)..................:
MPIDIG_mpi_win_flush(615)............:
MPIDI_OFI_win_progress_fence_impl(65):
MPIDI_OFI_handle_cq_error(1310)......: OFI poll failed (ofi_events.c:1312:MPIDI_OFI_handle_cq_error:Input/output error - PTLTE_NOT_FOUND)
MPICH ERROR [Rank 589] [job id 5137469.119] [Sun Aug  2 01:55:13 2026] [frontier01313] - Abort(606226319) (rank 589 in comm 0): Fatal error in PMPI_Win_flush: Other MPI error, error stack:
PMPI_Win_flush(139)..................: MPI_Win_flush(target_rank=0, win=0xa0000000) failed
MPID_Win_flush(294)..................:
MPIDIG_mpi_win_flush(615)............:
MPIDI_OFI_win_progress_fence_impl(65):
MPIDI_OFI_handle_cq_error(1310)......: OFI poll failed (ofi_events.c:1312:MPIDI_OFI_handle_cq_error:Input/output error - PTLTE_NOT_FOUND)

aborting job:
Fatal error in PMPI_Win_flush: Other MPI error, error stack:
PMPI_Win_flush(139)..................: MPI_Win_flush(target_rank=0, win=0xa0000000) failed
MPID_Win_flush(294)..................:
MPIDIG_mpi_win_flush(615)............:
MPIDI_OFI_win_progress_fence_impl(65):
MPIDI_OFI_handle_cq_error(1310)......: OFI poll failed (ofi_events.c:1312:MPIDI_OFI_handle_cq_error:Input/output error - PTLTE_NOT_FOUND)
MPICH ERROR [Rank 699] [job id 5137469.119] [Sun Aug  2 01:55:13 2026] [frontier01576] - Abort(606226319) (rank 699 in comm 0): Fatal error in PMPI_Win_flush: Other MPI error, error stack:
PMPI_Win_flush(139)..................: MPI_Win_flush(target_rank=0, win=0xa0000000) failed
MPID_Win_flush(294)..................:
MPIDIG_mpi_win_flush(615)............:
MPIDI_OFI_win_progress_fence_impl(65):
MPIDI_OFI_handle_cq_error(1310)......: OFI poll failed (ofi_events.c:1312:MPIDI_OFI_handle_cq_error:Input/output error - PTLTE_NOT_FOUND)

aborting job:
Fatal error in PMPI_Win_flush: Other MPI error, error stack:
PMPI_Win_flush(139)..................: MPI_Win_flush(target_rank=0, win=0xa0000000) failed
MPID_Win_flush(294)..................:
MPIDIG_mpi_win_flush(615)............:
MPIDI_OFI_win_progress_fence_impl(65):
MPIDI_OFI_handle_cq_error(1310)......: OFI poll failed (ofi_events.c:1312:MPIDI_OFI_handle_cq_error:Input/output error - PTLTE_NOT_FOUND)
MPICH ERROR [Rank 482] [job id 5137469.119] [Sun Aug  2 01:55:13 2026] [frontier01094] - Abort(606226319) (rank 482 in comm 0): Fatal error in PMPI_Win_flush: Other MPI error, error stack:
PMPI_Win_flush(139)..................: MPI_Win_flush(target_rank=0, win=0xa0000000) failed
MPID_Win_flush(294)..................:
MPIDIG_mpi_win_flush(615)............:
MPIDI_OFI_win_progress_fence_impl(65):
MPIDI_OFI_handle_cq_error(1310)......: OFI poll failed (ofi_events.c:1312:MPIDI_OFI_handle_cq_error:Input/output error - PTLTE_NOT_FOUND)

aborting job:
Fatal error in PMPI_Win_flush: Other MPI error, error stack:
PMPI_Win_flush(139)..................: MPI_Win_flush(target_rank=0, win=0xa0000000) failed
MPID_Win_flush(294)..................:
MPIDIG_mpi_win_flush(615)............:
MPIDI_OFI_win_progress_fence_impl(65):
MPIDI_OFI_handle_cq_error(1310)......: OFI poll failed (ofi_events.c:1312:MPIDI_OFI_handle_cq_error:Input/output error - PTLTE_NOT_FOUND)
MPICH ERROR [Rank 105] [job id 5137469.119] [Sun Aug  2 01:55:13 2026] [frontier00169] - Abort(606226319) (rank 105 in comm 0): Fatal error in PMPI_Win_flush: Other MPI error, error stack:
PMPI_Win_flush(139)..................: MPI_Win_flush(target_rank=0, win=0xa0000000) failed
MPID_Win_flush(294)..................:
MPIDIG_mpi_win_flush(615)............:
MPIDI_OFI_win_progress_fence_impl(65):
MPIDI_OFI_handle_cq_error(1310)......: OFI poll failed (ofi_events.c:1312:MPIDI_OFI_handle_cq_error:Input/output error - PTLTE_NOT_FOUND)

aborting job:
Fatal error in PMPI_Win_flush: Other MPI error, error stack:
PMPI_Win_flush(139)..................: MPI_Win_flush(target_rank=0, win=0xa0000000) failed
MPID_Win_flush(294)..................:
MPIDIG_mpi_win_flush(615)............:
MPIDI_OFI_win_progress_fence_impl(65):
MPIDI_OFI_handle_cq_error(1310)......: OFI poll failed (ofi_events.c:1312:MPIDI_OFI_handle_cq_error:Input/output error - PTLTE_NOT_FOUND)
MPICH ERROR [Rank 869] [job id 5137469.119] [Sun Aug  2 01:55:13 2026] [frontier01951] - Abort(606226319) (rank 869 in comm 0): Fatal error in PMPI_Win_flush: Other MPI error, error stack:
PMPI_Win_flush(139)..................: MPI_Win_flush(target_rank=0, win=0xa0000000) failed
MPID_Win_flush(294)..................:
MPIDIG_mpi_win_flush(615)............:
MPIDI_OFI_win_progress_fence_impl(65):
MPIDI_OFI_handle_cq_error(1310)......: OFI poll failed (ofi_events.c:1312:MPIDI_OFI_handle_cq_error:Input/output error - PTLTE_NOT_FOUND)

aborting job:
Fatal error in PMPI_Win_flush: Other MPI error, error stack:
PMPI_Win_flush(139)..................: MPI_Win_flush(target_rank=0, win=0xa0000000) failed
MPID_Win_flush(294)..................:
MPIDIG_mpi_win_flush(615)............:
MPIDI_OFI_win_progress_fence_impl(65):
MPIDI_OFI_handle_cq_error(1310)......: OFI poll failed (ofi_events.c:1312:MPIDI_OFI_handle_cq_error:Input/output error - PTLTE_NOT_FOUND)
MPICH ERROR [Rank 651] [job id 5137469.119] [Sun Aug  2 01:55:13 2026] [frontier01450] - Abort(606226319) (rank 651 in comm 0): Fatal error in PMPI_Win_flush: Other MPI error, error stack:
PMPI_Win_flush(139)..................: MPI_Win_flush(target_rank=0, win=0xa0000000) failed
MPID_Win_flush(294)..................:
MPIDIG_mpi_win_flush(615)............:
MPIDI_OFI_win_progress_fence_impl(65):
MPIDI_OFI_handle_cq_error(1310)......: OFI poll failed (ofi_events.c:1312:MPIDI_OFI_handle_cq_error:Input/output error - PTLTE_NOT_FOUND)

aborting job:
Fatal error in PMPI_Win_flush: Other MPI error, error stack:
PMPI_Win_flush(139)..................: MPI_Win_flush(target_rank=0, win=0xa0000000) failed
MPID_Win_flush(294)..................:
MPIDIG_mpi_win_flush(615)............:
MPIDI_OFI_win_progress_fence_impl(65):
MPIDI_OFI_handle_cq_error(1310)......: OFI poll failed (ofi_events.c:1312:MPIDI_OFI_handle_cq_error:Input/output error - PTLTE_NOT_FOUND)
MPICH ERROR [Rank 723] [job id 5137469.119] [Sun Aug  2 01:55:13 2026] [frontier01576] - Abort(606226319) (rank 723 in comm 0): Fatal error in PMPI_Win_flush: Other MPI error, error stack:
PMPI_Win_flush(139)..................: MPI_Win_flush(target_rank=0, win=0xa0000000) failed
MPID_Win_flush(294)..................:
MPIDIG_mpi_win_flush(615)............:
MPIDI_OFI_win_progress_fence_impl(65):
MPIDI_OFI_handle_cq_error(1310)......: OFI poll failed (ofi_events.c:1312:MPIDI_OFI_handle_cq_error:Input/output error - PTLTE_NOT_FOUND)

aborting job:
Fatal error in PMPI_Win_flush: Other MPI error, error stack:
PMPI_Win_flush(139)..................: MPI_Win_flush(target_rank=0, win=0xa0000000) failed
MPID_Win_flush(294)..................:
MPIDIG_mpi_win_flush(615)............:
MPIDI_OFI_win_progress_fence_impl(65):
MPIDI_OFI_handle_cq_error(1310)......: OFI poll failed (ofi_events.c:1312:MPIDI_OFI_handle_cq_error:Input/output error - PTLTE_NOT_FOUND)
MPICH ERROR [Rank 249] [job id 5137469.119] [Sun Aug  2 01:55:13 2026] [frontier00549] - Abort(606226319) (rank 249 in comm 0): Fatal error in PMPI_Win_flush: Other MPI error, error stack:
PMPI_Win_flush(139)..................: MPI_Win_flush(target_rank=0, win=0xa0000000) failed
MPID_Win_flush(294)..................:
MPIDIG_mpi_win_flush(615)............:
MPIDI_OFI_win_progress_fence_impl(65):
MPIDI_OFI_handle_cq_error(1310)......: OFI poll failed (ofi_events.c:1312:MPIDI_OFI_handle_cq_error:Input/output error - PTLTE_NOT_FOUND)

aborting job:
Fatal error in PMPI_Win_flush: Other MPI error, error stack:
PMPI_Win_flush(139)..................: MPI_Win_flush(target_rank=0, win=0xa0000000) failed
MPID_Win_flush(294)..................:
MPIDIG_mpi_win_flush(615)............:
MPIDI_OFI_win_progress_fence_impl(65):
MPIDI_OFI_handle_cq_error(1310)......: OFI poll failed (ofi_events.c:1312:MPIDI_OFI_handle_cq_error:Input/output error - PTLTE_NOT_FOUND)
MPICH ERROR [Rank 455] [job id 5137469.119] [Sun Aug  2 01:55:13 2026] [frontier01094] - Abort(606226319) (rank 455 in comm 0): Fatal error in PMPI_Win_flush: Other MPI error, error stack:
PMPI_Win_flush(139)..................: MPI_Win_flush(target_rank=0, win=0xa0000000) failed
MPID_Win_flush(294)..................:
MPIDIG_mpi_win_flush(615)............:
MPIDI_OFI_win_progress_fence_impl(65):
MPIDI_OFI_handle_cq_error(1310)......: OFI poll failed (ofi_events.c:1312:MPIDI_OFI_handle_cq_error:Input/output error - PTLTE_NOT_FOUND)

aborting job:
Fatal error in PMPI_Win_flush: Other MPI error, error stack:
PMPI_Win_flush(139)..................: MPI_Win_flush(target_rank=0, win=0xa0000000) failed
MPID_Win_flush(294)..................:
MPIDIG_mpi_win_flush(615)............:
MPIDI_OFI_win_progress_fence_impl(65):
MPIDI_OFI_handle_cq_error(1310)......: OFI poll failed (ofi_events.c:1312:MPIDI_OFI_handle_cq_error:Input/output error - PTLTE_NOT_FOUND)
MPICH ERROR [Rank 441] [job id 5137469.119] [Sun Aug  2 01:55:13 2026] [frontier00973] - Abort(606226319) (rank 441 in comm 0): Fatal error in PMPI_Win_flush: Other MPI error, error stack:
PMPI_Win_flush(139)..................: MPI_Win_flush(target_rank=0, win=0xa0000000) failed
MPID_Win_flush(294)..................:
MPIDIG_mpi_win_flush(615)............:
MPIDI_OFI_win_progress_fence_impl(65):
MPIDI_OFI_handle_cq_error(1310)......: OFI poll failed (ofi_events.c:1312:MPIDI_OFI_handle_cq_error:Input/output error - PTLTE_NOT_FOUND)

aborting job:
Fatal error in PMPI_Win_flush: Other MPI error, error stack:
PMPI_Win_flush(139)..................: MPI_Win_flush(target_rank=0, win=0xa0000000) failed
MPID_Win_flush(294)..................:
MPIDIG_mpi_win_flush(615)............:
MPIDI_OFI_win_progress_fence_impl(65):
MPIDI_OFI_handle_cq_error(1310)......: OFI poll failed (ofi_events.c:1312:MPIDI_OFI_handle_cq_error:Input/output error - PTLTE_NOT_FOUND)
MPICH ERROR [Rank 463] [job id 5137469.119] [Sun Aug  2 01:55:13 2026] [frontier01094] - Abort(606226319) (rank 463 in comm 0): Fatal error in PMPI_Win_flush: Other MPI error, error stack:
PMPI_Win_flush(139)..................: MPI_Win_flush(target_rank=0, win=0xa0000000) failed
MPID_Win_flush(294)..................:
MPIDIG_mpi_win_flush(615)............:
MPIDI_OFI_win_progress_fence_impl(65):
MPIDI_OFI_handle_cq_error(1310)......: OFI poll failed (ofi_events.c:1312:MPIDI_OFI_handle_cq_error:Input/output error - PTLTE_NOT_FOUND)
MPICH ERROR [Rank 695] [job id 5137469.119] [Sun Aug  2 01:55:13 2026] [frontier01576] - Abort(606226319) (rank 695 in comm 0): Fatal error in PMPI_Win_flush: Other MPI error, error stack:
PMPI_Win_flush(139)..................: MPI_Win_flush(target_rank=0, win=0xa0000000) failed
MPID_Win_flush(294)..................:
MPIDIG_mpi_win_flush(615)............:
MPIDI_OFI_win_progress_fence_impl(65):
MPIDI_OFI_handle_cq_error(1310)......: OFI poll failed (ofi_events.c:1312:MPIDI_OFI_handle_cq_error:Input/output error - PTLTE_NOT_FOUND)

aborting job:
Fatal error in PMPI_Win_flush: Other MPI error, error stack:
PMPI_Win_flush(139)..................: MPI_Win_flush(target_rank=0, win=0xa0000000) failed
MPID_Win_flush(294)..................:
MPIDIG_mpi_win_flush(615)............:
MPIDI_OFI_win_progress_fence_impl(65):
MPIDI_OFI_handle_cq_error(1310)......: OFI poll failed (ofi_events.c:1312:MPIDI_OFI_handle_cq_error:Input/output error - PTLTE_NOT_FOUND)

aborting job:
Fatal error in PMPI_Win_flush: Other MPI error, error stack:
PMPI_Win_flush(139)..................: MPI_Win_flush(target_rank=0, win=0xa0000000) failed
MPID_Win_flush(294)..................:
MPIDIG_mpi_win_flush(615)............:
MPIDI_OFI_win_progress_fence_impl(65):
MPIDI_OFI_handle_cq_error(1310)......: OFI poll failed (ofi_events.c:1312:MPIDI_OFI_handle_cq_error:Input/output error - PTLTE_NOT_FOUND)
MPICH ERROR [Rank 202] [job id 5137469.119] [Sun Aug  2 01:55:13 2026] [frontier00435] - Abort(606226319) (rank 202 in comm 0): Fatal error in PMPI_Win_flush: Other MPI error, error stack:
PMPI_Win_flush(139)..................: MPI_Win_flush(target_rank=0, win=0xa0000000) failed
MPID_Win_flush(294)..................:
MPIDIG_mpi_win_flush(615)............:
MPIDI_OFI_win_progress_fence_impl(65):
MPIDI_OFI_handle_cq_error(1310)......: OFI poll failed (ofi_events.c:1312:MPIDI_OFI_handle_cq_error:Input/output error - PTLTE_NOT_FOUND)

aborting job:
Fatal error in PMPI_Win_flush: Other MPI error, error stack:
PMPI_Win_flush(139)..................: MPI_Win_flush(target_rank=0, win=0xa0000000) failed
MPID_Win_flush(294)..................:
MPIDIG_mpi_win_flush(615)............:
MPIDI_OFI_win_progress_fence_impl(65):
MPIDI_OFI_handle_cq_error(1310)......: OFI poll failed (ofi_events.c:1312:MPIDI_OFI_handle_cq_error:Input/output error - PTLTE_NOT_FOUND)
MPICH ERROR [Rank 281] [job id 5137469.119] [Sun Aug  2 01:55:13 2026] [frontier00669] - Abort(606226319) (rank 281 in comm 0): Fatal error in PMPI_Win_flush: Other MPI error, error stack:
PMPI_Win_flush(139)..................: MPI_Win_flush(target_rank=0, win=0xa0000000) failed
MPID_Win_flush(294)..................:
MPIDIG_mpi_win_flush(615)............:
MPIDI_OFI_win_progress_fence_impl(65):
MPIDI_OFI_handle_cq_error(1310)......: OFI poll failed (ofi_events.c:1312:MPIDI_OFI_handle_cq_error:Input/output error - PTLTE_NOT_FOUND)

aborting job:
Fatal error in PMPI_Win_flush: Other MPI error, error stack:
PMPI_Win_flush(139)..................: MPI_Win_flush(target_rank=0, win=0xa0000000) failed
MPID_Win_flush(294)..................:
MPIDIG_mpi_win_flush(615)............:
MPIDI_OFI_win_progress_fence_impl(65):
MPIDI_OFI_handle_cq_error(1310)......: OFI poll failed (ofi_events.c:1312:MPIDI_OFI_handle_cq_error:Input/output error - PTLTE_NOT_FOUND)
MPICH ERROR [Rank 383] [job id 5137469.119] [Sun Aug  2 01:55:13 2026] [frontier00828] - Abort(606226319) (rank 383 in comm 0): Fatal error in PMPI_Win_flush: Other MPI error, error stack:
PMPI_Win_flush(139)..................: MPI_Win_flush(target_rank=0, win=0xa0000000) failed
MPID_Win_flush(294)..................:
MPIDIG_mpi_win_flush(615)............:
MPIDI_OFI_win_progress_fence_impl(65):
MPIDI_OFI_handle_cq_error(1310)......: OFI poll failed (ofi_events.c:1312:MPIDI_OFI_handle_cq_error:Input/output error - PTLTE_NOT_FOUND)

aborting job:
Fatal error in PMPI_Win_flush: Other MPI error, error stack:
PMPI_Win_flush(139)..................: MPI_Win_flush(target_rank=0, win=0xa0000000) failed
MPID_Win_flush(294)..................:
MPIDIG_mpi_win_flush(615)............:
MPIDI_OFI_win_progress_fence_impl(65):
MPIDI_OFI_handle_cq_error(1310)......: OFI poll failed (ofi_events.c:1312:MPIDI_OFI_handle_cq_error:Input/output error - PTLTE_NOT_FOUND)
MPICH ERROR [Rank 537] [job id 5137469.119] [Sun Aug  2 01:55:13 2026] [frontier01210] - Abort(606226319) (rank 537 in comm 0): Fatal error in PMPI_Win_flush: Other MPI error, error stack:
PMPI_Win_flush(139)..................: MPI_Win_flush(target_rank=0, win=0xa0000000) failed
MPID_Win_flush(294)..................:
MPIDIG_mpi_win_flush(615)............:
MPIDI_OFI_win_progress_fence_impl(65):
MPIDI_OFI_handle_cq_error(1310)......: OFI poll failed (ofi_events.c:1312:MPIDI_OFI_handle_cq_error:Input/output error - PTLTE_NOT_FOUND)

aborting job:
Fatal error in PMPI_Win_flush: Other MPI error, error stack:
PMPI_Win_flush(139)..................: MPI_Win_flush(target_rank=0, win=0xa0000000) failed
MPID_Win_flush(294)..................:
MPIDIG_mpi_win_flush(615)............:
MPIDI_OFI_win_progress_fence_impl(65):
MPIDI_OFI_handle_cq_error(1310)......: OFI poll failed (ofi_events.c:1312:MPIDI_OFI_handle_cq_error:Input/output error - PTLTE_NOT_FOUND)
MPICH ERROR [Rank 183] [job id 5137469.119] [Sun Aug  2 01:55:13 2026] [frontier00435] - Abort(606226319) (rank 183 in comm 0): Fatal error in PMPI_Win_flush: Other MPI error, error stack:
PMPI_Win_flush(139)..................: MPI_Win_flush(target_rank=0, win=0xa0000000) failed
MPID_Win_flush(294)..................:
MPIDIG_mpi_win_flush(615)............:
MPIDI_OFI_win_progress_fence_impl(65):
MPIDI_OFI_handle_cq_error(1310)......: OFI poll failed (ofi_events.c:1312:MPIDI_OFI_handle_cq_error:Input/output error - PTLTE_NOT_FOUND)

aborting job:
Fatal error in PMPI_Win_flush: Other MPI error, error stack:
PMPI_Win_flush(139)..................: MPI_Win_flush(target_rank=0, win=0xa0000000) failed
MPID_Win_flush(294)..................:
MPIDIG_mpi_win_flush(615)............:
MPIDI_OFI_win_progress_fence_impl(65):
MPIDI_OFI_handle_cq_error(1310)......: OFI poll failed (ofi_events.c:1312:MPIDI_OFI_handle_cq_error:Input/output error - PTLTE_NOT_FOUND)
MPICH ERROR [Rank 604] [job id 5137469.119] [Sun Aug  2 01:55:13 2026] [frontier01313] - Abort(606226319) (rank 604 in comm 0): Fatal error in PMPI_Win_flush: Other MPI error, error stack:
PMPI_Win_flush(139)..................: MPI_Win_flush(target_rank=0, win=0xa0000000) failed
MPID_Win_flush(294)..................:
MPIDIG_mpi_win_flush(615)............:
MPIDI_OFI_win_progress_fence_impl(65):
MPIDI_OFI_handle_cq_error(1310)......: OFI poll failed (ofi_events.c:1312:MPIDI_OFI_handle_cq_error:Input/output error - PTLTE_NOT_FOUND)

aborting job:
Fatal error in PMPI_Win_flush: Other MPI error, error stack:
PMPI_Win_flush(139)..................: MPI_Win_flush(target_rank=0, win=0xa0000000) failed
MPID_Win_flush(294)..................:
MPIDIG_mpi_win_flush(615)............:
MPIDI_OFI_win_progress_fence_impl(65):
MPIDI_OFI_handle_cq_error(1310)......: OFI poll failed (ofi_events.c:1312:MPIDI_OFI_handle_cq_error:Input/output error - PTLTE_NOT_FOUND)
MPICH ERROR [Rank 514] [job id 5137469.119] [Sun Aug  2 01:55:13 2026] [frontier01210] - Abort(606226319) (rank 514 in comm 0): Fatal error in PMPI_Win_flush: Other MPI error, error stack:
PMPI_Win_flush(139)..................: MPI_Win_flush(target_rank=0, win=0xa0000000) failed
MPID_Win_flush(294)..................:
MPIDIG_mpi_win_flush(615)............:
MPIDI_OFI_win_progress_fence_impl(65):
MPIDI_OFI_handle_cq_error(1310)......: OFI poll failed (ofi_events.c:1312:MPIDI_OFI_handle_cq_error:Input/output error - PTLTE_NOT_FOUND)

aborting job:
Fatal error in PMPI_Win_flush: Other MPI error, error stack:
PMPI_Win_flush(139)..................: MPI_Win_flush(target_rank=0, win=0xa0000000) failed
MPID_Win_flush(294)..................:
MPIDIG_mpi_win_flush(615)............:
MPIDI_OFI_win_progress_fence_impl(65):
MPIDI_OFI_handle_cq_error(1310)......: OFI poll failed (ofi_events.c:1312:MPIDI_OFI_handle_cq_error:Input/output error - PTLTE_NOT_FOUND)
MPICH ERROR [Rank 422] [job id 5137469.119] [Sun Aug  2 01:55:13 2026] [frontier00973] - Abort(606226319) (rank 422 in comm 0): Fatal error in PMPI_Win_flush: Other MPI error, error stack:
PMPI_Win_flush(139)..................: MPI_Win_flush(target_rank=0, win=0xa0000000) failed
MPID_Win_flush(294)..................:
MPIDIG_mpi_win_flush(615)............:
MPIDI_OFI_win_progress_fence_impl(65):
MPIDI_OFI_handle_cq_error(1310)......: OFI poll failed (ofi_events.c:1312:MPIDI_OFI_handle_cq_error:Input/output error - PTLTE_NOT_FOUND)

aborting job:
Fatal error in PMPI_Win_flush: Other MPI error, error stack:
PMPI_Win_flush(139)..................: MPI_Win_flush(target_rank=0, win=0xa0000000) failed
MPID_Win_flush(294)..................:
MPIDIG_mpi_win_flush(615)............:
MPIDI_OFI_win_progress_fence_impl(65):
MPIDI_OFI_handle_cq_error(1310)......: OFI poll failed (ofi_events.c:1312:MPIDI_OFI_handle_cq_error:Input/output error - PTLTE_NOT_FOUND)
MPICH ERROR [Rank 77] [job id 5137469.119] [Sun Aug  2 01:55:13 2026] [frontier00169] - Abort(606226319) (rank 77 in comm 0): Fatal error in PMPI_Win_flush: Other MPI error, error stack:
PMPI_Win_flush(139)..................: MPI_Win_flush(target_rank=0, win=0xa0000000) failed
MPID_Win_flush(294)..................:
MPIDIG_mpi_win_flush(615)............:
MPIDI_OFI_win_progress_fence_impl(65):
MPIDI_OFI_handle_cq_error(1310)......: OFI poll failed (ofi_events.c:1312:MPIDI_OFI_handle_cq_error:Input/output error - PTLTE_NOT_FOUND)

aborting job:
Fatal error in PMPI_Win_flush: Other MPI error, error stack:
PMPI_Win_flush(139)..................: MPI_Win_flush(target_rank=0, win=0xa0000000) failed
MPID_Win_flush(294)..................:
MPIDIG_mpi_win_flush(615)............:
MPIDI_OFI_win_progress_fence_impl(65):
MPIDI_OFI_handle_cq_error(1310)......: OFI poll failed (ofi_events.c:1312:MPIDI_OFI_handle_cq_error:Input/output error - PTLTE_NOT_FOUND)
MPICH ERROR [Rank 141] [job id 5137469.119] [Sun Aug  2 01:55:13 2026] [frontier00303] - Abort(606226319) (rank 141 in comm 0): Fatal error in PMPI_Win_flush: Other MPI error, error stack:
PMPI_Win_flush(139)..................: MPI_Win_flush(target_rank=0, win=0xa0000000) failed
MPID_Win_flush(294)..................:
MPIDIG_mpi_win_flush(615)............:
MPIDI_OFI_win_progress_fence_impl(65):
MPIDI_OFI_handle_cq_error(1310)......: OFI poll failed (ofi_events.c:1312:MPIDI_OFI_handle_cq_error:Input/output error - PTLTE_NOT_FOUND)

aborting job:
Fatal error in PMPI_Win_flush: Other MPI error, error stack:
PMPI_Win_flush(139)..................: MPI_Win_flush(target_rank=0, win=0xa0000000) failed
MPID_Win_flush(294)..................:
MPIDIG_mpi_win_flush(615)............:
MPIDI_OFI_win_progress_fence_impl(65):
MPIDI_OFI_handle_cq_error(1310)......: OFI poll failed (ofi_events.c:1312:MPIDI_OFI_handle_cq_error:Input/output error - PTLTE_NOT_FOUND)
MPICH ERROR [Rank 856] [job id 5137469.119] [Sun Aug  2 01:55:13 2026] [frontier01951] - Abort(606226319) (rank 856 in comm 0): Fatal error in PMPI_Win_flush: Other MPI error, error stack:
PMPI_Win_flush(139)..................: MPI_Win_flush(target_rank=0, win=0xa0000000) failed
MPID_Win_flush(294)..................:
MPIDIG_mpi_win_flush(615)............:
MPIDI_OFI_win_progress_fence_impl(65):
MPIDI_OFI_handle_cq_error(1310)......: OFI poll failed (ofi_events.c:1312:MPIDI_OFI_handle_cq_error:Input/output error - PTLTE_NOT_FOUND)

aborting job:
Fatal error in PMPI_Win_flush: Other MPI error, error stack:
PMPI_Win_flush(139)..................: MPI_Win_flush(target_rank=0, win=0xa0000000) failed
MPID_Win_flush(294)..................:
MPIDIG_mpi_win_flush(615)............:
MPIDI_OFI_win_progress_fence_impl(65):
MPIDI_OFI_handle_cq_error(1310)......: OFI poll failed (ofi_events.c:1312:MPIDI_OFI_handle_cq_error:Input/output error - PTLTE_NOT_FOUND)
MPICH ERROR [Rank 461] [job id 5137469.119] [Sun Aug  2 01:55:13 2026] [frontier01094] - Abort(606226319) (rank 461 in comm 0): Fatal error in PMPI_Win_flush: Other MPI error, error stack:
PMPI_Win_flush(139)..................: MPI_Win_flush(target_rank=0, win=0xa0000000) failed
MPID_Win_flush(294)..................:
MPIDIG_mpi_win_flush(615)............:
MPIDI_OFI_win_progress_fence_impl(65):
MPIDI_OFI_handle_cq_error(1310)......: OFI poll failed (ofi_events.c:1312:MPIDI_OFI_handle_cq_error:Input/output error - PTLTE_NOT_FOUND)

aborting job:
Fatal error in PMPI_Win_flush: Other MPI error, error stack:
PMPI_Win_flush(139)..................: MPI_Win_flush(target_rank=0, win=0xa0000000) failed
MPID_Win_flush(294)..................:
MPIDIG_mpi_win_flush(615)............:
MPIDI_OFI_win_progress_fence_impl(65):
MPIDI_OFI_handle_cq_error(1310)......: OFI poll failed (ofi_events.c:1312:MPIDI_OFI_handle_cq_error:Input/output error - PTLTE_NOT_FOUND)
MPICH ERROR [Rank 106] [job id 5137469.119] [Sun Aug  2 01:55:13 2026] [frontier00169] - Abort(606226319) (rank 106 in comm 0): Fatal error in PMPI_Win_flush: Other MPI error, error stack:
PMPI_Win_flush(139)..................: MPI_Win_flush(target_rank=0, win=0xa0000000) failed
MPID_Win_flush(294)..................:
MPIDIG_mpi_win_flush(615)............:
MPIDI_OFI_win_progress_fence_impl(65):
MPIDI_OFI_handle_cq_error(1310)......: OFI poll failed (ofi_events.c:1312:MPIDI_OFI_handle_cq_error:Input/output error - PTLTE_NOT_FOUND)

aborting job:
Fatal error in PMPI_Win_flush: Other MPI error, error stack:
PMPI_Win_flush(139)..................: MPI_Win_flush(target_rank=0, win=0xa0000000) failed
MPID_Win_flush(294)..................:
MPIDIG_mpi_win_flush(615)............:
MPIDI_OFI_win_progress_fence_impl(65):
MPIDI_OFI_handle_cq_error(1310)......: OFI poll failed (ofi_events.c:1312:MPIDI_OFI_handle_cq_error:Input/output error - PTLTE_NOT_FOUND)
MPICH ERROR [Rank 118] [job id 5137469.119] [Sun Aug  2 01:55:13 2026] [frontier00303] - Abort(606226319) (rank 118 in comm 0): Fatal error in PMPI_Win_flush: Other MPI error, error stack:
PMPI_Win_flush(139)..................: MPI_Win_flush(target_rank=0, win=0xa0000000) failed
MPID_Win_flush(294)..................:
MPIDIG_mpi_win_flush(615)............:
MPIDI_OFI_win_progress_fence_impl(65):
MPIDI_OFI_handle_cq_error(1310)......: OFI poll failed (ofi_events.c:1312:MPIDI_OFI_handle_cq_error:Input/output error - PTLTE_NOT_FOUND)

aborting job:
Fatal error in PMPI_Win_flush: Other MPI error, error stack:
PMPI_Win_flush(139)..................: MPI_Win_flush(target_rank=0, win=0xa0000000) failed
MPID_Win_flush(294)..................:
MPIDIG_mpi_win_flush(615)............:
MPIDI_OFI_win_progress_fence_impl(65):
MPIDI_OFI_handle_cq_error(1310)......: OFI poll failed (ofi_events.c:1312:MPIDI_OFI_handle_cq_error:Input/output error - PTLTE_NOT_FOUND)
MPICH ERROR [Rank 668] [job id 5137469.119] [Sun Aug  2 01:55:13 2026] [frontier01450] - Abort(606226319) (rank 668 in comm 0): Fatal error in PMPI_Win_flush: Other MPI error, error stack:
PMPI_Win_flush(139)..................: MPI_Win_flush(target_rank=0, win=0xa0000000) failed
MPID_Win_flush(294)..................:
MPIDIG_mpi_win_flush(615)............:
MPIDI_OFI_win_progress_fence_impl(65):
MPIDI_OFI_handle_cq_error(1310)......: OFI poll failed (ofi_events.c:1312:MPIDI_OFI_handle_cq_error:Input/output error - PTLTE_NOT_FOUND)

aborting job:
Fatal error in PMPI_Win_flush: Other MPI error, error stack:
PMPI_Win_flush(139)..................: MPI_Win_flush(target_rank=0, win=0xa0000000) failed
MPID_Win_flush(294)..................:
MPIDIG_mpi_win_flush(615)............:
MPIDI_OFI_win_progress_fence_impl(65):
MPIDI_OFI_handle_cq_error(1310)......: OFI poll failed (ofi_events.c:1312:MPIDI_OFI_handle_cq_error:Input/output error - PTLTE_NOT_FOUND)
MPICH ERROR [Rank 689] [job id 5137469.119] [Sun Aug  2 01:55:13 2026] [frontier01576] - Abort(606226319) (rank 689 in comm 0): Fatal error in PMPI_Win_flush: Other MPI error, error stack:
PMPI_Win_flush(139)..................: MPI_Win_flush(target_rank=0, win=0xa0000000) failed
MPID_Win_flush(294)..................:
MPIDIG_mpi_win_flush(615)............:
MPIDI_OFI_win_progress_fence_impl(65):
MPIDI_OFI_handle_cq_error(1310)......: OFI poll failed (ofi_events.c:1312:MPIDI_OFI_handle_cq_error:Input/output error - PTLTE_NOT_FOUND)

aborting job:
Fatal error in PMPI_Win_flush: Other MPI error, error stack:
PMPI_Win_flush(139)..................: MPI_Win_flush(target_rank=0, win=0xa0000000) failed
MPID_Win_flush(294)..................:
MPIDIG_mpi_win_flush(615)............:
MPIDI_OFI_win_progress_fence_impl(65):
MPIDI_OFI_handle_cq_error(1310)......: OFI poll failed (ofi_events.c:1312:MPIDI_OFI_handle_cq_error:Input/output error - PTLTE_NOT_FOUND)
MPICH ERROR [Rank 304] [job id 5137469.119] [Sun Aug  2 01:55:13 2026] [frontier00669] - Abort(606226319) (rank 304 in comm 0): Fatal error in PMPI_Win_flush: Other MPI error, error stack:
PMPI_Win_flush(139)..................: MPI_Win_flush(target_rank=0, win=0xa0000000) failed
MPID_Win_flush(294)..................:
MPIDIG_mpi_win_flush(615)............:
MPIDI_OFI_win_progress_fence_impl(65):
MPIDI_OFI_handle_cq_error(1310)......: OFI poll failed (ofi_events.c:1312:MPIDI_OFI_handle_cq_error:Input/output error - PTLTE_NOT_FOUND)

aborting job:
Fatal error in PMPI_Win_flush: Other MPI error, error stack:
PMPI_Win_flush(139)..................: MPI_Win_flush(target_rank=0, win=0xa0000000) failed
MPID_Win_flush(294)..................:
MPIDIG_mpi_win_flush(615)............:
MPIDI_OFI_win_progress_fence_impl(65):
MPIDI_OFI_handle_cq_error(1310)......: OFI poll failed (ofi_events.c:1312:MPIDI_OFI_handle_cq_error:Input/output error - PTLTE_NOT_FOUND)
MPICH ERROR [Rank 851] [job id 5137469.119] [Sun Aug  2 01:55:13 2026] [frontier01951] - Abort(606226319) (rank 851 in comm 0): Fatal error in PMPI_Win_flush: Other MPI error, error stack:
PMPI_Win_flush(139)..................: MPI_Win_flush(target_rank=0, win=0xa0000000) failed
MPID_Win_flush(294)..................:
MPIDIG_mpi_win_flush(615)............:
MPIDI_OFI_win_progress_fence_impl(65):
MPIDI_OFI_handle_cq_error(1310)......: OFI poll failed (ofi_events.c:1312:MPIDI_OFI_handle_cq_error:Input/output error - PTLTE_NOT_FOUND)

aborting job:
Fatal error in PMPI_Win_flush: Other MPI error, error stack:
PMPI_Win_flush(139)..................: MPI_Win_flush(target_rank=0, win=0xa0000000) failed
MPID_Win_flush(294)..................:
MPIDIG_mpi_win_flush(615)............:
MPIDI_OFI_win_progress_fence_impl(65):
MPIDI_OFI_handle_cq_error(1310)......: OFI poll failed (ofi_events.c:1312:MPIDI_OFI_handle_cq_error:Input/output error - PTLTE_NOT_FOUND)
MPICH ERROR [Rank 215] [job id 5137469.119] [Sun Aug  2 01:55:13 2026] [frontier00435] - Abort(606226319) (rank 215 in comm 0): Fatal error in PMPI_Win_flush: Other MPI error, error stack:
PMPI_Win_flush(139)..................: MPI_Win_flush(target_rank=0, win=0xa0000000) failed
MPID_Win_flush(294)..................:
MPIDIG_mpi_win_flush(615)............:
MPIDI_OFI_win_progress_fence_impl(65):
MPIDI_OFI_handle_cq_error(1310)......: OFI poll failed (ofi_events.c:1312:MPIDI_OFI_handle_cq_error:Input/output error - PTLTE_NOT_FOUND)

aborting job:
Fatal error in PMPI_Win_flush: Other MPI error, error stack:
PMPI_Win_flush(139)..................: MPI_Win_flush(target_rank=0, win=0xa0000000) failed
MPID_Win_flush(294)..................:
MPIDIG_mpi_win_flush(615)............:
MPIDI_OFI_win_progress_fence_impl(65):
MPIDI_OFI_handle_cq_error(1310)......: OFI poll failed (ofi_events.c:1312:MPIDI_OFI_handle_cq_error:Input/output error - PTLTE_NOT_FOUND)
MPICH ERROR [Rank 588] [job id 5137469.119] [Sun Aug  2 01:55:13 2026] [frontier01313] - Abort(606226319) (rank 588 in comm 0): Fatal error in PMPI_Win_flush: Other MPI error, error stack:
PMPI_Win_flush(139)..................: MPI_Win_flush(target_rank=0, win=0xa0000000) failed
MPID_Win_flush(294)..................:
MPIDIG_mpi_win_flush(615)............:
MPIDI_OFI_win_progress_fence_impl(65):
MPIDI_OFI_handle_cq_error(1310)......: OFI poll failed (ofi_events.c:1312:MPIDI_OFI_handle_cq_error:Input/output error - PTLTE_NOT_FOUND)

aborting job:
Fatal error in PMPI_Win_flush: Other MPI error, error stack:
PMPI_Win_flush(139)..................: MPI_Win_flush(target_rank=0, win=0xa0000000) failed
MPID_Win_flush(294)..................:
MPIDIG_mpi_win_flush(615)............:
MPIDI_OFI_win_progress_fence_impl(65):
MPIDI_OFI_handle_cq_error(1310)......: OFI poll failed (ofi_events.c:1312:MPIDI_OFI_handle_cq_error:Input/output error - PTLTE_NOT_FOUND)
MPICH ERROR [Rank 847] [job id 5137469.119] [Sun Aug  2 01:55:13 2026] [frontier01951] - Abort(606226319) (rank 847 in comm 0): Fatal error in PMPI_Win_flush: Other MPI error, error stack:
PMPI_Win_flush(139)..................: MPI_Win_flush(target_rank=0, win=0xa0000000) failed
MPID_Win_flush(294)..................:
MPIDIG_mpi_win_flush(615)............:
MPIDI_OFI_win_progress_fence_impl(65):
MPIDI_OFI_handle_cq_error(1310)......: OFI poll failed (ofi_events.c:1312:MPIDI_OFI_handle_cq_error:Input/output error - PTLTE_NOT_FOUND)

aborting job:
Fatal error in PMPI_Win_flush: Other MPI error, error stack:
PMPI_Win_flush(139)..................: MPI_Win_flush(target_rank=0, win=0xa0000000) failed
MPID_Win_flush(294)..................:
MPIDIG_mpi_win_flush(615)............:
MPIDI_OFI_win_progress_fence_impl(65):
MPIDI_OFI_handle_cq_error(1310)......: OFI poll failed (ofi_events.c:1312:MPIDI_OFI_handle_cq_error:Input/output error - PTLTE_NOT_FOUND)
MPICH ERROR [Rank 627] [job id 5137469.119] [Sun Aug  2 01:55:13 2026] [frontier01450] - Abort(606226319) (rank 627 in comm 0): Fatal error in PMPI_Win_flush: Other MPI error, error stack:
PMPI_Win_flush(139)..................: MPI_Win_flush(target_rank=0, win=0xa0000000) failed
MPID_Win_flush(294)..................:
MPIDIG_mpi_win_flush(615)............:
MPIDI_OFI_win_progress_fence_impl(65):
MPIDI_OFI_handle_cq_error(1310)......: OFI poll failed (ofi_events.c:1312:MPIDI_OFI_handle_cq_error:Input/output error - PTLTE_NOT_FOUND)

aborting job:
Fatal error in PMPI_Win_flush: Other MPI error, error stack:
PMPI_Win_flush(139)..................: MPI_Win_flush(target_rank=0, win=0xa0000000) failed
MPID_Win_flush(294)..................:
MPIDIG_mpi_win_flush(615)............:
MPIDI_OFI_win_progress_fence_impl(65):
MPIDI_OFI_handle_cq_error(1310)......: OFI poll failed (ofi_events.c:1312:MPIDI_OFI_handle_cq_error:Input/output error - PTLTE_NOT_FOUND)
MPICH ERROR [Rank 711] [job id 5137469.119] [Sun Aug  2 01:55:13 2026] [frontier01576] - Abort(606226319) (rank 711 in comm 0): Fatal error in PMPI_Win_flush: Other MPI error, error stack:
PMPI_Win_flush(139)..................: MPI_Win_flush(target_rank=0, win=0xa0000000) failed
MPID_Win_flush(294)..................:
MPIDIG_mpi_win_flush(615)............:
MPIDI_OFI_win_progress_fence_impl(65):
MPIDI_OFI_handle_cq_error(1310)......: OFI poll failed (ofi_events.c:1312:MPIDI_OFI_handle_cq_error:Input/output error - PTLTE_NOT_FOUND)

aborting job:
Fatal error in PMPI_Win_flush: Other MPI error, error stack:
PMPI_Win_flush(139)..................: MPI_Win_flush(target_rank=0, win=0xa0000000) failed
MPID_Win_flush(294)..................:
MPIDIG_mpi_win_flush(615)............:
MPIDI_OFI_win_progress_fence_impl(65):
MPIDI_OFI_handle_cq_error(1310)......: OFI poll failed (ofi_events.c:1312:MPIDI_OFI_handle_cq_error:Input/output error - PTLTE_NOT_FOUND)
MPICH ERROR [Rank 161] [job id 5137469.119] [Sun Aug  2 01:55:13 2026] [frontier00303] - Abort(606226319) (rank 161 in comm 0): Fatal error in PMPI_Win_flush: Other MPI error, error stack:
PMPI_Win_flush(139)..................: MPI_Win_flush(target_rank=0, win=0xa0000000) failed
MPID_Win_flush(294)..................:
MPIDIG_mpi_win_flush(615)............:
MPIDI_OFI_win_progress_fence_impl(65):
MPIDI_OFI_handle_cq_error(1310)......: OFI poll failed (ofi_events.c:1312:MPIDI_OFI_handle_cq_error:Input/output error - PTLTE_NOT_FOUND)

aborting job:
Fatal error in PMPI_Win_flush: Other MPI error, error stack:
PMPI_Win_flush(139)..................: MPI_Win_flush(target_rank=0, win=0xa0000000) failed
MPID_Win_flush(294)..................:
MPIDIG_mpi_win_flush(615)............:
MPIDI_OFI_win_progress_fence_impl(65):
MPIDI_OFI_handle_cq_error(1310)......: OFI poll failed (ofi_events.c:1312:MPIDI_OFI_handle_cq_error:Input/output error - PTLTE_NOT_FOUND)
MPICH ERROR [Rank 526] [job id 5137469.119] [Sun Aug  2 01:55:13 2026] [frontier01210] - Abort(606226319) (rank 526 in comm 0): Fatal error in PMPI_Win_flush: Other MPI error, error stack:
PMPI_Win_flush(139)..................: MPI_Win_flush(target_rank=0, win=0xa0000000) failed
MPID_Win_flush(294)..................:
MPIDIG_mpi_win_flush(615)............:
MPIDI_OFI_win_progress_fence_impl(65):
MPIDI_OFI_handle_cq_error(1310)......: OFI poll failed (ofi_events.c:1312:MPIDI_OFI_handle_cq_error:Input/output error - PTLTE_NOT_FOUND)

aborting job:
Fatal error in PMPI_Win_flush: Other MPI error, error stack:
PMPI_Win_flush(139)..................: MPI_Win_flush(target_rank=0, win=0xa0000000) failed
MPID_Win_flush(294)..................:
MPIDIG_mpi_win_flush(615)............:
MPIDI_OFI_win_progress_fence_impl(65):
MPIDI_OFI_handle_cq_error(1310)......: OFI poll failed (ofi_events.c:1312:MPIDI_OFI_handle_cq_error:Input/output error - PTLTE_NOT_FOUND)
MPICH ERROR [Rank 634] [job id 5137469.119] [Sun Aug  2 01:55:13 2026] [frontier01450] - Abort(606226319) (rank 634 in comm 0): Fatal error in PMPI_Win_flush: Other MPI error, error stack:
PMPI_Win_flush(139)..................: MPI_Win_flush(target_rank=0, win=0xa0000000) failed
MPID_Win_flush(294)..................:
MPIDIG_mpi_win_flush(615)............:
MPIDI_OFI_win_progress_fence_impl(65):
MPIDI_OFI_handle_cq_error(1310)......: OFI poll failed (ofi_events.c:1312:MPIDI_OFI_handle_cq_error:Input/output error - PTLTE_NOT_FOUND)

aborting job:
Fatal error in PMPI_Win_flush: Other MPI error, error stack:
PMPI_Win_flush(139)..................: MPI_Win_flush(target_rank=0, win=0xa0000000) failed
MPID_Win_flush(294)..................:
MPIDIG_mpi_win_flush(615)............:
MPIDI_OFI_win_progress_fence_impl(65):
MPIDI_OFI_handle_cq_error(1310)......: OFI poll failed (ofi_events.c:1312:MPIDI_OFI_handle_cq_error:Input/output error - PTLTE_NOT_FOUND)
MPICH ERROR [Rank 227] [job id 5137469.119] [Sun Aug  2 01:55:13 2026] [frontier00549] - Abort(606226319) (rank 227 in comm 0): Fatal error in PMPI_Win_flush: Other MPI error, error stack:
PMPI_Win_flush(139)..................: MPI_Win_flush(target_rank=0, win=0xa0000000) failed
MPID_Win_flush(294)..................:
MPIDIG_mpi_win_flush(615)............:
MPIDI_OFI_win_progress_fence_impl(65):
MPIDI_OFI_handle_cq_error(1310)......: OFI poll failed (ofi_events.c:1312:MPIDI_OFI_handle_cq_error:Input/output error - PTLTE_NOT_FOUND)

aborting job:
Fatal error in PMPI_Win_flush: Other MPI error, error stack:
PMPI_Win_flush(139)..................: MPI_Win_flush(target_rank=0, win=0xa0000000) failed
MPID_Win_flush(294)..................:
MPIDIG_mpi_win_flush(615)............:
MPIDI_OFI_win_progress_fence_impl(65):
MPIDI_OFI_handle_cq_error(1310)......: OFI poll failed (ofi_events.c:1312:MPIDI_OFI_handle_cq_error:Input/output error - PTLTE_NOT_FOUND)
MPICH ERROR [Rank 497] [job id 5137469.119] [Sun Aug  2 01:55:13 2026] [frontier01094] - Abort(606226319) (rank 497 in comm 0): Fatal error in PMPI_Win_flush: Other MPI error, error stack:
PMPI_Win_flush(139)..................: MPI_Win_flush(target_rank=0, win=0xa0000000) failed
MPID_Win_flush(294)..................:
MPIDIG_mpi_win_flush(615)............:
MPIDI_OFI_win_progress_fence_impl(65):
MPIDI_OFI_handle_cq_error(1310)......: OFI poll failed (ofi_events.c:1312:MPIDI_OFI_handle_cq_error:Input/output error - PTLTE_NOT_FOUND)

aborting job:
Fatal error in PMPI_Win_flush: Other MPI error, error stack:
PMPI_Win_flush(139)..................: MPI_Win_flush(target_rank=0, win=0xa0000000) failed
MPID_Win_flush(294)..................:
MPIDIG_mpi_win_flush(615)............:
MPIDI_OFI_win_progress_fence_impl(65):
MPIDI_OFI_handle_cq_error(1310)......: OFI poll failed (ofi_events.c:1312:MPIDI_OFI_handle_cq_error:Input/output error - PTLTE_NOT_FOUND)
MPICH ERROR [Rank 878] [job id 5137469.119] [Sun Aug  2 01:55:13 2026] [frontier01951] - Abort(606226319) (rank 878 in comm 0): Fatal error in PMPI_Win_flush: Other MPI error, error stack:
PMPI_Win_flush(139)..................: MPI_Win_flush(target_rank=0, win=0xa0000000) failed
MPID_Win_flush(294)..................:
MPIDIG_mpi_win_flush(615)............:
MPIDI_OFI_win_progress_fence_impl(65):
MPIDI_OFI_handle_cq_error(1310)......: OFI poll failed (ofi_events.c:1312:MPIDI_OFI_handle_cq_error:Input/output error - PTLTE_NOT_FOUND)

aborting job:
Fatal error in PMPI_Win_flush: Other MPI error, error stack:
PMPI_Win_flush(139)..................: MPI_Win_flush(target_rank=0, win=0xa0000000) failed
MPID_Win_flush(294)..................:
MPIDIG_mpi_win_flush(615)............:
MPIDI_OFI_win_progress_fence_impl(65):
MPIDI_OFI_handle_cq_error(1310)......: OFI poll failed (ofi_events.c:1312:MPIDI_OFI_handle_cq_error:Input/output error - PTLTE_NOT_FOUND)
MPICH ERROR [Rank 85] [job id 5137469.119] [Sun Aug  2 01:55:13 2026] [frontier00169] - Abort(606226319) (rank 85 in comm 0): Fatal error in PMPI_Win_flush: Other MPI error, error stack:
PMPI_Win_flush(139)..................: MPI_Win_flush(target_rank=0, win=0xa0000000) failed
MPID_Win_flush(294)..................:
MPIDIG_mpi_win_flush(615)............:
MPIDI_OFI_win_progress_fence_impl(65):
MPIDI_OFI_handle_cq_error(1310)......: OFI poll failed (ofi_events.c:1312:MPIDI_OFI_handle_cq_error:Input/output error - PTLTE_NOT_FOUND)

aborting job:
Fatal error in PMPI_Win_flush: Other MPI error, error stack:
PMPI_Win_flush(139)..................: MPI_Win_flush(target_rank=0, win=0xa0000000) failed
MPID_Win_flush(294)..................:
MPIDIG_mpi_win_flush(615)............:
MPIDI_OFI_win_progress_fence_impl(65):
MPIDI_OFI_handle_cq_error(1310)......: OFI poll failed (ofi_events.c:1312:MPIDI_OFI_handle_cq_error:Input/output error - PTLTE_NOT_FOUND)
MPICH ERROR [Rank 490] [job id 5137469.119] [Sun Aug  2 01:55:13 2026] [frontier01094] - Abort(606226319) (rank 490 in comm 0): Fatal error in PMPI_Win_flush: Other MPI error, error stack:
PMPI_Win_flush(139)..................: MPI_Win_flush(target_rank=0, win=0xa0000000) failed
MPID_Win_flush(294)..................:
MPIDIG_mpi_win_flush(615)............:
MPIDI_OFI_win_progress_fence_impl(65):
MPIDI_OFI_handle_cq_error(1310)......: OFI poll failed (ofi_events.c:1312:MPIDI_OFI_handle_cq_error:Input/output error - PTLTE_NOT_FOUND)

aborting job:
Fatal error in PMPI_Win_flush: Other MPI error, error stack:
PMPI_Win_flush(139)..................: MPI_Win_flush(target_rank=0, win=0xa0000000) failed
MPID_Win_flush(294)..................:
MPIDIG_mpi_win_flush(615)............:
MPIDI_OFI_win_progress_fence_impl(65):
MPIDI_OFI_handle_cq_error(1310)......: OFI poll failed (ofi_events.c:1312:MPIDI_OFI_handle_cq_error:Input/output error - PTLTE_NOT_FOUND)
MPICH ERROR [Rank 807] [job id 5137469.119] [Sun Aug  2 01:55:13 2026] [frontier01882] - Abort(606226319) (rank 807 in comm 0): Fatal error in PMPI_Win_flush: Other MPI error, error stack:
PMPI_Win_flush(139)..................: MPI_Win_flush(target_rank=0, win=0xa0000000) failed
MPID_Win_flush(294)..................:
MPIDIG_mpi_win_flush(615)............:
MPIDI_OFI_win_progress_fence_impl(65):
MPIDI_OFI_handle_cq_error(1310)......: OFI poll failed (ofi_events.c:1312:MPIDI_OFI_handle_cq_error:Input/output error - PTLTE_NOT_FOUND)

aborting job:
Fatal error in PMPI_Win_flush: Other MPI error, error stack:
PMPI_Win_flush(139)..................: MPI_Win_flush(target_rank=0, win=0xa0000000) failed
MPID_Win_flush(294)..................:
MPIDIG_mpi_win_flush(615)............:
MPIDI_OFI_win_progress_fence_impl(65):
MPIDI_OFI_handle_cq_error(1310)......: OFI poll failed (ofi_events.c:1312:MPIDI_OFI_handle_cq_error:Input/output error - PTLTE_NOT_FOUND)
MPICH ERROR [Rank 57] [job id 5137469.119] [Sun Aug  2 01:55:13 2026] [frontier00169] - Abort(606226319) (rank 57 in comm 0): Fatal error in PMPI_Win_flush: Other MPI error, error stack:
PMPI_Win_flush(139)..................: MPI_Win_flush(target_rank=0, win=0xa0000000) failed
MPID_Win_flush(294)..................:
MPIDIG_mpi_win_flush(615)............:
MPIDI_OFI_win_progress_fence_impl(65):
MPIDI_OFI_handle_cq_error(1310)......: OFI poll failed (ofi_events.c:1312:MPIDI_OFI_handle_cq_error:Input/output error - PTLTE_NOT_FOUND)

aborting job:
Fatal error in PMPI_Win_flush: Other MPI error, error stack:
PMPI_Win_flush(139)..................: MPI_Win_flush(target_rank=0, win=0xa0000000) failed
MPID_Win_flush(294)..................:
MPIDIG_mpi_win_flush(615)............:
MPIDI_OFI_win_progress_fence_impl(65):
MPIDI_OFI_handle_cq_error(1310)......: OFI poll failed (ofi_events.c:1312:MPIDI_OFI_handle_cq_error:Input/output error - PTLTE_NOT_FOUND)
MPICH ERROR [Rank 547] [job id 5137469.119] [Sun Aug  2 01:55:13 2026] [frontier01210] - Abort(606226319) (rank 547 in comm 0): Fatal error in PMPI_Win_flush: Other MPI error, error stack:
PMPI_Win_flush(139)..................: MPI_Win_flush(target_rank=0, win=0xa0000000) failed
MPID_Win_flush(294)..................:
MPIDIG_mpi_win_flush(615)............:
MPIDI_OFI_win_progress_fence_impl(65):
MPIDI_OFI_handle_cq_error(1310)......: OFI poll failed (ofi_events.c:1312:MPIDI_OFI_handle_cq_error:Input/output error - PTLTE_NOT_FOUND)

aborting job:
Fatal error in PMPI_Win_flush: Other MPI error, error stack:
PMPI_Win_flush(139)..................: MPI_Win_flush(target_rank=0, win=0xa0000000) failed
MPID_Win_flush(294)..................:
MPIDIG_mpi_win_flush(615)............:
MPIDI_OFI_win_progress_fence_impl(65):
MPIDI_OFI_handle_cq_error(1310)......: OFI poll failed (ofi_events.c:1312:MPIDI_OFI_handle_cq_error:Input/output error - PTLTE_NOT_FOUND)
MPICH ERROR [Rank 618] [job id 5137469.119] [Sun Aug  2 01:55:13 2026] [frontier01450] - Abort(606226319) (rank 618 in comm 0): Fatal error in PMPI_Win_flush: Other MPI error, error stack:
PMPI_Win_flush(139)..................: MPI_Win_flush(target_rank=0, win=0xa0000000) failed
MPID_Win_flush(294)..................:
MPIDIG_mpi_win_flush(615)............:
MPIDI_OFI_win_progress_fence_impl(65):
MPIDI_OFI_handle_cq_error(1310)......: OFI poll failed (ofi_events.c:1312:MPIDI_OFI_handle_cq_error:Input/output error - PTLTE_NOT_FOUND)

aborting job:
Fatal error in PMPI_Win_flush: Other MPI error, error stack:
PMPI_Win_flush(139)..................: MPI_Win_flush(target_rank=0, win=0xa0000000) failed
MPID_Win_flush(294)..................:
MPIDIG_mpi_win_flush(615)............:
MPIDI_OFI_win_progress_fence_impl(65):
MPIDI_OFI_handle_cq_error(1310)......: OFI poll failed (ofi_events.c:1312:MPIDI_OFI_handle_cq_error:Input/output error - PTLTE_NOT_FOUND)
MPICH ERROR [Rank 812] [job id 5137469.119] [Sun Aug  2 01:55:13 2026] [frontier01882] - Abort(606226319) (rank 812 in comm 0): Fatal error in PMPI_Win_flush: Other MPI error, error stack:
PMPI_Win_flush(139)..................: MPI_Win_flush(target_rank=0, win=0xa0000000) failed
MPID_Win_flush(294)..................:
MPIDIG_mpi_win_flush(615)............:
MPIDI_OFI_win_progress_fence_impl(65):
MPIDI_OFI_handle_cq_error(1310)......: OFI poll failed (ofi_events.c:1312:MPIDI_OFI_handle_cq_error:Input/output error - PTLTE_NOT_FOUND)

aborting job:
Fatal error in PMPI_Win_flush: Other MPI error, error stack:
PMPI_Win_flush(139)..................: MPI_Win_flush(target_rank=0, win=0xa0000000) failed
MPID_Win_flush(294)..................:
MPIDIG_mpi_win_flush(615)............:
MPIDI_OFI_win_progress_fence_impl(65):
MPIDI_OFI_handle_cq_error(1310)......: OFI poll failed (ofi_events.c:1312:MPIDI_OFI_handle_cq_error:Input/output error - PTLTE_NOT_FOUND)
MPICH ERROR [Rank 113] [job id 5137469.119] [Sun Aug  2 01:55:13 2026] [frontier00303] - Abort(606226319) (rank 113 in comm 0): Fatal error in PMPI_Win_flush: Other MPI error, error stack:
PMPI_Win_flush(139)..................: MPI_Win_flush(target_rank=0, win=0xa0000000) failed
MPID_Win_flush(294)..................:
MPIDIG_mpi_win_flush(615)............:
MPIDI_OFI_win_progress_fence_impl(65):
MPIDI_OFI_handle_cq_error(1310)......: OFI poll failed (ofi_events.c:1312:MPIDI_OFI_handle_cq_error:Input/output error - PTLTE_NOT_FOUND)

aborting job:
Fatal error in PMPI_Win_flush: Other MPI error, error stack:
PMPI_Win_flush(139)..................: MPI_Win_flush(target_rank=0, win=0xa0000000) failed
MPID_Win_flush(294)..................:
MPIDIG_mpi_win_flush(615)............:
MPIDI_OFI_win_progress_fence_impl(65):
MPIDI_OFI_handle_cq_error(1310)......: OFI poll failed (ofi_events.c:1312:MPIDI_OFI_handle_cq_error:Input/output error - PTLTE_NOT_FOUND)
MPICH ERROR [Rank 659] [job id 5137469.119] [Sun Aug  2 01:55:13 2026] [frontier01450] - Abort(606226319) (rank 659 in comm 0): Fatal error in PMPI_Win_flush: Other MPI error, error stack:
PMPI_Win_flush(139)..................: MPI_Win_flush(target_rank=0, win=0xa0000000) failed
MPID_Win_flush(294)..................:
MPIDIG_mpi_win_flush(615)............:
MPIDI_OFI_win_progress_fence_impl(65):
MPIDI_OFI_handle_cq_error(1310)......: OFI poll failed (ofi_events.c:1312:MPIDI_OFI_handle_cq_error:Input/output error - PTLTE_NOT_FOUND)

MPICH ERROR [Rank 575] [job id 5137469.119] [Sun Aug  2 01:55:13 2026] [frontier01313] - Abort(606226319) (rank 575 in comm 0): Fatal error in PMPI_Win_flush: Other MPI error, error stack:
PMPI_Win_flush(139)..................: MPI_Win_flush(target_rank=0, win=0xa0000000) failed
MPID_Win_flush(294)..................:
MPIDIG_mpi_win_flush(615)............:
MPIDI_OFI_win_progress_fence_impl(65):
MPIDI_OFI_handle_cq_error(1310)......: OFI poll failed (ofi_events.c:1312:MPIDI_OFI_handle_cq_error:Input/output error - PTLTE_NOT_FOUND)

aborting job:
Fatal error in PMPI_Win_flush: Other MPI error, error stack:
PMPI_Win_flush(139)..................: MPI_Win_flush(target_rank=0, win=0xa0000000) failed
MPID_Win_flush(294)..................:
MPIDIG_mpi_win_flush(615)............:
MPIDI_OFI_win_progress_fence_impl(65):
MPIDI_OFI_handle_cq_error(1310)......: OFI poll failed (ofi_events.c:1312:MPIDI_OFI_handle_cq_error:Input/output error - PTLTE_NOT_FOUND)
aborting job:
Fatal error in PMPI_Win_flush: Other MPI error, error stack:
PMPI_Win_flush(139)..................: MPI_Win_flush(target_rank=0, win=0xa0000000) failed
MPID_Win_flush(294)..................:
MPIDIG_mpi_win_flush(615)............:
MPIDI_OFI_win_progress_fence_impl(65):
MPIDI_OFI_handle_cq_error(1310)......: OFI poll failed (ofi_events.c:1312:MPIDI_OFI_handle_cq_error:Input/output error - PTLTE_NOT_FOUND)
MPICH ERROR [Rank 462] [job id 5137469.119] [Sun Aug  2 01:55:13 2026] [frontier01094] - Abort(606226319) (rank 462 in comm 0): Fatal error in PMPI_Win_flush: Other MPI error, error stack:
PMPI_Win_flush(139)..................: MPI_Win_flush(target_rank=0, win=0xa0000000) failed
MPID_Win_flush(294)..................:
MPIDIG_mpi_win_flush(615)............:
MPIDI_OFI_win_progress_fence_impl(65):
MPIDI_OFI_handle_cq_error(1310)......: OFI poll failed (ofi_events.c:1312:MPIDI_OFI_handle_cq_error:Input/output error - PTLTE_NOT_FOUND)

aborting job:
Fatal error in PMPI_Win_flush: Other MPI error, error stack:
PMPI_Win_flush(139)..................: MPI_Win_flush(target_rank=0, win=0xa0000000) failed
MPID_Win_flush(294)..................:
MPIDIG_mpi_win_flush(615)............:
MPIDI_OFI_win_progress_fence_impl(65):
MPIDI_OFI_handle_cq_error(1310)......: OFI poll failed (ofi_events.c:1312:MPIDI_OFI_handle_cq_error:Input/output error - PTLTE_NOT_FOUND)
MPICH ERROR [Rank 866] [job id 5137469.119] [Sun Aug  2 01:55:13 2026] [frontier01951] - Abort(606226319) (rank 866 in comm 0): Fatal error in PMPI_Win_flush: Other MPI error, error stack:
PMPI_Win_flush(139)..................: MPI_Win_flush(target_rank=0, win=0xa0000000) failed
MPID_Win_flush(294)..................:
MPIDIG_mpi_win_flush(615)............:
MPIDI_OFI_win_progress_fence_impl(65):
MPIDI_OFI_handle_cq_error(1310)......: OFI poll failed (ofi_events.c:1312:MPIDI_OFI_handle_cq_error:Input/output error - PTLTE_NOT_FOUND)

aborting job:
Fatal error in PMPI_Win_flush: Other MPI error, error stack:
PMPI_Win_flush(139)..................: MPI_Win_flush(target_rank=0, win=0xa0000000) failed
MPID_Win_flush(294)..................:
MPIDIG_mpi_win_flush(615)............:
MPIDI_OFI_win_progress_fence_impl(65):
MPIDI_OFI_handle_cq_error(1310)......: OFI poll failed (ofi_events.c:1312:MPIDI_OFI_handle_cq_error:Input/output error - PTLTE_NOT_FOUND)
MPICH ERROR [Rank 69] [job id 5137469.119] [Sun Aug  2 01:55:13 2026] [frontier00169] - Abort(606226319) (rank 69 in comm 0): Fatal error in PMPI_Win_flush: Other MPI error, error stack:
PMPI_Win_flush(139)..................: MPI_Win_flush(target_rank=0, win=0xa0000000) failed
MPID_Win_flush(294)..................:
MPIDIG_mpi_win_flush(615)............:
MPIDI_OFI_win_progress_fence_impl(65):
MPIDI_OFI_handle_cq_error(1310)......: OFI poll failed (ofi_events.c:1312:MPIDI_OFI_handle_cq_error:Input/output error - PTLTE_NOT_FOUND)

aborting job:
Fatal error in PMPI_Win_flush: Other MPI error, error stack:
PMPI_Win_flush(139)..................: MPI_Win_flush(target_rank=0, win=0xa0000000) failed
MPID_Win_flush(294)..................:
MPIDIG_mpi_win_flush(615)............:
MPIDI_OFI_win_progress_fence_impl(65):
MPIDI_OFI_handle_cq_error(1310)......: OFI poll failed (ofi_events.c:1312:MPIDI_OFI_handle_cq_error:Input/output error - PTLTE_NOT_FOUND)
MPICH ERROR [Rank 352] [job id 5137469.119] [Sun Aug  2 01:55:13 2026] [frontier00828] - Abort(606226319) (rank 352 in comm 0): Fatal error in PMPI_Win_flush: Other MPI error, error stack:
PMPI_Win_flush(139)..................: MPI_Win_flush(target_rank=0, win=0xa0000000) failed
MPID_Win_flush(294)..................:
MPIDIG_mpi_win_flush(615)............:
MPIDI_OFI_win_progress_fence_impl(65):
MPIDI_OFI_handle_cq_error(1310)......: OFI poll failed (ofi_events.c:1312:MPIDI_OFI_handle_cq_error:Input/output error - PTLTE_NOT_FOUND)

aborting job:
Fatal error in PMPI_Win_flush: Other MPI error, error stack:
PMPI_Win_flush(139)..................: MPI_Win_flush(target_rank=0, win=0xa0000000) failed
MPID_Win_flush(294)..................:
MPIDIG_mpi_win_flush(615)............:
MPIDI_OFI_win_progress_fence_impl(65):
MPIDI_OFI_handle_cq_error(1310)......: OFI poll failed (ofi_events.c:1312:MPIDI_OFI_handle_cq_error:Input/output error - PTLTE_NOT_FOUND)
MPICH ERROR [Rank 188] [job id 5137469.119] [Sun Aug  2 01:55:13 2026] [frontier00435] - Abort(606226319) (rank 188 in comm 0): Fatal error in PMPI_Win_flush: Other MPI error, error stack:
PMPI_Win_flush(139)..................: MPI_Win_flush(target_rank=0, win=0xa0000000) failed
MPID_Win_flush(294)..................:
MPIDIG_mpi_win_flush(615)............:
MPIDI_OFI_win_progress_fence_impl(65):
MPIDI_OFI_handle_cq_error(1310)......: OFI poll failed (ofi_events.c:1312:MPIDI_OFI_handle_cq_error:Input/output error - PTLTE_NOT_FOUND)

aborting job:
Fatal error in PMPI_Win_flush: Other MPI error, error stack:
PMPI_Win_flush(139)..................: MPI_Win_flush(target_rank=0, win=0xa0000000) failed
MPID_Win_flush(294)..................:
MPIDIG_mpi_win_flush(615)............:
MPIDI_OFI_win_progress_fence_impl(65):
MPIDI_OFI_handle_cq_error(1310)......: OFI poll failed (ofi_events.c:1312:MPIDI_OFI_handle_cq_error:Input/output error - PTLTE_NOT_FOUND)
MPICH ERROR [Rank 408] [job id 5137469.119] [Sun Aug  2 01:55:13 2026] [frontier00973] - Abort(606226319) (rank 408 in comm 0): Fatal error in PMPI_Win_flush: Other MPI error, error stack:
PMPI_Win_flush(139)..................: MPI_Win_flush(target_rank=0, win=0xa0000000) failed
MPID_Win_flush(294)..................:
MPIDIG_mpi_win_flush(615)............:
MPIDI_OFI_win_progress_fence_impl(65):
MPIDI_OFI_handle_cq_error(1310)......: OFI poll failed (ofi_events.c:1312:MPIDI_OFI_handle_cq_error:Input/output error - PTLTE_NOT_FOUND)

aborting job:
Fatal error in PMPI_Win_flush: Other MPI error, error stack:
PMPI_Win_flush(139)..................: MPI_Win_flush(target_rank=0, win=0xa0000000) failed
MPID_Win_flush(294)..................:
MPIDIG_mpi_win_flush(615)............:
MPIDI_OFI_win_progress_fence_impl(65):
MPIDI_OFI_handle_cq_error(1310)......: OFI poll failed (ofi_events.c:1312:MPIDI_OFI_handle_cq_error:Input/output error - PTLTE_NOT_FOUND)
MPICH ERROR [Rank 164] [job id 5137469.119] [Sun Aug  2 01:55:13 2026] [frontier00303] - Abort(606226319) (rank 164 in comm 0): Fatal error in PMPI_Win_flush: Other MPI error, error stack:
PMPI_Win_flush(139)..................: MPI_Win_flush(target_rank=0, win=0xa0000000) failed
MPID_Win_flush(294)..................:
MPIDIG_mpi_win_flush(615)............:
MPIDI_OFI_win_progress_fence_impl(65):
MPIDI_OFI_handle_cq_error(1310)......: OFI poll failed (ofi_events.c:1312:MPIDI_OFI_handle_cq_error:Input/output error - PTLTE_NOT_FOUND)

aborting job:
Fatal error in PMPI_Win_flush: Other MPI error, error stack:
PMPI_Win_flush(139)..................: MPI_Win_flush(target_rank=0, win=0xa0000000) failed
MPID_Win_flush(294)..................:
MPIDIG_mpi_win_flush(615)............:
MPIDI_OFI_win_progress_fence_impl(65):
MPIDI_OFI_handle_cq_error(1310)......: OFI poll failed (ofi_events.c:1312:MPIDI_OFI_handle_cq_error:Input/output error - PTLTE_NOT_FOUND)
MPICH ERROR [Rank 357] [job id 5137469.119] [Sun Aug  2 01:55:14 2026] [frontier00828] - Abort(606226319) (rank 357 in comm 0): Fatal error in PMPI_Win_flush: Other MPI error, error stack:
PMPI_Win_flush(139)..................: MPI_Win_flush(target_rank=0, win=0xa0000000) failed
MPID_Win_flush(294)..................:
MPIDIG_mpi_win_flush(615)............:
MPIDI_OFI_win_progress_fence_impl(65):
MPIDI_OFI_handle_cq_error(1310)......: OFI poll failed (ofi_events.c:1312:MPIDI_OFI_handle_cq_error:Input/output error - PTLTE_NOT_FOUND)

aborting job:
Fatal error in PMPI_Win_flush: Other MPI error, error stack:
PMPI_Win_flush(139)..................: MPI_Win_flush(target_rank=0, win=0xa0000000) failed
MPID_Win_flush(294)..................:
MPIDIG_mpi_win_flush(615)............:
MPIDI_OFI_win_progress_fence_impl(65):
MPIDI_OFI_handle_cq_error(1310)......: OFI poll failed (ofi_events.c:1312:MPIDI_OFI_handle_cq_error:Input/output error - PTLTE_NOT_FOUND)
MPICH ERROR [Rank 605] [job id 5137469.119] [Sun Aug  2 01:55:13 2026] [frontier01313] - Abort(606226319) (rank 605 in comm 0): Fatal error in PMPI_Win_flush: Other MPI error, error stack:
PMPI_Win_flush(139)..................: MPI_Win_flush(target_rank=0, win=0xa0000000) failed
MPID_Win_flush(294)..................:
MPIDIG_mpi_win_flush(615)............:
MPIDI_OFI_win_progress_fence_impl(65):
MPIDI_OFI_handle_cq_error(1310)......: OFI poll failed (ofi_events.c:1312:MPIDI_OFI_handle_cq_error:Input/output error - PTLTE_NOT_FOUND)

aborting job:
Fatal error in PMPI_Win_flush: Other MPI error, error stack:
PMPI_Win_flush(139)..................: MPI_Win_flush(target_rank=0, win=0xa0000000) failed
MPID_Win_flush(294)..................:
MPIDIG_mpi_win_flush(615)............:
MPIDI_OFI_win_progress_fence_impl(65):
MPIDI_OFI_handle_cq_error(1310)......: OFI poll failed (ofi_events.c:1312:MPIDI_OFI_handle_cq_error:Input/output error - PTLTE_NOT_FOUND)
MPICH ERROR [Rank 340] [job id 5137469.119] [Sun Aug  2 01:55:14 2026] [frontier00828] - Abort(606226319) (rank 340 in comm 0): Fatal error in PMPI_Win_flush: Other MPI error, error stack:
PMPI_Win_flush(139)..................: MPI_Win_flush(target_rank=0, win=0xa0000000) failed
MPID_Win_flush(294)..................:
MPIDIG_mpi_win_flush(615)............:
MPIDI_OFI_win_progress_fence_impl(65):
MPIDI_OFI_handle_cq_error(1310)......: OFI poll failed (ofi_events.c:1312:MPIDI_OFI_handle_cq_error:Input/output error - PTLTE_NOT_FOUND)

aborting job:
Fatal error in PMPI_Win_flush: Other MPI error, error stack:
PMPI_Win_flush(139)..................: MPI_Win_flush(target_rank=0, win=0xa0000000) failed
MPID_Win_flush(294)..................:
MPIDIG_mpi_win_flush(615)............:
MPIDI_OFI_win_progress_fence_impl(65):
MPIDI_OFI_handle_cq_error(1310)......: OFI poll failed (ofi_events.c:1312:MPIDI_OFI_handle_cq_error:Input/output error - PTLTE_NOT_FOUND)
MPICH ERROR [Rank 73] [job id 5137469.119] [Sun Aug  2 01:55:14 2026] [frontier00169] - Abort(606226319) (rank 73 in comm 0): Fatal error in PMPI_Win_flush: Other MPI error, error stack:
PMPI_Win_flush(139)..................: MPI_Win_flush(target_rank=0, win=0xa0000000) failed
MPID_Win_flush(294)..................:
MPIDIG_mpi_win_flush(615)............:
MPIDI_OFI_win_progress_fence_impl(65):
MPIDI_OFI_handle_cq_error(1310)......: OFI poll failed (ofi_events.c:1312:MPIDI_OFI_handle_cq_error:Input/output error - PTLTE_NOT_FOUND)

aborting job:
Fatal error in PMPI_Win_flush: Other MPI error, error stack:
PMPI_Win_flush(139)..................: MPI_Win_flush(target_rank=0, win=0xa0000000) failed
MPID_Win_flush(294)..................:
MPIDIG_mpi_win_flush(615)............:
MPIDI_OFI_win_progress_fence_impl(65):
MPIDI_OFI_handle_cq_error(1310)......: OFI poll failed (ofi_events.c:1312:MPIDI_OFI_handle_cq_error:Input/output error - PTLTE_NOT_FOUND)
MPICH ERROR [Rank 167] [job id 5137469.119] [Sun Aug  2 01:55:14 2026] [frontier00303] - Abort(606226319) (rank 167 in comm 0): Fatal error in PMPI_Win_flush: Other MPI error, error stack:
PMPI_Win_flush(139)..................: MPI_Win_flush(target_rank=0, win=0xa0000000) failed
MPID_Win_flush(294)..................:
MPIDIG_mpi_win_flush(615)............:
MPIDI_OFI_win_progress_fence_impl(65):
MPIDI_OFI_handle_cq_error(1310)......: OFI poll failed (ofi_events.c:1312:MPIDI_OFI_handle_cq_error:Input/output error - PTLTE_NOT_FOUND)

aborting job:
Fatal error in PMPI_Win_flush: Other MPI error, error stack:
PMPI_Win_flush(139)..................: MPI_Win_flush(target_rank=0, win=0xa0000000) failed
MPID_Win_flush(294)..................:
MPIDIG_mpi_win_flush(615)............:
MPIDI_OFI_win_progress_fence_impl(65):
MPIDI_OFI_handle_cq_error(1310)......: OFI poll failed (ofi_events.c:1312:MPIDI_OFI_handle_cq_error:Input/output error - PTLTE_NOT_FOUND)
MPICH ERROR [Rank 613] [job id 5137469.119] [Sun Aug  2 01:55:14 2026] [frontier01313] - Abort(606226319) (rank 613 in comm 0): Fatal error in PMPI_Win_flush: Other MPI error, error stack:
PMPI_Win_flush(139)..................: MPI_Win_flush(target_rank=0, win=0xa0000000) failed
MPID_Win_flush(294)..................:
MPIDIG_mpi_win_flush(615)............:
MPIDI_OFI_win_progress_fence_impl(65):
MPIDI_OFI_handle_cq_error(1310)......: OFI poll failed (ofi_events.c:1312:MPIDI_OFI_handle_cq_error:Input/output error - PTLTE_NOT_FOUND)

aborting job:
Fatal error in PMPI_Win_flush: Other MPI error, error stack:
PMPI_Win_flush(139)..................: MPI_Win_flush(target_rank=0, win=0xa0000000) failed
MPID_Win_flush(294)..................:
MPIDIG_mpi_win_flush(615)............:
MPIDI_OFI_win_progress_fence_impl(65):
MPIDI_OFI_handle_cq_error(1310)......: OFI poll failed (ofi_events.c:1312:MPIDI_OFI_handle_cq_error:Input/output error - PTLTE_NOT_FOUND)
MPICH ERROR [Rank 553] [job id 5137469.119] [Sun Aug  2 01:55:14 2026] [frontier01210] - Abort(606226319) (rank 553 in comm 0): Fatal error in PMPI_Win_flush: Other MPI error, error stack:
PMPI_Win_flush(139)..................: MPI_Win_flush(target_rank=0, win=0xa0000000) failed
MPID_Win_flush(294)..................:
MPIDIG_mpi_win_flush(615)............:
MPIDI_OFI_win_progress_fence_impl(65):
MPIDI_OFI_handle_cq_error(1310)......: OFI poll failed (ofi_events.c:1312:MPIDI_OFI_handle_cq_error:Input/output error - PTLTE_NOT_FOUND)

aborting job:
Fatal error in PMPI_Win_flush: Other MPI error, error stack:
PMPI_Win_flush(139)..................: MPI_Win_flush(target_rank=0, win=0xa0000000) failed
MPID_Win_flush(294)..................:
MPIDIG_mpi_win_flush(615)............:
MPIDI_OFI_win_progress_fence_impl(65):
MPIDI_OFI_handle_cq_error(1310)......: OFI poll failed (ofi_events.c:1312:MPIDI_OFI_handle_cq_error:Input/output error - PTLTE_NOT_FOUND)
MPICH ERROR [Rank 805] [job id 5137469.119] [Sun Aug  2 01:55:14 2026] [frontier01882] - Abort(606226319) (rank 805 in comm 0): Fatal error in PMPI_Win_flush: Other MPI error, error stack:
PMPI_Win_flush(139)..................: MPI_Win_flush(target_rank=0, win=0xa0000000) failed
MPID_Win_flush(294)..................:
MPIDIG_mpi_win_flush(615)............:
MPIDI_OFI_win_progress_fence_impl(65):
MPIDI_OFI_handle_cq_error(1310)......: OFI poll failed (ofi_events.c:1312:MPIDI_OFI_handle_cq_error:Input/output error - PTLTE_NOT_FOUND)

aborting job:
Fatal error in PMPI_Win_flush: Other MPI error, error stack:
PMPI_Win_flush(139)..................: MPI_Win_flush(target_rank=0, win=0xa0000000) failed
MPID_Win_flush(294)..................:
MPIDIG_mpi_win_flush(615)............:
MPIDI_OFI_win_progress_fence_impl(65):
MPIDI_OFI_handle_cq_error(1310)......: OFI poll failed (ofi_events.c:1312:MPIDI_OFI_handle_cq_error:Input/output error - PTLTE_NOT_FOUND)
MPICH ERROR [Rank 439] [job id 5137469.119] [Sun Aug  2 01:55:14 2026] [frontier00973] - Abort(606226319) (rank 439 in comm 0): Fatal error in PMPI_Win_flush: Other MPI error, error stack:
PMPI_Win_flush(139)..................: MPI_Win_flush(target_rank=0, win=0xa0000000) failed
MPID_Win_flush(294)..................:
MPIDIG_mpi_win_flush(615)............:
MPIDI_OFI_win_progress_fence_impl(65):
MPIDI_OFI_handle_cq_error(1310)......: OFI poll failed (ofi_events.c:1312:MPIDI_OFI_handle_cq_error:Input/output error - PTLTE_NOT_FOUND)

aborting job:
Fatal error in PMPI_Win_flush: Other MPI error, error stack:
PMPI_Win_flush(139)..................: MPI_Win_flush(target_rank=0, win=0xa0000000) failed
MPID_Win_flush(294)..................:
MPIDIG_mpi_win_flush(615)............:
MPIDI_OFI_win_progress_fence_impl(65):
MPIDI_OFI_handle_cq_error(1310)......: OFI poll failed (ofi_events.c:1312:MPIDI_OFI_handle_cq_error:Input/output error - PTLTE_NOT_FOUND)
MPICH ERROR [Rank 811] [job id 5137469.119] [Sun Aug  2 01:55:14 2026] [frontier01882] - Abort(606226319) (rank 811 in comm 0): Fatal error in PMPI_Win_flush: Other MPI error, error stack:
PMPI_Win_flush(139)..................: MPI_Win_flush(target_rank=0, win=0xa0000000) failed
MPID_Win_flush(294)..................:
MPIDIG_mpi_win_flush(615)............:
MPIDI_OFI_win_progress_fence_impl(65):
MPIDI_OFI_handle_cq_error(1310)......: OFI poll failed (ofi_events.c:1312:MPIDI_OFI_handle_cq_error:Input/output error - PTLTE_NOT_FOUND)

aborting job:
Fatal error in PMPI_Win_flush: Other MPI error, error stack:
PMPI_Win_flush(139)..................: MPI_Win_flush(target_rank=0, win=0xa0000000) failed
MPID_Win_flush(294)..................:
MPIDIG_mpi_win_flush(615)............:
MPIDI_OFI_win_progress_fence_impl(65):
MPIDI_OFI_handle_cq_error(1310)......: OFI poll failed (ofi_events.c:1312:MPIDI_OFI_handle_cq_error:Input/output error - PTLTE_NOT_FOUND)
MPICH ERROR [Rank 238] [job id 5137469.119] [Sun Aug  2 01:55:14 2026] [frontier00549] - Abort(606226319) (rank 238 in comm 0): Fatal error in PMPI_Win_flush: Other MPI error, error stack:
PMPI_Win_flush(139)..................: MPI_Win_flush(target_rank=0, win=0xa0000000) failed
MPID_Win_flush(294)..................:
MPIDIG_mpi_win_flush(615)............:
MPIDI_OFI_win_progress_fence_impl(65):
MPIDI_OFI_handle_cq_error(1310)......: OFI poll failed (ofi_events.c:1312:MPIDI_OFI_handle_cq_error:Input/output error - PTLTE_NOT_FOUND)

aborting job:
Fatal error in PMPI_Win_flush: Other MPI error, error stack:
PMPI_Win_flush(139)..................: MPI_Win_flush(target_rank=0, win=0xa0000000) failed
MPID_Win_flush(294)..................:
MPIDIG_mpi_win_flush(615)............:
MPIDI_OFI_win_progress_fence_impl(65):
MPIDI_OFI_handle_cq_error(1310)......: OFI poll failed (ofi_events.c:1312:MPIDI_OFI_handle_cq_error:Input/output error - PTLTE_NOT_FOUND)
MPICH ERROR [Rank 501] [job id 5137469.119] [Sun Aug  2 01:55:14 2026] [frontier01094] - Abort(606226319) (rank 501 in comm 0): Fatal error in PMPI_Win_flush: Other MPI error, error stack:
PMPI_Win_flush(139)..................: MPI_Win_flush(target_rank=0, win=0xa0000000) failed
MPID_Win_flush(294)..................:
MPIDIG_mpi_win_flush(615)............:
MPIDI_OFI_win_progress_fence_impl(65):
MPIDI_OFI_handle_cq_error(1310)......: OFI poll failed (ofi_events.c:1312:MPIDI_OFI_handle_cq_error:Input/output error - PTLTE_NOT_FOUND)

aborting job:
Fatal error in PMPI_Win_flush: Other MPI error, error stack:
PMPI_Win_flush(139)..................: MPI_Win_flush(target_rank=0, win=0xa0000000) failed
MPID_Win_flush(294)..................:
MPIDIG_mpi_win_flush(615)............:
MPIDI_OFI_win_progress_fence_impl(65):
MPIDI_OFI_handle_cq_error(1310)......: OFI poll failed (ofi_events.c:1312:MPIDI_OFI_handle_cq_error:Input/output error - PTLTE_NOT_FOUND)
MPICH ERROR [Rank 154] [job id 5137469.119] [Sun Aug  2 01:55:14 2026] [frontier00303] - Abort(606226319) (rank 154 in comm 0): Fatal error in PMPI_Win_flush: Other MPI error, error stack:
PMPI_Win_flush(139)..................: MPI_Win_flush(target_rank=0, win=0xa0000000) failed
MPID_Win_flush(294)..................:
MPIDIG_mpi_win_flush(615)............:
MPIDI_OFI_win_progress_fence_impl(65):
MPIDI_OFI_handle_cq_error(1310)......: OFI poll failed (ofi_events.c:1312:MPIDI_OFI_handle_cq_error:Input/output error - PTLTE_NOT_FOUND)

aborting job:
Fatal error in PMPI_Win_flush: Other MPI error, error stack:
PMPI_Win_flush(139)..................: MPI_Win_flush(target_rank=0, win=0xa0000000) failed
MPID_Win_flush(294)..................:
MPIDIG_mpi_win_flush(615)............:
MPIDI_OFI_win_progress_fence_impl(65):
MPIDI_OFI_handle_cq_error(1310)......: OFI poll failed (ofi_events.c:1312:MPIDI_OFI_handle_cq_error:Input/output error - PTLTE_NOT_FOUND)
MPICH ERROR [Rank 305] [job id 5137469.119] [Sun Aug  2 01:55:14 2026] [frontier00669] - Abort(606226319) (rank 305 in comm 0): Fatal error in PMPI_Win_flush: Other MPI error, error stack:
PMPI_Win_flush(139)..................: MPI_Win_flush(target_rank=0, win=0xa0000000) failed
MPID_Win_flush(294)..................:
MPIDIG_mpi_win_flush(615)............:
MPIDI_OFI_win_progress_fence_impl(65):
MPIDI_OFI_handle_cq_error(1310)......: OFI poll failed (ofi_events.c:1312:MPIDI_OFI_handle_cq_error:Input/output error - PTLTE_NOT_FOUND)

aborting job:
Fatal error in PMPI_Win_flush: Other MPI error, error stack:
PMPI_Win_flush(139)..................: MPI_Win_flush(target_rank=0, win=0xa0000000) failed
MPID_Win_flush(294)..................:
MPIDIG_mpi_win_flush(615)............:
MPIDI_OFI_win_progress_fence_impl(65):
MPIDI_OFI_handle_cq_error(1310)......: OFI poll failed (ofi_events.c:1312:MPIDI_OFI_handle_cq_error:Input/output error - PTLTE_NOT_FOUND)
MPICH ERROR [Rank 339] [job id 5137469.119] [Sun Aug  2 01:55:14 2026] [frontier00828] - Abort(606226319) (rank 339 in comm 0): Fatal error in PMPI_Win_flush: Other MPI error, error stack:
PMPI_Win_flush(139)..................: MPI_Win_flush(target_rank=0, win=0xa0000000) failed
MPID_Win_flush(294)..................:
MPIDIG_mpi_win_flush(615)............:
MPIDI_OFI_win_progress_fence_impl(65):
MPIDI_OFI_handle_cq_error(1310)......: OFI poll failed (ofi_events.c:1312:MPIDI_OFI_handle_cq_error:Input/output error - PTLTE_NOT_FOUND)

aborting job:
Fatal error in PMPI_Win_flush: Other MPI error, error stack:
PMPI_Win_flush(139)..................: MPI_Win_flush(target_rank=0, win=0xa0000000) failed
MPID_Win_flush(294)..................:
MPIDIG_mpi_win_flush(615)............:
MPIDI_OFI_win_progress_fence_impl(65):
MPIDI_OFI_handle_cq_error(1310)......: OFI poll failed (ofi_events.c:1312:MPIDI_OFI_handle_cq_error:Input/output error - PTLTE_NOT_FOUND)
MPICH ERROR [Rank 265] [job id 5137469.119] [Sun Aug  2 01:55:14 2026] [frontier00549] - Abort(606226319) (rank 265 in comm 0): Fatal error in PMPI_Win_flush: Other MPI error, error stack:
PMPI_Win_flush(139)..................: MPI_Win_flush(target_rank=0, win=0xa0000000) failed
MPID_Win_flush(294)..................:
MPIDIG_mpi_win_flush(615)............:
MPIDI_OFI_win_progress_fence_impl(65):
MPIDI_OFI_handle_cq_error(1310)......: OFI poll failed (ofi_events.c:1312:MPIDI_OFI_handle_cq_error:Input/output error - PTLTE_NOT_FOUND)

aborting job:
Fatal error in PMPI_Win_flush: Other MPI error, error stack:
PMPI_Win_flush(139)..................: MPI_Win_flush(target_rank=0, win=0xa0000000) failed
MPID_Win_flush(294)..................:
MPIDIG_mpi_win_flush(615)............:
MPIDI_OFI_win_progress_fence_impl(65):
MPIDI_OFI_handle_cq_error(1310)......: OFI poll failed (ofi_events.c:1312:MPIDI_OFI_handle_cq_error:Input/output error - PTLTE_NOT_FOUND)
MPICH ERROR [Rank 840] [job id 5137469.119] [Sun Aug  2 01:55:14 2026] [frontier01951] - Abort(606226319) (rank 840 in comm 0): Fatal error in PMPI_Win_flush: Other MPI error, error stack:
PMPI_Win_flush(139)..................: MPI_Win_flush(target_rank=0, win=0xa0000000) failed
MPID_Win_flush(294)..................:
MPIDIG_mpi_win_flush(615)............:
MPIDI_OFI_win_progress_fence_impl(65):
MPIDI_OFI_handle_cq_error(1310)......: OFI poll failed (ofi_events.c:1312:MPIDI_OFI_handle_cq_error:Input/output error - PTLTE_NOT_FOUND)

aborting job:
Fatal error in PMPI_Win_flush: Other MPI error, error stack:
PMPI_Win_flush(139)..................: MPI_Win_flush(target_rank=0, win=0xa0000000) failed
MPID_Win_flush(294)..................:
MPIDIG_mpi_win_flush(615)............:
MPIDI_OFI_win_progress_fence_impl(65):
MPIDI_OFI_handle_cq_error(1310)......: OFI poll failed (ofi_events.c:1312:MPIDI_OFI_handle_cq_error:Input/output error - PTLTE_NOT_FOUND)
MPICH ERROR [Rank 715] [job id 5137469.119] [Sun Aug  2 01:55:14 2026] [frontier01576] - Abort(606226319) (rank 715 in comm 0): Fatal error in PMPI_Win_flush: Other MPI error, error stack:
PMPI_Win_flush(139)..................: MPI_Win_flush(target_rank=0, win=0xa0000000) failed
MPID_Win_flush(294)..................:
MPIDIG_mpi_win_flush(615)............:
MPIDI_OFI_win_progress_fence_impl(65):
MPIDI_OFI_handle_cq_error(1310)......: OFI poll failed (ofi_events.c:1312:MPIDI_OFI_handle_cq_error:Input/output error - PTLTE_NOT_FOUND)

aborting job:
Fatal error in PMPI_Win_flush: Other MPI error, error stack:
PMPI_Win_flush(139)..................: MPI_Win_flush(target_rank=0, win=0xa0000000) failed
MPID_Win_flush(294)..................:
MPIDIG_mpi_win_flush(615)............:
MPIDI_OFI_win_progress_fence_impl(65):
MPIDI_OFI_handle_cq_error(1310)......: OFI poll failed (ofi_events.c:1312:MPIDI_OFI_handle_cq_error:Input/output error - PTLTE_NOT_FOUND)
MPICH ERROR [Rank 252] [job id 5137469.119] [Sun Aug  2 01:55:14 2026] [frontier00549] - Abort(606226319) (rank 252 in comm 0): Fatal error in PMPI_Win_flush: Other MPI error, error stack:
PMPI_Win_flush(139)..................: MPI_Win_flush(target_rank=0, win=0xa0000000) failed
MPID_Win_flush(294)..................:
MPIDIG_mpi_win_flush(615)............:
MPIDI_OFI_win_progress_fence_impl(65):
MPIDI_OFI_handle_cq_error(1310)......: OFI poll failed (ofi_events.c:1312:MPIDI_OFI_handle_cq_error:Input/output error - PTLTE_NOT_FOUND)

aborting job:
Fatal error in PMPI_Win_flush: Other MPI error, error stack:
PMPI_Win_flush(139)..................: MPI_Win_flush(target_rank=0, win=0xa0000000) failed
MPID_Win_flush(294)..................:
MPIDIG_mpi_win_flush(615)............:
MPIDI_OFI_win_progress_fence_impl(65):
MPIDI_OFI_handle_cq_error(1310)......: OFI poll failed (ofi_events.c:1312:MPIDI_OFI_handle_cq_error:Input/output error - PTLTE_NOT_FOUND)
MPICH ERROR [Rank 771] [job id 5137469.119] [Sun Aug  2 01:55:14 2026] [frontier01701] - Abort(606226319) (rank 771 in comm 0): Fatal error in PMPI_Win_flush: Other MPI error, error stack:
PMPI_Win_flush(139)..................: MPI_Win_flush(target_rank=0, win=0xa0000000) failed
MPID_Win_flush(294)..................:
MPIDIG_mpi_win_flush(615)............:
MPIDI_OFI_win_progress_fence_impl(65):
MPIDI_OFI_handle_cq_error(1310)......: OFI poll failed (ofi_events.c:1312:MPIDI_OFI_handle_cq_error:Input/output error - PTLTE_NOT_FOUND)

aborting job:
Fatal error in PMPI_Win_flush: Other MPI error, error stack:
PMPI_Win_flush(139)..................: MPI_Win_flush(target_rank=0, win=0xa0000000) failed
MPID_Win_flush(294)..................:
MPIDIG_mpi_win_flush(615)............:
MPIDI_OFI_win_progress_fence_impl(65):
MPIDI_OFI_handle_cq_error(1310)......: OFI poll failed (ofi_events.c:1312:MPIDI_OFI_handle_cq_error:Input/output error - PTLTE_NOT_FOUND)
MPICH ERROR [Rank 431] [job id 5137469.119] [Sun Aug  2 01:55:14 2026] [frontier00973] - Abort(606226319) (rank 431 in comm 0): Fatal error in PMPI_Win_flush: Other MPI error, error stack:
PMPI_Win_flush(139)..................: MPI_Win_flush(target_rank=0, win=0xa0000000) failed
MPID_Win_flush(294)..................:
MPIDIG_mpi_win_flush(615)............:
MPIDI_OFI_win_progress_fence_impl(65):
MPIDI_OFI_handle_cq_error(1310)......: OFI poll failed (ofi_events.c:1312:MPIDI_OFI_handle_cq_error:Input/output error - PTLTE_NOT_FOUND)

aborting job:
Fatal error in PMPI_Win_flush: Other MPI error, error stack:
PMPI_Win_flush(139)..................: MPI_Win_flush(target_rank=0, win=0xa0000000) failed
MPID_Win_flush(294)..................:
MPIDIG_mpi_win_flush(615)............:
MPIDI_OFI_win_progress_fence_impl(65):
MPIDI_OFI_handle_cq_error(1310)......: OFI poll failed (ofi_events.c:1312:MPIDI_OFI_handle_cq_error:Input/output error - PTLTE_NOT_FOUND)
MPICH ERROR [Rank 648] [job id 5137469.119] [Sun Aug  2 01:55:14 2026] [frontier01450] - Abort(606226319) (rank 648 in comm 0): Fatal error in PMPI_Win_flush: Other MPI error, error stack:
PMPI_Win_flush(139)..................: MPI_Win_flush(target_rank=0, win=0xa0000000) failed
MPID_Win_flush(294)..................:
MPIDIG_mpi_win_flush(615)............:
MPIDI_OFI_win_progress_fence_impl(65):
MPIDI_OFI_handle_cq_error(1310)......: OFI poll failed (ofi_events.c:1312:MPIDI_OFI_handle_cq_error:Input/output error - PTLTE_NOT_FOUND)

aborting job:
Fatal error in PMPI_Win_flush: Other MPI error, error stack:
PMPI_Win_flush(139)..................: MPI_Win_flush(target_rank=0, win=0xa0000000) failed
MPID_Win_flush(294)..................:
MPIDIG_mpi_win_flush(615)............:
MPIDI_OFI_win_progress_fence_impl(65):
MPIDI_OFI_handle_cq_error(1310)......: OFI poll failed (ofi_events.c:1312:MPIDI_OFI_handle_cq_error:Input/output error - PTLTE_NOT_FOUND)
MPICH ERROR [Rank 212] [job id 5137469.119] [Sun Aug  2 01:55:14 2026] [frontier00435] - Abort(606226319) (rank 212 in comm 0): Fatal error in PMPI_Win_flush: Other MPI error, error stack:
PMPI_Win_flush(139)..................: MPI_Win_flush(target_rank=0, win=0xa0000000) failed
MPID_Win_flush(294)..................:
MPIDIG_mpi_win_flush(615)............:
MPIDI_OFI_win_progress_fence_impl(65):
MPIDI_OFI_handle_cq_error(1310)......: OFI poll failed (ofi_events.c:1312:MPIDI_OFI_handle_cq_error:Input/output error - PTLTE_NOT_FOUND)

aborting job:
Fatal error in PMPI_Win_flush: Other MPI error, error stack:
PMPI_Win_flush(139)..................: MPI_Win_flush(target_rank=0, win=0xa0000000) failed
MPID_Win_flush(294)..................:
MPIDIG_mpi_win_flush(615)............:
MPIDI_OFI_win_progress_fence_impl(65):
MPIDI_OFI_handle_cq_error(1310)......: OFI poll failed (ofi_events.c:1312:MPIDI_OFI_handle_cq_error:Input/output error - PTLTE_NOT_FOUND)
MPICH ERROR [Rank 682] [job id 5137469.119] [Sun Aug  2 01:55:14 2026] [frontier01576] - Abort(606226319) (rank 682 in comm 0): Fatal error in PMPI_Win_flush: Other MPI error, error stack:
PMPI_Win_flush(139)..................: MPI_Win_flush(target_rank=0, win=0xa0000000) failed
MPID_Win_flush(294)..................:
MPIDIG_mpi_win_flush(615)............:
MPIDI_OFI_win_progress_fence_impl(65):
MPIDI_OFI_handle_cq_error(1310)......: OFI poll failed (ofi_events.c:1312:MPIDI_OFI_handle_cq_error:Input/output error - PTLTE_NOT_FOUND)

aborting job:
Fatal error in PMPI_Win_flush: Other MPI error, error stack:
PMPI_Win_flush(139)..................: MPI_Win_flush(target_rank=0, win=0xa0000000) failed
MPID_Win_flush(294)..................:
MPIDIG_mpi_win_flush(615)............:
MPIDI_OFI_win_progress_fence_impl(65):
MPIDI_OFI_handle_cq_error(1310)......: OFI poll failed (ofi_events.c:1312:MPIDI_OFI_handle_cq_error:Input/output error - PTLTE_NOT_FOUND)
MPICH ERROR [Rank 476] [job id 5137469.119] [Sun Aug  2 01:55:14 2026] [frontier01094] - Abort(606226319) (rank 476 in comm 0): Fatal error in PMPI_Win_flush: Other MPI error, error stack:
PMPI_Win_flush(139)..................: MPI_Win_flush(target_rank=0, win=0xa0000000) failed
MPID_Win_flush(294)..................:
MPIDIG_mpi_win_flush(615)............:
MPIDI_OFI_win_progress_fence_impl(65):
MPIDI_OFI_handle_cq_error(1310)......: OFI poll failed (ofi_events.c:1312:MPIDI_OFI_handle_cq_error:Input/output error - PTLTE_NOT_FOUND)

aborting job:
Fatal error in PMPI_Win_flush: Other MPI error, error stack:
PMPI_Win_flush(139)..................: MPI_Win_flush(target_rank=0, win=0xa0000000) failed
MPID_Win_flush(294)..................:
MPIDIG_mpi_win_flush(615)............:
MPIDI_OFI_win_progress_fence_impl(65):
MPIDI_OFI_handle_cq_error(1310)......: OFI poll failed (ofi_events.c:1312:MPIDI_OFI_handle_cq_error:Input/output error - PTLTE_NOT_FOUND)
MPICH ERROR [Rank 172] [job id 5137469.119] [Sun Aug  2 01:55:14 2026] [frontier00435] - Abort(606226319) (rank 172 in comm 0): Fatal error in PMPI_Win_flush: Other MPI error, error stack:
PMPI_Win_flush(139)..................: MPI_Win_flush(target_rank=0, win=0xa0000000) failed
MPID_Win_flush(294)..................:
MPIDIG_mpi_win_flush(615)............:
MPIDI_OFI_win_progress_fence_impl(65):
MPIDI_OFI_handle_cq_error(1310)......: OFI poll failed (ofi_events.c:1312:MPIDI_OFI_handle_cq_error:Input/output error - PTLTE_NOT_FOUND)

aborting job:
Fatal error in PMPI_Win_flush: Other MPI error, error stack:
PMPI_Win_flush(139)..................: MPI_Win_flush(target_rank=0, win=0xa0000000) failed
MPID_Win_flush(294)..................:
MPIDIG_mpi_win_flush(615)............:
MPIDI_OFI_win_progress_fence_impl(65):
MPIDI_OFI_handle_cq_error(1310)......: OFI poll failed (ofi_events.c:1312:MPIDI_OFI_handle_cq_error:Input/output error - PTLTE_NOT_FOUND)
MPICH ERROR [Rank 226] [job id 5137469.119] [Sun Aug  2 01:55:14 2026] [frontier00549] - Abort(606226319) (rank 226 in comm 0): Fatal error in PMPI_Win_flush: Other MPI error, error stack:
PMPI_Win_flush(139)..................: MPI_Win_flush(target_rank=0, win=0xa0000000) failed
MPID_Win_flush(294)..................:
MPIDIG_mpi_win_flush(615)............:
MPIDI_OFI_win_progress_fence_impl(65):
MPIDI_OFI_handle_cq_error(1310)......: OFI poll failed (ofi_events.c:1312:MPIDI_OFI_handle_cq_error:Input/output error - PTLTE_NOT_FOUND)

aborting job:
Fatal error in PMPI_Win_flush: Other MPI error, error stack:
PMPI_Win_flush(139)..................: MPI_Win_flush(target_rank=0, win=0xa0000000) failed
MPID_Win_flush(294)..................:
MPIDIG_mpi_win_flush(615)............:
MPIDI_OFI_win_progress_fence_impl(65):
MPIDI_OFI_handle_cq_error(1310)......: OFI poll failed (ofi_events.c:1312:MPIDI_OFI_handle_cq_error:Input/output error - PTLTE_NOT_FOUND)
MPICH ERROR [Rank 494] [job id 5137469.119] [Sun Aug  2 01:55:14 2026] [frontier01094] - Abort(606226319) (rank 494 in comm 0): Fatal error in PMPI_Win_flush: Other MPI error, error stack:
PMPI_Win_flush(139)..................: MPI_Win_flush(target_rank=0, win=0xa0000000) failed
MPID_Win_flush(294)..................:
MPIDIG_mpi_win_flush(615)............:
MPIDI_OFI_win_progress_fence_impl(65):
MPIDI_OFI_handle_cq_error(1310)......: OFI poll failed (ofi_events.c:1312:MPIDI_OFI_handle_cq_error:Input/output error - PTLTE_NOT_FOUND)

aborting job:
Fatal error in PMPI_Win_flush: Other MPI error, error stack:
PMPI_Win_flush(139)..................: MPI_Win_flush(target_rank=0, win=0xa0000000) failed
MPID_Win_flush(294)..................:
MPIDIG_mpi_win_flush(615)............:
MPIDI_OFI_win_progress_fence_impl(65):
MPIDI_OFI_handle_cq_error(1310)......: OFI poll failed (ofi_events.c:1312:MPIDI_OFI_handle_cq_error:Input/output error - PTLTE_NOT_FOUND)
MPICH ERROR [Rank 519] [job id 5137469.119] [Sun Aug  2 01:55:14 2026] [frontier01210] - Abort(606226319) (rank 519 in comm 0): Fatal error in PMPI_Win_flush: Other MPI error, error stack:
PMPI_Win_flush(139)..................: MPI_Win_flush(target_rank=0, win=0xa0000000) failed
MPID_Win_flush(294)..................:
MPIDIG_mpi_win_flush(615)............:
MPIDI_OFI_win_progress_fence_impl(65):
MPIDI_OFI_handle_cq_error(1310)......: OFI poll failed (ofi_events.c:1312:MPIDI_OFI_handle_cq_error:Input/output error - PTLTE_NOT_FOUND)

aborting job:
Fatal error in PMPI_Win_flush: Other MPI error, error stack:
PMPI_Win_flush(139)..................: MPI_Win_flush(target_rank=0, win=0xa0000000) failed
MPID_Win_flush(294)..................:
MPIDIG_mpi_win_flush(615)............:
MPIDI_OFI_win_progress_fence_impl(65):
MPIDI_OFI_handle_cq_error(1310)......: OFI poll failed (ofi_events.c:1312:MPIDI_OFI_handle_cq_error:Input/output error - PTLTE_NOT_FOUND)
MPICH ERROR [Rank 510] [job id 5137469.119] [Sun Aug  2 01:55:14 2026] [frontier01210] - Abort(606226319) (rank 510 in comm 0): Fatal error in PMPI_Win_flush: Other MPI error, error stack:
PMPI_Win_flush(139)..................: MPI_Win_flush(target_rank=0, win=0xa0000000) failed
MPID_Win_flush(294)..................:
MPIDIG_mpi_win_flush(615)............:
MPIDI_OFI_win_progress_fence_impl(65):
MPIDI_OFI_handle_cq_error(1310)......: OFI poll failed (ofi_events.c:1312:MPIDI_OFI_handle_cq_error:Input/output error - PTLTE_NOT_FOUND)

aborting job:
Fatal error in PMPI_Win_flush: Other MPI error, error stack:
PMPI_Win_flush(139)..................: MPI_Win_flush(target_rank=0, win=0xa0000000) failed
MPID_Win_flush(294)..................:
MPIDIG_mpi_win_flush(615)............:
MPIDI_OFI_win_progress_fence_impl(65):
MPIDI_OFI_handle_cq_error(1310)......: OFI poll failed (ofi_events.c:1312:MPIDI_OFI_handle_cq_error:Input/output error - PTLTE_NOT_FOUND)
MPICH ERROR [Rank 433] [job id 5137469.119] [Sun Aug  2 01:55:14 2026] [frontier00973] - Abort(606226319) (rank 433 in comm 0): Fatal error in PMPI_Win_flush: Other MPI error, error stack:
PMPI_Win_flush(139)..................: MPI_Win_flush(target_rank=0, win=0xa0000000) failed
MPID_Win_flush(294)..................:
MPIDIG_mpi_win_flush(615)............:
MPIDI_OFI_win_progress_fence_impl(65):
MPIDI_OFI_handle_cq_error(1310)......: OFI poll failed (ofi_events.c:1312:MPIDI_OFI_handle_cq_error:Input/output error - PTLTE_NOT_FOUND)

aborting job:
Fatal error in PMPI_Win_flush: Other MPI error, error stack:
PMPI_Win_flush(139)..................: MPI_Win_flush(target_rank=0, win=0xa0000000) failed
MPID_Win_flush(294)..................:
MPIDIG_mpi_win_flush(615)............:
MPIDI_OFI_win_progress_fence_impl(65):
MPIDI_OFI_handle_cq_error(1310)......: OFI poll failed (ofi_events.c:1312:MPIDI_OFI_handle_cq_error:Input/output error - PTLTE_NOT_FOUND)
MPICH ERROR [Rank 317] [job id 5137469.119] [Sun Aug  2 01:55:14 2026] [frontier00669] - Abort(606226319) (rank 317 in comm 0): Fatal error in PMPI_Win_flush: Other MPI error, error stack:
PMPI_Win_flush(139)..................: MPI_Win_flush(target_rank=0, win=0xa0000000) failed
MPID_Win_flush(294)..................:
MPIDIG_mpi_win_flush(615)............:
MPIDI_OFI_win_progress_fence_impl(65):
MPIDI_OFI_handle_cq_error(1310)......: OFI poll failed (ofi_events.c:1312:MPIDI_OFI_handle_cq_error:Input/output error - PTLTE_NOT_FOUND)

aborting job:
Fatal error in PMPI_Win_flush: Other MPI error, error stack:
PMPI_Win_flush(139)..................: MPI_Win_flush(target_rank=0, win=0xa0000000) failed
MPID_Win_flush(294)..................:
MPIDIG_mpi_win_flush(615)............:
MPIDI_OFI_win_progress_fence_impl(65):
MPIDI_OFI_handle_cq_error(1310)......: OFI poll failed (ofi_events.c:1312:MPIDI_OFI_handle_cq_error:Input/output error - PTLTE_NOT_FOUND)
MPICH ERROR [Rank 390] [job id 5137469.119] [Sun Aug  2 01:55:14 2026] [frontier00828] - Abort(606226319) (rank 390 in comm 0): Fatal error in PMPI_Win_flush: Other MPI error, error stack:
PMPI_Win_flush(139)..................: MPI_Win_flush(target_rank=0, win=0xa0000000) failed
MPID_Win_flush(294)..................:
MPIDIG_mpi_win_flush(615)............:
MPIDI_OFI_win_progress_fence_impl(65):
MPIDI_OFI_handle_cq_error(1310)......: OFI poll failed (ofi_events.c:1312:MPIDI_OFI_handle_cq_error:Input/output error - PTLTE_NOT_FOUND)

aborting job:
Fatal error in PMPI_Win_flush: Other MPI error, error stack:
PMPI_Win_flush(139)..................: MPI_Win_flush(target_rank=0, win=0xa0000000) failed
MPID_Win_flush(294)..................:
MPIDIG_mpi_win_flush(615)............:
MPIDI_OFI_win_progress_fence_impl(65):
MPIDI_OFI_handle_cq_error(1310)......: OFI poll failed (ofi_events.c:1312:MPIDI_OFI_handle_cq_error:Input/output error - PTLTE_NOT_FOUND)
MPICH ERROR [Rank 875] [job id 5137469.119] [Sun Aug  2 01:55:14 2026] [frontier01951] - Abort(606226319) (rank 875 in comm 0): Fatal error in PMPI_Win_flush: Other MPI error, error stack:
PMPI_Win_flush(139)..................: MPI_Win_flush(target_rank=0, win=0xa0000000) failed
MPID_Win_flush(294)..................:
MPIDIG_mpi_win_flush(615)............:
MPIDI_OFI_win_progress_fence_impl(65):
MPIDI_OFI_handle_cq_error(1310)......: OFI poll failed (ofi_events.c:1312:MPIDI_OFI_handle_cq_error:Input/output error - PTLTE_NOT_FOUND)

aborting job:
Fatal error in PMPI_Win_flush: Other MPI error, error stack:
PMPI_Win_flush(139)..................: MPI_Win_flush(target_rank=0, win=0xa0000000) failed
MPID_Win_flush(294)..................:
MPIDIG_mpi_win_flush(615)............:
MPIDI_OFI_win_progress_fence_impl(65):
MPIDI_OFI_handle_cq_error(1310)......: OFI poll failed (ofi_events.c:1312:MPIDI_OFI_handle_cq_error:Input/output error - PTLTE_NOT_FOUND)
MPICH ERROR [Rank 291] [job id 5137469.119] [Sun Aug  2 01:55:14 2026] [frontier00669] - Abort(606226319) (rank 291 in comm 0): Fatal error in PMPI_Win_flush: Other MPI error, error stack:
PMPI_Win_flush(139)..................: MPI_Win_flush(target_rank=0, win=0xa0000000) failed
MPID_Win_flush(294)..................:
MPIDIG_mpi_win_flush(615)............:
MPIDI_OFI_win_progress_fence_impl(65):
MPIDI_OFI_handle_cq_error(1310)......: OFI poll failed (ofi_events.c:1312:MPIDI_OFI_handle_cq_error:Input/output error - PTLTE_NOT_FOUND)

aborting job:
Fatal error in PMPI_Win_flush: Other MPI error, error stack:
PMPI_Win_flush(139)..................: MPI_Win_flush(target_rank=0, win=0xa0000000) failed
MPID_Win_flush(294)..................:
MPIDIG_mpi_win_flush(615)............:
MPIDI_OFI_win_progress_fence_impl(65):
MPIDI_OFI_handle_cq_error(1310)......: OFI poll failed (ofi_events.c:1312:MPIDI_OFI_handle_cq_error:Input/output error - PTLTE_NOT_FOUND)
MPICH ERROR [Rank 366] [job id 5137469.119] [Sun Aug  2 01:55:14 2026] [frontier00828] - Abort(606226319) (rank 366 in comm 0): Fatal error in PMPI_Win_flush: Other MPI error, error stack:
PMPI_Win_flush(139)..................: MPI_Win_flush(target_rank=0, win=0xa0000000) failed
MPID_Win_flush(294)..................:
MPIDIG_mpi_win_flush(615)............:
MPIDI_OFI_win_progress_fence_impl(65):
MPIDI_OFI_handle_cq_error(1310)......: OFI poll failed (ofi_events.c:1312:MPIDI_OFI_handle_cq_error:Input/output error - PTLTE_NOT_FOUND)

aborting job:
Fatal error in PMPI_Win_flush: Other MPI error, error stack:
PMPI_Win_flush(139)..................: MPI_Win_flush(target_rank=0, win=0xa0000000) failed
MPID_Win_flush(294)..................:
MPIDIG_mpi_win_flush(615)............:
MPIDI_OFI_win_progress_fence_impl(65):
MPIDI_OFI_handle_cq_error(1310)......: OFI poll failed (ofi_events.c:1312:MPIDI_OFI_handle_cq_error:Input/output error - PTLTE_NOT_FOUND)
MPICH ERROR [Rank 743] [job id 5137469.119] [Sun Aug  2 01:55:14 2026] [frontier01701] - Abort(606226319) (rank 743 in comm 0): Fatal error in PMPI_Win_flush: Other MPI error, error stack:
PMPI_Win_flush(139)..................: MPI_Win_flush(target_rank=0, win=0xa0000000) failed
MPID_Win_flush(294)..................:
MPIDIG_mpi_win_flush(615)............:
MPIDI_OFI_win_progress_fence_impl(65):
MPIDI_OFI_handle_cq_error(1310)......: OFI poll failed (ofi_events.c:1312:MPIDI_OFI_handle_cq_error:Input/output error - PTLTE_NOT_FOUND)

aborting job:
Fatal error in PMPI_Win_flush: Other MPI error, error stack:
PMPI_Win_flush(139)..................: MPI_Win_flush(target_rank=0, win=0xa0000000) failed
MPID_Win_flush(294)..................:
MPIDIG_mpi_win_flush(615)............:
MPIDI_OFI_win_progress_fence_impl(65):
MPIDI_OFI_handle_cq_error(1310)......: OFI poll failed (ofi_events.c:1312:MPIDI_OFI_handle_cq_error:Input/output error - PTLTE_NOT_FOUND)
MPICH ERROR [Rank 434] [job id 5137469.119] [Sun Aug  2 01:55:14 2026] [frontier00973] - Abort(606226319) (rank 434 in comm 0): Fatal error in PMPI_Win_flush: Other MPI error, error stack:
PMPI_Win_flush(139)..................: MPI_Win_flush(target_rank=0, win=0xa0000000) failed
MPID_Win_flush(294)..................:
MPIDIG_mpi_win_flush(615)............:
MPIDI_OFI_win_progress_fence_impl(65):
MPIDI_OFI_handle_cq_error(1310)......: OFI poll failed (ofi_events.c:1312:MPIDI_OFI_handle_cq_error:Input/output error - PTLTE_NOT_FOUND)

aborting job:
Fatal error in PMPI_Win_flush: Other MPI error, error stack:
PMPI_Win_flush(139)..................: MPI_Win_flush(target_rank=0, win=0xa0000000) failed
MPID_Win_flush(294)..................:
MPIDIG_mpi_win_flush(615)............:
MPIDI_OFI_win_progress_fence_impl(65):
MPIDI_OFI_handle_cq_error(1310)......: OFI poll failed (ofi_events.c:1312:MPIDI_OFI_handle_cq_error:Input/output error - PTLTE_NOT_FOUND)
MPICH ERROR [Rank 344] [job id 5137469.119] [Sun Aug  2 01:55:14 2026] [frontier00828] - Abort(606226319) (rank 344 in comm 0): Fatal error in PMPI_Win_flush: Other MPI error, error stack:
PMPI_Win_flush(139)..................: MPI_Win_flush(target_rank=0, win=0xa0000000) failed
MPID_Win_flush(294)..................:
MPIDIG_mpi_win_flush(615)............:
MPIDI_OFI_win_progress_fence_impl(65):
MPIDI_OFI_handle_cq_error(1310)......: OFI poll failed (ofi_events.c:1312:MPIDI_OFI_handle_cq_error:Input/output error - PTLTE_NOT_FOUND)

aborting job:
Fatal error in PMPI_Win_flush: Other MPI error, error stack:
PMPI_Win_flush(139)..................: MPI_Win_flush(target_rank=0, win=0xa0000000) failed
MPID_Win_flush(294)..................:
MPIDIG_mpi_win_flush(615)............:
MPIDI_OFI_win_progress_fence_impl(65):
MPIDI_OFI_handle_cq_error(1310)......: OFI poll failed (ofi_events.c:1312:MPIDI_OFI_handle_cq_error:Input/output error - PTLTE_NOT_FOUND)
MPICH ERROR [Rank 872] [job id 5137469.119] [Sun Aug  2 01:55:14 2026] [frontier01951] - Abort(606226319) (rank 872 in comm 0): Fatal error in PMPI_Win_flush: Other MPI error, error stack:
PMPI_Win_flush(139)..................: MPI_Win_flush(target_rank=0, win=0xa0000000) failed
MPID_Win_flush(294)..................:
MPIDIG_mpi_win_flush(615)............:
MPIDI_OFI_win_progress_fence_impl(65):
MPIDI_OFI_handle_cq_error(1310)......: OFI poll failed (ofi_events.c:1312:MPIDI_OFI_handle_cq_error:Input/output error - PTLTE_NOT_FOUND)

aborting job:
Fatal error in PMPI_Win_flush: Other MPI error, error stack:
PMPI_Win_flush(139)..................: MPI_Win_flush(target_rank=0, win=0xa0000000) failed
MPID_Win_flush(294)..................:
MPIDIG_mpi_win_flush(615)............:
MPIDI_OFI_win_progress_fence_impl(65):
MPIDI_OFI_handle_cq_error(1310)......: OFI poll failed (ofi_events.c:1312:MPIDI_OFI_handle_cq_error:Input/output error - PTLTE_NOT_FOUND)
MPICH ERROR [Rank 260] [job id 5137469.119] [Sun Aug  2 01:55:14 2026] [frontier00549] - Abort(606226319) (rank 260 in comm 0): Fatal error in PMPI_Win_flush: Other MPI error, error stack:
PMPI_Win_flush(139)..................: MPI_Win_flush(target_rank=0, win=0xa0000000) failed
MPID_Win_flush(294)..................:
MPIDIG_mpi_win_flush(615)............:
MPIDI_OFI_win_progress_fence_impl(65):
MPIDI_OFI_handle_cq_error(1310)......: OFI poll failed (ofi_events.c:1312:MPIDI_OFI_handle_cq_error:Input/output error - PTLTE_NOT_FOUND)

aborting job:
Fatal error in PMPI_Win_flush: Other MPI error, error stack:
PMPI_Win_flush(139)..................: MPI_Win_flush(target_rank=0, win=0xa0000000) failed
MPID_Win_flush(294)..................:
MPIDIG_mpi_win_flush(615)............:
MPIDI_OFI_win_progress_fence_impl(65):
MPIDI_OFI_handle_cq_error(1310)......: OFI poll failed (ofi_events.c:1312:MPIDI_OFI_handle_cq_error:Input/output error - PTLTE_NOT_FOUND)
MPICH ERROR [Rank 140] [job id 5137469.119] [Sun Aug  2 01:55:14 2026] [frontier00303] - Abort(606226319) (rank 140 in comm 0): Fatal error in PMPI_Win_flush: Other MPI error, error stack:
PMPI_Win_flush(139)..................: MPI_Win_flush(target_rank=0, win=0xa0000000) failed
MPID_Win_flush(294)..................:
MPIDIG_mpi_win_flush(615)............:
MPIDI_OFI_win_progress_fence_impl(65):
MPIDI_OFI_handle_cq_error(1310)......: OFI poll failed (ofi_events.c:1312:MPIDI_OFI_handle_cq_error:Input/output error - PTLTE_NOT_FOUND)

aborting job:
Fatal error in PMPI_Win_flush: Other MPI error, error stack:
PMPI_Win_flush(139)..................: MPI_Win_flush(target_rank=0, win=0xa0000000) failed
MPID_Win_flush(294)..................:
MPIDIG_mpi_win_flush(615)............:
MPIDI_OFI_win_progress_fence_impl(65):
MPIDI_OFI_handle_cq_error(1310)......: OFI poll failed (ofi_events.c:1312:MPIDI_OFI_handle_cq_error:Input/output error - PTLTE_NOT_FOUND)
MPICH ERROR [Rank 145] [job id 5137469.119] [Sun Aug  2 01:55:14 2026] [frontier00303] - Abort(606226319) (rank 145 in comm 0): Fatal error in PMPI_Win_flush: Other MPI error, error stack:
PMPI_Win_flush(139)..................: MPI_Win_flush(target_rank=0, win=0xa0000000) failed
MPID_Win_flush(294)..................:
MPIDIG_mpi_win_flush(615)............:
MPIDI_OFI_win_progress_fence_impl(65):
MPIDI_OFI_handle_cq_error(1310)......: OFI poll failed (ofi_events.c:1312:MPIDI_OFI_handle_cq_error:Input/output error - PTLTE_NOT_FOUND)

aborting job:
Fatal error in PMPI_Win_flush: Other MPI error, error stack:
PMPI_Win_flush(139)..................: MPI_Win_flush(target_rank=0, win=0xa0000000) failed
MPID_Win_flush(294)..................:
MPIDIG_mpi_win_flush(615)............:
MPIDI_OFI_win_progress_fence_impl(65):
MPIDI_OFI_handle_cq_error(1310)......: OFI poll failed (ofi_events.c:1312:MPIDI_OFI_handle_cq_error:Input/output error - PTLTE_NOT_FOUND)
MPICH ERROR [Rank 583] [job id 5137469.119] [Sun Aug  2 01:55:14 2026] [frontier01313] - Abort(606226319) (rank 583 in comm 0): Fatal error in PMPI_Win_flush: Other MPI error, error stack:
PMPI_Win_flush(139)..................: MPI_Win_flush(target_rank=0, win=0xa0000000) failed
MPID_Win_flush(294)..................:
MPIDIG_mpi_win_flush(615)............:
MPIDI_OFI_win_progress_fence_impl(65):
MPIDI_OFI_handle_cq_error(1310)......: OFI poll failed (ofi_events.c:1312:MPIDI_OFI_handle_cq_error:Input/output error - PTLTE_NOT_FOUND)

aborting job:
Fatal error in PMPI_Win_flush: Other MPI error, error stack:
PMPI_Win_flush(139)..................: MPI_Win_flush(target_rank=0, win=0xa0000000) failed
MPID_Win_flush(294)..................:
MPIDIG_mpi_win_flush(615)............:
MPIDI_OFI_win_progress_fence_impl(65):
MPIDI_OFI_handle_cq_error(1310)......: OFI poll failed (ofi_events.c:1312:MPIDI_OFI_handle_cq_error:Input/output error - PTLTE_NOT_FOUND)
MPICH ERROR [Rank 220] [job id 5137469.119] [Sun Aug  2 01:55:14 2026] [frontier00435] - Abort(606226319) (rank 220 in comm 0): Fatal error in PMPI_Win_flush: Other MPI error, error stack:
PMPI_Win_flush(139)..................: MPI_Win_flush(target_rank=0, win=0xa0000000) failed
MPID_Win_flush(294)..................:
MPIDIG_mpi_win_flush(615)............:
MPIDI_OFI_win_progress_fence_impl(65):
MPIDI_OFI_handle_cq_error(1310)......: OFI poll failed (ofi_events.c:1312:MPIDI_OFI_handle_cq_error:Input/output error - PTLTE_NOT_FOUND)

aborting job:
Fatal error in PMPI_Win_flush: Other MPI error, error stack:
PMPI_Win_flush(139)..................: MPI_Win_flush(target_rank=0, win=0xa0000000) failed
MPID_Win_flush(294)..................:
MPIDIG_mpi_win_flush(615)............:
MPIDI_OFI_win_progress_fence_impl(65):
MPIDI_OFI_handle_cq_error(1310)......: OFI poll failed (ofi_events.c:1312:MPIDI_OFI_handle_cq_error:Input/output error - PTLTE_NOT_FOUND)
MPICH ERROR [Rank 286] [job id 5137469.119] [Sun Aug  2 01:55:14 2026] [frontier00669] - Abort(606226319) (rank 286 in comm 0): Fatal error in PMPI_Win_flush: Other MPI error, error stack:
PMPI_Win_flush(139)..................: MPI_Win_flush(target_rank=0, win=0xa0000000) failed
MPID_Win_flush(294)..................:
MPIDIG_mpi_win_flush(615)............:
MPIDI_OFI_win_progress_fence_impl(65):
MPIDI_OFI_handle_cq_error(1310)......: OFI poll failed (ofi_events.c:1312:MPIDI_OFI_handle_cq_error:Input/output error - PTLTE_NOT_FOUND)

aborting job:
Fatal error in PMPI_Win_flush: Other MPI error, error stack:
PMPI_Win_flush(139)..................: MPI_Win_flush(target_rank=0, win=0xa0000000) failed
MPID_Win_flush(294)..................:
MPIDIG_mpi_win_flush(615)............:
MPIDI_OFI_win_progress_fence_impl(65):
MPIDI_OFI_handle_cq_error(1310)......: OFI poll failed (ofi_events.c:1312:MPIDI_OFI_handle_cq_error:Input/output error - PTLTE_NOT_FOUND)
MPICH ERROR [Rank 311] [job id 5137469.119] [Sun Aug  2 01:55:14 2026] [frontier00669] - Abort(606226319) (rank 311 in comm 0): Fatal error in PMPI_Win_flush: Other MPI error, error stack:
PMPI_Win_flush(139)..................: MPI_Win_flush(target_rank=0, win=0xa0000000) failed
MPID_Win_flush(294)..................:
MPIDIG_mpi_win_flush(615)............:
MPIDI_OFI_win_progress_fence_impl(65):
MPIDI_OFI_handle_cq_error(1310)......: OFI poll failed (ofi_events.c:1312:MPIDI_OFI_handle_cq_error:Input/output error - PTLTE_NOT_FOUND)

aborting job:
Fatal error in PMPI_Win_flush: Other MPI error, error stack:
PMPI_Win_flush(139)..................: MPI_Win_flush(target_rank=0, win=0xa0000000) failed
MPID_Win_flush(294)..................:
MPIDIG_mpi_win_flush(615)............:
MPIDI_OFI_win_progress_fence_impl(65):
MPIDI_OFI_handle_cq_error(1310)......: OFI poll failed (ofi_events.c:1312:MPIDI_OFI_handle_cq_error:Input/output error - PTLTE_NOT_FOUND)
MPICH ERROR [Rank 582] [job id 5137469.119] [Sun Aug  2 01:55:14 2026] [frontier01313] - Abort(606226319) (rank 582 in comm 0): Fatal error in PMPI_Win_flush: Other MPI error, error stack:
PMPI_Win_flush(139)..................: MPI_Win_flush(target_rank=0, win=0xa0000000) failed
MPID_Win_flush(294)..................:
MPIDIG_mpi_win_flush(615)............:
MPIDI_OFI_win_progress_fence_impl(65):
MPIDI_OFI_handle_cq_error(1310)......: OFI poll failed (ofi_events.c:1312:MPIDI_OFI_handle_cq_error:Input/output error - PTLTE_NOT_FOUND)

aborting job:
Fatal error in PMPI_Win_flush: Other MPI error, error stack:
PMPI_Win_flush(139)..................: MPI_Win_flush(target_rank=0, win=0xa0000000) failed
MPID_Win_flush(294)..................:
MPIDIG_mpi_win_flush(615)............:
MPIDI_OFI_win_progress_fence_impl(65):
MPIDI_OFI_handle_cq_error(1310)......: OFI poll failed (ofi_events.c:1312:MPIDI_OFI_handle_cq_error:Input/output error - PTLTE_NOT_FOUND)
MPICH ERROR [Rank 326] [job id 5137469.119] [Sun Aug  2 01:55:14 2026] [frontier00669] - Abort(606226319) (rank 326 in comm 0): Fatal error in PMPI_Win_flush: Other MPI error, error stack:
PMPI_Win_flush(139)..................: MPI_Win_flush(target_rank=0, win=0xa0000000) failed
MPID_Win_flush(294)..................:
MPIDIG_mpi_win_flush(615)............:
MPIDI_OFI_win_progress_fence_impl(65):
MPIDI_OFI_handle_cq_error(1310)......: OFI poll failed (ofi_events.c:1312:MPIDI_OFI_handle_cq_error:Input/output error - PTLTE_NOT_FOUND)

aborting job:
Fatal error in PMPI_Win_flush: Other MPI error, error stack:
PMPI_Win_flush(139)..................: MPI_Win_flush(target_rank=0, win=0xa0000000) failed
MPID_Win_flush(294)..................:
MPIDIG_mpi_win_flush(615)............:
MPIDI_OFI_win_progress_fence_impl(65):
MPIDI_OFI_handle_cq_error(1310)......: OFI poll failed (ofi_events.c:1312:MPIDI_OFI_handle_cq_error:Input/output error - PTLTE_NOT_FOUND)
MPICH ERROR [Rank 670] [job id 5137469.119] [Sun Aug  2 01:55:14 2026] [frontier01450] - Abort(606226319) (rank 670 in comm 0): Fatal error in PMPI_Win_flush: Other MPI error, error stack:
PMPI_Win_flush(139)..................: MPI_Win_flush(target_rank=0, win=0xa0000000) failed
MPID_Win_flush(294)..................:
MPIDIG_mpi_win_flush(615)............:
MPIDI_OFI_win_progress_fence_impl(65):
MPIDI_OFI_handle_cq_error(1310)......: OFI poll failed (ofi_events.c:1312:MPIDI_OFI_handle_cq_error:Input/output error - PTLTE_NOT_FOUND)

aborting job:
Fatal error in PMPI_Win_flush: Other MPI error, error stack:
PMPI_Win_flush(139)..................: MPI_Win_flush(target_rank=0, win=0xa0000000) failed
MPID_Win_flush(294)..................:
MPIDIG_mpi_win_flush(615)............:
MPIDI_OFI_win_progress_fence_impl(65):
MPIDI_OFI_handle_cq_error(1310)......: OFI poll failed (ofi_events.c:1312:MPIDI_OFI_handle_cq_error:Input/output error - PTLTE_NOT_FOUND)
MPICH ERROR [Rank 205] [job id 5137469.119] [Sun Aug  2 01:55:14 2026] [frontier00435] - Abort(606226319) (rank 205 in comm 0): Fatal error in PMPI_Win_flush: Other MPI error, error stack:
PMPI_Win_flush(139)..................: MPI_Win_flush(target_rank=0, win=0xa0000000) failed
MPID_Win_flush(294)..................:
MPIDIG_mpi_win_flush(615)............:
MPIDI_OFI_win_progress_fence_impl(65):
MPIDI_OFI_handle_cq_error(1310)......: OFI poll failed (ofi_events.c:1312:MPIDI_OFI_handle_cq_error:Input/output error - PTLTE_NOT_FOUND)

aborting job:
Fatal error in PMPI_Win_flush: Other MPI error, error stack:
PMPI_Win_flush(139)..................: MPI_Win_flush(target_rank=0, win=0xa0000000) failed
MPID_Win_flush(294)..................:
MPIDIG_mpi_win_flush(615)............:
MPIDI_OFI_win_progress_fence_impl(65):
MPIDI_OFI_handle_cq_error(1310)......: OFI poll failed (ofi_events.c:1312:MPIDI_OFI_handle_cq_error:Input/output error - PTLTE_NOT_FOUND)
MPICH ERROR [Rank 444] [job id 5137469.119] [Sun Aug  2 01:55:14 2026] [frontier00973] - Abort(606226319) (rank 444 in comm 0): Fatal error in PMPI_Win_flush: Other MPI error, error stack:
PMPI_Win_flush(139)..................: MPI_Win_flush(target_rank=0, win=0xa0000000) failed
MPID_Win_flush(294)..................:
MPIDIG_mpi_win_flush(615)............:
MPIDI_OFI_win_progress_fence_impl(65):
MPIDI_OFI_handle_cq_error(1310)......: OFI poll failed (ofi_events.c:1312:MPIDI_OFI_handle_cq_error:Input/output error - PTLTE_NOT_FOUND)

aborting job:
Fatal error in PMPI_Win_flush: Other MPI error, error stack:
PMPI_Win_flush(139)..................: MPI_Win_flush(target_rank=0, win=0xa0000000) failed
MPID_Win_flush(294)..................:
MPIDIG_mpi_win_flush(615)............:
MPIDI_OFI_win_progress_fence_impl(65):
MPIDI_OFI_handle_cq_error(1310)......: OFI poll failed (ofi_events.c:1312:MPIDI_OFI_handle_cq_error:Input/output error - PTLTE_NOT_FOUND)
MPICH ERROR [Rank 513] [job id 5137469.119] [Sun Aug  2 01:55:14 2026] [frontier01210] - Abort(606226319) (rank 513 in comm 0): Fatal error in PMPI_Win_flush: Other MPI error, error stack:
PMPI_Win_flush(139)..................: MPI_Win_flush(target_rank=0, win=0xa0000000) failed
MPID_Win_flush(294)..................:
MPIDIG_mpi_win_flush(615)............:
MPIDI_OFI_win_progress_fence_impl(65):
MPIDI_OFI_handle_cq_error(1310)......: OFI poll failed (ofi_events.c:1312:MPIDI_OFI_handle_cq_error:Input/output error - PTLTE_NOT_FOUND)

aborting job:
Fatal error in PMPI_Win_flush: Other MPI error, error stack:
PMPI_Win_flush(139)..................: MPI_Win_flush(target_rank=0, win=0xa0000000) failed
MPID_Win_flush(294)..................:
MPIDIG_mpi_win_flush(615)............:
MPIDI_OFI_win_progress_fence_impl(65):
MPIDI_OFI_handle_cq_error(1310)......: OFI poll failed (ofi_events.c:1312:MPIDI_OFI_handle_cq_error:Input/output error - PTLTE_NOT_FOUND)
MPICH ERROR [Rank 720] [job id 5137469.119] [Sun Aug  2 01:55:14 2026] [frontier01576] - Abort(606226319) (rank 720 in comm 0): Fatal error in PMPI_Win_flush: Other MPI error, error stack:
PMPI_Win_flush(139)..................: MPI_Win_flush(target_rank=0, win=0xa0000000) failed
MPID_Win_flush(294)..................:
MPIDIG_mpi_win_flush(615)............:
MPIDI_OFI_win_progress_fence_impl(65):
MPIDI_OFI_handle_cq_error(1310)......: OFI poll failed (ofi_events.c:1312:MPIDI_OFI_handle_cq_error:Input/output error - PTLTE_NOT_FOUND)

aborting job:
Fatal error in PMPI_Win_flush: Other MPI error, error stack:
PMPI_Win_flush(139)..................: MPI_Win_flush(target_rank=0, win=0xa0000000) failed
MPID_Win_flush(294)..................:
MPIDIG_mpi_win_flush(615)............:
MPIDI_OFI_win_progress_fence_impl(65):
MPIDI_OFI_handle_cq_error(1310)......: OFI poll failed (ofi_events.c:1312:MPIDI_OFI_handle_cq_error:Input/output error - PTLTE_NOT_FOUND)
MPICH ERROR [Rank 347] [job id 5137469.119] [Sun Aug  2 01:55:14 2026] [frontier00828] - Abort(606226319) (rank 347 in comm 0): Fatal error in PMPI_Win_flush: Other MPI error, error stack:
PMPI_Win_flush(139)..................: MPI_Win_flush(target_rank=0, win=0xa0000000) failed
MPID_Win_flush(294)..................:
MPIDIG_mpi_win_flush(615)............:
MPIDI_OFI_win_progress_fence_impl(65):
MPIDI_OFI_handle_cq_error(1310)......: OFI poll failed (ofi_events.c:1312:MPIDI_OFI_handle_cq_error:Input/output error - PTLTE_NOT_FOUND)

aborting job:
Fatal error in PMPI_Win_flush: Other MPI error, error stack:
PMPI_Win_flush(139)..................: MPI_Win_flush(target_rank=0, win=0xa0000000) failed
MPID_Win_flush(294)..................:
MPIDIG_mpi_win_flush(615)............:
MPIDI_OFI_win_progress_fence_impl(65):
MPIDI_OFI_handle_cq_error(1310)......: OFI poll failed (ofi_events.c:1312:MPIDI_OFI_handle_cq_error:Input/output error - PTLTE_NOT_FOUND)
MPICH ERROR [Rank 538] [job id 5137469.119] [Sun Aug  2 01:55:14 2026] [frontier01210] - Abort(606226319) (rank 538 in comm 0): Fatal error in PMPI_Win_flush: Other MPI error, error stack:
PMPI_Win_flush(139)..................: MPI_Win_flush(target_rank=0, win=0xa0000000) failed
MPID_Win_flush(294)..................:
MPIDIG_mpi_win_flush(615)............:
MPIDI_OFI_win_progress_fence_impl(65):
MPIDI_OFI_handle_cq_error(1310)......: OFI poll failed (ofi_events.c:1312:MPIDI_OFI_handle_cq_error:Input/output error - PTLTE_NOT_FOUND)

aborting job:
Fatal error in PMPI_Win_flush: Other MPI error, error stack:
PMPI_Win_flush(139)..................: MPI_Win_flush(target_rank=0, win=0xa0000000) failed
MPID_Win_flush(294)..................:
MPIDIG_mpi_win_flush(615)............:
MPIDI_OFI_win_progress_fence_impl(65):
MPIDI_OFI_handle_cq_error(1310)......: OFI poll failed (ofi_events.c:1312:MPIDI_OFI_handle_cq_error:Input/output error - PTLTE_NOT_FOUND)
MPICH ERROR [Rank 318] [job id 5137469.119] [Sun Aug  2 01:55:14 2026] [frontier00669] - Abort(606226319) (rank 318 in comm 0): Fatal error in PMPI_Win_flush: Other MPI error, error stack:
PMPI_Win_flush(139)..................: MPI_Win_flush(target_rank=0, win=0xa0000000) failed
MPID_Win_flush(294)..................:
MPIDIG_mpi_win_flush(615)............:
MPIDI_OFI_win_progress_fence_impl(65):
MPIDI_OFI_handle_cq_error(1310)......: OFI poll failed (ofi_events.c:1312:MPIDI_OFI_handle_cq_error:Input/output error - PTLTE_NOT_FOUND)

aborting job:
Fatal error in PMPI_Win_flush: Other MPI error, error stack:
PMPI_Win_flush(139)..................: MPI_Win_flush(target_rank=0, win=0xa0000000) failed
MPID_Win_flush(294)..................:
MPIDIG_mpi_win_flush(615)............:
MPIDI_OFI_win_progress_fence_impl(65):
MPIDI_OFI_handle_cq_error(1310)......: OFI poll failed (ofi_events.c:1312:MPIDI_OFI_handle_cq_error:Input/output error - PTLTE_NOT_FOUND)
MPICH ERROR [Rank 333] [job id 5137469.119] [Sun Aug  2 01:55:14 2026] [frontier00669] - Abort(606226319) (rank 333 in comm 0): Fatal error in PMPI_Win_flush: Other MPI error, error stack:
PMPI_Win_flush(139)..................: MPI_Win_flush(target_rank=0, win=0xa0000000) failed
MPID_Win_flush(294)..................:
MPIDIG_mpi_win_flush(615)............:
MPIDI_OFI_win_progress_fence_impl(65):
MPIDI_OFI_handle_cq_error(1310)......: OFI poll failed (ofi_events.c:1312:MPIDI_OFI_handle_cq_error:Input/output error - PTLTE_NOT_FOUND)

aborting job:
Fatal error in PMPI_Win_flush: Other MPI error, error stack:
PMPI_Win_flush(139)..................: MPI_Win_flush(target_rank=0, win=0xa0000000) failed
MPID_Win_flush(294)..................:
MPIDIG_mpi_win_flush(615)............:
MPIDI_OFI_win_progress_fence_impl(65):
MPIDI_OFI_handle_cq_error(1310)......: OFI poll failed (ofi_events.c:1312:MPIDI_OFI_handle_cq_error:Input/output error - PTLTE_NOT_FOUND)
MPICH ERROR [Rank 873] [job id 5137469.119] [Sun Aug  2 01:55:14 2026] [frontier01951] - Abort(606226319) (rank 873 in comm 0): Fatal error in PMPI_Win_flush: Other MPI error, error stack:
PMPI_Win_flush(139)..................: MPI_Win_flush(target_rank=0, win=0xa0000000) failed
MPID_Win_flush(294)..................:
MPIDIG_mpi_win_flush(615)............:
MPIDI_OFI_win_progress_fence_impl(65):
MPIDI_OFI_handle_cq_error(1310)......: OFI poll failed (ofi_events.c:1312:MPIDI_OFI_handle_cq_error:Input/output error - PTLTE_NOT_FOUND)

aborting job:
Fatal error in PMPI_Win_flush: Other MPI error, error stack:
PMPI_Win_flush(139)..................: MPI_Win_flush(target_rank=0, win=0xa0000000) failed
MPID_Win_flush(294)..................:
MPIDIG_mpi_win_flush(615)............:
MPIDI_OFI_win_progress_fence_impl(65):
MPIDI_OFI_handle_cq_error(1310)......: OFI poll failed (ofi_events.c:1312:MPIDI_OFI_handle_cq_error:Input/output error - PTLTE_NOT_FOUND)
MPICH ERROR [Rank 647] [job id 5137469.119] [Sun Aug  2 01:55:14 2026] [frontier01450] - Abort(606226319) (rank 647 in comm 0): Fatal error in PMPI_Win_flush: Other MPI error, error stack:
PMPI_Win_flush(139)..................: MPI_Win_flush(target_rank=0, win=0xa0000000) failed
MPID_Win_flush(294)..................:
MPIDIG_mpi_win_flush(615)............:
MPIDI_OFI_win_progress_fence_impl(65):
MPIDI_OFI_handle_cq_error(1310)......: OFI poll failed (ofi_events.c:1312:MPIDI_OFI_handle_cq_error:Input/output error - PTLTE_NOT_FOUND)

aborting job:
Fatal error in PMPI_Win_flush: Other MPI error, error stack:
PMPI_Win_flush(139)..................: MPI_Win_flush(target_rank=0, win=0xa0000000) failed
MPID_Win_flush(294)..................:
MPIDIG_mpi_win_flush(615)............:
MPIDI_OFI_win_progress_fence_impl(65):
MPIDI_OFI_handle_cq_error(1310)......: OFI poll failed (ofi_events.c:1312:MPIDI_OFI_handle_cq_error:Input/output error - PTLTE_NOT_FOUND)
MPICH ERROR [Rank 453] [job id 5137469.119] [Sun Aug  2 01:55:14 2026] [frontier01094] - Abort(606226319) (rank 453 in comm 0): Fatal error in PMPI_Win_flush: Other MPI error, error stack:
PMPI_Win_flush(139)..................: MPI_Win_flush(target_rank=0, win=0xa0000000) failed
MPID_Win_flush(294)..................:
MPIDIG_mpi_win_flush(615)............:
MPIDI_OFI_win_progress_fence_impl(65):
MPIDI_OFI_handle_cq_error(1310)......: OFI poll failed (ofi_events.c:1312:MPIDI_OFI_handle_cq_error:Input/output error - PTLTE_NOT_FOUND)

aborting job:
Fatal error in PMPI_Win_flush: Other MPI error, error stack:
PMPI_Win_flush(139)..................: MPI_Win_flush(target_rank=0, win=0xa0000000) failed
MPID_Win_flush(294)..................:
MPIDIG_mpi_win_flush(615)............:
MPIDI_OFI_win_progress_fence_impl(65):
MPIDI_OFI_handle_cq_error(1310)......: OFI poll failed (ofi_events.c:1312:MPIDI_OFI_handle_cq_error:Input/output error - PTLTE_NOT_FOUND)
MPICH ERROR [Rank 747] [job id 5137469.119] [Sun Aug  2 01:55:14 2026] [frontier01701] - Abort(606226319) (rank 747 in comm 0): Fatal error in PMPI_Win_flush: Other MPI error, error stack:
PMPI_Win_flush(139)..................: MPI_Win_flush(target_rank=0, win=0xa0000000) failed
MPID_Win_flush(294)..................:
MPIDIG_mpi_win_flush(615)............:
MPIDI_OFI_win_progress_fence_impl(65):
MPIDI_OFI_handle_cq_error(1310)......: OFI poll failed (ofi_events.c:1312:MPIDI_OFI_handle_cq_error:Input/output error - PTLTE_NOT_FOUND)

aborting job:
Fatal error in PMPI_Win_flush: Other MPI error, error stack:
PMPI_Win_flush(139)..................: MPI_Win_flush(target_rank=0, win=0xa0000000) failed
MPID_Win_flush(294)..................:
MPIDIG_mpi_win_flush(615)............:
MPIDI_OFI_win_progress_fence_impl(65):
MPIDI_OFI_handle_cq_error(1310)......: OFI poll failed (ofi_events.c:1312:MPIDI_OFI_handle_cq_error:Input/output error - PTLTE_NOT_FOUND)
MPICH ERROR [Rank 542] [job id 5137469.119] [Sun Aug  2 01:55:14 2026] [frontier01210] - Abort(606226319) (rank 542 in comm 0): Fatal error in PMPI_Win_flush: Other MPI error, error stack:
PMPI_Win_flush(139)..................: MPI_Win_flush(target_rank=0, win=0xa0000000) failed
MPID_Win_flush(294)..................:
MPIDIG_mpi_win_flush(615)............:
MPIDI_OFI_win_progress_fence_impl(65):
MPIDI_OFI_handle_cq_error(1310)......: OFI poll failed (ofi_events.c:1312:MPIDI_OFI_handle_cq_error:Input/output error - PTLTE_NOT_FOUND)

srun: error: frontier01094: tasks 460,481: Exited with exit code 255
aborting job:
Fatal error in PMPI_Win_flush: Other MPI error, error stack:
PMPI_Win_flush(139)..................: MPI_Win_flush(target_rank=0, win=0xa0000000) failed
MPID_Win_flush(294)..................:
MPIDIG_mpi_win_flush(615)............:
MPIDI_OFI_win_progress_fence_impl(65):
MPIDI_OFI_handle_cq_error(1310)......: OFI poll failed (ofi_events.c:1312:MPIDI_OFI_handle_cq_error:Input/output error - PTLTE_NOT_FOUND)
MPICH ERROR [Rank 407] [job id 5137469.119] [Sun Aug  2 01:55:14 2026] [frontier00973] - Abort(606226319) (rank 407 in comm 0): Fatal error in PMPI_Win_flush: Other MPI error, error stack:
PMPI_Win_flush(139)..................: MPI_Win_flush(target_rank=0, win=0xa0000000) failed
MPID_Win_flush(294)..................:
MPIDIG_mpi_win_flush(615)............:
MPIDI_OFI_win_progress_fence_impl(65):
MPIDI_OFI_handle_cq_error(1310)......: OFI poll failed (ofi_events.c:1312:MPIDI_OFI_handle_cq_error:Input/output error - PTLTE_NOT_FOUND)

aborting job:
Fatal error in PMPI_Win_flush: Other MPI error, error stack:
PMPI_Win_flush(139)..................: MPI_Win_flush(target_rank=0, win=0xa0000000) failed
MPID_Win_flush(294)..................:
MPIDIG_mpi_win_flush(615)............:
MPIDI_OFI_win_progress_fence_impl(65):
MPIDI_OFI_handle_cq_error(1310)......: OFI poll failed (ofi_events.c:1312:MPIDI_OFI_handle_cq_error:Input/output error - PTLTE_NOT_FOUND)
MPICH ERROR [Rank 268] [job id 5137469.119] [Sun Aug  2 01:55:14 2026] [frontier00549] - Abort(606226319) (rank 268 in comm 0): Fatal error in PMPI_Win_flush: Other MPI error, error stack:
PMPI_Win_flush(139)..................: MPI_Win_flush(target_rank=0, win=0xa0000000) failed
MPID_Win_flush(294)..................:
MPIDIG_mpi_win_flush(615)............:
MPIDI_OFI_win_progress_fence_impl(65):
MPIDI_OFI_handle_cq_error(1310)......: OFI poll failed (ofi_events.c:1312:MPIDI_OFI_handle_cq_error:Input/output error - PTLTE_NOT_FOUND)

aborting job:
Fatal error in PMPI_Win_flush: Other MPI error, error stack:
PMPI_Win_flush(139)..................: MPI_Win_flush(target_rank=0, win=0xa0000000) failed
MPID_Win_flush(294)..................:
MPIDIG_mpi_win_flush(615)............:
MPIDI_OFI_win_progress_fence_impl(65):
MPIDI_OFI_handle_cq_error(1310)......: OFI poll failed (ofi_events.c:1312:MPIDI_OFI_handle_cq_error:Input/output error - PTLTE_NOT_FOUND)
MPICH ERROR [Rank 749] [job id 5137469.119] [Sun Aug  2 01:55:14 2026] [frontier01701] - Abort(606226319) (rank 749 in comm 0): Fatal error in PMPI_Win_flush: Other MPI error, error stack:
PMPI_Win_flush(139)..................: MPI_Win_flush(target_rank=0, win=0xa0000000) failed
MPID_Win_flush(294)..................:
MPIDIG_mpi_win_flush(615)............:
MPIDI_OFI_win_progress_fence_impl(65):
MPIDI_OFI_handle_cq_error(1310)......: OFI poll failed (ofi_events.c:1312:MPIDI_OFI_handle_cq_error:Input/output error - PTLTE_NOT_FOUND)

aborting job:
Fatal error in PMPI_Win_flush: Other MPI error, error stack:
PMPI_Win_flush(139)..................: MPI_Win_flush(target_rank=0, win=0xa0000000) failed
MPID_Win_flush(294)..................:
MPIDIG_mpi_win_flush(615)............:
MPIDI_OFI_win_progress_fence_impl(65):
MPIDI_OFI_handle_cq_error(1310)......: OFI poll failed (ofi_events.c:1312:MPIDI_OFI_handle_cq_error:Input/output error - PTLTE_NOT_FOUND)
MPICH ERROR [Rank 123] [job id 5137469.119] [Sun Aug  2 01:55:14 2026] [frontier00303] - Abort(606226319) (rank 123 in comm 0): Fatal error in PMPI_Win_flush: Other MPI error, error stack:
PMPI_Win_flush(139)..................: MPI_Win_flush(target_rank=0, win=0xa0000000) failed
MPID_Win_flush(294)..................:
MPIDIG_mpi_win_flush(615)............:
MPIDI_OFI_win_progress_fence_impl(65):
MPIDI_OFI_handle_cq_error(1310)......: OFI poll failed (ofi_events.c:1312:MPIDI_OFI_handle_cq_error:Input/output error - PTLTE_NOT_FOUND)

aborting job:
Fatal error in PMPI_Win_flush: Other MPI error, error stack:
PMPI_Win_flush(139)..................: MPI_Win_flush(target_rank=0, win=0xa0000000) failed
MPID_Win_flush(294)..................:
MPIDIG_mpi_win_flush(615)............:
MPIDI_OFI_win_progress_fence_impl(65):
MPIDI_OFI_handle_cq_error(1310)......: OFI poll failed (ofi_events.c:1312:MPIDI_OFI_handle_cq_error:Input/output error - PTLTE_NOT_FOUND)
MPICH ERROR [Rank 696] [job id 5137469.119] [Sun Aug  2 01:55:14 2026] [frontier01576] - Abort(606226319) (rank 696 in comm 0): Fatal error in PMPI_Win_flush: Other MPI error, error stack:
PMPI_Win_flush(139)..................: MPI_Win_flush(target_rank=0, win=0xa0000000) failed
MPID_Win_flush(294)..................:
MPIDIG_mpi_win_flush(615)............:
MPIDI_OFI_win_progress_fence_impl(65):
MPIDI_OFI_handle_cq_error(1310)......: OFI poll failed (ofi_events.c:1312:MPIDI_OFI_handle_cq_error:Input/output error - PTLTE_NOT_FOUND)

aborting job:
Fatal error in PMPI_Win_flush: Other MPI error, error stack:
PMPI_Win_flush(139)..................: MPI_Win_flush(target_rank=0, win=0xa0000000) failed
MPID_Win_flush(294)..................:
MPIDIG_mpi_win_flush(615)............:
MPIDI_OFI_win_progress_fence_impl(65):
MPIDI_OFI_handle_cq_error(1310)......: OFI poll failed (ofi_events.c:1312:MPIDI_OFI_handle_cq_error:Input/output error - PTLTE_NOT_FOUND)
MPICH ERROR [Rank 473] [job id 5137469.119] [Sun Aug  2 01:55:14 2026] [frontier01094] - Abort(606226319) (rank 473 in comm 0): Fatal error in PMPI_Win_flush: Other MPI error, error stack:
PMPI_Win_flush(139)..................: MPI_Win_flush(target_rank=0, win=0xa0000000) failed
MPID_Win_flush(294)..................:
MPIDIG_mpi_win_flush(615)............:
MPIDI_OFI_win_progress_fence_impl(65):
MPIDI_OFI_handle_cq_error(1310)......: OFI poll failed (ofi_events.c:1312:MPIDI_OFI_handle_cq_error:Input/output error - PTLTE_NOT_FOUND)

aborting job:
Fatal error in PMPI_Win_flush: Other MPI error, error stack:
PMPI_Win_flush(139)..................: MPI_Win_flush(target_rank=0, win=0xa0000000) failed
MPID_Win_flush(294)..................:
MPIDIG_mpi_win_flush(615)............:
MPIDI_OFI_win_progress_fence_impl(65):
MPIDI_OFI_handle_cq_error(1310)......: OFI poll failed (ofi_events.c:1312:MPIDI_OFI_handle_cq_error:Input/output error - PTLTE_NOT_FOUND)
MPICH ERROR [Rank 802] [job id 5137469.119] [Sun Aug  2 01:55:14 2026] [frontier01882] - Abort(606226319) (rank 802 in comm 0): Fatal error in PMPI_Win_flush: Other MPI error, error stack:
PMPI_Win_flush(139)..................: MPI_Win_flush(target_rank=0, win=0xa0000000) failed
MPID_Win_flush(294)..................:
MPIDIG_mpi_win_flush(615)............:
MPIDI_OFI_win_progress_fence_impl(65):
MPIDI_OFI_handle_cq_error(1310)......: OFI poll failed (ofi_events.c:1312:MPIDI_OFI_handle_cq_error:Input/output error - PTLTE_NOT_FOUND)

aborting job:
Fatal error in PMPI_Win_flush: Other MPI error, error stack:
PMPI_Win_flush(139)..................: MPI_Win_flush(target_rank=0, win=0xa0000000) failed
MPID_Win_flush(294)..................:
MPIDIG_mpi_win_flush(615)............:
MPIDI_OFI_win_progress_fence_impl(65):
MPIDI_OFI_handle_cq_error(1310)......: OFI poll failed (ofi_events.c:1312:MPIDI_OFI_handle_cq_error:Input/output error - PTLTE_NOT_FOUND)
MPICH ERROR [Rank 63] [job id 5137469.119] [Sun Aug  2 01:55:14 2026] [frontier00169] - Abort(606226319) (rank 63 in comm 0): Fatal error in PMPI_Win_flush: Other MPI error, error stack:
PMPI_Win_flush(139)..................: MPI_Win_flush(target_rank=0, win=0xa0000000) failed
MPID_Win_flush(294)..................:
MPIDIG_mpi_win_flush(615)............:
MPIDI_OFI_win_progress_fence_impl(65):
MPIDI_OFI_handle_cq_error(1310)......: OFI poll failed (ofi_events.c:1312:MPIDI_OFI_handle_cq_error:Input/output error - PTLTE_NOT_FOUND)

aborting job:
Fatal error in PMPI_Win_flush: Other MPI error, error stack:
PMPI_Win_flush(139)..................: MPI_Win_flush(target_rank=0, win=0xa0000000) failed
MPID_Win_flush(294)..................:
MPIDIG_mpi_win_flush(615)............:
MPIDI_OFI_win_progress_fence_impl(65):
MPIDI_OFI_handle_cq_error(1310)......: OFI poll failed (ofi_events.c:1312:MPIDI_OFI_handle_cq_error:Input/output error - PTLTE_NOT_FOUND)
MPICH ERROR [Rank 572] [job id 5137469.119] [Sun Aug  2 01:55:14 2026] [frontier01313] - Abort(606226319) (rank 572 in comm 0): Fatal error in PMPI_Win_flush: Other MPI error, error stack:
PMPI_Win_flush(139)..................: MPI_Win_flush(target_rank=0, win=0xa0000000) failed
MPID_Win_flush(294)..................:
MPIDIG_mpi_win_flush(615)............:
MPIDI_OFI_win_progress_fence_impl(65):
MPIDI_OFI_handle_cq_error(1310)......: OFI poll failed (ofi_events.c:1312:MPIDI_OFI_handle_cq_error:Input/output error - PTLTE_NOT_FOUND)

aborting job:
Fatal error in PMPI_Win_flush: Other MPI error, error stack:
PMPI_Win_flush(139)..................: MPI_Win_flush(target_rank=0, win=0xa0000000) failed
MPID_Win_flush(294)..................:
MPIDIG_mpi_win_flush(615)............:
MPIDI_OFI_win_progress_fence_impl(65):
MPIDI_OFI_handle_cq_error(1310)......: OFI poll failed (ofi_events.c:1312:MPIDI_OFI_handle_cq_error:Input/output error - PTLTE_NOT_FOUND)
MPICH ERROR [Rank 425] [job id 5137469.119] [Sun Aug  2 01:55:14 2026] [frontier00973] - Abort(606226319) (rank 425 in comm 0): Fatal error in PMPI_Win_flush: Other MPI error, error stack:
PMPI_Win_flush(139)..................: MPI_Win_flush(target_rank=0, win=0xa0000000) failed
MPID_Win_flush(294)..................:
MPIDIG_mpi_win_flush(615)............:
MPIDI_OFI_win_progress_fence_impl(65):
MPIDI_OFI_handle_cq_error(1310)......: OFI poll failed (ofi_events.c:1312:MPIDI_OFI_handle_cq_error:Input/output error - PTLTE_NOT_FOUND)

aborting job:
Fatal error in PMPI_Win_flush: Other MPI error, error stack:
PMPI_Win_flush(139)..................: MPI_Win_flush(target_rank=0, win=0xa0000000) failed
MPID_Win_flush(294)..................:
MPIDIG_mpi_win_flush(615)............:
MPIDI_OFI_win_progress_fence_impl(65):
MPIDI_OFI_handle_cq_error(1310)......: OFI poll failed (ofi_events.c:1312:MPIDI_OFI_handle_cq_error:Input/output error - PTLTE_NOT_FOUND)
MPICH ERROR [Rank 584] [job id 5137469.119] [Sun Aug  2 01:55:14 2026] [frontier01313] - Abort(606226319) (rank 584 in comm 0): Fatal error in PMPI_Win_flush: Other MPI error, error stack:
PMPI_Win_flush(139)..................: MPI_Win_flush(target_rank=0, win=0xa0000000) failed
MPID_Win_flush(294)..................:
MPIDIG_mpi_win_flush(615)............:
MPIDI_OFI_win_progress_fence_impl(65):
MPIDI_OFI_handle_cq_error(1310)......: OFI poll failed (ofi_events.c:1312:MPIDI_OFI_handle_cq_error:Input/output error - PTLTE_NOT_FOUND)

aborting job:
Fatal error in PMPI_Win_flush: Other MPI error, error stack:
PMPI_Win_flush(139)..................: MPI_Win_flush(target_rank=0, win=0xa0000000) failed
MPID_Win_flush(294)..................:
MPIDIG_mpi_win_flush(615)............:
MPIDI_OFI_win_progress_fence_impl(65):
MPIDI_OFI_handle_cq_error(1310)......: OFI poll failed (ofi_events.c:1312:MPIDI_OFI_handle_cq_error:Input/output error - PTLTE_NOT_FOUND)
MPICH ERROR [Rank 678] [job id 5137469.119] [Sun Aug  2 01:55:14 2026] [frontier01576] - Abort(606226319) (rank 678 in comm 0): Fatal error in PMPI_Win_flush: Other MPI error, error stack:
PMPI_Win_flush(139)..................: MPI_Win_flush(target_rank=0, win=0xa0000000) failed
MPID_Win_flush(294)..................:
MPIDIG_mpi_win_flush(615)............:
MPIDI_OFI_win_progress_fence_impl(65):
MPIDI_OFI_handle_cq_error(1310)......: OFI poll failed (ofi_events.c:1312:MPIDI_OFI_handle_cq_error:Input/output error - PTLTE_NOT_FOUND)

aborting job:
Fatal error in PMPI_Win_flush: Other MPI error, error stack:
PMPI_Win_flush(139)..................: MPI_Win_flush(target_rank=0, win=0xa0000000) failed
MPID_Win_flush(294)..................:
MPIDIG_mpi_win_flush(615)............:
MPIDI_OFI_win_progress_fence_impl(65):
MPIDI_OFI_handle_cq_error(1310)......: OFI poll failed (ofi_events.c:1312:MPIDI_OFI_handle_cq_error:Input/output error - PTLTE_NOT_FOUND)
MPICH ERROR [Rank 253] [job id 5137469.119] [Sun Aug  2 01:55:14 2026] [frontier00549] - Abort(606226319) (rank 253 in comm 0): Fatal error in PMPI_Win_flush: Other MPI error, error stack:
PMPI_Win_flush(139)..................: MPI_Win_flush(target_rank=0, win=0xa0000000) failed
MPID_Win_flush(294)..................:
MPIDIG_mpi_win_flush(615)............:
MPIDI_OFI_win_progress_fence_impl(65):
MPIDI_OFI_handle_cq_error(1310)......: OFI poll failed (ofi_events.c:1312:MPIDI_OFI_handle_cq_error:Input/output error - PTLTE_NOT_FOUND)

aborting job:
Fatal error in PMPI_Win_flush: Other MPI error, error stack:
PMPI_Win_flush(139)..................: MPI_Win_flush(target_rank=0, win=0xa0000000) failed
MPID_Win_flush(294)..................:
MPIDIG_mpi_win_flush(615)............:
MPIDI_OFI_win_progress_fence_impl(65):
MPIDI_OFI_handle_cq_error(1310)......: OFI poll failed (ofi_events.c:1312:MPIDI_OFI_handle_cq_error:Input/output error - PTLTE_NOT_FOUND)
MPICH ERROR [Rank 66] [job id 5137469.119] [Sun Aug  2 01:55:14 2026] [frontier00169] - Abort(606226319) (rank 66 in comm 0): Fatal error in PMPI_Win_flush: Other MPI error, error stack:
PMPI_Win_flush(139)..................: MPI_Win_flush(target_rank=0, win=0xa0000000) failed
MPID_Win_flush(294)..................:
MPIDIG_mpi_win_flush(615)............:
MPIDI_OFI_win_progress_fence_impl(65):
MPIDI_OFI_handle_cq_error(1310)......: OFI poll failed (ofi_events.c:1312:MPIDI_OFI_handle_cq_error:Input/output error - PTLTE_NOT_FOUND)

aborting job:
Fatal error in PMPI_Win_flush: Other MPI error, error stack:
PMPI_Win_flush(139)..................: MPI_Win_flush(target_rank=0, win=0xa0000000) failed
MPID_Win_flush(294)..................:
MPIDIG_mpi_win_flush(615)............:
MPIDI_OFI_win_progress_fence_impl(65):
MPIDI_OFI_handle_cq_error(1310)......: OFI poll failed (ofi_events.c:1312:MPIDI_OFI_handle_cq_error:Input/output error - PTLTE_NOT_FOUND)
MPICH ERROR [Rank 861] [job id 5137469.119] [Sun Aug  2 01:55:14 2026] [frontier01951] - Abort(606226319) (rank 861 in comm 0): Fatal error in PMPI_Win_flush: Other MPI error, error stack:
PMPI_Win_flush(139)..................: MPI_Win_flush(target_rank=0, win=0xa0000000) failed
MPID_Win_flush(294)..................:
MPIDIG_mpi_win_flush(615)............:
MPIDI_OFI_win_progress_fence_impl(65):
MPIDI_OFI_handle_cq_error(1310)......: OFI poll failed (ofi_events.c:1312:MPIDI_OFI_handle_cq_error:Input/output error - PTLTE_NOT_FOUND)

aborting job:
Fatal error in PMPI_Win_flush: Other MPI error, error stack:
PMPI_Win_flush(139)..................: MPI_Win_flush(target_rank=0, win=0xa0000000) failed
MPID_Win_flush(294)..................:
MPIDIG_mpi_win_flush(615)............:
MPIDI_OFI_win_progress_fence_impl(65):
MPIDI_OFI_handle_cq_error(1310)......: OFI poll failed (ofi_events.c:1312:MPIDI_OFI_handle_cq_error:Input/output error - PTLTE_NOT_FOUND)
MPICH ERROR [Rank 863] [job id 5137469.119] [Sun Aug  2 01:55:14 2026] [frontier01951] - Abort(606226319) (rank 863 in comm 0): Fatal error in PMPI_Win_flush: Other MPI error, error stack:
PMPI_Win_flush(139)..................: MPI_Win_flush(target_rank=0, win=0xa0000000) failed
MPID_Win_flush(294)..................:
MPIDIG_mpi_win_flush(615)............:
MPIDI_OFI_win_progress_fence_impl(65):
MPIDI_OFI_handle_cq_error(1310)......: OFI poll failed (ofi_events.c:1312:MPIDI_OFI_handle_cq_error:Input/output error - PTLTE_NOT_FOUND)

aborting job:
Fatal error in PMPI_Win_flush: Other MPI error, error stack:
PMPI_Win_flush(139)..................: MPI_Win_flush(target_rank=0, win=0xa0000000) failed
MPID_Win_flush(294)..................:
MPIDIG_mpi_win_flush(615)............:
MPIDI_OFI_win_progress_fence_impl(65):
MPIDI_OFI_handle_cq_error(1310)......: OFI poll failed (ofi_events.c:1312:MPIDI_OFI_handle_cq_error:Input/output error - PTLTE_NOT_FOUND)
MPICH ERROR [Rank 893] [job id 5137469.119] [Sun Aug  2 01:55:14 2026] [frontier01951] - Abort(606226319) (rank 893 in comm 0): Fatal error in PMPI_Win_flush: Other MPI error, error stack:
PMPI_Win_flush(139)..................: MPI_Win_flush(target_rank=0, win=0xa0000000) failed
MPID_Win_flush(294)..................:
MPIDIG_mpi_win_flush(615)............:
MPIDI_OFI_win_progress_fence_impl(65):
MPIDI_OFI_handle_cq_error(1310)......: OFI poll failed (ofi_events.c:1312:MPIDI_OFI_handle_cq_error:Input/output error - PTLTE_NOT_FOUND)

aborting job:
Fatal error in PMPI_Win_flush: Other MPI error, error stack:
PMPI_Win_flush(139)..................: MPI_Win_flush(target_rank=0, win=0xa0000000) failed
MPID_Win_flush(294)..................:
MPIDIG_mpi_win_flush(615)............:
MPIDI_OFI_win_progress_fence_impl(65):
MPIDI_OFI_handle_cq_error(1310)......: OFI poll failed (ofi_events.c:1312:MPIDI_OFI_handle_cq_error:Input/output error - PTLTE_NOT_FOUND)
MPICH ERROR [Rank 827] [job id 5137469.119] [Sun Aug  2 01:55:14 2026] [frontier01882] - Abort(606226319) (rank 827 in comm 0): Fatal error in PMPI_Win_flush: Other MPI error, error stack:
PMPI_Win_flush(139)..................: MPI_Win_flush(target_rank=0, win=0xa0000000) failed
MPID_Win_flush(294)..................:
MPIDIG_mpi_win_flush(615)............:
MPIDI_OFI_win_progress_fence_impl(65):
MPIDI_OFI_handle_cq_error(1310)......: OFI poll failed (ofi_events.c:1312:MPIDI_OFI_handle_cq_error:Input/output error - PTLTE_NOT_FOUND)

aborting job:
Fatal error in PMPI_Win_flush: Other MPI error, error stack:
PMPI_Win_flush(139)..................: MPI_Win_flush(target_rank=0, win=0xa0000000) failed
MPID_Win_flush(294)..................:
MPIDIG_mpi_win_flush(615)............:
MPIDI_OFI_win_progress_fence_impl(65):
MPIDI_OFI_handle_cq_error(1310)......: OFI poll failed (ofi_events.c:1312:MPIDI_OFI_handle_cq_error:Input/output error - PTLTE_NOT_FOUND)
MPICH ERROR [Rank 596] [job id 5137469.119] [Sun Aug  2 01:55:14 2026] [frontier01313] - Abort(606226319) (rank 596 in comm 0): Fatal error in PMPI_Win_flush: Other MPI error, error stack:
PMPI_Win_flush(139)..................: MPI_Win_flush(target_rank=0, win=0xa0000000) failed
MPID_Win_flush(294)..................:
MPIDIG_mpi_win_flush(615)............:
MPIDI_OFI_win_progress_fence_impl(65):
MPIDI_OFI_handle_cq_error(1310)......: OFI poll failed (ofi_events.c:1312:MPIDI_OFI_handle_cq_error:Input/output error - PTLTE_NOT_FOUND)

aborting job:
Fatal error in PMPI_Win_flush: Other MPI error, error stack:
PMPI_Win_flush(139)..................: MPI_Win_flush(target_rank=0, win=0xa0000000) failed
MPID_Win_flush(294)..................:
MPIDIG_mpi_win_flush(615)............:
MPIDI_OFI_win_progress_fence_impl(65):
MPIDI_OFI_handle_cq_error(1310)......: OFI poll failed (ofi_events.c:1312:MPIDI_OFI_handle_cq_error:Input/output error - PTLTE_NOT_FOUND)
MPICH ERROR [Rank 207] [job id 5137469.119] [Sun Aug  2 01:55:14 2026] [frontier00435] - Abort(606226319) (rank 207 in comm 0): Fatal error in PMPI_Win_flush: Other MPI error, error stack:
PMPI_Win_flush(139)..................: MPI_Win_flush(target_rank=0, win=0xa0000000) failed
MPID_Win_flush(294)..................:
MPIDIG_mpi_win_flush(615)............:
MPIDI_OFI_win_progress_fence_impl(65):
MPIDI_OFI_handle_cq_error(1310)......: OFI poll failed (ofi_events.c:1312:MPIDI_OFI_handle_cq_error:Input/output error - PTLTE_NOT_FOUND)

aborting job:
Fatal error in PMPI_Win_flush: Other MPI error, error stack:
PMPI_Win_flush(139)..................: MPI_Win_flush(target_rank=0, win=0xa0000000) failed
MPID_Win_flush(294)..................:
MPIDIG_mpi_win_flush(615)............:
MPIDI_OFI_win_progress_fence_impl(65):
MPIDI_OFI_handle_cq_error(1310)......: OFI poll failed (ofi_events.c:1312:MPIDI_OFI_handle_cq_error:Input/output error - PTLTE_NOT_FOUND)
MPICH ERROR [Rank 474] [job id 5137469.119] [Sun Aug  2 01:55:14 2026] [frontier01094] - Abort(606226319) (rank 474 in comm 0): Fatal error in PMPI_Win_flush: Other MPI error, error stack:
PMPI_Win_flush(139)..................: MPI_Win_flush(target_rank=0, win=0xa0000000) failed
MPID_Win_flush(294)..................:
MPIDIG_mpi_win_flush(615)............:
MPIDI_OFI_win_progress_fence_impl(65):
MPIDI_OFI_handle_cq_error(1310)......: OFI poll failed (ofi_events.c:1312:MPIDI_OFI_handle_cq_error:Input/output error - PTLTE_NOT_FOUND)

aborting job:
Fatal error in PMPI_Win_flush: Other MPI error, error stack:
PMPI_Win_flush(139)..................: MPI_Win_flush(target_rank=0, win=0xa0000000) failed
MPID_Win_flush(294)..................:
MPIDIG_mpi_win_flush(615)............:
MPIDI_OFI_win_progress_fence_impl(65):
MPIDI_OFI_handle_cq_error(1310)......: OFI poll failed (ofi_events.c:1312:MPIDI_OFI_handle_cq_error:Input/output error - PTLTE_NOT_FOUND)
MPICH ERROR [Rank 331] [job id 5137469.119] [Sun Aug  2 01:55:14 2026] [frontier00669] - Abort(606226319) (rank 331 in comm 0): Fatal error in PMPI_Win_flush: Other MPI error, error stack:
PMPI_Win_flush(139)..................: MPI_Win_flush(target_rank=0, win=0xa0000000) failed
MPID_Win_flush(294)..................:
MPIDIG_mpi_win_flush(615)............:
MPIDI_OFI_win_progress_fence_impl(65):
MPIDI_OFI_handle_cq_error(1310)......: OFI poll failed (ofi_events.c:1312:MPIDI_OFI_handle_cq_error:Input/output error - PTLTE_NOT_FOUND)

aborting job:
Fatal error in PMPI_Win_flush: Other MPI error, error stack:
PMPI_Win_flush(139)..................: MPI_Win_flush(target_rank=0, win=0xa0000000) failed
MPID_Win_flush(294)..................:
MPIDIG_mpi_win_flush(615)............:
MPIDI_OFI_win_progress_fence_impl(65):
MPIDI_OFI_handle_cq_error(1310)......: OFI poll failed (ofi_events.c:1312:MPIDI_OFI_handle_cq_error:Input/output error - PTLTE_NOT_FOUND)
MPICH ERROR [Rank 684] [job id 5137469.119] [Sun Aug  2 01:55:14 2026] [frontier01576] - Abort(606226319) (rank 684 in comm 0): Fatal error in PMPI_Win_flush: Other MPI error, error stack:
PMPI_Win_flush(139)..................: MPI_Win_flush(target_rank=0, win=0xa0000000) failed
MPID_Win_flush(294)..................:
MPIDIG_mpi_win_flush(615)............:
MPIDI_OFI_win_progress_fence_impl(65):
MPIDI_OFI_handle_cq_error(1310)......: OFI poll failed (ofi_events.c:1312:MPIDI_OFI_handle_cq_error:Input/output error - PTLTE_NOT_FOUND)

aborting job:
Fatal error in PMPI_Win_flush: Other MPI error, error stack:
PMPI_Win_flush(139)..................: MPI_Win_flush(target_rank=0, win=0xa0000000) failed
MPID_Win_flush(294)..................:
MPIDIG_mpi_win_flush(615)............:
MPIDI_OFI_win_progress_fence_impl(65):
MPIDI_OFI_handle_cq_error(1310)......: OFI poll failed (ofi_events.c:1312:MPIDI_OFI_handle_cq_error:Input/output error - PTLTE_NOT_FOUND)
MPICH ERROR [Rank 324] [job id 5137469.119] [Sun Aug  2 01:55:14 2026] [frontier00669] - Abort(606226319) (rank 324 in comm 0): Fatal error in PMPI_Win_flush: Other MPI error, error stack:
PMPI_Win_flush(139)..................: MPI_Win_flush(target_rank=0, win=0xa0000000) failed
MPID_Win_flush(294)..................:
MPIDIG_mpi_win_flush(615)............:
MPIDI_OFI_win_progress_fence_impl(65):
MPIDI_OFI_handle_cq_error(1310)......: OFI poll failed (ofi_events.c:1312:MPIDI_OFI_handle_cq_error:Input/output error - PTLTE_NOT_FOUND)

aborting job:
Fatal error in PMPI_Win_flush: Other MPI error, error stack:
PMPI_Win_flush(139)..................: MPI_Win_flush(target_rank=0, win=0xa0000000) failed
MPID_Win_flush(294)..................:
MPIDIG_mpi_win_flush(615)............:
MPIDI_OFI_win_progress_fence_impl(65):
MPIDI_OFI_handle_cq_error(1310)......: OFI poll failed (ofi_events.c:1312:MPIDI_OFI_handle_cq_error:Input/output error - PTLTE_NOT_FOUND)
MPICH ERROR [Rank 615] [job id 5137469.119] [Sun Aug  2 01:55:14 2026] [frontier01313] - Abort(606226319) (rank 615 in comm 0): Fatal error in PMPI_Win_flush: Other MPI error, error stack:
PMPI_Win_flush(139)..................: MPI_Win_flush(target_rank=0, win=0xa0000000) failed
MPID_Win_flush(294)..................:
MPIDIG_mpi_win_flush(615)............:
MPIDI_OFI_win_progress_fence_impl(65):
MPIDI_OFI_handle_cq_error(1310)......: OFI poll failed (ofi_events.c:1312:MPIDI_OFI_handle_cq_error:Input/output error - PTLTE_NOT_FOUND)

aborting job:
Fatal error in PMPI_Win_flush: Other MPI error, error stack:
PMPI_Win_flush(139)..................: MPI_Win_flush(target_rank=0, win=0xa0000000) failed
MPID_Win_flush(294)..................:
MPIDIG_mpi_win_flush(615)............:
MPIDI_OFI_win_progress_fence_impl(65):
MPIDI_OFI_handle_cq_error(1310)......: OFI poll failed (ofi_events.c:1312:MPIDI_OFI_handle_cq_error:Input/output error - PTLTE_NOT_FOUND)
MPICH ERROR [Rank 721] [job id 5137469.119] [Sun Aug  2 01:55:14 2026] [frontier01576] - Abort(606226319) (rank 721 in comm 0): Fatal error in PMPI_Win_flush: Other MPI error, error stack:
PMPI_Win_flush(139)..................: MPI_Win_flush(target_rank=0, win=0xa0000000) failed
MPID_Win_flush(294)..................:
MPIDIG_mpi_win_flush(615)............:
MPIDI_OFI_win_progress_fence_impl(65):
MPIDI_OFI_handle_cq_error(1310)......: OFI poll failed (ofi_events.c:1312:MPIDI_OFI_handle_cq_error:Input/output error - PTLTE_NOT_FOUND)

aborting job:
Fatal error in PMPI_Win_flush: Other MPI error, error stack:
PMPI_Win_flush(139)..................: MPI_Win_flush(target_rank=0, win=0xa0000000) failed
MPID_Win_flush(294)..................:
MPIDIG_mpi_win_flush(615)............:
MPIDI_OFI_win_progress_fence_impl(65):
MPIDI_OFI_handle_cq_error(1310)......: OFI poll failed (ofi_events.c:1312:MPIDI_OFI_handle_cq_error:Input/output error - PTLTE_NOT_FOUND)
MPICH ERROR [Rank 258] [job id 5137469.119] [Sun Aug  2 01:55:14 2026] [frontier00549] - Abort(606226319) (rank 258 in comm 0): Fatal error in PMPI_Win_flush: Other MPI error, error stack:
PMPI_Win_flush(139)..................: MPI_Win_flush(target_rank=0, win=0xa0000000) failed
MPID_Win_flush(294)..................:
MPIDIG_mpi_win_flush(615)............:
MPIDI_OFI_win_progress_fence_impl(65):
MPIDI_OFI_handle_cq_error(1310)......: OFI poll failed (ofi_events.c:1312:MPIDI_OFI_handle_cq_error:Input/output error - PTLTE_NOT_FOUND)

aborting job:
Fatal error in PMPI_Win_flush: Other MPI error, error stack:
PMPI_Win_flush(139)..................: MPI_Win_flush(target_rank=0, win=0xa0000000) failed
MPID_Win_flush(294)..................:
MPIDIG_mpi_win_flush(615)............:
MPIDI_OFI_win_progress_fence_impl(65):
MPIDI_OFI_handle_cq_error(1310)......: OFI poll failed (ofi_events.c:1312:MPIDI_OFI_handle_cq_error:Input/output error - PTLTE_NOT_FOUND)
MPICH ERROR [Rank 841] [job id 5137469.119] [Sun Aug  2 01:55:14 2026] [frontier01951] - Abort(606226319) (rank 841 in comm 0): Fatal error in PMPI_Win_flush: Other MPI error, error stack:
PMPI_Win_flush(139)..................: MPI_Win_flush(target_rank=0, win=0xa0000000) failed
MPID_Win_flush(294)..................:
MPIDIG_mpi_win_flush(615)............:
MPIDI_OFI_win_progress_fence_impl(65):
MPIDI_OFI_handle_cq_error(1310)......: OFI poll failed (ofi_events.c:1312:MPIDI_OFI_handle_cq_error:Input/output error - PTLTE_NOT_FOUND)

aborting job:
Fatal error in PMPI_Win_flush: Other MPI error, error stack:
PMPI_Win_flush(139)..................: MPI_Win_flush(target_rank=0, win=0xa0000000) failed
MPID_Win_flush(294)..................:
MPIDIG_mpi_win_flush(615)............:
MPIDI_OFI_win_progress_fence_impl(65):
MPIDI_OFI_handle_cq_error(1310)......: OFI poll failed (ofi_events.c:1312:MPIDI_OFI_handle_cq_error:Input/output error - PTLTE_NOT_FOUND)
MPICH ERROR [Rank 193] [job id 5137469.119] [Sun Aug  2 01:55:14 2026] [frontier00435] - Abort(606226319) (rank 193 in comm 0): Fatal error in PMPI_Win_flush: Other MPI error, error stack:
PMPI_Win_flush(139)..................: MPI_Win_flush(target_rank=0, win=0xa0000000) failed
MPID_Win_flush(294)..................:
MPIDIG_mpi_win_flush(615)............:
MPIDI_OFI_win_progress_fence_impl(65):
MPIDI_OFI_handle_cq_error(1310)......: OFI poll failed (ofi_events.c:1312:MPIDI_OFI_handle_cq_error:Input/output error - PTLTE_NOT_FOUND)

aborting job:
Fatal error in PMPI_Win_flush: Other MPI error, error stack:
PMPI_Win_flush(139)..................: MPI_Win_flush(target_rank=0, win=0xa0000000) failed
MPID_Win_flush(294)..................:
MPIDIG_mpi_win_flush(615)............:
MPIDI_OFI_win_progress_fence_impl(65):
MPIDI_OFI_handle_cq_error(1310)......: OFI poll failed (ofi_events.c:1312:MPIDI_OFI_handle_cq_error:Input/output error - PTLTE_NOT_FOUND)
MPICH ERROR [Rank 496] [job id 5137469.119] [Sun Aug  2 01:55:14 2026] [frontier01094] - Abort(606226319) (rank 496 in comm 0): Fatal error in PMPI_Win_flush: Other MPI error, error stack:
PMPI_Win_flush(139)..................: MPI_Win_flush(target_rank=0, win=0xa0000000) failed
MPID_Win_flush(294)..................:
MPIDIG_mpi_win_flush(615)............:
MPIDI_OFI_win_progress_fence_impl(65):
MPIDI_OFI_handle_cq_error(1310)......: OFI poll failed (ofi_events.c:1312:MPIDI_OFI_handle_cq_error:Input/output error - PTLTE_NOT_FOUND)

aborting job:
Fatal error in PMPI_Win_flush: Other MPI error, error stack:
PMPI_Win_flush(139)..................: MPI_Win_flush(target_rank=0, win=0xa0000000) failed
MPID_Win_flush(294)..................:
MPIDIG_mpi_win_flush(615)............:
MPIDI_OFI_win_progress_fence_impl(65):
MPIDI_OFI_handle_cq_error(1310)......: OFI poll failed (ofi_events.c:1312:MPIDI_OFI_handle_cq_error:Input/output error - PTLTE_NOT_FOUND)
MPICH ERROR [Rank 793] [job id 5137469.119] [Sun Aug  2 01:55:14 2026] [frontier01882] - Abort(606226319) (rank 793 in comm 0): Fatal error in PMPI_Win_flush: Other MPI error, error stack:
PMPI_Win_flush(139)..................: MPI_Win_flush(target_rank=0, win=0xa0000000) failed
MPID_Win_flush(294)..................:
MPIDIG_mpi_win_flush(615)............:
MPIDI_OFI_win_progress_fence_impl(65):
MPIDI_OFI_handle_cq_error(1310)......: OFI poll failed (ofi_events.c:1312:MPIDI_OFI_handle_cq_error:Input/output error - PTLTE_NOT_FOUND)

aborting job:
Fatal error in PMPI_Win_flush: Other MPI error, error stack:
PMPI_Win_flush(139)..................: MPI_Win_flush(target_rank=0, win=0xa0000000) failed
MPID_Win_flush(294)..................:
MPIDIG_mpi_win_flush(615)............:
MPIDI_OFI_win_progress_fence_impl(65):
MPIDI_OFI_handle_cq_error(1310)......: OFI poll failed (ofi_events.c:1312:MPIDI_OFI_handle_cq_error:Input/output error - PTLTE_NOT_FOUND)
MPICH ERROR [Rank 321] [job id 5137469.119] [Sun Aug  2 01:55:14 2026] [frontier00669] - Abort(606226319) (rank 321 in comm 0): Fatal error in PMPI_Win_flush: Other MPI error, error stack:
PMPI_Win_flush(139)..................: MPI_Win_flush(target_rank=0, win=0xa0000000) failed
MPID_Win_flush(294)..................:
MPIDIG_mpi_win_flush(615)............:
MPIDI_OFI_win_progress_fence_impl(65):
MPIDI_OFI_handle_cq_error(1310)......: OFI poll failed (ofi_events.c:1312:MPIDI_OFI_handle_cq_error:Input/output error - PTLTE_NOT_FOUND)

aborting job:
Fatal error in PMPI_Win_flush: Other MPI error, error stack:
PMPI_Win_flush(139)..................: MPI_Win_flush(target_rank=0, win=0xa0000000) failed
MPID_Win_flush(294)..................:
MPIDIG_mpi_win_flush(615)............:
MPIDI_OFI_win_progress_fence_impl(65):
MPIDI_OFI_handle_cq_error(1310)......: OFI poll failed (ofi_events.c:1312:MPIDI_OFI_handle_cq_error:Input/output error - PTLTE_NOT_FOUND)
MPICH ERROR [Rank 282] [job id 5137469.119] [Sun Aug  2 01:55:14 2026] [frontier00669] - Abort(606226319) (rank 282 in comm 0): Fatal error in PMPI_Win_flush: Other MPI error, error stack:
PMPI_Win_flush(139)..................: MPI_Win_flush(target_rank=0, win=0xa0000000) failed
MPID_Win_flush(294)..................:
MPIDIG_mpi_win_flush(615)............:
MPIDI_OFI_win_progress_fence_impl(65):
MPIDI_OFI_handle_cq_error(1310)......: OFI poll failed (ofi_events.c:1312:MPIDI_OFI_handle_cq_error:Input/output error - PTLTE_NOT_FOUND)

aborting job:
Fatal error in PMPI_Win_flush: Other MPI error, error stack:
PMPI_Win_flush(139)..................: MPI_Win_flush(target_rank=0, win=0xa0000000) failed
MPID_Win_flush(294)..................:
MPIDIG_mpi_win_flush(615)............:
MPIDI_OFI_win_progress_fence_impl(65):
MPIDI_OFI_handle_cq_error(1310)......: OFI poll failed (ofi_events.c:1312:MPIDI_OFI_handle_cq_error:Input/output error - PTLTE_NOT_FOUND)
MPICH ERROR [Rank 194] [job id 5137469.119] [Sun Aug  2 01:55:14 2026] [frontier00435] - Abort(606226319) (rank 194 in comm 0): Fatal error in PMPI_Win_flush: Other MPI error, error stack:
PMPI_Win_flush(139)..................: MPI_Win_flush(target_rank=0, win=0xa0000000) failed
MPID_Win_flush(294)..................:
MPIDIG_mpi_win_flush(615)............:
MPIDI_OFI_win_progress_fence_impl(65):
MPIDI_OFI_handle_cq_error(1310)......: OFI poll failed (ofi_events.c:1312:MPIDI_OFI_handle_cq_error:Input/output error - PTLTE_NOT_FOUND)

aborting job:
Fatal error in PMPI_Win_flush: Other MPI error, error stack:
PMPI_Win_flush(139)..................: MPI_Win_flush(target_rank=0, win=0xa0000000) failed
MPID_Win_flush(294)..................:
MPIDIG_mpi_win_flush(615)............:
MPIDI_OFI_win_progress_fence_impl(65):
MPIDI_OFI_handle_cq_error(1310)......: OFI poll failed (ofi_events.c:1312:MPIDI_OFI_handle_cq_error:Input/output error - PTLTE_NOT_FOUND)
MPICH ERROR [Rank 674] [job id 5137469.119] [Sun Aug  2 01:55:14 2026] [frontier01576] - Abort(606226319) (rank 674 in comm 0): Fatal error in PMPI_Win_flush: Other MPI error, error stack:
PMPI_Win_flush(139)..................: MPI_Win_flush(target_rank=0, win=0xa0000000) failed
MPID_Win_flush(294)..................:
MPIDIG_mpi_win_flush(615)............:
MPIDI_OFI_win_progress_fence_impl(65):
MPIDI_OFI_handle_cq_error(1310)......: OFI poll failed (ofi_events.c:1312:MPIDI_OFI_handle_cq_error:Input/output error - PTLTE_NOT_FOUND)

aborting job:
Fatal error in PMPI_Win_flush: Other MPI error, error stack:
PMPI_Win_flush(139)..................: MPI_Win_flush(target_rank=0, win=0xa0000000) failed
MPID_Win_flush(294)..................:
MPIDIG_mpi_win_flush(615)............:
MPIDI_OFI_win_progress_fence_impl(65):
MPIDI_OFI_handle_cq_error(1310)......: OFI poll failed (ofi_events.c:1312:MPIDI_OFI_handle_cq_error:Input/output error - PTLTE_NOT_FOUND)
MPICH ERROR [Rank 263] [job id 5137469.119] [Sun Aug  2 01:55:14 2026] [frontier00549] - Abort(606226319) (rank 263 in comm 0): Fatal error in PMPI_Win_flush: Other MPI error, error stack:
PMPI_Win_flush(139)..................: MPI_Win_flush(target_rank=0, win=0xa0000000) failed
MPID_Win_flush(294)..................:
MPIDIG_mpi_win_flush(615)............:
MPIDI_OFI_win_progress_fence_impl(65):
MPIDI_OFI_handle_cq_error(1310)......: OFI poll failed (ofi_events.c:1312:MPIDI_OFI_handle_cq_error:Input/output error - PTLTE_NOT_FOUND)

aborting job:
Fatal error in PMPI_Win_flush: Other MPI error, error stack:
PMPI_Win_flush(139)..................: MPI_Win_flush(target_rank=0, win=0xa0000000) failed
MPID_Win_flush(294)..................:
MPIDIG_mpi_win_flush(615)............:
MPIDI_OFI_win_progress_fence_impl(65):
MPIDI_OFI_handle_cq_error(1310)......: OFI poll failed (ofi_events.c:1312:MPIDI_OFI_handle_cq_error:Input/output error - PTLTE_NOT_FOUND)
MPICH ERROR [Rank 298] [job id 5137469.119] [Sun Aug  2 01:55:14 2026] [frontier00669] - Abort(606226319) (rank 298 in comm 0): Fatal error in PMPI_Win_flush: Other MPI error, error stack:
PMPI_Win_flush(139)..................: MPI_Win_flush(target_rank=0, win=0xa0000000) failed
MPID_Win_flush(294)..................:
MPIDIG_mpi_win_flush(615)............:
MPIDI_OFI_win_progress_fence_impl(65):
MPIDI_OFI_handle_cq_error(1310)......: OFI poll failed (ofi_events.c:1312:MPIDI_OFI_handle_cq_error:Input/output error - PTLTE_NOT_FOUND)

aborting job:
Fatal error in PMPI_Win_flush: Other MPI error, error stack:
PMPI_Win_flush(139)..................: MPI_Win_flush(target_rank=0, win=0xa0000000) failed
MPID_Win_flush(294)..................:
MPIDIG_mpi_win_flush(615)............:
MPIDI_OFI_win_progress_fence_impl(65):
MPIDI_OFI_handle_cq_error(1310)......: OFI poll failed (ofi_events.c:1312:MPIDI_OFI_handle_cq_error:Input/output error - PTLTE_NOT_FOUND)
MPICH ERROR [Rank 687] [job id 5137469.119] [Sun Aug  2 01:55:14 2026] [frontier01576] - Abort(606226319) (rank 687 in comm 0): Fatal error in PMPI_Win_flush: Other MPI error, error stack:
PMPI_Win_flush(139)..................: MPI_Win_flush(target_rank=0, win=0xa0000000) failed
MPID_Win_flush(294)..................:
MPIDIG_mpi_win_flush(615)............:
MPIDI_OFI_win_progress_fence_impl(65):
MPIDI_OFI_handle_cq_error(1310)......: OFI poll failed (ofi_events.c:1312:MPIDI_OFI_handle_cq_error:Input/output error - PTLTE_NOT_FOUND)

aborting job:
Fatal error in PMPI_Win_flush: Other MPI error, error stack:
PMPI_Win_flush(139)..................: MPI_Win_flush(target_rank=0, win=0xa0000000) failed
MPID_Win_flush(294)..................:
MPIDIG_mpi_win_flush(615)............:
MPIDI_OFI_win_progress_fence_impl(65):
MPIDI_OFI_handle_cq_error(1310)......: OFI poll failed (ofi_events.c:1312:MPIDI_OFI_handle_cq_error:Input/output error - PTLTE_NOT_FOUND)
MPICH ERROR [Rank 493] [job id 5137469.119] [Sun Aug  2 01:55:14 2026] [frontier01094] - Abort(606226319) (rank 493 in comm 0): Fatal error in PMPI_Win_flush: Other MPI error, error stack:
PMPI_Win_flush(139)..................: MPI_Win_flush(target_rank=0, win=0xa0000000) failed
MPID_Win_flush(294)..................:
MPIDIG_mpi_win_flush(615)............:
MPIDI_OFI_win_progress_fence_impl(65):
MPIDI_OFI_handle_cq_error(1310)......: OFI poll failed (ofi_events.c:1312:MPIDI_OFI_handle_cq_error:Input/output error - PTLTE_NOT_FOUND)

aborting job:
Fatal error in PMPI_Win_flush: Other MPI error, error stack:
PMPI_Win_flush(139)..................: MPI_Win_flush(target_rank=0, win=0xa0000000) failed
MPID_Win_flush(294)..................:
MPIDIG_mpi_win_flush(615)............:
MPIDI_OFI_win_progress_fence_impl(65):
MPIDI_OFI_handle_cq_error(1310)......: OFI poll failed (ofi_events.c:1312:MPIDI_OFI_handle_cq_error:Input/output error - PTLTE_NOT_FOUND)
MPICH ERROR [Rank 64] [job id 5137469.119] [Sun Aug  2 01:55:14 2026] [frontier00169] - Abort(606226319) (rank 64 in comm 0): Fatal error in PMPI_Win_flush: Other MPI error, error stack:
PMPI_Win_flush(139)..................: MPI_Win_flush(target_rank=0, win=0xa0000000) failed
MPID_Win_flush(294)..................:
MPIDIG_mpi_win_flush(615)............:
MPIDI_OFI_win_progress_fence_impl(65):
MPIDI_OFI_handle_cq_error(1310)......: OFI poll failed (ofi_events.c:1312:MPIDI_OFI_handle_cq_error:Input/output error - PTLTE_NOT_FOUND)

aborting job:
Fatal error in PMPI_Win_flush: Other MPI error, error stack:
PMPI_Win_flush(139)..................: MPI_Win_flush(target_rank=0, win=0xa0000000) failed
MPID_Win_flush(294)..................:
MPIDIG_mpi_win_flush(615)............:
MPIDI_OFI_win_progress_fence_impl(65):
MPIDI_OFI_handle_cq_error(1310)......: OFI poll failed (ofi_events.c:1312:MPIDI_OFI_handle_cq_error:Input/output error - PTLTE_NOT_FOUND)
MPICH ERROR [Rank 606] [job id 5137469.119] [Sun Aug  2 01:55:14 2026] [frontier01313] - Abort(606226319) (rank 606 in comm 0): Fatal error in PMPI_Win_flush: Other MPI error, error stack:
PMPI_Win_flush(139)..................: MPI_Win_flush(target_rank=0, win=0xa0000000) failed
MPID_Win_flush(294)..................:
MPIDIG_mpi_win_flush(615)............:
MPIDI_OFI_win_progress_fence_impl(65):
MPIDI_OFI_handle_cq_error(1310)......: OFI poll failed (ofi_events.c:1312:MPIDI_OFI_handle_cq_error:Input/output error - PTLTE_NOT_FOUND)

aborting job:
Fatal error in PMPI_Win_flush: Other MPI error, error stack:
PMPI_Win_flush(139)..................: MPI_Win_flush(target_rank=0, win=0xa0000000) failed
MPID_Win_flush(294)..................:
MPIDIG_mpi_win_flush(615)............:
MPIDI_OFI_win_progress_fence_impl(65):
MPIDI_OFI_handle_cq_error(1310)......: OFI poll failed (ofi_events.c:1312:MPIDI_OFI_handle_cq_error:Input/output error - PTLTE_NOT_FOUND)
MPICH ERROR [Rank 686] [job id 5137469.119] [Sun Aug  2 01:55:14 2026] [frontier01576] - Abort(606226319) (rank 686 in comm 0): Fatal error in PMPI_Win_flush: Other MPI error, error stack:
PMPI_Win_flush(139)..................: MPI_Win_flush(target_rank=0, win=0xa0000000) failed
MPID_Win_flush(294)..................:
MPIDIG_mpi_win_flush(615)............:
MPIDI_OFI_win_progress_fence_impl(65):
MPIDI_OFI_handle_cq_error(1310)......: OFI poll failed (ofi_events.c:1312:MPIDI_OFI_handle_cq_error:Input/output error - PTLTE_NOT_FOUND)

aborting job:
Fatal error in PMPI_Win_flush: Other MPI error, error stack:
PMPI_Win_flush(139)..................: MPI_Win_flush(target_rank=0, win=0xa0000000) failed
MPID_Win_flush(294)..................:
MPIDIG_mpi_win_flush(615)............:
MPIDI_OFI_win_progress_fence_impl(65):
MPIDI_OFI_handle_cq_error(1310)......: OFI poll failed (ofi_events.c:1312:MPIDI_OFI_handle_cq_error:Input/output error - PTLTE_NOT_FOUND)
MPICH ERROR [Rank 585] [job id 5137469.119] [Sun Aug  2 01:55:14 2026] [frontier01313] - Abort(606226319) (rank 585 in comm 0): Fatal error in PMPI_Win_flush: Other MPI error, error stack:
PMPI_Win_flush(139)..................: MPI_Win_flush(target_rank=0, win=0xa0000000) failed
MPID_Win_flush(294)..................:
MPIDIG_mpi_win_flush(615)............:
MPIDI_OFI_win_progress_fence_impl(65):
MPIDI_OFI_handle_cq_error(1310)......: OFI poll failed (ofi_events.c:1312:MPIDI_OFI_handle_cq_error:Input/output error - PTLTE_NOT_FOUND)

aborting job:
Fatal error in PMPI_Win_flush: Other MPI error, error stack:
PMPI_Win_flush(139)..................: MPI_Win_flush(target_rank=0, win=0xa0000000) failed
MPID_Win_flush(294)..................:
MPIDIG_mpi_win_flush(615)............:
MPIDI_OFI_win_progress_fence_impl(65):
MPIDI_OFI_handle_cq_error(1310)......: OFI poll failed (ofi_events.c:1312:MPIDI_OFI_handle_cq_error:Input/output error - PTLTE_NOT_FOUND)
MPICH ERROR [Rank 367] [job id 5137469.119] [Sun Aug  2 01:55:14 2026] [frontier00828] - Abort(606226319) (rank 367 in comm 0): Fatal error in PMPI_Win_flush: Other MPI error, error stack:
PMPI_Win_flush(139)..................: MPI_Win_flush(target_rank=0, win=0xa0000000) failed
MPID_Win_flush(294)..................:
MPIDIG_mpi_win_flush(615)............:
MPIDI_OFI_win_progress_fence_impl(65):
MPIDI_OFI_handle_cq_error(1310)......: OFI poll failed (ofi_events.c:1312:MPIDI_OFI_handle_cq_error:Input/output error - PTLTE_NOT_FOUND)

aborting job:
Fatal error in PMPI_Win_flush: Other MPI error, error stack:
PMPI_Win_flush(139)..................: MPI_Win_flush(target_rank=0, win=0xa0000000) failed
MPID_Win_flush(294)..................:
MPIDIG_mpi_win_flush(615)............:
MPIDI_OFI_win_progress_fence_impl(65):
MPIDI_OFI_handle_cq_error(1310)......: OFI poll failed (ofi_events.c:1312:MPIDI_OFI_handle_cq_error:Input/output error - PTLTE_NOT_FOUND)
MPICH ERROR [Rank 864] [job id 5137469.119] [Sun Aug  2 01:55:14 2026] [frontier01951] - Abort(606226319) (rank 864 in comm 0): Fatal error in PMPI_Win_flush: Other MPI error, error stack:
PMPI_Win_flush(139)..................: MPI_Win_flush(target_rank=0, win=0xa0000000) failed
MPID_Win_flush(294)..................:
MPIDIG_mpi_win_flush(615)............:
MPIDI_OFI_win_progress_fence_impl(65):
MPIDI_OFI_handle_cq_error(1310)......: OFI poll failed (ofi_events.c:1312:MPIDI_OFI_handle_cq_error:Input/output error - PTLTE_NOT_FOUND)

aborting job:
Fatal error in PMPI_Win_flush: Other MPI error, error stack:
PMPI_Win_flush(139)..................: MPI_Win_flush(target_rank=0, win=0xa0000000) failed
MPID_Win_flush(294)..................:
MPIDIG_mpi_win_flush(615)............:
MPIDI_OFI_win_progress_fence_impl(65):
MPIDI_OFI_handle_cq_error(1310)......: OFI poll failed (ofi_events.c:1312:MPIDI_OFI_handle_cq_error:Input/output error - PTLTE_NOT_FOUND)
MPICH ERROR [Rank 839] [job id 5137469.119] [Sun Aug  2 01:55:14 2026] [frontier01882] - Abort(606226319) (rank 839 in comm 0): Fatal error in PMPI_Win_flush: Other MPI error, error stack:
PMPI_Win_flush(139)..................: MPI_Win_flush(target_rank=0, win=0xa0000000) failed
MPID_Win_flush(294)..................:
MPIDIG_mpi_win_flush(615)............:
MPIDI_OFI_win_progress_fence_impl(65):
MPIDI_OFI_handle_cq_error(1310)......: OFI poll failed (ofi_events.c:1312:MPIDI_OFI_handle_cq_error:Input/output error - PTLTE_NOT_FOUND)

aborting job:
Fatal error in PMPI_Win_flush: Other MPI error, error stack:
PMPI_Win_flush(139)..................: MPI_Win_flush(target_rank=0, win=0xa0000000) failed
MPID_Win_flush(294)..................:
MPIDIG_mpi_win_flush(615)............:
MPIDI_OFI_win_progress_fence_impl(65):
MPIDI_OFI_handle_cq_error(1310)......: OFI poll failed (ofi_events.c:1312:MPIDI_OFI_handle_cq_error:Input/output error - PTLTE_NOT_FOUND)
MPICH ERROR [Rank 524] [job id 5137469.119] [Sun Aug  2 01:55:14 2026] [frontier01210] - Abort(606226319) (rank 524 in comm 0): Fatal error in PMPI_Win_flush: Other MPI error, error stack:
PMPI_Win_flush(139)..................: MPI_Win_flush(target_rank=0, win=0xa0000000) failed
MPID_Win_flush(294)..................:
MPIDIG_mpi_win_flush(615)............:
MPIDI_OFI_win_progress_fence_impl(65):
MPIDI_OFI_handle_cq_error(1310)......: OFI poll failed (ofi_events.c:1312:MPIDI_OFI_handle_cq_error:Input/output error - PTLTE_NOT_FOUND)

aborting job:
Fatal error in PMPI_Win_flush: Other MPI error, error stack:
PMPI_Win_flush(139)..................: MPI_Win_flush(target_rank=0, win=0xa0000000) failed
MPID_Win_flush(294)..................:
MPIDIG_mpi_win_flush(615)............:
MPIDI_OFI_win_progress_fence_impl(65):
MPIDI_OFI_handle_cq_error(1310)......: OFI poll failed (ofi_events.c:1312:MPIDI_OFI_handle_cq_error:Input/output error - PTLTE_NOT_FOUND)
MPICH ERROR [Rank 379] [job id 5137469.119] [Sun Aug  2 01:55:14 2026] [frontier00828] - Abort(606226319) (rank 379 in comm 0): Fatal error in PMPI_Win_flush: Other MPI error, error stack:
PMPI_Win_flush(139)..................: MPI_Win_flush(target_rank=0, win=0xa0000000) failed
MPID_Win_flush(294)..................:
MPIDIG_mpi_win_flush(615)............:
MPIDI_OFI_win_progress_fence_impl(65):
MPIDI_OFI_handle_cq_error(1310)......: OFI poll failed (ofi_events.c:1312:MPIDI_OFI_handle_cq_error:Input/output error - PTLTE_NOT_FOUND)

aborting job:
Fatal error in PMPI_Win_flush: Other MPI error, error stack:
PMPI_Win_flush(139)..................: MPI_Win_flush(target_rank=0, win=0xa0000000) failed
MPID_Win_flush(294)..................:
MPIDIG_mpi_win_flush(615)............:
MPIDI_OFI_win_progress_fence_impl(65):
MPIDI_OFI_handle_cq_error(1310)......: OFI poll failed (ofi_events.c:1312:MPIDI_OFI_handle_cq_error:Input/output error - PTLTE_NOT_FOUND)
MPICH ERROR [Rank 393] [job id 5137469.119] [Sun Aug  2 01:55:14 2026] [frontier00973] - Abort(606226319) (rank 393 in comm 0): Fatal error in PMPI_Win_flush: Other MPI error, error stack:
PMPI_Win_flush(139)..................: MPI_Win_flush(target_rank=0, win=0xa0000000) failed
MPID_Win_flush(294)..................:
MPIDIG_mpi_win_flush(615)............:
MPIDI_OFI_win_progress_fence_impl(65):
MPIDI_OFI_handle_cq_error(1310)......: OFI poll failed (ofi_events.c:1312:MPIDI_OFI_handle_cq_error:Input/output error - PTLTE_NOT_FOUND)

aborting job:
Fatal error in PMPI_Win_flush: Other MPI error, error stack:
PMPI_Win_flush(139)..................: MPI_Win_flush(target_rank=0, win=0xa0000000) failed
MPID_Win_flush(294)..................:
MPIDIG_mpi_win_flush(615)............:
MPIDI_OFI_win_progress_fence_impl(65):
MPIDI_OFI_handle_cq_error(1310)......: OFI poll failed (ofi_events.c:1312:MPIDI_OFI_handle_cq_error:Input/output error - PTLTE_NOT_FOUND)
MPICH ERROR [Rank 107] [job id 5137469.119] [Sun Aug  2 01:55:14 2026] [frontier00169] - Abort(606226319) (rank 107 in comm 0): Fatal error in PMPI_Win_flush: Other MPI error, error stack:
PMPI_Win_flush(139)..................: MPI_Win_flush(target_rank=0, win=0xa0000000) failed
MPID_Win_flush(294)..................:
MPIDIG_mpi_win_flush(615)............:
MPIDI_OFI_win_progress_fence_impl(65):
MPIDI_OFI_handle_cq_error(1310)......: OFI poll failed (ofi_events.c:1312:MPIDI_OFI_handle_cq_error:Input/output error - PTLTE_NOT_FOUND)

aborting job:
Fatal error in PMPI_Win_flush: Other MPI error, error stack:
PMPI_Win_flush(139)..................: MPI_Win_flush(target_rank=0, win=0xa0000000) failed
MPID_Win_flush(294)..................:
MPIDIG_mpi_win_flush(615)............:
MPIDI_OFI_win_progress_fence_impl(65):
MPIDI_OFI_handle_cq_error(1310)......: OFI poll failed (ofi_events.c:1312:MPIDI_OFI_handle_cq_error:Input/output error - PTLTE_NOT_FOUND)
MPICH ERROR [Rank 492] [job id 5137469.119] [Sun Aug  2 01:55:14 2026] [frontier01094] - Abort(606226319) (rank 492 in comm 0): Fatal error in PMPI_Win_flush: Other MPI error, error stack:
PMPI_Win_flush(139)..................: MPI_Win_flush(target_rank=0, win=0xa0000000) failed
MPID_Win_flush(294)..................:
MPIDIG_mpi_win_flush(615)............:
MPIDI_OFI_win_progress_fence_impl(65):
MPIDI_OFI_handle_cq_error(1310)......: OFI poll failed (ofi_events.c:1312:MPIDI_OFI_handle_cq_error:Input/output error - PTLTE_NOT_FOUND)

aborting job:
Fatal error in PMPI_Win_flush: Other MPI error, error stack:
PMPI_Win_flush(139)..................: MPI_Win_flush(target_rank=0, win=0xa0000000) failed
MPID_Win_flush(294)..................:
MPIDIG_mpi_win_flush(615)............:
MPIDI_OFI_win_progress_fence_impl(65):
MPIDI_OFI_handle_cq_error(1310)......: OFI poll failed (ofi_events.c:1312:MPIDI_OFI_handle_cq_error:Input/output error - PTLTE_NOT_FOUND)
MPICH ERROR [Rank 99] [job id 5137469.119] [Sun Aug  2 01:55:14 2026] [frontier00169] - Abort(606226319) (rank 99 in comm 0): Fatal error in PMPI_Win_flush: Other MPI error, error stack:
PMPI_Win_flush(139)..................: MPI_Win_flush(target_rank=0, win=0xa0000000) failed
MPID_Win_flush(294)..................:
MPIDIG_mpi_win_flush(615)............:
MPIDI_OFI_win_progress_fence_impl(65):
MPIDI_OFI_handle_cq_error(1310)......: OFI poll failed (ofi_events.c:1312:MPIDI_OFI_handle_cq_error:Input/output error - PTLTE_NOT_FOUND)

aborting job:
Fatal error in PMPI_Win_flush: Other MPI error, error stack:
PMPI_Win_flush(139)..................: MPI_Win_flush(target_rank=0, win=0xa0000000) failed
MPID_Win_flush(294)..................:
MPIDIG_mpi_win_flush(615)............:
MPIDI_OFI_win_progress_fence_impl(65):
MPIDI_OFI_handle_cq_error(1310)......: OFI poll failed (ofi_events.c:1312:MPIDI_OFI_handle_cq_error:Input/output error - PTLTE_NOT_FOUND)
MPICH ERROR [Rank 262] [job id 5137469.119] [Sun Aug  2 01:55:14 2026] [frontier00549] - Abort(606226319) (rank 262 in comm 0): Fatal error in PMPI_Win_flush: Other MPI error, error stack:
PMPI_Win_flush(139)..................: MPI_Win_flush(target_rank=0, win=0xa0000000) failed
MPID_Win_flush(294)..................:
MPIDIG_mpi_win_flush(615)............:
MPIDI_OFI_win_progress_fence_impl(65):
MPIDI_OFI_handle_cq_error(1310)......: OFI poll failed (ofi_events.c:1312:MPIDI_OFI_handle_cq_error:Input/output error - PTLTE_NOT_FOUND)

aborting job:
Fatal error in PMPI_Win_flush: Other MPI error, error stack:
PMPI_Win_flush(139)..................: MPI_Win_flush(target_rank=0, win=0xa0000000) failed
MPID_Win_flush(294)..................:
MPIDIG_mpi_win_flush(615)............:
MPIDI_OFI_win_progress_fence_impl(65):
MPIDI_OFI_handle_cq_error(1310)......: OFI poll failed (ofi_events.c:1312:MPIDI_OFI_handle_cq_error:Input/output error - PTLTE_NOT_FOUND)
MPICH ERROR [Rank 277] [job id 5137469.119] [Sun Aug  2 01:55:14 2026] [frontier00549] - Abort(606226319) (rank 277 in comm 0): Fatal error in PMPI_Win_flush: Other MPI error, error stack:
PMPI_Win_flush(139)..................: MPI_Win_flush(target_rank=0, win=0xa0000000) failed
MPID_Win_flush(294)..................:
MPIDIG_mpi_win_flush(615)............:
MPIDI_OFI_win_progress_fence_impl(65):
MPIDI_OFI_handle_cq_error(1310)......: OFI poll failed (ofi_events.c:1312:MPIDI_OFI_handle_cq_error:Input/output error - PTLTE_NOT_FOUND)

aborting job:
Fatal error in PMPI_Win_flush: Other MPI error, error stack:
PMPI_Win_flush(139)..................: MPI_Win_flush(target_rank=0, win=0xa0000000) failed
MPID_Win_flush(294)..................:
MPIDIG_mpi_win_flush(615)............:
MPIDI_OFI_win_progress_fence_impl(65):
MPIDI_OFI_handle_cq_error(1310)......: OFI poll failed (ofi_events.c:1312:MPIDI_OFI_handle_cq_error:Input/output error - PTLTE_NOT_FOUND)
MPICH ERROR [Rank 663] [job id 5137469.119] [Sun Aug  2 01:55:14 2026] [frontier01450] - Abort(606226319) (rank 663 in comm 0): Fatal error in PMPI_Win_flush: Other MPI error, error stack:
PMPI_Win_flush(139)..................: MPI_Win_flush(target_rank=0, win=0xa0000000) failed
MPID_Win_flush(294)..................:
MPIDIG_mpi_win_flush(615)............:
MPIDI_OFI_win_progress_fence_impl(65):
MPIDI_OFI_handle_cq_error(1310)......: OFI poll failed (ofi_events.c:1312:MPIDI_OFI_handle_cq_error:Input/output error - PTLTE_NOT_FOUND)

aborting job:
Fatal error in PMPI_Win_flush: Other MPI error, error stack:
PMPI_Win_flush(139)..................: MPI_Win_flush(target_rank=0, win=0xa0000000) failed
MPID_Win_flush(294)..................:
MPIDIG_mpi_win_flush(615)............:
MPIDI_OFI_win_progress_fence_impl(65):
MPIDI_OFI_handle_cq_error(1310)......: OFI poll failed (ofi_events.c:1312:MPIDI_OFI_handle_cq_error:Input/output error - PTLTE_NOT_FOUND)
MPICH ERROR [Rank 214] [job id 5137469.119] [Sun Aug  2 01:55:14 2026] [frontier00435] - Abort(606226319) (rank 214 in comm 0): Fatal error in PMPI_Win_flush: Other MPI error, error stack:
PMPI_Win_flush(139)..................: MPI_Win_flush(target_rank=0, win=0xa0000000) failed
MPID_Win_flush(294)..................:
MPIDIG_mpi_win_flush(615)............:
MPIDI_OFI_win_progress_fence_impl(65):
MPIDI_OFI_handle_cq_error(1310)......: OFI poll failed (ofi_events.c:1312:MPIDI_OFI_handle_cq_error:Input/output error - PTLTE_NOT_FOUND)

aborting job:
Fatal error in PMPI_Win_flush: Other MPI error, error stack:
PMPI_Win_flush(139)..................: MPI_Win_flush(target_rank=0, win=0xa0000000) failed
MPID_Win_flush(294)..................:
MPIDIG_mpi_win_flush(615)............:
MPIDI_OFI_win_progress_fence_impl(65):
MPIDI_OFI_handle_cq_error(1310)......: OFI poll failed (ofi_events.c:1312:MPIDI_OFI_handle_cq_error:Input/output error - PTLTE_NOT_FOUND)
MPICH ERROR [Rank 373] [job id 5137469.119] [Sun Aug  2 01:55:14 2026] [frontier00828] - Abort(606226319) (rank 373 in comm 0): Fatal error in PMPI_Win_flush: Other MPI error, error stack:
PMPI_Win_flush(139)..................: MPI_Win_flush(target_rank=0, win=0xa0000000) failed
MPID_Win_flush(294)..................:
MPIDIG_mpi_win_flush(615)............:
MPIDI_OFI_win_progress_fence_impl(65):
MPIDI_OFI_handle_cq_error(1310)......: OFI poll failed (ofi_events.c:1312:MPIDI_OFI_handle_cq_error:Input/output error - PTLTE_NOT_FOUND)

aborting job:
Fatal error in PMPI_Win_flush: Other MPI error, error stack:
PMPI_Win_flush(139)..................: MPI_Win_flush(target_rank=0, win=0xa0000000) failed
MPID_Win_flush(294)..................:
MPIDIG_mpi_win_flush(615)............:
MPIDI_OFI_win_progress_fence_impl(65):
MPIDI_OFI_handle_cq_error(1310)......: OFI poll failed (ofi_events.c:1312:MPIDI_OFI_handle_cq_error:Input/output error - PTLTE_NOT_FOUND)
MPICH ERROR [Rank 196] [job id 5137469.119] [Sun Aug  2 01:55:14 2026] [frontier00435] - Abort(606226319) (rank 196 in comm 0): Fatal error in PMPI_Win_flush: Other MPI error, error stack:
PMPI_Win_flush(139)..................: MPI_Win_flush(target_rank=0, win=0xa0000000) failed
MPID_Win_flush(294)..................:
MPIDIG_mpi_win_flush(615)............:
MPIDI_OFI_win_progress_fence_impl(65):
MPIDI_OFI_handle_cq_error(1310)......: OFI poll failed (ofi_events.c:1312:MPIDI_OFI_handle_cq_error:Input/output error - PTLTE_NOT_FOUND)

aborting job:
Fatal error in PMPI_Win_flush: Other MPI error, error stack:
PMPI_Win_flush(139)..................: MPI_Win_flush(target_rank=0, win=0xa0000000) failed
MPID_Win_flush(294)..................:
MPIDIG_mpi_win_flush(615)............:
MPIDI_OFI_win_progress_fence_impl(65):
MPIDI_OFI_handle_cq_error(1310)......: OFI poll failed (ofi_events.c:1312:MPIDI_OFI_handle_cq_error:Input/output error - PTLTE_NOT_FOUND)
MPICH ERROR [Rank 345] [job id 5137469.119] [Sun Aug  2 01:55:14 2026] [frontier00828] - Abort(606226319) (rank 345 in comm 0): Fatal error in PMPI_Win_flush: Other MPI error, error stack:
PMPI_Win_flush(139)..................: MPI_Win_flush(target_rank=0, win=0xa0000000) failed
MPID_Win_flush(294)..................:
MPIDIG_mpi_win_flush(615)............:
MPIDI_OFI_win_progress_fence_impl(65):
MPIDI_OFI_handle_cq_error(1310)......: OFI poll failed (ofi_events.c:1312:MPIDI_OFI_handle_cq_error:Input/output error - PTLTE_NOT_FOUND)

aborting job:
Fatal error in PMPI_Win_flush: Other MPI error, error stack:
PMPI_Win_flush(139)..................: MPI_Win_flush(target_rank=0, win=0xa0000000) failed
MPID_Win_flush(294)..................:
MPIDIG_mpi_win_flush(615)............:
MPIDI_OFI_win_progress_fence_impl(65):
MPIDI_OFI_handle_cq_error(1310)......: OFI poll failed (ofi_events.c:1312:MPIDI_OFI_handle_cq_error:Input/output error - PTLTE_NOT_FOUND)
MPICH ERROR [Rank 881] [job id 5137469.119] [Sun Aug  2 01:55:14 2026] [frontier01951] - Abort(606226319) (rank 881 in comm 0): Fatal error in PMPI_Win_flush: Other MPI error, error stack:
PMPI_Win_flush(139)..................: MPI_Win_flush(target_rank=0, win=0xa0000000) failed
MPID_Win_flush(294)..................:
MPIDIG_mpi_win_flush(615)............:
MPIDI_OFI_win_progress_fence_impl(65):
MPIDI_OFI_handle_cq_error(1310)......: OFI poll failed (ofi_events.c:1312:MPIDI_OFI_handle_cq_error:Input/output error - PTLTE_NOT_FOUND)

aborting job:
Fatal error in PMPI_Win_flush: Other MPI error, error stack:
PMPI_Win_flush(139)..................: MPI_Win_flush(target_rank=0, win=0xa0000000) failed
MPID_Win_flush(294)..................:
MPIDIG_mpi_win_flush(615)............:
MPIDI_OFI_win_progress_fence_impl(65):
MPIDI_OFI_handle_cq_error(1310)......: OFI poll failed (ofi_events.c:1312:MPIDI_OFI_handle_cq_error:Input/output error - PTLTE_NOT_FOUND)
MPICH ERROR [Rank 223] [job id 5137469.119] [Sun Aug  2 01:55:14 2026] [frontier00435] - Abort(606226319) (rank 223 in comm 0): Fatal error in PMPI_Win_flush: Other MPI error, error stack:
PMPI_Win_flush(139)..................: MPI_Win_flush(target_rank=0, win=0xa0000000) failed
MPID_Win_flush(294)..................:
MPIDIG_mpi_win_flush(615)............:
MPIDI_OFI_win_progress_fence_impl(65):
MPIDI_OFI_handle_cq_error(1310)......: OFI poll failed (ofi_events.c:1312:MPIDI_OFI_handle_cq_error:Input/output error - PTLTE_NOT_FOUND)

aborting job:
Fatal error in PMPI_Win_flush: Other MPI error, error stack:
PMPI_Win_flush(139)..................: MPI_Win_flush(target_rank=0, win=0xa0000000) failed
MPID_Win_flush(294)..................:
MPIDIG_mpi_win_flush(615)............:
MPIDI_OFI_win_progress_fence_impl(65):
MPIDI_OFI_handle_cq_error(1310)......: OFI poll failed (ofi_events.c:1312:MPIDI_OFI_handle_cq_error:Input/output error - PTLTE_NOT_FOUND)
MPICH ERROR [Rank 456] [job id 5137469.119] [Sun Aug  2 01:55:14 2026] [frontier01094] - Abort(606226319) (rank 456 in comm 0): Fatal error in PMPI_Win_flush: Other MPI error, error stack:
PMPI_Win_flush(139)..................: MPI_Win_flush(target_rank=0, win=0xa0000000) failed
MPID_Win_flush(294)..................:
MPIDIG_mpi_win_flush(615)............:
MPIDI_OFI_win_progress_fence_impl(65):
MPIDI_OFI_handle_cq_error(1310)......: OFI poll failed (ofi_events.c:1312:MPIDI_OFI_handle_cq_error:Input/output error - PTLTE_NOT_FOUND)

aborting job:
Fatal error in PMPI_Win_flush: Other MPI error, error stack:
PMPI_Win_flush(139)..................: MPI_Win_flush(target_rank=0, win=0xa0000000) failed
MPID_Win_flush(294)..................:
MPIDIG_mpi_win_flush(615)............:
MPIDI_OFI_win_progress_fence_impl(65):
MPIDI_OFI_handle_cq_error(1310)......: OFI poll failed (ofi_events.c:1312:MPIDI_OFI_handle_cq_error:Input/output error - PTLTE_NOT_FOUND)
MPICH ERROR [Rank 579] [job id 5137469.119] [Sun Aug  2 01:55:14 2026] [frontier01313] - Abort(606226319) (rank 579 in comm 0): Fatal error in PMPI_Win_flush: Other MPI error, error stack:
PMPI_Win_flush(139)..................: MPI_Win_flush(target_rank=0, win=0xa0000000) failed
MPID_Win_flush(294)..................:
MPIDIG_mpi_win_flush(615)............:
MPIDI_OFI_win_progress_fence_impl(65):
MPIDI_OFI_handle_cq_error(1310)......: OFI poll failed (ofi_events.c:1312:MPIDI_OFI_handle_cq_error:Input/output error - PTLTE_NOT_FOUND)

aborting job:
Fatal error in PMPI_Win_flush: Other MPI error, error stack:
PMPI_Win_flush(139)..................: MPI_Win_flush(target_rank=0, win=0xa0000000) failed
MPID_Win_flush(294)..................:
MPIDIG_mpi_win_flush(615)............:
MPIDI_OFI_win_progress_fence_impl(65):
MPIDI_OFI_handle_cq_error(1310)......: OFI poll failed (ofi_events.c:1312:MPIDI_OFI_handle_cq_error:Input/output error - PTLTE_NOT_FOUND)
MPICH ERROR [Rank 484] [job id 5137469.119] [Sun Aug  2 01:55:14 2026] [frontier01094] - Abort(606226319) (rank 484 in comm 0): Fatal error in PMPI_Win_flush: Other MPI error, error stack:
PMPI_Win_flush(139)..................: MPI_Win_flush(target_rank=0, win=0xa0000000) failed
MPID_Win_flush(294)..................:
MPIDIG_mpi_win_flush(615)............:
MPIDI_OFI_win_progress_fence_impl(65):
MPIDI_OFI_handle_cq_error(1310)......: OFI poll failed (ofi_events.c:1312:MPIDI_OFI_handle_cq_error:Input/output error - PTLTE_NOT_FOUND)

aborting job:
Fatal error in PMPI_Win_flush: Other MPI error, error stack:
PMPI_Win_flush(139)..................: MPI_Win_flush(target_rank=0, win=0xa0000000) failed
MPID_Win_flush(294)..................:
MPIDIG_mpi_win_flush(615)............:
MPIDI_OFI_win_progress_fence_impl(65):
MPIDI_OFI_handle_cq_error(1310)......: OFI poll failed (ofi_events.c:1312:MPIDI_OFI_handle_cq_error:Input/output error - PTLTE_NOT_FOUND)
MPICH ERROR [Rank 768] [job id 5137469.119] [Sun Aug  2 01:55:14 2026] [frontier01701] - Abort(606226319) (rank 768 in comm 0): Fatal error in PMPI_Win_flush: Other MPI error, error stack:
PMPI_Win_flush(139)..................: MPI_Win_flush(target_rank=0, win=0xa0000000) failed
MPID_Win_flush(294)..................:
MPIDIG_mpi_win_flush(615)............:
MPIDI_OFI_win_progress_fence_impl(65):
MPIDI_OFI_handle_cq_error(1310)......: OFI poll failed (ofi_events.c:1312:MPIDI_OFI_handle_cq_error:Input/output error - PTLTE_NOT_FOUND)

aborting job:
Fatal error in PMPI_Win_flush: Other MPI error, error stack:
PMPI_Win_flush(139)..................: MPI_Win_flush(target_rank=0, win=0xa0000000) failed
MPID_Win_flush(294)..................:
MPIDIG_mpi_win_flush(615)............:
MPIDI_OFI_win_progress_fence_impl(65):
MPIDI_OFI_handle_cq_error(1310)......: OFI poll failed (ofi_events.c:1312:MPIDI_OFI_handle_cq_error:Input/output error - PTLTE_NOT_FOUND)
MPICH ERROR [Rank 293] [job id 5137469.119] [Sun Aug  2 01:55:14 2026] [frontier00669] - Abort(606226319) (rank 293 in comm 0): Fatal error in PMPI_Win_flush: Other MPI error, error stack:
PMPI_Win_flush(139)..................: MPI_Win_flush(target_rank=0, win=0xa0000000) failed
MPID_Win_flush(294)..................:
MPIDIG_mpi_win_flush(615)............:
MPIDI_OFI_win_progress_fence_impl(65):
MPIDI_OFI_handle_cq_error(1310)......: OFI poll failed (ofi_events.c:1312:MPIDI_OFI_handle_cq_error:Input/output error - PTLTE_NOT_FOUND)

aborting job:
Fatal error in PMPI_Win_flush: Other MPI error, error stack:
PMPI_Win_flush(139)..................: MPI_Win_flush(target_rank=0, win=0xa0000000) failed
MPID_Win_flush(294)..................:
MPIDIG_mpi_win_flush(615)............:
MPIDI_OFI_win_progress_fence_impl(65):
MPIDI_OFI_handle_cq_error(1310)......: OFI poll failed (ofi_events.c:1312:MPIDI_OFI_handle_cq_error:Input/output error - PTLTE_NOT_FOUND)
MPICH ERROR [Rank 100] [job id 5137469.119] [Sun Aug  2 01:55:14 2026] [frontier00169] - Abort(606226319) (rank 100 in comm 0): Fatal error in PMPI_Win_flush: Other MPI error, error stack:
PMPI_Win_flush(139)..................: MPI_Win_flush(target_rank=0, win=0xa0000000) failed
MPID_Win_flush(294)..................:
MPIDIG_mpi_win_flush(615)............:
MPIDI_OFI_win_progress_fence_impl(65):
MPIDI_OFI_handle_cq_error(1310)......: OFI poll failed (ofi_events.c:1312:MPIDI_OFI_handle_cq_error:Input/output error - PTLTE_NOT_FOUND)

aborting job:
Fatal error in PMPI_Win_flush: Other MPI error, error stack:
PMPI_Win_flush(139)..................: MPI_Win_flush(target_rank=0, win=0xa0000000) failed
MPID_Win_flush(294)..................:
MPIDIG_mpi_win_flush(615)............:
MPIDI_OFI_win_progress_fence_impl(65):
MPIDI_OFI_handle_cq_error(1310)......: OFI poll failed (ofi_events.c:1312:MPIDI_OFI_handle_cq_error:Input/output error - PTLTE_NOT_FOUND)
MPICH ERROR [Rank 546] [job id 5137469.119] [Sun Aug  2 01:55:14 2026] [frontier01210] - Abort(606226319) (rank 546 in comm 0): Fatal error in PMPI_Win_flush: Other MPI error, error stack:
PMPI_Win_flush(139)..................: MPI_Win_flush(target_rank=0, win=0xa0000000) failed
MPID_Win_flush(294)..................:
MPIDIG_mpi_win_flush(615)............:
MPIDI_OFI_win_progress_fence_impl(65):
MPIDI_OFI_handle_cq_error(1310)......: OFI poll failed (ofi_events.c:1312:MPIDI_OFI_handle_cq_error:Input/output error - PTLTE_NOT_FOUND)

aborting job:
Fatal error in PMPI_Win_flush: Other MPI error, error stack:
PMPI_Win_flush(139)..................: MPI_Win_flush(target_rank=0, win=0xa0000000) failed
MPID_Win_flush(294)..................:
MPIDIG_mpi_win_flush(615)............:
MPIDI_OFI_win_progress_fence_impl(65):
MPIDI_OFI_handle_cq_error(1310)......: OFI poll failed (ofi_events.c:1312:MPIDI_OFI_handle_cq_error:Input/output error - PTLTE_NOT_FOUND)
MPICH ERROR [Rank 112] [job id 5137469.119] [Sun Aug  2 01:55:14 2026] [frontier00303] - Abort(606226319) (rank 112 in comm 0): Fatal error in PMPI_Win_flush: Other MPI error, error stack:
PMPI_Win_flush(139)..................: MPI_Win_flush(target_rank=0, win=0xa0000000) failed
MPID_Win_flush(294)..................:
MPIDIG_mpi_win_flush(615)............:
MPIDI_OFI_win_progress_fence_impl(65):
MPIDI_OFI_handle_cq_error(1310)......: OFI poll failed (ofi_events.c:1312:MPIDI_OFI_handle_cq_error:Input/output error - PTLTE_NOT_FOUND)

aborting job:
Fatal error in PMPI_Win_flush: Other MPI error, error stack:
PMPI_Win_flush(139)..................: MPI_Win_flush(target_rank=0, win=0xa0000000) failed
MPID_Win_flush(294)..................:
MPIDIG_mpi_win_flush(615)............:
MPIDI_OFI_win_progress_fence_impl(65):
MPIDI_OFI_handle_cq_error(1310)......: OFI poll failed (ofi_events.c:1312:MPIDI_OFI_handle_cq_error:Input/output error - PTLTE_NOT_FOUND)
MPICH ERROR [Rank 337] [job id 5137469.119] [Sun Aug  2 01:55:14 2026] [frontier00828] - Abort(606226319) (rank 337 in comm 0): Fatal error in PMPI_Win_flush: Other MPI error, error stack:
PMPI_Win_flush(139)..................: MPI_Win_flush(target_rank=0, win=0xa0000000) failed
MPID_Win_flush(294)..................:
MPIDIG_mpi_win_flush(615)............:
MPIDI_OFI_win_progress_fence_impl(65):
MPIDI_OFI_handle_cq_error(1310)......: OFI poll failed (ofi_events.c:1312:MPIDI_OFI_handle_cq_error:Input/output error - PTLTE_NOT_FOUND)

aborting job:
Fatal error in PMPI_Win_flush: Other MPI error, error stack:
PMPI_Win_flush(139)..................: MPI_Win_flush(target_rank=0, win=0xa0000000) failed
MPID_Win_flush(294)..................:
MPIDIG_mpi_win_flush(615)............:
MPIDI_OFI_win_progress_fence_impl(65):
MPIDI_OFI_handle_cq_error(1310)......: OFI poll failed (ofi_events.c:1312:MPIDI_OFI_handle_cq_error:Input/output error - PTLTE_NOT_FOUND)
MPICH ERROR [Rank 667] [job id 5137469.119] [Sun Aug  2 01:55:14 2026] [frontier01450] - Abort(606226319) (rank 667 in comm 0): Fatal error in PMPI_Win_flush: Other MPI error, error stack:
PMPI_Win_flush(139)..................: MPI_Win_flush(target_rank=0, win=0xa0000000) failed
MPID_Win_flush(294)..................:
MPIDIG_mpi_win_flush(615)............:
MPIDI_OFI_win_progress_fence_impl(65):
MPIDI_OFI_handle_cq_error(1310)......: OFI poll failed (ofi_events.c:1312:MPIDI_OFI_handle_cq_error:Input/output error - PTLTE_NOT_FOUND)

aborting job:
Fatal error in PMPI_Win_flush: Other MPI error, error stack:
PMPI_Win_flush(139)..................: MPI_Win_flush(target_rank=0, win=0xa0000000) failed
MPID_Win_flush(294)..................:
MPIDIG_mpi_win_flush(615)............:
MPIDI_OFI_win_progress_fence_impl(65):
MPIDI_OFI_handle_cq_error(1310)......: OFI poll failed (ofi_events.c:1312:MPIDI_OFI_handle_cq_error:Input/output error - PTLTE_NOT_FOUND)
MPICH ERROR [Rank 709] [job id 5137469.119] [Sun Aug  2 01:55:14 2026] [frontier01576] - Abort(606226319) (rank 709 in comm 0): Fatal error in PMPI_Win_flush: Other MPI error, error stack:
PMPI_Win_flush(139)..................: MPI_Win_flush(target_rank=0, win=0xa0000000) failed
MPID_Win_flush(294)..................:
MPIDIG_mpi_win_flush(615)............:
MPIDI_OFI_win_progress_fence_impl(65):
MPIDI_OFI_handle_cq_error(1310)......: OFI poll failed (ofi_events.c:1312:MPIDI_OFI_handle_cq_error:Input/output error - PTLTE_NOT_FOUND)

aborting job:
Fatal error in PMPI_Win_flush: Other MPI error, error stack:
PMPI_Win_flush(139)..................: MPI_Win_flush(target_rank=0, win=0xa0000000) failed
MPID_Win_flush(294)..................:
MPIDIG_mpi_win_flush(615)............:
MPIDI_OFI_win_progress_fence_impl(65):
MPIDI_OFI_handle_cq_error(1310)......: OFI poll failed (ofi_events.c:1312:MPIDI_OFI_handle_cq_error:Input/output error - PTLTE_NOT_FOUND)
MPICH ERROR [Rank 59] [job id 5137469.119] [Sun Aug  2 01:55:14 2026] [frontier00169] - Abort(606226319) (rank 59 in comm 0): Fatal error in PMPI_Win_flush: Other MPI error, error stack:
PMPI_Win_flush(139)..................: MPI_Win_flush(target_rank=0, win=0xa0000000) failed
MPID_Win_flush(294)..................:
MPIDIG_mpi_win_flush(615)............:
MPIDI_OFI_win_progress_fence_impl(65):
MPIDI_OFI_handle_cq_error(1310)......: OFI poll failed (ofi_events.c:1312:MPIDI_OFI_handle_cq_error:Input/output error - PTLTE_NOT_FOUND)

aborting job:
Fatal error in PMPI_Win_flush: Other MPI error, error stack:
PMPI_Win_flush(139)..................: MPI_Win_flush(target_rank=0, win=0xa0000000) failed
MPID_Win_flush(294)..................:
MPIDIG_mpi_win_flush(615)............:
MPIDI_OFI_win_progress_fence_impl(65):
MPIDI_OFI_handle_cq_error(1310)......: OFI poll failed (ofi_events.c:1312:MPIDI_OFI_handle_cq_error:Input/output error - PTLTE_NOT_FOUND)
MPICH ERROR [Rank 884] [job id 5137469.119] [Sun Aug  2 01:55:14 2026] [frontier01951] - Abort(606226319) (rank 884 in comm 0): Fatal error in PMPI_Win_flush: Other MPI error, error stack:
PMPI_Win_flush(139)..................: MPI_Win_flush(target_rank=0, win=0xa0000000) failed
MPID_Win_flush(294)..................:
MPIDIG_mpi_win_flush(615)............:
MPIDI_OFI_win_progress_fence_impl(65):
MPIDI_OFI_handle_cq_error(1310)......: OFI poll failed (ofi_events.c:1312:MPIDI_OFI_handle_cq_error:Input/output error - PTLTE_NOT_FOUND)

aborting job:
Fatal error in PMPI_Win_flush: Other MPI error, error stack:
PMPI_Win_flush(139)..................: MPI_Win_flush(target_rank=0, win=0xa0000000) failed
MPID_Win_flush(294)..................:
MPIDIG_mpi_win_flush(615)............:
MPIDI_OFI_win_progress_fence_impl(65):
MPIDI_OFI_handle_cq_error(1310)......: OFI poll failed (ofi_events.c:1312:MPIDI_OFI_handle_cq_error:Input/output error - PTLTE_NOT_FOUND)
MPICH ERROR [Rank 625] [job id 5137469.119] [Sun Aug  2 01:55:14 2026] [frontier01450] - Abort(606226319) (rank 625 in comm 0): Fatal error in PMPI_Win_flush: Other MPI error, error stack:
PMPI_Win_flush(139)..................: MPI_Win_flush(target_rank=0, win=0xa0000000) failed
MPID_Win_flush(294)..................:
MPIDIG_mpi_win_flush(615)............:
MPIDI_OFI_win_progress_fence_impl(65):
MPIDI_OFI_handle_cq_error(1310)......: OFI poll failed (ofi_events.c:1312:MPIDI_OFI_handle_cq_error:Input/output error - PTLTE_NOT_FOUND)

aborting job:
Fatal error in PMPI_Win_flush: Other MPI error, error stack:
PMPI_Win_flush(139)..................: MPI_Win_flush(target_rank=0, win=0xa0000000) failed
MPID_Win_flush(294)..................:
MPIDIG_mpi_win_flush(615)............:
MPIDI_OFI_win_progress_fence_impl(65):
MPIDI_OFI_handle_cq_error(1310)......: OFI poll failed (ofi_events.c:1312:MPIDI_OFI_handle_cq_error:Input/output error - PTLTE_NOT_FOUND)
MPICH ERROR [Rank 60] [job id 5137469.119] [Sun Aug  2 01:55:14 2026] [frontier00169] - Abort(606226319) (rank 60 in comm 0): Fatal error in PMPI_Win_flush: Other MPI error, error stack:
PMPI_Win_flush(139)..................: MPI_Win_flush(target_rank=0, win=0xa0000000) failed
MPID_Win_flush(294)..................:
MPIDIG_mpi_win_flush(615)............:
MPIDI_OFI_win_progress_fence_impl(65):
MPIDI_OFI_handle_cq_error(1310)......: OFI poll failed (ofi_events.c:1312:MPIDI_OFI_handle_cq_error:Input/output error - PTLTE_NOT_FOUND)

aborting job:
Fatal error in PMPI_Win_flush: Other MPI error, error stack:
PMPI_Win_flush(139)..................: MPI_Win_flush(target_rank=0, win=0xa0000000) failed
MPID_Win_flush(294)..................:
MPIDIG_mpi_win_flush(615)............:
MPIDI_OFI_win_progress_fence_impl(65):
MPIDI_OFI_handle_cq_error(1310)......: OFI poll failed (ofi_events.c:1312:MPIDI_OFI_handle_cq_error:Input/output error - PTLTE_NOT_FOUND)
MPICH ERROR [Rank 363] [job id 5137469.119] [Sun Aug  2 01:55:14 2026] [frontier00828] - Abort(606226319) (rank 363 in comm 0): Fatal error in PMPI_Win_flush: Other MPI error, error stack:
PMPI_Win_flush(139)..................: MPI_Win_flush(target_rank=0, win=0xa0000000) failed
MPID_Win_flush(294)..................:
MPIDIG_mpi_win_flush(615)............:
MPIDI_OFI_win_progress_fence_impl(65):
MPIDI_OFI_handle_cq_error(1310)......: OFI poll failed (ofi_events.c:1312:MPIDI_OFI_handle_cq_error:Input/output error - PTLTE_NOT_FOUND)

aborting job:
Fatal error in PMPI_Win_flush: Other MPI error, error stack:
PMPI_Win_flush(139)..................: MPI_Win_flush(target_rank=0, win=0xa0000000) failed
MPID_Win_flush(294)..................:
MPIDIG_mpi_win_flush(615)............:
MPIDI_OFI_win_progress_fence_impl(65):
MPIDI_OFI_handle_cq_error(1310)......: OFI poll failed (ofi_events.c:1312:MPIDI_OFI_handle_cq_error:Input/output error - PTLTE_NOT_FOUND)
MPICH ERROR [Rank 184] [job id 5137469.119] [Sun Aug  2 01:55:14 2026] [frontier00435] - Abort(606226319) (rank 184 in comm 0): Fatal error in PMPI_Win_flush: Other MPI error, error stack:
PMPI_Win_flush(139)..................: MPI_Win_flush(target_rank=0, win=0xa0000000) failed
MPID_Win_flush(294)..................:
MPIDIG_mpi_win_flush(615)............:
MPIDI_OFI_win_progress_fence_impl(65):
MPIDI_OFI_handle_cq_error(1310)......: OFI poll failed (ofi_events.c:1312:MPIDI_OFI_handle_cq_error:Input/output error - PTLTE_NOT_FOUND)

aborting job:
Fatal error in PMPI_Win_flush: Other MPI error, error stack:
PMPI_Win_flush(139)..................: MPI_Win_flush(target_rank=0, win=0xa0000000) failed
MPID_Win_flush(294)..................:
MPIDIG_mpi_win_flush(615)............:
MPIDI_OFI_win_progress_fence_impl(65):
MPIDI_OFI_handle_cq_error(1310)......: OFI poll failed (ofi_events.c:1312:MPIDI_OFI_handle_cq_error:Input/output error - PTLTE_NOT_FOUND)
MPICH ERROR [Rank 232] [job id 5137469.119] [Sun Aug  2 01:55:14 2026] [frontier00549] - Abort(606226319) (rank 232 in comm 0): Fatal error in PMPI_Win_flush: Other MPI error, error stack:
PMPI_Win_flush(139)..................: MPI_Win_flush(target_rank=0, win=0xa0000000) failed
MPID_Win_flush(294)..................:
MPIDIG_mpi_win_flush(615)............:
MPIDI_OFI_win_progress_fence_impl(65):
MPIDI_OFI_handle_cq_error(1310)......: OFI poll failed (ofi_events.c:1312:MPIDI_OFI_handle_cq_error:Input/output error - PTLTE_NOT_FOUND)

aborting job:
Fatal error in PMPI_Win_flush: Other MPI error, error stack:
PMPI_Win_flush(139)..................: MPI_Win_flush(target_rank=0, win=0xa0000000) failed
MPID_Win_flush(294)..................:
MPIDIG_mpi_win_flush(615)............:
MPIDI_OFI_win_progress_fence_impl(65):
MPIDI_OFI_handle_cq_error(1310)......: OFI poll failed (ofi_events.c:1312:MPIDI_OFI_handle_cq_error:Input/output error - PTLTE_NOT_FOUND)
MPICH ERROR [Rank 325] [job id 5137469.119] [Sun Aug  2 01:55:14 2026] [frontier00669] - Abort(606226319) (rank 325 in comm 0): Fatal error in PMPI_Win_flush: Other MPI error, error stack:
PMPI_Win_flush(139)..................: MPI_Win_flush(target_rank=0, win=0xa0000000) failed
MPID_Win_flush(294)..................:
MPIDIG_mpi_win_flush(615)............:
MPIDI_OFI_win_progress_fence_impl(65):
MPIDI_OFI_handle_cq_error(1310)......: OFI poll failed (ofi_events.c:1312:MPIDI_OFI_handle_cq_error:Input/output error - PTLTE_NOT_FOUND)

aborting job:
Fatal error in PMPI_Win_flush: Other MPI error, error stack:
PMPI_Win_flush(139)..................: MPI_Win_flush(target_rank=0, win=0xa0000000) failed
MPID_Win_flush(294)..................:
MPIDIG_mpi_win_flush(615)............:
MPIDI_OFI_win_progress_fence_impl(65):
MPIDI_OFI_handle_cq_error(1310)......: OFI poll failed (ofi_events.c:1312:MPIDI_OFI_handle_cq_error:Input/output error - PTLTE_NOT_FOUND)
MPICH ERROR [Rank 529] [job id 5137469.119] [Sun Aug  2 01:55:14 2026] [frontier01210] - Abort(606226319) (rank 529 in comm 0): Fatal error in PMPI_Win_flush: Other MPI error, error stack:
PMPI_Win_flush(139)..................: MPI_Win_flush(target_rank=0, win=0xa0000000) failed
MPID_Win_flush(294)..................:
MPIDIG_mpi_win_flush(615)............:
MPIDI_OFI_win_progress_fence_impl(65):
MPIDI_OFI_handle_cq_error(1310)......: OFI poll failed (ofi_events.c:1312:MPIDI_OFI_handle_cq_error:Input/output error - PTLTE_NOT_FOUND)

aborting job:
Fatal error in PMPI_Win_flush: Other MPI error, error stack:
PMPI_Win_flush(139)..................: MPI_Win_flush(target_rank=0, win=0xa0000000) failed
MPID_Win_flush(294)..................:
MPIDIG_mpi_win_flush(615)............:
MPIDI_OFI_win_progress_fence_impl(65):
MPIDI_OFI_handle_cq_error(1310)......: OFI poll failed (ofi_events.c:1312:MPIDI_OFI_handle_cq_error:Input/output error - PTLTE_NOT_FOUND)
MPICH ERROR [Rank 595] [job id 5137469.119] [Sun Aug  2 01:55:14 2026] [frontier01313] - Abort(606226319) (rank 595 in comm 0): Fatal error in PMPI_Win_flush: Other MPI error, error stack:
PMPI_Win_flush(139)..................: MPI_Win_flush(target_rank=0, win=0xa0000000) failed
MPID_Win_flush(294)..................:
MPIDIG_mpi_win_flush(615)............:
MPIDI_OFI_win_progress_fence_impl(65):
MPIDI_OFI_handle_cq_error(1310)......: OFI poll failed (ofi_events.c:1312:MPIDI_OFI_handle_cq_error:Input/output error - PTLTE_NOT_FOUND)

aborting job:
Fatal error in PMPI_Win_flush: Other MPI error, error stack:
PMPI_Win_flush(139)..................: MPI_Win_flush(target_rank=0, win=0xa0000000) failed
MPID_Win_flush(294)..................:
MPIDIG_mpi_win_flush(615)............:
MPIDI_OFI_win_progress_fence_impl(65):
MPIDI_OFI_handle_cq_error(1310)......: OFI poll failed (ofi_events.c:1312:MPIDI_OFI_handle_cq_error:Input/output error - PTLTE_NOT_FOUND)
MPICH ERROR [Rank 549] [job id 5137469.119] [Sun Aug  2 01:55:14 2026] [frontier01210] - Abort(606226319) (rank 549 in comm 0): Fatal error in PMPI_Win_flush: Other MPI error, error stack:
PMPI_Win_flush(139)..................: MPI_Win_flush(target_rank=0, win=0xa0000000) failed
MPID_Win_flush(294)..................:
MPIDIG_mpi_win_flush(615)............:
MPIDI_OFI_win_progress_fence_impl(65):
MPIDI_OFI_handle_cq_error(1310)......: OFI poll failed (ofi_events.c:1312:MPIDI_OFI_handle_cq_error:Input/output error - PTLTE_NOT_FOUND)

aborting job:
Fatal error in PMPI_Win_flush: Other MPI error, error stack:
PMPI_Win_flush(139)..................: MPI_Win_flush(target_rank=0, win=0xa0000000) failed
MPID_Win_flush(294)..................:
MPIDIG_mpi_win_flush(615)............:
MPIDI_OFI_win_progress_fence_impl(65):
MPIDI_OFI_handle_cq_error(1310)......: OFI poll failed (ofi_events.c:1312:MPIDI_OFI_handle_cq_error:Input/output error - PTLTE_NOT_FOUND)
MPICH ERROR [Rank 181] [job id 5137469.119] [Sun Aug  2 01:55:14 2026] [frontier00435] - Abort(606226319) (rank 181 in comm 0): Fatal error in PMPI_Win_flush: Other MPI error, error stack:
PMPI_Win_flush(139)..................: MPI_Win_flush(target_rank=0, win=0xa0000000) failed
MPID_Win_flush(294)..................:
MPIDIG_mpi_win_flush(615)............:
MPIDI_OFI_win_progress_fence_impl(65):
MPIDI_OFI_handle_cq_error(1310)......: OFI poll failed (ofi_events.c:1312:MPIDI_OFI_handle_cq_error:Input/output error - PTLTE_NOT_FOUND)

aborting job:
Fatal error in PMPI_Win_flush: Other MPI error, error stack:
PMPI_Win_flush(139)..................: MPI_Win_flush(target_rank=0, win=0xa0000000) failed
MPID_Win_flush(294)..................:
MPIDIG_mpi_win_flush(615)............:
MPIDI_OFI_win_progress_fence_impl(65):
MPIDI_OFI_handle_cq_error(1310)......: OFI poll failed (ofi_events.c:1312:MPIDI_OFI_handle_cq_error:Input/output error - PTLTE_NOT_FOUND)
MPICH ERROR [Rank 479] [job id 5137469.119] [Sun Aug  2 01:55:14 2026] [frontier01094] - Abort(606226319) (rank 479 in comm 0): Fatal error in PMPI_Win_flush: Other MPI error, error stack:
PMPI_Win_flush(139)..................: MPI_Win_flush(target_rank=0, win=0xa0000000) failed
MPID_Win_flush(294)..................:
MPIDIG_mpi_win_flush(615)............:
MPIDI_OFI_win_progress_fence_impl(65):
MPIDI_OFI_handle_cq_error(1310)......: OFI poll failed (ofi_events.c:1312:MPIDI_OFI_handle_cq_error:Input/output error - PTLTE_NOT_FOUND)

aborting job:
Fatal error in PMPI_Win_flush: Other MPI error, error stack:
PMPI_Win_flush(139)..................: MPI_Win_flush(target_rank=0, win=0xa0000000) failed
MPID_Win_flush(294)..................:
MPIDIG_mpi_win_flush(615)............:
MPIDI_OFI_win_progress_fence_impl(65):
MPIDI_OFI_handle_cq_error(1310)......: OFI poll failed (ofi_events.c:1312:MPIDI_OFI_handle_cq_error:Input/output error - PTLTE_NOT_FOUND)
MPICH ERROR [Rank 75] [job id 5137469.119] [Sun Aug  2 01:55:14 2026] [frontier00169] - Abort(606226319) (rank 75 in comm 0): Fatal error in PMPI_Win_flush: Other MPI error, error stack:
PMPI_Win_flush(139)..................: MPI_Win_flush(target_rank=0, win=0xa0000000) failed
MPID_Win_flush(294)..................:
MPIDIG_mpi_win_flush(615)............:
MPIDI_OFI_win_progress_fence_impl(65):
MPIDI_OFI_handle_cq_error(1310)......: OFI poll failed (ofi_events.c:1312:MPIDI_OFI_handle_cq_error:Input/output error - PTLTE_NOT_FOUND)

aborting job:
Fatal error in PMPI_Win_flush: Other MPI error, error stack:
PMPI_Win_flush(139)..................: MPI_Win_flush(target_rank=0, win=0xa0000000) failed
MPID_Win_flush(294)..................:
MPIDIG_mpi_win_flush(615)............:
MPIDI_OFI_win_progress_fence_impl(65):
MPIDI_OFI_handle_cq_error(1310)......: OFI poll failed (ofi_events.c:1312:MPIDI_OFI_handle_cq_error:Input/output error - PTLTE_NOT_FOUND)
MPICH ERROR [Rank 559] [job id 5137469.119] [Sun Aug  2 01:55:14 2026] [frontier01210] - Abort(606226319) (rank 559 in comm 0): Fatal error in PMPI_Win_flush: Other MPI error, error stack:
PMPI_Win_flush(139)..................: MPI_Win_flush(target_rank=0, win=0xa0000000) failed
MPID_Win_flush(294)..................:
MPIDIG_mpi_win_flush(615)............:
MPIDI_OFI_win_progress_fence_impl(65):
MPIDI_OFI_handle_cq_error(1310)......: OFI poll failed (ofi_events.c:1312:MPIDI_OFI_handle_cq_error:Input/output error - PTLTE_NOT_FOUND)

aborting job:
Fatal error in PMPI_Win_flush: Other MPI error, error stack:
PMPI_Win_flush(139)..................: MPI_Win_flush(target_rank=0, win=0xa0000000) failed
MPID_Win_flush(294)..................:
MPIDIG_mpi_win_flush(615)............:
MPIDI_OFI_win_progress_fence_impl(65):
MPIDI_OFI_handle_cq_error(1310)......: OFI poll failed (ofi_events.c:1312:MPIDI_OFI_handle_cq_error:Input/output error - PTLTE_NOT_FOUND)
MPICH ERROR [Rank 762] [job id 5137469.119] [Sun Aug  2 01:55:14 2026] [frontier01701] - Abort(606226319) (rank 762 in comm 0): Fatal error in PMPI_Win_flush: Other MPI error, error stack:
PMPI_Win_flush(139)..................: MPI_Win_flush(target_rank=0, win=0xa0000000) failed
MPID_Win_flush(294)..................:
MPIDIG_mpi_win_flush(615)............:
MPIDI_OFI_win_progress_fence_impl(65):
MPIDI_OFI_handle_cq_error(1310)......: OFI poll failed (ofi_events.c:1312:MPIDI_OFI_handle_cq_error:Input/output error - PTLTE_NOT_FOUND)

aborting job:
Fatal error in PMPI_Win_flush: Other MPI error, error stack:
PMPI_Win_flush(139)..................: MPI_Win_flush(target_rank=0, win=0xa0000000) failed
MPID_Win_flush(294)..................:
MPIDIG_mpi_win_flush(615)............:
MPIDI_OFI_win_progress_fence_impl(65):
MPIDI_OFI_handle_cq_error(1310)......: OFI poll failed (ofi_events.c:1312:MPIDI_OFI_handle_cq_error:Input/output error - PTLTE_NOT_FOUND)
MPICH ERROR [Rank 824] [job id 5137469.119] [Sun Aug  2 01:55:14 2026] [frontier01882] - Abort(606226319) (rank 824 in comm 0): Fatal error in PMPI_Win_flush: Other MPI error, error stack:
PMPI_Win_flush(139)..................: MPI_Win_flush(target_rank=0, win=0xa0000000) failed
MPID_Win_flush(294)..................:
MPIDIG_mpi_win_flush(615)............:
MPIDI_OFI_win_progress_fence_impl(65):
MPIDI_OFI_handle_cq_error(1310)......: OFI poll failed (ofi_events.c:1312:MPIDI_OFI_handle_cq_error:Input/output error - PTLTE_NOT_FOUND)

aborting job:
Fatal error in PMPI_Win_flush: Other MPI error, error stack:
PMPI_Win_flush(139)..................: MPI_Win_flush(target_rank=0, win=0xa0000000) failed
MPID_Win_flush(294)..................:
MPIDIG_mpi_win_flush(615)............:
MPIDI_OFI_win_progress_fence_impl(65):
MPIDI_OFI_handle_cq_error(1310)......: OFI poll failed (ofi_events.c:1312:MPIDI_OFI_handle_cq_error:Input/output error - PTLTE_NOT_FOUND)
MPICH ERROR [Rank 138] [job id 5137469.119] [Sun Aug  2 01:55:14 2026] [frontier00303] - Abort(606226319) (rank 138 in comm 0): Fatal error in PMPI_Win_flush: Other MPI error, error stack:
PMPI_Win_flush(139)..................: MPI_Win_flush(target_rank=0, win=0xa0000000) failed
MPID_Win_flush(294)..................:
MPIDIG_mpi_win_flush(615)............:
MPIDI_OFI_win_progress_fence_impl(65):
MPIDI_OFI_handle_cq_error(1310)......: OFI poll failed (ofi_events.c:1312:MPIDI_OFI_handle_cq_error:Input/output error - PTLTE_NOT_FOUND)

aborting job:
Fatal error in PMPI_Win_flush: Other MPI error, error stack:
PMPI_Win_flush(139)..................: MPI_Win_flush(target_rank=0, win=0xa0000000) failed
MPID_Win_flush(294)..................:
MPIDIG_mpi_win_flush(615)............:
MPIDI_OFI_win_progress_fence_impl(65):
MPIDI_OFI_handle_cq_error(1310)......: OFI poll failed (ofi_events.c:1312:MPIDI_OFI_handle_cq_error:Input/output error - PTLTE_NOT_FOUND)
MPICH ERROR [Rank 512] [job id 5137469.119] [Sun Aug  2 01:55:14 2026] [frontier01210] - Abort(606226319) (rank 512 in comm 0): Fatal error in PMPI_Win_flush: Other MPI error, error stack:
PMPI_Win_flush(139)..................: MPI_Win_flush(target_rank=0, win=0xa0000000) failed
MPID_Win_flush(294)..................:
MPIDIG_mpi_win_flush(615)............:
MPIDI_OFI_win_progress_fence_impl(65):
MPIDI_OFI_handle_cq_error(1310)......: OFI poll failed (ofi_events.c:1312:MPIDI_OFI_handle_cq_error:Input/output error - PTLTE_NOT_FOUND)

aborting job:
Fatal error in PMPI_Win_flush: Other MPI error, error stack:
PMPI_Win_flush(139)..................: MPI_Win_flush(target_rank=0, win=0xa0000000) failed
MPID_Win_flush(294)..................:
MPIDIG_mpi_win_flush(615)............:
MPIDI_OFI_win_progress_fence_impl(65):
MPIDI_OFI_handle_cq_error(1310)......: OFI poll failed (ofi_events.c:1312:MPIDI_OFI_handle_cq_error:Input/output error - PTLTE_NOT_FOUND)
MPICH ERROR [Rank 241] [job id 5137469.119] [Sun Aug  2 01:55:14 2026] [frontier00549] - Abort(606226319) (rank 241 in comm 0): Fatal error in PMPI_Win_flush: Other MPI error, error stack:
PMPI_Win_flush(139)..................: MPI_Win_flush(target_rank=0, win=0xa0000000) failed
MPID_Win_flush(294)..................:
MPIDIG_mpi_win_flush(615)............:
MPIDI_OFI_win_progress_fence_impl(65):
MPIDI_OFI_handle_cq_error(1310)......: OFI poll failed (ofi_events.c:1312:MPIDI_OFI_handle_cq_error:Input/output error - PTLTE_NOT_FOUND)

aborting job:
Fatal error in PMPI_Win_flush: Other MPI error, error stack:
PMPI_Win_flush(139)..................: MPI_Win_flush(target_rank=0, win=0xa0000000) failed
MPID_Win_flush(294)..................:
MPIDIG_mpi_win_flush(615)............:
MPIDI_OFI_win_progress_fence_impl(65):
MPIDI_OFI_handle_cq_error(1310)......: OFI poll failed (ofi_events.c:1312:MPIDI_OFI_handle_cq_error:Input/output error - PTLTE_NOT_FOUND)
MPICH ERROR [Rank 413] [job id 5137469.119] [Sun Aug  2 01:55:14 2026] [frontier00973] - Abort(606226319) (rank 413 in comm 0): Fatal error in PMPI_Win_flush: Other MPI error, error stack:
PMPI_Win_flush(139)..................: MPI_Win_flush(target_rank=0, win=0xa0000000) failed
MPID_Win_flush(294)..................:
MPIDIG_mpi_win_flush(615)............:
MPIDI_OFI_win_progress_fence_impl(65):
MPIDI_OFI_handle_cq_error(1310)......: OFI poll failed (ofi_events.c:1312:MPIDI_OFI_handle_cq_error:Input/output error - PTLTE_NOT_FOUND)

aborting job:
Fatal error in PMPI_Win_flush: Other MPI error, error stack:
PMPI_Win_flush(139)..................: MPI_Win_flush(target_rank=0, win=0xa0000000) failed
MPID_Win_flush(294)..................:
MPIDIG_mpi_win_flush(615)............:
MPIDI_OFI_win_progress_fence_impl(65):
MPIDI_OFI_handle_cq_error(1310)......: OFI poll failed (ofi_events.c:1312:MPIDI_OFI_handle_cq_error:Input/output error - PTLTE_NOT_FOUND)
MPICH ERROR [Rank 130] [job id 5137469.119] [Sun Aug  2 01:55:14 2026] [frontier00303] - Abort(606226319) (rank 130 in comm 0): Fatal error in PMPI_Win_flush: Other MPI error, error stack:
PMPI_Win_flush(139)..................: MPI_Win_flush(target_rank=0, win=0xa0000000) failed
MPID_Win_flush(294)..................:
MPIDIG_mpi_win_flush(615)............:
MPIDI_OFI_win_progress_fence_impl(65):
MPIDI_OFI_handle_cq_error(1310)......: OFI poll failed (ofi_events.c:1312:MPIDI_OFI_handle_cq_error:Input/output error - PTLTE_NOT_FOUND)

aborting job:
Fatal error in PMPI_Win_flush: Other MPI error, error stack:
PMPI_Win_flush(139)..................: MPI_Win_flush(target_rank=0, win=0xa0000000) failed
MPID_Win_flush(294)..................:
MPIDIG_mpi_win_flush(615)............:
MPIDI_OFI_win_progress_fence_impl(65):
MPIDI_OFI_handle_cq_error(1310)......: OFI poll failed (ofi_events.c:1312:MPIDI_OFI_handle_cq_error:Input/output error - PTLTE_NOT_FOUND)
MPICH ERROR [Rank 451] [job id 5137469.119] [Sun Aug  2 01:55:14 2026] [frontier01094] - Abort(606226319) (rank 451 in comm 0): Fatal error in PMPI_Win_flush: Other MPI error, error stack:
PMPI_Win_flush(139)..................: MPI_Win_flush(target_rank=0, win=0xa0000000) failed
MPID_Win_flush(294)..................:
MPIDIG_mpi_win_flush(615)............:
MPIDI_OFI_win_progress_fence_impl(65):
MPIDI_OFI_handle_cq_error(1310)......: OFI poll failed (ofi_events.c:1312:MPIDI_OFI_handle_cq_error:Input/output error - PTLTE_NOT_FOUND)

aborting job:
Fatal error in PMPI_Win_flush: Other MPI error, error stack:
PMPI_Win_flush(139)..................: MPI_Win_flush(target_rank=0, win=0xa0000000) failed
MPID_Win_flush(294)..................:
MPIDIG_mpi_win_flush(615)............:
MPIDI_OFI_win_progress_fence_impl(65):
MPIDI_OFI_handle_cq_error(1310)......: OFI poll failed (ofi_events.c:1312:MPIDI_OFI_handle_cq_error:Input/output error - PTLTE_NOT_FOUND)
MPICH ERROR [Rank 610] [job id 5137469.119] [Sun Aug  2 01:55:14 2026] [frontier01313] - Abort(606226319) (rank 610 in comm 0): Fatal error in PMPI_Win_flush: Other MPI error, error stack:
PMPI_Win_flush(139)..................: MPI_Win_flush(target_rank=0, win=0xa0000000) failed
MPID_Win_flush(294)..................:
MPIDIG_mpi_win_flush(615)............:
MPIDI_OFI_win_progress_fence_impl(65):
MPIDI_OFI_handle_cq_error(1310)......: OFI poll failed (ofi_events.c:1312:MPIDI_OFI_handle_cq_error:Input/output error - PTLTE_NOT_FOUND)

aborting job:
Fatal error in PMPI_Win_flush: Other MPI error, error stack:
PMPI_Win_flush(139)..................: MPI_Win_flush(target_rank=0, win=0xa0000000) failed
MPID_Win_flush(294)..................:
MPIDIG_mpi_win_flush(615)............:
MPIDI_OFI_win_progress_fence_impl(65):
MPIDI_OFI_handle_cq_error(1310)......: OFI poll failed (ofi_events.c:1312:MPIDI_OFI_handle_cq_error:Input/output error - PTLTE_NOT_FOUND)
MPICH ERROR [Rank 620] [job id 5137469.119] [Sun Aug  2 01:55:14 2026] [frontier01450] - Abort(606226319) (rank 620 in comm 0): Fatal error in PMPI_Win_flush: Other MPI error, error stack:
PMPI_Win_flush(139)..................: MPI_Win_flush(target_rank=0, win=0xa0000000) failed
MPID_Win_flush(294)..................:
MPIDIG_mpi_win_flush(615)............:
MPIDI_OFI_win_progress_fence_impl(65):
MPIDI_OFI_handle_cq_error(1310)......: OFI poll failed (ofi_events.c:1312:MPIDI_OFI_handle_cq_error:Input/output error - PTLTE_NOT_FOUND)

aborting job:
Fatal error in PMPI_Win_flush: Other MPI error, error stack:
PMPI_Win_flush(139)..................: MPI_Win_flush(target_rank=0, win=0xa0000000) failed
MPID_Win_flush(294)..................:
MPIDIG_mpi_win_flush(615)............:
MPIDI_OFI_win_progress_fence_impl(65):
MPIDI_OFI_handle_cq_error(1310)......: OFI poll failed (ofi_events.c:1312:MPIDI_OFI_handle_cq_error:Input/output error - PTLTE_NOT_FOUND)
MPICH ERROR [Rank 58] [job id 5137469.119] [Sun Aug  2 01:55:14 2026] [frontier00169] - Abort(606226319) (rank 58 in comm 0): Fatal error in PMPI_Win_flush: Other MPI error, error stack:
PMPI_Win_flush(139)..................: MPI_Win_flush(target_rank=0, win=0xa0000000) failed
MPID_Win_flush(294)..................:
MPIDIG_mpi_win_flush(615)............:
MPIDI_OFI_win_progress_fence_impl(65):
MPIDI_OFI_handle_cq_error(1310)......: OFI poll failed (ofi_events.c:1312:MPIDI_OFI_handle_cq_error:Input/output error - PTLTE_NOT_FOUND)

aborting job:
Fatal error in PMPI_Win_flush: Other MPI error, error stack:
PMPI_Win_flush(139)..................: MPI_Win_flush(target_rank=0, win=0xa0000000) failed
MPID_Win_flush(294)..................:
MPIDIG_mpi_win_flush(615)............:
MPIDI_OFI_win_progress_fence_impl(65):
MPIDI_OFI_handle_cq_error(1310)......: OFI poll failed (ofi_events.c:1312:MPIDI_OFI_handle_cq_error:Input/output error - PTLTE_NOT_FOUND)
MPICH ERROR [Rank 642] [job id 5137469.119] [Sun Aug  2 01:55:14 2026] [frontier01450] - Abort(606226319) (rank 642 in comm 0): Fatal error in PMPI_Win_flush: Other MPI error, error stack:
PMPI_Win_flush(139)..................: MPI_Win_flush(target_rank=0, win=0xa0000000) failed
MPID_Win_flush(294)..................:
MPIDIG_mpi_win_flush(615)............:
MPIDI_OFI_win_progress_fence_impl(65):
MPIDI_OFI_handle_cq_error(1310)......: OFI poll failed (ofi_events.c:1312:MPIDI_OFI_handle_cq_error:Input/output error - PTLTE_NOT_FOUND)

aborting job:
Fatal error in PMPI_Win_flush: Other MPI error, error stack:
PMPI_Win_flush(139)..................: MPI_Win_flush(target_rank=0, win=0xa0000000) failed
MPID_Win_flush(294)..................:
MPIDIG_mpi_win_flush(615)............:
MPIDI_OFI_win_progress_fence_impl(65):
MPIDI_OFI_handle_cq_error(1310)......: OFI poll failed (ofi_events.c:1312:MPIDI_OFI_handle_cq_error:Input/output error - PTLTE_NOT_FOUND)
MPICH ERROR [Rank 520] [job id 5137469.119] [Sun Aug  2 01:55:14 2026] [frontier01210] - Abort(606226319) (rank 520 in comm 0): Fatal error in PMPI_Win_flush: Other MPI error, error stack:
PMPI_Win_flush(139)..................: MPI_Win_flush(target_rank=0, win=0xa0000000) failed
MPID_Win_flush(294)..................:
MPIDIG_mpi_win_flush(615)............:
MPIDI_OFI_win_progress_fence_impl(65):
MPIDI_OFI_handle_cq_error(1310)......: OFI poll failed (ofi_events.c:1312:MPIDI_OFI_handle_cq_error:Input/output error - PTLTE_NOT_FOUND)

aborting job:
Fatal error in PMPI_Win_flush: Other MPI error, error stack:
PMPI_Win_flush(139)..................: MPI_Win_flush(target_rank=0, win=0xa0000000) failed
MPID_Win_flush(294)..................:
MPIDIG_mpi_win_flush(615)............:
MPIDI_OFI_win_progress_fence_impl(65):
MPIDI_OFI_handle_cq_error(1310)......: OFI poll failed (ofi_events.c:1312:MPIDI_OFI_handle_cq_error:Input/output error - PTLTE_NOT_FOUND)
MPICH ERROR [Rank 468] [job id 5137469.119] [Sun Aug  2 01:55:14 2026] [frontier01094] - Abort(606226319) (rank 468 in comm 0): Fatal error in PMPI_Win_flush: Other MPI error, error stack:
PMPI_Win_flush(139)..................: MPI_Win_flush(target_rank=0, win=0xa0000000) failed
MPID_Win_flush(294)..................:
MPIDIG_mpi_win_flush(615)............:
MPIDI_OFI_win_progress_fence_impl(65):
MPIDI_OFI_handle_cq_error(1310)......: OFI poll failed (ofi_events.c:1312:MPIDI_OFI_handle_cq_error:Input/output error - PTLTE_NOT_FOUND)

aborting job:
Fatal error in PMPI_Win_flush: Other MPI error, error stack:
PMPI_Win_flush(139)..................: MPI_Win_flush(target_rank=0, win=0xa0000000) failed
MPID_Win_flush(294)..................:
MPIDIG_mpi_win_flush(615)............:
MPIDI_OFI_win_progress_fence_impl(65):
MPIDI_OFI_handle_cq_error(1310)......: OFI poll failed (ofi_events.c:1312:MPIDI_OFI_handle_cq_error:Input/output error - PTLTE_NOT_FOUND)
MPICH ERROR [Rank 750] [job id 5137469.119] [Sun Aug  2 01:55:14 2026] [frontier01701] - Abort(606226319) (rank 750 in comm 0): Fatal error in PMPI_Win_flush: Other MPI error, error stack:
PMPI_Win_flush(139)..................: MPI_Win_flush(target_rank=0, win=0xa0000000) failed
MPID_Win_flush(294)..................:
MPIDIG_mpi_win_flush(615)............:
MPIDI_OFI_win_progress_fence_impl(65):
MPIDI_OFI_handle_cq_error(1310)......: OFI poll failed (ofi_events.c:1312:MPIDI_OFI_handle_cq_error:Input/output error - PTLTE_NOT_FOUND)

aborting job:
Fatal error in PMPI_Win_flush: Other MPI error, error stack:
PMPI_Win_flush(139)..................: MPI_Win_flush(target_rank=0, win=0xa0000000) failed
MPID_Win_flush(294)..................:
MPIDIG_mpi_win_flush(615)............:
MPIDI_OFI_win_progress_fence_impl(65):
MPIDI_OFI_handle_cq_error(1310)......: OFI poll failed (ofi_events.c:1312:MPIDI_OFI_handle_cq_error:Input/output error - PTLTE_NOT_FOUND)
MPICH ERROR [Rank 601] [job id 5137469.119] [Sun Aug  2 01:55:14 2026] [frontier01313] - Abort(606226319) (rank 601 in comm 0): Fatal error in PMPI_Win_flush: Other MPI error, error stack:
PMPI_Win_flush(139)..................: MPI_Win_flush(target_rank=0, win=0xa0000000) failed
MPID_Win_flush(294)..................:
MPIDIG_mpi_win_flush(615)............:
MPIDI_OFI_win_progress_fence_impl(65):
MPIDI_OFI_handle_cq_error(1310)......: OFI poll failed (ofi_events.c:1312:MPIDI_OFI_handle_cq_error:Input/output error - PTLTE_NOT_FOUND)

aborting job:
Fatal error in PMPI_Win_flush: Other MPI error, error stack:
PMPI_Win_flush(139)..................: MPI_Win_flush(target_rank=0, win=0xa0000000) failed
MPID_Win_flush(294)..................:
MPIDIG_mpi_win_flush(615)............:
MPIDI_OFI_win_progress_fence_impl(65):
MPIDI_OFI_handle_cq_error(1310)......: OFI poll failed (ofi_events.c:1312:MPIDI_OFI_handle_cq_error:Input/output error - PTLTE_NOT_FOUND)
MPICH ERROR [Rank 74] [job id 5137469.119] [Sun Aug  2 01:55:14 2026] [frontier00169] - Abort(606226319) (rank 74 in comm 0): Fatal error in PMPI_Win_flush: Other MPI error, error stack:
PMPI_Win_flush(139)..................: MPI_Win_flush(target_rank=0, win=0xa0000000) failed
MPID_Win_flush(294)..................:
MPIDIG_mpi_win_flush(615)............:
MPIDI_OFI_win_progress_fence_impl(65):
MPIDI_OFI_handle_cq_error(1310)......: OFI poll failed (ofi_events.c:1312:MPIDI_OFI_handle_cq_error:Input/output error - PTLTE_NOT_FOUND)

aborting job:
Fatal error in PMPI_Win_flush: Other MPI error, error stack:
PMPI_Win_flush(139)..................: MPI_Win_flush(target_rank=0, win=0xa0000000) failed
MPID_Win_flush(294)..................:
MPIDIG_mpi_win_flush(615)............:
MPIDI_OFI_win_progress_fence_impl(65):
MPIDI_OFI_handle_cq_error(1310)......: OFI poll failed (ofi_events.c:1312:MPIDI_OFI_handle_cq_error:Input/output error - PTLTE_NOT_FOUND)
MPICH ERROR [Rank 850] [job id 5137469.119] [Sun Aug  2 01:55:14 2026] [frontier01951] - Abort(606226319) (rank 850 in comm 0): Fatal error in PMPI_Win_flush: Other MPI error, error stack:
PMPI_Win_flush(139)..................: MPI_Win_flush(target_rank=0, win=0xa0000000) failed
MPID_Win_flush(294)..................:
MPIDIG_mpi_win_flush(615)............:
MPIDI_OFI_win_progress_fence_impl(65):
MPIDI_OFI_handle_cq_error(1310)......: OFI poll failed (ofi_events.c:1312:MPIDI_OFI_handle_cq_error:Input/output error - PTLTE_NOT_FOUND)

aborting job:
Fatal error in PMPI_Win_flush: Other MPI error, error stack:
PMPI_Win_flush(139)..................: MPI_Win_flush(target_rank=0, win=0xa0000000) failed
MPID_Win_flush(294)..................:
MPIDIG_mpi_win_flush(615)............:
MPIDI_OFI_win_progress_fence_impl(65):
MPIDI_OFI_handle_cq_error(1310)......: OFI poll failed (ofi_events.c:1312:MPIDI_OFI_handle_cq_error:Input/output error - PTLTE_NOT_FOUND)
MPICH ERROR [Rank 180] [job id 5137469.119] [Sun Aug  2 01:55:14 2026] [frontier00435] - Abort(606226319) (rank 180 in comm 0): Fatal error in PMPI_Win_flush: Other MPI error, error stack:
PMPI_Win_flush(139)..................: MPI_Win_flush(target_rank=0, win=0xa0000000) failed
MPID_Win_flush(294)..................:
MPIDIG_mpi_win_flush(615)............:
MPIDI_OFI_win_progress_fence_impl(65):
MPIDI_OFI_handle_cq_error(1310)......: OFI poll failed (ofi_events.c:1312:MPIDI_OFI_handle_cq_error:Input/output error - PTLTE_NOT_FOUND)

aborting job:
Fatal error in PMPI_Win_flush: Other MPI error, error stack:
PMPI_Win_flush(139)..................: MPI_Win_flush(target_rank=0, win=0xa0000000) failed
MPID_Win_flush(294)..................:
MPIDIG_mpi_win_flush(615)............:
MPIDI_OFI_win_progress_fence_impl(65):
MPIDI_OFI_handle_cq_error(1310)......: OFI poll failed (ofi_events.c:1312:MPIDI_OFI_handle_cq_error:Input/output error - PTLTE_NOT_FOUND)
MPICH ERROR [Rank 185] [job id 5137469.119] [Sun Aug  2 01:55:14 2026] [frontier00435] - Abort(606226319) (rank 185 in comm 0): Fatal error in PMPI_Win_flush: Other MPI error, error stack:
PMPI_Win_flush(139)..................: MPI_Win_flush(target_rank=0, win=0xa0000000) failed
MPID_Win_flush(294)..................:
MPIDIG_mpi_win_flush(615)............:
MPIDI_OFI_win_progress_fence_impl(65):
MPIDI_OFI_handle_cq_error(1310)......: OFI poll failed (ofi_events.c:1312:MPIDI_OFI_handle_cq_error:Input/output error - PTLTE_NOT_FOUND)

aborting job:
Fatal error in PMPI_Win_flush: Other MPI error, error stack:
PMPI_Win_flush(139)..................: MPI_Win_flush(target_rank=0, win=0xa0000000) failed
MPID_Win_flush(294)..................:
MPIDIG_mpi_win_flush(615)............:
MPIDI_OFI_win_progress_fence_impl(65):
MPIDI_OFI_handle_cq_error(1310)......: OFI poll failed (ofi_events.c:1312:MPIDI_OFI_handle_cq_error:Input/output error - PTLTE_NOT_FOUND)
MPICH ERROR [Rank 420] [job id 5137469.119] [Sun Aug  2 01:55:14 2026] [frontier00973] - Abort(606226319) (rank 420 in comm 0): Fatal error in PMPI_Win_flush: Other MPI error, error stack:
PMPI_Win_flush(139)..................: MPI_Win_flush(target_rank=0, win=0xa0000000) failed
MPID_Win_flush(294)..................:
MPIDIG_mpi_win_flush(615)............:
MPIDI_OFI_win_progress_fence_impl(65):
MPIDI_OFI_handle_cq_error(1310)......: OFI poll failed (ofi_events.c:1312:MPIDI_OFI_handle_cq_error:Input/output error - PTLTE_NOT_FOUND)

aborting job:
Fatal error in PMPI_Win_flush: Other MPI error, error stack:
PMPI_Win_flush(139)..................: MPI_Win_flush(target_rank=0, win=0xa0000000) failed
MPID_Win_flush(294)..................:
MPIDIG_mpi_win_flush(615)............:
MPIDI_OFI_win_progress_fence_impl(65):
MPIDI_OFI_handle_cq_error(1310)......: OFI poll failed (ofi_events.c:1312:MPIDI_OFI_handle_cq_error:Input/output error - PTLTE_NOT_FOUND)
MPICH ERROR [Rank 825] [job id 5137469.119] [Sun Aug  2 01:55:14 2026] [frontier01882] - Abort(606226319) (rank 825 in comm 0): Fatal error in PMPI_Win_flush: Other MPI error, error stack:
PMPI_Win_flush(139)..................: MPI_Win_flush(target_rank=0, win=0xa0000000) failed
MPID_Win_flush(294)..................:
MPIDIG_mpi_win_flush(615)............:
MPIDI_OFI_win_progress_fence_impl(65):
MPIDI_OFI_handle_cq_error(1310)......: OFI poll failed (ofi_events.c:1312:MPIDI_OFI_handle_cq_error:Input/output error - PTLTE_NOT_FOUND)

aborting job:
Fatal error in PMPI_Win_flush: Other MPI error, error stack:
PMPI_Win_flush(139)..................: MPI_Win_flush(target_rank=0, win=0xa0000000) failed
MPID_Win_flush(294)..................:
MPIDIG_mpi_win_flush(615)............:
MPIDI_OFI_win_progress_fence_impl(65):
MPIDI_OFI_handle_cq_error(1310)......: OFI poll failed (ofi_events.c:1312:MPIDI_OFI_handle_cq_error:Input/output error - PTLTE_NOT_FOUND)
MPICH ERROR [Rank 536] [job id 5137469.119] [Sun Aug  2 01:55:14 2026] [frontier01210] - Abort(606226319) (rank 536 in comm 0): Fatal error in PMPI_Win_flush: Other MPI error, error stack:
PMPI_Win_flush(139)..................: MPI_Win_flush(target_rank=0, win=0xa0000000) failed
MPID_Win_flush(294)..................:
MPIDIG_mpi_win_flush(615)............:
MPIDI_OFI_win_progress_fence_impl(65):
MPIDI_OFI_handle_cq_error(1310)......: OFI poll failed (ofi_events.c:1312:MPIDI_OFI_handle_cq_error:Input/output error - PTLTE_NOT_FOUND)

aborting job:
Fatal error in PMPI_Win_flush: Other MPI error, error stack:
PMPI_Win_flush(139)..................: MPI_Win_flush(target_rank=0, win=0xa0000000) failed
MPID_Win_flush(294)..................:
MPIDIG_mpi_win_flush(615)............:
MPIDI_OFI_win_progress_fence_impl(65):
MPIDI_OFI_handle_cq_error(1310)......: OFI poll failed (ofi_events.c:1312:MPIDI_OFI_handle_cq_error:Input/output error - PTLTE_NOT_FOUND)
MPICH ERROR [Rank 315] [job id 5137469.119] [Sun Aug  2 01:55:14 2026] [frontier00669] - Abort(606226319) (rank 315 in comm 0): Fatal error in PMPI_Win_flush: Other MPI error, error stack:
PMPI_Win_flush(139)..................: MPI_Win_flush(target_rank=0, win=0xa0000000) failed
MPID_Win_flush(294)..................:
MPIDIG_mpi_win_flush(615)............:
MPIDI_OFI_win_progress_fence_impl(65):
MPIDI_OFI_handle_cq_error(1310)......: OFI poll failed (ofi_events.c:1312:MPIDI_OFI_handle_cq_error:Input/output error - PTLTE_NOT_FOUND)

aborting job:
Fatal error in PMPI_Win_flush: Other MPI error, error stack:
PMPI_Win_flush(139)..................: MPI_Win_flush(target_rank=0, win=0xa0000000) failed
MPID_Win_flush(294)..................:
MPIDIG_mpi_win_flush(615)............:
MPIDI_OFI_win_progress_fence_impl(65):
MPIDI_OFI_handle_cq_error(1310)......: OFI poll failed (ofi_events.c:1312:MPIDI_OFI_handle_cq_error:Input/output error - PTLTE_NOT_FOUND)
MPICH ERROR [Rank 121] [job id 5137469.119] [Sun Aug  2 01:55:14 2026] [frontier00303] - Abort(606226319) (rank 121 in comm 0): Fatal error in PMPI_Win_flush: Other MPI error, error stack:
PMPI_Win_flush(139)..................: MPI_Win_flush(target_rank=0, win=0xa0000000) failed
MPID_Win_flush(294)..................:
MPIDIG_mpi_win_flush(615)............:
MPIDI_OFI_win_progress_fence_impl(65):
MPIDI_OFI_handle_cq_error(1310)......: OFI poll failed (ofi_events.c:1312:MPIDI_OFI_handle_cq_error:Input/output error - PTLTE_NOT_FOUND)

aborting job:
Fatal error in PMPI_Win_flush: Other MPI error, error stack:
PMPI_Win_flush(139)..................: MPI_Win_flush(target_rank=0, win=0xa0000000) failed
MPID_Win_flush(294)..................:
MPIDIG_mpi_win_flush(615)............:
MPIDI_OFI_win_progress_fence_impl(65):
MPIDI_OFI_handle_cq_error(1310)......: OFI poll failed (ofi_events.c:1312:MPIDI_OFI_handle_cq_error:Input/output error - PTLTE_NOT_FOUND)
MPICH ERROR [Rank 397] [job id 5137469.119] [Sun Aug  2 01:55:14 2026] [frontier00973] - Abort(606226319) (rank 397 in comm 0): Fatal error in PMPI_Win_flush: Other MPI error, error stack:
PMPI_Win_flush(139)..................: MPI_Win_flush(target_rank=0, win=0xa0000000) failed
MPID_Win_flush(294)..................:
MPIDIG_mpi_win_flush(615)............:
MPIDI_OFI_win_progress_fence_impl(65):
MPIDI_OFI_handle_cq_error(1310)......: OFI poll failed (ofi_events.c:1312:MPIDI_OFI_handle_cq_error:Input/output error - PTLTE_NOT_FOUND)

aborting job:
Fatal error in PMPI_Win_flush: Other MPI error, error stack:
PMPI_Win_flush(139)..................: MPI_Win_flush(target_rank=0, win=0xa0000000) failed
MPID_Win_flush(294)..................:
MPIDIG_mpi_win_flush(615)............:
MPIDI_OFI_win_progress_fence_impl(65):
MPIDI_OFI_handle_cq_error(1310)......: OFI poll failed (ofi_events.c:1312:MPIDI_OFI_handle_cq_error:Input/output error - PTLTE_NOT_FOUND)
MPICH ERROR [Rank 157] [job id 5137469.119] [Sun Aug  2 01:55:14 2026] [frontier00303] - Abort(606226319) (rank 157 in comm 0): Fatal error in PMPI_Win_flush: Other MPI error, error stack:
PMPI_Win_flush(139)..................: MPI_Win_flush(target_rank=0, win=0xa0000000) failed
MPID_Win_flush(294)..................:
MPIDIG_mpi_win_flush(615)............:
MPIDI_OFI_win_progress_fence_impl(65):
MPIDI_OFI_handle_cq_error(1310)......: OFI poll failed (ofi_events.c:1312:MPIDI_OFI_handle_cq_error:Input/output error - PTLTE_NOT_FOUND)

aborting job:
Fatal error in PMPI_Win_flush: Other MPI error, error stack:
PMPI_Win_flush(139)..................: MPI_Win_flush(target_rank=0, win=0xa0000000) failed
MPID_Win_flush(294)..................:
MPIDIG_mpi_win_flush(615)............:
MPIDI_OFI_win_progress_fence_impl(65):
MPIDI_OFI_handle_cq_error(1310)......: OFI poll failed (ofi_events.c:1312:MPIDI_OFI_handle_cq_error:Input/output error - PTLTE_NOT_FOUND)
MPICH ERROR [Rank 671] [job id 5137469.119] [Sun Aug  2 01:55:14 2026] [frontier01450] - Abort(606226319) (rank 671 in comm 0): Fatal error in PMPI_Win_flush: Other MPI error, error stack:
PMPI_Win_flush(139)..................: MPI_Win_flush(target_rank=0, win=0xa0000000) failed
MPID_Win_flush(294)..................:
MPIDIG_mpi_win_flush(615)............:
MPIDI_OFI_win_progress_fence_impl(65):
MPIDI_OFI_handle_cq_error(1310)......: OFI poll failed (ofi_events.c:1312:MPIDI_OFI_handle_cq_error:Input/output error - PTLTE_NOT_FOUND)

aborting job:
Fatal error in PMPI_Win_flush: Other MPI error, error stack:
PMPI_Win_flush(139)..................: MPI_Win_flush(target_rank=0, win=0xa0000000) failed
MPID_Win_flush(294)..................:
MPIDIG_mpi_win_flush(615)............:
MPIDI_OFI_win_progress_fence_impl(65):
MPIDI_OFI_handle_cq_error(1310)......: OFI poll failed (ofi_events.c:1312:MPIDI_OFI_handle_cq_error:Input/output error - PTLTE_NOT_FOUND)
MPICH ERROR [Rank 414] [job id 5137469.119] [Sun Aug  2 01:55:14 2026] [frontier00973] - Abort(606226319) (rank 414 in comm 0): Fatal error in PMPI_Win_flush: Other MPI error, error stack:
PMPI_Win_flush(139)..................: MPI_Win_flush(target_rank=0, win=0xa0000000) failed
MPID_Win_flush(294)..................:
MPIDIG_mpi_win_flush(615)............:
MPIDI_OFI_win_progress_fence_impl(65):
MPIDI_OFI_handle_cq_error(1310)......: OFI poll failed (ofi_events.c:1312:MPIDI_OFI_handle_cq_error:Input/output error - PTLTE_NOT_FOUND)

aborting job:
Fatal error in PMPI_Win_flush: Other MPI error, error stack:
PMPI_Win_flush(139)..................: MPI_Win_flush(target_rank=0, win=0xa0000000) failed
MPID_Win_flush(294)..................:
MPIDIG_mpi_win_flush(615)............:
MPIDI_OFI_win_progress_fence_impl(65):
MPIDI_OFI_handle_cq_error(1310)......: OFI poll failed (ofi_events.c:1312:MPIDI_OFI_handle_cq_error:Input/output error - PTLTE_NOT_FOUND)
MPICH ERROR [Rank 94] [job id 5137469.119] [Sun Aug  2 01:55:14 2026] [frontier00169] - Abort(606226319) (rank 94 in comm 0): Fatal error in PMPI_Win_flush: Other MPI error, error stack:
PMPI_Win_flush(139)..................: MPI_Win_flush(target_rank=0, win=0xa0000000) failed
MPID_Win_flush(294)..................:
MPIDIG_mpi_win_flush(615)............:
MPIDI_OFI_win_progress_fence_impl(65):
MPIDI_OFI_handle_cq_error(1310)......: OFI poll failed (ofi_events.c:1312:MPIDI_OFI_handle_cq_error:Input/output error - PTLTE_NOT_FOUND)

aborting job:
Fatal error in PMPI_Win_flush: Other MPI error, error stack:
PMPI_Win_flush(139)..................: MPI_Win_flush(target_rank=0, win=0xa0000000) failed
MPID_Win_flush(294)..................:
MPIDIG_mpi_win_flush(615)............:
MPIDI_OFI_win_progress_fence_impl(65):
MPIDI_OFI_handle_cq_error(1310)......: OFI poll failed (ofi_events.c:1312:MPIDI_OFI_handle_cq_error:Input/output error - PTLTE_NOT_FOUND)
MPICH ERROR [Rank 201] [job id 5137469.119] [Sun Aug  2 01:55:14 2026] [frontier00435] - Abort(606226319) (rank 201 in comm 0): Fatal error in PMPI_Win_flush: Other MPI error, error stack:
PMPI_Win_flush(139)..................: MPI_Win_flush(target_rank=0, win=0xa0000000) failed
MPID_Win_flush(294)..................:
MPIDIG_mpi_win_flush(615)............:
MPIDI_OFI_win_progress_fence_impl(65):
MPIDI_OFI_handle_cq_error(1310)......: OFI poll failed (ofi_events.c:1312:MPIDI_OFI_handle_cq_error:Input/output error - PTLTE_NOT_FOUND)

aborting job:
Fatal error in PMPI_Win_flush: Other MPI error, error stack:
PMPI_Win_flush(139)..................: MPI_Win_flush(target_rank=0, win=0xa0000000) failed
MPID_Win_flush(294)..................:
MPIDIG_mpi_win_flush(615)............:
MPIDI_OFI_win_progress_fence_impl(65):
MPIDI_OFI_handle_cq_error(1310)......: OFI poll failed (ofi_events.c:1312:MPIDI_OFI_handle_cq_error:Input/output error - PTLTE_NOT_FOUND)
MPICH ERROR [Rank 680] [job id 5137469.119] [Sun Aug  2 01:55:14 2026] [frontier01576] - Abort(606226319) (rank 680 in comm 0): Fatal error in PMPI_Win_flush: Other MPI error, error stack:
PMPI_Win_flush(139)..................: MPI_Win_flush(target_rank=0, win=0xa0000000) failed
MPID_Win_flush(294)..................:
MPIDIG_mpi_win_flush(615)............:
MPIDI_OFI_win_progress_fence_impl(65):
MPIDI_OFI_handle_cq_error(1310)......: OFI poll failed (ofi_events.c:1312:MPIDI_OFI_handle_cq_error:Input/output error - PTLTE_NOT_FOUND)

aborting job:
Fatal error in PMPI_Win_flush: Other MPI error, error stack:
PMPI_Win_flush(139)..................: MPI_Win_flush(target_rank=0, win=0xa0000000) failed
MPID_Win_flush(294)..................:
MPIDIG_mpi_win_flush(615)............:
MPIDI_OFI_win_progress_fence_impl(65):
MPIDI_OFI_handle_cq_error(1310)......: OFI poll failed (ofi_events.c:1312:MPIDI_OFI_handle_cq_error:Input/output error - PTLTE_NOT_FOUND)
MPICH ERROR [Rank 404] [job id 5137469.119] [Sun Aug  2 01:55:14 2026] [frontier00973] - Abort(606226319) (rank 404 in comm 0): Fatal error in PMPI_Win_flush: Other MPI error, error stack:
PMPI_Win_flush(139)..................: MPI_Win_flush(target_rank=0, win=0xa0000000) failed
MPID_Win_flush(294)..................:
MPIDIG_mpi_win_flush(615)............:
MPIDI_OFI_win_progress_fence_impl(65):
MPIDI_OFI_handle_cq_error(1310)......: OFI poll failed (ofi_events.c:1312:MPIDI_OFI_handle_cq_error:Input/output error - PTLTE_NOT_FOUND)

aborting job:
Fatal error in PMPI_Win_flush: Other MPI error, error stack:
PMPI_Win_flush(139)..................: MPI_Win_flush(target_rank=0, win=0xa0000000) failed
MPID_Win_flush(294)..................:
MPIDIG_mpi_win_flush(615)............:
MPIDI_OFI_win_progress_fence_impl(65):
MPIDI_OFI_handle_cq_error(1310)......: OFI poll failed (ofi_events.c:1312:MPIDI_OFI_handle_cq_error:Input/output error - PTLTE_NOT_FOUND)
MPICH ERROR [Rank 290] [job id 5137469.119] [Sun Aug  2 01:55:14 2026] [frontier00669] - Abort(606226319) (rank 290 in comm 0): Fatal error in PMPI_Win_flush: Other MPI error, error stack:
PMPI_Win_flush(139)..................: MPI_Win_flush(target_rank=0, win=0xa0000000) failed
MPID_Win_flush(294)..................:
MPIDIG_mpi_win_flush(615)............:
MPIDI_OFI_win_progress_fence_impl(65):
MPIDI_OFI_handle_cq_error(1310)......: OFI poll failed (ofi_events.c:1312:MPIDI_OFI_handle_cq_error:Input/output error - PTLTE_NOT_FOUND)

aborting job:
Fatal error in PMPI_Win_flush: Other MPI error, error stack:
PMPI_Win_flush(139)..................: MPI_Win_flush(target_rank=0, win=0xa0000000) failed
MPID_Win_flush(294)..................:
MPIDIG_mpi_win_flush(615)............:
MPIDI_OFI_win_progress_fence_impl(65):
MPIDI_OFI_handle_cq_error(1310)......: OFI poll failed (ofi_events.c:1312:MPIDI_OFI_handle_cq_error:Input/output error - PTLTE_NOT_FOUND)
MPICH ERROR [Rank 789] [job id 5137469.119] [Sun Aug  2 01:55:14 2026] [frontier01882] - Abort(606226319) (rank 789 in comm 0): Fatal error in PMPI_Win_flush: Other MPI error, error stack:
PMPI_Win_flush(139)..................: MPI_Win_flush(target_rank=0, win=0xa0000000) failed
MPID_Win_flush(294)..................:
MPIDIG_mpi_win_flush(615)............:
MPIDI_OFI_win_progress_fence_impl(65):
MPIDI_OFI_handle_cq_error(1310)......: OFI poll failed (ofi_events.c:1312:MPIDI_OFI_handle_cq_error:Input/output error - PTLTE_NOT_FOUND)

aborting job:
Fatal error in PMPI_Win_flush: Other MPI error, error stack:
PMPI_Win_flush(139)..................: MPI_Win_flush(target_rank=0, win=0xa0000000) failed
MPID_Win_flush(294)..................:
MPIDIG_mpi_win_flush(615)............:
MPIDI_OFI_win_progress_fence_impl(65):
MPIDI_OFI_handle_cq_error(1310)......: OFI poll failed (ofi_events.c:1312:MPIDI_OFI_handle_cq_error:Input/output error - PTLTE_NOT_FOUND)
MPICH ERROR [Rank 319] [job id 5137469.119] [Sun Aug  2 01:55:14 2026] [frontier00669] - Abort(606226319) (rank 319 in comm 0): Fatal error in PMPI_Win_flush: Other MPI error, error stack:
PMPI_Win_flush(139)..................: MPI_Win_flush(target_rank=0, win=0xa0000000) failed
MPID_Win_flush(294)..................:
MPIDIG_mpi_win_flush(615)............:
MPIDI_OFI_win_progress_fence_impl(65):
MPIDI_OFI_handle_cq_error(1310)......: OFI poll failed (ofi_events.c:1312:MPIDI_OFI_handle_cq_error:Input/output error - PTLTE_NOT_FOUND)

aborting job:
Fatal error in PMPI_Win_flush: Other MPI error, error stack:
PMPI_Win_flush(139)..................: MPI_Win_flush(target_rank=0, win=0xa0000000) failed
MPID_Win_flush(294)..................:
MPIDIG_mpi_win_flush(615)............:
MPIDI_OFI_win_progress_fence_impl(65):
MPIDI_OFI_handle_cq_error(1310)......: OFI poll failed (ofi_events.c:1312:MPIDI_OFI_handle_cq_error:Input/output error - PTLTE_NOT_FOUND)
MPICH ERROR [Rank 155] [job id 5137469.119] [Sun Aug  2 01:55:14 2026] [frontier00303] - Abort(606226319) (rank 155 in comm 0): Fatal error in PMPI_Win_flush: Other MPI error, error stack:
PMPI_Win_flush(139)..................: MPI_Win_flush(target_rank=0, win=0xa0000000) failed
MPID_Win_flush(294)..................:
MPIDIG_mpi_win_flush(615)............:
MPIDI_OFI_win_progress_fence_impl(65):
MPIDI_OFI_handle_cq_error(1310)......: OFI poll failed (ofi_events.c:1312:MPIDI_OFI_handle_cq_error:Input/output error - PTLTE_NOT_FOUND)

aborting job:
Fatal error in PMPI_Win_flush: Other MPI error, error stack:
PMPI_Win_flush(139)..................: MPI_Win_flush(target_rank=0, win=0xa0000000) failed
MPID_Win_flush(294)..................:
MPIDIG_mpi_win_flush(615)............:
MPIDI_OFI_win_progress_fence_impl(65):
MPIDI_OFI_handle_cq_error(1310)......: OFI poll failed (ofi_events.c:1312:MPIDI_OFI_handle_cq_error:Input/output error - PTLTE_NOT_FOUND)
MPICH ERROR [Rank 795] [job id 5137469.119] [Sun Aug  2 01:55:14 2026] [frontier01882] - Abort(606226319) (rank 795 in comm 0): Fatal error in PMPI_Win_flush: Other MPI error, error stack:
PMPI_Win_flush(139)..................: MPI_Win_flush(target_rank=0, win=0xa0000000) failed
MPID_Win_flush(294)..................:
MPIDIG_mpi_win_flush(615)............:
MPIDI_OFI_win_progress_fence_impl(65):
MPIDI_OFI_handle_cq_error(1310)......: OFI poll failed (ofi_events.c:1312:MPIDI_OFI_handle_cq_error:Input/output error - PTLTE_NOT_FOUND)

aborting job:
Fatal error in PMPI_Win_flush: Other MPI error, error stack:
PMPI_Win_flush(139)..................: MPI_Win_flush(target_rank=0, win=0xa0000000) failed
MPID_Win_flush(294)..................:
MPIDIG_mpi_win_flush(615)............:
MPIDI_OFI_win_progress_fence_impl(65):
MPIDI_OFI_handle_cq_error(1310)......: OFI poll failed (ofi_events.c:1312:MPIDI_OFI_handle_cq_error:Input/output error - PTLTE_NOT_FOUND)
MPICH ERROR [Rank 535] [job id 5137469.119] [Sun Aug  2 01:55:14 2026] [frontier01210] - Abort(606226319) (rank 535 in comm 0): Fatal error in PMPI_Win_flush: Other MPI error, error stack:
PMPI_Win_flush(139)..................: MPI_Win_flush(target_rank=0, win=0xa0000000) failed
MPID_Win_flush(294)..................:
MPIDIG_mpi_win_flush(615)............:
MPIDI_OFI_win_progress_fence_impl(65):
MPIDI_OFI_handle_cq_error(1310)......: OFI poll failed (ofi_events.c:1312:MPIDI_OFI_handle_cq_error:Input/output error - PTLTE_NOT_FOUND)

aborting job:
Fatal error in PMPI_Win_flush: Other MPI error, error stack:
PMPI_Win_flush(139)..................: MPI_Win_flush(target_rank=0, win=0xa0000000) failed
MPID_Win_flush(294)..................:
MPIDIG_mpi_win_flush(615)............:
MPIDI_OFI_win_progress_fence_impl(65):
MPIDI_OFI_handle_cq_error(1310)......: OFI poll failed (ofi_events.c:1312:MPIDI_OFI_handle_cq_error:Input/output error - PTLTE_NOT_FOUND)
MPICH ERROR [Rank 412] [job id 5137469.119] [Sun Aug  2 01:55:14 2026] [frontier00973] - Abort(606226319) (rank 412 in comm 0): Fatal error in PMPI_Win_flush: Other MPI error, error stack:
PMPI_Win_flush(139)..................: MPI_Win_flush(target_rank=0, win=0xa0000000) failed
MPID_Win_flush(294)..................:
MPIDIG_mpi_win_flush(615)............:
MPIDI_OFI_win_progress_fence_impl(65):
MPIDI_OFI_handle_cq_error(1310)......: OFI poll failed (ofi_events.c:1312:MPIDI_OFI_handle_cq_error:Input/output error - PTLTE_NOT_FOUND)

MPICH ERROR [Rank 449] [job id 5137469.119] [Sun Aug  2 01:55:14 2026] [frontier01094] - Abort(606226319) (rank 449 in comm 0): Fatal error in PMPI_Win_flush: Other MPI error, error stack:
PMPI_Win_flush(139)..................: MPI_Win_flush(target_rank=0, win=0xa0000000) failed
MPID_Win_flush(294)..................:
MPIDIG_mpi_win_flush(615)............:
MPIDI_OFI_win_progress_fence_impl(65):
MPIDI_OFI_handle_cq_error(1310)......: OFI poll failed (ofi_events.c:1312:MPIDI_OFI_handle_cq_error:Input/output error - PTLTE_NOT_FOUND)

aborting job:
Fatal error in PMPI_Win_flush: Other MPI error, error stack:
PMPI_Win_flush(139)..................: MPI_Win_flush(target_rank=0, win=0xa0000000) failed
MPID_Win_flush(294)..................:
MPIDIG_mpi_win_flush(615)............:
MPIDI_OFI_win_progress_fence_impl(65):
MPIDI_OFI_handle_cq_error(1310)......: OFI poll failed (ofi_events.c:1312:MPIDI_OFI_handle_cq_error:Input/output error - PTLTE_NOT_FOUND)
aborting job:
Fatal error in PMPI_Win_flush: Other MPI error, error stack:
PMPI_Win_flush(139)..................: MPI_Win_flush(target_rank=0, win=0xa0000000) failed
MPID_Win_flush(294)..................:
MPIDIG_mpi_win_flush(615)............:
MPIDI_OFI_win_progress_fence_impl(65):
MPIDI_OFI_handle_cq_error(1310)......: OFI poll failed (ofi_events.c:1312:MPIDI_OFI_handle_cq_error:Input/output error - PTLTE_NOT_FOUND)
MPICH ERROR [Rank 424] [job id 5137469.119] [Sun Aug  2 01:55:14 2026] [frontier00973] - Abort(606226319) (rank 424 in comm 0): Fatal error in PMPI_Win_flush: Other MPI error, error stack:
PMPI_Win_flush(139)..................: MPI_Win_flush(target_rank=0, win=0xa0000000) failed
MPID_Win_flush(294)..................:
MPIDIG_mpi_win_flush(615)............:
MPIDI_OFI_win_progress_fence_impl(65):
MPIDI_OFI_handle_cq_error(1310)......: OFI poll failed (ofi_events.c:1312:MPIDI_OFI_handle_cq_error:Input/output error - PTLTE_NOT_FOUND)

aborting job:
Fatal error in PMPI_Win_flush: Other MPI error, error stack:
PMPI_Win_flush(139)..................: MPI_Win_flush(target_rank=0, win=0xa0000000) failed
MPID_Win_flush(294)..................:
MPIDIG_mpi_win_flush(615)............:
MPIDI_OFI_win_progress_fence_impl(65):
MPIDI_OFI_handle_cq_error(1310)......: OFI poll failed (ofi_events.c:1312:MPIDI_OFI_handle_cq_error:Input/output error - PTLTE_NOT_FOUND)
MPICH ERROR [Rank 302] [job id 5137469.119] [Sun Aug  2 01:55:14 2026] [frontier00669] - Abort(606226319) (rank 302 in comm 0): Fatal error in PMPI_Win_flush: Other MPI error, error stack:
PMPI_Win_flush(139)..................: MPI_Win_flush(target_rank=0, win=0xa0000000) failed
MPID_Win_flush(294)..................:
MPIDIG_mpi_win_flush(615)............:
MPIDI_OFI_win_progress_fence_impl(65):
MPIDI_OFI_handle_cq_error(1310)......: OFI poll failed (ofi_events.c:1312:MPIDI_OFI_handle_cq_error:Input/output error - PTLTE_NOT_FOUND)

aborting job:
Fatal error in PMPI_Win_flush: Other MPI error, error stack:
PMPI_Win_flush(139)..................: MPI_Win_flush(target_rank=0, win=0xa0000000) failed
MPID_Win_flush(294)..................:
MPIDIG_mpi_win_flush(615)............:
MPIDI_OFI_win_progress_fence_impl(65):
MPIDI_OFI_handle_cq_error(1310)......: OFI poll failed (ofi_events.c:1312:MPIDI_OFI_handle_cq_error:Input/output error - PTLTE_NOT_FOUND)
MPICH ERROR [Rank 144] [job id 5137469.119] [Sun Aug  2 01:55:14 2026] [frontier00303] - Abort(606226319) (rank 144 in comm 0): Fatal error in PMPI_Win_flush: Other MPI error, error stack:
PMPI_Win_flush(139)..................: MPI_Win_flush(target_rank=0, win=0xa0000000) failed
MPID_Win_flush(294)..................:
MPIDIG_mpi_win_flush(615)............:
MPIDI_OFI_win_progress_fence_impl(65):
MPIDI_OFI_handle_cq_error(1310)......: OFI poll failed (ofi_events.c:1312:MPIDI_OFI_handle_cq_error:Input/output error - PTLTE_NOT_FOUND)

aborting job:
Fatal error in PMPI_Win_flush: Other MPI error, error stack:
PMPI_Win_flush(139)..................: MPI_Win_flush(target_rank=0, win=0xa0000000) failed
MPID_Win_flush(294)..................:
MPIDIG_mpi_win_flush(615)............:
MPIDI_OFI_win_progress_fence_impl(65):
MPIDI_OFI_handle_cq_error(1310)......: OFI poll failed (ofi_events.c:1312:MPIDI_OFI_handle_cq_error:Input/output error - PTLTE_NOT_FOUND)
MPICH ERROR [Rank 507] [job id 5137469.119] [Sun Aug  2 01:55:14 2026] [frontier01210] - Abort(606226319) (rank 507 in comm 0): Fatal error in PMPI_Win_flush: Other MPI error, error stack:
PMPI_Win_flush(139)..................: MPI_Win_flush(target_rank=0, win=0xa0000000) failed
MPID_Win_flush(294)..................:
MPIDIG_mpi_win_flush(615)............:
MPIDI_OFI_win_progress_fence_impl(65):
MPIDI_OFI_handle_cq_error(1310)......: OFI poll failed (ofi_events.c:1312:MPIDI_OFI_handle_cq_error:Input/output error - PTLTE_NOT_FOUND)

aborting job:
Fatal error in PMPI_Win_flush: Other MPI error, error stack:
PMPI_Win_flush(139)..................: MPI_Win_flush(target_rank=0, win=0xa0000000) failed
MPID_Win_flush(294)..................:
MPIDIG_mpi_win_flush(615)............:
MPIDI_OFI_win_progress_fence_impl(65):
MPIDI_OFI_handle_cq_error(1310)......: OFI poll failed (ofi_events.c:1312:MPIDI_OFI_handle_cq_error:Input/output error - PTLTE_NOT_FOUND)
MPICH ERROR [Rank 61] [job id 5137469.119] [Sun Aug  2 01:55:14 2026] [frontier00169] - Abort(606226319) (rank 61 in comm 0): Fatal error in PMPI_Win_flush: Other MPI error, error stack:
PMPI_Win_flush(139)..................: MPI_Win_flush(target_rank=0, win=0xa0000000) failed
MPID_Win_flush(294)..................:
MPIDIG_mpi_win_flush(615)............:
MPIDI_OFI_win_progress_fence_impl(65):
MPIDI_OFI_handle_cq_error(1310)......: OFI poll failed (ofi_events.c:1312:MPIDI_OFI_handle_cq_error:Input/output error - PTLTE_NOT_FOUND)

aborting job:
Fatal error in PMPI_Win_flush: Other MPI error, error stack:
PMPI_Win_flush(139)..................: MPI_Win_flush(target_rank=0, win=0xa0000000) failed
MPID_Win_flush(294)..................:
MPIDIG_mpi_win_flush(615)............:
MPIDI_OFI_win_progress_fence_impl(65):
MPIDI_OFI_handle_cq_error(1310)......: OFI poll failed (ofi_events.c:1312:MPIDI_OFI_handle_cq_error:Input/output error - PTLTE_NOT_FOUND)
MPICH ERROR [Rank 409] [job id 5137469.119] [Sun Aug  2 01:55:14 2026] [frontier00973] - Abort(606226319) (rank 409 in comm 0): Fatal error in PMPI_Win_flush: Other MPI error, error stack:
PMPI_Win_flush(139)..................: MPI_Win_flush(target_rank=0, win=0xa0000000) failed
MPID_Win_flush(294)..................:
MPIDIG_mpi_win_flush(615)............:
MPIDI_OFI_win_progress_fence_impl(65):
MPIDI_OFI_handle_cq_error(1310)......: OFI poll failed (ofi_events.c:1312:MPIDI_OFI_handle_cq_error:Input/output error - PTLTE_NOT_FOUND)

aborting job:
Fatal error in PMPI_Win_flush: Other MPI error, error stack:
PMPI_Win_flush(139)..................: MPI_Win_flush(target_rank=0, win=0xa0000000) failed
MPID_Win_flush(294)..................:
MPIDIG_mpi_win_flush(615)............:
MPIDI_OFI_win_progress_fence_impl(65):
MPIDI_OFI_handle_cq_error(1310)......: OFI poll failed (ofi_events.c:1312:MPIDI_OFI_handle_cq_error:Input/output error - PTLTE_NOT_FOUND)
MPICH ERROR [Rank 222] [job id 5137469.119] [Sun Aug  2 01:55:14 2026] [frontier00435] - Abort(606226319) (rank 222 in comm 0): Fatal error in PMPI_Win_flush: Other MPI error, error stack:
PMPI_Win_flush(139)..................: MPI_Win_flush(target_rank=0, win=0xa0000000) failed
MPID_Win_flush(294)..................:
MPIDIG_mpi_win_flush(615)............:
MPIDI_OFI_win_progress_fence_impl(65):
MPIDI_OFI_handle_cq_error(1310)......: OFI poll failed (ofi_events.c:1312:MPIDI_OFI_handle_cq_error:Input/output error - PTLTE_NOT_FOUND)

aborting job:
Fatal error in PMPI_Win_flush: Other MPI error, error stack:
PMPI_Win_flush(139)..................: MPI_Win_flush(target_rank=0, win=0xa0000000) failed
MPID_Win_flush(294)..................:
MPIDIG_mpi_win_flush(615)............:
MPIDI_OFI_win_progress_fence_impl(65):
MPIDI_OFI_handle_cq_error(1310)......: OFI poll failed (ofi_events.c:1312:MPIDI_OFI_handle_cq_error:Input/output error - PTLTE_NOT_FOUND)
MPICH ERROR [Rank 452] [job id 5137469.119] [Sun Aug  2 01:55:14 2026] [frontier01094] - Abort(606226319) (rank 452 in comm 0): Fatal error in PMPI_Win_flush: Other MPI error, error stack:
PMPI_Win_flush(139)..................: MPI_Win_flush(target_rank=0, win=0xa0000000) failed
MPID_Win_flush(294)..................:
MPIDIG_mpi_win_flush(615)............:
MPIDI_OFI_win_progress_fence_impl(65):
MPIDI_OFI_handle_cq_error(1310)......: OFI poll failed (ofi_events.c:1312:MPIDI_OFI_handle_cq_error:Input/output error - PTLTE_NOT_FOUND)

aborting job:
Fatal error in PMPI_Win_flush: Other MPI error, error stack:
PMPI_Win_flush(139)..................: MPI_Win_flush(target_rank=0, win=0xa0000000) failed
MPID_Win_flush(294)..................:
MPIDIG_mpi_win_flush(615)............:
MPIDI_OFI_win_progress_fence_impl(65):
MPIDI_OFI_handle_cq_error(1310)......: OFI poll failed (ofi_events.c:1312:MPIDI_OFI_handle_cq_error:Input/output error - PTLTE_NOT_FOUND)
MPICH ERROR [Rank 540] [job id 5137469.119] [Sun Aug  2 01:55:14 2026] [frontier01210] - Abort(606226319) (rank 540 in comm 0): Fatal error in PMPI_Win_flush: Other MPI error, error stack:
PMPI_Win_flush(139)..................: MPI_Win_flush(target_rank=0, win=0xa0000000) failed
MPID_Win_flush(294)..................:
MPIDIG_mpi_win_flush(615)............:
MPIDI_OFI_win_progress_fence_impl(65):
MPIDI_OFI_handle_cq_error(1310)......: OFI poll failed (ofi_events.c:1312:MPIDI_OFI_handle_cq_error:Input/output error - PTLTE_NOT_FOUND)

aborting job:
Fatal error in PMPI_Win_flush: Other MPI error, error stack:
PMPI_Win_flush(139)..................: MPI_Win_flush(target_rank=0, win=0xa0000000) failed
MPID_Win_flush(294)..................:
MPIDIG_mpi_win_flush(615)............:
MPIDI_OFI_win_progress_fence_impl(65):
MPIDI_OFI_handle_cq_error(1310)......: OFI poll failed (ofi_events.c:1312:MPIDI_OFI_handle_cq_error:Input/output error - PTLTE_NOT_FOUND)
MPICH ERROR [Rank 175] [job id 5137469.119] [Sun Aug  2 01:55:14 2026] [frontier00435] - Abort(606226319) (rank 175 in comm 0): Fatal error in PMPI_Win_flush: Other MPI error, error stack:
PMPI_Win_flush(139)..................: MPI_Win_flush(target_rank=0, win=0xa0000000) failed
MPID_Win_flush(294)..................:
MPIDIG_mpi_win_flush(615)............:
MPIDI_OFI_win_progress_fence_impl(65):
MPIDI_OFI_handle_cq_error(1310)......: OFI poll failed (ofi_events.c:1312:MPIDI_OFI_handle_cq_error:Input/output error - PTLTE_NOT_FOUND)

aborting job:
Fatal error in PMPI_Win_flush: Other MPI error, error stack:
PMPI_Win_flush(139)..................: MPI_Win_flush(target_rank=0, win=0xa0000000) failed
MPID_Win_flush(294)..................:
MPIDIG_mpi_win_flush(615)............:
MPIDI_OFI_win_progress_fence_impl(65):
MPIDI_OFI_handle_cq_error(1310)......: OFI poll failed (ofi_events.c:1312:MPIDI_OFI_handle_cq_error:Input/output error - PTLTE_NOT_FOUND)
MPICH ERROR [Rank 426] [job id 5137469.119] [Sun Aug  2 01:55:14 2026] [frontier00973] - Abort(606226319) (rank 426 in comm 0): Fatal error in PMPI_Win_flush: Other MPI error, error stack:
PMPI_Win_flush(139)..................: MPI_Win_flush(target_rank=0, win=0xa0000000) failed
MPID_Win_flush(294)..................:
MPIDIG_mpi_win_flush(615)............:
MPIDI_OFI_win_progress_fence_impl(65):
MPIDI_OFI_handle_cq_error(1310)......: OFI poll failed (ofi_events.c:1312:MPIDI_OFI_handle_cq_error:Input/output error - PTLTE_NOT_FOUND)

aborting job:
Fatal error in PMPI_Win_flush: Other MPI error, error stack:
PMPI_Win_flush(139)..................: MPI_Win_flush(target_rank=0, win=0xa0000000) failed
MPID_Win_flush(294)..................:
MPIDIG_mpi_win_flush(615)............:
MPIDI_OFI_win_progress_fence_impl(65):
MPIDI_OFI_handle_cq_error(1310)......: OFI poll failed (ofi_events.c:1312:MPIDI_OFI_handle_cq_error:Input/output error - PTLTE_NOT_FOUND)
MPICH ERROR [Rank 314] [job id 5137469.119] [Sun Aug  2 01:55:14 2026] [frontier00669] - Abort(606226319) (rank 314 in comm 0): Fatal error in PMPI_Win_flush: Other MPI error, error stack:
PMPI_Win_flush(139)..................: MPI_Win_flush(target_rank=0, win=0xa0000000) failed
MPID_Win_flush(294)..................:
MPIDIG_mpi_win_flush(615)............:
MPIDI_OFI_win_progress_fence_impl(65):
MPIDI_OFI_handle_cq_error(1310)......: OFI poll failed (ofi_events.c:1312:MPIDI_OFI_handle_cq_error:Input/output error - PTLTE_NOT_FOUND)

aborting job:
Fatal error in PMPI_Win_flush: Other MPI error, error stack:
PMPI_Win_flush(139)..................: MPI_Win_flush(target_rank=0, win=0xa0000000) failed
MPID_Win_flush(294)..................:
MPIDIG_mpi_win_flush(615)............:
MPIDI_OFI_win_progress_fence_impl(65):
MPIDI_OFI_handle_cq_error(1310)......: OFI poll failed (ofi_events.c:1312:MPIDI_OFI_handle_cq_error:Input/output error - PTLTE_NOT_FOUND)
MPICH ERROR [Rank 348] [job id 5137469.119] [Sun Aug  2 01:55:14 2026] [frontier00828] - Abort(606226319) (rank 348 in comm 0): Fatal error in PMPI_Win_flush: Other MPI error, error stack:
PMPI_Win_flush(139)..................: MPI_Win_flush(target_rank=0, win=0xa0000000) failed
MPID_Win_flush(294)..................:
MPIDIG_mpi_win_flush(615)............:
MPIDI_OFI_win_progress_fence_impl(65):
MPIDI_OFI_handle_cq_error(1310)......: OFI poll failed (ofi_events.c:1312:MPIDI_OFI_handle_cq_error:Input/output error - PTLTE_NOT_FOUND)

aborting job:
Fatal error in PMPI_Win_flush: Other MPI error, error stack:
PMPI_Win_flush(139)..................: MPI_Win_flush(target_rank=0, win=0xa0000000) failed
MPID_Win_flush(294)..................:
MPIDIG_mpi_win_flush(615)............:
MPIDI_OFI_win_progress_fence_impl(65):
MPIDI_OFI_handle_cq_error(1310)......: OFI poll failed (ofi_events.c:1312:MPIDI_OFI_handle_cq_error:Input/output error - PTLTE_NOT_FOUND)
MPICH ERROR [Rank 523] [job id 5137469.119] [Sun Aug  2 01:55:14 2026] [frontier01210] - Abort(606226319) (rank 523 in comm 0): Fatal error in PMPI_Win_flush: Other MPI error, error stack:
PMPI_Win_flush(139)..................: MPI_Win_flush(target_rank=0, win=0xa0000000) failed
MPID_Win_flush(294)..................:
MPIDIG_mpi_win_flush(615)............:
MPIDI_OFI_win_progress_fence_impl(65):
MPIDI_OFI_handle_cq_error(1310)......: OFI poll failed (ofi_events.c:1312:MPIDI_OFI_handle_cq_error:Input/output error - PTLTE_NOT_FOUND)

aborting job:
Fatal error in PMPI_Win_flush: Other MPI error, error stack:
PMPI_Win_flush(139)..................: MPI_Win_flush(target_rank=0, win=0xa0000000) failed
MPID_Win_flush(294)..................:
MPIDIG_mpi_win_flush(615)............:
MPIDI_OFI_win_progress_fence_impl(65):
MPIDI_OFI_handle_cq_error(1310)......: OFI poll failed (ofi_events.c:1312:MPIDI_OFI_handle_cq_error:Input/output error - PTLTE_NOT_FOUND)
MPICH ERROR [Rank 239] [job id 5137469.119] [Sun Aug  2 01:55:14 2026] [frontier00549] - Abort(606226319) (rank 239 in comm 0): Fatal error in PMPI_Win_flush: Other MPI error, error stack:
PMPI_Win_flush(139)..................: MPI_Win_flush(target_rank=0, win=0xa0000000) failed
MPID_Win_flush(294)..................:
MPIDIG_mpi_win_flush(615)............:
MPIDI_OFI_win_progress_fence_impl(65):
MPIDI_OFI_handle_cq_error(1310)......: OFI poll failed (ofi_events.c:1312:MPIDI_OFI_handle_cq_error:Input/output error - PTLTE_NOT_FOUND)

aborting job:
Fatal error in PMPI_Win_flush: Other MPI error, error stack:
PMPI_Win_flush(139)..................: MPI_Win_flush(target_rank=0, win=0xa0000000) failed
MPID_Win_flush(294)..................:
MPIDIG_mpi_win_flush(615)............:
MPIDI_OFI_win_progress_fence_impl(65):
MPIDI_OFI_handle_cq_error(1310)......: OFI poll failed (ofi_events.c:1312:MPIDI_OFI_handle_cq_error:Input/output error - PTLTE_NOT_FOUND)
MPICH ERROR [Rank 652] [job id 5137469.119] [Sun Aug  2 01:55:14 2026] [frontier01450] - Abort(606226319) (rank 652 in comm 0): Fatal error in PMPI_Win_flush: Other MPI error, error stack:
PMPI_Win_flush(139)..................: MPI_Win_flush(target_rank=0, win=0xa0000000) failed
MPID_Win_flush(294)..................:
MPIDIG_mpi_win_flush(615)............:
MPIDI_OFI_win_progress_fence_impl(65):
MPIDI_OFI_handle_cq_error(1310)......: OFI poll failed (ofi_events.c:1312:MPIDI_OFI_handle_cq_error:Input/output error - PTLTE_NOT_FOUND)

aborting job:
Fatal error in PMPI_Win_flush: Other MPI error, error stack:
PMPI_Win_flush(139)..................: MPI_Win_flush(target_rank=0, win=0xa0000000) failed
MPID_Win_flush(294)..................:
MPIDIG_mpi_win_flush(615)............:
MPIDI_OFI_win_progress_fence_impl(65):
MPIDI_OFI_handle_cq_error(1310)......: OFI poll failed (ofi_events.c:1312:MPIDI_OFI_handle_cq_error:Input/output error - PTLTE_NOT_FOUND)
MPICH ERROR [Rank 748] [job id 5137469.119] [Sun Aug  2 01:55:14 2026] [frontier01701] - Abort(606226319) (rank 748 in comm 0): Fatal error in PMPI_Win_flush: Other MPI error, error stack:
PMPI_Win_flush(139)..................: MPI_Win_flush(target_rank=0, win=0xa0000000) failed
MPID_Win_flush(294)..................:
MPIDIG_mpi_win_flush(615)............:
MPIDI_OFI_win_progress_fence_impl(65):
MPIDI_OFI_handle_cq_error(1310)......: OFI poll failed (ofi_events.c:1312:MPIDI_OFI_handle_cq_error:Input/output error - PTLTE_NOT_FOUND)

aborting job:
Fatal error in PMPI_Win_flush: Other MPI error, error stack:
PMPI_Win_flush(139)..................: MPI_Win_flush(target_rank=0, win=0xa0000000) failed
MPID_Win_flush(294)..................:
MPIDIG_mpi_win_flush(615)............:
MPIDI_OFI_win_progress_fence_impl(65):
MPIDI_OFI_handle_cq_error(1310)......: OFI poll failed (ofi_events.c:1312:MPIDI_OFI_handle_cq_error:Input/output error - PTLTE_NOT_FOUND)
MPICH ERROR [Rank 168] [job id 5137469.119] [Sun Aug  2 01:55:14 2026] [frontier00435] - Abort(606226319) (rank 168 in comm 0): Fatal error in PMPI_Win_flush: Other MPI error, error stack:
PMPI_Win_flush(139)..................: MPI_Win_flush(target_rank=0, win=0xa0000000) failed
MPID_Win_flush(294)..................:
MPIDIG_mpi_win_flush(615)............:
MPIDI_OFI_win_progress_fence_impl(65):
MPIDI_OFI_handle_cq_error(1310)......: OFI poll failed (ofi_events.c:1312:MPIDI_OFI_handle_cq_error:Input/output error - PTLTE_NOT_FOUND)

aborting job:
Fatal error in PMPI_Win_flush: Other MPI error, error stack:
PMPI_Win_flush(139)..................: MPI_Win_flush(target_rank=0, win=0xa0000000) failed
MPID_Win_flush(294)..................:
MPIDIG_mpi_win_flush(615)............:
MPIDI_OFI_win_progress_fence_impl(65):
MPIDI_OFI_handle_cq_error(1310)......: OFI poll failed (ofi_events.c:1312:MPIDI_OFI_handle_cq_error:Input/output error - PTLTE_NOT_FOUND)
MPICH ERROR [Rank 753] [job id 5137469.119] [Sun Aug  2 01:55:14 2026] [frontier01701] - Abort(606226319) (rank 753 in comm 0): Fatal error in PMPI_Win_flush: Other MPI error, error stack:
PMPI_Win_flush(139)..................: MPI_Win_flush(target_rank=0, win=0xa0000000) failed
MPID_Win_flush(294)..................:
MPIDIG_mpi_win_flush(615)............:
MPIDI_OFI_win_progress_fence_impl(65):
MPIDI_OFI_handle_cq_error(1310)......: OFI poll failed (ofi_events.c:1312:MPIDI_OFI_handle_cq_error:Input/output error - PTLTE_NOT_FOUND)

aborting job:
Fatal error in PMPI_Win_flush: Other MPI error, error stack:
PMPI_Win_flush(139)..................: MPI_Win_flush(target_rank=0, win=0xa0000000) failed
MPID_Win_flush(294)..................:
MPIDIG_mpi_win_flush(615)............:
MPIDI_OFI_win_progress_fence_impl(65):
MPIDI_OFI_handle_cq_error(1310)......: OFI poll failed (ofi_events.c:1312:MPIDI_OFI_handle_cq_error:Input/output error - PTLTE_NOT_FOUND)
MPICH ERROR [Rank 654] [job id 5137469.119] [Sun Aug  2 01:55:14 2026] [frontier01450] - Abort(606226319) (rank 654 in comm 0): Fatal error in PMPI_Win_flush: Other MPI error, error stack:
PMPI_Win_flush(139)..................: MPI_Win_flush(target_rank=0, win=0xa0000000) failed
MPID_Win_flush(294)..................:
MPIDIG_mpi_win_flush(615)............:
MPIDI_OFI_win_progress_fence_impl(65):
MPIDI_OFI_handle_cq_error(1310)......: OFI poll failed (ofi_events.c:1312:MPIDI_OFI_handle_cq_error:Input/output error - PTLTE_NOT_FOUND)

aborting job:
Fatal error in PMPI_Win_flush: Other MPI error, error stack:
PMPI_Win_flush(139)..................: MPI_Win_flush(target_rank=0, win=0xa0000000) failed
MPID_Win_flush(294)..................:
MPIDIG_mpi_win_flush(615)............:
MPIDI_OFI_win_progress_fence_impl(65):
MPIDI_OFI_handle_cq_error(1310)......: OFI poll failed (ofi_events.c:1312:MPIDI_OFI_handle_cq_error:Input/output error - PTLTE_NOT_FOUND)
MPICH ERROR [Rank 310] [job id 5137469.119] [Sun Aug  2 01:55:14 2026] [frontier00669] - Abort(606226319) (rank 310 in comm 0): Fatal error in PMPI_Win_flush: Other MPI error, error stack:
PMPI_Win_flush(139)..................: MPI_Win_flush(target_rank=0, win=0xa0000000) failed
MPID_Win_flush(294)..................:
MPIDIG_mpi_win_flush(615)............:
MPIDI_OFI_win_progress_fence_impl(65):
MPIDI_OFI_handle_cq_error(1310)......: OFI poll failed (ofi_events.c:1312:MPIDI_OFI_handle_cq_error:Input/output error - PTLTE_NOT_FOUND)

aborting job:
Fatal error in PMPI_Win_flush: Other MPI error, error stack:
PMPI_Win_flush(139)..................: MPI_Win_flush(target_rank=0, win=0xa0000000) failed
MPID_Win_flush(294)..................:
MPIDIG_mpi_win_flush(615)............:
MPIDI_OFI_win_progress_fence_impl(65):
MPIDI_OFI_handle_cq_error(1310)......: OFI poll failed (ofi_events.c:1312:MPIDI_OFI_handle_cq_error:Input/output error - PTLTE_NOT_FOUND)
MPICH ERROR [Rank 718] [job id 5137469.119] [Sun Aug  2 01:55:14 2026] [frontier01576] - Abort(606226319) (rank 718 in comm 0): Fatal error in PMPI_Win_flush: Other MPI error, error stack:
PMPI_Win_flush(139)..................: MPI_Win_flush(target_rank=0, win=0xa0000000) failed
MPID_Win_flush(294)..................:
MPIDIG_mpi_win_flush(615)............:
MPIDI_OFI_win_progress_fence_impl(65):
MPIDI_OFI_handle_cq_error(1310)......: OFI poll failed (ofi_events.c:1312:MPIDI_OFI_handle_cq_error:Input/output error - PTLTE_NOT_FOUND)

aborting job:
Fatal error in PMPI_Win_flush: Other MPI error, error stack:
PMPI_Win_flush(139)..................: MPI_Win_flush(target_rank=0, win=0xa0000000) failed
MPID_Win_flush(294)..................:
MPIDIG_mpi_win_flush(615)............:
MPIDI_OFI_win_progress_fence_impl(65):
MPIDI_OFI_handle_cq_error(1310)......: OFI poll failed (ofi_events.c:1312:MPIDI_OFI_handle_cq_error:Input/output error - PTLTE_NOT_FOUND)
MPICH ERROR [Rank 97] [job id 5137469.119] [Sun Aug  2 01:55:14 2026] [frontier00169] - Abort(606226319) (rank 97 in comm 0): Fatal error in PMPI_Win_flush: Other MPI error, error stack:
PMPI_Win_flush(139)..................: MPI_Win_flush(target_rank=0, win=0xa0000000) failed
MPID_Win_flush(294)..................:
MPIDIG_mpi_win_flush(615)............:
MPIDI_OFI_win_progress_fence_impl(65):
MPIDI_OFI_handle_cq_error(1310)......: OFI poll failed (ofi_events.c:1312:MPIDI_OFI_handle_cq_error:Input/output error - PTLTE_NOT_FOUND)

aborting job:
Fatal error in PMPI_Win_flush: Other MPI error, error stack:
PMPI_Win_flush(139)..................: MPI_Win_flush(target_rank=0, win=0xa0000000) failed
MPID_Win_flush(294)..................:
MPIDIG_mpi_win_flush(615)............:
MPIDI_OFI_win_progress_fence_impl(65):
MPIDI_OFI_handle_cq_error(1310)......: OFI poll failed (ofi_events.c:1312:MPIDI_OFI_handle_cq_error:Input/output error - PTLTE_NOT_FOUND)
MPICH ERROR [Rank 133] [job id 5137469.119] [Sun Aug  2 01:55:14 2026] [frontier00303] - Abort(606226319) (rank 133 in comm 0): Fatal error in PMPI_Win_flush: Other MPI error, error stack:
PMPI_Win_flush(139)..................: MPI_Win_flush(target_rank=0, win=0xa0000000) failed
MPID_Win_flush(294)..................:
MPIDIG_mpi_win_flush(615)............:
MPIDI_OFI_win_progress_fence_impl(65):
MPIDI_OFI_handle_cq_error(1310)......: OFI poll failed (ofi_events.c:1312:MPIDI_OFI_handle_cq_error:Input/output error - PTLTE_NOT_FOUND)

aborting job:
Fatal error in PMPI_Win_flush: Other MPI error, error stack:
PMPI_Win_flush(139)..................: MPI_Win_flush(target_rank=0, win=0xa0000000) failed
MPID_Win_flush(294)..................:
MPIDIG_mpi_win_flush(615)............:
MPIDI_OFI_win_progress_fence_impl(65):
MPIDI_OFI_handle_cq_error(1310)......: OFI poll failed (ofi_events.c:1312:MPIDI_OFI_handle_cq_error:Input/output error - PTLTE_NOT_FOUND)
MPICH ERROR [Rank 860] [job id 5137469.119] [Sun Aug  2 01:55:14 2026] [frontier01951] - Abort(606226319) (rank 860 in comm 0): Fatal error in PMPI_Win_flush: Other MPI error, error stack:
PMPI_Win_flush(139)..................: MPI_Win_flush(target_rank=0, win=0xa0000000) failed
MPID_Win_flush(294)..................:
MPIDIG_mpi_win_flush(615)............:
MPIDI_OFI_win_progress_fence_impl(65):
MPIDI_OFI_handle_cq_error(1310)......: OFI poll failed (ofi_events.c:1312:MPIDI_OFI_handle_cq_error:Input/output error - PTLTE_NOT_FOUND)

aborting job:
Fatal error in PMPI_Win_flush: Other MPI error, error stack:
PMPI_Win_flush(139)..................: MPI_Win_flush(target_rank=0, win=0xa0000000) failed
MPID_Win_flush(294)..................:
MPIDIG_mpi_win_flush(615)............:
MPIDI_OFI_win_progress_fence_impl(65):
MPIDI_OFI_handle_cq_error(1310)......: OFI poll failed (ofi_events.c:1312:MPIDI_OFI_handle_cq_error:Input/output error - PTLTE_NOT_FOUND)
MPICH ERROR [Rank 243] [job id 5137469.119] [Sun Aug  2 01:55:14 2026] [frontier00549] - Abort(606226319) (rank 243 in comm 0): Fatal error in PMPI_Win_flush: Other MPI error, error stack:
PMPI_Win_flush(139)..................: MPI_Win_flush(target_rank=0, win=0xa0000000) failed
MPID_Win_flush(294)..................:
MPIDIG_mpi_win_flush(615)............:
MPIDI_OFI_win_progress_fence_impl(65):
MPIDI_OFI_handle_cq_error(1310)......: OFI poll failed (ofi_events.c:1312:MPIDI_OFI_handle_cq_error:Input/output error - PTLTE_NOT_FOUND)

aborting job:
Fatal error in PMPI_Win_flush: Other MPI error, error stack:
PMPI_Win_flush(139)..................: MPI_Win_flush(target_rank=0, win=0xa0000000) failed
MPID_Win_flush(294)..................:
MPIDIG_mpi_win_flush(615)............:
MPIDI_OFI_win_progress_fence_impl(65):
MPIDI_OFI_handle_cq_error(1310)......: OFI poll failed (ofi_events.c:1312:MPIDI_OFI_handle_cq_error:Input/output error - PTLTE_NOT_FOUND)
MPICH ERROR [Rank 785] [job id 5137469.119] [Sun Aug  2 01:55:14 2026] [frontier01882] - Abort(606226319) (rank 785 in comm 0): Fatal error in PMPI_Win_flush: Other MPI error, error stack:
PMPI_Win_flush(139)..................: MPI_Win_flush(target_rank=0, win=0xa0000000) failed
MPID_Win_flush(294)..................:
MPIDIG_mpi_win_flush(615)............:
MPIDI_OFI_win_progress_fence_impl(65):
MPIDI_OFI_handle_cq_error(1310)......: OFI poll failed (ofi_events.c:1312:MPIDI_OFI_handle_cq_error:Input/output error - PTLTE_NOT_FOUND)

aborting job:
Fatal error in PMPI_Win_flush: Other MPI error, error stack:
PMPI_Win_flush(139)..................: MPI_Win_flush(target_rank=0, win=0xa0000000) failed
MPID_Win_flush(294)..................:
MPIDIG_mpi_win_flush(615)............:
MPIDI_OFI_win_progress_fence_impl(65):
MPIDI_OFI_handle_cq_error(1310)......: OFI poll failed (ofi_events.c:1312:MPIDI_OFI_handle_cq_error:Input/output error - PTLTE_NOT_FOUND)
MPICH ERROR [Rank 518] [job id 5137469.119] [Sun Aug  2 01:55:14 2026] [frontier01210] - Abort(606226319) (rank 518 in comm 0): Fatal error in PMPI_Win_flush: Other MPI error, error stack:
PMPI_Win_flush(139)..................: MPI_Win_flush(target_rank=0, win=0xa0000000) failed
MPID_Win_flush(294)..................:
MPIDIG_mpi_win_flush(615)............:
MPIDI_OFI_win_progress_fence_impl(65):
MPIDI_OFI_handle_cq_error(1310)......: OFI poll failed (ofi_events.c:1312:MPIDI_OFI_handle_cq_error:Input/output error - PTLTE_NOT_FOUND)

aborting job:
Fatal error in PMPI_Win_flush: Other MPI error, error stack:
PMPI_Win_flush(139)..................: MPI_Win_flush(target_rank=0, win=0xa0000000) failed
MPID_Win_flush(294)..................:
MPIDIG_mpi_win_flush(615)............:
MPIDI_OFI_win_progress_fence_impl(65):
MPIDI_OFI_handle_cq_error(1310)......: OFI poll failed (ofi_events.c:1312:MPIDI_OFI_handle_cq_error:Input/output error - PTLTE_NOT_FOUND)
MPICH ERROR [Rank 148] [job id 5137469.119] [Sun Aug  2 01:55:14 2026] [frontier00303] - Abort(606226319) (rank 148 in comm 0): Fatal error in PMPI_Win_flush: Other MPI error, error stack:
PMPI_Win_flush(139)..................: MPI_Win_flush(target_rank=0, win=0xa0000000) failed
MPID_Win_flush(294)..................:
MPIDIG_mpi_win_flush(615)............:
MPIDI_OFI_win_progress_fence_impl(65):
MPIDI_OFI_handle_cq_error(1310)......: OFI poll failed (ofi_events.c:1312:MPIDI_OFI_handle_cq_error:Input/output error - PTLTE_NOT_FOUND)

aborting job:
Fatal error in PMPI_Win_flush: Other MPI error, error stack:
PMPI_Win_flush(139)..................: MPI_Win_flush(target_rank=0, win=0xa0000000) failed
MPID_Win_flush(294)..................:
MPIDIG_mpi_win_flush(615)............:
MPIDI_OFI_win_progress_fence_impl(65):
MPIDI_OFI_handle_cq_error(1310)......: OFI poll failed (ofi_events.c:1312:MPIDI_OFI_handle_cq_error:Input/output error - PTLTE_NOT_FOUND)
MPICH ERROR [Rank 511] [job id 5137469.119] [Sun Aug  2 01:55:14 2026] [frontier01210] - Abort(606226319) (rank 511 in comm 0): Fatal error in PMPI_Win_flush: Other MPI error, error stack:
PMPI_Win_flush(139)..................: MPI_Win_flush(target_rank=0, win=0xa0000000) failed
MPID_Win_flush(294)..................:
MPIDIG_mpi_win_flush(615)............:
MPIDI_OFI_win_progress_fence_impl(65):
MPIDI_OFI_handle_cq_error(1310)......: OFI poll failed (ofi_events.c:1312:MPIDI_OFI_handle_cq_error:Input/output error - PTLTE_NOT_FOUND)

aborting job:
Fatal error in PMPI_Win_flush: Other MPI error, error stack:
PMPI_Win_flush(139)..................: MPI_Win_flush(target_rank=0, win=0xa0000000) failed
MPID_Win_flush(294)..................:
MPIDIG_mpi_win_flush(615)............:
MPIDI_OFI_win_progress_fence_impl(65):
MPIDI_OFI_handle_cq_error(1310)......: OFI poll failed (ofi_events.c:1312:MPIDI_OFI_handle_cq_error:Input/output error - PTLTE_NOT_FOUND)
MPICH ERROR [Rank 365] [job id 5137469.119] [Sun Aug  2 01:55:14 2026] [frontier00828] - Abort(606226319) (rank 365 in comm 0): Fatal error in PMPI_Win_flush: Other MPI error, error stack:
PMPI_Win_flush(139)..................: MPI_Win_flush(target_rank=0, win=0xa0000000) failed
MPID_Win_flush(294)..................:
MPIDIG_mpi_win_flush(615)............:
MPIDI_OFI_win_progress_fence_impl(65):
MPIDI_OFI_handle_cq_error(1310)......: OFI poll failed (ofi_events.c:1312:MPIDI_OFI_handle_cq_error:Input/output error - PTLTE_NOT_FOUND)

aborting job:
Fatal error in PMPI_Win_flush: Other MPI error, error stack:
PMPI_Win_flush(139)..................: MPI_Win_flush(target_rank=0, win=0xa0000000) failed
MPID_Win_flush(294)..................:
MPIDIG_mpi_win_flush(615)............:
MPIDI_OFI_win_progress_fence_impl(65):
MPIDI_OFI_handle_cq_error(1310)......: OFI poll failed (ofi_events.c:1312:MPIDI_OFI_handle_cq_error:Input/output error - PTLTE_NOT_FOUND)
MPICH ERROR [Rank 372] [job id 5137469.119] [Sun Aug  2 01:55:14 2026] [frontier00828] - Abort(606226319) (rank 372 in comm 0): Fatal error in PMPI_Win_flush: Other MPI error, error stack:
PMPI_Win_flush(139)..................: MPI_Win_flush(target_rank=0, win=0xa0000000) failed
MPID_Win_flush(294)..................:
MPIDIG_mpi_win_flush(615)............:
MPIDI_OFI_win_progress_fence_impl(65):
MPIDI_OFI_handle_cq_error(1310)......: OFI poll failed (ofi_events.c:1312:MPIDI_OFI_handle_cq_error:Input/output error - PTLTE_NOT_FOUND)

aborting job:
Fatal error in PMPI_Win_flush: Other MPI error, error stack:
PMPI_Win_flush(139)..................: MPI_Win_flush(target_rank=0, win=0xa0000000) failed
MPID_Win_flush(294)..................:
MPIDIG_mpi_win_flush(615)............:
MPIDI_OFI_win_progress_fence_impl(65):
MPIDI_OFI_handle_cq_error(1310)......: OFI poll failed (ofi_events.c:1312:MPIDI_OFI_handle_cq_error:Input/output error - PTLTE_NOT_FOUND)
MPICH ERROR [Rank 845] [job id 5137469.119] [Sun Aug  2 01:55:14 2026] [frontier01951] - Abort(606226319) (rank 845 in comm 0): Fatal error in PMPI_Win_flush: Other MPI error, error stack:
PMPI_Win_flush(139)..................: MPI_Win_flush(target_rank=0, win=0xa0000000) failed
MPID_Win_flush(294)..................:
MPIDIG_mpi_win_flush(615)............:
MPIDI_OFI_win_progress_fence_impl(65):
MPIDI_OFI_handle_cq_error(1310)......: OFI poll failed (ofi_events.c:1312:MPIDI_OFI_handle_cq_error:Input/output error - PTLTE_NOT_FOUND)

aborting job:
Fatal error in PMPI_Win_flush: Other MPI error, error stack:
PMPI_Win_flush(139)..................: MPI_Win_flush(target_rank=0, win=0xa0000000) failed
MPID_Win_flush(294)..................:
MPIDIG_mpi_win_flush(615)............:
MPIDI_OFI_win_progress_fence_impl(65):
MPIDI_OFI_handle_cq_error(1310)......: OFI poll failed (ofi_events.c:1312:MPIDI_OFI_handle_cq_error:Input/output error - PTLTE_NOT_FOUND)
MPICH ERROR [Rank 284] [job id 5137469.119] [Sun Aug  2 01:55:14 2026] [frontier00669] - Abort(606226319) (rank 284 in comm 0): Fatal error in PMPI_Win_flush: Other MPI error, error stack:
PMPI_Win_flush(139)..................: MPI_Win_flush(target_rank=0, win=0xa0000000) failed
MPID_Win_flush(294)..................:
MPIDIG_mpi_win_flush(615)............:
MPIDI_OFI_win_progress_fence_impl(65):
MPIDI_OFI_handle_cq_error(1310)......: OFI poll failed (ofi_events.c:1312:MPIDI_OFI_handle_cq_error:Input/output error - PTLTE_NOT_FOUND)

aborting job:
Fatal error in PMPI_Win_flush: Other MPI error, error stack:
PMPI_Win_flush(139)..................: MPI_Win_flush(target_rank=0, win=0xa0000000) failed
MPID_Win_flush(294)..................:
MPIDIG_mpi_win_flush(615)............:
MPIDI_OFI_win_progress_fence_impl(65):
MPIDI_OFI_handle_cq_error(1310)......: OFI poll failed (ofi_events.c:1312:MPIDI_OFI_handle_cq_error:Input/output error - PTLTE_NOT_FOUND)
MPICH ERROR [Rank 377] [job id 5137469.119] [Sun Aug  2 01:55:14 2026] [frontier00828] - Abort(606226319) (rank 377 in comm 0): Fatal error in PMPI_Win_flush: Other MPI error, error stack:
PMPI_Win_flush(139)..................: MPI_Win_flush(target_rank=0, win=0xa0000000) failed
MPID_Win_flush(294)..................:
MPIDIG_mpi_win_flush(615)............:
MPIDI_OFI_win_progress_fence_impl(65):
MPIDI_OFI_handle_cq_error(1310)......: OFI poll failed (ofi_events.c:1312:MPIDI_OFI_handle_cq_error:Input/output error - PTLTE_NOT_FOUND)

aborting job:
Fatal error in PMPI_Win_flush: Other MPI error, error stack:
PMPI_Win_flush(139)..................: MPI_Win_flush(target_rank=0, win=0xa0000000) failed
MPID_Win_flush(294)..................:
MPIDIG_mpi_win_flush(615)............:
MPIDI_OFI_win_progress_fence_impl(65):
MPIDI_OFI_handle_cq_error(1310)......: OFI poll failed (ofi_events.c:1312:MPIDI_OFI_handle_cq_error:Input/output error - PTLTE_NOT_FOUND)
MPICH ERROR [Rank 495] [job id 5137469.119] [Sun Aug  2 01:55:14 2026] [frontier01094] - Abort(606226319) (rank 495 in comm 0): Fatal error in PMPI_Win_flush: Other MPI error, error stack:
PMPI_Win_flush(139)..................: MPI_Win_flush(target_rank=0, win=0xa0000000) failed
MPID_Win_flush(294)..................:
MPIDIG_mpi_win_flush(615)............:
MPIDI_OFI_win_progress_fence_impl(65):
MPIDI_OFI_handle_cq_error(1310)......: OFI poll failed (ofi_events.c:1312:MPIDI_OFI_handle_cq_error:Input/output error - PTLTE_NOT_FOUND)

aborting job:
Fatal error in PMPI_Win_flush: Other MPI error, error stack:
PMPI_Win_flush(139)..................: MPI_Win_flush(target_rank=0, win=0xa0000000) failed
MPID_Win_flush(294)..................:
MPIDIG_mpi_win_flush(615)............:
MPIDI_OFI_win_progress_fence_impl(65):
MPIDI_OFI_handle_cq_error(1310)......: OFI poll failed (ofi_events.c:1312:MPIDI_OFI_handle_cq_error:Input/output error - PTLTE_NOT_FOUND)
MPICH ERROR [Rank 488] [job id 5137469.119] [Sun Aug  2 01:55:14 2026] [frontier01094] - Abort(606226319) (rank 488 in comm 0): Fatal error in PMPI_Win_flush: Other MPI error, error stack:
PMPI_Win_flush(139)..................: MPI_Win_flush(target_rank=0, win=0xa0000000) failed
MPID_Win_flush(294)..................:
MPIDIG_mpi_win_flush(615)............:
MPIDI_OFI_win_progress_fence_impl(65):
MPIDI_OFI_handle_cq_error(1310)......: OFI poll failed (ofi_events.c:1312:MPIDI_OFI_handle_cq_error:Input/output error - PTLTE_NOT_FOUND)

aborting job:
Fatal error in PMPI_Win_flush: Other MPI error, error stack:
PMPI_Win_flush(139)..................: MPI_Win_flush(target_rank=0, win=0xa0000000) failed
MPID_Win_flush(294)..................:
MPIDIG_mpi_win_flush(615)............:
MPIDI_OFI_win_progress_fence_impl(65):
MPIDI_OFI_handle_cq_error(1310)......: OFI poll failed (ofi_events.c:1312:MPIDI_OFI_handle_cq_error:Input/output error - PTLTE_NOT_FOUND)
MPICH ERROR [Rank 387] [job id 5137469.119] [Sun Aug  2 01:55:14 2026] [frontier00828] - Abort(606226319) (rank 387 in comm 0): Fatal error in PMPI_Win_flush: Other MPI error, error stack:
PMPI_Win_flush(139)..................: MPI_Win_flush(target_rank=0, win=0xa0000000) failed
MPID_Win_flush(294)..................:
MPIDIG_mpi_win_flush(615)............:
MPIDI_OFI_win_progress_fence_impl(65):
MPIDI_OFI_handle_cq_error(1310)......: OFI poll failed (ofi_events.c:1312:MPIDI_OFI_handle_cq_error:Input/output error - PTLTE_NOT_FOUND)

aborting job:
Fatal error in PMPI_Win_flush: Other MPI error, error stack:
PMPI_Win_flush(139)..................: MPI_Win_flush(target_rank=0, win=0xa0000000) failed
MPID_Win_flush(294)..................:
MPIDIG_mpi_win_flush(615)............:
MPIDI_OFI_win_progress_fence_impl(65):
MPIDI_OFI_handle_cq_error(1310)......: OFI poll failed (ofi_events.c:1312:MPIDI_OFI_handle_cq_error:Input/output error - PTLTE_NOT_FOUND)
MPICH ERROR [Rank 341] [job id 5137469.119] [Sun Aug  2 01:55:14 2026] [frontier00828] - Abort(606226319) (rank 341 in comm 0): Fatal error in PMPI_Win_flush: Other MPI error, error stack:
PMPI_Win_flush(139)..................: MPI_Win_flush(target_rank=0, win=0xa0000000) failed
MPID_Win_flush(294)..................:
MPIDIG_mpi_win_flush(615)............:
MPIDI_OFI_win_progress_fence_impl(65):
MPIDI_OFI_handle_cq_error(1310)......: OFI poll failed (ofi_events.c:1312:MPIDI_OFI_handle_cq_error:Input/output error - PTLTE_NOT_FOUND)

aborting job:
Fatal error in PMPI_Win_flush: Other MPI error, error stack:
PMPI_Win_flush(139)..................: MPI_Win_flush(target_rank=0, win=0xa0000000) failed
MPID_Win_flush(294)..................:
MPIDIG_mpi_win_flush(615)............:
MPIDI_OFI_win_progress_fence_impl(65):
MPIDI_OFI_handle_cq_error(1310)......: OFI poll failed (ofi_events.c:1312:MPIDI_OFI_handle_cq_error:Input/output error - PTLTE_NOT_FOUND)
MPICH ERROR [Rank 233] [job id 5137469.119] [Sun Aug  2 01:55:14 2026] [frontier00549] - Abort(606226319) (rank 233 in comm 0): Fatal error in PMPI_Win_flush: Other MPI error, error stack:
PMPI_Win_flush(139)..................: MPI_Win_flush(target_rank=0, win=0xa0000000) failed
MPID_Win_flush(294)..................:
MPIDIG_mpi_win_flush(615)............:
MPIDI_OFI_win_progress_fence_impl(65):
MPIDI_OFI_handle_cq_error(1310)......: OFI poll failed (ofi_events.c:1312:MPIDI_OFI_handle_cq_error:Input/output error - PTLTE_NOT_FOUND)

aborting job:
Fatal error in PMPI_Win_flush: Other MPI error, error stack:
PMPI_Win_flush(139)..................: MPI_Win_flush(target_rank=0, win=0xa0000000) failed
MPID_Win_flush(294)..................:
MPIDIG_mpi_win_flush(615)............:
MPIDI_OFI_win_progress_fence_impl(65):
MPIDI_OFI_handle_cq_error(1310)......: OFI poll failed (ofi_events.c:1312:MPIDI_OFI_handle_cq_error:Input/output error - PTLTE_NOT_FOUND)
MPICH ERROR [Rank 448] [job id 5137469.119] [Sun Aug  2 01:55:14 2026] [frontier01094] - Abort(606226319) (rank 448 in comm 0): Fatal error in PMPI_Win_flush: Other MPI error, error stack:
PMPI_Win_flush(139)..................: MPI_Win_flush(target_rank=0, win=0xa0000000) failed
MPID_Win_flush(294)..................:
MPIDIG_mpi_win_flush(615)............:
MPIDI_OFI_win_progress_fence_impl(65):
MPIDI_OFI_handle_cq_error(1310)......: OFI poll failed (ofi_events.c:1312:MPIDI_OFI_handle_cq_error:Input/output error - PTLTE_NOT_FOUND)

aborting job:
Fatal error in PMPI_Win_flush: Other MPI error, error stack:
PMPI_Win_flush(139)..................: MPI_Win_flush(target_rank=0, win=0xa0000000) failed
MPID_Win_flush(294)..................:
MPIDIG_mpi_win_flush(615)............:
MPIDI_OFI_win_progress_fence_impl(65):
MPIDI_OFI_handle_cq_error(1310)......: OFI poll failed (ofi_events.c:1312:MPIDI_OFI_handle_cq_error:Input/output error - PTLTE_NOT_FOUND)
MPICH ERROR [Rank 550] [job id 5137469.119] [Sun Aug  2 01:55:14 2026] [frontier01210] - Abort(606226319) (rank 550 in comm 0): Fatal error in PMPI_Win_flush: Other MPI error, error stack:
PMPI_Win_flush(139)..................: MPI_Win_flush(target_rank=0, win=0xa0000000) failed
MPID_Win_flush(294)..................:
MPIDIG_mpi_win_flush(615)............:
MPIDI_OFI_win_progress_fence_impl(65):
MPIDI_OFI_handle_cq_error(1310)......: OFI poll failed (ofi_events.c:1312:MPIDI_OFI_handle_cq_error:Input/output error - PTLTE_NOT_FOUND)

aborting job:
Fatal error in PMPI_Win_flush: Other MPI error, error stack:
PMPI_Win_flush(139)..................: MPI_Win_flush(target_rank=0, win=0xa0000000) failed
MPID_Win_flush(294)..................:
MPIDIG_mpi_win_flush(615)............:
MPIDI_OFI_win_progress_fence_impl(65):
MPIDI_OFI_handle_cq_error(1310)......: OFI poll failed (ofi_events.c:1312:MPIDI_OFI_handle_cq_error:Input/output error - PTLTE_NOT_FOUND)
MPICH ERROR [Rank 459] [job id 5137469.119] [Sun Aug  2 01:55:14 2026] [frontier01094] - Abort(606226319) (rank 459 in comm 0): Fatal error in PMPI_Win_flush: Other MPI error, error stack:
PMPI_Win_flush(139)..................: MPI_Win_flush(target_rank=0, win=0xa0000000) failed
MPID_Win_flush(294)..................:
MPIDIG_mpi_win_flush(615)............:
MPIDI_OFI_win_progress_fence_impl(65):
MPIDI_OFI_handle_cq_error(1310)......: OFI poll failed (ofi_events.c:1312:MPIDI_OFI_handle_cq_error:Input/output error - PTLTE_NOT_FOUND)

aborting job:
Fatal error in PMPI_Win_flush: Other MPI error, error stack:
PMPI_Win_flush(139)..................: MPI_Win_flush(target_rank=0, win=0xa0000000) failed
MPID_Win_flush(294)..................:
MPIDIG_mpi_win_flush(615)............:
MPIDI_OFI_win_progress_fence_impl(65):
MPIDI_OFI_handle_cq_error(1310)......: OFI poll failed (ofi_events.c:1312:MPIDI_OFI_handle_cq_error:Input/output error - PTLTE_NOT_FOUND)
MPICH ERROR [Rank 128] [job id 5137469.119] [Sun Aug  2 01:55:14 2026] [frontier00303] - Abort(606226319) (rank 128 in comm 0): Fatal error in PMPI_Win_flush: Other MPI error, error stack:
PMPI_Win_flush(139)..................: MPI_Win_flush(target_rank=0, win=0xa0000000) failed
MPID_Win_flush(294)..................:
MPIDIG_mpi_win_flush(615)............:
MPIDI_OFI_win_progress_fence_impl(65):
MPIDI_OFI_handle_cq_error(1310)......: OFI poll failed (ofi_events.c:1312:MPIDI_OFI_handle_cq_error:Input/output error - PTLTE_NOT_FOUND)

aborting job:
Fatal error in PMPI_Win_flush: Other MPI error, error stack:
PMPI_Win_flush(139)..................: MPI_Win_flush(target_rank=0, win=0xa0000000) failed
MPID_Win_flush(294)..................:
MPIDIG_mpi_win_flush(615)............:
MPIDI_OFI_win_progress_fence_impl(65):
MPIDI_OFI_handle_cq_error(1310)......: OFI poll failed (ofi_events.c:1312:MPIDI_OFI_handle_cq_error:Input/output error - PTLTE_NOT_FOUND)
MPICH ERROR [Rank 313] [job id 5137469.119] [Sun Aug  2 01:55:14 2026] [frontier00669] - Abort(606226319) (rank 313 in comm 0): Fatal error in PMPI_Win_flush: Other MPI error, error stack:
PMPI_Win_flush(139)..................: MPI_Win_flush(target_rank=0, win=0xa0000000) failed
MPID_Win_flush(294)..................:
MPIDIG_mpi_win_flush(615)............:
MPIDI_OFI_win_progress_fence_impl(65):
MPIDI_OFI_handle_cq_error(1310)......: OFI poll failed (ofi_events.c:1312:MPIDI_OFI_handle_cq_error:Input/output error - PTLTE_NOT_FOUND)

aborting job:
Fatal error in PMPI_Win_flush: Other MPI error, error stack:
PMPI_Win_flush(139)..................: MPI_Win_flush(target_rank=0, win=0xa0000000) failed
MPID_Win_flush(294)..................:
MPIDIG_mpi_win_flush(615)............:
MPIDI_OFI_win_progress_fence_impl(65):
MPIDI_OFI_handle_cq_error(1310)......: OFI poll failed (ofi_events.c:1312:MPIDI_OFI_handle_cq_error:Input/output error - PTLTE_NOT_FOUND)
MPICH ERROR [Rank 799] [job id 5137469.119] [Sun Aug  2 01:55:14 2026] [frontier01882] - Abort(606226319) (rank 799 in comm 0): Fatal error in PMPI_Win_flush: Other MPI error, error stack:
PMPI_Win_flush(139)..................: MPI_Win_flush(target_rank=0, win=0xa0000000) failed
MPID_Win_flush(294)..................:
MPIDIG_mpi_win_flush(615)............:
MPIDI_OFI_win_progress_fence_impl(65):
MPIDI_OFI_handle_cq_error(1310)......: OFI poll failed (ofi_events.c:1312:MPIDI_OFI_handle_cq_error:Input/output error - PTLTE_NOT_FOUND)

aborting job:
Fatal error in PMPI_Win_flush: Other MPI error, error stack:
PMPI_Win_flush(139)..................: MPI_Win_flush(target_rank=0, win=0xa0000000) failed
MPID_Win_flush(294)..................:
MPIDIG_mpi_win_flush(615)............:
MPIDI_OFI_win_progress_fence_impl(65):
MPIDI_OFI_handle_cq_error(1310)......: OFI poll failed (ofi_events.c:1312:MPIDI_OFI_handle_cq_error:Input/output error - PTLTE_NOT_FOUND)
MPICH ERROR [Rank 765] [job id 5137469.119] [Sun Aug  2 01:55:14 2026] [frontier01701] - Abort(606226319) (rank 765 in comm 0): Fatal error in PMPI_Win_flush: Other MPI error, error stack:
PMPI_Win_flush(139)..................: MPI_Win_flush(target_rank=0, win=0xa0000000) failed
MPID_Win_flush(294)..................:
MPIDIG_mpi_win_flush(615)............:
MPIDI_OFI_win_progress_fence_impl(65):
MPIDI_OFI_handle_cq_error(1310)......: OFI poll failed (ofi_events.c:1312:MPIDI_OFI_handle_cq_error:Input/output error - PTLTE_NOT_FOUND)

aborting job:
Fatal error in PMPI_Win_flush: Other MPI error, error stack:
PMPI_Win_flush(139)..................: MPI_Win_flush(target_rank=0, win=0xa0000000) failed
MPID_Win_flush(294)..................:
MPIDIG_mpi_win_flush(615)............:
MPIDI_OFI_win_progress_fence_impl(65):
MPIDI_OFI_handle_cq_error(1310)......: OFI poll failed (ofi_events.c:1312:MPIDI_OFI_handle_cq_error:Input/output error - PTLTE_NOT_FOUND)
MPICH ERROR [Rank 371] [job id 5137469.119] [Sun Aug  2 01:55:14 2026] [frontier00828] - Abort(606226319) (rank 371 in comm 0): Fatal error in PMPI_Win_flush: Other MPI error, error stack:
PMPI_Win_flush(139)..................: MPI_Win_flush(target_rank=0, win=0xa0000000) failed
MPID_Win_flush(294)..................:
MPIDIG_mpi_win_flush(615)............:
MPIDI_OFI_win_progress_fence_impl(65):
MPIDI_OFI_handle_cq_error(1310)......: OFI poll failed (ofi_events.c:1312:MPIDI_OFI_handle_cq_error:Input/output error - PTLTE_NOT_FOUND)

aborting job:
Fatal error in PMPI_Win_flush: Other MPI error, error stack:
PMPI_Win_flush(139)..................: MPI_Win_flush(target_rank=0, win=0xa0000000) failed
MPID_Win_flush(294)..................:
MPIDIG_mpi_win_flush(615)............:
MPIDI_OFI_win_progress_fence_impl(65):
MPIDI_OFI_handle_cq_error(1310)......: OFI poll failed (ofi_events.c:1312:MPIDI_OFI_handle_cq_error:Input/output error - PTLTE_NOT_FOUND)
MPICH ERROR [Rank 349] [job id 5137469.119] [Sun Aug  2 01:55:14 2026] [frontier00828] - Abort(606226319) (rank 349 in comm 0): Fatal error in PMPI_Win_flush: Other MPI error, error stack:
PMPI_Win_flush(139)..................: MPI_Win_flush(target_rank=0, win=0xa0000000) failed
MPID_Win_flush(294)..................:
MPIDIG_mpi_win_flush(615)............:
MPIDI_OFI_win_progress_fence_impl(65):
MPIDI_OFI_handle_cq_error(1310)......: OFI poll failed (ofi_events.c:1312:MPIDI_OFI_handle_cq_error:Input/output error - PTLTE_NOT_FOUND)

aborting job:
Fatal error in PMPI_Win_flush: Other MPI error, error stack:
PMPI_Win_flush(139)..................: MPI_Win_flush(target_rank=0, win=0xa0000000) failed
MPID_Win_flush(294)..................:
MPIDIG_mpi_win_flush(615)............:
MPIDI_OFI_win_progress_fence_impl(65):
MPIDI_OFI_handle_cq_error(1310)......: OFI poll failed (ofi_events.c:1312:MPIDI_OFI_handle_cq_error:Input/output error - PTLTE_NOT_FOUND)
MPICH ERROR [Rank 171] [job id 5137469.119] [Sun Aug  2 01:55:14 2026] [frontier00435] - Abort(606226319) (rank 171 in comm 0): Fatal error in PMPI_Win_flush: Other MPI error, error stack:
PMPI_Win_flush(139)..................: MPI_Win_flush(target_rank=0, win=0xa0000000) failed
MPID_Win_flush(294)..................:
MPIDIG_mpi_win_flush(615)............:
MPIDI_OFI_win_progress_fence_impl(65):
MPIDI_OFI_handle_cq_error(1310)......: OFI poll failed (ofi_events.c:1312:MPIDI_OFI_handle_cq_error:Input/output error - PTLTE_NOT_FOUND)

aborting job:
Fatal error in PMPI_Win_flush: Other MPI error, error stack:
PMPI_Win_flush(139)..................: MPI_Win_flush(target_rank=0, win=0xa0000000) failed
MPID_Win_flush(294)..................:
MPIDIG_mpi_win_flush(615)............:
MPIDI_OFI_win_progress_fence_impl(65):
MPIDI_OFI_handle_cq_error(1310)......: OFI poll failed (ofi_events.c:1312:MPIDI_OFI_handle_cq_error:Input/output error - PTLTE_NOT_FOUND)
MPICH ERROR [Rank 471] [job id 5137469.119] [Sun Aug  2 01:55:14 2026] [frontier01094] - Abort(606226319) (rank 471 in comm 0): Fatal error in PMPI_Win_flush: Other MPI error, error stack:
PMPI_Win_flush(139)..................: MPI_Win_flush(target_rank=0, win=0xa0000000) failed
MPID_Win_flush(294)..................:
MPIDIG_mpi_win_flush(615)............:
MPIDI_OFI_win_progress_fence_impl(65):
MPIDI_OFI_handle_cq_error(1310)......: OFI poll failed (ofi_events.c:1312:MPIDI_OFI_handle_cq_error:Input/output error - PTLTE_NOT_FOUND)

aborting job:
Fatal error in PMPI_Win_flush: Other MPI error, error stack:
PMPI_Win_flush(139)..................: MPI_Win_flush(target_rank=0, win=0xa0000000) failed
MPID_Win_flush(294)..................:
MPIDIG_mpi_win_flush(615)............:
MPIDI_OFI_win_progress_fence_impl(65):
MPIDI_OFI_handle_cq_error(1310)......: OFI poll failed (ofi_events.c:1312:MPIDI_OFI_handle_cq_error:Input/output error - PTLTE_NOT_FOUND)
MPICH ERROR [Rank 573] [job id 5137469.119] [Sun Aug  2 01:55:14 2026] [frontier01313] - Abort(606226319) (rank 573 in comm 0): Fatal error in PMPI_Win_flush: Other MPI error, error stack:
PMPI_Win_flush(139)..................: MPI_Win_flush(target_rank=0, win=0xa0000000) failed
MPID_Win_flush(294)..................:
MPIDIG_mpi_win_flush(615)............:
MPIDI_OFI_win_progress_fence_impl(65):
MPIDI_OFI_handle_cq_error(1310)......: OFI poll failed (ofi_events.c:1312:MPIDI_OFI_handle_cq_error:Input/output error - PTLTE_NOT_FOUND)

aborting job:
Fatal error in PMPI_Win_flush: Other MPI error, error stack:
PMPI_Win_flush(139)..................: MPI_Win_flush(target_rank=0, win=0xa0000000) failed
MPID_Win_flush(294)..................:
MPIDIG_mpi_win_flush(615)............:
MPIDI_OFI_win_progress_fence_impl(65):
MPIDI_OFI_handle_cq_error(1310)......: OFI poll failed (ofi_events.c:1312:MPIDI_OFI_handle_cq_error:Input/output error - PTLTE_NOT_FOUND)
MPICH ERROR [Rank 852] [job id 5137469.119] [Sun Aug  2 01:55:14 2026] [frontier01951] - Abort(606226319) (rank 852 in comm 0): Fatal error in PMPI_Win_flush: Other MPI error, error stack:
PMPI_Win_flush(139)..................: MPI_Win_flush(target_rank=0, win=0xa0000000) failed
MPID_Win_flush(294)..................:
MPIDIG_mpi_win_flush(615)............:
MPIDI_OFI_win_progress_fence_impl(65):
MPIDI_OFI_handle_cq_error(1310)......: OFI poll failed (ofi_events.c:1312:MPIDI_OFI_handle_cq_error:Input/output error - PTLTE_NOT_FOUND)

aborting job:
Fatal error in PMPI_Win_flush: Other MPI error, error stack:
PMPI_Win_flush(139)..................: MPI_Win_flush(target_rank=0, win=0xa0000000) failed
MPID_Win_flush(294)..................:
MPIDIG_mpi_win_flush(615)............:
MPIDI_OFI_win_progress_fence_impl(65):
MPIDI_OFI_handle_cq_error(1310)......: OFI poll failed (ofi_events.c:1312:MPIDI_OFI_handle_cq_error:Input/output error - PTLTE_NOT_FOUND)
MPICH ERROR [Rank 508] [job id 5137469.119] [Sun Aug  2 01:55:14 2026] [frontier01210] - Abort(606226319) (rank 508 in comm 0): Fatal error in PMPI_Win_flush: Other MPI error, error stack:
PMPI_Win_flush(139)..................: MPI_Win_flush(target_rank=0, win=0xa0000000) failed
MPID_Win_flush(294)..................:
MPIDIG_mpi_win_flush(615)............:
MPIDI_OFI_win_progress_fence_impl(65):
MPIDI_OFI_handle_cq_error(1310)......: OFI poll failed (ofi_events.c:1312:MPIDI_OFI_handle_cq_error:Input/output error - PTLTE_NOT_FOUND)

aborting job:
Fatal error in PMPI_Win_flush: Other MPI error, error stack:
PMPI_Win_flush(139)..................: MPI_Win_flush(target_rank=0, win=0xa0000000) failed
MPID_Win_flush(294)..................:
MPIDIG_mpi_win_flush(615)............:
MPIDI_OFI_win_progress_fence_impl(65):
MPIDI_OFI_handle_cq_error(1310)......: OFI poll failed (ofi_events.c:1312:MPIDI_OFI_handle_cq_error:Input/output error - PTLTE_NOT_FOUND)
MPICH ERROR [Rank 500] [job id 5137469.119] [Sun Aug  2 01:55:14 2026] [frontier01094] - Abort(606226319) (rank 500 in comm 0): Fatal error in PMPI_Win_flush: Other MPI error, error stack:
PMPI_Win_flush(139)..................: MPI_Win_flush(target_rank=0, win=0xa0000000) failed
MPID_Win_flush(294)..................:
MPIDIG_mpi_win_flush(615)............:
MPIDI_OFI_win_progress_fence_impl(65):
MPIDI_OFI_handle_cq_error(1310)......: OFI poll failed (ofi_events.c:1312:MPIDI_OFI_handle_cq_error:Input/output error - PTLTE_NOT_FOUND)

aborting job:
Fatal error in PMPI_Win_flush: Other MPI error, error stack:
PMPI_Win_flush(139)..................: MPI_Win_flush(target_rank=0, win=0xa0000000) failed
MPID_Win_flush(294)..................:
MPIDIG_mpi_win_flush(615)............:
MPIDI_OFI_win_progress_fence_impl(65):
MPIDI_OFI_handle_cq_error(1310)......: OFI poll failed (ofi_events.c:1312:MPIDI_OFI_handle_cq_error:Input/output error - PTLTE_NOT_FOUND)
MPICH ERROR [Rank 796] [job id 5137469.119] [Sun Aug  2 01:55:14 2026] [frontier01882] - Abort(606226319) (rank 796 in comm 0): Fatal error in PMPI_Win_flush: Other MPI error, error stack:
PMPI_Win_flush(139)..................: MPI_Win_flush(target_rank=0, win=0xa0000000) failed
MPID_Win_flush(294)..................:
MPIDIG_mpi_win_flush(615)............:
MPIDI_OFI_win_progress_fence_impl(65):
MPIDI_OFI_handle_cq_error(1310)......: OFI poll failed (ofi_events.c:1312:MPIDI_OFI_handle_cq_error:Input/output error - PTLTE_NOT_FOUND)

aborting job:
Fatal error in PMPI_Win_flush: Other MPI error, error stack:
PMPI_Win_flush(139)..................: MPI_Win_flush(target_rank=0, win=0xa0000000) failed
MPID_Win_flush(294)..................:
MPIDIG_mpi_win_flush(615)............:
MPIDI_OFI_win_progress_fence_impl(65):
MPIDI_OFI_handle_cq_error(1310)......: OFI poll failed (ofi_events.c:1312:MPIDI_OFI_handle_cq_error:Input/output error - PTLTE_NOT_FOUND)
MPICH ERROR [Rank 67] [job id 5137469.119] [Sun Aug  2 01:55:14 2026] [frontier00169] - Abort(606226319) (rank 67 in comm 0): Fatal error in PMPI_Win_flush: Other MPI error, error stack:
PMPI_Win_flush(139)..................: MPI_Win_flush(target_rank=0, win=0xa0000000) failed
MPID_Win_flush(294)..................:
MPIDIG_mpi_win_flush(615)............:
MPIDI_OFI_win_progress_fence_impl(65):
MPIDI_OFI_handle_cq_error(1310)......: OFI poll failed (ofi_events.c:1312:MPIDI_OFI_handle_cq_error:Input/output error - PTLTE_NOT_FOUND)

aborting job:
Fatal error in PMPI_Win_flush: Other MPI error, error stack:
PMPI_Win_flush(139)..................: MPI_Win_flush(target_rank=0, win=0xa0000000) failed
MPID_Win_flush(294)..................:
MPIDIG_mpi_win_flush(615)............:
MPIDI_OFI_win_progress_fence_impl(65):
MPIDI_OFI_handle_cq_error(1310)......: OFI poll failed (ofi_events.c:1312:MPIDI_OFI_handle_cq_error:Input/output error - PTLTE_NOT_FOUND)
MPICH ERROR [Rank 885] [job id 5137469.119] [Sun Aug  2 01:55:14 2026] [frontier01951] - Abort(606226319) (rank 885 in comm 0): Fatal error in PMPI_Win_flush: Other MPI error, error stack:
PMPI_Win_flush(139)..................: MPI_Win_flush(target_rank=0, win=0xa0000000) failed
MPID_Win_flush(294)..................:
MPIDIG_mpi_win_flush(615)............:
MPIDI_OFI_win_progress_fence_impl(65):
MPIDI_OFI_handle_cq_error(1310)......: OFI poll failed (ofi_events.c:1312:MPIDI_OFI_handle_cq_error:Input/output error - PTLTE_NOT_FOUND)

aborting job:
Fatal error in PMPI_Win_flush: Other MPI error, error stack:
PMPI_Win_flush(139)..................: MPI_Win_flush(target_rank=0, win=0xa0000000) failed
MPID_Win_flush(294)..................:
MPIDIG_mpi_win_flush(615)............:
MPIDI_OFI_win_progress_fence_impl(65):
MPIDI_OFI_handle_cq_error(1310)......: OFI poll failed (ofi_events.c:1312:MPIDI_OFI_handle_cq_error:Input/output error - PTLTE_NOT_FOUND)
MPICH ERROR [Rank 234] [job id 5137469.119] [Sun Aug  2 01:55:14 2026] [frontier00549] - Abort(606226319) (rank 234 in comm 0): Fatal error in PMPI_Win_flush: Other MPI error, error stack:
PMPI_Win_flush(139)..................: MPI_Win_flush(target_rank=0, win=0xa0000000) failed
MPID_Win_flush(294)..................:
MPIDIG_mpi_win_flush(615)............:
MPIDI_OFI_win_progress_fence_impl(65):
MPIDI_OFI_handle_cq_error(1310)......: OFI poll failed (ofi_events.c:1312:MPIDI_OFI_handle_cq_error:Input/output error - PTLTE_NOT_FOUND)

aborting job:
Fatal error in PMPI_Win_flush: Other MPI error, error stack:
PMPI_Win_flush(139)..................: MPI_Win_flush(target_rank=0, win=0xa0000000) failed
MPID_Win_flush(294)..................:
MPIDIG_mpi_win_flush(615)............:
MPIDI_OFI_win_progress_fence_impl(65):
MPIDI_OFI_handle_cq_error(1310)......: OFI poll failed (ofi_events.c:1312:MPIDI_OFI_handle_cq_error:Input/output error - PTLTE_NOT_FOUND)
MPICH ERROR [Rank 475] [job id 5137469.119] [Sun Aug  2 01:55:14 2026] [frontier01094] - Abort(606226319) (rank 475 in comm 0): Fatal error in PMPI_Win_flush: Other MPI error, error stack:
PMPI_Win_flush(139)..................: MPI_Win_flush(target_rank=0, win=0xa0000000) failed
MPID_Win_flush(294)..................:
MPIDIG_mpi_win_flush(615)............:
MPIDI_OFI_win_progress_fence_impl(65):
MPIDI_OFI_handle_cq_error(1310)......: OFI poll failed (ofi_events.c:1312:MPIDI_OFI_handle_cq_error:Input/output error - PTLTE_NOT_FOUND)

aborting job:
Fatal error in PMPI_Win_flush: Other MPI error, error stack:
PMPI_Win_flush(139)..................: MPI_Win_flush(target_rank=0, win=0xa0000000) failed
MPID_Win_flush(294)..................:
MPIDIG_mpi_win_flush(615)............:
MPIDI_OFI_win_progress_fence_impl(65):
MPIDI_OFI_handle_cq_error(1310)......: OFI poll failed (ofi_events.c:1312:MPIDI_OFI_handle_cq_error:Input/output error - PTLTE_NOT_FOUND)
MPICH ERROR [Rank 779] [job id 5137469.119] [Sun Aug  2 01:55:14 2026] [frontier01701] - Abort(606226319) (rank 779 in comm 0): Fatal error in PMPI_Win_flush: Other MPI error, error stack:
PMPI_Win_flush(139)..................: MPI_Win_flush(target_rank=0, win=0xa0000000) failed
MPID_Win_flush(294)..................:
MPIDIG_mpi_win_flush(615)............:
MPIDI_OFI_win_progress_fence_impl(65):
MPIDI_OFI_handle_cq_error(1310)......: OFI poll failed (ofi_events.c:1312:MPIDI_OFI_handle_cq_error:Input/output error - PTLTE_NOT_FOUND)

aborting job:
Fatal error in PMPI_Win_flush: Other MPI error, error stack:
PMPI_Win_flush(139)..................: MPI_Win_flush(target_rank=0, win=0xa0000000) failed
MPID_Win_flush(294)..................:
MPIDIG_mpi_win_flush(615)............:
MPIDI_OFI_win_progress_fence_impl(65):
MPIDI_OFI_handle_cq_error(1310)......: OFI poll failed (ofi_events.c:1312:MPIDI_OFI_handle_cq_error:Input/output error - PTLTE_NOT_FOUND)
MPICH ERROR [Rank 814] [job id 5137469.119] [Sun Aug  2 01:55:14 2026] [frontier01882] - Abort(606226319) (rank 814 in comm 0): Fatal error in PMPI_Win_flush: Other MPI error, error stack:
PMPI_Win_flush(139)..................: MPI_Win_flush(target_rank=0, win=0xa0000000) failed
MPID_Win_flush(294)..................:
MPIDIG_mpi_win_flush(615)............:
MPIDI_OFI_win_progress_fence_impl(65):
MPIDI_OFI_handle_cq_error(1310)......: OFI poll failed (ofi_events.c:1312:MPIDI_OFI_handle_cq_error:Input/output error - PTLTE_NOT_FOUND)

aborting job:
Fatal error in PMPI_Win_flush: Other MPI error, error stack:
PMPI_Win_flush(139)..................: MPI_Win_flush(target_rank=0, win=0xa0000000) failed
MPID_Win_flush(294)..................:
MPIDIG_mpi_win_flush(615)............:
MPIDI_OFI_win_progress_fence_impl(65):
MPIDI_OFI_handle_cq_error(1310)......: OFI poll failed (ofi_events.c:1312:MPIDI_OFI_handle_cq_error:Input/output error - PTLTE_NOT_FOUND)
MPICH ERROR [Rank 603] [job id 5137469.119] [Sun Aug  2 01:55:14 2026] [frontier01313] - Abort(606226319) (rank 603 in comm 0): Fatal error in PMPI_Win_flush: Other MPI error, error stack:
PMPI_Win_flush(139)..................: MPI_Win_flush(target_rank=0, win=0xa0000000) failed
MPID_Win_flush(294)..................:
MPIDIG_mpi_win_flush(615)............:
MPIDI_OFI_win_progress_fence_impl(65):
MPIDI_OFI_handle_cq_error(1310)......: OFI poll failed (ofi_events.c:1312:MPIDI_OFI_handle_cq_error:Input/output error - PTLTE_NOT_FOUND)

aborting job:
Fatal error in PMPI_Win_flush: Other MPI error, error stack:
PMPI_Win_flush(139)..................: MPI_Win_flush(target_rank=0, win=0xa0000000) failed
MPID_Win_flush(294)..................:
MPIDIG_mpi_win_flush(615)............:
MPIDI_OFI_win_progress_fence_impl(65):
MPIDI_OFI_handle_cq_error(1310)......: OFI poll failed (ofi_events.c:1312:MPIDI_OFI_handle_cq_error:Input/output error - PTLTE_NOT_FOUND)
MPICH ERROR [Rank 169] [job id 5137469.119] [Sun Aug  2 01:55:14 2026] [frontier00435] - Abort(606226319) (rank 169 in comm 0): Fatal error in PMPI_Win_flush: Other MPI error, error stack:
PMPI_Win_flush(139)..................: MPI_Win_flush(target_rank=0, win=0xa0000000) failed
MPID_Win_flush(294)..................:
MPIDIG_mpi_win_flush(615)............:
MPIDI_OFI_win_progress_fence_impl(65):
MPIDI_OFI_handle_cq_error(1310)......: OFI poll failed (ofi_events.c:1312:MPIDI_OFI_handle_cq_error:Input/output error - PTLTE_NOT_FOUND)

aborting job:
Fatal error in PMPI_Win_flush: Other MPI error, error stack:
PMPI_Win_flush(139)..................: MPI_Win_flush(target_rank=0, win=0xa0000000) failed
MPID_Win_flush(294)..................:
MPIDIG_mpi_win_flush(615)............:
MPIDI_OFI_win_progress_fence_impl(65):
MPIDI_OFI_handle_cq_error(1310)......: OFI poll failed (ofi_events.c:1312:MPIDI_OFI_handle_cq_error:Input/output error - PTLTE_NOT_FOUND)
MPICH ERROR [Rank 623] [job id 5137469.119] [Sun Aug  2 01:55:14 2026] [frontier01450] - Abort(606226319) (rank 623 in comm 0): Fatal error in PMPI_Win_flush: Other MPI error, error stack:
PMPI_Win_flush(139)..................: MPI_Win_flush(target_rank=0, win=0xa0000000) failed
MPID_Win_flush(294)..................:
MPIDIG_mpi_win_flush(615)............:
MPIDI_OFI_win_progress_fence_impl(65):
MPIDI_OFI_handle_cq_error(1310)......: OFI poll failed (ofi_events.c:1312:MPIDI_OFI_handle_cq_error:Input/output error - PTLTE_NOT_FOUND)

aborting job:
Fatal error in PMPI_Win_flush: Other MPI error, error stack:
PMPI_Win_flush(139)..................: MPI_Win_flush(target_rank=0, win=0xa0000000) failed
MPID_Win_flush(294)..................:
MPIDIG_mpi_win_flush(615)............:
MPIDI_OFI_win_progress_fence_impl(65):
MPIDI_OFI_handle_cq_error(1310)......: OFI poll failed (ofi_events.c:1312:MPIDI_OFI_handle_cq_error:Input/output error - PTLTE_NOT_FOUND)
MPICH ERROR [Rank 187] [job id 5137469.119] [Sun Aug  2 01:55:14 2026] [frontier00435] - Abort(606226319) (rank 187 in comm 0): Fatal error in PMPI_Win_flush: Other MPI error, error stack:
PMPI_Win_flush(139)..................: MPI_Win_flush(target_rank=0, win=0xa0000000) failed
MPID_Win_flush(294)..................:
MPIDIG_mpi_win_flush(615)............:
MPIDI_OFI_win_progress_fence_impl(65):
MPIDI_OFI_handle_cq_error(1310)......: OFI poll failed (ofi_events.c:1312:MPIDI_OFI_handle_cq_error:Input/output error - PTLTE_NOT_FOUND)

aborting job:
Fatal error in PMPI_Win_flush: Other MPI error, error stack:
PMPI_Win_flush(139)..................: MPI_Win_flush(target_rank=0, win=0xa0000000) failed
MPID_Win_flush(294)..................:
MPIDIG_mpi_win_flush(615)............:
MPIDI_OFI_win_progress_fence_impl(65):
MPIDI_OFI_handle_cq_error(1310)......: OFI poll failed (ofi_events.c:1312:MPIDI_OFI_handle_cq_error:Input/output error - PTLTE_NOT_FOUND)
MPICH ERROR [Rank 137] [job id 5137469.119] [Sun Aug  2 01:55:14 2026] [frontier00303] - Abort(606226319) (rank 137 in comm 0): Fatal error in PMPI_Win_flush: Other MPI error, error stack:
PMPI_Win_flush(139)..................: MPI_Win_flush(target_rank=0, win=0xa0000000) failed
MPID_Win_flush(294)..................:
MPIDIG_mpi_win_flush(615)............:
MPIDI_OFI_win_progress_fence_impl(65):
MPIDI_OFI_handle_cq_error(1310)......: OFI poll failed (ofi_events.c:1312:MPIDI_OFI_handle_cq_error:Input/output error - PTLTE_NOT_FOUND)

aborting job:
Fatal error in PMPI_Win_flush: Other MPI error, error stack:
PMPI_Win_flush(139)..................: MPI_Win_flush(target_rank=0, win=0xa0000000) failed
MPID_Win_flush(294)..................:
MPIDIG_mpi_win_flush(615)............:
MPIDI_OFI_win_progress_fence_impl(65):
MPIDI_OFI_handle_cq_error(1310)......: OFI poll failed (ofi_events.c:1312:MPIDI_OFI_handle_cq_error:Input/output error - PTLTE_NOT_FOUND)
MPICH ERROR [Rank 454] [job id 5137469.119] [Sun Aug  2 01:55:14 2026] [frontier01094] - Abort(606226319) (rank 454 in comm 0): Fatal error in PMPI_Win_flush: Other MPI error, error stack:
PMPI_Win_flush(139)..................: MPI_Win_flush(target_rank=0, win=0xa0000000) failed
MPID_Win_flush(294)..................:
MPIDIG_mpi_win_flush(615)............:
MPIDI_OFI_win_progress_fence_impl(65):
MPIDI_OFI_handle_cq_error(1310)......: OFI poll failed (ofi_events.c:1312:MPIDI_OFI_handle_cq_error:Input/output error - PTLTE_NOT_FOUND)

aborting job:
Fatal error in PMPI_Win_flush: Other MPI error, error stack:
PMPI_Win_flush(139)..................: MPI_Win_flush(target_rank=0, win=0xa0000000) failed
MPID_Win_flush(294)..................:
MPIDIG_mpi_win_flush(615)............:
MPIDI_OFI_win_progress_fence_impl(65):
MPIDI_OFI_handle_cq_error(1310)......: OFI poll failed (ofi_events.c:1312:MPIDI_OFI_handle_cq_error:Input/output error - PTLTE_NOT_FOUND)
MPICH ERROR [Rank 68] [job id 5137469.119] [Sun Aug  2 01:55:14 2026] [frontier00169] - Abort(606226319) (rank 68 in comm 0): Fatal error in PMPI_Win_flush: Other MPI error, error stack:
PMPI_Win_flush(139)..................: MPI_Win_flush(target_rank=0, win=0xa0000000) failed
MPID_Win_flush(294)..................:
MPIDIG_mpi_win_flush(615)............:
MPIDI_OFI_win_progress_fence_impl(65):
MPIDI_OFI_handle_cq_error(1310)......: OFI poll failed (ofi_events.c:1312:MPIDI_OFI_handle_cq_error:Input/output error - PTLTE_NOT_FOUND)

aborting job:
Fatal error in PMPI_Win_flush: Other MPI error, error stack:
PMPI_Win_flush(139)..................: MPI_Win_flush(target_rank=0, win=0xa0000000) failed
MPID_Win_flush(294)..................:
MPIDIG_mpi_win_flush(615)............:
MPIDI_OFI_win_progress_fence_impl(65):
MPIDI_OFI_handle_cq_error(1310)......: OFI poll failed (ofi_events.c:1312:MPIDI_OFI_handle_cq_error:Input/output error - PTLTE_NOT_FOUND)
MPICH ERROR [Rank 565] [job id 5137469.119] [Sun Aug  2 01:55:14 2026] [frontier01313] - Abort(606226319) (rank 565 in comm 0): Fatal error in PMPI_Win_flush: Other MPI error, error stack:
PMPI_Win_flush(139)..................: MPI_Win_flush(target_rank=0, win=0xa0000000) failed
MPID_Win_flush(294)..................:
MPIDIG_mpi_win_flush(615)............:
MPIDI_OFI_win_progress_fence_impl(65):
MPIDI_OFI_handle_cq_error(1310)......: OFI poll failed (ofi_events.c:1312:MPIDI_OFI_handle_cq_error:Input/output error - PTLTE_NOT_FOUND)

aborting job:
Fatal error in PMPI_Win_flush: Other MPI error, error stack:
PMPI_Win_flush(139)..................: MPI_Win_flush(target_rank=0, win=0xa0000000) failed
MPID_Win_flush(294)..................:
MPIDIG_mpi_win_flush(615)............:
MPIDI_OFI_win_progress_fence_impl(65):
MPIDI_OFI_handle_cq_error(1310)......: OFI poll failed (ofi_events.c:1312:MPIDI_OFI_handle_cq_error:Input/output error - PTLTE_NOT_FOUND)
MPICH ERROR [Rank 297] [job id 5137469.119] [Sun Aug  2 01:55:14 2026] [frontier00669] - Abort(606226319) (rank 297 in comm 0): Fatal error in PMPI_Win_flush: Other MPI error, error stack:
PMPI_Win_flush(139)..................: MPI_Win_flush(target_rank=0, win=0xa0000000) failed
MPID_Win_flush(294)..................:
MPIDIG_mpi_win_flush(615)............:
MPIDI_OFI_win_progress_fence_impl(65):
MPIDI_OFI_handle_cq_error(1310)......: OFI poll failed (ofi_events.c:1312:MPIDI_OFI_handle_cq_error:Input/output error - PTLTE_NOT_FOUND)

aborting job:
Fatal error in PMPI_Win_flush: Other MPI error, error stack:
PMPI_Win_flush(139)..................: MPI_Win_flush(target_rank=0, win=0xa0000000) failed
MPID_Win_flush(294)..................:
MPIDIG_mpi_win_flush(615)............:
MPIDI_OFI_win_progress_fence_impl(65):
MPIDI_OFI_handle_cq_error(1310)......: OFI poll failed (ofi_events.c:1312:MPIDI_OFI_handle_cq_error:Input/output error - PTLTE_NOT_FOUND)
MPICH ERROR [Rank 498] [job id 5137469.119] [Sun Aug  2 01:55:14 2026] [frontier01094] - Abort(606226319) (rank 498 in comm 0): Fatal error in PMPI_Win_flush: Other MPI error, error stack:
PMPI_Win_flush(139)..................: MPI_Win_flush(target_rank=0, win=0xa0000000) failed
MPID_Win_flush(294)..................:
MPIDIG_mpi_win_flush(615)............:
MPIDI_OFI_win_progress_fence_impl(65):
MPIDI_OFI_handle_cq_error(1310)......: OFI poll failed (ofi_events.c:1312:MPIDI_OFI_handle_cq_error:Input/output error - PTLTE_NOT_FOUND)

aborting job:
Fatal error in PMPI_Win_flush: Other MPI error, error stack:
PMPI_Win_flush(139)..................: MPI_Win_flush(target_rank=0, win=0xa0000000) failed
MPID_Win_flush(294)..................:
MPIDIG_mpi_win_flush(615)............:
MPIDI_OFI_win_progress_fence_impl(65):
MPIDI_OFI_handle_cq_error(1310)......: OFI poll failed (ofi_events.c:1312:MPIDI_OFI_handle_cq_error:Input/output error - PTLTE_NOT_FOUND)
MPICH ERROR [Rank 739] [job id 5137469.119] [Sun Aug  2 01:55:14 2026] [frontier01701] - Abort(606226319) (rank 739 in comm 0): Fatal error in PMPI_Win_flush: Other MPI error, error stack:
PMPI_Win_flush(139)..................: MPI_Win_flush(target_rank=0, win=0xa0000000) failed
MPID_Win_flush(294)..................:
MPIDIG_mpi_win_flush(615)............:
MPIDI_OFI_win_progress_fence_impl(65):
MPIDI_OFI_handle_cq_error(1310)......: OFI poll failed (ofi_events.c:1312:MPIDI_OFI_handle_cq_error:Input/output error - PTLTE_NOT_FOUND)

aborting job:
Fatal error in PMPI_Win_flush: Other MPI error, error stack:
PMPI_Win_flush(139)..................: MPI_Win_flush(target_rank=0, win=0xa0000000) failed
MPID_Win_flush(294)..................:
MPIDIG_mpi_win_flush(615)............:
MPIDI_OFI_win_progress_fence_impl(65):
MPIDI_OFI_handle_cq_error(1310)......: OFI poll failed (ofi_events.c:1312:MPIDI_OFI_handle_cq_error:Input/output error - PTLTE_NOT_FOUND)
MPICH ERROR [Rank 815] [job id 5137469.119] [Sun Aug  2 01:55:14 2026] [frontier01882] - Abort(606226319) (rank 815 in comm 0): Fatal error in PMPI_Win_flush: Other MPI error, error stack:
PMPI_Win_flush(139)..................: MPI_Win_flush(target_rank=0, win=0xa0000000) failed
MPID_Win_flush(294)..................:
MPIDIG_mpi_win_flush(615)............:
MPIDI_OFI_win_progress_fence_impl(65):
MPIDI_OFI_handle_cq_error(1310)......: OFI poll failed (ofi_events.c:1312:MPIDI_OFI_handle_cq_error:Input/output error - PTLTE_NOT_FOUND)

aborting job:
Fatal error in PMPI_Win_flush: Other MPI error, error stack:
PMPI_Win_flush(139)..................: MPI_Win_flush(target_rank=0, win=0xa0000000) failed
MPID_Win_flush(294)..................:
MPIDIG_mpi_win_flush(615)............:
MPIDI_OFI_win_progress_fence_impl(65):
MPIDI_OFI_handle_cq_error(1310)......: OFI poll failed (ofi_events.c:1312:MPIDI_OFI_handle_cq_error:Input/output error - PTLTE_NOT_FOUND)
MPICH ERROR [Rank 370] [job id 5137469.119] [Sun Aug  2 01:55:14 2026] [frontier00828] - Abort(606226319) (rank 370 in comm 0): Fatal error in PMPI_Win_flush: Other MPI error, error stack:
PMPI_Win_flush(139)..................: MPI_Win_flush(target_rank=0, win=0xa0000000) failed
MPID_Win_flush(294)..................:
MPIDIG_mpi_win_flush(615)............:
MPIDI_OFI_win_progress_fence_impl(65):
MPIDI_OFI_handle_cq_error(1310)......: OFI poll failed (ofi_events.c:1312:MPIDI_OFI_handle_cq_error:Input/output error - PTLTE_NOT_FOUND)

aborting job:
Fatal error in PMPI_Win_flush: Other MPI error, error stack:
PMPI_Win_flush(139)..................: MPI_Win_flush(target_rank=0, win=0xa0000000) failed
MPID_Win_flush(294)..................:
MPIDIG_mpi_win_flush(615)............:
MPIDI_OFI_win_progress_fence_impl(65):
MPIDI_OFI_handle_cq_error(1310)......: OFI poll failed (ofi_events.c:1312:MPIDI_OFI_handle_cq_error:Input/output error - PTLTE_NOT_FOUND)
MPICH ERROR [Rank 846] [job id 5137469.119] [Sun Aug  2 01:55:14 2026] [frontier01951] - Abort(606226319) (rank 846 in comm 0): Fatal error in PMPI_Win_flush: Other MPI error, error stack:
PMPI_Win_flush(139)..................: MPI_Win_flush(target_rank=0, win=0xa0000000) failed
MPID_Win_flush(294)..................:
MPIDIG_mpi_win_flush(615)............:
MPIDI_OFI_win_progress_fence_impl(65):
MPIDI_OFI_handle_cq_error(1310)......: OFI poll failed (ofi_events.c:1312:MPIDI_OFI_handle_cq_error:Input/output error - PTLTE_NOT_FOUND)

aborting job:
Fatal error in PMPI_Win_flush: Other MPI error, error stack:
PMPI_Win_flush(139)..................: MPI_Win_flush(target_rank=0, win=0xa0000000) failed
MPID_Win_flush(294)..................:
MPIDIG_mpi_win_flush(615)............:
MPIDI_OFI_win_progress_fence_impl(65):
MPIDI_OFI_handle_cq_error(1310)......: OFI poll failed (ofi_events.c:1312:MPIDI_OFI_handle_cq_error:Input/output error - PTLTE_NOT_FOUND)
MPICH ERROR [Rank 269] [job id 5137469.119] [Sun Aug  2 01:55:14 2026] [frontier00549] - Abort(606226319) (rank 269 in comm 0): Fatal error in PMPI_Win_flush: Other MPI error, error stack:
PMPI_Win_flush(139)..................: MPI_Win_flush(target_rank=0, win=0xa0000000) failed
MPID_Win_flush(294)..................:
MPIDIG_mpi_win_flush(615)............:
MPIDI_OFI_win_progress_fence_impl(65):
MPIDI_OFI_handle_cq_error(1310)......: OFI poll failed (ofi_events.c:1312:MPIDI_OFI_handle_cq_error:Input/output error - PTLTE_NOT_FOUND)

aborting job:
Fatal error in PMPI_Win_flush: Other MPI error, error stack:
PMPI_Win_flush(139)..................: MPI_Win_flush(target_rank=0, win=0xa0000000) failed
MPID_Win_flush(294)..................:
MPIDIG_mpi_win_flush(615)............:
MPIDI_OFI_win_progress_fence_impl(65):
MPIDI_OFI_handle_cq_error(1310)......: OFI poll failed (ofi_events.c:1312:MPIDI_OFI_handle_cq_error:Input/output error - PTLTE_NOT_FOUND)
srun: error: frontier00828: tasks 359,380,385: Exited with exit code 255
srun: error: frontier01210: tasks 509,533,541,545,558: Exited with exit code 255
srun: error: frontier01951: tasks 853-854,858,877,890: Exited with exit code 255
srun: error: frontier00669: tasks 283,289,294,299-300,309: Exited with exit code 255
srun: error: frontier00435: tasks 177,191,218: Exited with exit code 255
srun: error: frontier00169: tasks 71,82,92: Exited with exit code 255
srun: error: frontier01576: tasks 690,693,697,710,714,716: Exited with exit code 255
srun: error: frontier00549: tasks 230,235,255-257,273,278: Exited with exit code 255
srun: error: frontier01882: tasks 798,808,813,818,821-822,831: Exited with exit code 255
[2026-08-02T01:55:17.679] error: *** STEP 5137469.119 ON frontier00035 CANCELLED AT 2026-08-02T01:55:17 DUE TO TASK FAILURE ***
srun: error: frontier00973: tasks 403,415-416,418-419,423,438,443: Exited with exit code 255
srun: error: frontier01450: tasks 621,633,636-637,645,655,657,666: Exited with exit code 255
srun: error: frontier00303: tasks 122,129,151,153,158,160,163: Exited with exit code 255
srun: error: frontier01701: tasks 731,733-734,741-742,744-745,751,756,759,764,766-767,772-774,776,780: Exited with exit code 255
srun: error: frontier01313: tasks 560,570-571,577,592-594,598,600,608: Exited with exit code 255
srun: error: frontier00035: task 0: Exited with exit code 255
srun: error: frontier01094: tasks 448-449,451-456,459,461-463,468,470-471,473-476,479,482-486,488-498,500-501: Exited with exit code 255
srun: error: frontier00828: tasks 336,343,346,350-351,353-354,356,358,361,364,368,374-375,381,391: Terminated
srun: error: frontier01210: tasks 504-505,507-508,510-514,518-521,523-526,528-530,534-538,540,542,546-547,549-553,559: Exited with exit code 255
srun: error: frontier01951: tasks 840-842,845-848,850-852,856-857,860-864,866,868-869,872-876,878-879,881-885,888-889,893: Exited with exit code 255
srun: error: frontier00669: tasks 280,292,296,303,307-308,312,316,323,329,334: Terminated
srun: error: frontier00435: tasks 168-169,171-173,175-176,179-181,183-189,193-197,201-202,204-205,207,210,212,214-215,220-223: Exited with exit code 255
srun: error: frontier00169: tasks 56-64,66-69,73-75,77,79-81,84-85,87-89,94,96-100,105-107,110-111: Exited with exit code 255
srun: error: frontier01882: tasks 784,787-788,791,794,797,800-801,806,817,823,829,832,836,838: Terminated
srun: error: frontier01576: tasks 672,674,676,678,680-689,692,695-696,698-699,704-705,707-709,711,715,718-723: Exited with exit code 255
srun: error: frontier00973: tasks 392,394-395,398-400,402,410-411,417,427,429,432,435,437,445-447: Terminated
srun: error: frontier00549: tasks 224,226-229,232-234,236-239,241,243-244,246,249,252-254,258,260-263,265,268-269,271,277: Exited with exit code 255
srun: error: frontier01450: tasks 616-617,619,622,624,628,630-632,638-640,643-644,646,650,653,656,658,661,664-665,669: Terminated
srun: error: frontier00303: tasks 112-114,116,118,121,123,126,128,130-131,133-134,136-138,140-141,144-146,148,150,154-155,157,161,164,167: Exited with exit code 255
srun: error: frontier01701: tasks 728,732,735,737-738,740,746,752,754-755,757-758,760-761,763,770,777,781-783: Terminated
srun: error: frontier00035: tasks 3,5,7,11-12,15,22-23,26,30-31,35,45,47-48,55: Bus error
srun: error: frontier01094: tasks 450,457-458,464-467,469,472,477-478,480,487,499,502-503: Terminated
srun: error: frontier00828: tasks 337-342,344-345,347-349,352,355,357,360,362-363,365-367,369-373,376-379,382-384,386-390: Exited with exit code 255
srun: error: frontier01210: tasks 506,515-517,522,527,531-532,539,543-544,548,554-557: Terminated
srun: error: frontier01951: tasks 843-844,849,855,859,865,867,870-871,880,886-887,891-892,894-895: Terminated
srun: error: frontier00669: tasks 281-282,284-288,290-291,293,295,297-298,301-302,304-306,310-311,313-315,317-322,324-328,330-333,335: Exited with exit code 255
srun: error: frontier00435: tasks 170,174,178,182,190,192,198-200,203,206,208-209,211,213,216-217,219: Terminated
srun: error: frontier00169: tasks 65,70,72,76,78,83,86,90-91,93,95,101-104,108-109: Terminated
srun: error: frontier01882: tasks 785-786,789-790,792-793,795-796,799,802-805,807,809-812,814-816,819-820,824-828,830,833-835,837,839: Exited with exit code 255
srun: error: frontier01576: tasks 673,675,677,679,691,694,700-703,706,712-713,717,724-727: Terminated
srun: error: frontier00973: tasks 393,396-397,401,404-409,412-414,420-422,424-426,428,430-431,433-434,436,439-442,444: Exited with exit code 255
srun: error: frontier00549: tasks 225,231,240,242,245,247-248,250-251,259,264,266-267,270,272,274-276,279: Terminated
srun: error: frontier01450: tasks 618,620,623,625-627,629,634-635,641-642,647-649,651-652,654,659-660,662-663,667-668,670-671: Exited with exit code 255
srun: error: frontier00303: tasks 115,117,119-120,124-125,127,132,135,139,142-143,147,149,152,156,159,162,165-166: Terminated
srun: error: frontier01701: tasks 729-730,736,739,743,747-750,753,762,765,768-769,771,775,778-779: Exited with exit code 255
srun: error: frontier00035: tasks 20,36-37: Terminated
srun: error: frontier01313: tasks 561-563,566-567,576,580-581,586-587,590,597,602,607,612,614: Terminated
srun: error: frontier01313: tasks 564-565,568-569,572-575,578-579,582-585,588-589,591,595-596,599,601,603-606,609-611,613,615: Exited with exit code 255
srun: error: frontier00035: task 52: Bus error (core dumped)
srun: error: frontier00035: task 43: Bus error (core dumped)
srun: error: frontier00035: task 16: Bus error (core dumped)
srun: error: frontier00035: task 25: Bus error (core dumped)
srun: error: frontier00035: task 46: Bus error (core dumped)
srun: error: frontier00035: task 21: Bus error (core dumped)
srun: error: frontier00035: task 8: Bus error (core dumped)
srun: error: frontier00035: task 41: Bus error (core dumped)
srun: error: frontier00035: tasks 50,53: Bus error (core dumped)
srun: error: frontier00035: tasks 4,6,10,29: Bus error (core dumped)
srun: error: frontier00035: tasks 1,9,13-14: Bus error (core dumped)
srun: error: frontier00035: task 17: Bus error (core dumped)
srun: error: frontier00035: task 33: Bus error (core dumped)
srun: error: frontier00035: task 42: Bus error (core dumped)
srun: error: frontier00035: task 19: Bus error (core dumped)
srun: error: frontier00035: task 32: Bus error (core dumped)
srun: error: frontier00035: task 40: Bus error (core dumped)
srun: error: frontier00035: task 34: Bus error (core dumped)
srun: error: frontier00035: task 2: Bus error (core dumped)
srun: error: frontier00035: task 51: Bus error (core dumped)
srun: error: frontier00035: task 28: Bus error (core dumped)
srun: error: frontier00035: task 24: Bus error (core dumped)
srun: error: frontier00035: task 39: Bus error (core dumped)
srun: error: frontier00035: task 44: Bus error (core dumped)
srun: error: frontier00035: task 27: Bus error (core dumped)
srun: error: frontier00035: task 49: Bus error (core dumped)
srun: error: frontier00035: task 38: Bus error (core dumped)
srun: error: frontier00035: task 54: Bus error (core dumped)
srun: Force Terminated StepId=5137469.119
Running frontier nodes=16 ranks_per_node=56 dist=hierarchical_async_put_lockfree mode=fixed expected_us=10 max_upper_fanout=-1
RESULT distributor=hierarchical_async_put_lockfree mode=fixed expected_us=10 nodes=16 world_size=896 max_upper_fanout=-1 total_tasks=58351180 elapsed_s=20.0003 throughput_tasks_per_s=2.91752e+06
MPICH Notice [Rank 0] [job id 5137469.120] [Sun Aug  2 01:56:40 2026] [frontier00035] - Abort(0) (rank 0 in comm 0): application called MPI_Abort(MPI_COMM_WORLD, 0) - process 0

aborting job:
application called MPI_Abort(MPI_COMM_WORLD, 0) - process 0
srun: error: frontier00035: task 0: Exited with exit code 255
srun: Terminating StepId=5137469.120
[2026-08-02T01:56:41.701] error: *** STEP 5137469.120 ON frontier00035 CANCELLED AT 2026-08-02T01:56:41 DUE TO TASK FAILURE ***
srun: error: frontier01094: tasks 449-503: Terminated
srun: error: frontier01951: tasks 841-895: Terminated
srun: error: frontier00973: tasks 393-447: Terminated
srun: error: frontier01313: tasks 561-615: Terminated
srun: error: frontier01450: tasks 617-671: Terminated
srun: error: frontier00669: tasks 281-335: Terminated
srun: error: frontier00035: tasks 2-55: Terminated
srun: error: frontier00435: tasks 169-223: Terminated
srun: error: frontier01882: tasks 785-839: Terminated
srun: error: frontier01576: tasks 673-727: Terminated
srun: error: frontier01701: tasks 729-783: Terminated
srun: error: frontier01210: tasks 505-559: Terminated
srun: error: frontier00303: tasks 113-167: Terminated
srun: error: frontier00549: tasks 225-279: Terminated
srun: error: frontier00169: tasks 57-111: Terminated
srun: error: frontier00828: tasks 337-391: Terminated
srun: error: frontier00973: task 392: Terminated
srun: error: frontier01094: task 448: Terminated
srun: error: frontier00669: task 280: Terminated
srun: error: frontier01313: task 560: Terminated
srun: error: frontier01450: task 616: Terminated
srun: error: frontier01951: task 840: Terminated
srun: error: frontier00035: task 1: Terminated
srun: error: frontier01882: task 784: Terminated
srun: error: frontier00303: task 112: Terminated
srun: error: frontier01210: task 504: Terminated
srun: error: frontier00169: task 56: Terminated
srun: error: frontier00828: task 336: Terminated
srun: error: frontier01576: task 672: Terminated
srun: error: frontier00435: task 168: Terminated
srun: error: frontier01701: task 728: Terminated
srun: error: frontier00549: task 224: Terminated
srun: Force Terminated StepId=5137469.120
Running frontier nodes=16 ranks_per_node=56 dist=hierarchical_async_put_lockfree mode=fixed expected_us=100 max_upper_fanout=-1
RESULT distributor=hierarchical_async_put_lockfree mode=fixed expected_us=100 nodes=16 world_size=896 max_upper_fanout=-1 total_tasks=57909119 elapsed_s=20.0007 throughput_tasks_per_s=2.89535e+06
MPICH Notice [Rank 0] [job id 5137469.121] [Sun Aug  2 01:57:17 2026] [frontier00035] - Abort(0) (rank 0 in comm 0): application called MPI_Abort(MPI_COMM_WORLD, 0) - process 0

aborting job:
application called MPI_Abort(MPI_COMM_WORLD, 0) - process 0
srun: error: frontier00035: task 0: Exited with exit code 255
srun: Terminating StepId=5137469.121
[2026-08-02T01:57:18.592] error: *** STEP 5137469.121 ON frontier00035 CANCELLED AT 2026-08-02T01:57:18 DUE TO TASK FAILURE ***
srun: error: frontier00169: tasks 57-111: Terminated
srun: error: frontier01701: tasks 729-783: Terminated
srun: error: frontier01094: tasks 449-503: Terminated
srun: error: frontier01576: tasks 673-727: Terminated
srun: error: frontier00669: tasks 281-335: Terminated
srun: error: frontier00303: tasks 113-167: Terminated
srun: error: frontier00435: tasks 169-223: Terminated
srun: error: frontier01210: tasks 505-559: Terminated
srun: error: frontier01882: tasks 785-839: Terminated
srun: error: frontier01313: tasks 561-615: Terminated
srun: error: frontier00828: tasks 337-391: Terminated
srun: error: frontier01951: tasks 841-895: Terminated
srun: error: frontier01450: tasks 617-671: Terminated
srun: error: frontier00973: tasks 393-447: Terminated
srun: error: frontier00549: tasks 225-279: Terminated
srun: error: frontier00035: tasks 2-55: Terminated
srun: error: frontier00169: task 56: Terminated
srun: error: frontier00669: task 280: Terminated
srun: error: frontier01094: task 448: Terminated
srun: error: frontier01701: task 728: Terminated
srun: error: frontier01576: task 672: Terminated
srun: error: frontier00035: task 1: Terminated
srun: error: frontier00303: task 112: Terminated
srun: error: frontier01210: task 504: Terminated
srun: error: frontier00973: task 392: Terminated
srun: error: frontier00435: task 168: Terminated
srun: error: frontier00549: task 224: Terminated
srun: error: frontier01313: task 560: Terminated
srun: error: frontier00828: task 336: Terminated
srun: error: frontier01450: task 616: Terminated
srun: error: frontier01882: task 784: Terminated
srun: error: frontier01951: task 840: Terminated
srun: Force Terminated StepId=5137469.121
Running frontier nodes=16 ranks_per_node=56 dist=hierarchical_async_put_lockfree mode=fixed expected_us=1000 max_upper_fanout=-1
srun: Step created for StepId=5137469.122
RESULT distributor=hierarchical_async_put_lockfree mode=fixed expected_us=1000 nodes=16 world_size=896 max_upper_fanout=-1 total_tasks=16040340 elapsed_s=20.001 throughput_tasks_per_s=801978
MPICH Notice [Rank 0] [job id 5137469.122] [Sun Aug  2 01:57:54 2026] [frontier00035] - Abort(0) (rank 0 in comm 0): application called MPI_Abort(MPI_COMM_WORLD, 0) - process 0

aborting job:
application called MPI_Abort(MPI_COMM_WORLD, 0) - process 0
srun: error: frontier00035: task 0: Exited with exit code 255
srun: Terminating StepId=5137469.122
[2026-08-02T01:57:55.451] error: *** STEP 5137469.122 ON frontier00035 CANCELLED AT 2026-08-02T01:57:55 DUE TO TASK FAILURE ***
srun: error: frontier00973: tasks 393-447: Terminated
srun: error: frontier01094: tasks 449-503: Terminated
srun: error: frontier00035: tasks 2-55: Terminated
srun: error: frontier01210: tasks 505-559: Terminated
srun: error: frontier00169: tasks 57-111: Terminated
srun: error: frontier00828: tasks 337-391: Terminated
srun: error: frontier01450: tasks 617-671: Terminated
srun: error: frontier01701: tasks 729-783: Terminated
srun: error: frontier01576: tasks 673-727: Terminated
srun: error: frontier00435: tasks 169-223: Terminated
srun: error: frontier01951: tasks 841-895: Terminated
srun: error: frontier00303: tasks 113-167: Terminated
srun: error: frontier01882: tasks 785-839: Terminated
srun: error: frontier00669: tasks 281-335: Terminated
srun: error: frontier00549: tasks 225-279: Terminated
srun: error: frontier01313: tasks 561-615: Terminated
srun: error: frontier00973: task 392: Terminated
srun: error: frontier00035: task 1: Terminated
srun: error: frontier01094: task 448: Terminated
srun: error: frontier00669: task 280: Terminated
srun: error: frontier01210: task 504: Terminated
srun: error: frontier00828: task 336: Terminated
srun: error: frontier01450: task 616: Terminated
srun: error: frontier00549: task 224: Terminated
srun: error: frontier01701: task 728: Terminated
srun: error: frontier00169: task 56: Terminated
srun: error: frontier01576: task 672: Terminated
srun: error: frontier00435: task 168: Terminated
srun: error: frontier00303: task 112: Terminated
srun: error: frontier01951: task 840: Terminated
srun: error: frontier01313: task 560: Terminated
srun: error: frontier01882: task 784: Terminated
srun: Force Terminated StepId=5137469.122
Running frontier nodes=16 ranks_per_node=56 dist=hierarchical_async_put_lockfree mode=fixed expected_us=10000 max_upper_fanout=-1
srun: Step created for StepId=5137469.123
RESULT distributor=hierarchical_async_put_lockfree mode=fixed expected_us=10000 nodes=16 world_size=896 max_upper_fanout=-1 total_tasks=1737591 elapsed_s=20.0009 throughput_tasks_per_s=86875.6
MPICH Notice [Rank 0] [job id 5137469.123] [Sun Aug  2 01:58:31 2026] [frontier00035] - Abort(0) (rank 0 in comm 0): application called MPI_Abort(MPI_COMM_WORLD, 0) - process 0

aborting job:
application called MPI_Abort(MPI_COMM_WORLD, 0) - process 0
srun: error: frontier00035: task 0: Exited with exit code 255
srun: Terminating StepId=5137469.123
[2026-08-02T01:58:32.661] error: *** STEP 5137469.123 ON frontier00035 CANCELLED AT 2026-08-02T01:58:32 DUE TO TASK FAILURE ***
srun: error: frontier00828: tasks 337-391: Terminated
srun: error: frontier01576: tasks 673-727: Terminated
srun: error: frontier00169: tasks 57-111: Terminated
srun: error: frontier01951: tasks 841-895: Terminated
srun: error: frontier00669: tasks 281-335: Terminated
srun: error: frontier00035: tasks 2-55: Terminated
srun: error: frontier00303: tasks 113-167: Terminated
srun: error: frontier00435: tasks 169-223: Terminated
srun: error: frontier01882: tasks 785-839: Terminated
srun: error: frontier01450: tasks 617-671: Terminated
srun: error: frontier01094: tasks 449-503: Terminated
srun: error: frontier00973: tasks 393-447: Terminated
srun: error: frontier00549: tasks 225-279: Terminated
srun: error: frontier01701: tasks 729-783: Terminated
srun: error: frontier01313: tasks 561-615: Terminated
srun: error: frontier01210: tasks 505-559: Terminated
srun: error: frontier01576: task 672: Terminated
srun: error: frontier00669: task 280: Terminated
srun: error: frontier00035: task 1: Terminated
srun: error: frontier01882: task 784: Terminated
srun: error: frontier00169: task 56: Terminated
srun: error: frontier00828: task 336: Terminated
srun: error: frontier00973: task 392: Terminated
srun: error: frontier00303: task 112: Terminated
srun: error: frontier01951: task 840: Terminated
srun: error: frontier01094: task 448: Terminated
srun: error: frontier00435: task 168: Terminated
srun: error: frontier01210: task 504: Terminated
srun: error: frontier00549: task 224: Terminated
srun: error: frontier01313: task 560: Terminated
srun: error: frontier01701: task 728: Terminated
srun: error: frontier01450: task 616: Terminated
srun: Force Terminated StepId=5137469.123
Running frontier nodes=16 ranks_per_node=56 dist=hierarchical_async_put_lockfree mode=fixed expected_us=100000 max_upper_fanout=-1
srun: Step created for StepId=5137469.124
RESULT distributor=hierarchical_async_put_lockfree mode=fixed expected_us=100000 nodes=16 world_size=896 max_upper_fanout=-1 total_tasks=174921 elapsed_s=20.0003 throughput_tasks_per_s=8745.9
MPICH Notice [Rank 0] [job id 5137469.124] [Sun Aug  2 01:59:08 2026] [frontier00035] - Abort(0) (rank 0 in comm 0): application called MPI_Abort(MPI_COMM_WORLD, 0) - process 0

aborting job:
application called MPI_Abort(MPI_COMM_WORLD, 0) - process 0
srun: error: frontier00035: task 0: Exited with exit code 255
srun: Terminating StepId=5137469.124
[2026-08-02T01:59:09.499] error: *** STEP 5137469.124 ON frontier00035 CANCELLED AT 2026-08-02T01:59:09 DUE TO TASK FAILURE ***
srun: error: frontier01951: tasks 841-895: Terminated
srun: error: frontier00169: tasks 57-111: Terminated
srun: error: frontier01210: tasks 505-559: Terminated
srun: error: frontier00973: tasks 393-447: Terminated
srun: error: frontier00435: tasks 169-223: Terminated
srun: error: frontier01576: tasks 673-727: Terminated
srun: error: frontier00303: tasks 113-167: Terminated
srun: error: frontier00669: tasks 281-335: Terminated
srun: error: frontier00828: tasks 337-391: Terminated
srun: error: frontier01701: tasks 729-783: Terminated
srun: error: frontier01882: tasks 785-839: Terminated
srun: error: frontier00035: tasks 2-55: Terminated
srun: error: frontier01313: tasks 561-615: Terminated
srun: error: frontier01094: tasks 449-503: Terminated
srun: error: frontier00549: tasks 225-279: Terminated
srun: error: frontier01450: tasks 617-671: Terminated
srun: error: frontier01951: task 840: Terminated
srun: error: frontier01210: task 504: Terminated
srun: error: frontier00169: task 56: Terminated
srun: error: frontier01576: task 672: Terminated
srun: error: frontier00973: task 392: Terminated
srun: error: frontier00669: task 280: Terminated
srun: error: frontier00435: task 168: Terminated
srun: error: frontier00828: task 336: Terminated
srun: error: frontier01701: task 728: Terminated
srun: error: frontier00303: task 112: Terminated
srun: error: frontier01882: task 784: Terminated
srun: error: frontier00035: task 1: Terminated
srun: error: frontier01450: task 616: Terminated
srun: error: frontier01313: task 560: Terminated
srun: error: frontier01094: task 448: Terminated
srun: error: frontier00549: task 224: Terminated
srun: Force Terminated StepId=5137469.124
Running frontier nodes=16 ranks_per_node=56 dist=hierarchical_async_put_lockfree mode=fixed expected_us=1000000 max_upper_fanout=-1
srun: Step created for StepId=5137469.125
RESULT distributor=hierarchical_async_put_lockfree mode=fixed expected_us=1000000 nodes=16 world_size=896 max_upper_fanout=-1 total_tasks=16701 elapsed_s=20 throughput_tasks_per_s=835.049
MPICH Notice [Rank 0] [job id 5137469.125] [Sun Aug  2 01:59:45 2026] [frontier00035] - Abort(0) (rank 0 in comm 0): application called MPI_Abort(MPI_COMM_WORLD, 0) - process 0

aborting job:
application called MPI_Abort(MPI_COMM_WORLD, 0) - process 0
srun: error: frontier00035: task 0: Exited with exit code 255
srun: Terminating StepId=5137469.125
[2026-08-02T01:59:46.364] error: *** STEP 5137469.125 ON frontier00035 CANCELLED AT 2026-08-02T01:59:46 DUE TO TASK FAILURE ***
srun: error: frontier01210: tasks 505-559: Terminated
srun: error: frontier01313: tasks 561-615: Terminated
srun: error: frontier00549: tasks 225-279: Terminated
srun: error: frontier00669: tasks 281-335: Terminated
srun: error: frontier00035: tasks 2-55: Terminated
srun: error: frontier01951: tasks 841-895: Terminated
srun: error: frontier00435: tasks 169-223: Terminated
srun: error: frontier00973: tasks 393-447: Terminated
srun: error: frontier00169: tasks 57-111: Terminated
srun: error: frontier01450: tasks 617-671: Terminated
srun: error: frontier01576: tasks 673-727: Terminated
srun: error: frontier01882: tasks 785-839: Terminated
srun: error: frontier00828: tasks 337-391: Terminated
srun: error: frontier01701: tasks 729-783: Terminated
srun: error: frontier01094: tasks 449-503: Terminated
srun: error: frontier00303: tasks 113-167: Terminated
srun: error: frontier01210: task 504: Terminated
srun: error: frontier00035: task 1: Terminated
srun: error: frontier00669: task 280: Terminated
srun: error: frontier00973: task 392: Terminated
srun: error: frontier01313: task 560: Terminated
srun: error: frontier00169: task 56: Terminated
srun: error: frontier00435: task 168: Terminated
srun: error: frontier00549: task 224: Terminated
srun: error: frontier01701: task 728: Terminated
srun: error: frontier00828: task 336: Terminated
srun: error: frontier01882: task 784: Terminated
srun: error: frontier01576: task 672: Terminated
srun: error: frontier01094: task 448: Terminated
srun: error: frontier01450: task 616: Terminated
srun: error: frontier01951: task 840: Terminated
srun: error: frontier00303: task 112: Terminated
srun: Force Terminated StepId=5137469.125
Running frontier nodes=16 ranks_per_node=56 dist=hierarchical_async_put_lockfree mode=random expected_us=10 max_upper_fanout=-1
srun: Step created for StepId=5137469.126
RESULT distributor=hierarchical_async_put_lockfree mode=random expected_us=10 nodes=16 world_size=896 max_upper_fanout=-1 total_tasks=58291907 elapsed_s=20.0002 throughput_tasks_per_s=2.91457e+06
MPICH Notice [Rank 0] [job id 5137469.126] [Sun Aug  2 02:00:22 2026] [frontier00035] - Abort(0) (rank 0 in comm 0): application called MPI_Abort(MPI_COMM_WORLD, 0) - process 0

aborting job:
application called MPI_Abort(MPI_COMM_WORLD, 0) - process 0
srun: error: frontier00035: task 0: Exited with exit code 255
srun: Terminating StepId=5137469.126
[2026-08-02T02:00:23.236] error: *** STEP 5137469.126 ON frontier00035 CANCELLED AT 2026-08-02T02:00:23 DUE TO TASK FAILURE ***
srun: error: frontier01094: tasks 449-503: Terminated
srun: error: frontier00435: tasks 169-223: Terminated
srun: error: frontier01882: tasks 785-839: Terminated
srun: error: frontier00549: tasks 225-279: Terminated
srun: error: frontier01210: tasks 505-559: Terminated
srun: error: frontier00973: tasks 393-447: Terminated
srun: error: frontier00035: tasks 2-55: Terminated
srun: error: frontier01951: tasks 841-895: Terminated
srun: error: frontier01576: tasks 673-727: Terminated
srun: error: frontier00303: tasks 113-167: Terminated
srun: error: frontier01313: tasks 561-615: Terminated
srun: error: frontier00169: tasks 57-111: Terminated
srun: error: frontier01450: tasks 617-671: Terminated
srun: error: frontier00828: tasks 337-391: Terminated
srun: error: frontier01701: tasks 729-783: Terminated
srun: error: frontier00669: tasks 281-335: Terminated
srun: error: frontier01094: task 448: Terminated
srun: error: frontier00035: task 1: Terminated
srun: error: frontier01210: task 504: Terminated
srun: error: frontier00435: task 168: Terminated
srun: error: frontier01882: task 784: Terminated
srun: error: frontier00973: task 392: Terminated
srun: error: frontier00669: task 280: Terminated
srun: error: frontier00549: task 224: Terminated
srun: error: frontier01951: task 840: Terminated
srun: error: frontier00169: task 56: Terminated
srun: error: frontier00303: task 112: Terminated
srun: error: frontier01313: task 560: Terminated
srun: error: frontier01576: task 672: Terminated
srun: error: frontier00828: task 336: Terminated
srun: error: frontier01701: task 728: Terminated
srun: error: frontier01450: task 616: Terminated
srun: Force Terminated StepId=5137469.126
Running frontier nodes=16 ranks_per_node=56 dist=hierarchical_async_put_lockfree mode=random expected_us=100 max_upper_fanout=-1
RESULT distributor=hierarchical_async_put_lockfree mode=random expected_us=100 nodes=16 world_size=896 max_upper_fanout=-1 total_tasks=56519261 elapsed_s=20.0002 throughput_tasks_per_s=2.82594e+06
MPICH Notice [Rank 0] [job id 5137469.127] [Sun Aug  2 02:00:59 2026] [frontier00035] - Abort(0) (rank 0 in comm 0): application called MPI_Abort(MPI_COMM_WORLD, 0) - process 0

aborting job:
application called MPI_Abort(MPI_COMM_WORLD, 0) - process 0
srun: error: frontier00035: task 0: Exited with exit code 255
srun: Terminating StepId=5137469.127
[2026-08-02T02:01:00.534] error: *** STEP 5137469.127 ON frontier00035 CANCELLED AT 2026-08-02T02:01:00 DUE TO TASK FAILURE ***
srun: error: frontier00035: tasks 2-55: Terminated
srun: error: frontier00169: tasks 57-111: Terminated
srun: error: frontier01094: tasks 449-503: Terminated
srun: error: frontier01313: tasks 561-615: Terminated
srun: error: frontier00828: tasks 337-391: Terminated
srun: error: frontier00435: tasks 169-223: Terminated
srun: error: frontier01951: tasks 841-895: Terminated
srun: error: frontier00669: tasks 281-335: Terminated
srun: error: frontier01882: tasks 785-839: Terminated
srun: error: frontier01210: tasks 505-559: Terminated
srun: error: frontier00303: tasks 113-167: Terminated
srun: error: frontier01450: tasks 617-671: Terminated
srun: error: frontier00973: tasks 393-447: Terminated
srun: error: frontier00549: tasks 225-279: Terminated
srun: error: frontier01701: tasks 729-783: Terminated
srun: error: frontier01576: tasks 673-727: Terminated
srun: error: frontier00035: task 1: Terminated
srun: error: frontier00435: task 168: Terminated
srun: error: frontier00828: task 336: Terminated
srun: error: frontier01094: task 448: Terminated
srun: error: frontier00169: task 56: Terminated
srun: error: frontier00669: task 280: Terminated
srun: error: frontier01313: task 560: Terminated
srun: error: frontier01951: task 840: Terminated
srun: error: frontier00303: task 112: Terminated
srun: error: frontier01210: task 504: Terminated
srun: error: frontier00973: task 392: Terminated
srun: error: frontier01450: task 616: Terminated
srun: error: frontier01882: task 784: Terminated
srun: error: frontier01576: task 672: Terminated
srun: error: frontier00549: task 224: Terminated
srun: error: frontier01701: task 728: Terminated
srun: Force Terminated StepId=5137469.127
Running frontier nodes=16 ranks_per_node=56 dist=hierarchical_async_put_lockfree mode=random expected_us=1000 max_upper_fanout=-1
srun: Step created for StepId=5137469.128
RESULT distributor=hierarchical_async_put_lockfree mode=random expected_us=1000 nodes=16 world_size=896 max_upper_fanout=-1 total_tasks=16534107 elapsed_s=20.0005 throughput_tasks_per_s=826686
MPICH Notice [Rank 0] [job id 5137469.128] [Sun Aug  2 02:01:36 2026] [frontier00035] - Abort(0) (rank 0 in comm 0): application called MPI_Abort(MPI_COMM_WORLD, 0) - process 0

aborting job:
application called MPI_Abort(MPI_COMM_WORLD, 0) - process 0
srun: error: frontier00035: task 0: Exited with exit code 255
srun: Terminating StepId=5137469.128
[2026-08-02T02:01:37.364] error: *** STEP 5137469.128 ON frontier00035 CANCELLED AT 2026-08-02T02:01:37 DUE TO TASK FAILURE ***
srun: error: frontier01450: tasks 617-671: Terminated
srun: error: frontier00435: tasks 169-223: Terminated
srun: error: frontier00549: tasks 225-279: Terminated
srun: error: frontier01210: tasks 505-559: Terminated
srun: error: frontier01951: tasks 841-895: Terminated
srun: error: frontier00828: tasks 337-391: Terminated
srun: error: frontier01313: tasks 561-615: Terminated
srun: error: frontier01882: tasks 785-839: Terminated
srun: error: frontier00669: tasks 281-335: Terminated
srun: error: frontier01701: tasks 729-783: Terminated
srun: error: frontier00169: tasks 57-111: Terminated
srun: error: frontier00303: tasks 113-167: Terminated
srun: error: frontier01094: tasks 449-503: Terminated
srun: error: frontier00035: tasks 2-55: Terminated
srun: error: frontier00973: tasks 393-447: Terminated
srun: error: frontier01576: tasks 673-727: Terminated
srun: error: frontier00435: task 168: Terminated
srun: error: frontier01210: task 504: Terminated
srun: error: frontier00828: task 336: Terminated
srun: error: frontier00549: task 224: Terminated
srun: error: frontier01450: task 616: Terminated
srun: error: frontier01882: task 784: Terminated
srun: error: frontier01951: task 840: Terminated
srun: error: frontier00669: task 280: Terminated
srun: error: frontier01313: task 560: Terminated
srun: error: frontier00169: task 56: Terminated
srun: error: frontier01701: task 728: Terminated
srun: error: frontier00035: task 1: Terminated
srun: error: frontier00303: task 112: Terminated
srun: error: frontier01094: task 448: Terminated
srun: error: frontier00973: task 392: Terminated
srun: error: frontier01576: task 672: Terminated
srun: Force Terminated StepId=5137469.128
Running frontier nodes=16 ranks_per_node=56 dist=hierarchical_async_put_lockfree mode=random expected_us=10000 max_upper_fanout=-1
RESULT distributor=hierarchical_async_put_lockfree mode=random expected_us=10000 nodes=16 world_size=896 max_upper_fanout=-1 total_tasks=1739522 elapsed_s=20.0009 throughput_tasks_per_s=86972.3
MPICH Notice [Rank 0] [job id 5137469.129] [Sun Aug  2 02:02:14 2026] [frontier00035] - Abort(0) (rank 0 in comm 0): application called MPI_Abort(MPI_COMM_WORLD, 0) - process 0

aborting job:
application called MPI_Abort(MPI_COMM_WORLD, 0) - process 0
srun: error: frontier00035: task 0: Exited with exit code 255
srun: Terminating StepId=5137469.129
[2026-08-02T02:02:16.214] error: *** STEP 5137469.129 ON frontier00035 CANCELLED AT 2026-08-02T02:02:16 DUE TO TASK FAILURE ***
srun: error: frontier00669: tasks 281-335: Terminated
srun: error: frontier00828: tasks 337-391: Terminated
srun: error: frontier01882: tasks 785-839: Terminated
srun: error: frontier01450: tasks 617-671: Terminated
srun: error: frontier01701: tasks 729-783: Terminated
srun: error: frontier01094: tasks 449-503: Terminated
srun: error: frontier01576: tasks 673-727: Terminated
srun: error: frontier01210: tasks 505-559: Terminated
srun: error: frontier00973: tasks 393-447: Terminated
srun: error: frontier00303: tasks 113-167: Terminated
srun: error: frontier01951: tasks 841-895: Terminated
srun: error: frontier00435: tasks 169-223: Terminated
srun: error: frontier00549: tasks 225-279: Terminated
srun: error: frontier01313: tasks 561-615: Terminated
srun: error: frontier00035: tasks 2-55: Terminated
srun: error: frontier00169: tasks 57-111: Terminated
srun: error: frontier00669: task 280: Terminated
srun: error: frontier00973: task 392: Terminated
srun: error: frontier01094: task 448: Terminated
srun: error: frontier01210: task 504: Terminated
srun: error: frontier00828: task 336: Terminated
srun: error: frontier01701: task 728: Terminated
srun: error: frontier01882: task 784: Terminated
srun: error: frontier01450: task 616: Terminated
srun: error: frontier01576: task 672: Terminated
srun: error: frontier00303: task 112: Terminated
srun: error: frontier00435: task 168: Terminated
srun: error: frontier01951: task 840: Terminated
srun: error: frontier00035: task 1: Terminated
srun: error: frontier00549: task 224: Terminated
srun: error: frontier01313: task 560: Terminated
srun: error: frontier00169: task 56: Terminated
srun: Force Terminated StepId=5137469.129
Running frontier nodes=16 ranks_per_node=56 dist=hierarchical_async_put_lockfree mode=random expected_us=100000 max_upper_fanout=-1
RESULT distributor=hierarchical_async_put_lockfree mode=random expected_us=100000 nodes=16 world_size=896 max_upper_fanout=-1 total_tasks=173696 elapsed_s=20.0002 throughput_tasks_per_s=8684.71
MPICH Notice [Rank 0] [job id 5137469.130] [Sun Aug  2 02:02:52 2026] [frontier00035] - Abort(0) (rank 0 in comm 0): application called MPI_Abort(MPI_COMM_WORLD, 0) - process 0

aborting job:
application called MPI_Abort(MPI_COMM_WORLD, 0) - process 0
srun: error: frontier00035: task 0: Exited with exit code 255
srun: Terminating StepId=5137469.130
[2026-08-02T02:02:54.169] error: *** STEP 5137469.130 ON frontier00035 CANCELLED AT 2026-08-02T02:02:54 DUE TO TASK FAILURE ***
srun: error: frontier01450: tasks 617-671: Terminated
srun: error: frontier00035: tasks 2-55: Terminated
srun: error: frontier00828: tasks 337-391: Terminated
srun: error: frontier01210: tasks 505-559: Terminated
srun: error: frontier00549: tasks 225-279: Terminated
srun: error: frontier01576: tasks 673-727: Terminated
srun: error: frontier00669: tasks 281-335: Terminated
srun: error: frontier01701: tasks 729-783: Terminated
srun: error: frontier01882: tasks 785-839: Terminated
srun: error: frontier00973: tasks 393-447: Terminated
srun: error: frontier00169: tasks 57-111: Terminated
srun: error: frontier00435: tasks 169-223: Terminated
srun: error: frontier01094: tasks 449-503: Terminated
srun: error: frontier00303: tasks 113-167: Terminated
srun: error: frontier01313: tasks 561-615: Terminated
srun: error: frontier01951: tasks 841-895: Terminated
srun: error: frontier00035: task 1: Terminated
srun: error: frontier00828: task 336: Terminated
srun: error: frontier01450: task 616: Terminated
srun: error: frontier01210: task 504: Terminated
srun: error: frontier01576: task 672: Terminated
srun: error: frontier00549: task 224: Terminated
srun: error: frontier00435: task 168: Terminated
srun: error: frontier00973: task 392: Terminated
srun: error: frontier00303: task 112: Terminated
srun: error: frontier00169: task 56: Terminated
srun: error: frontier00669: task 280: Terminated
srun: error: frontier01882: task 784: Terminated
srun: error: frontier01701: task 728: Terminated
srun: error: frontier01094: task 448: Terminated
srun: error: frontier01313: task 560: Terminated
srun: error: frontier01951: task 840: Terminated
srun: Force Terminated StepId=5137469.130
Running frontier nodes=16 ranks_per_node=56 dist=hierarchical_async_put_lockfree mode=random expected_us=1000000 max_upper_fanout=-1
RESULT distributor=hierarchical_async_put_lockfree mode=random expected_us=1000000 nodes=16 world_size=896 max_upper_fanout=-1 total_tasks=15965 elapsed_s=20.0001 throughput_tasks_per_s=798.245
MPICH Notice [Rank 0] [job id 5137469.131] [Sun Aug  2 02:03:30 2026] [frontier00035] - Abort(0) (rank 0 in comm 0): application called MPI_Abort(MPI_COMM_WORLD, 0) - process 0

aborting job:
application called MPI_Abort(MPI_COMM_WORLD, 0) - process 0
srun: error: frontier00035: task 0: Exited with exit code 255
srun: Terminating StepId=5137469.131
[2026-08-02T02:03:31.807] error: *** STEP 5137469.131 ON frontier00035 CANCELLED AT 2026-08-02T02:03:31 DUE TO TASK FAILURE ***
srun: error: frontier00828: tasks 337-391: Terminated
srun: error: frontier00435: tasks 169-223: Terminated
srun: error: frontier01450: tasks 617-671: Terminated
srun: error: frontier01701: tasks 729-783: Terminated
srun: error: frontier01094: tasks 449-503: Terminated
srun: error: frontier00035: tasks 2-55: Terminated
srun: error: frontier00973: tasks 393-447: Terminated
srun: error: frontier00169: tasks 57-111: Terminated
srun: error: frontier00549: tasks 225-279: Terminated
srun: error: frontier01882: tasks 785-839: Terminated
srun: error: frontier01313: tasks 561-615: Terminated
srun: error: frontier01951: tasks 841-895: Terminated
srun: error: frontier00669: tasks 281-335: Terminated
srun: error: frontier01210: tasks 505-559: Terminated
srun: error: frontier01576: tasks 673-727: Terminated
srun: error: frontier00303: tasks 113-167: Terminated
srun: error: frontier00435: task 168: Terminated
srun: error: frontier00828: task 336: Terminated
srun: error: frontier00035: task 1: Terminated
srun: error: frontier00669: task 280: Terminated
srun: error: frontier00973: task 392: Terminated
srun: error: frontier01094: task 448: Terminated
srun: error: frontier01882: task 784: Terminated
srun: error: frontier00549: task 224: Terminated
srun: error: frontier01210: task 504: Terminated
srun: error: frontier01701: task 728: Terminated
srun: error: frontier01951: task 840: Terminated
srun: error: frontier00303: task 112: Terminated
srun: error: frontier00169: task 56: Terminated
srun: error: frontier01450: task 616: Terminated
srun: error: frontier01576: task 672: Terminated
srun: error: frontier01313: task 560: Terminated
srun: Force Terminated StepId=5137469.131
Running frontier nodes=16 ranks_per_node=56 dist=hierarchical_async_put_lockfree mode=fixed expected_us=10 max_upper_fanout=0
srun: Step created for StepId=5137469.132
RESULT distributor=hierarchical_async_put_lockfree mode=fixed expected_us=10 nodes=16 world_size=896 max_upper_fanout=0 total_tasks=58273997 elapsed_s=20.0001 throughput_tasks_per_s=2.91368e+06
MPICH Notice [Rank 0] [job id 5137469.132] [Sun Aug  2 02:04:07 2026] [frontier00035] - Abort(0) (rank 0 in comm 0): application called MPI_Abort(MPI_COMM_WORLD, 0) - process 0

aborting job:
application called MPI_Abort(MPI_COMM_WORLD, 0) - process 0
srun: error: frontier00035: task 0: Exited with exit code 255
srun: Terminating StepId=5137469.132
[2026-08-02T02:04:08.712] error: *** STEP 5137469.132 ON frontier00035 CANCELLED AT 2026-08-02T02:04:08 DUE TO TASK FAILURE ***
srun: error: frontier00303: tasks 113-167: Terminated
srun: error: frontier00549: tasks 225-279: Terminated
srun: error: frontier00035: tasks 2-55: Terminated
srun: error: frontier01882: tasks 785-839: Terminated
srun: error: frontier01450: tasks 617-671: Terminated
srun: error: frontier01701: tasks 729-783: Terminated
srun: error: frontier01210: tasks 505-559: Terminated
srun: error: frontier00435: tasks 169-223: Terminated
srun: error: frontier01094: tasks 449-503: Terminated
srun: error: frontier00828: tasks 337-391: Terminated
srun: error: frontier00669: tasks 281-335: Terminated
srun: error: frontier01951: tasks 841-895: Terminated
srun: error: frontier01313: tasks 561-615: Terminated
srun: error: frontier00169: tasks 57-111: Terminated
srun: error: frontier01576: tasks 673-727: Terminated
srun: error: frontier00973: tasks 393-447: Terminated
srun: error: frontier00303: task 112: Terminated
srun: error: frontier00035: task 1: Terminated
srun: error: frontier00549: task 224: Terminated
srun: error: frontier01882: task 784: Terminated
srun: error: frontier01210: task 504: Terminated
srun: error: frontier00435: task 168: Terminated
srun: error: frontier00973: task 392: Terminated
srun: error: frontier00669: task 280: Terminated
srun: error: frontier00828: task 336: Terminated
srun: error: frontier01450: task 616: Terminated
srun: error: frontier01701: task 728: Terminated
srun: error: frontier00169: task 56: Terminated
srun: error: frontier01313: task 560: Terminated
srun: error: frontier01951: task 840: Terminated
srun: error: frontier01094: task 448: Terminated
srun: error: frontier01576: task 672: Terminated
srun: Force Terminated StepId=5137469.132
Running frontier nodes=16 ranks_per_node=56 dist=hierarchical_async_put_lockfree mode=fixed expected_us=100 max_upper_fanout=0
srun: Step created for StepId=5137469.133
RESULT distributor=hierarchical_async_put_lockfree mode=fixed expected_us=100 nodes=16 world_size=896 max_upper_fanout=0 total_tasks=57974460 elapsed_s=20.0007 throughput_tasks_per_s=2.89862e+06
MPICH Notice [Rank 0] [job id 5137469.133] [Sun Aug  2 02:04:44 2026] [frontier00035] - Abort(0) (rank 0 in comm 0): application called MPI_Abort(MPI_COMM_WORLD, 0) - process 0

aborting job:
application called MPI_Abort(MPI_COMM_WORLD, 0) - process 0
srun: error: frontier00035: task 0: Exited with exit code 255
srun: Terminating StepId=5137469.133
[2026-08-02T02:04:45.648] error: *** STEP 5137469.133 ON frontier00035 CANCELLED AT 2026-08-02T02:04:45 DUE TO TASK FAILURE ***
srun: error: frontier01094: tasks 449-503: Terminated
srun: error: frontier01576: tasks 673-727: Terminated
srun: error: frontier00973: tasks 393-447: Terminated
srun: error: frontier00435: tasks 169-223: Terminated
srun: error: frontier01951: tasks 841-895: Terminated
srun: error: frontier00169: tasks 57-111: Terminated
srun: error: frontier01210: tasks 505-559: Terminated
srun: error: frontier01701: tasks 729-783: Terminated
srun: error: frontier00303: tasks 113-167: Terminated
srun: error: frontier00669: tasks 281-335: Terminated
srun: error: frontier00549: tasks 225-279: Terminated
srun: error: frontier01882: tasks 785-839: Terminated
srun: error: frontier00828: tasks 337-391: Terminated
srun: error: frontier00035: tasks 2-55: Terminated
srun: error: frontier01450: tasks 617-671: Terminated
srun: error: frontier01313: tasks 561-615: Terminated
srun: error: frontier00973: task 392: Terminated
srun: error: frontier01094: task 448: Terminated
srun: error: frontier01576: task 672: Terminated
srun: error: frontier01210: task 504: Terminated
srun: error: frontier00435: task 168: Terminated
srun: error: frontier00669: task 280: Terminated
srun: error: frontier00169: task 56: Terminated
srun: error: frontier01882: task 784: Terminated
srun: error: frontier01450: task 616: Terminated
srun: error: frontier01701: task 728: Terminated
srun: error: frontier01313: task 560: Terminated
srun: error: frontier00828: task 336: Terminated
srun: error: frontier01951: task 840: Terminated
srun: error: frontier00303: task 112: Terminated
srun: error: frontier00549: task 224: Terminated
srun: error: frontier00035: task 1: Terminated
srun: Force Terminated StepId=5137469.133
Running frontier nodes=16 ranks_per_node=56 dist=hierarchical_async_put_lockfree mode=fixed expected_us=1000 max_upper_fanout=0
RESULT distributor=hierarchical_async_put_lockfree mode=fixed expected_us=1000 nodes=16 world_size=896 max_upper_fanout=0 total_tasks=15949966 elapsed_s=20.0008 throughput_tasks_per_s=797466
MPICH Notice [Rank 0] [job id 5137469.134] [Sun Aug  2 02:05:21 2026] [frontier00035] - Abort(0) (rank 0 in comm 0): application called MPI_Abort(MPI_COMM_WORLD, 0) - process 0

aborting job:
application called MPI_Abort(MPI_COMM_WORLD, 0) - process 0
srun: error: frontier00035: task 0: Exited with exit code 255
srun: Terminating StepId=5137469.134
[2026-08-02T02:05:22.479] error: *** STEP 5137469.134 ON frontier00035 CANCELLED AT 2026-08-02T02:05:22 DUE TO TASK FAILURE ***
srun: error: frontier00169: tasks 57-111: Terminated
srun: error: frontier01701: tasks 729-783: Terminated
srun: error: frontier01094: tasks 449-503: Terminated
srun: error: frontier01951: tasks 841-895: Terminated
srun: error: frontier00549: tasks 225-279: Terminated
srun: error: frontier00435: tasks 169-223: Terminated
srun: error: frontier01313: tasks 561-615: Terminated
srun: error: frontier00973: tasks 393-447: Terminated
srun: error: frontier01210: tasks 505-559: Terminated
srun: error: frontier00828: tasks 337-391: Terminated
srun: error: frontier01882: tasks 785-839: Terminated
srun: error: frontier00669: tasks 281-335: Terminated
srun: error: frontier00303: tasks 113-167: Terminated
srun: error: frontier01576: tasks 673-727: Terminated
srun: error: frontier00035: tasks 2-55: Terminated
srun: error: frontier01450: tasks 617-671: Terminated
srun: error: frontier00169: task 56: Terminated
srun: error: frontier01094: task 448: Terminated
srun: error: frontier01701: task 728: Terminated
srun: error: frontier00035: task 1: Terminated
srun: error: frontier01210: task 504: Terminated
srun: error: frontier01951: task 840: Terminated
srun: error: frontier00549: task 224: Terminated
srun: error: frontier01450: task 616: Terminated
srun: error: frontier00828: task 336: Terminated
srun: error: frontier00973: task 392: Terminated
srun: error: frontier00435: task 168: Terminated
srun: error: frontier01313: task 560: Terminated
srun: error: frontier00669: task 280: Terminated
srun: error: frontier01882: task 784: Terminated
srun: error: frontier00303: task 112: Terminated
srun: error: frontier01576: task 672: Terminated
srun: Force Terminated StepId=5137469.134
Running frontier nodes=16 ranks_per_node=56 dist=hierarchical_async_put_lockfree mode=fixed expected_us=10000 max_upper_fanout=0
RESULT distributor=hierarchical_async_put_lockfree mode=fixed expected_us=10000 nodes=16 world_size=896 max_upper_fanout=0 total_tasks=1738223 elapsed_s=20.0009 throughput_tasks_per_s=86907.2
MPICH Notice [Rank 0] [job id 5137469.135] [Sun Aug  2 02:05:59 2026] [frontier00035] - Abort(0) (rank 0 in comm 0): application called MPI_Abort(MPI_COMM_WORLD, 0) - process 0

aborting job:
application called MPI_Abort(MPI_COMM_WORLD, 0) - process 0
srun: error: frontier00035: task 0: Exited with exit code 255
srun: Terminating StepId=5137469.135
[2026-08-02T02:06:00.656] error: *** STEP 5137469.135 ON frontier00035 CANCELLED AT 2026-08-02T02:06:00 DUE TO TASK FAILURE ***
srun: error: frontier01094: tasks 449-503: Terminated
srun: error: frontier01951: tasks 841-895: Terminated
srun: error: frontier01210: tasks 505-559: Terminated
srun: error: frontier01576: tasks 673-727: Terminated
srun: error: frontier00169: tasks 57-111: Terminated
srun: error: frontier00973: tasks 393-447: Terminated
srun: error: frontier00303: tasks 113-167: Terminated
srun: error: frontier01701: tasks 729-783: Terminated
srun: error: frontier01313: tasks 561-615: Terminated
srun: error: frontier00549: tasks 225-279: Terminated
srun: error: frontier01882: tasks 785-839: Terminated
srun: error: frontier00435: tasks 169-223: Terminated
srun: error: frontier00669: tasks 281-335: Terminated
srun: error: frontier01450: tasks 617-671: Terminated
srun: error: frontier00035: tasks 2-55: Terminated
srun: error: frontier00828: tasks 337-391: Terminated
srun: error: frontier00169: task 56: Terminated
srun: error: frontier01094: task 448: Terminated
srun: error: frontier01210: task 504: Terminated
srun: error: frontier00303: task 112: Terminated
srun: error: frontier00973: task 392: Terminated
srun: error: frontier01701: task 728: Terminated
srun: error: frontier01576: task 672: Terminated
srun: error: frontier01313: task 560: Terminated
srun: error: frontier00549: task 224: Terminated
srun: error: frontier01882: task 784: Terminated
srun: error: frontier00435: task 168: Terminated
srun: error: frontier00669: task 280: Terminated
srun: error: frontier01951: task 840: Terminated
srun: error: frontier00035: task 1: Terminated
srun: error: frontier01450: task 616: Terminated
srun: error: frontier00828: task 336: Terminated
srun: Force Terminated StepId=5137469.135
Running frontier nodes=16 ranks_per_node=56 dist=hierarchical_async_put_lockfree mode=fixed expected_us=100000 max_upper_fanout=0
srun: Step created for StepId=5137469.136
RESULT distributor=hierarchical_async_put_lockfree mode=fixed expected_us=100000 nodes=16 world_size=896 max_upper_fanout=0 total_tasks=174921 elapsed_s=20.0003 throughput_tasks_per_s=8745.93
MPICH Notice [Rank 0] [job id 5137469.136] [Sun Aug  2 02:06:36 2026] [frontier00035] - Abort(0) (rank 0 in comm 0): application called MPI_Abort(MPI_COMM_WORLD, 0) - process 0

aborting job:
application called MPI_Abort(MPI_COMM_WORLD, 0) - process 0
srun: error: frontier00035: task 0: Exited with exit code 255
srun: Terminating StepId=5137469.136
[2026-08-02T02:06:37.728] error: *** STEP 5137469.136 ON frontier00035 CANCELLED AT 2026-08-02T02:06:37 DUE TO TASK FAILURE ***
srun: error: frontier00669: tasks 281-335: Terminated
srun: error: frontier01576: tasks 673-727: Terminated
srun: error: frontier00169: tasks 57-111: Terminated
srun: error: frontier01882: tasks 785-839: Terminated
srun: error: frontier00973: tasks 393-447: Terminated
srun: error: frontier00549: tasks 225-279: Terminated
srun: error: frontier01701: tasks 729-783: Terminated
srun: error: frontier00828: tasks 337-391: Terminated
srun: error: frontier01951: tasks 841-895: Terminated
srun: error: frontier01094: tasks 449-503: Terminated
srun: error: frontier00303: tasks 113-167: Terminated
srun: error: frontier01210: tasks 505-559: Terminated
srun: error: frontier00435: tasks 169-223: Terminated
srun: error: frontier00035: tasks 2-55: Terminated
srun: error: frontier01313: tasks 561-615: Terminated
srun: error: frontier01450: tasks 617-671: Terminated
srun: error: frontier00669: task 280: Terminated
srun: error: frontier00973: task 392: Terminated
srun: error: frontier00169: task 56: Terminated
srun: error: frontier01882: task 784: Terminated
srun: error: frontier01576: task 672: Terminated
srun: error: frontier00828: task 336: Terminated
srun: error: frontier00549: task 224: Terminated
srun: error: frontier01210: task 504: Terminated
srun: error: frontier01951: task 840: Terminated
srun: error: frontier00435: task 168: Terminated
srun: error: frontier00303: task 112: Terminated
srun: error: frontier01701: task 728: Terminated
srun: error: frontier00035: task 1: Terminated
srun: error: frontier01094: task 448: Terminated
srun: error: frontier01450: task 616: Terminated
srun: error: frontier01313: task 560: Terminated
srun: Force Terminated StepId=5137469.136
Running frontier nodes=16 ranks_per_node=56 dist=hierarchical_async_put_lockfree mode=fixed expected_us=1000000 max_upper_fanout=0
srun: Step created for StepId=5137469.137
RESULT distributor=hierarchical_async_put_lockfree mode=fixed expected_us=1000000 nodes=16 world_size=896 max_upper_fanout=0 total_tasks=16701 elapsed_s=20.0001 throughput_tasks_per_s=835.045
MPICH Notice [Rank 0] [job id 5137469.137] [Sun Aug  2 02:07:13 2026] [frontier00035] - Abort(0) (rank 0 in comm 0): application called MPI_Abort(MPI_COMM_WORLD, 0) - process 0

aborting job:
application called MPI_Abort(MPI_COMM_WORLD, 0) - process 0
srun: error: frontier00035: task 0: Exited with exit code 255
srun: Terminating StepId=5137469.137
[2026-08-02T02:07:14.533] error: *** STEP 5137469.137 ON frontier00035 CANCELLED AT 2026-08-02T02:07:14 DUE TO TASK FAILURE ***
srun: error: frontier00035: tasks 2-55: Terminated
srun: error: frontier01576: tasks 673-727: Terminated
srun: error: frontier00435: tasks 169-223: Terminated
srun: error: frontier00303: tasks 113-167: Terminated
srun: error: frontier01210: tasks 505-559: Terminated
srun: error: frontier00669: tasks 281-335: Terminated
srun: error: frontier00169: tasks 57-111: Terminated
srun: error: frontier01882: tasks 785-839: Terminated
srun: error: frontier01450: tasks 617-671: Terminated
srun: error: frontier01951: tasks 841-895: Terminated
srun: error: frontier01701: tasks 729-783: Terminated
srun: error: frontier00973: tasks 393-447: Terminated
srun: error: frontier00828: tasks 337-391: Terminated
srun: error: frontier00549: tasks 225-279: Terminated
srun: error: frontier01094: tasks 449-503: Terminated
srun: error: frontier01313: tasks 561-615: Terminated
srun: error: frontier00035: task 1: Terminated
srun: error: frontier00303: task 112: Terminated
srun: error: frontier00435: task 168: Terminated
srun: error: frontier01210: task 504: Terminated
srun: error: frontier00669: task 280: Terminated
srun: error: frontier01576: task 672: Terminated
srun: error: frontier00169: task 56: Terminated
srun: error: frontier01450: task 616: Terminated
srun: error: frontier01882: task 784: Terminated
srun: error: frontier00973: task 392: Terminated
srun: error: frontier01951: task 840: Terminated
srun: error: frontier00828: task 336: Terminated
srun: error: frontier01701: task 728: Terminated
srun: error: frontier01094: task 448: Terminated
srun: error: frontier00549: task 224: Terminated
srun: error: frontier01313: task 560: Terminated
srun: Force Terminated StepId=5137469.137
Running frontier nodes=16 ranks_per_node=56 dist=hierarchical_async_put_lockfree mode=random expected_us=10 max_upper_fanout=0
srun: Step created for StepId=5137469.138
RESULT distributor=hierarchical_async_put_lockfree mode=random expected_us=10 nodes=16 world_size=896 max_upper_fanout=0 total_tasks=57962651 elapsed_s=20.0008 throughput_tasks_per_s=2.89802e+06
MPICH Notice [Rank 0] [job id 5137469.138] [Sun Aug  2 02:07:50 2026] [frontier00035] - Abort(0) (rank 0 in comm 0): application called MPI_Abort(MPI_COMM_WORLD, 0) - process 0

aborting job:
application called MPI_Abort(MPI_COMM_WORLD, 0) - process 0
srun: error: frontier00035: task 0: Exited with exit code 255
srun: Terminating StepId=5137469.138
[2026-08-02T02:07:51.637] error: *** STEP 5137469.138 ON frontier00035 CANCELLED AT 2026-08-02T02:07:51 DUE TO TASK FAILURE ***
srun: error: frontier01094: tasks 449-503: Terminated
srun: error: frontier00828: tasks 337-391: Terminated
srun: error: frontier00973: tasks 393-447: Terminated
srun: error: frontier00035: tasks 2-55: Terminated
srun: error: frontier01882: tasks 785-839: Terminated
srun: error: frontier01210: tasks 505-559: Terminated
srun: error: frontier01450: tasks 617-671: Terminated
srun: error: frontier00435: tasks 169-223: Terminated
srun: error: frontier01701: tasks 729-783: Terminated
srun: error: frontier00169: tasks 57-111: Terminated
srun: error: frontier00303: tasks 113-167: Terminated
srun: error: frontier00669: tasks 281-335: Terminated
srun: error: frontier00549: tasks 225-279: Terminated
srun: error: frontier01951: tasks 841-895: Terminated
srun: error: frontier01576: tasks 673-727: Terminated
srun: error: frontier01313: tasks 561-615: Terminated
srun: error: frontier00035: task 1: Terminated
srun: error: frontier00828: task 336: Terminated
srun: error: frontier00973: task 392: Terminated
srun: error: frontier01094: task 448: Terminated
srun: error: frontier01210: task 504: Terminated
srun: error: frontier01450: task 616: Terminated
srun: error: frontier00669: task 280: Terminated
srun: error: frontier01882: task 784: Terminated
srun: error: frontier00303: task 112: Terminated
srun: error: frontier00435: task 168: Terminated
srun: error: frontier00549: task 224: Terminated
srun: error: frontier01701: task 728: Terminated
srun: error: frontier00169: task 56: Terminated
srun: error: frontier01951: task 840: Terminated
srun: error: frontier01313: task 560: Terminated
srun: error: frontier01576: task 672: Terminated
srun: Force Terminated StepId=5137469.138
Running frontier nodes=16 ranks_per_node=56 dist=hierarchical_async_put_lockfree mode=random expected_us=100 max_upper_fanout=0
srun: Step created for StepId=5137469.139
RESULT distributor=hierarchical_async_put_lockfree mode=random expected_us=100 nodes=16 world_size=896 max_upper_fanout=0 total_tasks=56310856 elapsed_s=20.001 throughput_tasks_per_s=2.81541e+06
MPICH Notice [Rank 0] [job id 5137469.139] [Sun Aug  2 02:08:26 2026] [frontier00035] - Abort(0) (rank 0 in comm 0): application called MPI_Abort(MPI_COMM_WORLD, 0) - process 0

aborting job:
application called MPI_Abort(MPI_COMM_WORLD, 0) - process 0
srun: error: frontier00035: task 0: Exited with exit code 255
srun: Terminating StepId=5137469.139
[2026-08-02T02:08:28.012] error: *** STEP 5137469.139 ON frontier00035 CANCELLED AT 2026-08-02T02:08:28 DUE TO TASK FAILURE ***
srun: error: frontier00035: tasks 2-55: Terminated
srun: error: frontier01701: tasks 729-783: Terminated
srun: error: frontier01576: tasks 673-727: Terminated
srun: error: frontier00828: tasks 337-391: Terminated
srun: error: frontier01882: tasks 785-839: Terminated
srun: error: frontier01313: tasks 561-615: Terminated
srun: error: frontier00669: tasks 281-335: Terminated
srun: error: frontier00169: tasks 57-111: Terminated
srun: error: frontier00435: tasks 169-223: Terminated
srun: error: frontier00549: tasks 225-279: Terminated
srun: error: frontier00303: tasks 113-167: Terminated
srun: error: frontier01450: tasks 617-671: Terminated
srun: error: frontier01951: tasks 841-895: Terminated
srun: error: frontier01094: tasks 449-503: Terminated
srun: error: frontier00973: tasks 393-447: Terminated
srun: error: frontier01210: tasks 505-559: Terminated
srun: error: frontier00035: task 1: Terminated
srun: error: frontier00828: task 336: Terminated
srun: error: frontier01576: task 672: Terminated
srun: error: frontier01701: task 728: Terminated
srun: error: frontier00169: task 56: Terminated
srun: error: frontier01210: task 504: Terminated
srun: error: frontier00669: task 280: Terminated
srun: error: frontier00303: task 112: Terminated
srun: error: frontier01882: task 784: Terminated
srun: error: frontier00973: task 392: Terminated
srun: error: frontier00435: task 168: Terminated
srun: error: frontier01450: task 616: Terminated
srun: error: frontier00549: task 224: Terminated
srun: error: frontier01094: task 448: Terminated
srun: error: frontier01313: task 560: Terminated
srun: error: frontier01951: task 840: Terminated
srun: Force Terminated StepId=5137469.139
Running frontier nodes=16 ranks_per_node=56 dist=hierarchical_async_put_lockfree mode=random expected_us=1000 max_upper_fanout=0
RESULT distributor=hierarchical_async_put_lockfree mode=random expected_us=1000 nodes=16 world_size=896 max_upper_fanout=0 total_tasks=16532144 elapsed_s=20.0006 throughput_tasks_per_s=826584
MPICH Notice [Rank 0] [job id 5137469.140] [Sun Aug  2 02:09:03 2026] [frontier00035] - Abort(0) (rank 0 in comm 0): application called MPI_Abort(MPI_COMM_WORLD, 0) - process 0

aborting job:
application called MPI_Abort(MPI_COMM_WORLD, 0) - process 0
srun: error: frontier00035: task 0: Exited with exit code 255
srun: Terminating StepId=5137469.140
[2026-08-02T02:09:04.895] error: *** STEP 5137469.140 ON frontier00035 CANCELLED AT 2026-08-02T02:09:04 DUE TO TASK FAILURE ***
srun: error: frontier01450: tasks 617-671: Terminated
srun: error: frontier00549: tasks 225-279: Terminated
srun: error: frontier01701: tasks 729-783: Terminated
srun: error: frontier01094: tasks 449-503: Terminated
srun: error: frontier00828: tasks 337-391: Terminated
srun: error: frontier00973: tasks 393-447: Terminated
srun: error: frontier01313: tasks 561-615: Terminated
srun: error: frontier01882: tasks 785-839: Terminated
srun: error: frontier01210: tasks 505-559: Terminated
srun: error: frontier01951: tasks 841-895: Terminated
srun: error: frontier00035: tasks 2-55: Terminated
srun: error: frontier00435: tasks 169-223: Terminated
srun: error: frontier00669: tasks 281-335: Terminated
srun: error: frontier00303: tasks 113-167: Terminated
srun: error: frontier01576: tasks 673-727: Terminated
srun: error: frontier00169: tasks 57-111: Terminated
srun: error: frontier01701: task 728: Terminated
srun: error: frontier01450: task 616: Terminated
srun: error: frontier00549: task 224: Terminated
srun: error: frontier01210: task 504: Terminated
srun: error: frontier01094: task 448: Terminated
srun: error: frontier00828: task 336: Terminated
srun: error: frontier00973: task 392: Terminated
srun: error: frontier00035: task 1: Terminated
srun: error: frontier01882: task 784: Terminated
srun: error: frontier01313: task 560: Terminated
srun: error: frontier01951: task 840: Terminated
srun: error: frontier00169: task 56: Terminated
srun: error: frontier00303: task 112: Terminated
srun: error: frontier00435: task 168: Terminated
srun: error: frontier00669: task 280: Terminated
srun: error: frontier01576: task 672: Terminated
srun: Force Terminated StepId=5137469.140
Running frontier nodes=16 ranks_per_node=56 dist=hierarchical_async_put_lockfree mode=random expected_us=10000 max_upper_fanout=0
srun: Step created for StepId=5137469.141
RESULT distributor=hierarchical_async_put_lockfree mode=random expected_us=10000 nodes=16 world_size=896 max_upper_fanout=0 total_tasks=1739215 elapsed_s=20.001 throughput_tasks_per_s=86956.5
MPICH Notice [Rank 0] [job id 5137469.141] [Sun Aug  2 02:09:44 2026] [frontier00035] - Abort(0) (rank 0 in comm 0): application called MPI_Abort(MPI_COMM_WORLD, 0) - process 0

aborting job:
application called MPI_Abort(MPI_COMM_WORLD, 0) - process 0
srun: error: frontier00035: task 0: Exited with exit code 255
srun: Terminating StepId=5137469.141
[2026-08-02T02:09:45.289] error: *** STEP 5137469.141 ON frontier00035 CANCELLED AT 2026-08-02T02:09:45 DUE TO TASK FAILURE ***
srun: error: frontier01882: tasks 785-839: Terminated
srun: error: frontier00549: tasks 225-279: Terminated
srun: error: frontier00035: tasks 2-55: Terminated
srun: error: frontier01210: tasks 505-559: Terminated
srun: error: frontier00669: tasks 281-335: Terminated
srun: error: frontier00169: tasks 57-111: Terminated
srun: error: frontier01701: tasks 729-783: Terminated
srun: error: frontier00303: tasks 113-167: Terminated
srun: error: frontier00435: tasks 169-223: Terminated
srun: error: frontier00828: tasks 337-391: Terminated
srun: error: frontier01313: tasks 561-615: Terminated
srun: error: frontier01951: tasks 841-895: Terminated
srun: error: frontier00973: tasks 393-447: Terminated
srun: error: frontier01450: tasks 617-671: Terminated
srun: error: frontier01094: tasks 449-503: Terminated
srun: error: frontier01576: tasks 673-727: Terminated
srun: error: frontier00035: task 1: Terminated
srun: error: frontier00669: task 280: Terminated
srun: error: frontier01882: task 784: Terminated
srun: error: frontier01210: task 504: Terminated
srun: error: frontier00549: task 224: Terminated
srun: error: frontier00435: task 168: Terminated
srun: error: frontier01701: task 728: Terminated
srun: error: frontier00973: task 392: Terminated
srun: error: frontier01951: task 840: Terminated
srun: error: frontier00303: task 112: Terminated
srun: error: frontier01094: task 448: Terminated
srun: error: frontier01313: task 560: Terminated
srun: error: frontier01450: task 616: Terminated
srun: error: frontier00828: task 336: Terminated
srun: error: frontier01576: task 672: Terminated
srun: error: frontier00169: task 56: Terminated
srun: Force Terminated StepId=5137469.141
Running frontier nodes=16 ranks_per_node=56 dist=hierarchical_async_put_lockfree mode=random expected_us=100000 max_upper_fanout=0
RESULT distributor=hierarchical_async_put_lockfree mode=random expected_us=100000 nodes=16 world_size=896 max_upper_fanout=0 total_tasks=174533 elapsed_s=20.0003 throughput_tasks_per_s=8726.53
MPICH Notice [Rank 0] [job id 5137469.142] [Sun Aug  2 02:10:21 2026] [frontier00035] - Abort(0) (rank 0 in comm 0): application called MPI_Abort(MPI_COMM_WORLD, 0) - process 0

aborting job:
application called MPI_Abort(MPI_COMM_WORLD, 0) - process 0
srun: error: frontier00035: task 0: Exited with exit code 255
srun: Terminating StepId=5137469.142
[2026-08-02T02:10:22.250] error: *** STEP 5137469.142 ON frontier00035 CANCELLED AT 2026-08-02T02:10:22 DUE TO TASK FAILURE ***
srun: error: frontier01701: tasks 729-783: Terminated
srun: error: frontier00973: tasks 393-447: Terminated
srun: error: frontier00435: tasks 169-223: Terminated
srun: error: frontier01576: tasks 673-727: Terminated
srun: error: frontier01313: tasks 561-615: Terminated
srun: error: frontier00169: tasks 57-111: Terminated
srun: error: frontier01210: tasks 505-559: Terminated
srun: error: frontier00303: tasks 113-167: Terminated
srun: error: frontier00035: tasks 2-55: Terminated
srun: error: frontier00549: tasks 225-279: Terminated
srun: error: frontier00828: tasks 337-391: Terminated
srun: error: frontier00669: tasks 281-335: Terminated
srun: error: frontier01094: tasks 449-503: Terminated
srun: error: frontier01951: tasks 841-895: Terminated
srun: error: frontier01882: tasks 785-839: Terminated
srun: error: frontier01450: tasks 617-671: Terminated
srun: error: frontier01210: task 504: Terminated
srun: error: frontier00973: task 392: Terminated
srun: error: frontier00035: task 1: Terminated
srun: error: frontier01701: task 728: Terminated
srun: error: frontier00303: task 112: Terminated
srun: error: frontier00435: task 168: Terminated
srun: error: frontier01576: task 672: Terminated
srun: error: frontier00169: task 56: Terminated
srun: error: frontier01313: task 560: Terminated
srun: error: frontier00669: task 280: Terminated
srun: error: frontier01094: task 448: Terminated
srun: error: frontier00549: task 224: Terminated
srun: error: frontier00828: task 336: Terminated
srun: error: frontier01882: task 784: Terminated
srun: error: frontier01951: task 840: Terminated
srun: error: frontier01450: task 616: Terminated
srun: Force Terminated StepId=5137469.142
Running frontier nodes=16 ranks_per_node=56 dist=hierarchical_async_put_lockfree mode=random expected_us=1000000 max_upper_fanout=0
srun: Step created for StepId=5137469.143
RESULT distributor=hierarchical_async_put_lockfree mode=random expected_us=1000000 nodes=16 world_size=896 max_upper_fanout=0 total_tasks=15872 elapsed_s=20.0001 throughput_tasks_per_s=793.595
MPICH Notice [Rank 0] [job id 5137469.143] [Sun Aug  2 02:10:58 2026] [frontier00035] - Abort(0) (rank 0 in comm 0): application called MPI_Abort(MPI_COMM_WORLD, 0) - process 0

aborting job:
application called MPI_Abort(MPI_COMM_WORLD, 0) - process 0
srun: error: frontier00035: task 0: Exited with exit code 255
srun: Terminating StepId=5137469.143
[2026-08-02T02:10:59.104] error: *** STEP 5137469.143 ON frontier00035 CANCELLED AT 2026-08-02T02:10:59 DUE TO TASK FAILURE ***
srun: error: frontier00169: tasks 57-111: Terminated
srun: error: frontier00828: tasks 337-391: Terminated
srun: error: frontier00669: tasks 281-335: Terminated
srun: error: frontier01313: tasks 561-615: Terminated
srun: error: frontier01094: tasks 449-503: Terminated
srun: error: frontier00035: tasks 2-55: Terminated
srun: error: frontier01701: tasks 729-783: Terminated
srun: error: frontier00303: tasks 113-167: Terminated
srun: error: frontier01882: tasks 785-839: Terminated
srun: error: frontier00973: tasks 393-447: Terminated
srun: error: frontier01951: tasks 841-895: Terminated
srun: error: frontier00549: tasks 225-279: Terminated
srun: error: frontier01450: tasks 617-671: Terminated
srun: error: frontier00435: tasks 169-223: Terminated
srun: error: frontier01576: tasks 673-727: Terminated
srun: error: frontier01210: tasks 505-559: Terminated
srun: error: frontier00035: task 1: Terminated
srun: error: frontier00669: task 280: Terminated
srun: error: frontier00828: task 336: Terminated
srun: error: frontier00303: task 112: Terminated
srun: error: frontier01094: task 448: Terminated
srun: error: frontier00973: task 392: Terminated
srun: error: frontier01313: task 560: Terminated
srun: error: frontier00549: task 224: Terminated
srun: error: frontier01882: task 784: Terminated
srun: error: frontier01701: task 728: Terminated
srun: error: frontier01210: task 504: Terminated
srun: error: frontier01951: task 840: Terminated
srun: error: frontier00435: task 168: Terminated
srun: error: frontier01576: task 672: Terminated
srun: error: frontier01450: task 616: Terminated
srun: error: frontier00169: task 56: Terminated
srun: Force Terminated StepId=5137469.143
