Running frontier nodes=8 ranks_per_node=9 dist=naive mode=fixed expected_us=10 max_upper_fanout=-1
RESULT distributor=naive mode=fixed expected_us=10 nodes=8 world_size=72 max_upper_fanout=-1 total_tasks=12915559 elapsed_s=20.0006 throughput_tasks_per_s=645758
MPICH Notice [Rank 0] [job id 5137468.0] [Sun Aug  2 01:01:22 2026] [frontier05920] - Abort(0) (rank 0 in comm 0): application called MPI_Abort(MPI_COMM_WORLD, 0) - process 0

aborting job:
application called MPI_Abort(MPI_COMM_WORLD, 0) - process 0
srun: error: frontier05920: task 0: Exited with exit code 255
srun: Terminating StepId=5137468.0
[2026-08-02T01:01:22.612] error: *** STEP 5137468.0 ON frontier05920 CANCELLED AT 2026-08-02T01:01:22 DUE TO TASK FAILURE ***
srun: error: frontier05971: tasks 36-44: Terminated
srun: error: frontier05920: tasks 1-8: Terminated
srun: error: frontier05970: tasks 27-35: Terminated
srun: error: frontier05973: tasks 54-62: Terminated
srun: error: frontier05988: tasks 63-71: Terminated
srun: error: frontier05943: tasks 9-17: Terminated
srun: error: frontier05964: tasks 18-26: Terminated
srun: error: frontier05972: tasks 45-53: Terminated
srun: Force Terminated StepId=5137468.0
Running frontier nodes=8 ranks_per_node=9 dist=naive mode=fixed expected_us=100 max_upper_fanout=-1
srun: Step created for StepId=5137468.1
RESULT distributor=naive mode=fixed expected_us=100 nodes=8 world_size=72 max_upper_fanout=-1 total_tasks=6192321 elapsed_s=20.0007 throughput_tasks_per_s=309605
MPICH Notice [Rank 0] [job id 5137468.1] [Sun Aug  2 01:01:43 2026] [frontier05920] - Abort(0) (rank 0 in comm 0): application called MPI_Abort(MPI_COMM_WORLD, 0) - process 0

aborting job:
application called MPI_Abort(MPI_COMM_WORLD, 0) - process 0
srun: error: frontier05920: task 0: Exited with exit code 255
srun: Terminating StepId=5137468.1
[2026-08-02T01:01:43.772] error: *** STEP 5137468.1 ON frontier05920 CANCELLED AT 2026-08-02T01:01:43 DUE TO TASK FAILURE ***
srun: error: frontier05920: tasks 1-8: Terminated
srun: error: frontier05943: tasks 9-17: Terminated
srun: error: frontier05973: tasks 54-62: Terminated
srun: error: frontier05970: tasks 27-35: Terminated
srun: error: frontier05971: tasks 36-44: Terminated
srun: error: frontier05988: tasks 63-71: Terminated
srun: error: frontier05964: tasks 18-26: Terminated
srun: error: frontier05972: tasks 45-53: Terminated
srun: Force Terminated StepId=5137468.1
Running frontier nodes=8 ranks_per_node=9 dist=naive mode=fixed expected_us=1000 max_upper_fanout=-1
srun: Step created for StepId=5137468.2
RESULT distributor=naive mode=fixed expected_us=1000 nodes=8 world_size=72 max_upper_fanout=-1 total_tasks=1406798 elapsed_s=20.0035 throughput_tasks_per_s=70327.7
MPICH Notice [Rank 0] [job id 5137468.2] [Sun Aug  2 01:02:04 2026] [frontier05920] - Abort(0) (rank 0 in comm 0): application called MPI_Abort(MPI_COMM_WORLD, 0) - process 0

aborting job:
application called MPI_Abort(MPI_COMM_WORLD, 0) - process 0
srun: error: frontier05920: task 0: Exited with exit code 255
srun: Terminating StepId=5137468.2
[2026-08-02T01:02:04.899] error: *** STEP 5137468.2 ON frontier05920 CANCELLED AT 2026-08-02T01:02:04 DUE TO TASK FAILURE ***
srun: error: frontier05970: tasks 27-35: Terminated
srun: error: frontier05920: tasks 1-8: Terminated
srun: error: frontier05988: tasks 63-71: Terminated
srun: error: frontier05973: tasks 54-62: Terminated
srun: error: frontier05964: tasks 18-26: Terminated
srun: error: frontier05971: tasks 36-44: Terminated
srun: error: frontier05943: tasks 9-17: Terminated
srun: error: frontier05972: tasks 45-53: Terminated
srun: Force Terminated StepId=5137468.2
Running frontier nodes=8 ranks_per_node=9 dist=naive mode=fixed expected_us=10000 max_upper_fanout=-1
srun: Step created for StepId=5137468.3
RESULT distributor=naive mode=fixed expected_us=10000 nodes=8 world_size=72 max_upper_fanout=-1 total_tasks=142076 elapsed_s=20.0321 throughput_tasks_per_s=7092.43
MPICH Notice [Rank 0] [job id 5137468.3] [Sun Aug  2 01:02:25 2026] [frontier05920] - Abort(0) (rank 0 in comm 0): application called MPI_Abort(MPI_COMM_WORLD, 0) - process 0

aborting job:
application called MPI_Abort(MPI_COMM_WORLD, 0) - process 0
srun: error: frontier05920: task 0: Exited with exit code 255
srun: Terminating StepId=5137468.3
[2026-08-02T01:02:26.079] error: *** STEP 5137468.3 ON frontier05920 CANCELLED AT 2026-08-02T01:02:26 DUE TO TASK FAILURE ***
srun: error: frontier05988: tasks 63-71: Terminated
srun: error: frontier05920: tasks 1-8: Terminated
srun: error: frontier05970: tasks 27-35: Terminated
srun: error: frontier05943: tasks 9-17: Terminated
srun: error: frontier05973: tasks 54-62: Terminated
srun: error: frontier05971: tasks 36-44: Terminated
srun: error: frontier05964: tasks 18-26: Terminated
srun: error: frontier05972: tasks 45-53: Terminated
srun: Force Terminated StepId=5137468.3
Running frontier nodes=8 ranks_per_node=9 dist=naive mode=fixed expected_us=100000 max_upper_fanout=-1
srun: Step created for StepId=5137468.4
RESULT distributor=naive mode=fixed expected_us=100000 nodes=8 world_size=72 max_upper_fanout=-1 total_tasks=14413 elapsed_s=20.3031 throughput_tasks_per_s=709.893
MPICH Notice [Rank 0] [job id 5137468.4] [Sun Aug  2 01:02:47 2026] [frontier05920] - Abort(0) (rank 0 in comm 0): application called MPI_Abort(MPI_COMM_WORLD, 0) - process 0

aborting job:
application called MPI_Abort(MPI_COMM_WORLD, 0) - process 0
srun: error: frontier05920: task 0: Exited with exit code 255
srun: Terminating StepId=5137468.4
[2026-08-02T01:02:47.558] error: *** STEP 5137468.4 ON frontier05920 CANCELLED AT 2026-08-02T01:02:47 DUE TO TASK FAILURE ***
srun: error: frontier05973: tasks 54-62: Terminated
srun: error: frontier05920: tasks 1-8: Terminated
srun: error: frontier05971: tasks 36-44: Terminated
srun: error: frontier05972: tasks 45-53: Terminated
srun: error: frontier05970: tasks 27-35: Terminated
srun: error: frontier05943: tasks 9-17: Terminated
srun: error: frontier05988: tasks 63-71: Terminated
srun: error: frontier05964: tasks 18-26: Terminated
srun: Force Terminated StepId=5137468.4
Running frontier nodes=8 ranks_per_node=9 dist=naive mode=fixed expected_us=1000000 max_upper_fanout=-1
srun: Step created for StepId=5137468.5
RESULT distributor=naive mode=fixed expected_us=1000000 nodes=8 world_size=72 max_upper_fanout=-1 total_tasks=1633 elapsed_s=23.0053 throughput_tasks_per_s=70.9836
MPICH Notice [Rank 0] [job id 5137468.5] [Sun Aug  2 01:03:11 2026] [frontier05920] - Abort(0) (rank 0 in comm 0): application called MPI_Abort(MPI_COMM_WORLD, 0) - process 0

aborting job:
application called MPI_Abort(MPI_COMM_WORLD, 0) - process 0
srun: error: frontier05920: task 0: Exited with exit code 255
srun: Terminating StepId=5137468.5
[2026-08-02T01:03:11.723] error: *** STEP 5137468.5 ON frontier05920 CANCELLED AT 2026-08-02T01:03:11 DUE TO TASK FAILURE ***
srun: error: frontier05920: tasks 1-8: Terminated
srun: error: frontier05970: tasks 27-35: Terminated
srun: error: frontier05943: tasks 9-17: Terminated
srun: error: frontier05972: tasks 45-53: Terminated
srun: error: frontier05988: tasks 63-71: Terminated
srun: error: frontier05973: tasks 54-62: Terminated
srun: error: frontier05964: tasks 18-26: Terminated
srun: error: frontier05971: tasks 36-44: Terminated
srun: Force Terminated StepId=5137468.5
Running frontier nodes=8 ranks_per_node=9 dist=naive mode=random expected_us=10 max_upper_fanout=-1
srun: Step created for StepId=5137468.6
RESULT distributor=naive mode=random expected_us=10 nodes=8 world_size=72 max_upper_fanout=-1 total_tasks=13500941 elapsed_s=20.0005 throughput_tasks_per_s=675032
MPICH Notice [Rank 0] [job id 5137468.6] [Sun Aug  2 01:03:32 2026] [frontier05920] - Abort(0) (rank 0 in comm 0): application called MPI_Abort(MPI_COMM_WORLD, 0) - process 0

aborting job:
application called MPI_Abort(MPI_COMM_WORLD, 0) - process 0
srun: error: frontier05920: task 0: Exited with exit code 255
srun: Terminating StepId=5137468.6
[2026-08-02T01:03:32.843] error: *** STEP 5137468.6 ON frontier05920 CANCELLED AT 2026-08-02T01:03:32 DUE TO TASK FAILURE ***
srun: error: frontier05964: tasks 18-26: Terminated
srun: error: frontier05920: tasks 1-8: Terminated
srun: error: frontier05988: tasks 63-71: Terminated
srun: error: frontier05970: tasks 27-35: Terminated
srun: error: frontier05971: tasks 36-44: Terminated
srun: error: frontier05943: tasks 9-17: Terminated
srun: error: frontier05972: tasks 45-53: Terminated
srun: error: frontier05973: tasks 54-62: Terminated
srun: Force Terminated StepId=5137468.6
Running frontier nodes=8 ranks_per_node=9 dist=naive mode=random expected_us=100 max_upper_fanout=-1
srun: Step created for StepId=5137468.7
RESULT distributor=naive mode=random expected_us=100 nodes=8 world_size=72 max_upper_fanout=-1 total_tasks=6164627 elapsed_s=20.0009 throughput_tasks_per_s=308218
MPICH Notice [Rank 0] [job id 5137468.7] [Sun Aug  2 01:03:53 2026] [frontier05920] - Abort(0) (rank 0 in comm 0): application called MPI_Abort(MPI_COMM_WORLD, 0) - process 0

aborting job:
application called MPI_Abort(MPI_COMM_WORLD, 0) - process 0
srun: error: frontier05920: task 0: Exited with exit code 255
srun: Terminating StepId=5137468.7
[2026-08-02T01:03:54.262] error: *** STEP 5137468.7 ON frontier05920 CANCELLED AT 2026-08-02T01:03:54 DUE TO TASK FAILURE ***
srun: error: frontier05920: tasks 1-8: Terminated
srun: error: frontier05973: tasks 54-62: Terminated
srun: error: frontier05964: tasks 18-26: Terminated
srun: error: frontier05971: tasks 36-44: Terminated
srun: error: frontier05970: tasks 27-35: Terminated
srun: error: frontier05988: tasks 63-71: Terminated
srun: error: frontier05943: tasks 9-17: Terminated
srun: error: frontier05972: tasks 45-53: Terminated
srun: Force Terminated StepId=5137468.7
Running frontier nodes=8 ranks_per_node=9 dist=naive mode=random expected_us=1000 max_upper_fanout=-1
srun: Step created for StepId=5137468.8
RESULT distributor=naive mode=random expected_us=1000 nodes=8 world_size=72 max_upper_fanout=-1 total_tasks=1406203 elapsed_s=20.0057 throughput_tasks_per_s=70290
MPICH Notice [Rank 0] [job id 5137468.8] [Sun Aug  2 01:04:17 2026] [frontier05920] - Abort(0) (rank 0 in comm 0): application called MPI_Abort(MPI_COMM_WORLD, 0) - process 0

aborting job:
application called MPI_Abort(MPI_COMM_WORLD, 0) - process 0
srun: error: frontier05920: task 0: Exited with exit code 255
srun: Terminating StepId=5137468.8
[2026-08-02T01:04:17.352] error: *** STEP 5137468.8 ON frontier05920 CANCELLED AT 2026-08-02T01:04:17 DUE TO TASK FAILURE ***
srun: error: frontier05972: tasks 45-53: Terminated
srun: error: frontier05964: tasks 18-26: Terminated
srun: error: frontier05988: tasks 63-71: Terminated
srun: error: frontier05920: tasks 1-8: Terminated
srun: error: frontier05973: tasks 54-62: Terminated
srun: error: frontier05943: tasks 9-17: Terminated
srun: error: frontier05971: tasks 36-44: Terminated
srun: error: frontier05970: tasks 27-35: Terminated
srun: Force Terminated StepId=5137468.8
Running frontier nodes=8 ranks_per_node=9 dist=naive mode=random expected_us=10000 max_upper_fanout=-1
srun: Step created for StepId=5137468.9
RESULT distributor=naive mode=random expected_us=10000 nodes=8 world_size=72 max_upper_fanout=-1 total_tasks=142141 elapsed_s=20.0438 throughput_tasks_per_s=7091.53
MPICH Notice [Rank 0] [job id 5137468.9] [Sun Aug  2 01:04:38 2026] [frontier05920] - Abort(0) (rank 0 in comm 0): application called MPI_Abort(MPI_COMM_WORLD, 0) - process 0

aborting job:
application called MPI_Abort(MPI_COMM_WORLD, 0) - process 0
srun: error: frontier05920: task 0: Exited with exit code 255
srun: Terminating StepId=5137468.9
[2026-08-02T01:04:38.552] error: *** STEP 5137468.9 ON frontier05920 CANCELLED AT 2026-08-02T01:04:38 DUE TO TASK FAILURE ***
srun: error: frontier05920: tasks 1-8: Terminated
srun: error: frontier05988: tasks 63-71: Terminated
srun: error: frontier05970: tasks 27-35: Terminated
srun: error: frontier05973: tasks 54-62: Terminated
srun: error: frontier05971: tasks 36-44: Terminated
srun: error: frontier05943: tasks 9-17: Terminated
srun: error: frontier05972: tasks 45-53: Terminated
srun: error: frontier05964: tasks 18-26: Terminated
srun: Force Terminated StepId=5137468.9
Running frontier nodes=8 ranks_per_node=9 dist=naive mode=random expected_us=100000 max_upper_fanout=-1
srun: Step created for StepId=5137468.10
RESULT distributor=naive mode=random expected_us=100000 nodes=8 world_size=72 max_upper_fanout=-1 total_tasks=14464 elapsed_s=20.5153 throughput_tasks_per_s=705.035
MPICH Notice [Rank 0] [job id 5137468.10] [Sun Aug  2 01:04:59 2026] [frontier05920] - Abort(0) (rank 0 in comm 0): application called MPI_Abort(MPI_COMM_WORLD, 0) - process 0

aborting job:
application called MPI_Abort(MPI_COMM_WORLD, 0) - process 0
srun: error: frontier05920: task 0: Exited with exit code 255
srun: Terminating StepId=5137468.10
[2026-08-02T01:04:59.811] error: *** STEP 5137468.10 ON frontier05920 CANCELLED AT 2026-08-02T01:04:59 DUE TO TASK FAILURE ***
srun: error: frontier05973: tasks 54-62: Terminated
srun: error: frontier05964: tasks 18-26: Terminated
srun: error: frontier05920: tasks 1-8: Terminated
srun: error: frontier05988: tasks 63-71: Terminated
srun: error: frontier05971: tasks 36-44: Terminated
srun: error: frontier05970: tasks 27-35: Terminated
srun: error: frontier05972: tasks 45-53: Terminated
srun: error: frontier05943: tasks 9-17: Terminated
srun: Force Terminated StepId=5137468.10
Running frontier nodes=8 ranks_per_node=9 dist=naive mode=random expected_us=1000000 max_upper_fanout=-1
srun: Step created for StepId=5137468.11
RESULT distributor=naive mode=random expected_us=1000000 nodes=8 world_size=72 max_upper_fanout=-1 total_tasks=1711 elapsed_s=25.6783 throughput_tasks_per_s=66.6323
MPICH Notice [Rank 0] [job id 5137468.11] [Sun Aug  2 01:05:26 2026] [frontier05920] - Abort(0) (rank 0 in comm 0): application called MPI_Abort(MPI_COMM_WORLD, 0) - process 0

aborting job:
application called MPI_Abort(MPI_COMM_WORLD, 0) - process 0
srun: error: frontier05920: task 0: Exited with exit code 255
srun: Terminating StepId=5137468.11
[2026-08-02T01:05:26.735] error: *** STEP 5137468.11 ON frontier05920 CANCELLED AT 2026-08-02T01:05:26 DUE TO TASK FAILURE ***
srun: error: frontier05972: tasks 45-53: Terminated
srun: error: frontier05920: tasks 1-8: Terminated
srun: error: frontier05970: tasks 27-35: Terminated
srun: error: frontier05988: tasks 63-71: Terminated
srun: error: frontier05973: tasks 54-62: Terminated
srun: error: frontier05971: tasks 36-44: Terminated
srun: error: frontier05964: tasks 18-26: Terminated
srun: error: frontier05943: tasks 9-17: Terminated
srun: Force Terminated StepId=5137468.11
Running frontier nodes=8 ranks_per_node=9 dist=hierarchical mode=fixed expected_us=10 max_upper_fanout=-1
srun: Step created for StepId=5137468.12
RESULT distributor=hierarchical mode=fixed expected_us=10 nodes=8 world_size=72 max_upper_fanout=-1 total_tasks=17986108 elapsed_s=20.0006 throughput_tasks_per_s=899280
MPICH Notice [Rank 0] [job id 5137468.12] [Sun Aug  2 01:05:47 2026] [frontier05920] - Abort(0) (rank 0 in comm 0): application called MPI_Abort(MPI_COMM_WORLD, 0) - process 0

aborting job:
application called MPI_Abort(MPI_COMM_WORLD, 0) - process 0
srun: error: frontier05920: task 0: Exited with exit code 255
srun: Terminating StepId=5137468.12
[2026-08-02T01:05:47.988] error: *** STEP 5137468.12 ON frontier05920 CANCELLED AT 2026-08-02T01:05:47 DUE TO TASK FAILURE ***
srun: error: frontier05920: tasks 1-8: Terminated
srun: error: frontier05988: tasks 63-71: Terminated
srun: error: frontier05943: tasks 9-17: Terminated
srun: error: frontier05970: tasks 27-35: Terminated
srun: error: frontier05971: tasks 36-44: Terminated
srun: error: frontier05973: tasks 54-62: Terminated
srun: error: frontier05972: tasks 45-53: Terminated
srun: error: frontier05964: tasks 18-26: Terminated
srun: Force Terminated StepId=5137468.12
Running frontier nodes=8 ranks_per_node=9 dist=hierarchical mode=fixed expected_us=100 max_upper_fanout=-1
srun: Step created for StepId=5137468.13
RESULT distributor=hierarchical mode=fixed expected_us=100 nodes=8 world_size=72 max_upper_fanout=-1 total_tasks=10437654 elapsed_s=20.0008 throughput_tasks_per_s=521862
MPICH Notice [Rank 0] [job id 5137468.13] [Sun Aug  2 01:06:09 2026] [frontier05920] - Abort(0) (rank 0 in comm 0): application called MPI_Abort(MPI_COMM_WORLD, 0) - process 0

aborting job:
application called MPI_Abort(MPI_COMM_WORLD, 0) - process 0
srun: error: frontier05920: task 0: Exited with exit code 255
srun: Terminating StepId=5137468.13
[2026-08-02T01:06:09.260] error: *** STEP 5137468.13 ON frontier05920 CANCELLED AT 2026-08-02T01:06:09 DUE TO TASK FAILURE ***
srun: error: frontier05964: tasks 18-26: Terminated
srun: error: frontier05920: tasks 1-8: Terminated
srun: error: frontier05988: tasks 63-71: Terminated
srun: error: frontier05973: tasks 54-62: Terminated
srun: error: frontier05943: tasks 9-17: Terminated
srun: error: frontier05971: tasks 36-44: Terminated
srun: error: frontier05972: tasks 45-53: Terminated
srun: error: frontier05970: tasks 27-35: Terminated
srun: Force Terminated StepId=5137468.13
Running frontier nodes=8 ranks_per_node=9 dist=hierarchical mode=fixed expected_us=1000 max_upper_fanout=-1
srun: Step created for StepId=5137468.14
RESULT distributor=hierarchical mode=fixed expected_us=1000 nodes=8 world_size=72 max_upper_fanout=-1 total_tasks=1256254 elapsed_s=20.0073 throughput_tasks_per_s=62789.8
MPICH Notice [Rank 0] [job id 5137468.14] [Sun Aug  2 01:06:30 2026] [frontier05920] - Abort(0) (rank 0 in comm 0): application called MPI_Abort(MPI_COMM_WORLD, 0) - process 0

aborting job:
application called MPI_Abort(MPI_COMM_WORLD, 0) - process 0
srun: error: frontier05920: task 0: Exited with exit code 255
srun: Terminating StepId=5137468.14
[2026-08-02T01:06:30.403] error: *** STEP 5137468.14 ON frontier05920 CANCELLED AT 2026-08-02T01:06:30 DUE TO TASK FAILURE ***
srun: error: frontier05920: tasks 1-8: Terminated
srun: error: frontier05964: tasks 18-26: Terminated
srun: error: frontier05972: tasks 45-53: Terminated
srun: error: frontier05970: tasks 27-35: Terminated
srun: error: frontier05973: tasks 54-62: Terminated
srun: error: frontier05988: tasks 63-71: Terminated
srun: error: frontier05971: tasks 36-44: Terminated
srun: error: frontier05943: tasks 9-17: Terminated
srun: Force Terminated StepId=5137468.14
Running frontier nodes=8 ranks_per_node=9 dist=hierarchical mode=fixed expected_us=10000 max_upper_fanout=-1
srun: Step created for StepId=5137468.15
RESULT distributor=hierarchical mode=fixed expected_us=10000 nodes=8 world_size=72 max_upper_fanout=-1 total_tasks=126444 elapsed_s=20.0878 throughput_tasks_per_s=6294.58
MPICH Notice [Rank 0] [job id 5137468.15] [Sun Aug  2 01:06:51 2026] [frontier05920] - Abort(0) (rank 0 in comm 0): application called MPI_Abort(MPI_COMM_WORLD, 0) - process 0

aborting job:
application called MPI_Abort(MPI_COMM_WORLD, 0) - process 0
srun: error: frontier05920: task 0: Exited with exit code 255
srun: Terminating StepId=5137468.15
[2026-08-02T01:06:51.710] error: *** STEP 5137468.15 ON frontier05920 CANCELLED AT 2026-08-02T01:06:51 DUE TO TASK FAILURE ***
srun: error: frontier05920: tasks 1-8: Terminated
srun: error: frontier05943: tasks 9-17: Terminated
srun: error: frontier05964: tasks 18-26: Terminated
srun: error: frontier05971: tasks 36-44: Terminated
srun: error: frontier05973: tasks 54-62: Terminated
srun: error: frontier05988: tasks 63-71: Terminated
srun: error: frontier05970: tasks 27-35: Terminated
srun: error: frontier05972: tasks 45-53: Terminated
srun: Force Terminated StepId=5137468.15
Running frontier nodes=8 ranks_per_node=9 dist=hierarchical mode=fixed expected_us=100000 max_upper_fanout=-1
srun: Step created for StepId=5137468.16
RESULT distributor=hierarchical mode=fixed expected_us=100000 nodes=8 world_size=72 max_upper_fanout=-1 total_tasks=13010 elapsed_s=20.8016 throughput_tasks_per_s=625.433
MPICH Notice [Rank 0] [job id 5137468.16] [Sun Aug  2 01:07:13 2026] [frontier05920] - Abort(0) (rank 0 in comm 0): application called MPI_Abort(MPI_COMM_WORLD, 0) - process 0

aborting job:
application called MPI_Abort(MPI_COMM_WORLD, 0) - process 0
srun: error: frontier05920: task 0: Exited with exit code 255
srun: Terminating StepId=5137468.16
[2026-08-02T01:07:13.628] error: *** STEP 5137468.16 ON frontier05920 CANCELLED AT 2026-08-02T01:07:13 DUE TO TASK FAILURE ***
srun: error: frontier05970: tasks 27-35: Terminated
srun: error: frontier05943: tasks 9-17: Terminated
srun: error: frontier05988: tasks 63-71: Terminated
srun: error: frontier05920: tasks 1-8: Terminated
srun: error: frontier05973: tasks 54-62: Terminated
srun: error: frontier05971: tasks 36-44: Terminated
srun: error: frontier05964: tasks 18-26: Terminated
srun: error: frontier05972: tasks 45-53: Terminated
srun: Force Terminated StepId=5137468.16
Running frontier nodes=8 ranks_per_node=9 dist=hierarchical mode=fixed expected_us=1000000 max_upper_fanout=-1
srun: Step created for StepId=5137468.17
RESULT distributor=hierarchical mode=fixed expected_us=1000000 nodes=8 world_size=72 max_upper_fanout=-1 total_tasks=1670 elapsed_s=28.004 throughput_tasks_per_s=59.6344
MPICH Notice [Rank 0] [job id 5137468.17] [Sun Aug  2 01:07:42 2026] [frontier05920] - Abort(0) (rank 0 in comm 0): application called MPI_Abort(MPI_COMM_WORLD, 0) - process 0

aborting job:
application called MPI_Abort(MPI_COMM_WORLD, 0) - process 0
srun: error: frontier05920: task 0: Exited with exit code 255
srun: Terminating StepId=5137468.17
[2026-08-02T01:07:42.851] error: *** STEP 5137468.17 ON frontier05920 CANCELLED AT 2026-08-02T01:07:42 DUE TO TASK FAILURE ***
srun: error: frontier05972: tasks 45-53: Terminated
srun: error: frontier05964: tasks 18-26: Terminated
srun: error: frontier05988: tasks 63-71: Terminated
srun: error: frontier05920: tasks 1-8: Terminated
srun: error: frontier05943: tasks 9-17: Terminated
srun: error: frontier05973: tasks 54-62: Terminated
srun: error: frontier05971: tasks 36-44: Terminated
srun: error: frontier05970: tasks 27-35: Terminated
srun: Force Terminated StepId=5137468.17
Running frontier nodes=8 ranks_per_node=9 dist=hierarchical mode=random expected_us=10 max_upper_fanout=-1
srun: Step created for StepId=5137468.18
RESULT distributor=hierarchical mode=random expected_us=10 nodes=8 world_size=72 max_upper_fanout=-1 total_tasks=18040580 elapsed_s=20.0005 throughput_tasks_per_s=902007
MPICH Notice [Rank 0] [job id 5137468.18] [Sun Aug  2 01:08:03 2026] [frontier05920] - Abort(0) (rank 0 in comm 0): application called MPI_Abort(MPI_COMM_WORLD, 0) - process 0

aborting job:
application called MPI_Abort(MPI_COMM_WORLD, 0) - process 0
srun: error: frontier05920: task 0: Exited with exit code 255
srun: Terminating StepId=5137468.18
[2026-08-02T01:08:03.968] error: *** STEP 5137468.18 ON frontier05920 CANCELLED AT 2026-08-02T01:08:03 DUE TO TASK FAILURE ***
srun: error: frontier05988: tasks 63-71: Terminated
srun: error: frontier05920: tasks 1-8: Terminated
srun: error: frontier05973: tasks 54-62: Terminated
srun: error: frontier05972: tasks 45-53: Terminated
srun: error: frontier05943: tasks 9-17: Terminated
srun: error: frontier05970: tasks 27-35: Terminated
srun: error: frontier05971: tasks 36-44: Terminated
srun: error: frontier05964: tasks 18-26: Terminated
srun: Force Terminated StepId=5137468.18
Running frontier nodes=8 ranks_per_node=9 dist=hierarchical mode=random expected_us=100 max_upper_fanout=-1
srun: Step created for StepId=5137468.19
RESULT distributor=hierarchical mode=random expected_us=100 nodes=8 world_size=72 max_upper_fanout=-1 total_tasks=12193126 elapsed_s=20.001 throughput_tasks_per_s=609625
MPICH Notice [Rank 0] [job id 5137468.19] [Sun Aug  2 01:08:25 2026] [frontier05920] - Abort(0) (rank 0 in comm 0): application called MPI_Abort(MPI_COMM_WORLD, 0) - process 0

aborting job:
application called MPI_Abort(MPI_COMM_WORLD, 0) - process 0
srun: error: frontier05920: task 0: Exited with exit code 255
srun: Terminating StepId=5137468.19
[2026-08-02T01:08:25.244] error: *** STEP 5137468.19 ON frontier05920 CANCELLED AT 2026-08-02T01:08:25 DUE TO TASK FAILURE ***
srun: error: frontier05988: tasks 63-71: Terminated
srun: error: frontier05920: tasks 1-8: Terminated
srun: error: frontier05943: tasks 9-17: Terminated
srun: error: frontier05973: tasks 54-62: Terminated
srun: error: frontier05970: tasks 27-35: Terminated
srun: error: frontier05971: tasks 36-44: Terminated
srun: error: frontier05964: tasks 18-26: Terminated
srun: error: frontier05972: tasks 45-53: Terminated
srun: Force Terminated StepId=5137468.19
Running frontier nodes=8 ranks_per_node=9 dist=hierarchical mode=random expected_us=1000 max_upper_fanout=-1
srun: Step created for StepId=5137468.20
RESULT distributor=hierarchical mode=random expected_us=1000 nodes=8 world_size=72 max_upper_fanout=-1 total_tasks=1255162 elapsed_s=20.0088 throughput_tasks_per_s=62730.5
MPICH Notice [Rank 0] [job id 5137468.20] [Sun Aug  2 01:08:46 2026] [frontier05920] - Abort(0) (rank 0 in comm 0): application called MPI_Abort(MPI_COMM_WORLD, 0) - process 0

aborting job:
application called MPI_Abort(MPI_COMM_WORLD, 0) - process 0
srun: error: frontier05920: task 0: Exited with exit code 255
srun: Terminating StepId=5137468.20
[2026-08-02T01:08:46.777] error: *** STEP 5137468.20 ON frontier05920 CANCELLED AT 2026-08-02T01:08:46 DUE TO TASK FAILURE ***
srun: error: frontier05920: tasks 1-8: Terminated
srun: error: frontier05970: tasks 27-35: Terminated
srun: error: frontier05972: tasks 45-53: Terminated
srun: error: frontier05971: tasks 36-44: Terminated
srun: error: frontier05943: tasks 9-17: Terminated
srun: error: frontier05964: tasks 18-26: Terminated
srun: error: frontier05973: tasks 54-62: Terminated
srun: error: frontier05988: tasks 63-71: Terminated
srun: Force Terminated StepId=5137468.20
Running frontier nodes=8 ranks_per_node=9 dist=hierarchical mode=random expected_us=10000 max_upper_fanout=-1
srun: Step created for StepId=5137468.21
RESULT distributor=hierarchical mode=random expected_us=10000 nodes=8 world_size=72 max_upper_fanout=-1 total_tasks=126302 elapsed_s=20.0906 throughput_tasks_per_s=6286.62
MPICH Notice [Rank 0] [job id 5137468.21] [Sun Aug  2 01:09:07 2026] [frontier05920] - Abort(0) (rank 0 in comm 0): application called MPI_Abort(MPI_COMM_WORLD, 0) - process 0

aborting job:
application called MPI_Abort(MPI_COMM_WORLD, 0) - process 0
srun: error: frontier05920: task 0: Exited with exit code 255
srun: Terminating StepId=5137468.21
[2026-08-02T01:09:08.003] error: *** STEP 5137468.21 ON frontier05920 CANCELLED AT 2026-08-02T01:09:08 DUE TO TASK FAILURE ***
srun: error: frontier05920: tasks 1-8: Terminated
srun: error: frontier05970: tasks 27-35: Terminated
srun: error: frontier05988: tasks 63-71: Terminated
srun: error: frontier05972: tasks 45-53: Terminated
srun: error: frontier05943: tasks 9-17: Terminated
srun: error: frontier05973: tasks 54-62: Terminated
srun: error: frontier05971: tasks 36-44: Terminated
srun: error: frontier05964: tasks 18-26: Terminated
srun: Force Terminated StepId=5137468.21
Running frontier nodes=8 ranks_per_node=9 dist=hierarchical mode=random expected_us=100000 max_upper_fanout=-1
srun: Step created for StepId=5137468.22
RESULT distributor=hierarchical mode=random expected_us=100000 nodes=8 world_size=72 max_upper_fanout=-1 total_tasks=13074 elapsed_s=21.0252 throughput_tasks_per_s=621.826
MPICH Notice [Rank 0] [job id 5137468.22] [Sun Aug  2 01:09:30 2026] [frontier05920] - Abort(0) (rank 0 in comm 0): application called MPI_Abort(MPI_COMM_WORLD, 0) - process 0

aborting job:
application called MPI_Abort(MPI_COMM_WORLD, 0) - process 0
srun: error: frontier05920: task 0: Exited with exit code 255
srun: Terminating StepId=5137468.22
[2026-08-02T01:09:30.184] error: *** STEP 5137468.22 ON frontier05920 CANCELLED AT 2026-08-02T01:09:30 DUE TO TASK FAILURE ***
srun: error: frontier05964: tasks 18-26: Terminated
srun: error: frontier05920: tasks 1-8: Terminated
srun: error: frontier05970: tasks 27-35: Terminated
srun: error: frontier05971: tasks 36-44: Terminated
srun: error: frontier05973: tasks 54-62: Terminated
srun: error: frontier05943: tasks 9-17: Terminated
srun: error: frontier05988: tasks 63-71: Terminated
srun: error: frontier05972: tasks 45-53: Terminated
srun: Force Terminated StepId=5137468.22
Running frontier nodes=8 ranks_per_node=9 dist=hierarchical mode=random expected_us=1000000 max_upper_fanout=-1
srun: Step created for StepId=5137468.23
RESULT distributor=hierarchical mode=random expected_us=1000000 nodes=8 world_size=72 max_upper_fanout=-1 total_tasks=1766 elapsed_s=30.0314 throughput_tasks_per_s=58.8051
MPICH Notice [Rank 0] [job id 5137468.23] [Sun Aug  2 01:10:01 2026] [frontier05920] - Abort(0) (rank 0 in comm 0): application called MPI_Abort(MPI_COMM_WORLD, 0) - process 0

aborting job:
application called MPI_Abort(MPI_COMM_WORLD, 0) - process 0
srun: error: frontier05920: task 0: Exited with exit code 255
srun: Terminating StepId=5137468.23
[2026-08-02T01:10:01.348] error: *** STEP 5137468.23 ON frontier05920 CANCELLED AT 2026-08-02T01:10:01 DUE TO TASK FAILURE ***
srun: error: frontier05988: tasks 63-71: Terminated
srun: error: frontier05920: tasks 1-8: Terminated
srun: error: frontier05970: tasks 27-35: Terminated
srun: error: frontier05973: tasks 54-62: Terminated
srun: error: frontier05943: tasks 9-17: Terminated
srun: error: frontier05971: tasks 36-44: Terminated
srun: error: frontier05964: tasks 18-26: Terminated
srun: error: frontier05972: tasks 45-53: Terminated
srun: Force Terminated StepId=5137468.23
Running frontier nodes=8 ranks_per_node=9 dist=hierarchical mode=fixed expected_us=10 max_upper_fanout=0
srun: Step created for StepId=5137468.24
RESULT distributor=hierarchical mode=fixed expected_us=10 nodes=8 world_size=72 max_upper_fanout=0 total_tasks=17978728 elapsed_s=20.0006 throughput_tasks_per_s=898910
MPICH Notice [Rank 0] [job id 5137468.24] [Sun Aug  2 01:10:22 2026] [frontier05920] - Abort(0) (rank 0 in comm 0): application called MPI_Abort(MPI_COMM_WORLD, 0) - process 0

aborting job:
application called MPI_Abort(MPI_COMM_WORLD, 0) - process 0
srun: error: frontier05920: task 0: Exited with exit code 255
srun: Terminating StepId=5137468.24
[2026-08-02T01:10:22.496] error: *** STEP 5137468.24 ON frontier05920 CANCELLED AT 2026-08-02T01:10:22 DUE TO TASK FAILURE ***
srun: error: frontier05943: tasks 9-17: Terminated
srun: error: frontier05920: tasks 1-8: Terminated
srun: error: frontier05988: tasks 63-71: Terminated
srun: error: frontier05973: tasks 54-62: Terminated
srun: error: frontier05964: tasks 18-26: Terminated
srun: error: frontier05972: tasks 45-53: Terminated
srun: error: frontier05970: tasks 27-35: Terminated
srun: error: frontier05971: tasks 36-44: Terminated
srun: Force Terminated StepId=5137468.24
Running frontier nodes=8 ranks_per_node=9 dist=hierarchical mode=fixed expected_us=100 max_upper_fanout=0
srun: Step created for StepId=5137468.25
RESULT distributor=hierarchical mode=fixed expected_us=100 nodes=8 world_size=72 max_upper_fanout=0 total_tasks=10436720 elapsed_s=20.001 throughput_tasks_per_s=521809
MPICH Notice [Rank 0] [job id 5137468.25] [Sun Aug  2 01:10:43 2026] [frontier05920] - Abort(0) (rank 0 in comm 0): application called MPI_Abort(MPI_COMM_WORLD, 0) - process 0

aborting job:
application called MPI_Abort(MPI_COMM_WORLD, 0) - process 0
srun: error: frontier05920: task 0: Exited with exit code 255
srun: Terminating StepId=5137468.25
[2026-08-02T01:10:43.733] error: *** STEP 5137468.25 ON frontier05920 CANCELLED AT 2026-08-02T01:10:43 DUE TO TASK FAILURE ***
srun: error: frontier05920: tasks 1-8: Terminated
srun: error: frontier05988: tasks 63-71: Terminated
srun: error: frontier05970: tasks 27-35: Terminated
srun: error: frontier05971: tasks 36-44: Terminated
srun: error: frontier05973: tasks 54-62: Terminated
srun: error: frontier05943: tasks 9-17: Terminated
srun: error: frontier05964: tasks 18-26: Terminated
srun: error: frontier05972: tasks 45-53: Terminated
srun: Force Terminated StepId=5137468.25
Running frontier nodes=8 ranks_per_node=9 dist=hierarchical mode=fixed expected_us=1000 max_upper_fanout=0
srun: Step created for StepId=5137468.26
RESULT distributor=hierarchical mode=fixed expected_us=1000 nodes=8 world_size=72 max_upper_fanout=0 total_tasks=1256270 elapsed_s=20.0075 throughput_tasks_per_s=62790
MPICH Notice [Rank 0] [job id 5137468.26] [Sun Aug  2 01:11:04 2026] [frontier05920] - Abort(0) (rank 0 in comm 0): application called MPI_Abort(MPI_COMM_WORLD, 0) - process 0

aborting job:
application called MPI_Abort(MPI_COMM_WORLD, 0) - process 0
srun: error: frontier05920: task 0: Exited with exit code 255
srun: Terminating StepId=5137468.26
[2026-08-02T01:11:04.868] error: *** STEP 5137468.26 ON frontier05920 CANCELLED AT 2026-08-02T01:11:04 DUE TO TASK FAILURE ***
srun: error: frontier05988: tasks 63-71: Terminated
srun: error: frontier05920: tasks 1-8: Terminated
srun: error: frontier05943: tasks 9-17: Terminated
srun: error: frontier05970: tasks 27-35: Terminated
srun: error: frontier05973: tasks 54-62: Terminated
srun: error: frontier05971: tasks 36-44: Terminated
srun: error: frontier05972: tasks 45-53: Terminated
srun: error: frontier05964: tasks 18-26: Terminated
srun: Force Terminated StepId=5137468.26
Running frontier nodes=8 ranks_per_node=9 dist=hierarchical mode=fixed expected_us=10000 max_upper_fanout=0
srun: Step created for StepId=5137468.27
RESULT distributor=hierarchical mode=fixed expected_us=10000 nodes=8 world_size=72 max_upper_fanout=0 total_tasks=126444 elapsed_s=20.0877 throughput_tasks_per_s=6294.6
MPICH Notice [Rank 0] [job id 5137468.27] [Sun Aug  2 01:11:26 2026] [frontier05920] - Abort(0) (rank 0 in comm 0): application called MPI_Abort(MPI_COMM_WORLD, 0) - process 0

aborting job:
application called MPI_Abort(MPI_COMM_WORLD, 0) - process 0
srun: error: frontier05920: task 0: Exited with exit code 255
srun: Terminating StepId=5137468.27
[2026-08-02T01:11:26.304] error: *** STEP 5137468.27 ON frontier05920 CANCELLED AT 2026-08-02T01:11:26 DUE TO TASK FAILURE ***
srun: error: frontier05920: tasks 1-8: Terminated
srun: error: frontier05988: tasks 63-71: Terminated
srun: error: frontier05970: tasks 27-35: Terminated
srun: error: frontier05972: tasks 45-53: Terminated
srun: error: frontier05971: tasks 36-44: Terminated
srun: error: frontier05943: tasks 9-17: Terminated
srun: error: frontier05964: tasks 18-26: Terminated
srun: error: frontier05973: tasks 54-62: Terminated
srun: Force Terminated StepId=5137468.27
Running frontier nodes=8 ranks_per_node=9 dist=hierarchical mode=fixed expected_us=100000 max_upper_fanout=0
srun: Step created for StepId=5137468.28
RESULT distributor=hierarchical mode=fixed expected_us=100000 nodes=8 world_size=72 max_upper_fanout=0 total_tasks=13010 elapsed_s=20.8016 throughput_tasks_per_s=625.433
MPICH Notice [Rank 0] [job id 5137468.28] [Sun Aug  2 01:11:48 2026] [frontier05920] - Abort(0) (rank 0 in comm 0): application called MPI_Abort(MPI_COMM_WORLD, 0) - process 0

aborting job:
application called MPI_Abort(MPI_COMM_WORLD, 0) - process 0
srun: error: frontier05920: task 0: Exited with exit code 255
srun: Terminating StepId=5137468.28
[2026-08-02T01:11:48.243] error: *** STEP 5137468.28 ON frontier05920 CANCELLED AT 2026-08-02T01:11:48 DUE TO TASK FAILURE ***
srun: error: frontier05920: tasks 1-8: Terminated
srun: error: frontier05988: tasks 63-71: Terminated
srun: error: frontier05943: tasks 9-17: Terminated
srun: error: frontier05971: tasks 36-44: Terminated
srun: error: frontier05973: tasks 54-62: Terminated
srun: error: frontier05970: tasks 27-35: Terminated
srun: error: frontier05972: tasks 45-53: Terminated
srun: error: frontier05964: tasks 18-26: Terminated
srun: Force Terminated StepId=5137468.28
Running frontier nodes=8 ranks_per_node=9 dist=hierarchical mode=fixed expected_us=1000000 max_upper_fanout=0
srun: Step created for StepId=5137468.29
RESULT distributor=hierarchical mode=fixed expected_us=1000000 nodes=8 world_size=72 max_upper_fanout=0 total_tasks=1670 elapsed_s=28.0038 throughput_tasks_per_s=59.6347
MPICH Notice [Rank 0] [job id 5137468.29] [Sun Aug  2 01:12:18 2026] [frontier05920] - Abort(0) (rank 0 in comm 0): application called MPI_Abort(MPI_COMM_WORLD, 0) - process 0

aborting job:
application called MPI_Abort(MPI_COMM_WORLD, 0) - process 0
srun: error: frontier05920: task 0: Exited with exit code 255
srun: Terminating StepId=5137468.29
[2026-08-02T01:12:18.420] error: *** STEP 5137468.29 ON frontier05920 CANCELLED AT 2026-08-02T01:12:18 DUE TO TASK FAILURE ***
srun: error: frontier05988: tasks 63-71: Terminated
srun: error: frontier05970: tasks 27-35: Terminated
srun: error: frontier05920: tasks 1-8: Terminated
srun: error: frontier05971: tasks 36-44: Terminated
srun: error: frontier05973: tasks 54-62: Terminated
srun: error: frontier05964: tasks 18-26: Terminated
srun: error: frontier05943: tasks 9-17: Terminated
srun: error: frontier05972: tasks 45-53: Terminated
srun: Force Terminated StepId=5137468.29
Running frontier nodes=8 ranks_per_node=9 dist=hierarchical mode=random expected_us=10 max_upper_fanout=0
srun: Step created for StepId=5137468.30
RESULT distributor=hierarchical mode=random expected_us=10 nodes=8 world_size=72 max_upper_fanout=0 total_tasks=18026954 elapsed_s=20.0006 throughput_tasks_per_s=901320
MPICH Notice [Rank 0] [job id 5137468.30] [Sun Aug  2 01:12:39 2026] [frontier05920] - Abort(0) (rank 0 in comm 0): application called MPI_Abort(MPI_COMM_WORLD, 0) - process 0

aborting job:
application called MPI_Abort(MPI_COMM_WORLD, 0) - process 0
srun: error: frontier05920: task 0: Exited with exit code 255
srun: Terminating StepId=5137468.30
[2026-08-02T01:12:39.552] error: *** STEP 5137468.30 ON frontier05920 CANCELLED AT 2026-08-02T01:12:39 DUE TO TASK FAILURE ***
srun: error: frontier05988: tasks 63-71: Terminated
srun: error: frontier05970: tasks 27-35: Terminated
srun: error: frontier05920: tasks 1-8: Terminated
srun: error: frontier05973: tasks 54-62: Terminated
srun: error: frontier05943: tasks 9-17: Terminated
srun: error: frontier05971: tasks 36-44: Terminated
srun: error: frontier05972: tasks 45-53: Terminated
srun: error: frontier05964: tasks 18-26: Terminated
srun: Force Terminated StepId=5137468.30
Running frontier nodes=8 ranks_per_node=9 dist=hierarchical mode=random expected_us=100 max_upper_fanout=0
srun: Step created for StepId=5137468.31
RESULT distributor=hierarchical mode=random expected_us=100 nodes=8 world_size=72 max_upper_fanout=0 total_tasks=12194416 elapsed_s=20.0009 throughput_tasks_per_s=609692
MPICH Notice [Rank 0] [job id 5137468.31] [Sun Aug  2 01:13:00 2026] [frontier05920] - Abort(0) (rank 0 in comm 0): application called MPI_Abort(MPI_COMM_WORLD, 0) - process 0

aborting job:
application called MPI_Abort(MPI_COMM_WORLD, 0) - process 0
srun: error: frontier05920: task 0: Exited with exit code 255
srun: Terminating StepId=5137468.31
[2026-08-02T01:13:00.684] error: *** STEP 5137468.31 ON frontier05920 CANCELLED AT 2026-08-02T01:13:00 DUE TO TASK FAILURE ***
srun: error: frontier05920: tasks 1-8: Terminated
srun: error: frontier05988: tasks 63-71: Terminated
srun: error: frontier05972: tasks 45-53: Terminated
srun: error: frontier05973: tasks 54-62: Terminated
srun: error: frontier05970: tasks 27-35: Terminated
srun: error: frontier05943: tasks 9-17: Terminated
srun: error: frontier05971: tasks 36-44: Terminated
srun: error: frontier05964: tasks 18-26: Terminated
srun: Force Terminated StepId=5137468.31
Running frontier nodes=8 ranks_per_node=9 dist=hierarchical mode=random expected_us=1000 max_upper_fanout=0
srun: Step created for StepId=5137468.32
RESULT distributor=hierarchical mode=random expected_us=1000 nodes=8 world_size=72 max_upper_fanout=0 total_tasks=1256790 elapsed_s=20.0098 throughput_tasks_per_s=62808.9
MPICH Notice [Rank 0] [job id 5137468.32] [Sun Aug  2 01:13:21 2026] [frontier05920] - Abort(0) (rank 0 in comm 0): application called MPI_Abort(MPI_COMM_WORLD, 0) - process 0

aborting job:
application called MPI_Abort(MPI_COMM_WORLD, 0) - process 0
srun: error: frontier05920: task 0: Exited with exit code 255
srun: Terminating StepId=5137468.32
[2026-08-02T01:13:21.844] error: *** STEP 5137468.32 ON frontier05920 CANCELLED AT 2026-08-02T01:13:21 DUE TO TASK FAILURE ***
srun: error: frontier05988: tasks 63-71: Terminated
srun: error: frontier05920: tasks 1-8: Terminated
srun: error: frontier05973: tasks 54-62: Terminated
srun: error: frontier05971: tasks 36-44: Terminated
srun: error: frontier05943: tasks 9-17: Terminated
srun: error: frontier05970: tasks 27-35: Terminated
srun: error: frontier05972: tasks 45-53: Terminated
srun: error: frontier05964: tasks 18-26: Terminated
srun: Force Terminated StepId=5137468.32
Running frontier nodes=8 ranks_per_node=9 dist=hierarchical mode=random expected_us=10000 max_upper_fanout=0
srun: Step created for StepId=5137468.33
RESULT distributor=hierarchical mode=random expected_us=10000 nodes=8 world_size=72 max_upper_fanout=0 total_tasks=126088 elapsed_s=20.0796 throughput_tasks_per_s=6279.42
MPICH Notice [Rank 0] [job id 5137468.33] [Sun Aug  2 01:13:42 2026] [frontier05920] - Abort(0) (rank 0 in comm 0): application called MPI_Abort(MPI_COMM_WORLD, 0) - process 0

aborting job:
application called MPI_Abort(MPI_COMM_WORLD, 0) - process 0
srun: error: frontier05920: task 0: Exited with exit code 255
srun: Terminating StepId=5137468.33
[2026-08-02T01:13:43.071] error: *** STEP 5137468.33 ON frontier05920 CANCELLED AT 2026-08-02T01:13:43 DUE TO TASK FAILURE ***
srun: error: frontier05920: tasks 1-8: Terminated
srun: error: frontier05970: tasks 27-35: Terminated
srun: error: frontier05988: tasks 63-71: Terminated
srun: error: frontier05943: tasks 9-17: Terminated
srun: error: frontier05973: tasks 54-62: Terminated
srun: error: frontier05964: tasks 18-26: Terminated
srun: error: frontier05971: tasks 36-44: Terminated
srun: error: frontier05972: tasks 45-53: Terminated
srun: Force Terminated StepId=5137468.33
Running frontier nodes=8 ranks_per_node=9 dist=hierarchical mode=random expected_us=100000 max_upper_fanout=0
srun: Step created for StepId=5137468.34
RESULT distributor=hierarchical mode=random expected_us=100000 nodes=8 world_size=72 max_upper_fanout=0 total_tasks=12960 elapsed_s=20.8478 throughput_tasks_per_s=621.649
MPICH Notice [Rank 0] [job id 5137468.34] [Sun Aug  2 01:14:04 2026] [frontier05920] - Abort(0) (rank 0 in comm 0): application called MPI_Abort(MPI_COMM_WORLD, 0) - process 0

aborting job:
application called MPI_Abort(MPI_COMM_WORLD, 0) - process 0
srun: error: frontier05920: task 0: Exited with exit code 255
srun: Terminating StepId=5137468.34
[2026-08-02T01:14:07.049] error: *** STEP 5137468.34 ON frontier05920 CANCELLED AT 2026-08-02T01:14:07 DUE TO TASK FAILURE ***
srun: error: frontier05970: tasks 27-35: Terminated
srun: error: frontier05920: tasks 1-8: Terminated
srun: error: frontier05973: tasks 54-62: Terminated
srun: error: frontier05988: tasks 63-71: Terminated
srun: error: frontier05943: tasks 9-17: Terminated
srun: error: frontier05972: tasks 45-53: Terminated
srun: error: frontier05964: tasks 18-26: Terminated
srun: error: frontier05971: tasks 36-44: Terminated
srun: Force Terminated StepId=5137468.34
Running frontier nodes=8 ranks_per_node=9 dist=hierarchical mode=random expected_us=1000000 max_upper_fanout=0
srun: Step created for StepId=5137468.35
RESULT distributor=hierarchical mode=random expected_us=1000000 nodes=8 world_size=72 max_upper_fanout=0 total_tasks=1748 elapsed_s=29.4722 throughput_tasks_per_s=59.3102
MPICH Notice [Rank 0] [job id 5137468.35] [Sun Aug  2 01:14:37 2026] [frontier05920] - Abort(0) (rank 0 in comm 0): application called MPI_Abort(MPI_COMM_WORLD, 0) - process 0

aborting job:
application called MPI_Abort(MPI_COMM_WORLD, 0) - process 0
srun: error: frontier05920: task 0: Exited with exit code 255
srun: Terminating StepId=5137468.35
[2026-08-02T01:14:37.676] error: *** STEP 5137468.35 ON frontier05920 CANCELLED AT 2026-08-02T01:14:37 DUE TO TASK FAILURE ***
srun: error: frontier05964: tasks 18-26: Terminated
srun: error: frontier05920: tasks 1-8: Terminated
srun: error: frontier05973: tasks 54-62: Terminated
srun: error: frontier05988: tasks 63-71: Terminated
srun: error: frontier05970: tasks 27-35: Terminated
srun: error: frontier05943: tasks 9-17: Terminated
srun: error: frontier05971: tasks 36-44: Terminated
srun: error: frontier05972: tasks 45-53: Terminated
srun: Force Terminated StepId=5137468.35
Running frontier nodes=8 ranks_per_node=9 dist=async_put_lockfree mode=fixed expected_us=10 max_upper_fanout=-1
srun: Step created for StepId=5137468.36
RESULT distributor=async_put_lockfree mode=fixed expected_us=10 nodes=8 world_size=72 max_upper_fanout=-1 total_tasks=6750785 elapsed_s=20 throughput_tasks_per_s=337539
MPICH Notice [Rank 0] [job id 5137468.36] [Sun Aug  2 01:15:04 2026] [frontier05920] - Abort(0) (rank 0 in comm 0): application called MPI_Abort(MPI_COMM_WORLD, 0) - process 0

aborting job:
application called MPI_Abort(MPI_COMM_WORLD, 0) - process 0
srun: error: frontier05920: task 0: Exited with exit code 255
srun: Terminating StepId=5137468.36
[2026-08-02T01:15:05.352] error: *** STEP 5137468.36 ON frontier05920 CANCELLED AT 2026-08-02T01:15:05 DUE TO TASK FAILURE ***
srun: error: frontier05964: tasks 18-26: Terminated
srun: error: frontier05943: tasks 9-17: Terminated
srun: error: frontier05970: tasks 27-35: Terminated
srun: error: frontier05988: tasks 63-71: Terminated
srun: error: frontier05920: tasks 1-8: Terminated
srun: error: frontier05972: tasks 45-53: Terminated
srun: error: frontier05973: tasks 54-62: Terminated
srun: error: frontier05971: tasks 36-44: Terminated
srun: Force Terminated StepId=5137468.36
Running frontier nodes=8 ranks_per_node=9 dist=async_put_lockfree mode=fixed expected_us=100 max_upper_fanout=-1
srun: Step created for StepId=5137468.37
RESULT distributor=async_put_lockfree mode=fixed expected_us=100 nodes=8 world_size=72 max_upper_fanout=-1 total_tasks=3694472 elapsed_s=20 throughput_tasks_per_s=184723
MPICH Notice [Rank 0] [job id 5137468.37] [Sun Aug  2 01:15:32 2026] [frontier05920] - Abort(0) (rank 0 in comm 0): application called MPI_Abort(MPI_COMM_WORLD, 0) - process 0

aborting job:
application called MPI_Abort(MPI_COMM_WORLD, 0) - process 0
srun: error: frontier05920: task 0: Exited with exit code 255
srun: Terminating StepId=5137468.37
[2026-08-02T01:15:33.021] error: *** STEP 5137468.37 ON frontier05920 CANCELLED AT 2026-08-02T01:15:33 DUE TO TASK FAILURE ***
srun: error: frontier05988: tasks 63-71: Terminated
srun: error: frontier05970: tasks 27-35: Terminated
srun: error: frontier05943: tasks 9-17: Terminated
srun: error: frontier05920: tasks 1-8: Terminated
srun: error: frontier05964: tasks 18-26: Terminated
srun: error: frontier05973: tasks 54-62: Terminated
srun: error: frontier05971: tasks 36-44: Terminated
srun: error: frontier05972: tasks 45-53: Terminated
srun: Force Terminated StepId=5137468.37
Running frontier nodes=8 ranks_per_node=9 dist=async_put_lockfree mode=fixed expected_us=1000 max_upper_fanout=-1
srun: Step created for StepId=5137468.38
RESULT distributor=async_put_lockfree mode=fixed expected_us=1000 nodes=8 world_size=72 max_upper_fanout=-1 total_tasks=1239209 elapsed_s=20 throughput_tasks_per_s=61960.4
MPICH Notice [Rank 0] [job id 5137468.38] [Sun Aug  2 01:15:59 2026] [frontier05920] - Abort(0) (rank 0 in comm 0): application called MPI_Abort(MPI_COMM_WORLD, 0) - process 0

aborting job:
application called MPI_Abort(MPI_COMM_WORLD, 0) - process 0
srun: error: frontier05920: task 0: Exited with exit code 255
srun: Terminating StepId=5137468.38
[2026-08-02T01:16:00.750] error: *** STEP 5137468.38 ON frontier05920 CANCELLED AT 2026-08-02T01:16:00 DUE TO TASK FAILURE ***
srun: error: frontier05920: tasks 1-8: Terminated
srun: error: frontier05964: tasks 18-26: Terminated
srun: error: frontier05972: tasks 45-53: Terminated
srun: error: frontier05970: tasks 27-35: Terminated
srun: error: frontier05988: tasks 63-71: Terminated
srun: error: frontier05973: tasks 54-62: Terminated
srun: error: frontier05943: tasks 9-17: Terminated
srun: error: frontier05971: tasks 36-44: Terminated
srun: Force Terminated StepId=5137468.38
Running frontier nodes=8 ranks_per_node=9 dist=async_put_lockfree mode=fixed expected_us=10000 max_upper_fanout=-1
srun: Step created for StepId=5137468.39
RESULT distributor=async_put_lockfree mode=fixed expected_us=10000 nodes=8 world_size=72 max_upper_fanout=-1 total_tasks=140034 elapsed_s=20.0004 throughput_tasks_per_s=7001.55
MPICH Notice [Rank 0] [job id 5137468.39] [Sun Aug  2 01:16:27 2026] [frontier05920] - Abort(0) (rank 0 in comm 0): application called MPI_Abort(MPI_COMM_WORLD, 0) - process 0

aborting job:
application called MPI_Abort(MPI_COMM_WORLD, 0) - process 0
srun: error: frontier05920: task 0: Exited with exit code 255
srun: Terminating StepId=5137468.39
[2026-08-02T01:16:30.005] error: *** STEP 5137468.39 ON frontier05920 CANCELLED AT 2026-08-02T01:16:30 DUE TO TASK FAILURE ***
srun: error: frontier05920: tasks 1,3-8: Terminated
srun: error: frontier05970: tasks 27-35: Terminated
srun: error: frontier05943: tasks 9-17: Terminated
srun: error: frontier05973: tasks 54-62: Terminated
srun: error: frontier05971: tasks 36-44: Terminated
srun: error: frontier05972: tasks 45-53: Terminated
srun: error: frontier05964: tasks 18-26: Terminated
srun: error: frontier05988: tasks 63-71: Terminated
srun: error: frontier05920: task 2: Bus error (core dumped)
srun: Force Terminated StepId=5137468.39
Running frontier nodes=8 ranks_per_node=9 dist=async_put_lockfree mode=fixed expected_us=100000 max_upper_fanout=-1
RESULT distributor=async_put_lockfree mode=fixed expected_us=100000 nodes=8 world_size=72 max_upper_fanout=-1 total_tasks=14129 elapsed_s=20.0004 throughput_tasks_per_s=706.436
MPICH Notice [Rank 0] [job id 5137468.40] [Sun Aug  2 01:16:56 2026] [frontier05920] - Abort(0) (rank 0 in comm 0): application called MPI_Abort(MPI_COMM_WORLD, 0) - process 0

aborting job:
application called MPI_Abort(MPI_COMM_WORLD, 0) - process 0
srun: error: frontier05920: tasks 1,6: Bus error
srun: Terminating StepId=5137468.40
[2026-08-02T01:16:57.174] error: *** STEP 5137468.40 ON frontier05920 CANCELLED AT 2026-08-02T01:16:57 DUE TO TASK FAILURE ***
srun: error: frontier05920: tasks 2-3,5,7-8: Terminated
srun: error: frontier05973: tasks 54-62: Terminated
srun: error: frontier05972: tasks 45-53: Terminated
srun: error: frontier05971: tasks 36-44: Terminated
srun: error: frontier05964: tasks 18-26: Terminated
srun: error: frontier05988: tasks 63-71: Terminated
srun: error: frontier05943: tasks 9-17: Terminated
srun: error: frontier05970: tasks 27-35: Terminated
srun: error: frontier05920: task 0: Exited with exit code 255
srun: error: frontier05920: task 4: Bus error (core dumped)
srun: Force Terminated StepId=5137468.40
Running frontier nodes=8 ranks_per_node=9 dist=async_put_lockfree mode=fixed expected_us=1000000 max_upper_fanout=-1
RESULT distributor=async_put_lockfree mode=fixed expected_us=1000000 nodes=8 world_size=72 max_upper_fanout=-1 total_tasks=1349 elapsed_s=20 throughput_tasks_per_s=67.4499
MPICH Notice [Rank 0] [job id 5137468.41] [Sun Aug  2 01:17:28 2026] [frontier05920] - Abort(0) (rank 0 in comm 0): application called MPI_Abort(MPI_COMM_WORLD, 0) - process 0

aborting job:
application called MPI_Abort(MPI_COMM_WORLD, 0) - process 0
srun: error: frontier05920: tasks 2,4-5: Bus error
srun: Terminating StepId=5137468.41
[2026-08-02T01:17:28.714] error: *** STEP 5137468.41 ON frontier05920 CANCELLED AT 2026-08-02T01:17:28 DUE TO TASK FAILURE ***
srun: error: frontier05920: tasks 1,6-8: Terminated
srun: error: frontier05973: tasks 54-62: Terminated
srun: error: frontier05988: tasks 63-71: Terminated
srun: error: frontier05971: tasks 36-44: Terminated
srun: error: frontier05972: tasks 45-53: Terminated
srun: error: frontier05964: tasks 18-26: Terminated
srun: error: frontier05970: tasks 27-35: Terminated
srun: error: frontier05943: tasks 9-17: Terminated
srun: error: frontier05920: task 0: Exited with exit code 255
srun: error: frontier05920: task 3: Bus error (core dumped)
srun: Force Terminated StepId=5137468.41
Running frontier nodes=8 ranks_per_node=9 dist=async_put_lockfree mode=random expected_us=10 max_upper_fanout=-1
RESULT distributor=async_put_lockfree mode=random expected_us=10 nodes=8 world_size=72 max_upper_fanout=-1 total_tasks=6767161 elapsed_s=20 throughput_tasks_per_s=338358
MPICH Notice [Rank 0] [job id 5137468.42] [Sun Aug  2 01:17:57 2026] [frontier05920] - Abort(0) (rank 0 in comm 0): application called MPI_Abort(MPI_COMM_WORLD, 0) - process 0

aborting job:
application called MPI_Abort(MPI_COMM_WORLD, 0) - process 0
srun: error: frontier05920: task 0: Exited with exit code 255
srun: Terminating StepId=5137468.42
[2026-08-02T01:17:58.996] error: *** STEP 5137468.42 ON frontier05920 CANCELLED AT 2026-08-02T01:17:58 DUE TO TASK FAILURE ***
srun: error: frontier05920: tasks 1-8: Terminated
srun: error: frontier05970: tasks 27-35: Terminated
srun: error: frontier05988: tasks 63-71: Terminated
srun: error: frontier05973: tasks 54-62: Terminated
srun: error: frontier05971: tasks 36-44: Terminated
srun: error: frontier05943: tasks 9-17: Terminated
srun: error: frontier05964: tasks 18-26: Terminated
srun: error: frontier05972: tasks 45-53: Terminated
srun: Force Terminated StepId=5137468.42
Running frontier nodes=8 ranks_per_node=9 dist=async_put_lockfree mode=random expected_us=100 max_upper_fanout=-1
srun: Step created for StepId=5137468.43
RESULT distributor=async_put_lockfree mode=random expected_us=100 nodes=8 world_size=72 max_upper_fanout=-1 total_tasks=4026992 elapsed_s=20.0001 throughput_tasks_per_s=201349
MPICH Notice [Rank 0] [job id 5137468.43] [Sun Aug  2 01:18:25 2026] [frontier05920] - Abort(0) (rank 0 in comm 0): application called MPI_Abort(MPI_COMM_WORLD, 0) - process 0

aborting job:
application called MPI_Abort(MPI_COMM_WORLD, 0) - process 0
srun: error: frontier05920: task 0: Exited with exit code 255
srun: Terminating StepId=5137468.43
[2026-08-02T01:18:26.662] error: *** STEP 5137468.43 ON frontier05920 CANCELLED AT 2026-08-02T01:18:26 DUE TO TASK FAILURE ***
srun: error: frontier05971: tasks 36-44: Terminated
srun: error: frontier05972: tasks 45-53: Terminated
srun: error: frontier05920: tasks 1-8: Terminated
srun: error: frontier05973: tasks 54-62: Terminated
srun: error: frontier05943: tasks 9-17: Terminated
srun: error: frontier05970: tasks 27-35: Terminated
srun: error: frontier05988: tasks 63-71: Terminated
srun: error: frontier05964: tasks 18-26: Terminated
srun: Force Terminated StepId=5137468.43
Running frontier nodes=8 ranks_per_node=9 dist=async_put_lockfree mode=random expected_us=1000 max_upper_fanout=-1
srun: Step created for StepId=5137468.44
RESULT distributor=async_put_lockfree mode=random expected_us=1000 nodes=8 world_size=72 max_upper_fanout=-1 total_tasks=1245572 elapsed_s=20.0001 throughput_tasks_per_s=62278.2
MPICH Notice [Rank 0] [job id 5137468.44] [Sun Aug  2 01:18:53 2026] [frontier05920] - Abort(0) (rank 0 in comm 0): application called MPI_Abort(MPI_COMM_WORLD, 0) - process 0

aborting job:
application called MPI_Abort(MPI_COMM_WORLD, 0) - process 0
srun: error: frontier05920: task 0: Exited with exit code 255
srun: Terminating StepId=5137468.44
[2026-08-02T01:18:54.295] error: *** STEP 5137468.44 ON frontier05920 CANCELLED AT 2026-08-02T01:18:54 DUE TO TASK FAILURE ***
srun: error: frontier05972: tasks 45-53: Terminated
srun: error: frontier05988: tasks 63-71: Terminated
srun: error: frontier05973: tasks 54-62: Terminated
srun: error: frontier05920: tasks 1-8: Terminated
srun: error: frontier05964: tasks 18-26: Terminated
srun: error: frontier05971: tasks 36-44: Terminated
srun: error: frontier05970: tasks 27-35: Terminated
srun: error: frontier05943: tasks 9-17: Terminated
srun: Force Terminated StepId=5137468.44
Running frontier nodes=8 ranks_per_node=9 dist=async_put_lockfree mode=random expected_us=10000 max_upper_fanout=-1
srun: Step created for StepId=5137468.45
RESULT distributor=async_put_lockfree mode=random expected_us=10000 nodes=8 world_size=72 max_upper_fanout=-1 total_tasks=139943 elapsed_s=20.0003 throughput_tasks_per_s=6997.06
MPICH Notice [Rank 0] [job id 5137468.45] [Sun Aug  2 01:19:20 2026] [frontier05920] - Abort(0) (rank 0 in comm 0): application called MPI_Abort(MPI_COMM_WORLD, 0) - process 0

aborting job:
application called MPI_Abort(MPI_COMM_WORLD, 0) - process 0
srun: error: frontier05920: task 0: Exited with exit code 255
srun: Terminating StepId=5137468.45
[2026-08-02T01:19:21.964] error: *** STEP 5137468.45 ON frontier05920 CANCELLED AT 2026-08-02T01:19:21 DUE TO TASK FAILURE ***
srun: error: frontier05971: tasks 36-44: Terminated
srun: error: frontier05972: tasks 45-53: Terminated
srun: error: frontier05988: tasks 63-71: Terminated
srun: error: frontier05970: tasks 27-35: Terminated
srun: error: frontier05920: tasks 1-8: Terminated
srun: error: frontier05964: tasks 18-26: Terminated
srun: error: frontier05973: tasks 54-62: Terminated
srun: error: frontier05943: tasks 9-17: Terminated
srun: Force Terminated StepId=5137468.45
Running frontier nodes=8 ranks_per_node=9 dist=async_put_lockfree mode=random expected_us=100000 max_upper_fanout=-1
srun: Step created for StepId=5137468.46
RESULT distributor=async_put_lockfree mode=random expected_us=100000 nodes=8 world_size=72 max_upper_fanout=-1 total_tasks=14096 elapsed_s=20.0001 throughput_tasks_per_s=704.796
MPICH Notice [Rank 0] [job id 5137468.46] [Sun Aug  2 01:19:48 2026] [frontier05920] - Abort(0) (rank 0 in comm 0): application called MPI_Abort(MPI_COMM_WORLD, 0) - process 0

aborting job:
application called MPI_Abort(MPI_COMM_WORLD, 0) - process 0
srun: error: frontier05920: tasks 5,8: Bus error
srun: Terminating StepId=5137468.46
[2026-08-02T01:19:48.861] error: *** STEP 5137468.46 ON frontier05920 CANCELLED AT 2026-08-02T01:19:48 DUE TO TASK FAILURE ***
srun: error: frontier05920: tasks 1,4: Terminated
srun: error: frontier05964: tasks 18-26: Terminated
srun: error: frontier05988: tasks 63-71: Terminated
srun: error: frontier05970: tasks 27-35: Terminated
srun: error: frontier05943: tasks 9-17: Terminated
srun: error: frontier05972: tasks 45-53: Terminated
srun: error: frontier05973: tasks 54-62: Terminated
srun: error: frontier05971: tasks 36-44: Terminated
srun: error: frontier05920: task 0: Exited with exit code 255
srun: error: frontier05920: tasks 2-3,6-7: Bus error (core dumped)
srun: Force Terminated StepId=5137468.46
Running frontier nodes=8 ranks_per_node=9 dist=async_put_lockfree mode=random expected_us=1000000 max_upper_fanout=-1
RESULT distributor=async_put_lockfree mode=random expected_us=1000000 nodes=8 world_size=72 max_upper_fanout=-1 total_tasks=1347 elapsed_s=20 throughput_tasks_per_s=67.3499
MPICH Notice [Rank 0] [job id 5137468.47] [Sun Aug  2 01:20:18 2026] [frontier05920] - Abort(0) (rank 0 in comm 0): application called MPI_Abort(MPI_COMM_WORLD, 0) - process 0

aborting job:
application called MPI_Abort(MPI_COMM_WORLD, 0) - process 0
MPICH ERROR [Rank 57] [job id 5137468.47] [Sun Aug  2 01:20:19 2026] [frontier05973] - Abort(606226319) (rank 57 in comm 0): Fatal error in PMPI_Win_flush: Other MPI error, error stack:
PMPI_Win_flush(139)..................: MPI_Win_flush(target_rank=0, win=0xa0000000) failed
MPID_Win_flush(294)..................:
MPIDIG_mpi_win_flush(615)............:
MPIDI_OFI_win_progress_fence_impl(65):
MPIDI_OFI_handle_cq_error(1310)......: OFI poll failed (ofi_events.c:1312:MPIDI_OFI_handle_cq_error:Input/output error - PTLTE_NOT_FOUND)

aborting job:
Fatal error in PMPI_Win_flush: Other MPI error, error stack:
PMPI_Win_flush(139)..................: MPI_Win_flush(target_rank=0, win=0xa0000000) failed
MPID_Win_flush(294)..................:
MPIDIG_mpi_win_flush(615)............:
MPIDI_OFI_win_progress_fence_impl(65):
MPIDI_OFI_handle_cq_error(1310)......: OFI poll failed (ofi_events.c:1312:MPIDI_OFI_handle_cq_error:Input/output error - PTLTE_NOT_FOUND)
MPICH ERROR [Rank 52] [job id 5137468.47] [Sun Aug  2 01:20:19 2026] [frontier05972] - Abort(606226319) (rank 52 in comm 0): Fatal error in PMPI_Win_flush: Other MPI error, error stack:
PMPI_Win_flush(139)..................: MPI_Win_flush(target_rank=0, win=0xa0000000) failed
MPID_Win_flush(294)..................:
MPIDIG_mpi_win_flush(615)............:
MPIDI_OFI_win_progress_fence_impl(65):
MPIDI_OFI_handle_cq_error(1310)......: OFI poll failed (ofi_events.c:1312:MPIDI_OFI_handle_cq_error:Input/output error - PTLTE_NOT_FOUND)

aborting job:
Fatal error in PMPI_Win_flush: Other MPI error, error stack:
PMPI_Win_flush(139)..................: MPI_Win_flush(target_rank=0, win=0xa0000000) failed
MPID_Win_flush(294)..................:
MPIDIG_mpi_win_flush(615)............:
MPIDI_OFI_win_progress_fence_impl(65):
MPIDI_OFI_handle_cq_error(1310)......: OFI poll failed (ofi_events.c:1312:MPIDI_OFI_handle_cq_error:Input/output error - PTLTE_NOT_FOUND)
MPICH ERROR [Rank 37] [job id 5137468.47] [Sun Aug  2 01:20:19 2026] [frontier05971] - Abort(606226319) (rank 37 in comm 0): Fatal error in PMPI_Win_flush: Other MPI error, error stack:
PMPI_Win_flush(139)..................: MPI_Win_flush(target_rank=0, win=0xa0000000) failed
MPID_Win_flush(294)..................:
MPIDIG_mpi_win_flush(615)............:
MPIDI_OFI_win_progress_fence_impl(65):
MPIDI_OFI_handle_cq_error(1310)......: OFI poll failed (ofi_events.c:1312:MPIDI_OFI_handle_cq_error:Input/output error - PTLTE_NOT_FOUND)

aborting job:
Fatal error in PMPI_Win_flush: Other MPI error, error stack:
PMPI_Win_flush(139)..................: MPI_Win_flush(target_rank=0, win=0xa0000000) failed
MPID_Win_flush(294)..................:
MPIDIG_mpi_win_flush(615)............:
MPIDI_OFI_win_progress_fence_impl(65):
MPIDI_OFI_handle_cq_error(1310)......: OFI poll failed (ofi_events.c:1312:MPIDI_OFI_handle_cq_error:Input/output error - PTLTE_NOT_FOUND)
MPICH ERROR [Rank 39] [job id 5137468.47] [Sun Aug  2 01:20:19 2026] [frontier05971] - Abort(606226319) (rank 39 in comm 0): Fatal error in PMPI_Win_flush: Other MPI error, error stack:
PMPI_Win_flush(139)..................: MPI_Win_flush(target_rank=0, win=0xa0000000) failed
MPID_Win_flush(294)..................:
MPIDIG_mpi_win_flush(615)............:
MPIDI_OFI_win_progress_fence_impl(65):
MPIDI_OFI_handle_cq_error(1310)......: OFI poll failed (ofi_events.c:1312:MPIDI_OFI_handle_cq_error:Input/output error - PTLTE_NOT_FOUND)

aborting job:
Fatal error in PMPI_Win_flush: Other MPI error, error stack:
PMPI_Win_flush(139)..................: MPI_Win_flush(target_rank=0, win=0xa0000000) failed
MPID_Win_flush(294)..................:
MPIDIG_mpi_win_flush(615)............:
MPIDI_OFI_win_progress_fence_impl(65):
MPIDI_OFI_handle_cq_error(1310)......: OFI poll failed (ofi_events.c:1312:MPIDI_OFI_handle_cq_error:Input/output error - PTLTE_NOT_FOUND)
MPICH ERROR [Rank 30] [job id 5137468.47] [Sun Aug  2 01:20:19 2026] [frontier05970] - Abort(606226319) (rank 30 in comm 0): Fatal error in PMPI_Win_flush: Other MPI error, error stack:
PMPI_Win_flush(139)..................: MPI_Win_flush(target_rank=0, win=0xa0000000) failed
MPID_Win_flush(294)..................:
MPIDIG_mpi_win_flush(615)............:
MPIDI_OFI_win_progress_fence_impl(65):
MPIDI_OFI_handle_cq_error(1310)......: OFI poll failed (ofi_events.c:1312:MPIDI_OFI_handle_cq_error:Input/output error - PTLTE_NOT_FOUND)

aborting job:
Fatal error in PMPI_Win_flush: Other MPI error, error stack:
PMPI_Win_flush(139)..................: MPI_Win_flush(target_rank=0, win=0xa0000000) failed
MPID_Win_flush(294)..................:
MPIDIG_mpi_win_flush(615)............:
MPIDI_OFI_win_progress_fence_impl(65):
MPIDI_OFI_handle_cq_error(1310)......: OFI poll failed (ofi_events.c:1312:MPIDI_OFI_handle_cq_error:Input/output error - PTLTE_NOT_FOUND)
MPICH ERROR [Rank 62] [job id 5137468.47] [Sun Aug  2 01:20:19 2026] [frontier05973] - Abort(606226319) (rank 62 in comm 0): Fatal error in PMPI_Win_flush: Other MPI error, error stack:
PMPI_Win_flush(139)..................: MPI_Win_flush(target_rank=0, win=0xa0000000) failed
MPID_Win_flush(294)..................:
MPIDIG_mpi_win_flush(615)............:
MPIDI_OFI_win_progress_fence_impl(65):
MPIDI_OFI_handle_cq_error(1310)......: OFI poll failed (ofi_events.c:1312:MPIDI_OFI_handle_cq_error:Input/output error - PTLTE_NOT_FOUND)

aborting job:
Fatal error in PMPI_Win_flush: Other MPI error, error stack:
PMPI_Win_flush(139)..................: MPI_Win_flush(target_rank=0, win=0xa0000000) failed
MPID_Win_flush(294)..................:
MPIDIG_mpi_win_flush(615)............:
MPIDI_OFI_win_progress_fence_impl(65):
MPIDI_OFI_handle_cq_error(1310)......: OFI poll failed (ofi_events.c:1312:MPIDI_OFI_handle_cq_error:Input/output error - PTLTE_NOT_FOUND)
MPICH ERROR [Rank 42] [job id 5137468.47] [Sun Aug  2 01:20:19 2026] [frontier05971] - Abort(606226319) (rank 42 in comm 0): Fatal error in PMPI_Win_flush: Other MPI error, error stack:
PMPI_Win_flush(139)..................: MPI_Win_flush(target_rank=0, win=0xa0000000) failed
MPID_Win_flush(294)..................:
MPIDIG_mpi_win_flush(615)............:
MPIDI_OFI_win_progress_fence_impl(65):
MPIDI_OFI_handle_cq_error(1310)......: OFI poll failed (ofi_events.c:1312:MPIDI_OFI_handle_cq_error:Input/output error - PTLTE_NOT_FOUND)

aborting job:
Fatal error in PMPI_Win_flush: Other MPI error, error stack:
PMPI_Win_flush(139)..................: MPI_Win_flush(target_rank=0, win=0xa0000000) failed
MPID_Win_flush(294)..................:
MPIDIG_mpi_win_flush(615)............:
MPIDI_OFI_win_progress_fence_impl(65):
MPIDI_OFI_handle_cq_error(1310)......: OFI poll failed (ofi_events.c:1312:MPIDI_OFI_handle_cq_error:Input/output error - PTLTE_NOT_FOUND)
MPICH ERROR [Rank 49] [job id 5137468.47] [Sun Aug  2 01:20:19 2026] [frontier05972] - Abort(606226319) (rank 49 in comm 0): Fatal error in PMPI_Win_flush: Other MPI error, error stack:
PMPI_Win_flush(139)..................: MPI_Win_flush(target_rank=0, win=0xa0000000) failed
MPID_Win_flush(294)..................:
MPIDIG_mpi_win_flush(615)............:
MPIDI_OFI_win_progress_fence_impl(65):
MPIDI_OFI_handle_cq_error(1310)......: OFI poll failed (ofi_events.c:1312:MPIDI_OFI_handle_cq_error:Input/output error - PTLTE_NOT_FOUND)

aborting job:
Fatal error in PMPI_Win_flush: Other MPI error, error stack:
PMPI_Win_flush(139)..................: MPI_Win_flush(target_rank=0, win=0xa0000000) failed
MPID_Win_flush(294)..................:
MPIDIG_mpi_win_flush(615)............:
MPIDI_OFI_win_progress_fence_impl(65):
MPIDI_OFI_handle_cq_error(1310)......: OFI poll failed (ofi_events.c:1312:MPIDI_OFI_handle_cq_error:Input/output error - PTLTE_NOT_FOUND)
MPICH ERROR [Rank 33] [job id 5137468.47] [Sun Aug  2 01:20:19 2026] [frontier05970] - Abort(606226319) (rank 33 in comm 0): Fatal error in PMPI_Win_flush: Other MPI error, error stack:
PMPI_Win_flush(139)..................: MPI_Win_flush(target_rank=0, win=0xa0000000) failed
MPID_Win_flush(294)..................:
MPIDIG_mpi_win_flush(615)............:
MPIDI_OFI_win_progress_fence_impl(65):
MPIDI_OFI_handle_cq_error(1310)......: OFI poll failed (ofi_events.c:1312:MPIDI_OFI_handle_cq_error:Input/output error - PTLTE_NOT_FOUND)

aborting job:
Fatal error in PMPI_Win_flush: Other MPI error, error stack:
PMPI_Win_flush(139)..................: MPI_Win_flush(target_rank=0, win=0xa0000000) failed
MPID_Win_flush(294)..................:
MPIDIG_mpi_win_flush(615)............:
MPIDI_OFI_win_progress_fence_impl(65):
MPIDI_OFI_handle_cq_error(1310)......: OFI poll failed (ofi_events.c:1312:MPIDI_OFI_handle_cq_error:Input/output error - PTLTE_NOT_FOUND)
srun: error: frontier05972: task 52: Exited with exit code 255
srun: Terminating StepId=5137468.47
srun: error: frontier05973: tasks 57,62: Exited with exit code 255
[2026-08-02T01:20:19.371] error: *** STEP 5137468.47 ON frontier05920 CANCELLED AT 2026-08-02T01:20:19 DUE TO TASK FAILURE ***
srun: error: frontier05971: tasks 37,39,42: Exited with exit code 255
srun: error: frontier05970: tasks 27-29,31-32,34-35: Terminated
srun: error: frontier05970: tasks 30,33: Exited with exit code 255
srun: error: frontier05972: tasks 45-48,50-51,53: Terminated
srun: error: frontier05972: task 49: Exited with exit code 255
srun: error: frontier05971: tasks 36,38,40-41,43-44: Terminated
srun: error: frontier05973: tasks 54-56,58-61: Terminated
srun: error: frontier05920: tasks 2,4-6,8: Terminated
srun: error: frontier05943: tasks 9-17: Terminated
srun: error: frontier05988: tasks 63-71: Terminated
srun: error: frontier05964: tasks 18-26: Terminated
srun: error: frontier05920: task 0: Exited with exit code 255
srun: error: frontier05920: task 1: Bus error (core dumped)
srun: error: frontier05920: task 7: Bus error (core dumped)
srun: error: frontier05920: task 3: Bus error (core dumped)
srun: Force Terminated StepId=5137468.47
Running frontier nodes=8 ranks_per_node=9 dist=hierarchical_async_put_lockfree mode=fixed expected_us=10 max_upper_fanout=-1
RESULT distributor=hierarchical_async_put_lockfree mode=fixed expected_us=10 nodes=8 world_size=72 max_upper_fanout=-1 total_tasks=7701602 elapsed_s=20.0001 throughput_tasks_per_s=385078
MPICH Notice [Rank 0] [job id 5137468.48] [Sun Aug  2 01:20:55 2026] [frontier05920] - Abort(0) (rank 0 in comm 0): application called MPI_Abort(MPI_COMM_WORLD, 0) - process 0

aborting job:
application called MPI_Abort(MPI_COMM_WORLD, 0) - process 0
srun: error: frontier05920: task 0: Exited with exit code 255
srun: Terminating StepId=5137468.48
[2026-08-02T01:20:56.014] error: *** STEP 5137468.48 ON frontier05920 CANCELLED AT 2026-08-02T01:20:56 DUE TO TASK FAILURE ***
srun: error: frontier05920: tasks 2-8: Terminated
srun: error: frontier05973: tasks 55-62: Terminated
srun: error: frontier05988: tasks 64-71: Terminated
srun: error: frontier05970: tasks 28-35: Terminated
srun: error: frontier05971: tasks 37-44: Terminated
srun: error: frontier05972: tasks 46-53: Terminated
srun: error: frontier05964: tasks 19-26: Terminated
srun: error: frontier05943: tasks 10-17: Terminated
srun: error: frontier05973: task 54: Terminated
srun: error: frontier05988: task 63: Terminated
srun: error: frontier05972: task 45: Terminated
srun: error: frontier05920: task 1: Terminated
srun: error: frontier05964: task 18: Terminated
srun: error: frontier05943: task 9: Terminated
srun: error: frontier05970: task 27: Terminated
srun: error: frontier05971: task 36: Terminated
srun: Force Terminated StepId=5137468.48
Running frontier nodes=8 ranks_per_node=9 dist=hierarchical_async_put_lockfree mode=fixed expected_us=100 max_upper_fanout=-1
srun: Step created for StepId=5137468.49
RESULT distributor=hierarchical_async_put_lockfree mode=fixed expected_us=100 nodes=8 world_size=72 max_upper_fanout=-1 total_tasks=7726131 elapsed_s=20.0002 throughput_tasks_per_s=386303
MPICH Notice [Rank 0] [job id 5137468.49] [Sun Aug  2 01:21:29 2026] [frontier05920] - Abort(0) (rank 0 in comm 0): application called MPI_Abort(MPI_COMM_WORLD, 0) - process 0

aborting job:
application called MPI_Abort(MPI_COMM_WORLD, 0) - process 0
srun: error: frontier05920: task 0: Exited with exit code 255
srun: Terminating StepId=5137468.49
[2026-08-02T01:21:30.360] error: *** STEP 5137468.49 ON frontier05920 CANCELLED AT 2026-08-02T01:21:30 DUE TO TASK FAILURE ***
srun: error: frontier05920: tasks 2-8: Terminated
srun: error: frontier05971: tasks 37-44: Terminated
srun: error: frontier05988: tasks 64-71: Terminated
srun: error: frontier05972: tasks 46-53: Terminated
srun: error: frontier05964: tasks 19-26: Terminated
srun: error: frontier05973: tasks 55-62: Terminated
srun: error: frontier05970: tasks 28-35: Terminated
srun: error: frontier05943: tasks 10-17: Terminated
srun: error: frontier05920: task 1: Terminated
srun: error: frontier05988: task 63: Terminated
srun: error: frontier05972: task 45: Terminated
srun: error: frontier05964: task 18: Terminated
srun: error: frontier05971: task 36: Terminated
srun: error: frontier05943: task 9: Terminated
srun: error: frontier05973: task 54: Terminated
srun: error: frontier05970: task 27: Terminated
srun: Force Terminated StepId=5137468.49
Running frontier nodes=8 ranks_per_node=9 dist=hierarchical_async_put_lockfree mode=fixed expected_us=1000 max_upper_fanout=-1
srun: Step created for StepId=5137468.50
RESULT distributor=hierarchical_async_put_lockfree mode=fixed expected_us=1000 nodes=8 world_size=72 max_upper_fanout=-1 total_tasks=1159336 elapsed_s=20.0001 throughput_tasks_per_s=57966.4
MPICH Notice [Rank 0] [job id 5137468.50] [Sun Aug  2 01:22:03 2026] [frontier05920] - Abort(0) (rank 0 in comm 0): application called MPI_Abort(MPI_COMM_WORLD, 0) - process 0

aborting job:
application called MPI_Abort(MPI_COMM_WORLD, 0) - process 0
srun: error: frontier05920: task 0: Exited with exit code 255
srun: Terminating StepId=5137468.50
[2026-08-02T01:22:04.437] error: *** STEP 5137468.50 ON frontier05920 CANCELLED AT 2026-08-02T01:22:04 DUE TO TASK FAILURE ***
srun: error: frontier05970: tasks 28-35: Terminated
srun: error: frontier05920: tasks 2-8: Terminated
srun: error: frontier05973: tasks 55-62: Terminated
srun: error: frontier05988: tasks 64-71: Terminated
srun: error: frontier05971: tasks 37-44: Terminated
srun: error: frontier05964: tasks 19-26: Terminated
srun: error: frontier05943: tasks 10-17: Terminated
srun: error: frontier05972: tasks 46-53: Terminated
srun: error: frontier05970: task 27: Terminated
srun: error: frontier05972: task 45: Terminated
srun: error: frontier05973: task 54: Terminated
srun: error: frontier05920: task 1: Terminated
srun: error: frontier05964: task 18: Terminated
srun: error: frontier05971: task 36: Terminated
srun: error: frontier05988: task 63: Terminated
srun: error: frontier05943: task 9: Terminated
srun: Force Terminated StepId=5137468.50
Running frontier nodes=8 ranks_per_node=9 dist=hierarchical_async_put_lockfree mode=fixed expected_us=10000 max_upper_fanout=-1
srun: Step created for StepId=5137468.51
RESULT distributor=hierarchical_async_put_lockfree mode=fixed expected_us=10000 nodes=8 world_size=72 max_upper_fanout=-1 total_tasks=124911 elapsed_s=20.0001 throughput_tasks_per_s=6245.52
MPICH Notice [Rank 0] [job id 5137468.51] [Sun Aug  2 01:22:37 2026] [frontier05920] - Abort(0) (rank 0 in comm 0): application called MPI_Abort(MPI_COMM_WORLD, 0) - process 0

aborting job:
application called MPI_Abort(MPI_COMM_WORLD, 0) - process 0
srun: error: frontier05920: task 0: Exited with exit code 255
srun: Terminating StepId=5137468.51
[2026-08-02T01:22:38.517] error: *** STEP 5137468.51 ON frontier05920 CANCELLED AT 2026-08-02T01:22:38 DUE TO TASK FAILURE ***
srun: error: frontier05972: tasks 46-53: Terminated
srun: error: frontier05964: tasks 19-26: Terminated
srun: error: frontier05943: tasks 10-17: Terminated
srun: error: frontier05973: tasks 55-62: Terminated
srun: error: frontier05988: tasks 64-71: Terminated
srun: error: frontier05920: tasks 2-8: Terminated
srun: error: frontier05971: tasks 37-44: Terminated
srun: error: frontier05970: tasks 28-35: Terminated
srun: error: frontier05972: task 45: Terminated
srun: error: frontier05973: task 54: Terminated
srun: error: frontier05920: task 1: Terminated
srun: error: frontier05988: task 63: Terminated
srun: error: frontier05964: task 18: Terminated
srun: error: frontier05971: task 36: Terminated
srun: error: frontier05943: task 9: Terminated
srun: error: frontier05970: task 27: Terminated
srun: Force Terminated StepId=5137468.51
Running frontier nodes=8 ranks_per_node=9 dist=hierarchical_async_put_lockfree mode=fixed expected_us=100000 max_upper_fanout=-1
srun: Step created for StepId=5137468.52
RESULT distributor=hierarchical_async_put_lockfree mode=fixed expected_us=100000 nodes=8 world_size=72 max_upper_fanout=-1 total_tasks=12537 elapsed_s=20.0001 throughput_tasks_per_s=626.848
MPICH Notice [Rank 0] [job id 5137468.52] [Sun Aug  2 01:23:11 2026] [frontier05920] - Abort(0) (rank 0 in comm 0): application called MPI_Abort(MPI_COMM_WORLD, 0) - process 0

aborting job:
application called MPI_Abort(MPI_COMM_WORLD, 0) - process 0
srun: error: frontier05920: task 0: Exited with exit code 255
srun: Terminating StepId=5137468.52
[2026-08-02T01:23:12.831] error: *** STEP 5137468.52 ON frontier05920 CANCELLED AT 2026-08-02T01:23:12 DUE TO TASK FAILURE ***
srun: error: frontier05972: tasks 46-53: Terminated
srun: error: frontier05920: tasks 2-8: Terminated
srun: error: frontier05964: tasks 19-26: Terminated
srun: error: frontier05971: tasks 37-44: Terminated
srun: error: frontier05988: tasks 64-71: Terminated
srun: error: frontier05943: tasks 10-17: Terminated
srun: error: frontier05973: tasks 55-62: Terminated
srun: error: frontier05970: tasks 28-35: Terminated
srun: error: frontier05972: task 45: Terminated
srun: error: frontier05920: task 1: Terminated
srun: error: frontier05973: task 54: Terminated
srun: error: frontier05964: task 18: Terminated
srun: error: frontier05988: task 63: Terminated
srun: error: frontier05943: task 9: Terminated
srun: error: frontier05970: task 27: Terminated
srun: error: frontier05971: task 36: Terminated
srun: Force Terminated StepId=5137468.52
Running frontier nodes=8 ranks_per_node=9 dist=hierarchical_async_put_lockfree mode=fixed expected_us=1000000 max_upper_fanout=-1
srun: Step created for StepId=5137468.53
RESULT distributor=hierarchical_async_put_lockfree mode=fixed expected_us=1000000 nodes=8 world_size=72 max_upper_fanout=-1 total_tasks=1197 elapsed_s=20 throughput_tasks_per_s=59.8499
MPICH Notice [Rank 0] [job id 5137468.53] [Sun Aug  2 01:23:45 2026] [frontier05920] - Abort(0) (rank 0 in comm 0): application called MPI_Abort(MPI_COMM_WORLD, 0) - process 0

aborting job:
application called MPI_Abort(MPI_COMM_WORLD, 0) - process 0
srun: error: frontier05920: task 0: Exited with exit code 255
srun: Terminating StepId=5137468.53
[2026-08-02T01:23:46.795] error: *** STEP 5137468.53 ON frontier05920 CANCELLED AT 2026-08-02T01:23:46 DUE TO TASK FAILURE ***
srun: error: frontier05920: tasks 2-8: Terminated
srun: error: frontier05971: tasks 37-44: Terminated
srun: error: frontier05972: tasks 46-53: Terminated
srun: error: frontier05964: tasks 19-26: Terminated
srun: error: frontier05970: tasks 28-35: Terminated
srun: error: frontier05973: tasks 55-62: Terminated
srun: error: frontier05943: tasks 10-17: Terminated
srun: error: frontier05988: tasks 64-71: Terminated
srun: error: frontier05920: task 1: Terminated
srun: error: frontier05972: task 45: Terminated
srun: error: frontier05964: task 18: Terminated
srun: error: frontier05973: task 54: Terminated
srun: error: frontier05970: task 27: Terminated
srun: error: frontier05943: task 9: Terminated
srun: error: frontier05988: task 63: Terminated
srun: error: frontier05971: task 36: Terminated
srun: Force Terminated StepId=5137468.53
Running frontier nodes=8 ranks_per_node=9 dist=hierarchical_async_put_lockfree mode=random expected_us=10 max_upper_fanout=-1
srun: Step created for StepId=5137468.54
RESULT distributor=hierarchical_async_put_lockfree mode=random expected_us=10 nodes=8 world_size=72 max_upper_fanout=-1 total_tasks=7740332 elapsed_s=20 throughput_tasks_per_s=387016
MPICH Notice [Rank 0] [job id 5137468.54] [Sun Aug  2 01:24:19 2026] [frontier05920] - Abort(0) (rank 0 in comm 0): application called MPI_Abort(MPI_COMM_WORLD, 0) - process 0

aborting job:
application called MPI_Abort(MPI_COMM_WORLD, 0) - process 0
srun: error: frontier05920: task 0: Exited with exit code 255
srun: Terminating StepId=5137468.54
[2026-08-02T01:24:20.891] error: *** STEP 5137468.54 ON frontier05920 CANCELLED AT 2026-08-02T01:24:20 DUE TO TASK FAILURE ***
srun: error: frontier05920: tasks 2-8: Terminated
srun: error: frontier05971: tasks 37-44: Terminated
srun: error: frontier05970: tasks 28-35: Terminated
srun: error: frontier05943: tasks 10-17: Terminated
srun: error: frontier05964: tasks 19-26: Terminated
srun: error: frontier05973: tasks 55-62: Terminated
srun: error: frontier05972: tasks 46-53: Terminated
srun: error: frontier05988: tasks 64-71: Terminated
srun: error: frontier05920: task 1: Terminated
srun: error: frontier05970: task 27: Terminated
srun: error: frontier05971: task 36: Terminated
srun: error: frontier05972: task 45: Terminated
srun: error: frontier05973: task 54: Terminated
srun: error: frontier05988: task 63: Terminated
srun: error: frontier05943: task 9: Terminated
srun: error: frontier05964: task 18: Terminated
srun: Force Terminated StepId=5137468.54
Running frontier nodes=8 ranks_per_node=9 dist=hierarchical_async_put_lockfree mode=random expected_us=100 max_upper_fanout=-1
srun: Step created for StepId=5137468.55
RESULT distributor=hierarchical_async_put_lockfree mode=random expected_us=100 nodes=8 world_size=72 max_upper_fanout=-1 total_tasks=7693853 elapsed_s=20.0001 throughput_tasks_per_s=384692
MPICH Notice [Rank 0] [job id 5137468.55] [Sun Aug  2 01:24:54 2026] [frontier05920] - Abort(0) (rank 0 in comm 0): application called MPI_Abort(MPI_COMM_WORLD, 0) - process 0

aborting job:
application called MPI_Abort(MPI_COMM_WORLD, 0) - process 0
srun: error: frontier05920: task 0: Exited with exit code 255
srun: Terminating StepId=5137468.55
[2026-08-02T01:24:54.992] error: *** STEP 5137468.55 ON frontier05920 CANCELLED AT 2026-08-02T01:24:54 DUE TO TASK FAILURE ***
srun: error: frontier05920: tasks 2-8: Terminated
srun: error: frontier05970: tasks 28-35: Terminated
srun: error: frontier05988: tasks 64-71: Terminated
srun: error: frontier05971: tasks 37-44: Terminated
srun: error: frontier05943: tasks 10-17: Terminated
srun: error: frontier05973: tasks 55-62: Terminated
srun: error: frontier05972: tasks 46-53: Terminated
srun: error: frontier05964: tasks 19-26: Terminated
srun: error: frontier05920: task 1: Terminated
srun: error: frontier05988: task 63: Terminated
srun: error: frontier05971: task 36: Terminated
srun: error: frontier05972: task 45: Terminated
srun: error: frontier05973: task 54: Terminated
srun: error: frontier05970: task 27: Terminated
srun: error: frontier05943: task 9: Terminated
srun: error: frontier05964: task 18: Terminated
srun: Force Terminated StepId=5137468.55
Running frontier nodes=8 ranks_per_node=9 dist=hierarchical_async_put_lockfree mode=random expected_us=1000 max_upper_fanout=-1
srun: Step created for StepId=5137468.56
RESULT distributor=hierarchical_async_put_lockfree mode=random expected_us=1000 nodes=8 world_size=72 max_upper_fanout=-1 total_tasks=1172580 elapsed_s=20.0001 throughput_tasks_per_s=58628.6
MPICH Notice [Rank 0] [job id 5137468.56] [Sun Aug  2 01:25:28 2026] [frontier05920] - Abort(0) (rank 0 in comm 0): application called MPI_Abort(MPI_COMM_WORLD, 0) - process 0

aborting job:
application called MPI_Abort(MPI_COMM_WORLD, 0) - process 0
srun: error: frontier05920: task 0: Exited with exit code 255
srun: Terminating StepId=5137468.56
[2026-08-02T01:25:29.049] error: *** STEP 5137468.56 ON frontier05920 CANCELLED AT 2026-08-02T01:25:29 DUE TO TASK FAILURE ***
srun: error: frontier05988: tasks 64-71: Terminated
srun: error: frontier05971: tasks 37-44: Terminated
srun: error: frontier05943: tasks 10-17: Terminated
srun: error: frontier05964: tasks 19-26: Terminated
srun: error: frontier05970: tasks 28-35: Terminated
srun: error: frontier05972: tasks 46-53: Terminated
srun: error: frontier05973: tasks 55-62: Terminated
srun: error: frontier05920: tasks 2-8: Terminated
srun: error: frontier05972: task 45: Terminated
srun: error: frontier05988: task 63: Terminated
srun: error: frontier05943: task 9: Terminated
srun: error: frontier05973: task 54: Terminated
srun: error: frontier05964: task 18: Terminated
srun: error: frontier05970: task 27: Terminated
srun: error: frontier05920: task 1: Terminated
srun: error: frontier05971: task 36: Terminated
srun: Force Terminated StepId=5137468.56
Running frontier nodes=8 ranks_per_node=9 dist=hierarchical_async_put_lockfree mode=random expected_us=10000 max_upper_fanout=-1
srun: Step created for StepId=5137468.57
RESULT distributor=hierarchical_async_put_lockfree mode=random expected_us=10000 nodes=8 world_size=72 max_upper_fanout=-1 total_tasks=124343 elapsed_s=20.0001 throughput_tasks_per_s=6217.13
MPICH Notice [Rank 0] [job id 5137468.57] [Sun Aug  2 01:26:02 2026] [frontier05920] - Abort(0) (rank 0 in comm 0): application called MPI_Abort(MPI_COMM_WORLD, 0) - process 0

aborting job:
application called MPI_Abort(MPI_COMM_WORLD, 0) - process 0
srun: error: frontier05920: task 0: Exited with exit code 255
srun: Terminating StepId=5137468.57
[2026-08-02T01:26:03.261] error: *** STEP 5137468.57 ON frontier05920 CANCELLED AT 2026-08-02T01:26:03 DUE TO TASK FAILURE ***
srun: error: frontier05943: tasks 10-17: Terminated
srun: error: frontier05964: tasks 19-26: Terminated
srun: error: frontier05988: tasks 64-71: Terminated
srun: error: frontier05970: tasks 28-35: Terminated
srun: error: frontier05920: tasks 2-8: Terminated
srun: error: frontier05971: tasks 37-44: Terminated
srun: error: frontier05973: tasks 55-62: Terminated
srun: error: frontier05972: tasks 46-53: Terminated
srun: error: frontier05988: task 63: Terminated
srun: error: frontier05920: task 1: Terminated
srun: error: frontier05973: task 54: Terminated
srun: error: frontier05970: task 27: Terminated
srun: error: frontier05964: task 18: Terminated
srun: error: frontier05943: task 9: Terminated
srun: error: frontier05972: task 45: Terminated
srun: error: frontier05971: task 36: Terminated
srun: Force Terminated StepId=5137468.57
Running frontier nodes=8 ranks_per_node=9 dist=hierarchical_async_put_lockfree mode=random expected_us=100000 max_upper_fanout=-1
srun: Step created for StepId=5137468.58
RESULT distributor=hierarchical_async_put_lockfree mode=random expected_us=100000 nodes=8 world_size=72 max_upper_fanout=-1 total_tasks=12485 elapsed_s=20.0001 throughput_tasks_per_s=624.246
MPICH Notice [Rank 0] [job id 5137468.58] [Sun Aug  2 01:26:36 2026] [frontier05920] - Abort(0) (rank 0 in comm 0): application called MPI_Abort(MPI_COMM_WORLD, 0) - process 0

aborting job:
application called MPI_Abort(MPI_COMM_WORLD, 0) - process 0
srun: error: frontier05920: task 0: Exited with exit code 255
srun: Terminating StepId=5137468.58
[2026-08-02T01:26:37.313] error: *** STEP 5137468.58 ON frontier05920 CANCELLED AT 2026-08-02T01:26:37 DUE TO TASK FAILURE ***
srun: error: frontier05970: tasks 28-35: Terminated
srun: error: frontier05973: tasks 55-62: Terminated
srun: error: frontier05943: tasks 10-17: Terminated
srun: error: frontier05971: tasks 37-44: Terminated
srun: error: frontier05972: tasks 46-53: Terminated
srun: error: frontier05920: tasks 2-8: Terminated
srun: error: frontier05988: tasks 64-71: Terminated
srun: error: frontier05964: tasks 19-26: Terminated
srun: error: frontier05920: task 1: Terminated
srun: error: frontier05973: task 54: Terminated
srun: error: frontier05970: task 27: Terminated
srun: error: frontier05972: task 45: Terminated
srun: error: frontier05964: task 18: Terminated
srun: error: frontier05943: task 9: Terminated
srun: error: frontier05971: task 36: Terminated
srun: error: frontier05988: task 63: Terminated
srun: Force Terminated StepId=5137468.58
Running frontier nodes=8 ranks_per_node=9 dist=hierarchical_async_put_lockfree mode=random expected_us=1000000 max_upper_fanout=-1
srun: Step created for StepId=5137468.59
RESULT distributor=hierarchical_async_put_lockfree mode=random expected_us=1000000 nodes=8 world_size=72 max_upper_fanout=-1 total_tasks=1133 elapsed_s=20.0001 throughput_tasks_per_s=56.6498
MPICH Notice [Rank 0] [job id 5137468.59] [Sun Aug  2 01:27:10 2026] [frontier05920] - Abort(0) (rank 0 in comm 0): application called MPI_Abort(MPI_COMM_WORLD, 0) - process 0

aborting job:
application called MPI_Abort(MPI_COMM_WORLD, 0) - process 0
srun: error: frontier05920: task 0: Exited with exit code 255
srun: Terminating StepId=5137468.59
[2026-08-02T01:27:11.420] error: *** STEP 5137468.59 ON frontier05920 CANCELLED AT 2026-08-02T01:27:11 DUE TO TASK FAILURE ***
srun: error: frontier05920: tasks 2-8: Terminated
srun: error: frontier05972: tasks 46-53: Terminated
srun: error: frontier05943: tasks 10-17: Terminated
srun: error: frontier05971: tasks 37-44: Terminated
srun: error: frontier05973: tasks 55-62: Terminated
srun: error: frontier05970: tasks 28-35: Terminated
srun: error: frontier05988: tasks 64-71: Terminated
srun: error: frontier05964: tasks 19-26: Terminated
srun: error: frontier05920: task 1: Terminated
srun: error: frontier05972: task 45: Terminated
srun: error: frontier05964: task 18: Terminated
srun: error: frontier05973: task 54: Terminated
srun: error: frontier05988: task 63: Terminated
srun: error: frontier05970: task 27: Terminated
srun: error: frontier05971: task 36: Terminated
srun: error: frontier05943: task 9: Terminated
srun: Force Terminated StepId=5137468.59
Running frontier nodes=8 ranks_per_node=9 dist=hierarchical_async_put_lockfree mode=fixed expected_us=10 max_upper_fanout=0
srun: Step created for StepId=5137468.60
RESULT distributor=hierarchical_async_put_lockfree mode=fixed expected_us=10 nodes=8 world_size=72 max_upper_fanout=0 total_tasks=7698081 elapsed_s=20.0001 throughput_tasks_per_s=384903
MPICH Notice [Rank 0] [job id 5137468.60] [Sun Aug  2 01:27:44 2026] [frontier05920] - Abort(0) (rank 0 in comm 0): application called MPI_Abort(MPI_COMM_WORLD, 0) - process 0

aborting job:
application called MPI_Abort(MPI_COMM_WORLD, 0) - process 0
srun: error: frontier05920: task 0: Exited with exit code 255
srun: Terminating StepId=5137468.60
[2026-08-02T01:27:45.493] error: *** STEP 5137468.60 ON frontier05920 CANCELLED AT 2026-08-02T01:27:45 DUE TO TASK FAILURE ***
srun: error: frontier05920: tasks 2-8: Terminated
srun: error: frontier05970: tasks 28-35: Terminated
srun: error: frontier05988: tasks 64-71: Terminated
srun: error: frontier05972: tasks 46-53: Terminated
srun: error: frontier05943: tasks 10-17: Terminated
srun: error: frontier05971: tasks 37-44: Terminated
srun: error: frontier05964: tasks 19-26: Terminated
srun: error: frontier05973: tasks 55-62: Terminated
srun: error: frontier05920: task 1: Terminated
srun: error: frontier05970: task 27: Terminated
srun: error: frontier05988: task 63: Terminated
srun: error: frontier05964: task 18: Terminated
srun: error: frontier05971: task 36: Terminated
srun: error: frontier05972: task 45: Terminated
srun: error: frontier05943: task 9: Terminated
srun: error: frontier05973: task 54: Terminated
srun: Force Terminated StepId=5137468.60
Running frontier nodes=8 ranks_per_node=9 dist=hierarchical_async_put_lockfree mode=fixed expected_us=100 max_upper_fanout=0
srun: Step created for StepId=5137468.61
RESULT distributor=hierarchical_async_put_lockfree mode=fixed expected_us=100 nodes=8 world_size=72 max_upper_fanout=0 total_tasks=7677083 elapsed_s=20 throughput_tasks_per_s=383854
MPICH Notice [Rank 0] [job id 5137468.61] [Sun Aug  2 01:28:18 2026] [frontier05920] - Abort(0) (rank 0 in comm 0): application called MPI_Abort(MPI_COMM_WORLD, 0) - process 0

aborting job:
application called MPI_Abort(MPI_COMM_WORLD, 0) - process 0
srun: error: frontier05920: task 0: Exited with exit code 255
srun: Terminating StepId=5137468.61
[2026-08-02T01:28:19.592] error: *** STEP 5137468.61 ON frontier05920 CANCELLED AT 2026-08-02T01:28:19 DUE TO TASK FAILURE ***
srun: error: frontier05920: tasks 2-8: Terminated
srun: error: frontier05988: tasks 64-71: Terminated
srun: error: frontier05973: tasks 55-62: Terminated
srun: error: frontier05972: tasks 46-53: Terminated
srun: error: frontier05964: tasks 19-26: Terminated
srun: error: frontier05943: tasks 10-17: Terminated
srun: error: frontier05971: tasks 37-44: Terminated
srun: error: frontier05970: tasks 28-35: Terminated
srun: error: frontier05920: task 1: Terminated
srun: error: frontier05988: task 63: Terminated
srun: error: frontier05973: task 54: Terminated
srun: error: frontier05972: task 45: Terminated
srun: error: frontier05964: task 18: Terminated
srun: error: frontier05943: task 9: Terminated
srun: error: frontier05971: task 36: Terminated
srun: error: frontier05970: task 27: Terminated
srun: Force Terminated StepId=5137468.61
Running frontier nodes=8 ranks_per_node=9 dist=hierarchical_async_put_lockfree mode=fixed expected_us=1000 max_upper_fanout=0
srun: Step created for StepId=5137468.62
RESULT distributor=hierarchical_async_put_lockfree mode=fixed expected_us=1000 nodes=8 world_size=72 max_upper_fanout=0 total_tasks=1163879 elapsed_s=20.0001 throughput_tasks_per_s=58193.6
MPICH Notice [Rank 0] [job id 5137468.62] [Sun Aug  2 01:28:52 2026] [frontier05920] - Abort(0) (rank 0 in comm 0): application called MPI_Abort(MPI_COMM_WORLD, 0) - process 0

aborting job:
application called MPI_Abort(MPI_COMM_WORLD, 0) - process 0
srun: error: frontier05920: task 0: Exited with exit code 255
srun: Terminating StepId=5137468.62
[2026-08-02T01:28:53.672] error: *** STEP 5137468.62 ON frontier05920 CANCELLED AT 2026-08-02T01:28:53 DUE TO TASK FAILURE ***
srun: error: frontier05973: tasks 55-62: Terminated
srun: error: frontier05943: tasks 10-17: Terminated
srun: error: frontier05970: tasks 28-35: Terminated
srun: error: frontier05972: tasks 46-53: Terminated
srun: error: frontier05964: tasks 19-26: Terminated
srun: error: frontier05920: tasks 2-8: Terminated
srun: error: frontier05971: tasks 37-44: Terminated
srun: error: frontier05988: tasks 64-71: Terminated
srun: error: frontier05920: task 1: Terminated
srun: error: frontier05972: task 45: Terminated
srun: error: frontier05971: task 36: Terminated
srun: error: frontier05970: task 27: Terminated
srun: error: frontier05964: task 18: Terminated
srun: error: frontier05988: task 63: Terminated
srun: error: frontier05973: task 54: Terminated
srun: error: frontier05943: task 9: Terminated
srun: Force Terminated StepId=5137468.62
Running frontier nodes=8 ranks_per_node=9 dist=hierarchical_async_put_lockfree mode=fixed expected_us=10000 max_upper_fanout=0
srun: Step created for StepId=5137468.63
RESULT distributor=hierarchical_async_put_lockfree mode=fixed expected_us=10000 nodes=8 world_size=72 max_upper_fanout=0 total_tasks=124927 elapsed_s=20.0001 throughput_tasks_per_s=6246.33
MPICH Notice [Rank 0] [job id 5137468.63] [Sun Aug  2 01:29:26 2026] [frontier05920] - Abort(0) (rank 0 in comm 0): application called MPI_Abort(MPI_COMM_WORLD, 0) - process 0

aborting job:
application called MPI_Abort(MPI_COMM_WORLD, 0) - process 0
srun: error: frontier05920: task 0: Exited with exit code 255
srun: Terminating StepId=5137468.63
[2026-08-02T01:29:27.623] error: *** STEP 5137468.63 ON frontier05920 CANCELLED AT 2026-08-02T01:29:27 DUE TO TASK FAILURE ***
srun: error: frontier05970: tasks 28-35: Terminated
srun: error: frontier05920: tasks 2-8: Terminated
srun: error: frontier05971: tasks 37-44: Terminated
srun: error: frontier05964: tasks 19-26: Terminated
srun: error: frontier05973: tasks 55-62: Terminated
srun: error: frontier05972: tasks 46-53: Terminated
srun: error: frontier05988: tasks 64-71: Terminated
srun: error: frontier05943: tasks 10-17: Terminated
srun: error: frontier05988: task 63: Terminated
srun: error: frontier05972: task 45: Terminated
srun: error: frontier05970: task 27: Terminated
srun: error: frontier05973: task 54: Terminated
srun: error: frontier05920: task 1: Terminated
srun: error: frontier05964: task 18: Terminated
srun: error: frontier05943: task 9: Terminated
srun: error: frontier05971: task 36: Terminated
srun: Force Terminated StepId=5137468.63
Running frontier nodes=8 ranks_per_node=9 dist=hierarchical_async_put_lockfree mode=fixed expected_us=100000 max_upper_fanout=0
srun: Step created for StepId=5137468.64
RESULT distributor=hierarchical_async_put_lockfree mode=fixed expected_us=100000 nodes=8 world_size=72 max_upper_fanout=0 total_tasks=12537 elapsed_s=20.0001 throughput_tasks_per_s=626.847
MPICH Notice [Rank 0] [job id 5137468.64] [Sun Aug  2 01:30:00 2026] [frontier05920] - Abort(0) (rank 0 in comm 0): application called MPI_Abort(MPI_COMM_WORLD, 0) - process 0

aborting job:
application called MPI_Abort(MPI_COMM_WORLD, 0) - process 0
srun: error: frontier05920: task 0: Exited with exit code 255
srun: Terminating StepId=5137468.64
[2026-08-02T01:30:01.781] error: *** STEP 5137468.64 ON frontier05920 CANCELLED AT 2026-08-02T01:30:01 DUE TO TASK FAILURE ***
srun: error: frontier05943: tasks 10-17: Terminated
srun: error: frontier05988: tasks 64-71: Terminated
srun: error: frontier05972: tasks 46-53: Terminated
srun: error: frontier05970: tasks 28-35: Terminated
srun: error: frontier05964: tasks 19-26: Terminated
srun: error: frontier05920: tasks 2-8: Terminated
srun: error: frontier05971: tasks 37-44: Terminated
srun: error: frontier05973: tasks 55-62: Terminated
srun: error: frontier05988: task 63: Terminated
srun: error: frontier05973: task 54: Terminated
srun: error: frontier05920: task 1: Terminated
srun: error: frontier05970: task 27: Terminated
srun: error: frontier05972: task 45: Terminated
srun: error: frontier05964: task 18: Terminated
srun: error: frontier05943: task 9: Terminated
srun: error: frontier05971: task 36: Terminated
srun: Force Terminated StepId=5137468.64
Running frontier nodes=8 ranks_per_node=9 dist=hierarchical_async_put_lockfree mode=fixed expected_us=1000000 max_upper_fanout=0
srun: Step created for StepId=5137468.65
RESULT distributor=hierarchical_async_put_lockfree mode=fixed expected_us=1000000 nodes=8 world_size=72 max_upper_fanout=0 total_tasks=1197 elapsed_s=20.0001 throughput_tasks_per_s=59.8498
MPICH Notice [Rank 0] [job id 5137468.65] [Sun Aug  2 01:30:34 2026] [frontier05920] - Abort(0) (rank 0 in comm 0): application called MPI_Abort(MPI_COMM_WORLD, 0) - process 0

aborting job:
application called MPI_Abort(MPI_COMM_WORLD, 0) - process 0
srun: error: frontier05920: task 0: Exited with exit code 255
srun: Terminating StepId=5137468.65
[2026-08-02T01:30:35.859] error: *** STEP 5137468.65 ON frontier05920 CANCELLED AT 2026-08-02T01:30:35 DUE TO TASK FAILURE ***
srun: error: frontier05920: tasks 2-8: Terminated
srun: error: frontier05943: tasks 10-17: Terminated
srun: error: frontier05972: tasks 46-53: Terminated
srun: error: frontier05964: tasks 19-26: Terminated
srun: error: frontier05988: tasks 64-71: Terminated
srun: error: frontier05970: tasks 28-35: Terminated
srun: error: frontier05973: tasks 55-62: Terminated
srun: error: frontier05971: tasks 37-44: Terminated
srun: error: frontier05972: task 45: Terminated
srun: error: frontier05920: task 1: Terminated
srun: error: frontier05943: task 9: Terminated
srun: error: frontier05988: task 63: Terminated
srun: error: frontier05973: task 54: Terminated
srun: error: frontier05964: task 18: Terminated
srun: error: frontier05971: task 36: Terminated
srun: error: frontier05970: task 27: Terminated
srun: Force Terminated StepId=5137468.65
Running frontier nodes=8 ranks_per_node=9 dist=hierarchical_async_put_lockfree mode=random expected_us=10 max_upper_fanout=0
srun: Step created for StepId=5137468.66
RESULT distributor=hierarchical_async_put_lockfree mode=random expected_us=10 nodes=8 world_size=72 max_upper_fanout=0 total_tasks=7707856 elapsed_s=20.0001 throughput_tasks_per_s=385392
MPICH Notice [Rank 0] [job id 5137468.66] [Sun Aug  2 01:31:08 2026] [frontier05920] - Abort(0) (rank 0 in comm 0): application called MPI_Abort(MPI_COMM_WORLD, 0) - process 0

aborting job:
application called MPI_Abort(MPI_COMM_WORLD, 0) - process 0
srun: error: frontier05920: task 0: Exited with exit code 255
srun: Terminating StepId=5137468.66
[2026-08-02T01:31:09.915] error: *** STEP 5137468.66 ON frontier05920 CANCELLED AT 2026-08-02T01:31:09 DUE TO TASK FAILURE ***
srun: error: frontier05920: tasks 2-8: Terminated
srun: error: frontier05988: tasks 64-71: Terminated
srun: error: frontier05973: tasks 55-62: Terminated
srun: error: frontier05972: tasks 46-53: Terminated
srun: error: frontier05943: tasks 10-17: Terminated
srun: error: frontier05970: tasks 28-35: Terminated
srun: error: frontier05971: tasks 37-44: Terminated
srun: error: frontier05964: tasks 19-26: Terminated
srun: error: frontier05920: task 1: Terminated
srun: error: frontier05988: task 63: Terminated
srun: error: frontier05972: task 45: Terminated
srun: error: frontier05973: task 54: Terminated
srun: error: frontier05943: task 9: Terminated
srun: error: frontier05970: task 27: Terminated
srun: error: frontier05971: task 36: Terminated
srun: error: frontier05964: task 18: Terminated
srun: Force Terminated StepId=5137468.66
Running frontier nodes=8 ranks_per_node=9 dist=hierarchical_async_put_lockfree mode=random expected_us=100 max_upper_fanout=0
srun: Step created for StepId=5137468.67
RESULT distributor=hierarchical_async_put_lockfree mode=random expected_us=100 nodes=8 world_size=72 max_upper_fanout=0 total_tasks=7679382 elapsed_s=20.0001 throughput_tasks_per_s=383968
MPICH Notice [Rank 0] [job id 5137468.67] [Sun Aug  2 01:31:43 2026] [frontier05920] - Abort(0) (rank 0 in comm 0): application called MPI_Abort(MPI_COMM_WORLD, 0) - process 0

aborting job:
application called MPI_Abort(MPI_COMM_WORLD, 0) - process 0
srun: error: frontier05920: task 0: Exited with exit code 255
srun: Terminating StepId=5137468.67
[2026-08-02T01:31:45.546] error: *** STEP 5137468.67 ON frontier05920 CANCELLED AT 2026-08-02T01:31:45 DUE TO TASK FAILURE ***
srun: error: frontier05920: tasks 2-8: Terminated
srun: error: frontier05972: tasks 46-53: Terminated
srun: error: frontier05943: tasks 10-17: Terminated
srun: error: frontier05973: tasks 55-62: Terminated
srun: error: frontier05964: tasks 19-26: Terminated
srun: error: frontier05988: tasks 64-71: Terminated
srun: error: frontier05970: tasks 28-35: Terminated
srun: error: frontier05971: tasks 37-44: Terminated
srun: error: frontier05920: task 1: Terminated
srun: error: frontier05964: task 18: Terminated
srun: error: frontier05972: task 45: Terminated
srun: error: frontier05973: task 54: Terminated
srun: error: frontier05988: task 63: Terminated
srun: error: frontier05943: task 9: Terminated
srun: error: frontier05971: task 36: Terminated
srun: error: frontier05970: task 27: Terminated
srun: Force Terminated StepId=5137468.67
Running frontier nodes=8 ranks_per_node=9 dist=hierarchical_async_put_lockfree mode=random expected_us=1000 max_upper_fanout=0
srun: Step created for StepId=5137468.68
RESULT distributor=hierarchical_async_put_lockfree mode=random expected_us=1000 nodes=8 world_size=72 max_upper_fanout=0 total_tasks=1171384 elapsed_s=20.0001 throughput_tasks_per_s=58569
MPICH Notice [Rank 0] [job id 5137468.68] [Sun Aug  2 01:32:18 2026] [frontier05920] - Abort(0) (rank 0 in comm 0): application called MPI_Abort(MPI_COMM_WORLD, 0) - process 0

aborting job:
application called MPI_Abort(MPI_COMM_WORLD, 0) - process 0
srun: error: frontier05920: task 0: Exited with exit code 255
srun: Terminating StepId=5137468.68
[2026-08-02T01:32:20.718] error: *** STEP 5137468.68 ON frontier05920 CANCELLED AT 2026-08-02T01:32:20 DUE TO TASK FAILURE ***
srun: error: frontier05964: tasks 19-26: Terminated
srun: error: frontier05943: tasks 10-17: Terminated
srun: error: frontier05973: tasks 55-62: Terminated
srun: error: frontier05988: tasks 64-71: Terminated
srun: error: frontier05972: tasks 46-53: Terminated
srun: error: frontier05970: tasks 28-35: Terminated
srun: error: frontier05920: tasks 2-8: Terminated
srun: error: frontier05971: tasks 37-44: Terminated
srun: error: frontier05920: task 1: Terminated
srun: error: frontier05943: task 9: Terminated
srun: error: frontier05973: task 54: Terminated
srun: error: frontier05988: task 63: Terminated
srun: error: frontier05970: task 27: Terminated
srun: error: frontier05971: task 36: Terminated
srun: error: frontier05972: task 45: Terminated
srun: error: frontier05964: task 18: Terminated
srun: Force Terminated StepId=5137468.68
Running frontier nodes=8 ranks_per_node=9 dist=hierarchical_async_put_lockfree mode=random expected_us=10000 max_upper_fanout=0
srun: Step created for StepId=5137468.69
RESULT distributor=hierarchical_async_put_lockfree mode=random expected_us=10000 nodes=8 world_size=72 max_upper_fanout=0 total_tasks=124840 elapsed_s=20.0001 throughput_tasks_per_s=6241.98
MPICH Notice [Rank 0] [job id 5137468.69] [Sun Aug  2 01:32:54 2026] [frontier05920] - Abort(0) (rank 0 in comm 0): application called MPI_Abort(MPI_COMM_WORLD, 0) - process 0

aborting job:
application called MPI_Abort(MPI_COMM_WORLD, 0) - process 0
srun: error: frontier05920: task 0: Exited with exit code 255
srun: Terminating StepId=5137468.69
[2026-08-02T01:32:56.271] error: *** STEP 5137468.69 ON frontier05920 CANCELLED AT 2026-08-02T01:32:56 DUE TO TASK FAILURE ***
srun: error: frontier05971: tasks 37-44: Terminated
srun: error: frontier05972: tasks 46-53: Terminated
srun: error: frontier05973: tasks 55-62: Terminated
srun: error: frontier05964: tasks 19-26: Terminated
srun: error: frontier05920: tasks 2-8: Terminated
srun: error: frontier05970: tasks 28-35: Terminated
srun: error: frontier05988: tasks 64-71: Terminated
srun: error: frontier05943: tasks 10-17: Terminated
srun: error: frontier05920: task 1: Terminated
srun: error: frontier05973: task 54: Terminated
srun: error: frontier05988: task 63: Terminated
srun: error: frontier05972: task 45: Terminated
srun: error: frontier05970: task 27: Terminated
srun: error: frontier05964: task 18: Terminated
srun: error: frontier05971: task 36: Terminated
srun: error: frontier05943: task 9: Terminated
srun: Force Terminated StepId=5137468.69
Running frontier nodes=8 ranks_per_node=9 dist=hierarchical_async_put_lockfree mode=random expected_us=100000 max_upper_fanout=0
srun: Step created for StepId=5137468.70
RESULT distributor=hierarchical_async_put_lockfree mode=random expected_us=100000 nodes=8 world_size=72 max_upper_fanout=0 total_tasks=12449 elapsed_s=20.0001 throughput_tasks_per_s=622.446
MPICH Notice [Rank 0] [job id 5137468.70] [Sun Aug  2 01:33:29 2026] [frontier05920] - Abort(0) (rank 0 in comm 0): application called MPI_Abort(MPI_COMM_WORLD, 0) - process 0

aborting job:
application called MPI_Abort(MPI_COMM_WORLD, 0) - process 0
srun: error: frontier05920: task 0: Exited with exit code 255
srun: Terminating StepId=5137468.70
[2026-08-02T01:33:31.742] error: *** STEP 5137468.70 ON frontier05920 CANCELLED AT 2026-08-02T01:33:31 DUE TO TASK FAILURE ***
srun: error: frontier05920: tasks 2-8: Terminated
srun: error: frontier05971: tasks 37-44: Terminated
srun: error: frontier05988: tasks 64-71: Terminated
srun: error: frontier05964: tasks 19-26: Terminated
srun: error: frontier05943: tasks 10-17: Terminated
srun: error: frontier05970: tasks 28-35: Terminated
srun: error: frontier05973: tasks 55-62: Terminated
srun: error: frontier05972: tasks 46-53: Terminated
srun: error: frontier05920: task 1: Terminated
srun: error: frontier05973: task 54: Terminated
srun: error: frontier05988: task 63: Terminated
srun: error: frontier05964: task 18: Terminated
srun: error: frontier05970: task 27: Terminated
srun: error: frontier05971: task 36: Terminated
srun: error: frontier05943: task 9: Terminated
srun: error: frontier05972: task 45: Terminated
srun: Force Terminated StepId=5137468.70
Running frontier nodes=8 ranks_per_node=9 dist=hierarchical_async_put_lockfree mode=random expected_us=1000000 max_upper_fanout=0
srun: Step created for StepId=5137468.71
RESULT distributor=hierarchical_async_put_lockfree mode=random expected_us=1000000 nodes=8 world_size=72 max_upper_fanout=0 total_tasks=1147 elapsed_s=20.0001 throughput_tasks_per_s=57.3497
MPICH Notice [Rank 0] [job id 5137468.71] [Sun Aug  2 01:34:04 2026] [frontier05920] - Abort(0) (rank 0 in comm 0): application called MPI_Abort(MPI_COMM_WORLD, 0) - process 0

aborting job:
application called MPI_Abort(MPI_COMM_WORLD, 0) - process 0
srun: error: frontier05920: task 0: Exited with exit code 255
srun: Terminating StepId=5137468.71
[2026-08-02T01:34:07.302] error: *** STEP 5137468.71 ON frontier05920 CANCELLED AT 2026-08-02T01:34:07 DUE TO TASK FAILURE ***
srun: error: frontier05972: tasks 46-53: Terminated
srun: error: frontier05920: tasks 2-8: Terminated
srun: error: frontier05973: tasks 55-62: Terminated
srun: error: frontier05971: tasks 37-44: Terminated
srun: error: frontier05964: tasks 19-26: Terminated
srun: error: frontier05988: tasks 64-71: Terminated
srun: error: frontier05970: tasks 28-35: Terminated
srun: error: frontier05943: tasks 10-17: Terminated
srun: error: frontier05972: task 45: Terminated
srun: error: frontier05920: task 1: Terminated
srun: error: frontier05943: task 9: Terminated
srun: error: frontier05964: task 18: Terminated
srun: error: frontier05973: task 54: Terminated
srun: error: frontier05988: task 63: Terminated
srun: error: frontier05970: task 27: Terminated
srun: error: frontier05971: task 36: Terminated
srun: Force Terminated StepId=5137468.71
Running frontier nodes=8 ranks_per_node=56 dist=naive mode=fixed expected_us=10 max_upper_fanout=-1
srun: Step created for StepId=5137468.72
RESULT distributor=naive mode=fixed expected_us=10 nodes=8 world_size=448 max_upper_fanout=-1 total_tasks=12378324 elapsed_s=20.0013 throughput_tasks_per_s=618875
MPICH Notice [Rank 0] [job id 5137468.72] [Sun Aug  2 01:34:29 2026] [frontier05920] - Abort(0) (rank 0 in comm 0): application called MPI_Abort(MPI_COMM_WORLD, 0) - process 0

aborting job:
application called MPI_Abort(MPI_COMM_WORLD, 0) - process 0
srun: error: frontier05920: task 0: Exited with exit code 255
srun: Terminating StepId=5137468.72
[2026-08-02T01:34:29.957] error: *** STEP 5137468.72 ON frontier05920 CANCELLED AT 2026-08-02T01:34:29 DUE TO TASK FAILURE ***
srun: error: frontier05973: tasks 336-391: Terminated
srun: error: frontier05920: tasks 1-55: Terminated
srun: error: frontier05970: tasks 168-223: Terminated
srun: error: frontier05943: tasks 56-111: Terminated
srun: error: frontier05972: tasks 280-335: Terminated
srun: error: frontier05971: tasks 224-279: Terminated
srun: error: frontier05964: tasks 112-167: Terminated
srun: error: frontier05988: tasks 392-447: Terminated
srun: Force Terminated StepId=5137468.72
Running frontier nodes=8 ranks_per_node=56 dist=naive mode=fixed expected_us=100 max_upper_fanout=-1
srun: Step created for StepId=5137468.73
RESULT distributor=naive mode=fixed expected_us=100 nodes=8 world_size=448 max_upper_fanout=-1 total_tasks=13131281 elapsed_s=20.0037 throughput_tasks_per_s=656442
MPICH Notice [Rank 0] [job id 5137468.73] [Sun Aug  2 01:34:51 2026] [frontier05920] - Abort(0) (rank 0 in comm 0): application called MPI_Abort(MPI_COMM_WORLD, 0) - process 0

aborting job:
application called MPI_Abort(MPI_COMM_WORLD, 0) - process 0
srun: error: frontier05920: task 0: Exited with exit code 255
srun: Terminating StepId=5137468.73
[2026-08-02T01:34:51.384] error: *** STEP 5137468.73 ON frontier05920 CANCELLED AT 2026-08-02T01:34:51 DUE TO TASK FAILURE ***
srun: error: frontier05971: tasks 224-279: Terminated
srun: error: frontier05973: tasks 336-391: Terminated
srun: error: frontier05943: tasks 56-111: Terminated
srun: error: frontier05920: tasks 1-55: Terminated
srun: error: frontier05972: tasks 280-335: Terminated
srun: error: frontier05970: tasks 168-223: Terminated
srun: error: frontier05964: tasks 112-167: Terminated
srun: error: frontier05988: tasks 392-447: Terminated
srun: Force Terminated StepId=5137468.73
Running frontier nodes=8 ranks_per_node=56 dist=naive mode=fixed expected_us=1000 max_upper_fanout=-1
srun: Step created for StepId=5137468.74
RESULT distributor=naive mode=fixed expected_us=1000 nodes=8 world_size=448 max_upper_fanout=-1 total_tasks=5732290 elapsed_s=20.0053 throughput_tasks_per_s=286539
MPICH Notice [Rank 0] [job id 5137468.74] [Sun Aug  2 01:35:13 2026] [frontier05920] - Abort(0) (rank 0 in comm 0): application called MPI_Abort(MPI_COMM_WORLD, 0) - process 0

aborting job:
application called MPI_Abort(MPI_COMM_WORLD, 0) - process 0
srun: error: frontier05920: task 0: Exited with exit code 255
srun: Terminating StepId=5137468.74
[2026-08-02T01:35:15.009] error: *** STEP 5137468.74 ON frontier05920 CANCELLED AT 2026-08-02T01:35:15 DUE TO TASK FAILURE ***
srun: error: frontier05970: tasks 168-223: Terminated
srun: error: frontier05971: tasks 224-279: Terminated
srun: error: frontier05943: tasks 56-111: Terminated
srun: error: frontier05920: tasks 1-55: Terminated
srun: error: frontier05988: tasks 392-447: Terminated
srun: error: frontier05973: tasks 336-391: Terminated
srun: error: frontier05972: tasks 280-335: Terminated
srun: error: frontier05964: tasks 112-167: Terminated
srun: Force Terminated StepId=5137468.74
Running frontier nodes=8 ranks_per_node=56 dist=naive mode=fixed expected_us=10000 max_upper_fanout=-1
srun: Step created for StepId=5137468.75
RESULT distributor=naive mode=fixed expected_us=10000 nodes=8 world_size=448 max_upper_fanout=-1 total_tasks=894472 elapsed_s=20.035 throughput_tasks_per_s=44645.4
MPICH Notice [Rank 0] [job id 5137468.75] [Sun Aug  2 01:35:36 2026] [frontier05920] - Abort(0) (rank 0 in comm 0): application called MPI_Abort(MPI_COMM_WORLD, 0) - process 0

aborting job:
application called MPI_Abort(MPI_COMM_WORLD, 0) - process 0
srun: error: frontier05920: task 0: Exited with exit code 255
srun: Terminating StepId=5137468.75
[2026-08-02T01:35:36.997] error: *** STEP 5137468.75 ON frontier05920 CANCELLED AT 2026-08-02T01:35:36 DUE TO TASK FAILURE ***
srun: error: frontier05973: tasks 336-391: Terminated
srun: error: frontier05964: tasks 112-167: Terminated
srun: error: frontier05920: tasks 1-55: Terminated
srun: error: frontier05943: tasks 56-111: Terminated
srun: error: frontier05988: tasks 392-447: Terminated
srun: error: frontier05971: tasks 224-279: Terminated
srun: error: frontier05972: tasks 280-335: Terminated
srun: error: frontier05970: tasks 168-223: Terminated
srun: Force Terminated StepId=5137468.75
Running frontier nodes=8 ranks_per_node=56 dist=naive mode=fixed expected_us=100000 max_upper_fanout=-1
srun: Step created for StepId=5137468.76
RESULT distributor=naive mode=fixed expected_us=100000 nodes=8 world_size=448 max_upper_fanout=-1 total_tasks=90741 elapsed_s=20.3057 throughput_tasks_per_s=4468.75
MPICH Notice [Rank 0] [job id 5137468.76] [Sun Aug  2 01:35:58 2026] [frontier05920] - Abort(0) (rank 0 in comm 0): application called MPI_Abort(MPI_COMM_WORLD, 0) - process 0

aborting job:
application called MPI_Abort(MPI_COMM_WORLD, 0) - process 0
srun: error: frontier05920: task 0: Exited with exit code 255
srun: Terminating StepId=5137468.76
[2026-08-02T01:35:58.621] error: *** STEP 5137468.76 ON frontier05920 CANCELLED AT 2026-08-02T01:35:58 DUE TO TASK FAILURE ***
srun: error: frontier05973: tasks 336-391: Terminated
srun: error: frontier05971: tasks 224-279: Terminated
srun: error: frontier05964: tasks 112-167: Terminated
srun: error: frontier05988: tasks 392-447: Terminated
srun: error: frontier05920: tasks 1-55: Terminated
srun: error: frontier05943: tasks 56-111: Terminated
srun: error: frontier05972: tasks 280-335: Terminated
srun: error: frontier05970: tasks 168-223: Terminated
srun: Force Terminated StepId=5137468.76
Running frontier nodes=8 ranks_per_node=56 dist=naive mode=fixed expected_us=1000000 max_upper_fanout=-1
srun: Step created for StepId=5137468.77
RESULT distributor=naive mode=fixed expected_us=1000000 nodes=8 world_size=448 max_upper_fanout=-1 total_tasks=10281 elapsed_s=23.0063 throughput_tasks_per_s=446.878
MPICH Notice [Rank 0] [job id 5137468.77] [Sun Aug  2 01:36:23 2026] [frontier05920] - Abort(0) (rank 0 in comm 0): application called MPI_Abort(MPI_COMM_WORLD, 0) - process 0

aborting job:
application called MPI_Abort(MPI_COMM_WORLD, 0) - process 0
srun: error: frontier05920: task 0: Exited with exit code 255
srun: Terminating StepId=5137468.77
[2026-08-02T01:36:25.604] error: *** STEP 5137468.77 ON frontier05920 CANCELLED AT 2026-08-02T01:36:25 DUE TO TASK FAILURE ***
srun: error: frontier05988: tasks 392-447: Terminated
srun: error: frontier05972: tasks 280-335: Terminated
srun: error: frontier05964: tasks 112-167: Terminated
srun: error: frontier05973: tasks 336-391: Terminated
srun: error: frontier05971: tasks 224-279: Terminated
srun: error: frontier05943: tasks 56-111: Terminated
srun: error: frontier05970: tasks 168-223: Terminated
srun: error: frontier05920: tasks 1-55: Terminated
srun: Force Terminated StepId=5137468.77
Running frontier nodes=8 ranks_per_node=56 dist=naive mode=random expected_us=10 max_upper_fanout=-1
RESULT distributor=naive mode=random expected_us=10 nodes=8 world_size=448 max_upper_fanout=-1 total_tasks=12490968 elapsed_s=20.0003 throughput_tasks_per_s=624539
MPICH Notice [Rank 0] [job id 5137468.78] [Sun Aug  2 01:36:49 2026] [frontier05920] - Abort(0) (rank 0 in comm 0): application called MPI_Abort(MPI_COMM_WORLD, 0) - process 0

aborting job:
application called MPI_Abort(MPI_COMM_WORLD, 0) - process 0
srun: error: frontier05920: task 0: Exited with exit code 255
srun: Terminating StepId=5137468.78
[2026-08-02T01:36:49.508] error: *** STEP 5137468.78 ON frontier05920 CANCELLED AT 2026-08-02T01:36:49 DUE TO TASK FAILURE ***
srun: error: frontier05971: tasks 224-279: Terminated
srun: error: frontier05988: tasks 392-447: Terminated
srun: error: frontier05973: tasks 336-391: Terminated
srun: error: frontier05943: tasks 56-111: Terminated
srun: error: frontier05970: tasks 168-223: Terminated
srun: error: frontier05920: tasks 1-55: Terminated
srun: error: frontier05964: tasks 112-167: Terminated
srun: error: frontier05972: tasks 280-335: Terminated
srun: Force Terminated StepId=5137468.78
Running frontier nodes=8 ranks_per_node=56 dist=naive mode=random expected_us=100 max_upper_fanout=-1
srun: Step created for StepId=5137468.79
RESULT distributor=naive mode=random expected_us=100 nodes=8 world_size=448 max_upper_fanout=-1 total_tasks=13280078 elapsed_s=20.003 throughput_tasks_per_s=663903
MPICH Notice [Rank 0] [job id 5137468.79] [Sun Aug  2 01:37:11 2026] [frontier05920] - Abort(0) (rank 0 in comm 0): application called MPI_Abort(MPI_COMM_WORLD, 0) - process 0

aborting job:
application called MPI_Abort(MPI_COMM_WORLD, 0) - process 0
srun: error: frontier05920: task 0: Exited with exit code 255
srun: Terminating StepId=5137468.79
[2026-08-02T01:37:11.336] error: *** STEP 5137468.79 ON frontier05920 CANCELLED AT 2026-08-02T01:37:11 DUE TO TASK FAILURE ***
srun: error: frontier05973: tasks 336-391: Terminated
srun: error: frontier05970: tasks 168-223: Terminated
srun: error: frontier05971: tasks 224-279: Terminated
srun: error: frontier05988: tasks 392-447: Terminated
srun: error: frontier05943: tasks 56-111: Terminated
srun: error: frontier05964: tasks 112-167: Terminated
srun: error: frontier05920: tasks 1-55: Terminated
srun: error: frontier05972: tasks 280-335: Terminated
srun: Force Terminated StepId=5137468.79
Running frontier nodes=8 ranks_per_node=56 dist=naive mode=random expected_us=1000 max_upper_fanout=-1
srun: Step created for StepId=5137468.80
RESULT distributor=naive mode=random expected_us=1000 nodes=8 world_size=448 max_upper_fanout=-1 total_tasks=5735549 elapsed_s=20.0076 throughput_tasks_per_s=286668
MPICH Notice [Rank 0] [job id 5137468.80] [Sun Aug  2 01:37:32 2026] [frontier05920] - Abort(0) (rank 0 in comm 0): application called MPI_Abort(MPI_COMM_WORLD, 0) - process 0

aborting job:
application called MPI_Abort(MPI_COMM_WORLD, 0) - process 0
srun: error: frontier05920: task 0: Exited with exit code 255
srun: Terminating StepId=5137468.80
[2026-08-02T01:37:32.990] error: *** STEP 5137468.80 ON frontier05920 CANCELLED AT 2026-08-02T01:37:32 DUE TO TASK FAILURE ***
srun: error: frontier05943: tasks 56-111: Terminated
srun: error: frontier05920: tasks 1-55: Terminated
srun: error: frontier05971: tasks 224-279: Terminated
srun: error: frontier05988: tasks 392-447: Terminated
srun: error: frontier05972: tasks 280-335: Terminated
srun: error: frontier05964: tasks 112-167: Terminated
srun: error: frontier05970: tasks 168-223: Terminated
srun: error: frontier05973: tasks 336-391: Terminated
srun: Force Terminated StepId=5137468.80
Running frontier nodes=8 ranks_per_node=56 dist=naive mode=random expected_us=10000 max_upper_fanout=-1
srun: Step created for StepId=5137468.81
RESULT distributor=naive mode=random expected_us=10000 nodes=8 world_size=448 max_upper_fanout=-1 total_tasks=894231 elapsed_s=20.0452 throughput_tasks_per_s=44610.8
MPICH Notice [Rank 0] [job id 5137468.81] [Sun Aug  2 01:37:54 2026] [frontier05920] - Abort(0) (rank 0 in comm 0): application called MPI_Abort(MPI_COMM_WORLD, 0) - process 0

aborting job:
application called MPI_Abort(MPI_COMM_WORLD, 0) - process 0
srun: error: frontier05920: task 0: Exited with exit code 255
srun: Terminating StepId=5137468.81
[2026-08-02T01:37:54.941] error: *** STEP 5137468.81 ON frontier05920 CANCELLED AT 2026-08-02T01:37:54 DUE TO TASK FAILURE ***
srun: error: frontier05971: tasks 224-279: Terminated
srun: error: frontier05964: tasks 112-167: Terminated
srun: error: frontier05943: tasks 56-111: Terminated
srun: error: frontier05920: tasks 1-55: Terminated
srun: error: frontier05973: tasks 336-391: Terminated
srun: error: frontier05970: tasks 168-223: Terminated
srun: error: frontier05972: tasks 280-335: Terminated
srun: error: frontier05988: tasks 392-447: Terminated
srun: Force Terminated StepId=5137468.81
Running frontier nodes=8 ranks_per_node=56 dist=naive mode=random expected_us=100000 max_upper_fanout=-1
RESULT distributor=naive mode=random expected_us=100000 nodes=8 world_size=448 max_upper_fanout=-1 total_tasks=91249 elapsed_s=20.5591 throughput_tasks_per_s=4438.37
MPICH Notice [Rank 0] [job id 5137468.82] [Sun Aug  2 01:38:18 2026] [frontier05920] - Abort(0) (rank 0 in comm 0): application called MPI_Abort(MPI_COMM_WORLD, 0) - process 0

aborting job:
application called MPI_Abort(MPI_COMM_WORLD, 0) - process 0
srun: error: frontier05920: task 0: Exited with exit code 255
srun: Terminating StepId=5137468.82
[2026-08-02T01:38:18.697] error: *** STEP 5137468.82 ON frontier05920 CANCELLED AT 2026-08-02T01:38:18 DUE TO TASK FAILURE ***
srun: error: frontier05973: tasks 336-391: Terminated
srun: error: frontier05988: tasks 392-447: Terminated
srun: error: frontier05970: tasks 168-223: Terminated
srun: error: frontier05920: tasks 1-55: Terminated
srun: error: frontier05943: tasks 56-111: Terminated
srun: error: frontier05964: tasks 112-167: Terminated
srun: error: frontier05971: tasks 224-279: Terminated
srun: error: frontier05972: tasks 280-335: Terminated
srun: Force Terminated StepId=5137468.82
Running frontier nodes=8 ranks_per_node=56 dist=naive mode=random expected_us=1000000 max_upper_fanout=-1
srun: Step created for StepId=5137468.83
RESULT distributor=naive mode=random expected_us=1000000 nodes=8 world_size=448 max_upper_fanout=-1 total_tasks=11112 elapsed_s=25.9399 throughput_tasks_per_s=428.375
MPICH Notice [Rank 0] [job id 5137468.83] [Sun Aug  2 01:38:47 2026] [frontier05920] - Abort(0) (rank 0 in comm 0): application called MPI_Abort(MPI_COMM_WORLD, 0) - process 0

aborting job:
application called MPI_Abort(MPI_COMM_WORLD, 0) - process 0
srun: error: frontier05920: task 0: Exited with exit code 255
srun: Terminating StepId=5137468.83
[2026-08-02T01:38:47.961] error: *** STEP 5137468.83 ON frontier05920 CANCELLED AT 2026-08-02T01:38:47 DUE TO TASK FAILURE ***
srun: error: frontier05988: tasks 392-447: Terminated
srun: error: frontier05943: tasks 56-111: Terminated
srun: error: frontier05964: tasks 112-167: Terminated
srun: error: frontier05973: tasks 336-391: Terminated
srun: error: frontier05971: tasks 224-279: Terminated
srun: error: frontier05972: tasks 280-335: Terminated
srun: error: frontier05970: tasks 168-223: Terminated
srun: error: frontier05920: tasks 1-55: Terminated
srun: Force Terminated StepId=5137468.83
Running frontier nodes=8 ranks_per_node=56 dist=hierarchical mode=fixed expected_us=10 max_upper_fanout=-1
RESULT distributor=hierarchical mode=fixed expected_us=10 nodes=8 world_size=448 max_upper_fanout=-1 total_tasks=35560824 elapsed_s=20.0033 throughput_tasks_per_s=1.77775e+06
MPICH Notice [Rank 0] [job id 5137468.84] [Sun Aug  2 01:39:12 2026] [frontier05920] - Abort(0) (rank 0 in comm 0): application called MPI_Abort(MPI_COMM_WORLD, 0) - process 0

aborting job:
application called MPI_Abort(MPI_COMM_WORLD, 0) - process 0
srun: error: frontier05920: task 0: Exited with exit code 255
srun: Terminating StepId=5137468.84
[2026-08-02T01:39:12.279] error: *** STEP 5137468.84 ON frontier05920 CANCELLED AT 2026-08-02T01:39:12 DUE TO TASK FAILURE ***
srun: error: frontier05920: tasks 1-55: Terminated
srun: error: frontier05973: tasks 336-391: Terminated
srun: error: frontier05971: tasks 224-279: Terminated
srun: error: frontier05972: tasks 280-335: Terminated
srun: error: frontier05943: tasks 56-111: Terminated
srun: error: frontier05964: tasks 112-167: Terminated
srun: error: frontier05970: tasks 168-223: Terminated
srun: error: frontier05988: tasks 392-447: Terminated
srun: Force Terminated StepId=5137468.84
Running frontier nodes=8 ranks_per_node=56 dist=hierarchical mode=fixed expected_us=100 max_upper_fanout=-1
srun: Step created for StepId=5137468.85
RESULT distributor=hierarchical mode=fixed expected_us=100 nodes=8 world_size=448 max_upper_fanout=-1 total_tasks=19986292 elapsed_s=20.0035 throughput_tasks_per_s=999138
MPICH Notice [Rank 0] [job id 5137468.85] [Sun Aug  2 01:39:35 2026] [frontier05920] - Abort(0) (rank 0 in comm 0): application called MPI_Abort(MPI_COMM_WORLD, 0) - process 0

aborting job:
application called MPI_Abort(MPI_COMM_WORLD, 0) - process 0
srun: error: frontier05920: task 0: Exited with exit code 255
srun: Terminating StepId=5137468.85
[2026-08-02T01:39:35.539] error: *** STEP 5137468.85 ON frontier05920 CANCELLED AT 2026-08-02T01:39:35 DUE TO TASK FAILURE ***
srun: error: frontier05943: tasks 56-111: Terminated
srun: error: frontier05920: tasks 1-55: Terminated
srun: error: frontier05973: tasks 336-391: Terminated
srun: error: frontier05988: tasks 392-447: Terminated
srun: error: frontier05971: tasks 224-279: Terminated
srun: error: frontier05964: tasks 112-167: Terminated
srun: error: frontier05972: tasks 280-335: Terminated
srun: error: frontier05970: tasks 168-223: Terminated
srun: Force Terminated StepId=5137468.85
Running frontier nodes=8 ranks_per_node=56 dist=hierarchical mode=fixed expected_us=1000 max_upper_fanout=-1
srun: Step created for StepId=5137468.86
RESULT distributor=hierarchical mode=fixed expected_us=1000 nodes=8 world_size=448 max_upper_fanout=-1 total_tasks=8751122 elapsed_s=20.007 throughput_tasks_per_s=437403
MPICH Notice [Rank 0] [job id 5137468.86] [Sun Aug  2 01:39:56 2026] [frontier05920] - Abort(0) (rank 0 in comm 0): application called MPI_Abort(MPI_COMM_WORLD, 0) - process 0

aborting job:
application called MPI_Abort(MPI_COMM_WORLD, 0) - process 0
srun: error: frontier05920: task 0: Exited with exit code 255
srun: Terminating StepId=5137468.86
[2026-08-02T01:39:56.935] error: *** STEP 5137468.86 ON frontier05920 CANCELLED AT 2026-08-02T01:39:56 DUE TO TASK FAILURE ***
srun: error: frontier05970: tasks 168-223: Terminated
srun: error: frontier05971: tasks 224-279: Terminated
srun: error: frontier05973: tasks 336-391: Terminated
srun: error: frontier05943: tasks 56-111: Terminated
srun: error: frontier05972: tasks 280-335: Terminated
srun: error: frontier05920: tasks 1-55: Terminated
srun: error: frontier05964: tasks 112-167: Terminated
srun: error: frontier05988: tasks 392-447: Terminated
srun: Force Terminated StepId=5137468.86
Running frontier nodes=8 ranks_per_node=56 dist=hierarchical mode=fixed expected_us=10000 max_upper_fanout=-1
RESULT distributor=hierarchical mode=fixed expected_us=10000 nodes=8 world_size=448 max_upper_fanout=-1 total_tasks=880840 elapsed_s=20.0895 throughput_tasks_per_s=43845.8
MPICH Notice [Rank 0] [job id 5137468.87] [Sun Aug  2 01:40:20 2026] [frontier05920] - Abort(0) (rank 0 in comm 0): application called MPI_Abort(MPI_COMM_WORLD, 0) - process 0

aborting job:
application called MPI_Abort(MPI_COMM_WORLD, 0) - process 0
srun: error: frontier05920: task 0: Exited with exit code 255
srun: Terminating StepId=5137468.87
[2026-08-02T01:40:20.806] error: *** STEP 5137468.87 ON frontier05920 CANCELLED AT 2026-08-02T01:40:20 DUE TO TASK FAILURE ***
srun: error: frontier05970: tasks 168-223: Terminated
srun: error: frontier05973: tasks 336-391: Terminated
srun: error: frontier05920: tasks 1-55: Terminated
srun: error: frontier05943: tasks 56-111: Terminated
srun: error: frontier05971: tasks 224-279: Terminated
srun: error: frontier05988: tasks 392-447: Terminated
srun: error: frontier05972: tasks 280-335: Terminated
srun: error: frontier05964: tasks 112-167: Terminated
srun: Force Terminated StepId=5137468.87
Running frontier nodes=8 ranks_per_node=56 dist=hierarchical mode=fixed expected_us=100000 max_upper_fanout=-1
srun: Step created for StepId=5137468.88
RESULT distributor=hierarchical mode=fixed expected_us=100000 nodes=8 world_size=448 max_upper_fanout=-1 total_tasks=90466 elapsed_s=20.7027 throughput_tasks_per_s=4369.77
MPICH Notice [Rank 0] [job id 5137468.88] [Sun Aug  2 01:40:43 2026] [frontier05920] - Abort(0) (rank 0 in comm 0): application called MPI_Abort(MPI_COMM_WORLD, 0) - process 0

aborting job:
application called MPI_Abort(MPI_COMM_WORLD, 0) - process 0
srun: error: frontier05920: task 0: Exited with exit code 255
srun: Terminating StepId=5137468.88
[2026-08-02T01:40:43.403] error: *** STEP 5137468.88 ON frontier05920 CANCELLED AT 2026-08-02T01:40:43 DUE TO TASK FAILURE ***
srun: error: frontier05971: tasks 224-279: Terminated
srun: error: frontier05988: tasks 392-447: Terminated
srun: error: frontier05973: tasks 336-391: Terminated
srun: error: frontier05943: tasks 56-111: Terminated
srun: error: frontier05964: tasks 112-167: Terminated
srun: error: frontier05920: tasks 1-55: Terminated
srun: error: frontier05972: tasks 280-335: Terminated
srun: error: frontier05970: tasks 168-223: Terminated
srun: Force Terminated StepId=5137468.88
Running frontier nodes=8 ranks_per_node=56 dist=hierarchical mode=fixed expected_us=1000000 max_upper_fanout=-1
srun: Step created for StepId=5137468.89
RESULT distributor=hierarchical mode=fixed expected_us=1000000 nodes=8 world_size=448 max_upper_fanout=-1 total_tasks=11446 elapsed_s=27.0029 throughput_tasks_per_s=423.88
MPICH Notice [Rank 0] [job id 5137468.89] [Sun Aug  2 01:41:11 2026] [frontier05920] - Abort(0) (rank 0 in comm 0): application called MPI_Abort(MPI_COMM_WORLD, 0) - process 0

aborting job:
application called MPI_Abort(MPI_COMM_WORLD, 0) - process 0
srun: error: frontier05920: task 0: Exited with exit code 255
srun: Terminating StepId=5137468.89
[2026-08-02T01:41:11.710] error: *** STEP 5137468.89 ON frontier05920 CANCELLED AT 2026-08-02T01:41:11 DUE TO TASK FAILURE ***
srun: error: frontier05971: tasks 224-279: Terminated
srun: error: frontier05970: tasks 168-223: Terminated
srun: error: frontier05943: tasks 56-111: Terminated
srun: error: frontier05964: tasks 112-167: Terminated
srun: error: frontier05920: tasks 1-55: Terminated
srun: error: frontier05973: tasks 336-391: Terminated
srun: error: frontier05972: tasks 280-335: Terminated
srun: error: frontier05988: tasks 392-447: Terminated
srun: Force Terminated StepId=5137468.89
Running frontier nodes=8 ranks_per_node=56 dist=hierarchical mode=random expected_us=10 max_upper_fanout=-1
RESULT distributor=hierarchical mode=random expected_us=10 nodes=8 world_size=448 max_upper_fanout=-1 total_tasks=35609620 elapsed_s=20.0035 throughput_tasks_per_s=1.78017e+06
MPICH Notice [Rank 0] [job id 5137468.90] [Sun Aug  2 01:41:35 2026] [frontier05920] - Abort(0) (rank 0 in comm 0): application called MPI_Abort(MPI_COMM_WORLD, 0) - process 0

aborting job:
application called MPI_Abort(MPI_COMM_WORLD, 0) - process 0
srun: error: frontier05920: task 0: Exited with exit code 255
srun: Terminating StepId=5137468.90
[2026-08-02T01:41:35.580] error: *** STEP 5137468.90 ON frontier05920 CANCELLED AT 2026-08-02T01:41:35 DUE TO TASK FAILURE ***
srun: error: frontier05970: tasks 168-223: Terminated
srun: error: frontier05988: tasks 392-447: Terminated
srun: error: frontier05920: tasks 1-55: Terminated
srun: error: frontier05943: tasks 56-111: Terminated
srun: error: frontier05973: tasks 336-391: Terminated
srun: error: frontier05964: tasks 112-167: Terminated
srun: error: frontier05971: tasks 224-279: Terminated
srun: error: frontier05972: tasks 280-335: Terminated
srun: Force Terminated StepId=5137468.90
Running frontier nodes=8 ranks_per_node=56 dist=hierarchical mode=random expected_us=100 max_upper_fanout=-1
srun: Step created for StepId=5137468.91
RESULT distributor=hierarchical mode=random expected_us=100 nodes=8 world_size=448 max_upper_fanout=-1 total_tasks=20172092 elapsed_s=20.003 throughput_tasks_per_s=1.00845e+06
MPICH Notice [Rank 0] [job id 5137468.91] [Sun Aug  2 01:41:56 2026] [frontier05920] - Abort(0) (rank 0 in comm 0): application called MPI_Abort(MPI_COMM_WORLD, 0) - process 0

aborting job:
application called MPI_Abort(MPI_COMM_WORLD, 0) - process 0
srun: error: frontier05920: task 0: Exited with exit code 255
srun: Terminating StepId=5137468.91
[2026-08-02T01:41:56.948] error: *** STEP 5137468.91 ON frontier05920 CANCELLED AT 2026-08-02T01:41:56 DUE TO TASK FAILURE ***
srun: error: frontier05988: tasks 392-447: Terminated
srun: error: frontier05964: tasks 112-167: Terminated
srun: error: frontier05943: tasks 56-111: Terminated
srun: error: frontier05973: tasks 336-391: Terminated
srun: error: frontier05972: tasks 280-335: Terminated
srun: error: frontier05971: tasks 224-279: Terminated
srun: error: frontier05970: tasks 168-223: Terminated
srun: error: frontier05920: tasks 1-55: Terminated
srun: Force Terminated StepId=5137468.91
Running frontier nodes=8 ranks_per_node=56 dist=hierarchical mode=random expected_us=1000 max_upper_fanout=-1
RESULT distributor=hierarchical mode=random expected_us=1000 nodes=8 world_size=448 max_upper_fanout=-1 total_tasks=8752216 elapsed_s=20.0088 throughput_tasks_per_s=437419
MPICH Notice [Rank 0] [job id 5137468.92] [Sun Aug  2 01:42:18 2026] [frontier05920] - Abort(0) (rank 0 in comm 0): application called MPI_Abort(MPI_COMM_WORLD, 0) - process 0

aborting job:
application called MPI_Abort(MPI_COMM_WORLD, 0) - process 0
srun: error: frontier05920: task 0: Exited with exit code 255
srun: Terminating StepId=5137468.92
[2026-08-02T01:42:18.717] error: *** STEP 5137468.92 ON frontier05920 CANCELLED AT 2026-08-02T01:42:18 DUE TO TASK FAILURE ***
srun: error: frontier05943: tasks 56-111: Terminated
srun: error: frontier05964: tasks 112-167: Terminated
srun: error: frontier05973: tasks 336-391: Terminated
srun: error: frontier05988: tasks 392-447: Terminated
srun: error: frontier05920: tasks 1-55: Terminated
srun: error: frontier05971: tasks 224-279: Terminated
srun: error: frontier05970: tasks 168-223: Terminated
srun: error: frontier05972: tasks 280-335: Terminated
srun: Force Terminated StepId=5137468.92
Running frontier nodes=8 ranks_per_node=56 dist=hierarchical mode=random expected_us=10000 max_upper_fanout=-1
RESULT distributor=hierarchical mode=random expected_us=10000 nodes=8 world_size=448 max_upper_fanout=-1 total_tasks=879740 elapsed_s=20.0849 throughput_tasks_per_s=43801.2
MPICH Notice [Rank 0] [job id 5137468.93] [Sun Aug  2 01:42:43 2026] [frontier05920] - Abort(0) (rank 0 in comm 0): application called MPI_Abort(MPI_COMM_WORLD, 0) - process 0

aborting job:
application called MPI_Abort(MPI_COMM_WORLD, 0) - process 0
srun: error: frontier05920: task 0: Exited with exit code 255
srun: Terminating StepId=5137468.93
[2026-08-02T01:42:44.033] error: *** STEP 5137468.93 ON frontier05920 CANCELLED AT 2026-08-02T01:42:44 DUE TO TASK FAILURE ***
srun: error: frontier05920: tasks 1-55: Terminated
srun: error: frontier05988: tasks 392-447: Terminated
srun: error: frontier05971: tasks 224-279: Terminated
srun: error: frontier05973: tasks 336-391: Terminated
srun: error: frontier05943: tasks 56-111: Terminated
srun: error: frontier05964: tasks 112-167: Terminated
srun: error: frontier05972: tasks 280-335: Terminated
srun: error: frontier05970: tasks 168-223: Terminated
srun: Force Terminated StepId=5137468.93
Running frontier nodes=8 ranks_per_node=56 dist=hierarchical mode=random expected_us=100000 max_upper_fanout=-1
RESULT distributor=hierarchical mode=random expected_us=100000 nodes=8 world_size=448 max_upper_fanout=-1 total_tasks=91014 elapsed_s=20.9204 throughput_tasks_per_s=4350.49
MPICH Notice [Rank 0] [job id 5137468.94] [Sun Aug  2 01:43:07 2026] [frontier05920] - Abort(0) (rank 0 in comm 0): application called MPI_Abort(MPI_COMM_WORLD, 0) - process 0

aborting job:
application called MPI_Abort(MPI_COMM_WORLD, 0) - process 0
srun: error: frontier05920: task 0: Exited with exit code 255
srun: Terminating StepId=5137468.94
[2026-08-02T01:43:07.759] error: *** STEP 5137468.94 ON frontier05920 CANCELLED AT 2026-08-02T01:43:07 DUE TO TASK FAILURE ***
srun: error: frontier05964: tasks 112-167: Terminated
srun: error: frontier05973: tasks 336-391: Terminated
srun: error: frontier05970: tasks 168-223: Terminated
srun: error: frontier05920: tasks 1-55: Terminated
srun: error: frontier05988: tasks 392-447: Terminated
srun: error: frontier05971: tasks 224-279: Terminated
srun: error: frontier05972: tasks 280-335: Terminated
srun: error: frontier05943: tasks 56-111: Terminated
srun: Force Terminated StepId=5137468.94
Running frontier nodes=8 ranks_per_node=56 dist=hierarchical mode=random expected_us=1000000 max_upper_fanout=-1
RESULT distributor=hierarchical mode=random expected_us=1000000 nodes=8 world_size=448 max_upper_fanout=-1 total_tasks=12214 elapsed_s=29.4945 throughput_tasks_per_s=414.111
MPICH Notice [Rank 0] [job id 5137468.95] [Sun Aug  2 01:43:41 2026] [frontier05920] - Abort(0) (rank 0 in comm 0): application called MPI_Abort(MPI_COMM_WORLD, 0) - process 0

aborting job:
application called MPI_Abort(MPI_COMM_WORLD, 0) - process 0
srun: error: frontier05920: task 0: Exited with exit code 255
srun: Terminating StepId=5137468.95
[2026-08-02T01:43:41.213] error: *** STEP 5137468.95 ON frontier05920 CANCELLED AT 2026-08-02T01:43:41 DUE TO TASK FAILURE ***
srun: error: frontier05988: tasks 392-447: Terminated
srun: error: frontier05970: tasks 168-223: Terminated
srun: error: frontier05971: tasks 224-279: Terminated
srun: error: frontier05972: tasks 280-335: Terminated
srun: error: frontier05920: tasks 1-55: Terminated
srun: error: frontier05943: tasks 56-111: Terminated
srun: error: frontier05973: tasks 336-391: Terminated
srun: error: frontier05964: tasks 112-167: Terminated
srun: Force Terminated StepId=5137468.95
Running frontier nodes=8 ranks_per_node=56 dist=hierarchical mode=fixed expected_us=10 max_upper_fanout=0
srun: Step created for StepId=5137468.96
RESULT distributor=hierarchical mode=fixed expected_us=10 nodes=8 world_size=448 max_upper_fanout=0 total_tasks=35697002 elapsed_s=20.0031 throughput_tasks_per_s=1.78457e+06
MPICH Notice [Rank 0] [job id 5137468.96] [Sun Aug  2 01:44:03 2026] [frontier05920] - Abort(0) (rank 0 in comm 0): application called MPI_Abort(MPI_COMM_WORLD, 0) - process 0

aborting job:
application called MPI_Abort(MPI_COMM_WORLD, 0) - process 0
srun: error: frontier05920: task 0: Exited with exit code 255
srun: Terminating StepId=5137468.96
[2026-08-02T01:44:03.750] error: *** STEP 5137468.96 ON frontier05920 CANCELLED AT 2026-08-02T01:44:03 DUE TO TASK FAILURE ***
srun: error: frontier05971: tasks 224-279: Terminated
srun: error: frontier05988: tasks 392-447: Terminated
srun: error: frontier05964: tasks 112-167: Terminated
srun: error: frontier05970: tasks 168-223: Terminated
srun: error: frontier05920: tasks 1-55: Terminated
srun: error: frontier05973: tasks 336-391: Terminated
srun: error: frontier05972: tasks 280-335: Terminated
srun: error: frontier05943: tasks 56-111: Terminated
srun: Force Terminated StepId=5137468.96
Running frontier nodes=8 ranks_per_node=56 dist=hierarchical mode=fixed expected_us=100 max_upper_fanout=0
srun: Step created for StepId=5137468.97
RESULT distributor=hierarchical mode=fixed expected_us=100 nodes=8 world_size=448 max_upper_fanout=0 total_tasks=20036084 elapsed_s=20.0045 throughput_tasks_per_s=1.00158e+06
MPICH Notice [Rank 0] [job id 5137468.97] [Sun Aug  2 01:44:24 2026] [frontier05920] - Abort(0) (rank 0 in comm 0): application called MPI_Abort(MPI_COMM_WORLD, 0) - process 0

aborting job:
application called MPI_Abort(MPI_COMM_WORLD, 0) - process 0
srun: error: frontier05920: task 0: Exited with exit code 255
srun: Terminating StepId=5137468.97
[2026-08-02T01:44:25.349] error: *** STEP 5137468.97 ON frontier05920 CANCELLED AT 2026-08-02T01:44:25 DUE TO TASK FAILURE ***
srun: error: frontier05920: tasks 1-55: Terminated
srun: error: frontier05973: tasks 336-391: Terminated
srun: error: frontier05970: tasks 168-223: Terminated
srun: error: frontier05943: tasks 56-111: Terminated
srun: error: frontier05964: tasks 112-167: Terminated
srun: error: frontier05988: tasks 392-447: Terminated
srun: error: frontier05972: tasks 280-335: Terminated
srun: error: frontier05971: tasks 224-279: Terminated
srun: Force Terminated StepId=5137468.97
Running frontier nodes=8 ranks_per_node=56 dist=hierarchical mode=fixed expected_us=1000 max_upper_fanout=0
RESULT distributor=hierarchical mode=fixed expected_us=1000 nodes=8 world_size=448 max_upper_fanout=0 total_tasks=8751122 elapsed_s=20.0064 throughput_tasks_per_s=437416
MPICH Notice [Rank 0] [job id 5137468.98] [Sun Aug  2 01:44:46 2026] [frontier05920] - Abort(0) (rank 0 in comm 0): application called MPI_Abort(MPI_COMM_WORLD, 0) - process 0

aborting job:
application called MPI_Abort(MPI_COMM_WORLD, 0) - process 0
srun: error: frontier05920: task 0: Exited with exit code 255
srun: Terminating StepId=5137468.98
[2026-08-02T01:44:47.552] error: *** STEP 5137468.98 ON frontier05920 CANCELLED AT 2026-08-02T01:44:47 DUE TO TASK FAILURE ***
srun: error: frontier05920: tasks 1-55: Terminated
srun: error: frontier05972: tasks 280-335: Terminated
srun: error: frontier05971: tasks 224-279: Terminated
srun: error: frontier05964: tasks 112-167: Terminated
srun: error: frontier05973: tasks 336-391: Terminated
srun: error: frontier05943: tasks 56-111: Terminated
srun: error: frontier05970: tasks 168-223: Terminated
srun: error: frontier05988: tasks 392-447: Terminated
srun: Force Terminated StepId=5137468.98
Running frontier nodes=8 ranks_per_node=56 dist=hierarchical mode=fixed expected_us=10000 max_upper_fanout=0
RESULT distributor=hierarchical mode=fixed expected_us=10000 nodes=8 world_size=448 max_upper_fanout=0 total_tasks=880838 elapsed_s=20.0895 throughput_tasks_per_s=43845.6
MPICH Notice [Rank 0] [job id 5137468.99] [Sun Aug  2 01:45:10 2026] [frontier05920] - Abort(0) (rank 0 in comm 0): application called MPI_Abort(MPI_COMM_WORLD, 0) - process 0

aborting job:
application called MPI_Abort(MPI_COMM_WORLD, 0) - process 0
srun: error: frontier05920: task 0: Exited with exit code 255
srun: Terminating StepId=5137468.99
[2026-08-02T01:45:10.289] error: *** STEP 5137468.99 ON frontier05920 CANCELLED AT 2026-08-02T01:45:10 DUE TO TASK FAILURE ***
srun: error: frontier05970: tasks 168-223: Terminated
srun: error: frontier05988: tasks 392-447: Terminated
srun: error: frontier05973: tasks 336-391: Terminated
srun: error: frontier05943: tasks 56-111: Terminated
srun: error: frontier05971: tasks 224-279: Terminated
srun: error: frontier05920: tasks 1-55: Terminated
srun: error: frontier05964: tasks 112-167: Terminated
srun: error: frontier05972: tasks 280-335: Terminated
srun: Force Terminated StepId=5137468.99
Running frontier nodes=8 ranks_per_node=56 dist=hierarchical mode=fixed expected_us=100000 max_upper_fanout=0
RESULT distributor=hierarchical mode=fixed expected_us=100000 nodes=8 world_size=448 max_upper_fanout=0 total_tasks=90466 elapsed_s=20.7025 throughput_tasks_per_s=4369.81
MPICH Notice [Rank 0] [job id 5137468.100] [Sun Aug  2 01:45:32 2026] [frontier05920] - Abort(0) (rank 0 in comm 0): application called MPI_Abort(MPI_COMM_WORLD, 0) - process 0

aborting job:
application called MPI_Abort(MPI_COMM_WORLD, 0) - process 0
srun: error: frontier05920: task 0: Exited with exit code 255
srun: Terminating StepId=5137468.100
[2026-08-02T01:45:32.349] error: *** STEP 5137468.100 ON frontier05920 CANCELLED AT 2026-08-02T01:45:32 DUE TO TASK FAILURE ***
srun: error: frontier05972: tasks 280-335: Terminated
srun: error: frontier05970: tasks 168-223: Terminated
srun: error: frontier05964: tasks 112-167: Terminated
srun: error: frontier05988: tasks 392-447: Terminated
srun: error: frontier05920: tasks 1-55: Terminated
srun: error: frontier05973: tasks 336-391: Terminated
srun: error: frontier05971: tasks 224-279: Terminated
srun: error: frontier05943: tasks 56-111: Terminated
srun: Force Terminated StepId=5137468.100
Running frontier nodes=8 ranks_per_node=56 dist=hierarchical mode=fixed expected_us=1000000 max_upper_fanout=0
srun: Step created for StepId=5137468.101
RESULT distributor=hierarchical mode=fixed expected_us=1000000 nodes=8 world_size=448 max_upper_fanout=0 total_tasks=11446 elapsed_s=27.0033 throughput_tasks_per_s=423.874
MPICH Notice [Rank 0] [job id 5137468.101] [Sun Aug  2 01:46:00 2026] [frontier05920] - Abort(0) (rank 0 in comm 0): application called MPI_Abort(MPI_COMM_WORLD, 0) - process 0

aborting job:
application called MPI_Abort(MPI_COMM_WORLD, 0) - process 0
srun: error: frontier05920: task 0: Exited with exit code 255
srun: Terminating StepId=5137468.101
[2026-08-02T01:46:01.127] error: *** STEP 5137468.101 ON frontier05920 CANCELLED AT 2026-08-02T01:46:01 DUE TO TASK FAILURE ***
srun: error: frontier05964: tasks 112-167: Terminated
srun: error: frontier05920: tasks 1-55: Terminated
srun: error: frontier05943: tasks 56-111: Terminated
srun: error: frontier05970: tasks 168-223: Terminated
srun: error: frontier05973: tasks 336-391: Terminated
srun: error: frontier05988: tasks 392-447: Terminated
srun: error: frontier05971: tasks 224-279: Terminated
srun: error: frontier05972: tasks 280-335: Terminated
srun: Force Terminated StepId=5137468.101
Running frontier nodes=8 ranks_per_node=56 dist=hierarchical mode=random expected_us=10 max_upper_fanout=0
RESULT distributor=hierarchical mode=random expected_us=10 nodes=8 world_size=448 max_upper_fanout=0 total_tasks=35845932 elapsed_s=20.0028 throughput_tasks_per_s=1.79204e+06
MPICH Notice [Rank 0] [job id 5137468.102] [Sun Aug  2 01:46:22 2026] [frontier05920] - Abort(0) (rank 0 in comm 0): application called MPI_Abort(MPI_COMM_WORLD, 0) - process 0

aborting job:
application called MPI_Abort(MPI_COMM_WORLD, 0) - process 0
srun: error: frontier05920: task 0: Exited with exit code 255
srun: Terminating StepId=5137468.102
[2026-08-02T01:46:23.029] error: *** STEP 5137468.102 ON frontier05920 CANCELLED AT 2026-08-02T01:46:23 DUE TO TASK FAILURE ***
srun: error: frontier05973: tasks 336-391: Terminated
srun: error: frontier05988: tasks 392-447: Terminated
srun: error: frontier05920: tasks 1-55: Terminated
srun: error: frontier05970: tasks 168-223: Terminated
srun: error: frontier05972: tasks 280-335: Terminated
srun: error: frontier05964: tasks 112-167: Terminated
srun: error: frontier05943: tasks 56-111: Terminated
srun: error: frontier05971: tasks 224-279: Terminated
srun: Force Terminated StepId=5137468.102
Running frontier nodes=8 ranks_per_node=56 dist=hierarchical mode=random expected_us=100 max_upper_fanout=0
RESULT distributor=hierarchical mode=random expected_us=100 nodes=8 world_size=448 max_upper_fanout=0 total_tasks=20144764 elapsed_s=20.0034 throughput_tasks_per_s=1.00707e+06
MPICH Notice [Rank 0] [job id 5137468.103] [Sun Aug  2 01:46:46 2026] [frontier05920] - Abort(0) (rank 0 in comm 0): application called MPI_Abort(MPI_COMM_WORLD, 0) - process 0

aborting job:
application called MPI_Abort(MPI_COMM_WORLD, 0) - process 0
srun: error: frontier05920: task 0: Exited with exit code 255
srun: Terminating StepId=5137468.103
[2026-08-02T01:46:46.370] error: *** STEP 5137468.103 ON frontier05920 CANCELLED AT 2026-08-02T01:46:46 DUE TO TASK FAILURE ***
srun: error: frontier05943: tasks 56-111: Terminated
srun: error: frontier05973: tasks 336-391: Terminated
srun: error: frontier05970: tasks 168-223: Terminated
srun: error: frontier05920: tasks 1-55: Terminated
srun: error: frontier05988: tasks 392-447: Terminated
srun: error: frontier05964: tasks 112-167: Terminated
srun: error: frontier05972: tasks 280-335: Terminated
srun: error: frontier05971: tasks 224-279: Terminated
srun: Force Terminated StepId=5137468.103
Running frontier nodes=8 ranks_per_node=56 dist=hierarchical mode=random expected_us=1000 max_upper_fanout=0
srun: Step created for StepId=5137468.104
RESULT distributor=hierarchical mode=random expected_us=1000 nodes=8 world_size=448 max_upper_fanout=0 total_tasks=8753090 elapsed_s=20.0095 throughput_tasks_per_s=437446
MPICH Notice [Rank 0] [job id 5137468.104] [Sun Aug  2 01:47:08 2026] [frontier05920] - Abort(0) (rank 0 in comm 0): application called MPI_Abort(MPI_COMM_WORLD, 0) - process 0

aborting job:
application called MPI_Abort(MPI_COMM_WORLD, 0) - process 0
srun: error: frontier05920: task 0: Exited with exit code 255
srun: Terminating StepId=5137468.104
[2026-08-02T01:47:08.597] error: *** STEP 5137468.104 ON frontier05920 CANCELLED AT 2026-08-02T01:47:08 DUE TO TASK FAILURE ***
srun: error: frontier05988: tasks 392-447: Terminated
srun: error: frontier05973: tasks 336-391: Terminated
srun: error: frontier05971: tasks 224-279: Terminated
srun: error: frontier05943: tasks 56-111: Terminated
srun: error: frontier05920: tasks 1-55: Terminated
srun: error: frontier05970: tasks 168-223: Terminated
srun: error: frontier05972: tasks 280-335: Terminated
srun: error: frontier05964: tasks 112-167: Terminated
srun: Force Terminated StepId=5137468.104
Running frontier nodes=8 ranks_per_node=56 dist=hierarchical mode=random expected_us=10000 max_upper_fanout=0
RESULT distributor=hierarchical mode=random expected_us=10000 nodes=8 world_size=448 max_upper_fanout=0 total_tasks=880844 elapsed_s=20.086 throughput_tasks_per_s=43853.7
MPICH Notice [Rank 0] [job id 5137468.105] [Sun Aug  2 01:47:31 2026] [frontier05920] - Abort(0) (rank 0 in comm 0): application called MPI_Abort(MPI_COMM_WORLD, 0) - process 0

aborting job:
application called MPI_Abort(MPI_COMM_WORLD, 0) - process 0
srun: error: frontier05920: task 0: Exited with exit code 255
srun: Terminating StepId=5137468.105
[2026-08-02T01:47:31.630] error: *** STEP 5137468.105 ON frontier05920 CANCELLED AT 2026-08-02T01:47:31 DUE TO TASK FAILURE ***
srun: error: frontier05970: tasks 168-223: Terminated
srun: error: frontier05988: tasks 392-447: Terminated
srun: error: frontier05973: tasks 336-391: Terminated
srun: error: frontier05971: tasks 224-279: Terminated
srun: error: frontier05920: tasks 1-55: Terminated
srun: error: frontier05943: tasks 56-111: Terminated
srun: error: frontier05964: tasks 112-167: Terminated
srun: error: frontier05972: tasks 280-335: Terminated
srun: Force Terminated StepId=5137468.105
Running frontier nodes=8 ranks_per_node=56 dist=hierarchical mode=random expected_us=100000 max_upper_fanout=0
srun: Step created for StepId=5137468.106
RESULT distributor=hierarchical mode=random expected_us=100000 nodes=8 world_size=448 max_upper_fanout=0 total_tasks=90686 elapsed_s=20.834 throughput_tasks_per_s=4352.79
MPICH Notice [Rank 0] [job id 5137468.106] [Sun Aug  2 01:47:55 2026] [frontier05920] - Abort(0) (rank 0 in comm 0): application called MPI_Abort(MPI_COMM_WORLD, 0) - process 0

aborting job:
application called MPI_Abort(MPI_COMM_WORLD, 0) - process 0
srun: error: frontier05920: task 0: Exited with exit code 255
srun: Terminating StepId=5137468.106
[2026-08-02T01:47:55.580] error: *** STEP 5137468.106 ON frontier05920 CANCELLED AT 2026-08-02T01:47:55 DUE TO TASK FAILURE ***
srun: error: frontier05920: tasks 1-55: Terminated
srun: error: frontier05972: tasks 280-335: Terminated
srun: error: frontier05971: tasks 224-279: Terminated
srun: error: frontier05973: tasks 336-391: Terminated
srun: error: frontier05964: tasks 112-167: Terminated
srun: error: frontier05943: tasks 56-111: Terminated
srun: error: frontier05970: tasks 168-223: Terminated
srun: error: frontier05988: tasks 392-447: Terminated
srun: Force Terminated StepId=5137468.106
Running frontier nodes=8 ranks_per_node=56 dist=hierarchical mode=random expected_us=1000000 max_upper_fanout=0
srun: Step created for StepId=5137468.107
RESULT distributor=hierarchical mode=random expected_us=1000000 nodes=8 world_size=448 max_upper_fanout=0 total_tasks=12214 elapsed_s=29.4513 throughput_tasks_per_s=414.718
MPICH Notice [Rank 0] [job id 5137468.107] [Sun Aug  2 01:48:26 2026] [frontier05920] - Abort(0) (rank 0 in comm 0): application called MPI_Abort(MPI_COMM_WORLD, 0) - process 0

aborting job:
application called MPI_Abort(MPI_COMM_WORLD, 0) - process 0
srun: error: frontier05920: task 0: Exited with exit code 255
srun: Terminating StepId=5137468.107
[2026-08-02T01:48:26.874] error: *** STEP 5137468.107 ON frontier05920 CANCELLED AT 2026-08-02T01:48:26 DUE TO TASK FAILURE ***
srun: error: frontier05971: tasks 224-279: Terminated
srun: error: frontier05973: tasks 336-391: Terminated
srun: error: frontier05920: tasks 1-55: Terminated
srun: error: frontier05972: tasks 280-335: Terminated
srun: error: frontier05970: tasks 168-223: Terminated
srun: error: frontier05964: tasks 112-167: Terminated
srun: error: frontier05988: tasks 392-447: Terminated
srun: error: frontier05943: tasks 56-111: Terminated
srun: Force Terminated StepId=5137468.107
Running frontier nodes=8 ranks_per_node=56 dist=async_put_lockfree mode=fixed expected_us=10 max_upper_fanout=-1
RESULT distributor=async_put_lockfree mode=fixed expected_us=10 nodes=8 world_size=448 max_upper_fanout=-1 total_tasks=9394473 elapsed_s=20.0001 throughput_tasks_per_s=469722
MPICH Notice [Rank 0] [job id 5137468.108] [Sun Aug  2 01:48:54 2026] [frontier05920] - Abort(0) (rank 0 in comm 0): application called MPI_Abort(MPI_COMM_WORLD, 0) - process 0

aborting job:
application called MPI_Abort(MPI_COMM_WORLD, 0) - process 0
srun: error: frontier05920: task 0: Exited with exit code 255
srun: Terminating StepId=5137468.108
[2026-08-02T01:48:56.139] error: *** STEP 5137468.108 ON frontier05920 CANCELLED AT 2026-08-02T01:48:56 DUE TO TASK FAILURE ***
srun: error: frontier05920: tasks 1-55: Terminated
srun: error: frontier05970: tasks 168-223: Terminated
srun: error: frontier05971: tasks 224-279: Terminated
srun: error: frontier05973: tasks 336-391: Terminated
srun: error: frontier05972: tasks 280-335: Terminated
srun: error: frontier05988: tasks 392-447: Terminated
srun: error: frontier05964: tasks 112-167: Terminated
srun: error: frontier05943: tasks 56-111: Terminated
srun: Force Terminated StepId=5137468.108
Running frontier nodes=8 ranks_per_node=56 dist=async_put_lockfree mode=fixed expected_us=100 max_upper_fanout=-1
srun: Step created for StepId=5137468.109
RESULT distributor=async_put_lockfree mode=fixed expected_us=100 nodes=8 world_size=448 max_upper_fanout=-1 total_tasks=9053210 elapsed_s=20.0002 throughput_tasks_per_s=452657
MPICH Notice [Rank 0] [job id 5137468.109] [Sun Aug  2 01:49:24 2026] [frontier05920] - Abort(0) (rank 0 in comm 0): application called MPI_Abort(MPI_COMM_WORLD, 0) - process 0

aborting job:
application called MPI_Abort(MPI_COMM_WORLD, 0) - process 0
srun: error: frontier05920: task 0: Exited with exit code 255
srun: Terminating StepId=5137468.109
[2026-08-02T01:49:26.432] error: *** STEP 5137468.109 ON frontier05920 CANCELLED AT 2026-08-02T01:49:26 DUE TO TASK FAILURE ***
srun: error: frontier05920: tasks 1-55: Terminated
srun: error: frontier05943: tasks 56-111: Terminated
srun: error: frontier05970: tasks 168-223: Terminated
srun: error: frontier05971: tasks 224-279: Terminated
srun: error: frontier05988: tasks 392-447: Terminated
srun: error: frontier05964: tasks 112-167: Terminated
srun: error: frontier05972: tasks 280-335: Terminated
srun: error: frontier05973: tasks 336-391: Terminated
srun: Force Terminated StepId=5137468.109
Running frontier nodes=8 ranks_per_node=56 dist=async_put_lockfree mode=fixed expected_us=1000 max_upper_fanout=-1
RESULT distributor=async_put_lockfree mode=fixed expected_us=1000 nodes=8 world_size=448 max_upper_fanout=-1 total_tasks=5993065 elapsed_s=20.0002 throughput_tasks_per_s=299650
MPICH Notice [Rank 0] [job id 5137468.110] [Sun Aug  2 01:49:56 2026] [frontier05920] - Abort(0) (rank 0 in comm 0): application called MPI_Abort(MPI_COMM_WORLD, 0) - process 0

aborting job:
application called MPI_Abort(MPI_COMM_WORLD, 0) - process 0
srun: error: frontier05920: task 0: Exited with exit code 255
srun: Terminating StepId=5137468.110
[2026-08-02T01:49:57.777] error: *** STEP 5137468.110 ON frontier05920 CANCELLED AT 2026-08-02T01:49:57 DUE TO TASK FAILURE ***
srun: error: frontier05920: tasks 1-55: Terminated
srun: error: frontier05972: tasks 280-335: Terminated
srun: error: frontier05970: tasks 168-223: Terminated
srun: error: frontier05943: tasks 56-111: Terminated
srun: error: frontier05973: tasks 336-391: Terminated
srun: error: frontier05971: tasks 224-279: Terminated
srun: error: frontier05988: tasks 392-447: Terminated
srun: error: frontier05964: tasks 112-167: Terminated
srun: Force Terminated StepId=5137468.110
Running frontier nodes=8 ranks_per_node=56 dist=async_put_lockfree mode=fixed expected_us=10000 max_upper_fanout=-1
srun: Step created for StepId=5137468.111
RESULT distributor=async_put_lockfree mode=fixed expected_us=10000 nodes=8 world_size=448 max_upper_fanout=-1 total_tasks=883126 elapsed_s=20.0004 throughput_tasks_per_s=44155.4
MPICH Notice [Rank 0] [job id 5137468.111] [Sun Aug  2 01:50:26 2026] [frontier05920] - Abort(0) (rank 0 in comm 0): application called MPI_Abort(MPI_COMM_WORLD, 0) - process 0

aborting job:
application called MPI_Abort(MPI_COMM_WORLD, 0) - process 0
srun: error: frontier05920: tasks 1-10,12-14,16,18-32,34-36,38-40,42-55: Bus error
srun: Terminating StepId=5137468.111
[2026-08-02T01:50:26.666] error: *** STEP 5137468.111 ON frontier05920 CANCELLED AT 2026-08-02T01:50:26 DUE TO TASK FAILURE ***
srun: error: frontier05920: tasks 15,17,33,37,41: Terminated
srun: error: frontier05971: tasks 224-279: Terminated
srun: error: frontier05943: tasks 56-111: Terminated
srun: error: frontier05972: tasks 280-335: Terminated
srun: error: frontier05964: tasks 112-167: Terminated
srun: error: frontier05973: tasks 336-391: Terminated
srun: error: frontier05988: tasks 392-447: Terminated
srun: error: frontier05970: tasks 168-223: Terminated
srun: error: frontier05920: task 0: Exited with exit code 255
srun: error: frontier05920: task 11: Bus error (core dumped)
srun: Force Terminated StepId=5137468.111
Running frontier nodes=8 ranks_per_node=56 dist=async_put_lockfree mode=fixed expected_us=100000 max_upper_fanout=-1
RESULT distributor=async_put_lockfree mode=fixed expected_us=100000 nodes=8 world_size=448 max_upper_fanout=-1 total_tasks=88953 elapsed_s=20.0002 throughput_tasks_per_s=4447.61
MPICH Notice [Rank 0] [job id 5137468.112] [Sun Aug  2 01:51:10 2026] [frontier05920] - Abort(0) (rank 0 in comm 0): application called MPI_Abort(MPI_COMM_WORLD, 0) - process 0

aborting job:
application called MPI_Abort(MPI_COMM_WORLD, 0) - process 0
srun: error: frontier05920: tasks 1-8,10-55: Bus error
srun: Terminating StepId=5137468.112
[2026-08-02T01:51:12.495] error: *** STEP 5137468.112 ON frontier05920 CANCELLED AT 2026-08-02T01:51:12 DUE TO TASK FAILURE ***
srun: error: frontier05920: task 0: Exited with exit code 255
srun: error: frontier05973: tasks 336-391: Terminated
srun: error: frontier05971: tasks 224-279: Terminated
srun: error: frontier05943: tasks 56-111: Terminated
srun: error: frontier05988: tasks 392-447: Terminated
srun: error: frontier05972: tasks 280-335: Terminated
srun: error: frontier05970: tasks 168-223: Terminated
srun: error: frontier05964: tasks 112-167: Terminated
srun: error: frontier05920: task 9: Bus error (core dumped)
srun: Force Terminated StepId=5137468.112
Running frontier nodes=8 ranks_per_node=56 dist=async_put_lockfree mode=fixed expected_us=1000000 max_upper_fanout=-1
srun: Step created for StepId=5137468.113
RESULT distributor=async_put_lockfree mode=fixed expected_us=1000000 nodes=8 world_size=448 max_upper_fanout=-1 total_tasks=8493 elapsed_s=20.0001 throughput_tasks_per_s=424.648
MPICH Notice [Rank 0] [job id 5137468.113] [Sun Aug  2 01:52:17 2026] [frontier05920] - Abort(0) (rank 0 in comm 0): application called MPI_Abort(MPI_COMM_WORLD, 0) - process 0

aborting job:
application called MPI_Abort(MPI_COMM_WORLD, 0) - process 0
srun: error: frontier05920: tasks 1-26,28-55: Bus error
srun: Terminating StepId=5137468.113
[2026-08-02T01:52:18.221] error: *** STEP 5137468.113 ON frontier05920 CANCELLED AT 2026-08-02T01:52:18 DUE TO TASK FAILURE ***
srun: error: frontier05972: tasks 280-335: Terminated
srun: error: frontier05970: tasks 168-223: Terminated
srun: error: frontier05973: tasks 336-391: Terminated
srun: error: frontier05943: tasks 56-111: Terminated
srun: error: frontier05971: tasks 224-279: Terminated
srun: error: frontier05988: tasks 392-447: Terminated
srun: error: frontier05964: tasks 112-167: Terminated
srun: error: frontier05920: task 0: Exited with exit code 255
srun: error: frontier05920: task 27: Bus error (core dumped)
srun: Force Terminated StepId=5137468.113
Running frontier nodes=8 ranks_per_node=56 dist=async_put_lockfree mode=random expected_us=10 max_upper_fanout=-1
RESULT distributor=async_put_lockfree mode=random expected_us=10 nodes=8 world_size=448 max_upper_fanout=-1 total_tasks=9455533 elapsed_s=20.0002 throughput_tasks_per_s=472772
MPICH Notice [Rank 0] [job id 5137468.114] [Sun Aug  2 01:52:56 2026] [frontier05920] - Abort(0) (rank 0 in comm 0): application called MPI_Abort(MPI_COMM_WORLD, 0) - process 0

aborting job:
application called MPI_Abort(MPI_COMM_WORLD, 0) - process 0
srun: error: frontier05920: task 0: Exited with exit code 255
srun: Terminating StepId=5137468.114
[2026-08-02T01:52:58.918] error: *** STEP 5137468.114 ON frontier05920 CANCELLED AT 2026-08-02T01:52:58 DUE TO TASK FAILURE ***
srun: error: frontier05920: tasks 1-55: Terminated
srun: error: frontier05943: tasks 56-111: Terminated
srun: error: frontier05988: tasks 392-447: Terminated
srun: error: frontier05973: tasks 336-391: Terminated
srun: error: frontier05971: tasks 224-279: Terminated
srun: error: frontier05972: tasks 280-335: Terminated
srun: error: frontier05970: tasks 168-223: Terminated
srun: error: frontier05964: tasks 112-167: Terminated
srun: Force Terminated StepId=5137468.114
Running frontier nodes=8 ranks_per_node=56 dist=async_put_lockfree mode=random expected_us=100 max_upper_fanout=-1
srun: Step created for StepId=5137468.115
RESULT distributor=async_put_lockfree mode=random expected_us=100 nodes=8 world_size=448 max_upper_fanout=-1 total_tasks=9081130 elapsed_s=20.0002 throughput_tasks_per_s=454052
MPICH Notice [Rank 0] [job id 5137468.115] [Sun Aug  2 01:53:28 2026] [frontier05920] - Abort(0) (rank 0 in comm 0): application called MPI_Abort(MPI_COMM_WORLD, 0) - process 0

aborting job:
application called MPI_Abort(MPI_COMM_WORLD, 0) - process 0
srun: error: frontier05920: task 0: Exited with exit code 255
srun: Terminating StepId=5137468.115
[2026-08-02T01:53:30.927] error: *** STEP 5137468.115 ON frontier05920 CANCELLED AT 2026-08-02T01:53:30 DUE TO TASK FAILURE ***
srun: error: frontier05920: tasks 1-55: Terminated
srun: error: frontier05972: tasks 280-335: Terminated
srun: error: frontier05971: tasks 224-279: Terminated
srun: error: frontier05988: tasks 392-447: Terminated
srun: error: frontier05943: tasks 56-111: Terminated
srun: error: frontier05964: tasks 112-167: Terminated
srun: error: frontier05970: tasks 168-223: Terminated
srun: error: frontier05973: tasks 336-391: Terminated
srun: Force Terminated StepId=5137468.115
Running frontier nodes=8 ranks_per_node=56 dist=async_put_lockfree mode=random expected_us=1000 max_upper_fanout=-1
RESULT distributor=async_put_lockfree mode=random expected_us=1000 nodes=8 world_size=448 max_upper_fanout=-1 total_tasks=6062899 elapsed_s=20.0004 throughput_tasks_per_s=303139
MPICH Notice [Rank 0] [job id 5137468.116] [Sun Aug  2 01:54:02 2026] [frontier05920] - Abort(0) (rank 0 in comm 0): application called MPI_Abort(MPI_COMM_WORLD, 0) - process 0

aborting job:
application called MPI_Abort(MPI_COMM_WORLD, 0) - process 0
srun: error: frontier05920: task 0: Exited with exit code 255
srun: Terminating StepId=5137468.116
[2026-08-02T01:54:05.529] error: *** STEP 5137468.116 ON frontier05920 CANCELLED AT 2026-08-02T01:54:05 DUE TO TASK FAILURE ***
srun: error: frontier05920: tasks 1-55: Terminated
srun: error: frontier05943: tasks 56-111: Terminated
srun: error: frontier05971: tasks 224-279: Terminated
srun: error: frontier05964: tasks 112-167: Terminated
srun: error: frontier05988: tasks 392-447: Terminated
srun: error: frontier05970: tasks 168-223: Terminated
srun: error: frontier05973: tasks 336-391: Terminated
srun: error: frontier05972: tasks 280-335: Terminated
srun: Force Terminated StepId=5137468.116
Running frontier nodes=8 ranks_per_node=56 dist=async_put_lockfree mode=random expected_us=10000 max_upper_fanout=-1
RESULT distributor=async_put_lockfree mode=random expected_us=10000 nodes=8 world_size=448 max_upper_fanout=-1 total_tasks=882190 elapsed_s=20.0004 throughput_tasks_per_s=44108.5
MPICH Notice [Rank 0] [job id 5137468.117] [Sun Aug  2 01:54:36 2026] [frontier05920] - Abort(0) (rank 0 in comm 0): application called MPI_Abort(MPI_COMM_WORLD, 0) - process 0

aborting job:
application called MPI_Abort(MPI_COMM_WORLD, 0) - process 0
srun: error: frontier05920: task 0: Exited with exit code 255
srun: Terminating StepId=5137468.117
[2026-08-02T01:54:37.719] error: *** STEP 5137468.117 ON frontier05920 CANCELLED AT 2026-08-02T01:54:37 DUE TO TASK FAILURE ***
srun: error: frontier05920: tasks 1-55: Terminated
srun: error: frontier05972: tasks 280-335: Terminated
srun: error: frontier05964: tasks 112-167: Terminated
srun: error: frontier05973: tasks 336-391: Terminated
srun: error: frontier05943: tasks 56-111: Terminated
srun: error: frontier05971: tasks 224-279: Terminated
srun: error: frontier05988: tasks 392-447: Terminated
srun: error: frontier05970: tasks 168-223: Terminated
srun: Force Terminated StepId=5137468.117
Running frontier nodes=8 ranks_per_node=56 dist=async_put_lockfree mode=random expected_us=100000 max_upper_fanout=-1
RESULT distributor=async_put_lockfree mode=random expected_us=100000 nodes=8 world_size=448 max_upper_fanout=-1 total_tasks=88630 elapsed_s=20.0002 throughput_tasks_per_s=4431.46
MPICH Notice [Rank 0] [job id 5137468.118] [Sun Aug  2 01:55:08 2026] [frontier05920] - Abort(0) (rank 0 in comm 0): application called MPI_Abort(MPI_COMM_WORLD, 0) - process 0

aborting job:
application called MPI_Abort(MPI_COMM_WORLD, 0) - process 0
srun: error: frontier05920: tasks 8,25,29,45: Bus error
srun: Terminating StepId=5137468.118
[2026-08-02T01:55:08.493] error: *** STEP 5137468.118 ON frontier05920 CANCELLED AT 2026-08-02T01:55:08 DUE TO TASK FAILURE ***
srun: error: frontier05920: tasks 1-7,9-24,26-28,30,32-44,46-55: Terminated
srun: error: frontier05943: tasks 56-111: Terminated
srun: error: frontier05973: tasks 336-391: Terminated
srun: error: frontier05988: tasks 392-447: Terminated
srun: error: frontier05971: tasks 224-279: Terminated
srun: error: frontier05972: tasks 280-335: Terminated
srun: error: frontier05970: tasks 168-223: Terminated
srun: error: frontier05964: tasks 112-167: Terminated
srun: error: frontier05920: task 0: Exited with exit code 255
srun: error: frontier05920: task 31: Bus error (core dumped)
srun: Force Terminated StepId=5137468.118
Running frontier nodes=8 ranks_per_node=56 dist=async_put_lockfree mode=random expected_us=1000000 max_upper_fanout=-1
RESULT distributor=async_put_lockfree mode=random expected_us=1000000 nodes=8 world_size=448 max_upper_fanout=-1 total_tasks=8367 elapsed_s=20.0001 throughput_tasks_per_s=418.348
MPICH Notice [Rank 0] [job id 5137468.119] [Sun Aug  2 01:55:45 2026] [frontier05920] - Abort(0) (rank 0 in comm 0): application called MPI_Abort(MPI_COMM_WORLD, 0) - process 0

aborting job:
application called MPI_Abort(MPI_COMM_WORLD, 0) - process 0
srun: error: frontier05920: tasks 13,17,33,40-41,43,55: Bus error
srun: Terminating StepId=5137468.119
[2026-08-02T01:55:45.883] error: *** STEP 5137468.119 ON frontier05920 CANCELLED AT 2026-08-02T01:55:45 DUE TO TASK FAILURE ***
srun: error: frontier05920: tasks 2,4,6-11,14-16,19-21,23-32,35-39,42,44-48,50-51,53-54: Terminated
srun: error: frontier05972: tasks 280-335: Terminated
srun: error: frontier05964: tasks 112-167: Terminated
srun: error: frontier05943: tasks 56-111: Terminated
srun: error: frontier05988: tasks 392-447: Terminated
srun: error: frontier05971: tasks 224-279: Terminated
srun: error: frontier05973: tasks 336-391: Terminated
srun: error: frontier05970: tasks 168-223: Terminated
srun: error: frontier05920: tasks 1,5,34,49,52: Bus error
srun: error: frontier05920: task 0: Exited with exit code 255
srun: error: frontier05920: task 12: Bus error (core dumped)
srun: error: frontier05920: task 3: Bus error (core dumped)
srun: error: frontier05920: tasks 18,22: Bus error (core dumped)
srun: Force Terminated StepId=5137468.119
Running frontier nodes=8 ranks_per_node=56 dist=hierarchical_async_put_lockfree mode=fixed expected_us=10 max_upper_fanout=-1
RESULT distributor=hierarchical_async_put_lockfree mode=fixed expected_us=10 nodes=8 world_size=448 max_upper_fanout=-1 total_tasks=29601607 elapsed_s=20.0002 throughput_tasks_per_s=1.48007e+06
MPICH Notice [Rank 0] [job id 5137468.120] [Sun Aug  2 01:56:34 2026] [frontier05920] - Abort(0) (rank 0 in comm 0): application called MPI_Abort(MPI_COMM_WORLD, 0) - process 0

aborting job:
application called MPI_Abort(MPI_COMM_WORLD, 0) - process 0
srun: error: frontier05920: task 0: Exited with exit code 255
srun: Terminating StepId=5137468.120
[2026-08-02T01:56:35.313] error: *** STEP 5137468.120 ON frontier05920 CANCELLED AT 2026-08-02T01:56:35 DUE TO TASK FAILURE ***
srun: error: frontier05920: tasks 2-55: Terminated
srun: error: frontier05971: tasks 225-279: Terminated
srun: error: frontier05970: tasks 169-223: Terminated
srun: error: frontier05973: tasks 337-391: Terminated
srun: error: frontier05943: tasks 57-111: Terminated
srun: error: frontier05972: tasks 281-335: Terminated
srun: error: frontier05964: tasks 113-167: Terminated
srun: error: frontier05988: tasks 393-447: Terminated
srun: error: frontier05920: task 1: Terminated
srun: error: frontier05970: task 168: Terminated
srun: error: frontier05971: task 224: Terminated
srun: error: frontier05972: task 280: Terminated
srun: error: frontier05973: task 336: Terminated
srun: error: frontier05943: task 56: Terminated
srun: error: frontier05964: task 112: Terminated
srun: error: frontier05988: task 392: Terminated
srun: Force Terminated StepId=5137468.120
Running frontier nodes=8 ranks_per_node=56 dist=hierarchical_async_put_lockfree mode=fixed expected_us=100 max_upper_fanout=-1
RESULT distributor=hierarchical_async_put_lockfree mode=fixed expected_us=100 nodes=8 world_size=448 max_upper_fanout=-1 total_tasks=30781603 elapsed_s=20.0005 throughput_tasks_per_s=1.53904e+06
MPICH Notice [Rank 0] [job id 5137468.121] [Sun Aug  2 01:57:11 2026] [frontier05920] - Abort(0) (rank 0 in comm 0): application called MPI_Abort(MPI_COMM_WORLD, 0) - process 0

aborting job:
application called MPI_Abort(MPI_COMM_WORLD, 0) - process 0
srun: error: frontier05920: task 0: Exited with exit code 255
srun: Terminating StepId=5137468.121
[2026-08-02T01:57:12.462] error: *** STEP 5137468.121 ON frontier05920 CANCELLED AT 2026-08-02T01:57:12 DUE TO TASK FAILURE ***
srun: error: frontier05943: tasks 57-111: Terminated
srun: error: frontier05973: tasks 337-391: Terminated
srun: error: frontier05988: tasks 393-447: Terminated
srun: error: frontier05971: tasks 225-279: Terminated
srun: error: frontier05970: tasks 169-223: Terminated
srun: error: frontier05964: tasks 113-167: Terminated
srun: error: frontier05920: tasks 2-55: Terminated
srun: error: frontier05972: tasks 281-335: Terminated
srun: error: frontier05972: task 280: Terminated
srun: error: frontier05943: task 56: Terminated
srun: error: frontier05988: task 392: Terminated
srun: error: frontier05920: task 1: Terminated
srun: error: frontier05973: task 336: Terminated
srun: error: frontier05970: task 168: Terminated
srun: error: frontier05964: task 112: Terminated
srun: error: frontier05971: task 224: Terminated
srun: Force Terminated StepId=5137468.121
Running frontier nodes=8 ranks_per_node=56 dist=hierarchical_async_put_lockfree mode=fixed expected_us=1000 max_upper_fanout=-1
RESULT distributor=hierarchical_async_put_lockfree mode=fixed expected_us=1000 nodes=8 world_size=448 max_upper_fanout=-1 total_tasks=8094803 elapsed_s=20.0001 throughput_tasks_per_s=404739
MPICH Notice [Rank 0] [job id 5137468.122] [Sun Aug  2 01:57:48 2026] [frontier05920] - Abort(0) (rank 0 in comm 0): application called MPI_Abort(MPI_COMM_WORLD, 0) - process 0

aborting job:
application called MPI_Abort(MPI_COMM_WORLD, 0) - process 0
srun: error: frontier05920: task 0: Exited with exit code 255
srun: Terminating StepId=5137468.122
[2026-08-02T01:57:49.594] error: *** STEP 5137468.122 ON frontier05920 CANCELLED AT 2026-08-02T01:57:49 DUE TO TASK FAILURE ***
srun: error: frontier05920: tasks 2-55: Terminated
srun: error: frontier05988: tasks 393-447: Terminated
srun: error: frontier05973: tasks 337-391: Terminated
srun: error: frontier05972: tasks 281-335: Terminated
srun: error: frontier05970: tasks 169-223: Terminated
srun: error: frontier05971: tasks 225-279: Terminated
srun: error: frontier05964: tasks 113-167: Terminated
srun: error: frontier05943: tasks 57-111: Terminated
srun: error: frontier05920: task 1: Terminated
srun: error: frontier05988: task 392: Terminated
srun: error: frontier05973: task 336: Terminated
srun: error: frontier05972: task 280: Terminated
srun: error: frontier05964: task 112: Terminated
srun: error: frontier05971: task 224: Terminated
srun: error: frontier05943: task 56: Terminated
srun: error: frontier05970: task 168: Terminated
srun: Force Terminated StepId=5137468.122
Running frontier nodes=8 ranks_per_node=56 dist=hierarchical_async_put_lockfree mode=fixed expected_us=10000 max_upper_fanout=-1
srun: Step created for StepId=5137468.123
RESULT distributor=hierarchical_async_put_lockfree mode=fixed expected_us=10000 nodes=8 world_size=448 max_upper_fanout=-1 total_tasks=868508 elapsed_s=20.0006 throughput_tasks_per_s=43424.2
MPICH Notice [Rank 0] [job id 5137468.123] [Sun Aug  2 01:58:25 2026] [frontier05920] - Abort(0) (rank 0 in comm 0): application called MPI_Abort(MPI_COMM_WORLD, 0) - process 0

aborting job:
application called MPI_Abort(MPI_COMM_WORLD, 0) - process 0
srun: error: frontier05920: task 0: Exited with exit code 255
srun: Terminating StepId=5137468.123
[2026-08-02T01:58:26.619] error: *** STEP 5137468.123 ON frontier05920 CANCELLED AT 2026-08-02T01:58:26 DUE TO TASK FAILURE ***
srun: error: frontier05988: tasks 393-447: Terminated
srun: error: frontier05964: tasks 113-167: Terminated
srun: error: frontier05973: tasks 337-391: Terminated
srun: error: frontier05943: tasks 57-111: Terminated
srun: error: frontier05971: tasks 225-279: Terminated
srun: error: frontier05920: tasks 2-55: Terminated
srun: error: frontier05972: tasks 281-335: Terminated
srun: error: frontier05970: tasks 169-223: Terminated
srun: error: frontier05973: task 336: Terminated
srun: error: frontier05988: task 392: Terminated
srun: error: frontier05964: task 112: Terminated
srun: error: frontier05920: task 1: Terminated
srun: error: frontier05943: task 56: Terminated
srun: error: frontier05972: task 280: Terminated
srun: error: frontier05971: task 224: Terminated
srun: error: frontier05970: task 168: Terminated
srun: Force Terminated StepId=5137468.123
Running frontier nodes=8 ranks_per_node=56 dist=hierarchical_async_put_lockfree mode=fixed expected_us=100000 max_upper_fanout=-1
srun: Step created for StepId=5137468.124
RESULT distributor=hierarchical_async_put_lockfree mode=fixed expected_us=100000 nodes=8 world_size=448 max_upper_fanout=-1 total_tasks=87361 elapsed_s=20.0002 throughput_tasks_per_s=4368.01
MPICH Notice [Rank 0] [job id 5137468.124] [Sun Aug  2 01:59:02 2026] [frontier05920] - Abort(0) (rank 0 in comm 0): application called MPI_Abort(MPI_COMM_WORLD, 0) - process 0

aborting job:
application called MPI_Abort(MPI_COMM_WORLD, 0) - process 0
srun: error: frontier05920: task 0: Exited with exit code 255
srun: Terminating StepId=5137468.124
[2026-08-02T01:59:03.678] error: *** STEP 5137468.124 ON frontier05920 CANCELLED AT 2026-08-02T01:59:03 DUE TO TASK FAILURE ***
srun: error: frontier05964: tasks 113-167: Terminated
srun: error: frontier05973: tasks 337-391: Terminated
srun: error: frontier05972: tasks 281-335: Terminated
srun: error: frontier05943: tasks 57-111: Terminated
srun: error: frontier05970: tasks 169-223: Terminated
srun: error: frontier05971: tasks 225-279: Terminated
srun: error: frontier05988: tasks 393-447: Terminated
srun: error: frontier05920: tasks 2-55: Terminated
srun: error: frontier05973: task 336: Terminated
srun: error: frontier05964: task 112: Terminated
srun: error: frontier05943: task 56: Terminated
srun: error: frontier05972: task 280: Terminated
srun: error: frontier05970: task 168: Terminated
srun: error: frontier05971: task 224: Terminated
srun: error: frontier05920: task 1: Terminated
srun: error: frontier05988: task 392: Terminated
srun: Force Terminated StepId=5137468.124
Running frontier nodes=8 ranks_per_node=56 dist=hierarchical_async_put_lockfree mode=fixed expected_us=1000000 max_upper_fanout=-1
srun: Step created for StepId=5137468.125
RESULT distributor=hierarchical_async_put_lockfree mode=fixed expected_us=1000000 nodes=8 world_size=448 max_upper_fanout=-1 total_tasks=8341 elapsed_s=20 throughput_tasks_per_s=417.049
MPICH Notice [Rank 0] [job id 5137468.125] [Sun Aug  2 01:59:39 2026] [frontier05920] - Abort(0) (rank 0 in comm 0): application called MPI_Abort(MPI_COMM_WORLD, 0) - process 0

aborting job:
application called MPI_Abort(MPI_COMM_WORLD, 0) - process 0
srun: error: frontier05920: task 0: Exited with exit code 255
srun: Terminating StepId=5137468.125
[2026-08-02T01:59:40.737] error: *** STEP 5137468.125 ON frontier05920 CANCELLED AT 2026-08-02T01:59:40 DUE TO TASK FAILURE ***
srun: error: frontier05920: tasks 2-55: Terminated
srun: error: frontier05973: tasks 337-391: Terminated
srun: error: frontier05964: tasks 113-167: Terminated
srun: error: frontier05943: tasks 57-111: Terminated
srun: error: frontier05988: tasks 393-447: Terminated
srun: error: frontier05972: tasks 281-335: Terminated
srun: error: frontier05971: tasks 225-279: Terminated
srun: error: frontier05970: tasks 169-223: Terminated
srun: error: frontier05920: task 1: Terminated
srun: error: frontier05973: task 336: Terminated
srun: error: frontier05943: task 56: Terminated
srun: error: frontier05964: task 112: Terminated
srun: error: frontier05988: task 392: Terminated
srun: error: frontier05972: task 280: Terminated
srun: error: frontier05971: task 224: Terminated
srun: error: frontier05970: task 168: Terminated
srun: Force Terminated StepId=5137468.125
Running frontier nodes=8 ranks_per_node=56 dist=hierarchical_async_put_lockfree mode=random expected_us=10 max_upper_fanout=-1
srun: Step created for StepId=5137468.126
RESULT distributor=hierarchical_async_put_lockfree mode=random expected_us=10 nodes=8 world_size=448 max_upper_fanout=-1 total_tasks=29432269 elapsed_s=20.0005 throughput_tasks_per_s=1.47158e+06
MPICH Notice [Rank 0] [job id 5137468.126] [Sun Aug  2 02:00:16 2026] [frontier05920] - Abort(0) (rank 0 in comm 0): application called MPI_Abort(MPI_COMM_WORLD, 0) - process 0

aborting job:
application called MPI_Abort(MPI_COMM_WORLD, 0) - process 0
srun: error: frontier05920: task 0: Exited with exit code 255
srun: Terminating StepId=5137468.126
[2026-08-02T02:00:17.325] error: *** STEP 5137468.126 ON frontier05920 CANCELLED AT 2026-08-02T02:00:17 DUE TO TASK FAILURE ***
srun: error: frontier05972: tasks 281-335: Terminated
srun: error: frontier05970: tasks 169-223: Terminated
srun: error: frontier05988: tasks 393-447: Terminated
srun: error: frontier05964: tasks 113-167: Terminated
srun: error: frontier05920: tasks 2-55: Terminated
srun: error: frontier05973: tasks 337-391: Terminated
srun: error: frontier05943: tasks 57-111: Terminated
srun: error: frontier05971: tasks 225-279: Terminated
srun: error: frontier05972: task 280: Terminated
srun: error: frontier05988: task 392: Terminated
srun: error: frontier05970: task 168: Terminated
srun: error: frontier05971: task 224: Terminated
srun: error: frontier05973: task 336: Terminated
srun: error: frontier05964: task 112: Terminated
srun: error: frontier05920: task 1: Terminated
srun: error: frontier05943: task 56: Terminated
srun: Force Terminated StepId=5137468.126
Running frontier nodes=8 ranks_per_node=56 dist=hierarchical_async_put_lockfree mode=random expected_us=100 max_upper_fanout=-1
srun: Step created for StepId=5137468.127
RESULT distributor=hierarchical_async_put_lockfree mode=random expected_us=100 nodes=8 world_size=448 max_upper_fanout=-1 total_tasks=30312312 elapsed_s=20.0005 throughput_tasks_per_s=1.51558e+06
MPICH Notice [Rank 0] [job id 5137468.127] [Sun Aug  2 02:00:55 2026] [frontier05920] - Abort(0) (rank 0 in comm 0): application called MPI_Abort(MPI_COMM_WORLD, 0) - process 0

aborting job:
application called MPI_Abort(MPI_COMM_WORLD, 0) - process 0
srun: error: frontier05920: task 0: Exited with exit code 255
srun: Terminating StepId=5137468.127
[2026-08-02T02:00:56.970] error: *** STEP 5137468.127 ON frontier05920 CANCELLED AT 2026-08-02T02:00:56 DUE TO TASK FAILURE ***
srun: error: frontier05972: tasks 281-335: Terminated
srun: error: frontier05973: tasks 337-391: Terminated
srun: error: frontier05988: tasks 393-447: Terminated
srun: error: frontier05943: tasks 57-111: Terminated
srun: error: frontier05964: tasks 113-167: Terminated
srun: error: frontier05970: tasks 169-223: Terminated
srun: error: frontier05920: tasks 2-55: Terminated
srun: error: frontier05971: tasks 225-279: Terminated
srun: error: frontier05972: task 280: Terminated
srun: error: frontier05973: task 336: Terminated
srun: error: frontier05943: task 56: Terminated
srun: error: frontier05988: task 392: Terminated
srun: error: frontier05920: task 1: Terminated
srun: error: frontier05964: task 112: Terminated
srun: error: frontier05970: task 168: Terminated
srun: error: frontier05971: task 224: Terminated
srun: Force Terminated StepId=5137468.127
Running frontier nodes=8 ranks_per_node=56 dist=hierarchical_async_put_lockfree mode=random expected_us=1000 max_upper_fanout=-1
srun: Step created for StepId=5137468.128
RESULT distributor=hierarchical_async_put_lockfree mode=random expected_us=1000 nodes=8 world_size=448 max_upper_fanout=-1 total_tasks=8296606 elapsed_s=20.0003 throughput_tasks_per_s=414824
MPICH Notice [Rank 0] [job id 5137468.128] [Sun Aug  2 02:01:33 2026] [frontier05920] - Abort(0) (rank 0 in comm 0): application called MPI_Abort(MPI_COMM_WORLD, 0) - process 0

aborting job:
application called MPI_Abort(MPI_COMM_WORLD, 0) - process 0
srun: error: frontier05920: task 0: Exited with exit code 255
srun: Terminating StepId=5137468.128
[2026-08-02T02:01:34.078] error: *** STEP 5137468.128 ON frontier05920 CANCELLED AT 2026-08-02T02:01:34 DUE TO TASK FAILURE ***
srun: error: frontier05973: tasks 337-391: Terminated
srun: error: frontier05920: tasks 2-55: Terminated
srun: error: frontier05971: tasks 225-279: Terminated
srun: error: frontier05943: tasks 57-111: Terminated
srun: error: frontier05970: tasks 169-223: Terminated
srun: error: frontier05972: tasks 281-335: Terminated
srun: error: frontier05964: tasks 113-167: Terminated
srun: error: frontier05988: tasks 393-447: Terminated
srun: error: frontier05920: task 1: Terminated
srun: error: frontier05973: task 336: Terminated
srun: error: frontier05972: task 280: Terminated
srun: error: frontier05943: task 56: Terminated
srun: error: frontier05970: task 168: Terminated
srun: error: frontier05971: task 224: Terminated
srun: error: frontier05964: task 112: Terminated
srun: error: frontier05988: task 392: Terminated
srun: Force Terminated StepId=5137468.128
Running frontier nodes=8 ranks_per_node=56 dist=hierarchical_async_put_lockfree mode=random expected_us=10000 max_upper_fanout=-1
srun: Step created for StepId=5137468.129
RESULT distributor=hierarchical_async_put_lockfree mode=random expected_us=10000 nodes=8 world_size=448 max_upper_fanout=-1 total_tasks=870293 elapsed_s=20.0005 throughput_tasks_per_s=43513.6
MPICH Notice [Rank 0] [job id 5137468.129] [Sun Aug  2 02:02:10 2026] [frontier05920] - Abort(0) (rank 0 in comm 0): application called MPI_Abort(MPI_COMM_WORLD, 0) - process 0

aborting job:
application called MPI_Abort(MPI_COMM_WORLD, 0) - process 0
srun: error: frontier05920: task 0: Exited with exit code 255
srun: Terminating StepId=5137468.129
[2026-08-02T02:02:11.169] error: *** STEP 5137468.129 ON frontier05920 CANCELLED AT 2026-08-02T02:02:11 DUE TO TASK FAILURE ***
srun: error: frontier05973: tasks 337-391: Terminated
srun: error: frontier05988: tasks 393-447: Terminated
srun: error: frontier05964: tasks 113-167: Terminated
srun: error: frontier05972: tasks 281-335: Terminated
srun: error: frontier05971: tasks 225-279: Terminated
srun: error: frontier05943: tasks 57-111: Terminated
srun: error: frontier05970: tasks 169-223: Terminated
srun: error: frontier05920: tasks 2-55: Terminated
srun: error: frontier05972: task 280: Terminated
srun: error: frontier05973: task 336: Terminated
srun: error: frontier05988: task 392: Terminated
srun: error: frontier05964: task 112: Terminated
srun: error: frontier05971: task 224: Terminated
srun: error: frontier05943: task 56: Terminated
srun: error: frontier05970: task 168: Terminated
srun: error: frontier05920: task 1: Terminated
srun: Force Terminated StepId=5137468.129
Running frontier nodes=8 ranks_per_node=56 dist=hierarchical_async_put_lockfree mode=random expected_us=100000 max_upper_fanout=-1
RESULT distributor=hierarchical_async_put_lockfree mode=random expected_us=100000 nodes=8 world_size=448 max_upper_fanout=-1 total_tasks=87275 elapsed_s=20.0002 throughput_tasks_per_s=4363.72
MPICH Notice [Rank 0] [job id 5137468.130] [Sun Aug  2 02:02:47 2026] [frontier05920] - Abort(0) (rank 0 in comm 0): application called MPI_Abort(MPI_COMM_WORLD, 0) - process 0

aborting job:
application called MPI_Abort(MPI_COMM_WORLD, 0) - process 0
srun: error: frontier05920: task 0: Exited with exit code 255
srun: Terminating StepId=5137468.130
[2026-08-02T02:02:48.870] error: *** STEP 5137468.130 ON frontier05920 CANCELLED AT 2026-08-02T02:02:48 DUE TO TASK FAILURE ***
srun: error: frontier05970: tasks 169-223: Terminated
srun: error: frontier05964: tasks 113-167: Terminated
srun: error: frontier05971: tasks 225-279: Terminated
srun: error: frontier05972: tasks 281-335: Terminated
srun: error: frontier05988: tasks 393-447: Terminated
srun: error: frontier05943: tasks 57-111: Terminated
srun: error: frontier05920: tasks 2-55: Terminated
srun: error: frontier05973: tasks 337-391: Terminated
srun: error: frontier05964: task 112: Terminated
srun: error: frontier05970: task 168: Terminated
srun: error: frontier05972: task 280: Terminated
srun: error: frontier05988: task 392: Terminated
srun: error: frontier05943: task 56: Terminated
srun: error: frontier05971: task 224: Terminated
srun: error: frontier05920: task 1: Terminated
srun: error: frontier05973: task 336: Terminated
srun: Force Terminated StepId=5137468.130
Running frontier nodes=8 ranks_per_node=56 dist=hierarchical_async_put_lockfree mode=random expected_us=1000000 max_upper_fanout=-1
RESULT distributor=hierarchical_async_put_lockfree mode=random expected_us=1000000 nodes=8 world_size=448 max_upper_fanout=-1 total_tasks=7847 elapsed_s=20 throughput_tasks_per_s=392.349
MPICH Notice [Rank 0] [job id 5137468.131] [Sun Aug  2 02:03:26 2026] [frontier05920] - Abort(0) (rank 0 in comm 0): application called MPI_Abort(MPI_COMM_WORLD, 0) - process 0

aborting job:
application called MPI_Abort(MPI_COMM_WORLD, 0) - process 0
srun: error: frontier05920: task 0: Exited with exit code 255
srun: Terminating StepId=5137468.131
[2026-08-02T02:03:27.882] error: *** STEP 5137468.131 ON frontier05920 CANCELLED AT 2026-08-02T02:03:27 DUE TO TASK FAILURE ***
srun: error: frontier05973: tasks 337-391: Terminated
srun: error: frontier05988: tasks 393-447: Terminated
srun: error: frontier05970: tasks 169-223: Terminated
srun: error: frontier05920: tasks 2-55: Terminated
srun: error: frontier05971: tasks 225-279: Terminated
srun: error: frontier05972: tasks 281-335: Terminated
srun: error: frontier05943: tasks 57-111: Terminated
srun: error: frontier05964: tasks 113-167: Terminated
srun: error: frontier05970: task 168: Terminated
srun: error: frontier05920: task 1: Terminated
srun: error: frontier05971: task 224: Terminated
srun: error: frontier05972: task 280: Terminated
srun: error: frontier05973: task 336: Terminated
srun: error: frontier05988: task 392: Terminated
srun: error: frontier05964: task 112: Terminated
srun: error: frontier05943: task 56: Terminated
srun: Force Terminated StepId=5137468.131
Running frontier nodes=8 ranks_per_node=56 dist=hierarchical_async_put_lockfree mode=fixed expected_us=10 max_upper_fanout=0
RESULT distributor=hierarchical_async_put_lockfree mode=fixed expected_us=10 nodes=8 world_size=448 max_upper_fanout=0 total_tasks=29453305 elapsed_s=20.0005 throughput_tasks_per_s=1.47263e+06
MPICH Notice [Rank 0] [job id 5137468.132] [Sun Aug  2 02:04:05 2026] [frontier05920] - Abort(0) (rank 0 in comm 0): application called MPI_Abort(MPI_COMM_WORLD, 0) - process 0

aborting job:
application called MPI_Abort(MPI_COMM_WORLD, 0) - process 0
srun: error: frontier05920: task 0: Exited with exit code 255
srun: Terminating StepId=5137468.132
[2026-08-02T02:04:06.868] error: *** STEP 5137468.132 ON frontier05920 CANCELLED AT 2026-08-02T02:04:06 DUE TO TASK FAILURE ***
srun: error: frontier05943: tasks 57-111: Terminated
srun: error: frontier05964: tasks 113-167: Terminated
srun: error: frontier05920: tasks 2-55: Terminated
srun: error: frontier05988: tasks 393-447: Terminated
srun: error: frontier05972: tasks 281-335: Terminated
srun: error: frontier05973: tasks 337-391: Terminated
srun: error: frontier05971: tasks 225-279: Terminated
srun: error: frontier05970: tasks 169-223: Terminated
srun: error: frontier05943: task 56: Terminated
srun: error: frontier05964: task 112: Terminated
srun: error: frontier05920: task 1: Terminated
srun: error: frontier05988: task 392: Terminated
srun: error: frontier05972: task 280: Terminated
srun: error: frontier05973: task 336: Terminated
srun: error: frontier05970: task 168: Terminated
srun: error: frontier05971: task 224: Terminated
srun: Force Terminated StepId=5137468.132
Running frontier nodes=8 ranks_per_node=56 dist=hierarchical_async_put_lockfree mode=fixed expected_us=100 max_upper_fanout=0
srun: Step created for StepId=5137468.133
RESULT distributor=hierarchical_async_put_lockfree mode=fixed expected_us=100 nodes=8 world_size=448 max_upper_fanout=0 total_tasks=30799167 elapsed_s=20.0005 throughput_tasks_per_s=1.53992e+06
MPICH Notice [Rank 0] [job id 5137468.133] [Sun Aug  2 02:04:42 2026] [frontier05920] - Abort(0) (rank 0 in comm 0): application called MPI_Abort(MPI_COMM_WORLD, 0) - process 0

aborting job:
application called MPI_Abort(MPI_COMM_WORLD, 0) - process 0
srun: error: frontier05920: task 0: Exited with exit code 255
srun: Terminating StepId=5137468.133
[2026-08-02T02:04:43.919] error: *** STEP 5137468.133 ON frontier05920 CANCELLED AT 2026-08-02T02:04:43 DUE TO TASK FAILURE ***
srun: error: frontier05973: tasks 337-391: Terminated
srun: error: frontier05971: tasks 225-279: Terminated
srun: error: frontier05943: tasks 57-111: Terminated
srun: error: frontier05964: tasks 113-167: Terminated
srun: error: frontier05970: tasks 169-223: Terminated
srun: error: frontier05972: tasks 281-335: Terminated
srun: error: frontier05988: tasks 393-447: Terminated
srun: error: frontier05920: tasks 2-55: Terminated
srun: error: frontier05920: task 1: Terminated
srun: error: frontier05973: task 336: Terminated
srun: error: frontier05964: task 112: Terminated
srun: error: frontier05943: task 56: Terminated
srun: error: frontier05971: task 224: Terminated
srun: error: frontier05972: task 280: Terminated
srun: error: frontier05988: task 392: Terminated
srun: error: frontier05970: task 168: Terminated
srun: Force Terminated StepId=5137468.133
Running frontier nodes=8 ranks_per_node=56 dist=hierarchical_async_put_lockfree mode=fixed expected_us=1000 max_upper_fanout=0
srun: Step created for StepId=5137468.134
RESULT distributor=hierarchical_async_put_lockfree mode=fixed expected_us=1000 nodes=8 world_size=448 max_upper_fanout=0 total_tasks=8084974 elapsed_s=20.0001 throughput_tasks_per_s=404247
MPICH Notice [Rank 0] [job id 5137468.134] [Sun Aug  2 02:05:19 2026] [frontier05920] - Abort(0) (rank 0 in comm 0): application called MPI_Abort(MPI_COMM_WORLD, 0) - process 0

aborting job:
application called MPI_Abort(MPI_COMM_WORLD, 0) - process 0
srun: error: frontier05920: task 0: Exited with exit code 255
srun: Terminating StepId=5137468.134
[2026-08-02T02:05:20.944] error: *** STEP 5137468.134 ON frontier05920 CANCELLED AT 2026-08-02T02:05:20 DUE TO TASK FAILURE ***
srun: error: frontier05988: tasks 393-447: Terminated
srun: error: frontier05970: tasks 169-223: Terminated
srun: error: frontier05973: tasks 337-391: Terminated
srun: error: frontier05920: tasks 2-55: Terminated
srun: error: frontier05972: tasks 281-335: Terminated
srun: error: frontier05971: tasks 225-279: Terminated
srun: error: frontier05943: tasks 57-111: Terminated
srun: error: frontier05964: tasks 113-167: Terminated
srun: error: frontier05988: task 392: Terminated
srun: error: frontier05920: task 1: Terminated
srun: error: frontier05970: task 168: Terminated
srun: error: frontier05973: task 336: Terminated
srun: error: frontier05972: task 280: Terminated
srun: error: frontier05943: task 56: Terminated
srun: error: frontier05964: task 112: Terminated
srun: error: frontier05971: task 224: Terminated
srun: Force Terminated StepId=5137468.134
Running frontier nodes=8 ranks_per_node=56 dist=hierarchical_async_put_lockfree mode=fixed expected_us=10000 max_upper_fanout=0
RESULT distributor=hierarchical_async_put_lockfree mode=fixed expected_us=10000 nodes=8 world_size=448 max_upper_fanout=0 total_tasks=868179 elapsed_s=20.0006 throughput_tasks_per_s=43407.6
MPICH Notice [Rank 0] [job id 5137468.135] [Sun Aug  2 02:05:57 2026] [frontier05920] - Abort(0) (rank 0 in comm 0): application called MPI_Abort(MPI_COMM_WORLD, 0) - process 0

aborting job:
application called MPI_Abort(MPI_COMM_WORLD, 0) - process 0
srun: error: frontier05920: task 0: Exited with exit code 255
srun: Terminating StepId=5137468.135
[2026-08-02T02:05:58.133] error: *** STEP 5137468.135 ON frontier05920 CANCELLED AT 2026-08-02T02:05:58 DUE TO TASK FAILURE ***
srun: error: frontier05964: tasks 113-167: Terminated
srun: error: frontier05943: tasks 57-111: Terminated
srun: error: frontier05971: tasks 225-279: Terminated
srun: error: frontier05973: tasks 337-391: Terminated
srun: error: frontier05970: tasks 169-223: Terminated
srun: error: frontier05972: tasks 281-335: Terminated
srun: error: frontier05988: tasks 393-447: Terminated
srun: error: frontier05920: tasks 2-55: Terminated
srun: error: frontier05964: task 112: Terminated
srun: error: frontier05973: task 336: Terminated
srun: error: frontier05972: task 280: Terminated
srun: error: frontier05988: task 392: Terminated
srun: error: frontier05943: task 56: Terminated
srun: error: frontier05970: task 168: Terminated
srun: error: frontier05971: task 224: Terminated
srun: error: frontier05920: task 1: Terminated
srun: Force Terminated StepId=5137468.135
Running frontier nodes=8 ranks_per_node=56 dist=hierarchical_async_put_lockfree mode=fixed expected_us=100000 max_upper_fanout=0
RESULT distributor=hierarchical_async_put_lockfree mode=fixed expected_us=100000 nodes=8 world_size=448 max_upper_fanout=0 total_tasks=87361 elapsed_s=20.0001 throughput_tasks_per_s=4368.02
MPICH Notice [Rank 0] [job id 5137468.136] [Sun Aug  2 02:06:34 2026] [frontier05920] - Abort(0) (rank 0 in comm 0): application called MPI_Abort(MPI_COMM_WORLD, 0) - process 0

aborting job:
application called MPI_Abort(MPI_COMM_WORLD, 0) - process 0
srun: error: frontier05920: task 0: Exited with exit code 255
srun: Terminating StepId=5137468.136
[2026-08-02T02:06:35.637] error: *** STEP 5137468.136 ON frontier05920 CANCELLED AT 2026-08-02T02:06:35 DUE TO TASK FAILURE ***
srun: error: frontier05943: tasks 57-111: Terminated
srun: error: frontier05973: tasks 337-391: Terminated
srun: error: frontier05988: tasks 393-447: Terminated
srun: error: frontier05971: tasks 225-279: Terminated
srun: error: frontier05970: tasks 169-223: Terminated
srun: error: frontier05964: tasks 113-167: Terminated
srun: error: frontier05972: tasks 281-335: Terminated
srun: error: frontier05920: tasks 2-55: Terminated
srun: error: frontier05988: task 392: Terminated
srun: error: frontier05971: task 224: Terminated
srun: error: frontier05973: task 336: Terminated
srun: error: frontier05943: task 56: Terminated
srun: error: frontier05970: task 168: Terminated
srun: error: frontier05964: task 112: Terminated
srun: error: frontier05920: task 1: Terminated
srun: error: frontier05972: task 280: Terminated
srun: Force Terminated StepId=5137468.136
Running frontier nodes=8 ranks_per_node=56 dist=hierarchical_async_put_lockfree mode=fixed expected_us=1000000 max_upper_fanout=0
RESULT distributor=hierarchical_async_put_lockfree mode=fixed expected_us=1000000 nodes=8 world_size=448 max_upper_fanout=0 total_tasks=8341 elapsed_s=20 throughput_tasks_per_s=417.049
MPICH Notice [Rank 0] [job id 5137468.137] [Sun Aug  2 02:07:11 2026] [frontier05920] - Abort(0) (rank 0 in comm 0): application called MPI_Abort(MPI_COMM_WORLD, 0) - process 0

aborting job:
application called MPI_Abort(MPI_COMM_WORLD, 0) - process 0
srun: error: frontier05920: task 0: Exited with exit code 255
srun: Terminating StepId=5137468.137
[2026-08-02T02:07:12.936] error: *** STEP 5137468.137 ON frontier05920 CANCELLED AT 2026-08-02T02:07:12 DUE TO TASK FAILURE ***
srun: error: frontier05988: tasks 393-447: Terminated
srun: error: frontier05972: tasks 281-335: Terminated
srun: error: frontier05971: tasks 225-279: Terminated
srun: error: frontier05964: tasks 113-167: Terminated
srun: error: frontier05973: tasks 337-391: Terminated
srun: error: frontier05970: tasks 169-223: Terminated
srun: error: frontier05943: tasks 57-111: Terminated
srun: error: frontier05920: tasks 2-55: Terminated
srun: error: frontier05988: task 392: Terminated
srun: error: frontier05972: task 280: Terminated
srun: error: frontier05973: task 336: Terminated
srun: error: frontier05920: task 1: Terminated
srun: error: frontier05971: task 224: Terminated
srun: error: frontier05964: task 112: Terminated
srun: error: frontier05943: task 56: Terminated
srun: error: frontier05970: task 168: Terminated
srun: Force Terminated StepId=5137468.137
Running frontier nodes=8 ranks_per_node=56 dist=hierarchical_async_put_lockfree mode=random expected_us=10 max_upper_fanout=0
RESULT distributor=hierarchical_async_put_lockfree mode=random expected_us=10 nodes=8 world_size=448 max_upper_fanout=0 total_tasks=29444988 elapsed_s=20.0005 throughput_tasks_per_s=1.47221e+06
MPICH Notice [Rank 0] [job id 5137468.138] [Sun Aug  2 02:07:49 2026] [frontier05920] - Abort(0) (rank 0 in comm 0): application called MPI_Abort(MPI_COMM_WORLD, 0) - process 0

aborting job:
application called MPI_Abort(MPI_COMM_WORLD, 0) - process 0
srun: error: frontier05920: task 0: Exited with exit code 255
srun: Terminating StepId=5137468.138
[2026-08-02T02:07:50.068] error: *** STEP 5137468.138 ON frontier05920 CANCELLED AT 2026-08-02T02:07:50 DUE TO TASK FAILURE ***
srun: error: frontier05920: tasks 2-55: Terminated
srun: error: frontier05943: tasks 57-111: Terminated
srun: error: frontier05970: tasks 169-223: Terminated
srun: error: frontier05972: tasks 281-335: Terminated
srun: error: frontier05988: tasks 393-447: Terminated
srun: error: frontier05971: tasks 225-279: Terminated
srun: error: frontier05973: tasks 337-391: Terminated
srun: error: frontier05964: tasks 113-167: Terminated
srun: error: frontier05920: task 1: Terminated
srun: error: frontier05972: task 280: Terminated
srun: error: frontier05943: task 56: Terminated
srun: error: frontier05970: task 168: Terminated
srun: error: frontier05988: task 392: Terminated
srun: error: frontier05964: task 112: Terminated
srun: error: frontier05973: task 336: Terminated
srun: error: frontier05971: task 224: Terminated
srun: Force Terminated StepId=5137468.138
Running frontier nodes=8 ranks_per_node=56 dist=hierarchical_async_put_lockfree mode=random expected_us=100 max_upper_fanout=0
srun: Step created for StepId=5137468.139
RESULT distributor=hierarchical_async_put_lockfree mode=random expected_us=100 nodes=8 world_size=448 max_upper_fanout=0 total_tasks=30326300 elapsed_s=20.0005 throughput_tasks_per_s=1.51628e+06
MPICH Notice [Rank 0] [job id 5137468.139] [Sun Aug  2 02:08:25 2026] [frontier05920] - Abort(0) (rank 0 in comm 0): application called MPI_Abort(MPI_COMM_WORLD, 0) - process 0

aborting job:
application called MPI_Abort(MPI_COMM_WORLD, 0) - process 0
srun: error: frontier05920: task 0: Exited with exit code 255
srun: Terminating StepId=5137468.139
[2026-08-02T02:08:26.699] error: *** STEP 5137468.139 ON frontier05920 CANCELLED AT 2026-08-02T02:08:26 DUE TO TASK FAILURE ***
srun: error: frontier05971: tasks 225-279: Terminated
srun: error: frontier05964: tasks 113-167: Terminated
srun: error: frontier05988: tasks 393-447: Terminated
srun: error: frontier05943: tasks 57-111: Terminated
srun: error: frontier05973: tasks 337-391: Terminated
srun: error: frontier05970: tasks 169-223: Terminated
srun: error: frontier05972: tasks 281-335: Terminated
srun: error: frontier05920: tasks 2-55: Terminated
srun: error: frontier05971: task 224: Terminated
srun: error: frontier05964: task 112: Terminated
srun: error: frontier05920: task 1: Terminated
srun: error: frontier05988: task 392: Terminated
srun: error: frontier05972: task 280: Terminated
srun: error: frontier05970: task 168: Terminated
srun: error: frontier05943: task 56: Terminated
srun: error: frontier05973: task 336: Terminated
srun: Force Terminated StepId=5137468.139
Running frontier nodes=8 ranks_per_node=56 dist=hierarchical_async_put_lockfree mode=random expected_us=1000 max_upper_fanout=0
RESULT distributor=hierarchical_async_put_lockfree mode=random expected_us=1000 nodes=8 world_size=448 max_upper_fanout=0 total_tasks=8294356 elapsed_s=20.0004 throughput_tasks_per_s=414710
MPICH Notice [Rank 0] [job id 5137468.140] [Sun Aug  2 02:09:02 2026] [frontier05920] - Abort(0) (rank 0 in comm 0): application called MPI_Abort(MPI_COMM_WORLD, 0) - process 0

aborting job:
application called MPI_Abort(MPI_COMM_WORLD, 0) - process 0
srun: error: frontier05920: task 0: Exited with exit code 255
srun: Terminating StepId=5137468.140
[2026-08-02T02:09:03.861] error: *** STEP 5137468.140 ON frontier05920 CANCELLED AT 2026-08-02T02:09:03 DUE TO TASK FAILURE ***
srun: error: frontier05971: tasks 225-279: Terminated
srun: error: frontier05988: tasks 393-447: Terminated
srun: error: frontier05943: tasks 57-111: Terminated
srun: error: frontier05973: tasks 337-391: Terminated
srun: error: frontier05972: tasks 281-335: Terminated
srun: error: frontier05920: tasks 2-55: Terminated
srun: error: frontier05964: tasks 113-167: Terminated
srun: error: frontier05970: tasks 169-223: Terminated
srun: error: frontier05971: task 224: Terminated
srun: error: frontier05988: task 392: Terminated
srun: error: frontier05972: task 280: Terminated
srun: error: frontier05973: task 336: Terminated
srun: error: frontier05943: task 56: Terminated
srun: error: frontier05920: task 1: Terminated
srun: error: frontier05970: task 168: Terminated
srun: error: frontier05964: task 112: Terminated
srun: Force Terminated StepId=5137468.140
Running frontier nodes=8 ranks_per_node=56 dist=hierarchical_async_put_lockfree mode=random expected_us=10000 max_upper_fanout=0
RESULT distributor=hierarchical_async_put_lockfree mode=random expected_us=10000 nodes=8 world_size=448 max_upper_fanout=0 total_tasks=868928 elapsed_s=20.0006 throughput_tasks_per_s=43445
MPICH Notice [Rank 0] [job id 5137468.141] [Sun Aug  2 02:09:41 2026] [frontier05920] - Abort(0) (rank 0 in comm 0): application called MPI_Abort(MPI_COMM_WORLD, 0) - process 0

aborting job:
application called MPI_Abort(MPI_COMM_WORLD, 0) - process 0
srun: error: frontier05920: task 0: Exited with exit code 255
srun: Terminating StepId=5137468.141
[2026-08-02T02:09:42.950] error: *** STEP 5137468.141 ON frontier05920 CANCELLED AT 2026-08-02T02:09:42 DUE TO TASK FAILURE ***
srun: error: frontier05964: tasks 113-167: Terminated
srun: error: frontier05971: tasks 225-279: Terminated
srun: error: frontier05943: tasks 57-111: Terminated
srun: error: frontier05970: tasks 169-223: Terminated
srun: error: frontier05973: tasks 337-391: Terminated
srun: error: frontier05988: tasks 393-447: Terminated
srun: error: frontier05920: tasks 2-55: Terminated
srun: error: frontier05972: tasks 281-335: Terminated
srun: error: frontier05943: task 56: Terminated
srun: error: frontier05920: task 1: Terminated
srun: error: frontier05964: task 112: Terminated
srun: error: frontier05971: task 224: Terminated
srun: error: frontier05972: task 280: Terminated
srun: error: frontier05970: task 168: Terminated
srun: error: frontier05988: task 392: Terminated
srun: error: frontier05973: task 336: Terminated
srun: Force Terminated StepId=5137468.141
Running frontier nodes=8 ranks_per_node=56 dist=hierarchical_async_put_lockfree mode=random expected_us=100000 max_upper_fanout=0
srun: Step created for StepId=5137468.142
RESULT distributor=hierarchical_async_put_lockfree mode=random expected_us=100000 nodes=8 world_size=448 max_upper_fanout=0 total_tasks=87060 elapsed_s=20.0002 throughput_tasks_per_s=4352.97
MPICH Notice [Rank 0] [job id 5137468.142] [Sun Aug  2 02:10:18 2026] [frontier05920] - Abort(0) (rank 0 in comm 0): application called MPI_Abort(MPI_COMM_WORLD, 0) - process 0

aborting job:
application called MPI_Abort(MPI_COMM_WORLD, 0) - process 0
srun: error: frontier05920: task 0: Exited with exit code 255
srun: Terminating StepId=5137468.142
[2026-08-02T02:10:19.951] error: *** STEP 5137468.142 ON frontier05920 CANCELLED AT 2026-08-02T02:10:19 DUE TO TASK FAILURE ***
srun: error: frontier05970: tasks 169-223: Terminated
srun: error: frontier05920: tasks 2-55: Terminated
srun: error: frontier05971: tasks 225-279: Terminated
srun: error: frontier05964: tasks 113-167: Terminated
srun: error: frontier05973: tasks 337-391: Terminated
srun: error: frontier05943: tasks 57-111: Terminated
srun: error: frontier05972: tasks 281-335: Terminated
srun: error: frontier05988: tasks 393-447: Terminated
srun: error: frontier05964: task 112: Terminated
srun: error: frontier05920: task 1: Terminated
srun: error: frontier05971: task 224: Terminated
srun: error: frontier05970: task 168: Terminated
srun: error: frontier05972: task 280: Terminated
srun: error: frontier05943: task 56: Terminated
srun: error: frontier05973: task 336: Terminated
srun: error: frontier05988: task 392: Terminated
srun: Force Terminated StepId=5137468.142
Running frontier nodes=8 ranks_per_node=56 dist=hierarchical_async_put_lockfree mode=random expected_us=1000000 max_upper_fanout=0
RESULT distributor=hierarchical_async_put_lockfree mode=random expected_us=1000000 nodes=8 world_size=448 max_upper_fanout=0 total_tasks=8007 elapsed_s=20.0001 throughput_tasks_per_s=400.348
MPICH Notice [Rank 0] [job id 5137468.143] [Sun Aug  2 02:10:56 2026] [frontier05920] - Abort(0) (rank 0 in comm 0): application called MPI_Abort(MPI_COMM_WORLD, 0) - process 0

aborting job:
application called MPI_Abort(MPI_COMM_WORLD, 0) - process 0
srun: error: frontier05920: task 0: Exited with exit code 255
srun: Terminating StepId=5137468.143
[2026-08-02T02:10:57.103] error: *** STEP 5137468.143 ON frontier05920 CANCELLED AT 2026-08-02T02:10:57 DUE TO TASK FAILURE ***
srun: error: frontier05920: tasks 2-55: Terminated
srun: error: frontier05964: tasks 113-167: Terminated
srun: error: frontier05971: tasks 225-279: Terminated
srun: error: frontier05988: tasks 393-447: Terminated
srun: error: frontier05943: tasks 57-111: Terminated
srun: error: frontier05970: tasks 169-223: Terminated
srun: error: frontier05972: tasks 281-335: Terminated
srun: error: frontier05973: tasks 337-391: Terminated
srun: error: frontier05920: task 1: Terminated
srun: error: frontier05988: task 392: Terminated
srun: error: frontier05971: task 224: Terminated
srun: error: frontier05972: task 280: Terminated
srun: error: frontier05943: task 56: Terminated
srun: error: frontier05970: task 168: Terminated
srun: error: frontier05964: task 112: Terminated
srun: error: frontier05973: task 336: Terminated
srun: Force Terminated StepId=5137468.143
