# Condensed from 235623 lines to 7577: repeated per-rank
# MPI_Abort teardown messages collapsed to counts. Every distinct message
# is retained with its first two occurrences. The unmodified log is in the
# raw-output backup bundle held with the paper materials.
Running frontier nodes=512 ranks_per_node=9 dist=naive mode=fixed expected_us=10 max_upper_fanout=-1
RESULT distributor=naive mode=fixed expected_us=10 nodes=512 world_size=4608 max_upper_fanout=-1 total_tasks=12731464 elapsed_s=20.042 throughput_tasks_per_s=635239
MPICH Notice [Rank 0] [job id 5137550.0] [Sun Aug  2 02:36:34 2026] [frontier00096] - Abort(0) (rank 0 in comm 0): application called MPI_Abort(MPI_COMM_WORLD, 0) - process 0
aborting job:
application called MPI_Abort(MPI_COMM_WORLD, 0) - process 0
srun: error: frontier00096: task 0: Exited with exit code 255
srun: Terminating StepId=5137550.0
[2026-08-02T02:36:38.525] error: *** STEP 5137550.0 ON frontier00096 CANCELLED AT 2026-08-02T02:36:38 DUE TO TASK FAILURE ***
srun: error: frontier08801: tasks 4023-4031: Terminated
srun: error: frontier09026: tasks 4212-4220: Terminated
srun: Force Terminated StepId=5137550.0
[... 510 further lines matching: srun: error: frontier#: tasks #-#: Terminated ...]
Running frontier nodes=512 ranks_per_node=9 dist=naive mode=fixed expected_us=100 max_upper_fanout=-1
RESULT distributor=naive mode=fixed expected_us=100 nodes=512 world_size=4608 max_upper_fanout=-1 total_tasks=5986287 elapsed_s=20.0646 throughput_tasks_per_s=298351
MPICH Notice [Rank 0] [job id 5137550.1] [Sun Aug  2 02:37:05 2026] [frontier00096] - Abort(0) (rank 0 in comm 0): application called MPI_Abort(MPI_COMM_WORLD, 0) - process 0
aborting job:
application called MPI_Abort(MPI_COMM_WORLD, 0) - process 0
srun: error: frontier00096: task 0: Exited with exit code 255
srun: Terminating StepId=5137550.1
[2026-08-02T02:37:09.466] error: *** STEP 5137550.1 ON frontier00096 CANCELLED AT 2026-08-02T02:37:09 DUE TO TASK FAILURE ***
srun: error: frontier08801: tasks 4023-4031: Terminated
srun: error: frontier04199: tasks 1620-1628: Terminated
srun: Force Terminated StepId=5137550.1
[... 510 further lines matching: srun: error: frontier#: tasks #-#: Terminated ...]
Running frontier nodes=512 ranks_per_node=9 dist=naive mode=fixed expected_us=1000 max_upper_fanout=-1
RESULT distributor=naive mode=fixed expected_us=1000 nodes=512 world_size=4608 max_upper_fanout=-1 total_tasks=4878978 elapsed_s=20.0925 throughput_tasks_per_s=242826
MPICH Notice [Rank 0] [job id 5137550.2] [Sun Aug  2 02:37:37 2026] [frontier00096] - Abort(0) (rank 0 in comm 0): application called MPI_Abort(MPI_COMM_WORLD, 0) - process 0
aborting job:
application called MPI_Abort(MPI_COMM_WORLD, 0) - process 0
srun: error: frontier00096: task 0: Exited with exit code 255
srun: Terminating StepId=5137550.2
[2026-08-02T02:37:41.704] error: *** STEP 5137550.2 ON frontier00096 CANCELLED AT 2026-08-02T02:37:41 DUE TO TASK FAILURE ***
srun: error: frontier08801: tasks 4023-4031: Terminated
srun: error: frontier04199: tasks 1620-1628: Terminated
srun: Force Terminated StepId=5137550.2
[... 510 further lines matching: srun: error: frontier#: tasks #-#: Terminated ...]
Running frontier nodes=512 ranks_per_node=9 dist=naive mode=fixed expected_us=10000 max_upper_fanout=-1
srun: Step created for StepId=5137550.3
RESULT distributor=naive mode=fixed expected_us=10000 nodes=512 world_size=4608 max_upper_fanout=-1 total_tasks=4795939 elapsed_s=20.0779 throughput_tasks_per_s=238866
MPICH Notice [Rank 0] [job id 5137550.3] [Sun Aug  2 02:38:08 2026] [frontier00096] - Abort(0) (rank 0 in comm 0): application called MPI_Abort(MPI_COMM_WORLD, 0) - process 0
aborting job:
application called MPI_Abort(MPI_COMM_WORLD, 0) - process 0
srun: error: frontier00096: task 0: Exited with exit code 255
srun: Terminating StepId=5137550.3
[2026-08-02T02:38:12.084] error: *** STEP 5137550.3 ON frontier00096 CANCELLED AT 2026-08-02T02:38:12 DUE TO TASK FAILURE ***
srun: error: frontier08801: tasks 4023-4031: Terminated
srun: error: frontier09026: tasks 4212-4220: Terminated
srun: Force Terminated StepId=5137550.3
[... 510 further lines matching: srun: error: frontier#: tasks #-#: Terminated ...]
Running frontier nodes=512 ranks_per_node=9 dist=naive mode=fixed expected_us=100000 max_upper_fanout=-1
srun: Step created for StepId=5137550.4
RESULT distributor=naive mode=fixed expected_us=100000 nodes=512 world_size=4608 max_upper_fanout=-1 total_tasks=935221 elapsed_s=20.3239 throughput_tasks_per_s=46015.9
MPICH Notice [Rank 0] [job id 5137550.4] [Sun Aug  2 02:38:39 2026] [frontier00096] - Abort(0) (rank 0 in comm 0): application called MPI_Abort(MPI_COMM_WORLD, 0) - process 0
aborting job:
application called MPI_Abort(MPI_COMM_WORLD, 0) - process 0
srun: error: frontier00096: task 0: Exited with exit code 255
srun: Terminating StepId=5137550.4
[2026-08-02T02:38:43.213] error: *** STEP 5137550.4 ON frontier00096 CANCELLED AT 2026-08-02T02:38:43 DUE TO TASK FAILURE ***
srun: error: frontier08801: tasks 4023-4031: Terminated
srun: error: frontier04199: tasks 1620-1628: Terminated
srun: Force Terminated StepId=5137550.4
[... 510 further lines matching: srun: error: frontier#: tasks #-#: Terminated ...]
Running frontier nodes=512 ranks_per_node=9 dist=naive mode=fixed expected_us=1000000 max_upper_fanout=-1
RESULT distributor=naive mode=fixed expected_us=1000000 nodes=512 world_size=4608 max_upper_fanout=-1 total_tasks=105961 elapsed_s=23.025 throughput_tasks_per_s=4601.99
MPICH Notice [Rank 0] [job id 5137550.5] [Sun Aug  2 02:39:14 2026] [frontier00096] - Abort(0) (rank 0 in comm 0): application called MPI_Abort(MPI_COMM_WORLD, 0) - process 0
aborting job:
application called MPI_Abort(MPI_COMM_WORLD, 0) - process 0
srun: error: frontier00096: task 0: Exited with exit code 255
srun: Terminating StepId=5137550.5
[2026-08-02T02:39:17.915] error: *** STEP 5137550.5 ON frontier00096 CANCELLED AT 2026-08-02T02:39:17 DUE TO TASK FAILURE ***
srun: error: frontier04199: tasks 1620-1628: Terminated
srun: error: frontier08801: tasks 4023-4031: Terminated
srun: Force Terminated StepId=5137550.5
[... 510 further lines matching: srun: error: frontier#: tasks #-#: Terminated ...]
Running frontier nodes=512 ranks_per_node=9 dist=naive mode=uniform expected_us=10 max_upper_fanout=-1
srun: Step created for StepId=5137550.6
RESULT distributor=naive mode=uniform expected_us=10 nodes=512 world_size=4608 max_upper_fanout=-1 total_tasks=13303047 elapsed_s=20.0371 throughput_tasks_per_s=663922
MPICH Notice [Rank 0] [job id 5137550.6] [Sun Aug  2 02:39:48 2026] [frontier00096] - Abort(0) (rank 0 in comm 0): application called MPI_Abort(MPI_COMM_WORLD, 0) - process 0
aborting job:
application called MPI_Abort(MPI_COMM_WORLD, 0) - process 0
srun: error: frontier00096: task 0: Exited with exit code 255
srun: Terminating StepId=5137550.6
[2026-08-02T02:39:51.993] error: *** STEP 5137550.6 ON frontier00096 CANCELLED AT 2026-08-02T02:39:51 DUE TO TASK FAILURE ***
srun: error: frontier08801: tasks 4023-4031: Terminated
srun: error: frontier04199: tasks 1620-1628: Terminated
srun: Force Terminated StepId=5137550.6
[... 510 further lines matching: srun: error: frontier#: tasks #-#: Terminated ...]
Running frontier nodes=512 ranks_per_node=9 dist=naive mode=uniform expected_us=100 max_upper_fanout=-1
srun: Step created for StepId=5137550.7
RESULT distributor=naive mode=uniform expected_us=100 nodes=512 world_size=4608 max_upper_fanout=-1 total_tasks=5986695 elapsed_s=20.0639 throughput_tasks_per_s=298381
MPICH Notice [Rank 0] [job id 5137550.7] [Sun Aug  2 02:40:18 2026] [frontier00096] - Abort(0) (rank 0 in comm 0): application called MPI_Abort(MPI_COMM_WORLD, 0) - process 0
aborting job:
application called MPI_Abort(MPI_COMM_WORLD, 0) - process 0
srun: error: frontier00096: task 0: Exited with exit code 255
srun: Terminating StepId=5137550.7
[2026-08-02T02:40:22.455] error: *** STEP 5137550.7 ON frontier00096 CANCELLED AT 2026-08-02T02:40:22 DUE TO TASK FAILURE ***
srun: error: frontier08801: tasks 4023-4031: Terminated
srun: error: frontier09026: tasks 4212-4220: Terminated
srun: Force Terminated StepId=5137550.7
[... 510 further lines matching: srun: error: frontier#: tasks #-#: Terminated ...]
Running frontier nodes=512 ranks_per_node=9 dist=naive mode=uniform expected_us=1000 max_upper_fanout=-1
srun: Step created for StepId=5137550.8
RESULT distributor=naive mode=uniform expected_us=1000 nodes=512 world_size=4608 max_upper_fanout=-1 total_tasks=4849436 elapsed_s=20.0569 throughput_tasks_per_s=241784
MPICH Notice [Rank 0] [job id 5137550.8] [Sun Aug  2 02:40:49 2026] [frontier00096] - Abort(0) (rank 0 in comm 0): application called MPI_Abort(MPI_COMM_WORLD, 0) - process 0
aborting job:
application called MPI_Abort(MPI_COMM_WORLD, 0) - process 0
srun: error: frontier00096: task 0: Exited with exit code 255
srun: Terminating StepId=5137550.8
[2026-08-02T02:40:53.459] error: *** STEP 5137550.8 ON frontier00096 CANCELLED AT 2026-08-02T02:40:53 DUE TO TASK FAILURE ***
srun: error: frontier08801: tasks 4023-4031: Terminated
srun: error: frontier06780: tasks 2520-2528: Terminated
srun: Force Terminated StepId=5137550.8
[... 510 further lines matching: srun: error: frontier#: tasks #-#: Terminated ...]
Running frontier nodes=512 ranks_per_node=9 dist=naive mode=uniform expected_us=10000 max_upper_fanout=-1
srun: Step created for StepId=5137550.9
RESULT distributor=naive mode=uniform expected_us=10000 nodes=512 world_size=4608 max_upper_fanout=-1 total_tasks=4810252 elapsed_s=20.0621 throughput_tasks_per_s=239768
MPICH Notice [Rank 0] [job id 5137550.9] [Sun Aug  2 02:41:19 2026] [frontier00096] - Abort(0) (rank 0 in comm 0): application called MPI_Abort(MPI_COMM_WORLD, 0) - process 0
aborting job:
application called MPI_Abort(MPI_COMM_WORLD, 0) - process 0
srun: error: frontier00096: task 0: Exited with exit code 255
srun: Terminating StepId=5137550.9
[2026-08-02T02:41:23.822] error: *** STEP 5137550.9 ON frontier00096 CANCELLED AT 2026-08-02T02:41:23 DUE TO TASK FAILURE ***
srun: error: frontier04199: tasks 1620-1628: Terminated
srun: error: frontier06780: tasks 2520-2528: Terminated
srun: Force Terminated StepId=5137550.9
[... 510 further lines matching: srun: error: frontier#: tasks #-#: Terminated ...]
Running frontier nodes=512 ranks_per_node=9 dist=naive mode=uniform expected_us=100000 max_upper_fanout=-1
srun: Step created for StepId=5137550.10
RESULT distributor=naive mode=uniform expected_us=100000 nodes=512 world_size=4608 max_upper_fanout=-1 total_tasks=938691 elapsed_s=20.5074 throughput_tasks_per_s=45773.4
MPICH Notice [Rank 0] [job id 5137550.10] [Sun Aug  2 02:41:52 2026] [frontier00096] - Abort(0) (rank 0 in comm 0): application called MPI_Abort(MPI_COMM_WORLD, 0) - process 0
aborting job:
application called MPI_Abort(MPI_COMM_WORLD, 0) - process 0
srun: error: frontier00096: task 0: Exited with exit code 255
srun: Terminating StepId=5137550.10
[2026-08-02T02:41:56.491] error: *** STEP 5137550.10 ON frontier00096 CANCELLED AT 2026-08-02T02:41:56 DUE TO TASK FAILURE ***
srun: error: frontier04199: tasks 1620-1628: Terminated
srun: error: frontier08801: tasks 4023-4031: Terminated
srun: Force Terminated StepId=5137550.10
[... 510 further lines matching: srun: error: frontier#: tasks #-#: Terminated ...]
Running frontier nodes=512 ranks_per_node=9 dist=naive mode=uniform expected_us=1000000 max_upper_fanout=-1
RESULT distributor=naive mode=uniform expected_us=1000000 nodes=512 world_size=4608 max_upper_fanout=-1 total_tasks=113390 elapsed_s=25.9362 throughput_tasks_per_s=4371.87
MPICH Notice [Rank 0] [job id 5137550.11] [Sun Aug  2 02:42:30 2026] [frontier00096] - Abort(0) (rank 0 in comm 0): application called MPI_Abort(MPI_COMM_WORLD, 0) - process 0
aborting job:
application called MPI_Abort(MPI_COMM_WORLD, 0) - process 0
srun: error: frontier00096: task 0: Exited with exit code 255
srun: Terminating StepId=5137550.11
[2026-08-02T02:42:34.095] error: *** STEP 5137550.11 ON frontier00096 CANCELLED AT 2026-08-02T02:42:34 DUE TO TASK FAILURE ***
srun: error: frontier08801: tasks 4023-4031: Terminated
srun: error: frontier09026: tasks 4212-4220: Terminated
srun: Force Terminated StepId=5137550.11
[... 510 further lines matching: srun: error: frontier#: tasks #-#: Terminated ...]
Running frontier nodes=512 ranks_per_node=9 dist=hierarchical mode=fixed expected_us=10 max_upper_fanout=-1
RESULT distributor=hierarchical mode=fixed expected_us=10 nodes=512 world_size=4608 max_upper_fanout=-1 total_tasks=22979818 elapsed_s=20.0135 throughput_tasks_per_s=1.14822e+06
MPICH Notice [Rank 0] [job id 5137550.12] [Sun Aug  2 02:43:03 2026] [frontier00096] - Abort(0) (rank 0 in comm 0): application called MPI_Abort(MPI_COMM_WORLD, 0) - process 0
aborting job:
application called MPI_Abort(MPI_COMM_WORLD, 0) - process 0
srun: error: frontier00096: task 0: Exited with exit code 255
srun: Terminating StepId=5137550.12
[2026-08-02T02:43:07.756] error: *** STEP 5137550.12 ON frontier00096 CANCELLED AT 2026-08-02T02:43:07 DUE TO TASK FAILURE ***
srun: error: frontier08801: tasks 4023-4031: Terminated
srun: error: frontier04199: tasks 1620-1628: Terminated
srun: Force Terminated StepId=5137550.12
[... 510 further lines matching: srun: error: frontier#: tasks #-#: Terminated ...]
Running frontier nodes=512 ranks_per_node=9 dist=hierarchical mode=fixed expected_us=100 max_upper_fanout=-1
RESULT distributor=hierarchical mode=fixed expected_us=100 nodes=512 world_size=4608 max_upper_fanout=-1 total_tasks=17266190 elapsed_s=20.0218 throughput_tasks_per_s=862368
MPICH Notice [Rank 0] [job id 5137550.13] [Sun Aug  2 02:43:39 2026] [frontier00096] - Abort(0) (rank 0 in comm 0): application called MPI_Abort(MPI_COMM_WORLD, 0) - process 0
aborting job:
application called MPI_Abort(MPI_COMM_WORLD, 0) - process 0
srun: error: frontier00096: task 0: Exited with exit code 255
srun: Terminating StepId=5137550.13
[2026-08-02T02:43:43.411] error: *** STEP 5137550.13 ON frontier00096 CANCELLED AT 2026-08-02T02:43:43 DUE TO TASK FAILURE ***
srun: error: frontier08801: tasks 4023-4031: Terminated
srun: error: frontier04199: tasks 1620-1628: Terminated
srun: Force Terminated StepId=5137550.13
[... 510 further lines matching: srun: error: frontier#: tasks #-#: Terminated ...]
Running frontier nodes=512 ranks_per_node=9 dist=hierarchical mode=fixed expected_us=1000 max_upper_fanout=-1
srun: Step created for StepId=5137550.14
RESULT distributor=hierarchical mode=fixed expected_us=1000 nodes=512 world_size=4608 max_upper_fanout=-1 total_tasks=13747838 elapsed_s=20.0271 throughput_tasks_per_s=686461
MPICH Notice [Rank 0] [job id 5137550.14] [Sun Aug  2 02:44:10 2026] [frontier00096] - Abort(0) (rank 0 in comm 0): application called MPI_Abort(MPI_COMM_WORLD, 0) - process 0
aborting job:
application called MPI_Abort(MPI_COMM_WORLD, 0) - process 0
srun: error: frontier00096: task 0: Exited with exit code 255
srun: Terminating StepId=5137550.14
[2026-08-02T02:44:14.049] error: *** STEP 5137550.14 ON frontier00096 CANCELLED AT 2026-08-02T02:44:14 DUE TO TASK FAILURE ***
srun: error: frontier08801: tasks 4023-4031: Terminated
srun: error: frontier06780: tasks 2520-2528: Terminated
srun: Force Terminated StepId=5137550.14
[... 510 further lines matching: srun: error: frontier#: tasks #-#: Terminated ...]
Running frontier nodes=512 ranks_per_node=9 dist=hierarchical mode=fixed expected_us=10000 max_upper_fanout=-1
srun: Step created for StepId=5137550.15
RESULT distributor=hierarchical mode=fixed expected_us=10000 nodes=512 world_size=4608 max_upper_fanout=-1 total_tasks=8218958 elapsed_s=20.0986 throughput_tasks_per_s=408931
MPICH Notice [Rank 0] [job id 5137550.15] [Sun Aug  2 02:44:41 2026] [frontier00096] - Abort(0) (rank 0 in comm 0): application called MPI_Abort(MPI_COMM_WORLD, 0) - process 0
aborting job:
application called MPI_Abort(MPI_COMM_WORLD, 0) - process 0
srun: error: frontier00096: task 0: Exited with exit code 255
srun: Terminating StepId=5137550.15
[2026-08-02T02:44:44.869] error: *** STEP 5137550.15 ON frontier00096 CANCELLED AT 2026-08-02T02:44:44 DUE TO TASK FAILURE ***
srun: error: frontier08801: tasks 4023-4031: Terminated
srun: error: frontier09026: tasks 4212-4220: Terminated
srun: Force Terminated StepId=5137550.15
[... 510 further lines matching: srun: error: frontier#: tasks #-#: Terminated ...]
Running frontier nodes=512 ranks_per_node=9 dist=hierarchical mode=fixed expected_us=100000 max_upper_fanout=-1
srun: Step created for StepId=5137550.16
RESULT distributor=hierarchical mode=fixed expected_us=100000 nodes=512 world_size=4608 max_upper_fanout=-1 total_tasks=850728 elapsed_s=21.0014 throughput_tasks_per_s=40508.2
MPICH Notice [Rank 0] [job id 5137550.16] [Sun Aug  2 02:45:12 2026] [frontier00096] - Abort(0) (rank 0 in comm 0): application called MPI_Abort(MPI_COMM_WORLD, 0) - process 0
aborting job:
application called MPI_Abort(MPI_COMM_WORLD, 0) - process 0
srun: error: frontier00096: task 0: Exited with exit code 255
srun: Terminating StepId=5137550.16
[2026-08-02T02:45:16.600] error: *** STEP 5137550.16 ON frontier00096 CANCELLED AT 2026-08-02T02:45:16 DUE TO TASK FAILURE ***
srun: error: frontier08801: tasks 4023-4031: Terminated
srun: error: frontier09026: tasks 4212-4220: Terminated
srun: Force Terminated StepId=5137550.16
[... 510 further lines matching: srun: error: frontier#: tasks #-#: Terminated ...]
Running frontier nodes=512 ranks_per_node=9 dist=hierarchical mode=fixed expected_us=1000000 max_upper_fanout=-1
RESULT distributor=hierarchical mode=fixed expected_us=1000000 nodes=512 world_size=4608 max_upper_fanout=-1 total_tasks=108994 elapsed_s=28.0044 throughput_tasks_per_s=3892.03
MPICH Notice [Rank 0] [job id 5137550.17] [Sun Aug  2 02:45:55 2026] [frontier00096] - Abort(0) (rank 0 in comm 0): application called MPI_Abort(MPI_COMM_WORLD, 0) - process 0
aborting job:
application called MPI_Abort(MPI_COMM_WORLD, 0) - process 0
srun: error: frontier00096: task 0: Exited with exit code 255
srun: Terminating StepId=5137550.17
[2026-08-02T02:45:59.823] error: *** STEP 5137550.17 ON frontier00096 CANCELLED AT 2026-08-02T02:45:59 DUE TO TASK FAILURE ***
srun: error: frontier08801: tasks 4023-4031: Terminated
srun: error: frontier06780: tasks 2520-2528: Terminated
srun: Force Terminated StepId=5137550.17
[... 510 further lines matching: srun: error: frontier#: tasks #-#: Terminated ...]
Running frontier nodes=512 ranks_per_node=9 dist=hierarchical mode=uniform expected_us=10 max_upper_fanout=-1
RESULT distributor=hierarchical mode=uniform expected_us=10 nodes=512 world_size=4608 max_upper_fanout=-1 total_tasks=23080078 elapsed_s=20.0151 throughput_tasks_per_s=1.15314e+06
MPICH Notice [Rank 0] [job id 5137550.18] [Sun Aug  2 02:46:27 2026] [frontier00096] - Abort(0) (rank 0 in comm 0): application called MPI_Abort(MPI_COMM_WORLD, 0) - process 0
aborting job:
application called MPI_Abort(MPI_COMM_WORLD, 0) - process 0
srun: error: frontier00096: task 0: Exited with exit code 255
srun: Terminating StepId=5137550.18
[2026-08-02T02:46:31.092] error: *** STEP 5137550.18 ON frontier00096 CANCELLED AT 2026-08-02T02:46:31 DUE TO TASK FAILURE ***
srun: error: frontier06780: tasks 2520-2528: Terminated
srun: error: frontier04479: tasks 1728-1736: Terminated
srun: error: frontier08270: tasks 3420,3422-3427: Terminated
srun: error: frontier07667: tasks 2925-2928,2930-2932: Terminated
srun: error: frontier04199: tasks 1620,1628: Terminated
srun: error: frontier05223: tasks 1827-1828,1830-1834: Terminated
srun: error: frontier08270: tasks 3421,3428: Terminated
srun: error: frontier07887: tasks 3043-3048,3050: Terminated
srun: error: frontier02681: tasks 838,840-841: Terminated
srun: error: frontier03580: tasks 1440-1441,1444,1446-1447: Terminated
srun: error: frontier02681: tasks 837,839,842-845: Terminated
srun: error: frontier09029: task 4245: Terminated
srun: error: frontier06383: task 2340: Terminated
srun: error: frontier03580: tasks 1442-1443,1445,1448: Terminated
srun: error: frontier09305: tasks 4473-4476,4478,4481: Terminated
srun: error: frontier04078: tasks 1567-1572,1574: Terminated
srun: error: frontier06143: tasks 2268,2270-2273,2275: Terminated
srun: error: frontier02904: tasks 1017,1020,1022-1025: Terminated
srun: error: frontier02166: tasks 576,579,584: Terminated
srun: error: frontier06143: tasks 2269,2274,2276: Terminated
srun: error: frontier04478: tasks 1719,1723-1724,1727: Terminated
srun: Force Terminated StepId=5137550.18
[... 488 further lines matching: srun: error: frontier#: tasks #-#: Terminated ...]
[... 34 further lines matching: srun: error: frontier#: tasks #,#: Terminated ...]
[... 15 further lines matching: srun: error: frontier#: task #: Terminated ...]
[... 10 further lines matching: srun: error: frontier#: tasks #-#,#-#: Terminated ...]
[... 10 further lines matching: srun: error: frontier#: tasks #,#-#: Terminated ...]
[... 1 further lines matching: srun: error: frontier#: tasks #-#,#,#: Terminated ...]
[... 1 further lines matching: srun: error: frontier#: tasks #-#,#: Terminated ...]
Running frontier nodes=512 ranks_per_node=9 dist=hierarchical mode=uniform expected_us=100 max_upper_fanout=-1
RESULT distributor=hierarchical mode=uniform expected_us=100 nodes=512 world_size=4608 max_upper_fanout=-1 total_tasks=17248432 elapsed_s=20.0163 throughput_tasks_per_s=861719
MPICH Notice [Rank 0] [job id 5137550.19] [Sun Aug  2 02:47:07 2026] [frontier00096] - Abort(0) (rank 0 in comm 0): application called MPI_Abort(MPI_COMM_WORLD, 0) - process 0
aborting job:
application called MPI_Abort(MPI_COMM_WORLD, 0) - process 0
srun: error: frontier00096: task 0: Exited with exit code 255
srun: Terminating StepId=5137550.19
[2026-08-02T02:47:11.467] error: *** STEP 5137550.19 ON frontier00096 CANCELLED AT 2026-08-02T02:47:11 DUE TO TASK FAILURE ***
srun: error: frontier09026: tasks 4212-4220: Terminated
srun: error: frontier08801: tasks 4023-4031: Terminated
srun: Force Terminated StepId=5137550.19
[... 510 further lines matching: srun: error: frontier#: tasks #-#: Terminated ...]
Running frontier nodes=512 ranks_per_node=9 dist=hierarchical mode=uniform expected_us=1000 max_upper_fanout=-1
RESULT distributor=hierarchical mode=uniform expected_us=1000 nodes=512 world_size=4608 max_upper_fanout=-1 total_tasks=25216218 elapsed_s=20.0251 throughput_tasks_per_s=1.25923e+06
MPICH Notice [Rank 0] [job id 5137550.20] [Sun Aug  2 02:47:39 2026] [frontier00096] - Abort(0) (rank 0 in comm 0): application called MPI_Abort(MPI_COMM_WORLD, 0) - process 0
aborting job:
application called MPI_Abort(MPI_COMM_WORLD, 0) - process 0
srun: error: frontier00096: task 0: Exited with exit code 255
srun: Terminating StepId=5137550.20
[2026-08-02T02:47:43.303] error: *** STEP 5137550.20 ON frontier00096 CANCELLED AT 2026-08-02T02:47:43 DUE TO TASK FAILURE ***
srun: error: frontier08801: tasks 4023-4031: Terminated
srun: error: frontier04199: tasks 1620-1628: Terminated
srun: Force Terminated StepId=5137550.20
[... 510 further lines matching: srun: error: frontier#: tasks #-#: Terminated ...]
Running frontier nodes=512 ranks_per_node=9 dist=hierarchical mode=uniform expected_us=10000 max_upper_fanout=-1
RESULT distributor=hierarchical mode=uniform expected_us=10000 nodes=512 world_size=4608 max_upper_fanout=-1 total_tasks=8220054 elapsed_s=20.1102 throughput_tasks_per_s=408751
MPICH Notice [Rank 0] [job id 5137550.21] [Sun Aug  2 02:48:15 2026] [frontier00096] - Abort(0) (rank 0 in comm 0): application called MPI_Abort(MPI_COMM_WORLD, 0) - process 0
aborting job:
application called MPI_Abort(MPI_COMM_WORLD, 0) - process 0
srun: error: frontier00096: task 0: Exited with exit code 255
srun: Terminating StepId=5137550.21
[2026-08-02T02:48:19.123] error: *** STEP 5137550.21 ON frontier00096 CANCELLED AT 2026-08-02T02:48:19 DUE TO TASK FAILURE ***
srun: error: frontier08801: tasks 4023-4031: Terminated
srun: error: frontier09026: tasks 4212-4220: Terminated
srun: Force Terminated StepId=5137550.21
[... 510 further lines matching: srun: error: frontier#: tasks #-#: Terminated ...]
Running frontier nodes=512 ranks_per_node=9 dist=hierarchical mode=uniform expected_us=100000 max_upper_fanout=-1
RESULT distributor=hierarchical mode=uniform expected_us=100000 nodes=512 world_size=4608 max_upper_fanout=-1 total_tasks=851322 elapsed_s=21.0609 throughput_tasks_per_s=40421.8
MPICH Notice [Rank 0] [job id 5137550.22] [Sun Aug  2 02:48:49 2026] [frontier00096] - Abort(0) (rank 0 in comm 0): application called MPI_Abort(MPI_COMM_WORLD, 0) - process 0
aborting job:
application called MPI_Abort(MPI_COMM_WORLD, 0) - process 0
srun: error: frontier00096: task 0: Exited with exit code 255
srun: Terminating StepId=5137550.22
[2026-08-02T02:48:53.150] error: *** STEP 5137550.22 ON frontier00096 CANCELLED AT 2026-08-02T02:48:53 DUE TO TASK FAILURE ***
srun: error: frontier08801: tasks 4023-4031: Terminated
srun: error: frontier04199: tasks 1620-1628: Terminated
srun: Force Terminated StepId=5137550.22
[... 510 further lines matching: srun: error: frontier#: tasks #-#: Terminated ...]
Running frontier nodes=512 ranks_per_node=9 dist=hierarchical mode=uniform expected_us=1000000 max_upper_fanout=-1
RESULT distributor=hierarchical mode=uniform expected_us=1000000 nodes=512 world_size=4608 max_upper_fanout=-1 total_tasks=116158 elapsed_s=31.4224 throughput_tasks_per_s=3696.66
MPICH Notice [Rank 0] [job id 5137550.23] [Sun Aug  2 02:49:33 2026] [frontier00096] - Abort(0) (rank 0 in comm 0): application called MPI_Abort(MPI_COMM_WORLD, 0) - process 0
aborting job:
application called MPI_Abort(MPI_COMM_WORLD, 0) - process 0
srun: error: frontier00096: task 0: Exited with exit code 255
srun: Terminating StepId=5137550.23
[2026-08-02T02:49:37.160] error: *** STEP 5137550.23 ON frontier00096 CANCELLED AT 2026-08-02T02:49:37 DUE TO TASK FAILURE ***
srun: error: frontier04199: tasks 1620-1628: Terminated
srun: error: frontier08801: tasks 4023-4031: Terminated
srun: Force Terminated StepId=5137550.23
[... 510 further lines matching: srun: error: frontier#: tasks #-#: Terminated ...]
Running frontier nodes=512 ranks_per_node=9 dist=hierarchical mode=fixed expected_us=10 max_upper_fanout=0
RESULT distributor=hierarchical mode=fixed expected_us=10 nodes=512 world_size=4608 max_upper_fanout=0 total_tasks=17624310 elapsed_s=20.0312 throughput_tasks_per_s=879842
MPICH Notice [Rank 0] [job id 5137550.24] [Sun Aug  2 02:50:06 2026] [frontier00096] - Abort(0) (rank 0 in comm 0): application called MPI_Abort(MPI_COMM_WORLD, 0) - process 0
aborting job:
application called MPI_Abort(MPI_COMM_WORLD, 0) - process 0
srun: error: frontier00096: task 0: Exited with exit code 255
srun: Terminating StepId=5137550.24
[2026-08-02T02:50:10.419] error: *** STEP 5137550.24 ON frontier00096 CANCELLED AT 2026-08-02T02:50:10 DUE TO TASK FAILURE ***
srun: error: frontier08801: tasks 4023-4031: Terminated
srun: error: frontier09026: tasks 4212-4220: Terminated
srun: Force Terminated StepId=5137550.24
[... 510 further lines matching: srun: error: frontier#: tasks #-#: Terminated ...]
Running frontier nodes=512 ranks_per_node=9 dist=hierarchical mode=fixed expected_us=100 max_upper_fanout=0
RESULT distributor=hierarchical mode=fixed expected_us=100 nodes=512 world_size=4608 max_upper_fanout=0 total_tasks=9371982 elapsed_s=20.0479 throughput_tasks_per_s=467479
MPICH Notice [Rank 0] [job id 5137550.25] [Sun Aug  2 02:50:40 2026] [frontier00096] - Abort(0) (rank 0 in comm 0): application called MPI_Abort(MPI_COMM_WORLD, 0) - process 0
aborting job:
application called MPI_Abort(MPI_COMM_WORLD, 0) - process 0
srun: error: frontier00096: task 0: Exited with exit code 255
srun: Terminating StepId=5137550.25
[2026-08-02T02:50:43.920] error: *** STEP 5137550.25 ON frontier00096 CANCELLED AT 2026-08-02T02:50:43 DUE TO TASK FAILURE ***
srun: error: frontier08801: tasks 4023-4031: Terminated
srun: error: frontier09026: tasks 4212-4220: Terminated
srun: Force Terminated StepId=5137550.25
[... 510 further lines matching: srun: error: frontier#: tasks #-#: Terminated ...]
Running frontier nodes=512 ranks_per_node=9 dist=hierarchical mode=fixed expected_us=1000 max_upper_fanout=0
RESULT distributor=hierarchical mode=fixed expected_us=1000 nodes=512 world_size=4608 max_upper_fanout=0 total_tasks=8294168 elapsed_s=20.0608 throughput_tasks_per_s=413451
MPICH Notice [Rank 0] [job id 5137550.26] [Sun Aug  2 02:51:12 2026] [frontier00096] - Abort(0) (rank 0 in comm 0): application called MPI_Abort(MPI_COMM_WORLD, 0) - process 0
aborting job:
application called MPI_Abort(MPI_COMM_WORLD, 0) - process 0
srun: error: frontier00096: task 0: Exited with exit code 255
srun: Terminating StepId=5137550.26
[2026-08-02T02:51:16.664] error: *** STEP 5137550.26 ON frontier00096 CANCELLED AT 2026-08-02T02:51:16 DUE TO TASK FAILURE ***
srun: error: frontier08801: tasks 4023-4031: Terminated
srun: error: frontier04199: tasks 1620-1628: Terminated
srun: Force Terminated StepId=5137550.26
[... 510 further lines matching: srun: error: frontier#: tasks #-#: Terminated ...]
Running frontier nodes=512 ranks_per_node=9 dist=hierarchical mode=fixed expected_us=10000 max_upper_fanout=0
RESULT distributor=hierarchical mode=fixed expected_us=10000 nodes=512 world_size=4608 max_upper_fanout=0 total_tasks=8213276 elapsed_s=20.0799 throughput_tasks_per_s=409031
MPICH Notice [Rank 0] [job id 5137550.27] [Sun Aug  2 02:51:44 2026] [frontier00096] - Abort(0) (rank 0 in comm 0): application called MPI_Abort(MPI_COMM_WORLD, 0) - process 0
aborting job:
application called MPI_Abort(MPI_COMM_WORLD, 0) - process 0
srun: error: frontier00096: task 0: Exited with exit code 255
srun: Terminating StepId=5137550.27
[2026-08-02T02:51:48.052] error: *** STEP 5137550.27 ON frontier00096 CANCELLED AT 2026-08-02T02:51:48 DUE TO TASK FAILURE ***
srun: error: frontier08801: tasks 4023-4031: Terminated
srun: error: frontier09026: tasks 4212-4220: Terminated
srun: Force Terminated StepId=5137550.27
[... 510 further lines matching: srun: error: frontier#: tasks #-#: Terminated ...]
Running frontier nodes=512 ranks_per_node=9 dist=hierarchical mode=fixed expected_us=100000 max_upper_fanout=0
RESULT distributor=hierarchical mode=fixed expected_us=100000 nodes=512 world_size=4608 max_upper_fanout=0 total_tasks=845618 elapsed_s=20.805 throughput_tasks_per_s=40645
MPICH Notice [Rank 0] [job id 5137550.28] [Sun Aug  2 02:52:18 2026] [frontier00096] - Abort(0) (rank 0 in comm 0): application called MPI_Abort(MPI_COMM_WORLD, 0) - process 0
aborting job:
application called MPI_Abort(MPI_COMM_WORLD, 0) - process 0
srun: error: frontier00096: task 0: Exited with exit code 255
srun: Terminating StepId=5137550.28
[2026-08-02T02:52:22.529] error: *** STEP 5137550.28 ON frontier00096 CANCELLED AT 2026-08-02T02:52:22 DUE TO TASK FAILURE ***
srun: error: frontier08801: tasks 4023-4031: Terminated
srun: error: frontier04199: tasks 1620-1628: Terminated
srun: Force Terminated StepId=5137550.28
[... 510 further lines matching: srun: error: frontier#: tasks #-#: Terminated ...]
Running frontier nodes=512 ranks_per_node=9 dist=hierarchical mode=fixed expected_us=1000000 max_upper_fanout=0
RESULT distributor=hierarchical mode=fixed expected_us=1000000 nodes=512 world_size=4608 max_upper_fanout=0 total_tasks=108518 elapsed_s=28.005 throughput_tasks_per_s=3874.96
MPICH Notice [Rank 0] [job id 5137550.29] [Sun Aug  2 02:52:58 2026] [frontier00096] - Abort(0) (rank 0 in comm 0): application called MPI_Abort(MPI_COMM_WORLD, 0) - process 0
aborting job:
application called MPI_Abort(MPI_COMM_WORLD, 0) - process 0
srun: error: frontier00096: task 0: Exited with exit code 255
srun: Terminating StepId=5137550.29
[2026-08-02T02:53:02.534] error: *** STEP 5137550.29 ON frontier00096 CANCELLED AT 2026-08-02T02:53:02 DUE TO TASK FAILURE ***
srun: error: frontier08801: tasks 4023-4031: Terminated
srun: error: frontier09026: tasks 4212-4220: Terminated
srun: Force Terminated StepId=5137550.29
[... 510 further lines matching: srun: error: frontier#: tasks #-#: Terminated ...]
Running frontier nodes=512 ranks_per_node=9 dist=hierarchical mode=uniform expected_us=10 max_upper_fanout=0
RESULT distributor=hierarchical mode=uniform expected_us=10 nodes=512 world_size=4608 max_upper_fanout=0 total_tasks=17670408 elapsed_s=20.0305 throughput_tasks_per_s=882177
MPICH Notice [Rank 0] [job id 5137550.30] [Sun Aug  2 02:53:32 2026] [frontier00096] - Abort(0) (rank 0 in comm 0): application called MPI_Abort(MPI_COMM_WORLD, 0) - process 0
aborting job:
application called MPI_Abort(MPI_COMM_WORLD, 0) - process 0
srun: error: frontier00096: task 0: Exited with exit code 255
srun: Terminating StepId=5137550.30
[2026-08-02T02:53:36.394] error: *** STEP 5137550.30 ON frontier00096 CANCELLED AT 2026-08-02T02:53:36 DUE TO TASK FAILURE ***
srun: error: frontier08801: tasks 4023-4031: Terminated
srun: error: frontier09026: tasks 4212-4220: Terminated
srun: Force Terminated StepId=5137550.30
[... 510 further lines matching: srun: error: frontier#: tasks #-#: Terminated ...]
Running frontier nodes=512 ranks_per_node=9 dist=hierarchical mode=uniform expected_us=100 max_upper_fanout=0
RESULT distributor=hierarchical mode=uniform expected_us=100 nodes=512 world_size=4608 max_upper_fanout=0 total_tasks=9446064 elapsed_s=20.0428 throughput_tasks_per_s=471294
MPICH Notice [Rank 0] [job id 5137550.31] [Sun Aug  2 02:54:04 2026] [frontier00096] - Abort(0) (rank 0 in comm 0): application called MPI_Abort(MPI_COMM_WORLD, 0) - process 0
aborting job:
application called MPI_Abort(MPI_COMM_WORLD, 0) - process 0
srun: error: frontier00096: task 0: Exited with exit code 255
srun: Terminating StepId=5137550.31
[2026-08-02T02:54:08.237] error: *** STEP 5137550.31 ON frontier00096 CANCELLED AT 2026-08-02T02:54:08 DUE TO TASK FAILURE ***
srun: error: frontier08801: tasks 4023-4031: Terminated
srun: error: frontier09026: tasks 4212-4220: Terminated
srun: Force Terminated StepId=5137550.31
[... 510 further lines matching: srun: error: frontier#: tasks #-#: Terminated ...]
Running frontier nodes=512 ranks_per_node=9 dist=hierarchical mode=uniform expected_us=1000 max_upper_fanout=0
RESULT distributor=hierarchical mode=uniform expected_us=1000 nodes=512 world_size=4608 max_upper_fanout=0 total_tasks=8340740 elapsed_s=20.0619 throughput_tasks_per_s=415750
MPICH Notice [Rank 0] [job id 5137550.32] [Sun Aug  2 02:54:35 2026] [frontier00096] - Abort(0) (rank 0 in comm 0): application called MPI_Abort(MPI_COMM_WORLD, 0) - process 0
aborting job:
application called MPI_Abort(MPI_COMM_WORLD, 0) - process 0
srun: error: frontier00096: task 0: Exited with exit code 255
srun: Terminating StepId=5137550.32
[2026-08-02T02:54:39.383] error: *** STEP 5137550.32 ON frontier00096 CANCELLED AT 2026-08-02T02:54:39 DUE TO TASK FAILURE ***
srun: error: frontier08801: tasks 4023-4031: Terminated
srun: error: frontier09026: tasks 4212-4220: Terminated
srun: Force Terminated StepId=5137550.32
[... 510 further lines matching: srun: error: frontier#: tasks #-#: Terminated ...]
Running frontier nodes=512 ranks_per_node=9 dist=hierarchical mode=uniform expected_us=10000 max_upper_fanout=0
RESULT distributor=hierarchical mode=uniform expected_us=10000 nodes=512 world_size=4608 max_upper_fanout=0 total_tasks=8213630 elapsed_s=20.0981 throughput_tasks_per_s=408677
MPICH Notice [Rank 0] [job id 5137550.33] [Sun Aug  2 02:55:10 2026] [frontier00096] - Abort(0) (rank 0 in comm 0): application called MPI_Abort(MPI_COMM_WORLD, 0) - process 0
aborting job:
application called MPI_Abort(MPI_COMM_WORLD, 0) - process 0
srun: error: frontier00096: task 0: Exited with exit code 255
srun: Terminating StepId=5137550.33
[2026-08-02T02:55:14.420] error: *** STEP 5137550.33 ON frontier00096 CANCELLED AT 2026-08-02T02:55:14 DUE TO TASK FAILURE ***
srun: error: frontier08801: tasks 4023-4031: Terminated
srun: error: frontier09026: tasks 4212-4220: Terminated
srun: Force Terminated StepId=5137550.33
[... 510 further lines matching: srun: error: frontier#: tasks #-#: Terminated ...]
Running frontier nodes=512 ranks_per_node=9 dist=hierarchical mode=uniform expected_us=100000 max_upper_fanout=0
RESULT distributor=hierarchical mode=uniform expected_us=100000 nodes=512 world_size=4608 max_upper_fanout=0 total_tasks=849360 elapsed_s=21.0464 throughput_tasks_per_s=40356.6
MPICH Notice [Rank 0] [job id 5137550.34] [Sun Aug  2 02:55:42 2026] [frontier00096] - Abort(0) (rank 0 in comm 0): application called MPI_Abort(MPI_COMM_WORLD, 0) - process 0
aborting job:
application called MPI_Abort(MPI_COMM_WORLD, 0) - process 0
srun: error: frontier00096: task 0: Exited with exit code 255
srun: Terminating StepId=5137550.34
[2026-08-02T02:55:46.785] error: *** STEP 5137550.34 ON frontier00096 CANCELLED AT 2026-08-02T02:55:46 DUE TO TASK FAILURE ***
srun: error: frontier09026: tasks 4212-4220: Terminated
srun: error: frontier08801: tasks 4023-4031: Terminated
srun: Force Terminated StepId=5137550.34
[... 510 further lines matching: srun: error: frontier#: tasks #-#: Terminated ...]
Running frontier nodes=512 ranks_per_node=9 dist=hierarchical mode=uniform expected_us=1000000 max_upper_fanout=0
RESULT distributor=hierarchical mode=uniform expected_us=1000000 nodes=512 world_size=4608 max_upper_fanout=0 total_tasks=115588 elapsed_s=30.9577 throughput_tasks_per_s=3733.73
MPICH Notice [Rank 0] [job id 5137550.35] [Sun Aug  2 02:56:25 2026] [frontier00096] - Abort(0) (rank 0 in comm 0): application called MPI_Abort(MPI_COMM_WORLD, 0) - process 0
aborting job:
application called MPI_Abort(MPI_COMM_WORLD, 0) - process 0
srun: error: frontier00096: task 0: Exited with exit code 255
srun: Terminating StepId=5137550.35
[2026-08-02T02:56:29.319] error: *** STEP 5137550.35 ON frontier00096 CANCELLED AT 2026-08-02T02:56:29 DUE TO TASK FAILURE ***
srun: error: frontier08801: tasks 4023-4031: Terminated
srun: error: frontier09026: tasks 4212-4220: Terminated
srun: Force Terminated StepId=5137550.35
[... 510 further lines matching: srun: error: frontier#: tasks #-#: Terminated ...]
Running frontier nodes=512 ranks_per_node=9 dist=lockfree_rma mode=fixed expected_us=10 max_upper_fanout=-1
RESULT distributor=lockfree_rma mode=fixed expected_us=10 nodes=512 world_size=4608 max_upper_fanout=-1 total_tasks=2764786 elapsed_s=20.0004 throughput_tasks_per_s=138236
MPICH Notice [Rank 0] [job id 5137550.36] [Sun Aug  2 02:57:02 2026] [frontier00096] - Abort(0) (rank 0 in comm 0): application called MPI_Abort(MPI_COMM_WORLD, 0) - process 0
aborting job:
application called MPI_Abort(MPI_COMM_WORLD, 0) - process 0
srun: error: frontier00096: task 0: Exited with exit code 255
srun: Terminating StepId=5137550.36
[2026-08-02T02:57:07.339] error: *** STEP 5137550.36 ON frontier00096 CANCELLED AT 2026-08-02T02:57:07 DUE TO TASK FAILURE ***
srun: error: frontier08801: tasks 4023-4031: Terminated
srun: error: frontier09026: tasks 4212-4220: Terminated
srun: Force Terminated StepId=5137550.36
[... 510 further lines matching: srun: error: frontier#: tasks #-#: Terminated ...]
Running frontier nodes=512 ranks_per_node=9 dist=lockfree_rma mode=fixed expected_us=100 max_upper_fanout=-1
RESULT distributor=lockfree_rma mode=fixed expected_us=100 nodes=512 world_size=4608 max_upper_fanout=-1 total_tasks=4164630 elapsed_s=20.0023 throughput_tasks_per_s=208208
MPICH Notice [Rank 0] [job id 5137550.37] [Sun Aug  2 02:57:43 2026] [frontier00096] - Abort(0) (rank 0 in comm 0): application called MPI_Abort(MPI_COMM_WORLD, 0) - process 0
aborting job:
application called MPI_Abort(MPI_COMM_WORLD, 0) - process 0
srun: error: frontier00096: task 0: Exited with exit code 255
srun: Terminating StepId=5137550.37
[2026-08-02T02:57:47.879] error: *** STEP 5137550.37 ON frontier00096 CANCELLED AT 2026-08-02T02:57:47 DUE TO TASK FAILURE ***
srun: error: frontier08801: tasks 4023-4031: Terminated
srun: error: frontier09026: tasks 4212-4220: Terminated
srun: error: frontier08300: tasks 3492,3494-3500: Terminated
srun: error: frontier00096: tasks 1-5,7-8: Terminated
srun: error: frontier01649: task 395: Terminated
srun: error: frontier08300: task 3493: Terminated
srun: Force Terminated StepId=5137550.37
[... 508 further lines matching: srun: error: frontier#: tasks #-#: Terminated ...]
[... 2 further lines matching: srun: error: frontier#: task #: Terminated ...]
Running frontier nodes=512 ranks_per_node=9 dist=lockfree_rma mode=fixed expected_us=1000 max_upper_fanout=-1
RESULT distributor=lockfree_rma mode=fixed expected_us=1000 nodes=512 world_size=4608 max_upper_fanout=-1 total_tasks=9695433 elapsed_s=20.0008 throughput_tasks_per_s=484752
MPICH Notice [Rank 0] [job id 5137550.38] [Sun Aug  2 02:58:24 2026] [frontier00096] - Abort(0) (rank 0 in comm 0): application called MPI_Abort(MPI_COMM_WORLD, 0) - process 0
aborting job:
application called MPI_Abort(MPI_COMM_WORLD, 0) - process 0
srun: error: frontier00096: task 0: Exited with exit code 255
srun: Terminating StepId=5137550.38
[2026-08-02T02:58:28.872] error: *** STEP 5137550.38 ON frontier00096 CANCELLED AT 2026-08-02T02:58:28 DUE TO TASK FAILURE ***
srun: error: frontier08801: tasks 4023-4031: Terminated
srun: error: frontier04199: tasks 1620-1628: Terminated
srun: error: frontier06115: tasks 2187-2189,2191-2195: Terminated
srun: error: frontier06755: task 2465: Terminated
srun: error: frontier08300: task 3492: Terminated
srun: Force Terminated StepId=5137550.38
[... 509 further lines matching: srun: error: frontier#: tasks #-#: Terminated ...]
[... 2 further lines matching: srun: error: frontier#: task #: Terminated ...]
Running frontier nodes=512 ranks_per_node=9 dist=lockfree_rma mode=fixed expected_us=10000 max_upper_fanout=-1
RESULT distributor=lockfree_rma mode=fixed expected_us=10000 nodes=512 world_size=4608 max_upper_fanout=-1 total_tasks=7305162 elapsed_s=20.0012 throughput_tasks_per_s=365236
MPICH Notice [Rank 0] [job id 5137550.39] [Sun Aug  2 02:59:10 2026] [frontier00096] - Abort(0) (rank 0 in comm 0): application called MPI_Abort(MPI_COMM_WORLD, 0) - process 0
aborting job:
application called MPI_Abort(MPI_COMM_WORLD, 0) - process 0
srun: error: frontier00096: task 0: Exited with exit code 255
srun: Terminating StepId=5137550.39
[2026-08-02T02:59:15.694] error: *** STEP 5137550.39 ON frontier00096 CANCELLED AT 2026-08-02T02:59:15 DUE TO TASK FAILURE ***
srun: error: frontier08801: tasks 4023-4031: Terminated
srun: error: frontier09026: tasks 4212-4220: Terminated
srun: Force Terminated StepId=5137550.39
[... 510 further lines matching: srun: error: frontier#: tasks #-#: Terminated ...]
Running frontier nodes=512 ranks_per_node=9 dist=lockfree_rma mode=fixed expected_us=100000 max_upper_fanout=-1
RESULT distributor=lockfree_rma mode=fixed expected_us=100000 nodes=512 world_size=4608 max_upper_fanout=-1 total_tasks=906082 elapsed_s=20.0004 throughput_tasks_per_s=45303.1
MPICH Notice [Rank 0] [job id 5137550.40] [Sun Aug  2 02:59:49 2026] [frontier00096] - Abort(0) (rank 0 in comm 0): application called MPI_Abort(MPI_COMM_WORLD, 0) - process 0
aborting job:
application called MPI_Abort(MPI_COMM_WORLD, 0) - process 0
srun: error: frontier00096: task 0: Exited with exit code 255
srun: Terminating StepId=5137550.40
[2026-08-02T02:59:53.816] error: *** STEP 5137550.40 ON frontier00096 CANCELLED AT 2026-08-02T02:59:53 DUE TO TASK FAILURE ***
srun: error: frontier08801: tasks 4023-4031: Terminated
srun: error: frontier04199: tasks 1620-1628: Terminated
srun: Force Terminated StepId=5137550.40
[... 510 further lines matching: srun: error: frontier#: tasks #-#: Terminated ...]
Running frontier nodes=512 ranks_per_node=9 dist=lockfree_rma mode=fixed expected_us=1000000 max_upper_fanout=-1
RESULT distributor=lockfree_rma mode=fixed expected_us=1000000 nodes=512 world_size=4608 max_upper_fanout=-1 total_tasks=87533 elapsed_s=20.0001 throughput_tasks_per_s=4376.62
MPICH Notice [Rank 0] [job id 5137550.41] [Sun Aug  2 03:00:27 2026] [frontier00096] - Abort(0) (rank 0 in comm 0): application called MPI_Abort(MPI_COMM_WORLD, 0) - process 0
aborting job:
application called MPI_Abort(MPI_COMM_WORLD, 0) - process 0
srun: error: frontier00096: task 0: Exited with exit code 255
srun: Terminating StepId=5137550.41
[2026-08-02T03:00:31.954] error: *** STEP 5137550.41 ON frontier00096 CANCELLED AT 2026-08-02T03:00:31 DUE TO TASK FAILURE ***
srun: error: frontier08801: tasks 4023-4031: Terminated
srun: error: frontier09026: tasks 4212-4220: Terminated
srun: Force Terminated StepId=5137550.41
[... 510 further lines matching: srun: error: frontier#: tasks #-#: Terminated ...]
Running frontier nodes=512 ranks_per_node=9 dist=lockfree_rma mode=uniform expected_us=10 max_upper_fanout=-1
RESULT distributor=lockfree_rma mode=uniform expected_us=10 nodes=512 world_size=4608 max_upper_fanout=-1 total_tasks=2343365 elapsed_s=20.0002 throughput_tasks_per_s=117167
MPICH Notice [Rank 0] [job id 5137550.42] [Sun Aug  2 03:01:05 2026] [frontier00096] - Abort(0) (rank 0 in comm 0): application called MPI_Abort(MPI_COMM_WORLD, 0) - process 0
aborting job:
application called MPI_Abort(MPI_COMM_WORLD, 0) - process 0
srun: error: frontier00096: task 0: Exited with exit code 255
srun: Terminating StepId=5137550.42
[2026-08-02T03:01:09.804] error: *** STEP 5137550.42 ON frontier00096 CANCELLED AT 2026-08-02T03:01:09 DUE TO TASK FAILURE ***
srun: error: frontier08801: tasks 4023-4031: Terminated
srun: error: frontier09026: tasks 4212-4220: Terminated
srun: Force Terminated StepId=5137550.42
[... 510 further lines matching: srun: error: frontier#: tasks #-#: Terminated ...]
Running frontier nodes=512 ranks_per_node=9 dist=lockfree_rma mode=uniform expected_us=100 max_upper_fanout=-1
RESULT distributor=lockfree_rma mode=uniform expected_us=100 nodes=512 world_size=4608 max_upper_fanout=-1 total_tasks=5479739 elapsed_s=20.0036 throughput_tasks_per_s=273937
MPICH Notice [Rank 0] [job id 5137550.43] [Sun Aug  2 03:01:42 2026] [frontier00096] - Abort(0) (rank 0 in comm 0): application called MPI_Abort(MPI_COMM_WORLD, 0) - process 0
aborting job:
application called MPI_Abort(MPI_COMM_WORLD, 0) - process 0
srun: error: frontier00096: task 0: Exited with exit code 255
srun: Terminating StepId=5137550.43
[2026-08-02T03:01:47.410] error: *** STEP 5137550.43 ON frontier00096 CANCELLED AT 2026-08-02T03:01:47 DUE TO TASK FAILURE ***
srun: error: frontier08801: tasks 4023-4031: Terminated
srun: error: frontier09026: tasks 4212-4220: Terminated
srun: Force Terminated StepId=5137550.43
[... 510 further lines matching: srun: error: frontier#: tasks #-#: Terminated ...]
Running frontier nodes=512 ranks_per_node=9 dist=lockfree_rma mode=uniform expected_us=1000 max_upper_fanout=-1
RESULT distributor=lockfree_rma mode=uniform expected_us=1000 nodes=512 world_size=4608 max_upper_fanout=-1 total_tasks=9846418 elapsed_s=20.0012 throughput_tasks_per_s=492291
MPICH Notice [Rank 0] [job id 5137550.44] [Sun Aug  2 03:02:20 2026] [frontier00096] - Abort(0) (rank 0 in comm 0): application called MPI_Abort(MPI_COMM_WORLD, 0) - process 0
aborting job:
application called MPI_Abort(MPI_COMM_WORLD, 0) - process 0
srun: error: frontier00096: task 0: Exited with exit code 255
srun: Terminating StepId=5137550.44
[2026-08-02T03:02:24.905] error: *** STEP 5137550.44 ON frontier00096 CANCELLED AT 2026-08-02T03:02:24 DUE TO TASK FAILURE ***
srun: error: frontier09026: tasks 4212-4220: Terminated
srun: error: frontier04199: tasks 1620-1628: Terminated
srun: Force Terminated StepId=5137550.44
[... 510 further lines matching: srun: error: frontier#: tasks #-#: Terminated ...]
Running frontier nodes=512 ranks_per_node=9 dist=lockfree_rma mode=uniform expected_us=10000 max_upper_fanout=-1
RESULT distributor=lockfree_rma mode=uniform expected_us=10000 nodes=512 world_size=4608 max_upper_fanout=-1 total_tasks=7900335 elapsed_s=20.0012 throughput_tasks_per_s=394993
MPICH Notice [Rank 0] [job id 5137550.45] [Sun Aug  2 03:02:57 2026] [frontier00096] - Abort(0) (rank 0 in comm 0): application called MPI_Abort(MPI_COMM_WORLD, 0) - process 0
aborting job:
application called MPI_Abort(MPI_COMM_WORLD, 0) - process 0
srun: error: frontier00096: task 0: Exited with exit code 255
srun: Terminating StepId=5137550.45
[2026-08-02T03:03:02.503] error: *** STEP 5137550.45 ON frontier00096 CANCELLED AT 2026-08-02T03:03:02 DUE TO TASK FAILURE ***
srun: error: frontier08801: tasks 4023-4031: Terminated
srun: error: frontier04199: tasks 1620-1628: Terminated
srun: Force Terminated StepId=5137550.45
[... 510 further lines matching: srun: error: frontier#: tasks #-#: Terminated ...]
Running frontier nodes=512 ranks_per_node=9 dist=lockfree_rma mode=uniform expected_us=100000 max_upper_fanout=-1
RESULT distributor=lockfree_rma mode=uniform expected_us=100000 nodes=512 world_size=4608 max_upper_fanout=-1 total_tasks=912061 elapsed_s=20.0006 throughput_tasks_per_s=45601.6
MPICH Notice [Rank 0] [job id 5137550.46] [Sun Aug  2 03:03:40 2026] [frontier00096] - Abort(0) (rank 0 in comm 0): application called MPI_Abort(MPI_COMM_WORLD, 0) - process 0
aborting job:
application called MPI_Abort(MPI_COMM_WORLD, 0) - process 0
srun: error: frontier00096: tasks 1-3: Bus error
srun: Terminating StepId=5137550.46
[2026-08-02T03:03:44.406] error: *** STEP 5137550.46 ON frontier00096 CANCELLED AT 2026-08-02T03:03:44 DUE TO TASK FAILURE ***
srun: error: frontier08801: tasks 4023-4031: Terminated
srun: error: frontier09026: tasks 4212-4220: Terminated
srun: error: frontier00096: task 0: Exited with exit code 255
srun: error: frontier00096: tasks 4-6,8: Bus error
srun: error: frontier00096: task 7: Bus error (core dumped)
srun: Force Terminated StepId=5137550.46
[... 509 further lines matching: srun: error: frontier#: tasks #-#: Terminated ...]
Running frontier nodes=512 ranks_per_node=9 dist=lockfree_rma mode=uniform expected_us=1000000 max_upper_fanout=-1
RESULT distributor=lockfree_rma mode=uniform expected_us=1000000 nodes=512 world_size=4608 max_upper_fanout=-1 total_tasks=85916 elapsed_s=20.0001 throughput_tasks_per_s=4295.77
MPICH Notice [Rank 0] [job id 5137550.47] [Sun Aug  2 03:04:27 2026] [frontier00096] - Abort(0) (rank 0 in comm 0): application called MPI_Abort(MPI_COMM_WORLD, 0) - process 0
aborting job:
application called MPI_Abort(MPI_COMM_WORLD, 0) - process 0
MPICH ERROR [Rank 227] [job id 5137550.47] [Sun Aug  2 03:04:27 2026] [frontier01139] - Abort(606226319) (rank 227 in comm 0): Fatal error in PMPI_Win_flush: Other MPI error, error stack:
PMPI_Win_flush(139)..................: MPI_Win_flush(target_rank=0, win=0xa0000000) failed
MPID_Win_flush(294)..................:
MPIDIG_mpi_win_flush(615)............:
MPIDI_OFI_win_progress_fence_impl(65):
MPIDI_OFI_handle_cq_error(1310)......: OFI poll failed (ofi_events.c:1312:MPIDI_OFI_handle_cq_error:Input/output error - PTLTE_NOT_FOUND)
aborting job:
Fatal error in PMPI_Win_flush: Other MPI error, error stack:
PMPI_Win_flush(139)..................: MPI_Win_flush(target_rank=0, win=0xa0000000) failed
MPID_Win_flush(294)..................:
MPIDIG_mpi_win_flush(615)............:
MPIDI_OFI_win_progress_fence_impl(65):
MPIDI_OFI_handle_cq_error(1310)......: OFI poll failed (ofi_events.c:1312:MPIDI_OFI_handle_cq_error:Input/output error - PTLTE_NOT_FOUND)
MPICH ERROR [Rank 4480] [job id 5137550.47] [Sun Aug  2 03:04:27 2026] [frontier09305] - Abort(606226319) (rank 4480 in comm 0): Fatal error in PMPI_Win_flush: Other MPI error, error stack:
Fatal error in PMPI_Win_flush: Other MPI error, error stack:
srun: error: frontier09026: tasks 4214,4218: Exited with exit code 255
srun: Terminating StepId=5137550.47
srun: error: frontier01139: task 227: Exited with exit code 255
srun: error: frontier05484: task 1921: Exited with exit code 255
srun: error: frontier08270: tasks 3427-3428: Exited with exit code 255
srun: error: frontier02679: tasks 830,833: Exited with exit code 255
srun: error: frontier04479: tasks 1730-1732: Exited with exit code 255
srun: error: frontier04199: tasks 1620-1623,1625-1628: Terminated
srun: error: frontier08801: tasks 4023,4025-4027: Exited with exit code 255
srun: error: frontier08801: tasks 4024,4028-4029,4031: Terminated
srun: error: frontier03578: tasks 1423-1425,1427: Exited with exit code 255
srun: error: frontier09026: tasks 4212-4213,4215-4217,4219-4220: Terminated
srun: error: frontier08669: tasks 3825-3826,3830,3832: Exited with exit code 255
srun: error: frontier06780: tasks 2520-2526,2528: Terminated
srun: error: frontier02679: tasks 828-829,831,834-836: Terminated
srun: error: frontier05484: tasks 1917-1918,1922,1924: Exited with exit code 255
srun: error: frontier06013: tasks 2135,2140-2141: Exited with exit code 255
srun: error: frontier08270: tasks 3420-3426: Terminated
srun: error: frontier04479: tasks 1728-1729,1733-1736: Terminated
srun: error: frontier01280: tasks 333,335,337-338,340-341: Terminated
srun: error: frontier07667: tasks 2925-2926,2929,2931-2933: Terminated
srun: error: frontier08432: tasks 3628-3629,3635: Exited with exit code 255
srun: error: frontier03038: tasks 1125,1127-1131,1133: Terminated
srun: error: frontier07296: tasks 2818-2824: Terminated
srun: error: frontier06898: tasks 2628-2634,2636: Terminated
srun: error: frontier05484: tasks 1919-1920,1923,1925: Terminated
srun: error: frontier02151: tasks 522-525,527,529: Terminated
srun: error: frontier08907: tasks 4122-4123,4125-4126,4129-4130: Terminated
srun: error: frontier08037: tasks 3223,3225,3227: Exited with exit code 255
srun: error: frontier09298: tasks 4438,4440-4441,4445: Exited with exit code 255
srun: error: frontier00121: tasks 45,47,51: Exited with exit code 255
srun: error: frontier01280: task 339: Terminated
srun: error: frontier08807: tasks 4032,4034-4040: Terminated
srun: error: frontier02788: tasks 927,929-931,934-935: Terminated
srun: error: frontier03578: tasks 1426,1428-1429: Terminated
srun: error: frontier00353: tasks 136,138-139,141-143: Terminated
srun: error: frontier08432: tasks 3627,3630,3632,3634: Terminated
srun: error: frontier08037: tasks 3224,3226,3228-3230: Terminated
srun: error: frontier06136: tasks 2232,2234,2236-2238,2240: Terminated
srun: error: frontier08671: tasks 3843,3846-3847,3850: Exited with exit code 255
srun: error: frontier08782: task 3929: Terminated
srun: error: frontier04722: tasks 1758-1759,1761-1762: Exited with exit code 255
srun: error: frontier08042: tasks 3231-3232,3234-3236,3238: Terminated
srun: error: frontier06651: tasks 2439,2442,2444,2446: Terminated
srun: error: frontier08436: tasks 3637-3638,3640-3641,3643: Terminated
srun: error: frontier01910: tasks 442,444,446-449: Terminated
srun: error: frontier03581: tasks 1449,1451,1453-1454,1456: Terminated
srun: error: frontier06782: tasks 2539,2541-2542,2544,2546: Terminated
srun: error: frontier02024: tasks 469,471-472,474,476: Terminated
srun: error: frontier07912: tasks 3096,3100,3102,3104: Exited with exit code 255
srun: error: frontier08427: tasks 3609-3610,3613-3614: Exited with exit code 255
srun: error: frontier08922: tasks 4167-4168,4170,4172-4173,4175: Terminated
srun: error: frontier05485: tasks 1928,1930-1931,1933-1934: Exited with exit code 255
srun: error: frontier09171: tasks 4374,4376-4377,4379-4380,4382: Terminated
srun: error: frontier02511: tasks 684-685,687-688,690,692: Terminated
srun: error: frontier06762: tasks 2484-2485,2487,2489-2490,2492: Terminated
srun: error: frontier08903: tasks 4086-4087,4089,4092,4094: Terminated
[2026-08-02T03:04:27.986] error: *** STEP 5137550.47 ON frontier00096 CANCELLED AT 2026-08-02T03:04:27 DUE TO TASK FAILURE ***
srun: error: frontier03185: tasks 1287,1289,1291,1293: Exited with exit code 255
srun: error: frontier04982: tasks 1800,1802,1804,1806-1808: Terminated
srun: error: frontier08667: tasks 3816,3818,3820-3821: Exited with exit code 255
srun: error: frontier08135: tasks 3321-3323,3325,3327,3329: Terminated
srun: error: frontier06118: tasks 2200,2204: Terminated
srun: error: frontier08667: tasks 3817,3819,3822: Terminated
srun: error: frontier00096: task 5: Bus error (core dumped)
srun: error: frontier00096: tasks 6-7: Bus error (core dumped)
srun: Force Terminated StepId=5137550.47
[... 2136 further lines matching: PMPI_Win_flush(#)..................: MPI_Win_flush(target_rank=#, win=#xa#) failed ...]
[... 2136 further lines matching: MPID_Win_flush(#)..................: ...]
[... 2136 further lines matching: MPIDIG_mpi_win_flush(#)............: ...]
[... 2136 further lines matching: MPIDI_OFI_win_progress_fence_impl(#): ...]
[... 2136 further lines matching: MPIDI_OFI_handle_cq_error(#)......: OFI poll failed (ofi_events.c:#:MPIDI_OFI_handle_cq_error:Input/output err ...]
[... 1068 further lines matching: aborting job: ...]
[... 1067 further lines matching: MPICH ERROR [Rank #] [job id #.#] [Sun Aug  # #:#:# #] [frontier#] - Abort(#) (rank # in comm #): Fatal error  ...]
[... 1067 further lines matching: Fatal error in PMPI_Win_flush: Other MPI error, error stack: ...]
[... 372 further lines matching: srun: error: frontier#: task #: Exited with exit code # ...]
[... 167 further lines matching: srun: error: frontier#: tasks #,#: Exited with exit code # ...]
[... 153 further lines matching: srun: error: frontier#: tasks #-#,#-#: Terminated ...]
[... 97 further lines matching: srun: error: frontier#: tasks #-#: Terminated ...]
[... 51 further lines matching: srun: error: frontier#: tasks #-#,#: Terminated ...]
[... 47 further lines matching: srun: error: frontier#: tasks #-#: Exited with exit code # ...]
[... 39 further lines matching: srun: error: frontier#: tasks #,#-#: Terminated ...]
[... 28 further lines matching: srun: error: frontier#: tasks #-#,#-#,#: Terminated ...]
[... 27 further lines matching: srun: error: frontier#: tasks #-#,#,#-#: Terminated ...]
[... 22 further lines matching: srun: error: frontier#: tasks #,#,#: Exited with exit code # ...]
[... 21 further lines matching: srun: error: frontier#: tasks #,#-#: Exited with exit code # ...]
[... 19 further lines matching: srun: error: frontier#: tasks #-#,#-#,#-#: Terminated ...]
[... 19 further lines matching: srun: error: frontier#: tasks #,#-#,#-#: Terminated ...]
[... 17 further lines matching: srun: error: frontier#: tasks #,#-#,#: Terminated ...]
[... 12 further lines matching: srun: error: frontier#: tasks #,#,#-#: Terminated ...]
[... 11 further lines matching: srun: error: frontier#: tasks #-#,#: Exited with exit code # ...]
[... 8 further lines matching: srun: error: frontier#: tasks #-#,#,#: Terminated ...]
[... 4 further lines matching: srun: error: frontier#: tasks #,#-#,#: Exited with exit code # ...]
[... 4 further lines matching: srun: error: frontier#: task #: Terminated ...]
[... 2 further lines matching: srun: error: frontier#: tasks #-#,#,#: Exited with exit code # ...]
[... 2 further lines matching: srun: error: frontier#: tasks #,#,#,#: Terminated ...]
[... 2 further lines matching: srun: error: frontier#: tasks #,#,#-#,#: Terminated ...]
[... 1 further lines matching: srun: error: frontier#: tasks #,#-#,#,#: Terminated ...]
Running frontier nodes=512 ranks_per_node=9 dist=hierarchical_lockfree_rma mode=fixed expected_us=10 max_upper_fanout=-1
RESULT distributor=hierarchical_lockfree_rma mode=fixed expected_us=10 nodes=512 world_size=4608 max_upper_fanout=-1 total_tasks=169924600 elapsed_s=20.0016 throughput_tasks_per_s=8.49553e+06
MPICH Notice [Rank 0] [job id 5137550.48] [Sun Aug  2 03:05:29 2026] [frontier00096] - Abort(0) (rank 0 in comm 0): application called MPI_Abort(MPI_COMM_WORLD, 0) - process 0
aborting job:
application called MPI_Abort(MPI_COMM_WORLD, 0) - process 0
srun: error: frontier00096: task 0: Exited with exit code 255
srun: Terminating StepId=5137550.48
[2026-08-02T03:05:34.502] error: *** STEP 5137550.48 ON frontier00096 CANCELLED AT 2026-08-02T03:05:34 DUE TO TASK FAILURE ***
srun: error: frontier04199: tasks 1621-1628: Terminated
srun: error: frontier09026: tasks 4213-4220: Terminated
srun: error: frontier09026: task 4212: Terminated
srun: error: frontier04199: task 1620: Terminated
srun: Force Terminated StepId=5137550.48
[... 510 further lines matching: srun: error: frontier#: tasks #-#: Terminated ...]
[... 510 further lines matching: srun: error: frontier#: task #: Terminated ...]
Running frontier nodes=512 ranks_per_node=9 dist=hierarchical_lockfree_rma mode=fixed expected_us=100 max_upper_fanout=-1
srun: Step created for StepId=5137550.49
RESULT distributor=hierarchical_lockfree_rma mode=fixed expected_us=100 nodes=512 world_size=4608 max_upper_fanout=-1 total_tasks=174391006 elapsed_s=20.0004 throughput_tasks_per_s=8.71939e+06
MPICH Notice [Rank 0] [job id 5137550.49] [Sun Aug  2 03:06:23 2026] [frontier00096] - Abort(0) (rank 0 in comm 0): application called MPI_Abort(MPI_COMM_WORLD, 0) - process 0
aborting job:
application called MPI_Abort(MPI_COMM_WORLD, 0) - process 0
srun: error: frontier00096: task 0: Exited with exit code 255
srun: Terminating StepId=5137550.49
[2026-08-02T03:06:27.735] error: *** STEP 5137550.49 ON frontier00096 CANCELLED AT 2026-08-02T03:06:27 DUE TO TASK FAILURE ***
srun: error: frontier08801: tasks 4024-4031: Terminated
srun: error: frontier09026: tasks 4213-4220: Terminated
srun: error: frontier08801: task 4023: Terminated
srun: error: frontier04199: task 1620: Terminated
srun: Force Terminated StepId=5137550.49
[... 510 further lines matching: srun: error: frontier#: tasks #-#: Terminated ...]
[... 510 further lines matching: srun: error: frontier#: task #: Terminated ...]
Running frontier nodes=512 ranks_per_node=9 dist=hierarchical_lockfree_rma mode=fixed expected_us=1000 max_upper_fanout=-1
srun: Step created for StepId=5137550.50
RESULT distributor=hierarchical_lockfree_rma mode=fixed expected_us=1000 nodes=512 world_size=4608 max_upper_fanout=-1 total_tasks=71914326 elapsed_s=20.0014 throughput_tasks_per_s=3.59546e+06
MPICH Notice [Rank 0] [job id 5137550.50] [Sun Aug  2 03:07:16 2026] [frontier00096] - Abort(0) (rank 0 in comm 0): application called MPI_Abort(MPI_COMM_WORLD, 0) - process 0
aborting job:
application called MPI_Abort(MPI_COMM_WORLD, 0) - process 0
srun: error: frontier00096: task 0: Exited with exit code 255
srun: Terminating StepId=5137550.50
[2026-08-02T03:07:21.423] error: *** STEP 5137550.50 ON frontier00096 CANCELLED AT 2026-08-02T03:07:21 DUE TO TASK FAILURE ***
srun: error: frontier08801: tasks 4024-4031: Terminated
srun: error: frontier09026: tasks 4213-4220: Terminated
srun: error: frontier08801: task 4023: Terminated
srun: error: frontier04199: task 1620: Terminated
srun: Force Terminated StepId=5137550.50
[... 510 further lines matching: srun: error: frontier#: tasks #-#: Terminated ...]
[... 510 further lines matching: srun: error: frontier#: task #: Terminated ...]
Running frontier nodes=512 ranks_per_node=9 dist=hierarchical_lockfree_rma mode=fixed expected_us=10000 max_upper_fanout=-1
RESULT distributor=hierarchical_lockfree_rma mode=fixed expected_us=10000 nodes=512 world_size=4608 max_upper_fanout=-1 total_tasks=8044672 elapsed_s=20.0001 throughput_tasks_per_s=402231
MPICH Notice [Rank 0] [job id 5137550.51] [Sun Aug  2 03:08:10 2026] [frontier00096] - Abort(0) (rank 0 in comm 0): application called MPI_Abort(MPI_COMM_WORLD, 0) - process 0
aborting job:
application called MPI_Abort(MPI_COMM_WORLD, 0) - process 0
srun: error: frontier00096: task 0: Exited with exit code 255
srun: Terminating StepId=5137550.51
[2026-08-02T03:08:15.049] error: *** STEP 5137550.51 ON frontier00096 CANCELLED AT 2026-08-02T03:08:15 DUE TO TASK FAILURE ***
srun: error: frontier08801: tasks 4024-4031: Terminated
srun: error: frontier04199: tasks 1621-1628: Terminated
srun: error: frontier08801: task 4023: Terminated
srun: error: frontier04199: task 1620: Terminated
srun: Force Terminated StepId=5137550.51
[... 510 further lines matching: srun: error: frontier#: tasks #-#: Terminated ...]
[... 510 further lines matching: srun: error: frontier#: task #: Terminated ...]
Running frontier nodes=512 ranks_per_node=9 dist=hierarchical_lockfree_rma mode=fixed expected_us=100000 max_upper_fanout=-1
RESULT distributor=hierarchical_lockfree_rma mode=fixed expected_us=100000 nodes=512 world_size=4608 max_upper_fanout=-1 total_tasks=813216 elapsed_s=20.0008 throughput_tasks_per_s=40659.2
MPICH Notice [Rank 0] [job id 5137550.52] [Sun Aug  2 03:09:05 2026] [frontier00096] - Abort(0) (rank 0 in comm 0): application called MPI_Abort(MPI_COMM_WORLD, 0) - process 0
aborting job:
application called MPI_Abort(MPI_COMM_WORLD, 0) - process 0
srun: error: frontier00096: task 0: Exited with exit code 255
srun: Terminating StepId=5137550.52
[2026-08-02T03:09:11.835] error: *** STEP 5137550.52 ON frontier00096 CANCELLED AT 2026-08-02T03:09:11 DUE TO TASK FAILURE ***
srun: error: frontier08801: tasks 4024-4031: Terminated
srun: error: frontier09026: tasks 4213-4220: Terminated
srun: error: frontier08801: task 4023: Terminated
srun: error: frontier04199: task 1620: Terminated
srun: Force Terminated StepId=5137550.52
[... 510 further lines matching: srun: error: frontier#: tasks #-#: Terminated ...]
[... 510 further lines matching: srun: error: frontier#: task #: Terminated ...]
Running frontier nodes=512 ranks_per_node=9 dist=hierarchical_lockfree_rma mode=fixed expected_us=1000000 max_upper_fanout=-1
srun: Step created for StepId=5137550.53
RESULT distributor=hierarchical_lockfree_rma mode=fixed expected_us=1000000 nodes=512 world_size=4608 max_upper_fanout=-1 total_tasks=77440 elapsed_s=20.0002 throughput_tasks_per_s=3871.96
MPICH Notice [Rank 0] [job id 5137550.53] [Sun Aug  2 03:10:00 2026] [frontier00096] - Abort(0) (rank 0 in comm 0): application called MPI_Abort(MPI_COMM_WORLD, 0) - process 0
aborting job:
application called MPI_Abort(MPI_COMM_WORLD, 0) - process 0
srun: error: frontier00096: task 0: Exited with exit code 255
srun: Terminating StepId=5137550.53
[2026-08-02T03:10:05.098] error: *** STEP 5137550.53 ON frontier00096 CANCELLED AT 2026-08-02T03:10:05 DUE TO TASK FAILURE ***
srun: error: frontier08801: tasks 4024-4031: Terminated
srun: error: frontier09026: tasks 4213-4220: Terminated
srun: error: frontier08801: task 4023: Terminated
srun: error: frontier04199: task 1620: Terminated
srun: Force Terminated StepId=5137550.53
[... 510 further lines matching: srun: error: frontier#: tasks #-#: Terminated ...]
[... 510 further lines matching: srun: error: frontier#: task #: Terminated ...]
Running frontier nodes=512 ranks_per_node=9 dist=hierarchical_lockfree_rma mode=uniform expected_us=10 max_upper_fanout=-1
srun: Step created for StepId=5137550.54
RESULT distributor=hierarchical_lockfree_rma mode=uniform expected_us=10 nodes=512 world_size=4608 max_upper_fanout=-1 total_tasks=169654816 elapsed_s=20.0011 throughput_tasks_per_s=8.48226e+06
MPICH Notice [Rank 0] [job id 5137550.54] [Sun Aug  2 03:10:53 2026] [frontier00096] - Abort(0) (rank 0 in comm 0): application called MPI_Abort(MPI_COMM_WORLD, 0) - process 0
aborting job:
application called MPI_Abort(MPI_COMM_WORLD, 0) - process 0
srun: error: frontier00096: task 0: Exited with exit code 255
srun: Terminating StepId=5137550.54
[2026-08-02T03:10:58.343] error: *** STEP 5137550.54 ON frontier00096 CANCELLED AT 2026-08-02T03:10:58 DUE TO TASK FAILURE ***
srun: error: frontier08801: tasks 4024-4031: Terminated
srun: error: frontier09026: tasks 4213-4220: Terminated
srun: error: frontier08801: task 4023: Terminated
srun: error: frontier09026: task 4212: Terminated
srun: Force Terminated StepId=5137550.54
[... 510 further lines matching: srun: error: frontier#: tasks #-#: Terminated ...]
[... 510 further lines matching: srun: error: frontier#: task #: Terminated ...]
Running frontier nodes=512 ranks_per_node=9 dist=hierarchical_lockfree_rma mode=uniform expected_us=100 max_upper_fanout=-1
srun: Step created for StepId=5137550.55
RESULT distributor=hierarchical_lockfree_rma mode=uniform expected_us=100 nodes=512 world_size=4608 max_upper_fanout=-1 total_tasks=173182290 elapsed_s=20.0009 throughput_tasks_per_s=8.65873e+06
MPICH Notice [Rank 0] [job id 5137550.55] [Sun Aug  2 03:11:46 2026] [frontier00096] - Abort(0) (rank 0 in comm 0): application called MPI_Abort(MPI_COMM_WORLD, 0) - process 0
aborting job:
application called MPI_Abort(MPI_COMM_WORLD, 0) - process 0
srun: error: frontier00096: task 0: Exited with exit code 255
srun: Terminating StepId=5137550.55
[2026-08-02T03:11:51.653] error: *** STEP 5137550.55 ON frontier00096 CANCELLED AT 2026-08-02T03:11:51 DUE TO TASK FAILURE ***
srun: error: frontier08801: tasks 4024-4031: Terminated
srun: error: frontier09026: tasks 4213-4220: Terminated
srun: error: frontier08801: task 4023: Terminated
srun: error: frontier09026: task 4212: Terminated
srun: Force Terminated StepId=5137550.55
[... 510 further lines matching: srun: error: frontier#: tasks #-#: Terminated ...]
[... 510 further lines matching: srun: error: frontier#: task #: Terminated ...]
Running frontier nodes=512 ranks_per_node=9 dist=hierarchical_lockfree_rma mode=uniform expected_us=1000 max_upper_fanout=-1
srun: Step created for StepId=5137550.56
RESULT distributor=hierarchical_lockfree_rma mode=uniform expected_us=1000 nodes=512 world_size=4608 max_upper_fanout=-1 total_tasks=72000000 elapsed_s=20.0167 throughput_tasks_per_s=3.597e+06
MPICH Notice [Rank 0] [job id 5137550.56] [Sun Aug  2 03:12:40 2026] [frontier00096] - Abort(0) (rank 0 in comm 0): application called MPI_Abort(MPI_COMM_WORLD, 0) - process 0
aborting job:
application called MPI_Abort(MPI_COMM_WORLD, 0) - process 0
srun: error: frontier00096: task 0: Exited with exit code 255
srun: Terminating StepId=5137550.56
[2026-08-02T03:12:44.891] error: *** STEP 5137550.56 ON frontier00096 CANCELLED AT 2026-08-02T03:12:44 DUE TO TASK FAILURE ***
srun: error: frontier08801: tasks 4024-4031: Terminated
srun: error: frontier04199: tasks 1621-1628: Terminated
srun: error: frontier08801: task 4023: Terminated
srun: error: frontier09026: task 4212: Terminated
srun: Force Terminated StepId=5137550.56
[... 510 further lines matching: srun: error: frontier#: tasks #-#: Terminated ...]
[... 510 further lines matching: srun: error: frontier#: task #: Terminated ...]
Running frontier nodes=512 ranks_per_node=9 dist=hierarchical_lockfree_rma mode=uniform expected_us=10000 max_upper_fanout=-1
srun: Step created for StepId=5137550.57
RESULT distributor=hierarchical_lockfree_rma mode=uniform expected_us=10000 nodes=512 world_size=4608 max_upper_fanout=-1 total_tasks=7983162 elapsed_s=20.0016 throughput_tasks_per_s=399127
MPICH Notice [Rank 0] [job id 5137550.57] [Sun Aug  2 03:13:33 2026] [frontier00096] - Abort(0) (rank 0 in comm 0): application called MPI_Abort(MPI_COMM_WORLD, 0) - process 0
aborting job:
application called MPI_Abort(MPI_COMM_WORLD, 0) - process 0
srun: error: frontier00096: task 0: Exited with exit code 255
srun: Terminating StepId=5137550.57
[2026-08-02T03:13:38.591] error: *** STEP 5137550.57 ON frontier00096 CANCELLED AT 2026-08-02T03:13:38 DUE TO TASK FAILURE ***
srun: error: frontier04199: tasks 1621-1628: Terminated
srun: error: frontier08801: tasks 4024-4031: Terminated
srun: error: frontier08801: task 4023: Terminated
srun: error: frontier09026: task 4212: Terminated
srun: Force Terminated StepId=5137550.57
[... 510 further lines matching: srun: error: frontier#: tasks #-#: Terminated ...]
[... 510 further lines matching: srun: error: frontier#: task #: Terminated ...]
Running frontier nodes=512 ranks_per_node=9 dist=hierarchical_lockfree_rma mode=uniform expected_us=100000 max_upper_fanout=-1
RESULT distributor=hierarchical_lockfree_rma mode=uniform expected_us=100000 nodes=512 world_size=4608 max_upper_fanout=-1 total_tasks=795413 elapsed_s=20.0007 throughput_tasks_per_s=39769.3
MPICH Notice [Rank 0] [job id 5137550.58] [Sun Aug  2 03:14:29 2026] [frontier00096] - Abort(0) (rank 0 in comm 0): application called MPI_Abort(MPI_COMM_WORLD, 0) - process 0
aborting job:
application called MPI_Abort(MPI_COMM_WORLD, 0) - process 0
srun: error: frontier00096: task 0: Exited with exit code 255
srun: Terminating StepId=5137550.58
[2026-08-02T03:14:33.911] error: *** STEP 5137550.58 ON frontier00096 CANCELLED AT 2026-08-02T03:14:33 DUE TO TASK FAILURE ***
srun: error: frontier08801: tasks 4024-4031: Terminated
srun: error: frontier04199: tasks 1621-1628: Terminated
srun: error: frontier08801: task 4023: Terminated
srun: error: frontier09026: task 4212: Terminated
srun: Force Terminated StepId=5137550.58
[... 510 further lines matching: srun: error: frontier#: tasks #-#: Terminated ...]
[... 510 further lines matching: srun: error: frontier#: task #: Terminated ...]
Running frontier nodes=512 ranks_per_node=9 dist=hierarchical_lockfree_rma mode=uniform expected_us=1000000 max_upper_fanout=-1
srun: Step created for StepId=5137550.59
RESULT distributor=hierarchical_lockfree_rma mode=uniform expected_us=1000000 nodes=512 world_size=4608 max_upper_fanout=-1 total_tasks=65100 elapsed_s=20.0001 throughput_tasks_per_s=3254.98
MPICH Notice [Rank 0] [job id 5137550.59] [Sun Aug  2 03:15:22 2026] [frontier00096] - Abort(0) (rank 0 in comm 0): application called MPI_Abort(MPI_COMM_WORLD, 0) - process 0
aborting job:
application called MPI_Abort(MPI_COMM_WORLD, 0) - process 0
srun: error: frontier00096: task 0: Exited with exit code 255
srun: Terminating StepId=5137550.59
[2026-08-02T03:15:27.237] error: *** STEP 5137550.59 ON frontier00096 CANCELLED AT 2026-08-02T03:15:27 DUE TO TASK FAILURE ***
srun: error: frontier08801: tasks 4024-4031: Terminated
srun: error: frontier04199: tasks 1621-1628: Terminated
srun: error: frontier08801: task 4023: Terminated
srun: error: frontier04199: task 1620: Terminated
srun: Force Terminated StepId=5137550.59
[... 510 further lines matching: srun: error: frontier#: tasks #-#: Terminated ...]
[... 510 further lines matching: srun: error: frontier#: task #: Terminated ...]
Running frontier nodes=512 ranks_per_node=9 dist=hierarchical_lockfree_rma mode=fixed expected_us=10 max_upper_fanout=0
srun: Step created for StepId=5137550.60
RESULT distributor=hierarchical_lockfree_rma mode=fixed expected_us=10 nodes=512 world_size=4608 max_upper_fanout=0 total_tasks=61093689 elapsed_s=20.0007 throughput_tasks_per_s=3.05457e+06
MPICH Notice [Rank 0] [job id 5137550.60] [Sun Aug  2 03:16:10 2026] [frontier00096] - Abort(0) (rank 0 in comm 0): application called MPI_Abort(MPI_COMM_WORLD, 0) - process 0
aborting job:
application called MPI_Abort(MPI_COMM_WORLD, 0) - process 0
srun: error: frontier00096: task 0: Exited with exit code 255
srun: Terminating StepId=5137550.60
[2026-08-02T03:16:15.486] error: *** STEP 5137550.60 ON frontier00096 CANCELLED AT 2026-08-02T03:16:15 DUE TO TASK FAILURE ***
srun: error: frontier08801: tasks 4024-4031: Terminated
srun: error: frontier04199: tasks 1621-1628: Terminated
srun: error: frontier08801: task 4023: Terminated
srun: error: frontier04199: task 1620: Terminated
srun: Force Terminated StepId=5137550.60
[... 510 further lines matching: srun: error: frontier#: tasks #-#: Terminated ...]
[... 510 further lines matching: srun: error: frontier#: task #: Terminated ...]
Running frontier nodes=512 ranks_per_node=9 dist=hierarchical_lockfree_rma mode=fixed expected_us=100 max_upper_fanout=0
srun: Step created for StepId=5137550.61
RESULT distributor=hierarchical_lockfree_rma mode=fixed expected_us=100 nodes=512 world_size=4608 max_upper_fanout=0 total_tasks=61551370 elapsed_s=20.0016 throughput_tasks_per_s=3.07733e+06
MPICH Notice [Rank 0] [job id 5137550.61] [Sun Aug  2 03:16:58 2026] [frontier00096] - Abort(0) (rank 0 in comm 0): application called MPI_Abort(MPI_COMM_WORLD, 0) - process 0
aborting job:
application called MPI_Abort(MPI_COMM_WORLD, 0) - process 0
srun: error: frontier00096: task 0: Exited with exit code 255
srun: Terminating StepId=5137550.61
[2026-08-02T03:17:03.214] error: *** STEP 5137550.61 ON frontier00096 CANCELLED AT 2026-08-02T03:17:03 DUE TO TASK FAILURE ***
srun: error: frontier08801: tasks 4024-4031: Terminated
srun: error: frontier09026: tasks 4213-4220: Terminated
srun: error: frontier08801: task 4023: Terminated
srun: error: frontier09026: task 4212: Terminated
srun: Force Terminated StepId=5137550.61
[... 510 further lines matching: srun: error: frontier#: tasks #-#: Terminated ...]
[... 510 further lines matching: srun: error: frontier#: task #: Terminated ...]
Running frontier nodes=512 ranks_per_node=9 dist=hierarchical_lockfree_rma mode=fixed expected_us=1000 max_upper_fanout=0
srun: Step created for StepId=5137550.62
RESULT distributor=hierarchical_lockfree_rma mode=fixed expected_us=1000 nodes=512 world_size=4608 max_upper_fanout=0 total_tasks=60633207 elapsed_s=20.001 throughput_tasks_per_s=3.0315e+06
MPICH Notice [Rank 0] [job id 5137550.62] [Sun Aug  2 03:17:46 2026] [frontier00096] - Abort(0) (rank 0 in comm 0): application called MPI_Abort(MPI_COMM_WORLD, 0) - process 0
aborting job:
application called MPI_Abort(MPI_COMM_WORLD, 0) - process 0
srun: error: frontier00096: task 0: Exited with exit code 255
srun: Terminating StepId=5137550.62
[2026-08-02T03:17:52.433] error: *** STEP 5137550.62 ON frontier00096 CANCELLED AT 2026-08-02T03:17:52 DUE TO TASK FAILURE ***
srun: error: frontier04199: tasks 1621-1628: Terminated
srun: error: frontier09026: tasks 4213-4220: Terminated
srun: error: frontier04199: task 1620: Terminated
srun: error: frontier09026: task 4212: Terminated
srun: error: frontier07412: tasks 2848,2850: Terminated
srun: error: frontier07412: tasks 2844-2847,2849,2851-2852: Terminated
srun: error: frontier02550: tasks 776-778,780,782: Terminated
srun: error: frontier01532: tasks 351-356,359: Terminated
srun: error: frontier08030: tasks 3196-3197,3200,3202: Terminated
srun: error: frontier05885: tasks 2112,2114: Terminated
srun: error: frontier08030: tasks 3195,3198-3199,3201,3203: Terminated
srun: error: frontier04096: tasks 1602-1603,1610: Terminated
srun: error: frontier06119: tasks 2205-2208,2210-2213: Terminated
srun: Force Terminated StepId=5137550.62
[... 506 further lines matching: srun: error: frontier#: tasks #-#: Terminated ...]
[... 503 further lines matching: srun: error: frontier#: task #: Terminated ...]
[... 1 further lines matching: srun: error: frontier#: tasks #-#,#,#: Terminated ...]
[... 1 further lines matching: srun: error: frontier#: tasks #-#,#: Terminated ...]
Running frontier nodes=512 ranks_per_node=9 dist=hierarchical_lockfree_rma mode=fixed expected_us=10000 max_upper_fanout=0
srun: Step created for StepId=5137550.63
RESULT distributor=hierarchical_lockfree_rma mode=fixed expected_us=10000 nodes=512 world_size=4608 max_upper_fanout=0 total_tasks=8094200 elapsed_s=20.0005 throughput_tasks_per_s=404700
MPICH Notice [Rank 0] [job id 5137550.63] [Sun Aug  2 03:18:36 2026] [frontier00096] - Abort(0) (rank 0 in comm 0): application called MPI_Abort(MPI_COMM_WORLD, 0) - process 0
aborting job:
application called MPI_Abort(MPI_COMM_WORLD, 0) - process 0
srun: error: frontier00096: task 0: Exited with exit code 255
srun: Terminating StepId=5137550.63
[2026-08-02T03:18:41.070] error: *** STEP 5137550.63 ON frontier00096 CANCELLED AT 2026-08-02T03:18:41 DUE TO TASK FAILURE ***
srun: error: frontier08801: tasks 4024-4031: Terminated
srun: error: frontier04199: tasks 1621-1628: Terminated
srun: error: frontier04199: task 1620: Terminated
srun: error: frontier09026: task 4212: Terminated
srun: Force Terminated StepId=5137550.63
[... 510 further lines matching: srun: error: frontier#: tasks #-#: Terminated ...]
[... 510 further lines matching: srun: error: frontier#: task #: Terminated ...]
Running frontier nodes=512 ranks_per_node=9 dist=hierarchical_lockfree_rma mode=fixed expected_us=100000 max_upper_fanout=0
srun: Step created for StepId=5137550.64
RESULT distributor=hierarchical_lockfree_rma mode=fixed expected_us=100000 nodes=512 world_size=4608 max_upper_fanout=0 total_tasks=814905 elapsed_s=20.0008 throughput_tasks_per_s=40743.7
MPICH Notice [Rank 0] [job id 5137550.64] [Sun Aug  2 03:19:24 2026] [frontier00096] - Abort(0) (rank 0 in comm 0): application called MPI_Abort(MPI_COMM_WORLD, 0) - process 0
aborting job:
application called MPI_Abort(MPI_COMM_WORLD, 0) - process 0
srun: error: frontier00096: task 0: Exited with exit code 255
srun: Terminating StepId=5137550.64
[2026-08-02T03:19:28.923] error: *** STEP 5137550.64 ON frontier00096 CANCELLED AT 2026-08-02T03:19:28 DUE TO TASK FAILURE ***
srun: error: frontier08801: tasks 4024-4031: Terminated
srun: error: frontier04199: tasks 1621-1628: Terminated
srun: error: frontier08801: task 4023: Terminated
srun: error: frontier04199: task 1620: Terminated
srun: Force Terminated StepId=5137550.64
[... 510 further lines matching: srun: error: frontier#: tasks #-#: Terminated ...]
[... 510 further lines matching: srun: error: frontier#: task #: Terminated ...]
Running frontier nodes=512 ranks_per_node=9 dist=hierarchical_lockfree_rma mode=fixed expected_us=1000000 max_upper_fanout=0
srun: Step created for StepId=5137550.65
RESULT distributor=hierarchical_lockfree_rma mode=fixed expected_us=1000000 nodes=512 world_size=4608 max_upper_fanout=0 total_tasks=77805 elapsed_s=20.0005 throughput_tasks_per_s=3890.16
MPICH Notice [Rank 0] [job id 5137550.65] [Sun Aug  2 03:20:12 2026] [frontier00096] - Abort(0) (rank 0 in comm 0): application called MPI_Abort(MPI_COMM_WORLD, 0) - process 0
aborting job:
application called MPI_Abort(MPI_COMM_WORLD, 0) - process 0
srun: error: frontier00096: task 0: Exited with exit code 255
srun: Terminating StepId=5137550.65
[2026-08-02T03:20:20.278] error: *** STEP 5137550.65 ON frontier00096 CANCELLED AT 2026-08-02T03:20:20 DUE TO TASK FAILURE ***
srun: error: frontier08801: tasks 4024-4031: Terminated
srun: error: frontier09026: tasks 4213-4220: Terminated
srun: error: frontier08801: task 4023: Terminated
srun: error: frontier04199: task 1620: Terminated
srun: Force Terminated StepId=5137550.65
[... 510 further lines matching: srun: error: frontier#: tasks #-#: Terminated ...]
[... 510 further lines matching: srun: error: frontier#: task #: Terminated ...]
Running frontier nodes=512 ranks_per_node=9 dist=hierarchical_lockfree_rma mode=uniform expected_us=10 max_upper_fanout=0
srun: Step created for StepId=5137550.66
RESULT distributor=hierarchical_lockfree_rma mode=uniform expected_us=10 nodes=512 world_size=4608 max_upper_fanout=0 total_tasks=61473408 elapsed_s=20.0011 throughput_tasks_per_s=3.07349e+06
MPICH Notice [Rank 0] [job id 5137550.66] [Sun Aug  2 03:21:03 2026] [frontier00096] - Abort(0) (rank 0 in comm 0): application called MPI_Abort(MPI_COMM_WORLD, 0) - process 0
aborting job:
application called MPI_Abort(MPI_COMM_WORLD, 0) - process 0
srun: error: frontier00096: task 0: Exited with exit code 255
srun: Terminating StepId=5137550.66
[2026-08-02T03:21:08.017] error: *** STEP 5137550.66 ON frontier00096 CANCELLED AT 2026-08-02T03:21:08 DUE TO TASK FAILURE ***
srun: error: frontier08801: tasks 4024-4031: Terminated
srun: error: frontier04199: tasks 1621-1628: Terminated
srun: error: frontier08801: task 4023: Terminated
srun: error: frontier04199: task 1620: Terminated
srun: Force Terminated StepId=5137550.66
[... 510 further lines matching: srun: error: frontier#: tasks #-#: Terminated ...]
[... 510 further lines matching: srun: error: frontier#: task #: Terminated ...]
Running frontier nodes=512 ranks_per_node=9 dist=hierarchical_lockfree_rma mode=uniform expected_us=100 max_upper_fanout=0
srun: Step created for StepId=5137550.67
RESULT distributor=hierarchical_lockfree_rma mode=uniform expected_us=100 nodes=512 world_size=4608 max_upper_fanout=0 total_tasks=61559453 elapsed_s=20.0013 throughput_tasks_per_s=3.07777e+06
MPICH Notice [Rank 0] [job id 5137550.67] [Sun Aug  2 03:21:51 2026] [frontier00096] - Abort(0) (rank 0 in comm 0): application called MPI_Abort(MPI_COMM_WORLD, 0) - process 0
aborting job:
application called MPI_Abort(MPI_COMM_WORLD, 0) - process 0
srun: error: frontier00096: task 0: Exited with exit code 255
srun: Terminating StepId=5137550.67
[2026-08-02T03:21:55.880] error: *** STEP 5137550.67 ON frontier00096 CANCELLED AT 2026-08-02T03:21:55 DUE TO TASK FAILURE ***
srun: error: frontier08801: tasks 4024-4031: Terminated
srun: error: frontier04199: tasks 1621-1628: Terminated
srun: error: frontier08801: task 4023: Terminated
srun: error: frontier09026: task 4212: Terminated
srun: Force Terminated StepId=5137550.67
[... 510 further lines matching: srun: error: frontier#: tasks #-#: Terminated ...]
[... 510 further lines matching: srun: error: frontier#: task #: Terminated ...]
Running frontier nodes=512 ranks_per_node=9 dist=hierarchical_lockfree_rma mode=uniform expected_us=1000 max_upper_fanout=0
RESULT distributor=hierarchical_lockfree_rma mode=uniform expected_us=1000 nodes=512 world_size=4608 max_upper_fanout=0 total_tasks=59274078 elapsed_s=20.001 throughput_tasks_per_s=2.96355e+06
MPICH Notice [Rank 0] [job id 5137550.68] [Sun Aug  2 03:22:39 2026] [frontier00096] - Abort(0) (rank 0 in comm 0): application called MPI_Abort(MPI_COMM_WORLD, 0) - process 0
aborting job:
application called MPI_Abort(MPI_COMM_WORLD, 0) - process 0
srun: error: frontier00096: task 0: Exited with exit code 255
srun: Terminating StepId=5137550.68
[2026-08-02T03:22:44.027] error: *** STEP 5137550.68 ON frontier00096 CANCELLED AT 2026-08-02T03:22:44 DUE TO TASK FAILURE ***
srun: error: frontier08801: tasks 4024-4031: Terminated
srun: error: frontier09026: tasks 4213-4220: Terminated
srun: error: frontier08801: task 4023: Terminated
srun: error: frontier04199: task 1620: Terminated
srun: Force Terminated StepId=5137550.68
[... 510 further lines matching: srun: error: frontier#: tasks #-#: Terminated ...]
[... 510 further lines matching: srun: error: frontier#: task #: Terminated ...]
Running frontier nodes=512 ranks_per_node=9 dist=hierarchical_lockfree_rma mode=uniform expected_us=10000 max_upper_fanout=0
srun: Step created for StepId=5137550.69
RESULT distributor=hierarchical_lockfree_rma mode=uniform expected_us=10000 nodes=512 world_size=4608 max_upper_fanout=0 total_tasks=8041816 elapsed_s=20.0006 throughput_tasks_per_s=402079
MPICH Notice [Rank 0] [job id 5137550.69] [Sun Aug  2 03:23:27 2026] [frontier00096] - Abort(0) (rank 0 in comm 0): application called MPI_Abort(MPI_COMM_WORLD, 0) - process 0
aborting job:
application called MPI_Abort(MPI_COMM_WORLD, 0) - process 0
srun: error: frontier00096: task 0: Exited with exit code 255
srun: Terminating StepId=5137550.69
[2026-08-02T03:23:31.739] error: *** STEP 5137550.69 ON frontier00096 CANCELLED AT 2026-08-02T03:23:31 DUE TO TASK FAILURE ***
srun: error: frontier08801: tasks 4024-4031: Terminated
srun: error: frontier04199: tasks 1621-1628: Terminated
srun: error: frontier04199: task 1620: Terminated
srun: error: frontier08801: task 4023: Terminated
srun: Force Terminated StepId=5137550.69
[... 510 further lines matching: srun: error: frontier#: tasks #-#: Terminated ...]
[... 510 further lines matching: srun: error: frontier#: task #: Terminated ...]
Running frontier nodes=512 ranks_per_node=9 dist=hierarchical_lockfree_rma mode=uniform expected_us=100000 max_upper_fanout=0
srun: Step created for StepId=5137550.70
RESULT distributor=hierarchical_lockfree_rma mode=uniform expected_us=100000 nodes=512 world_size=4608 max_upper_fanout=0 total_tasks=804769 elapsed_s=20.0012 throughput_tasks_per_s=40236.1
MPICH Notice [Rank 0] [job id 5137550.70] [Sun Aug  2 03:24:17 2026] [frontier00096] - Abort(0) (rank 0 in comm 0): application called MPI_Abort(MPI_COMM_WORLD, 0) - process 0
aborting job:
application called MPI_Abort(MPI_COMM_WORLD, 0) - process 0
srun: error: frontier00096: task 0: Exited with exit code 255
srun: Terminating StepId=5137550.70
[2026-08-02T03:24:21.808] error: *** STEP 5137550.70 ON frontier00096 CANCELLED AT 2026-08-02T03:24:21 DUE TO TASK FAILURE ***
srun: error: frontier08801: tasks 4024-4031: Terminated
srun: error: frontier04199: tasks 1621-1628: Terminated
srun: error: frontier08801: task 4023: Terminated
srun: error: frontier09026: task 4212: Terminated
srun: Force Terminated StepId=5137550.70
[... 510 further lines matching: srun: error: frontier#: tasks #-#: Terminated ...]
[... 510 further lines matching: srun: error: frontier#: task #: Terminated ...]
Running frontier nodes=512 ranks_per_node=9 dist=hierarchical_lockfree_rma mode=uniform expected_us=1000000 max_upper_fanout=0
srun: Step created for StepId=5137550.71
RESULT distributor=hierarchical_lockfree_rma mode=uniform expected_us=1000000 nodes=512 world_size=4608 max_upper_fanout=0 total_tasks=68252 elapsed_s=20.0004 throughput_tasks_per_s=3412.52
MPICH Notice [Rank 0] [job id 5137550.71] [Sun Aug  2 03:25:05 2026] [frontier00096] - Abort(0) (rank 0 in comm 0): application called MPI_Abort(MPI_COMM_WORLD, 0) - process 0
aborting job:
application called MPI_Abort(MPI_COMM_WORLD, 0) - process 0
srun: error: frontier00096: task 0: Exited with exit code 255
srun: Terminating StepId=5137550.71
[2026-08-02T03:25:10.266] error: *** STEP 5137550.71 ON frontier00096 CANCELLED AT 2026-08-02T03:25:10 DUE TO TASK FAILURE ***
srun: error: frontier08801: tasks 4024-4031: Terminated
srun: error: frontier09026: tasks 4213-4220: Terminated
srun: error: frontier08801: task 4023: Terminated
srun: error: frontier09026: task 4212: Terminated
srun: Force Terminated StepId=5137550.71
[... 510 further lines matching: srun: error: frontier#: tasks #-#: Terminated ...]
[... 510 further lines matching: srun: error: frontier#: task #: Terminated ...]
Running frontier nodes=512 ranks_per_node=56 dist=naive mode=fixed expected_us=10 max_upper_fanout=-1
srun: Step created for StepId=5137550.72
RESULT distributor=naive mode=fixed expected_us=10 nodes=512 world_size=28672 max_upper_fanout=-1 total_tasks=19400627 elapsed_s=20.1151 throughput_tasks_per_s=964481
MPICH Notice [Rank 0] [job id 5137550.72] [Sun Aug  2 03:25:49 2026] [frontier00096] - Abort(0) (rank 0 in comm 0): application called MPI_Abort(MPI_COMM_WORLD, 0) - process 0
aborting job:
application called MPI_Abort(MPI_COMM_WORLD, 0) - process 0
srun: error: frontier00096: task 0: Exited with exit code 255
srun: Terminating StepId=5137550.72
[2026-08-02T03:25:53.133] error: *** STEP 5137550.72 ON frontier00096 CANCELLED AT 2026-08-02T03:25:53 DUE TO TASK FAILURE ***
srun: error: frontier04199: tasks 10080,10088,10119: Terminated
srun: error: frontier02679: tasks 5152,5163-5164,5168,5171-5172,5176-5178,5183,5192-5193,5197,5199,5203,5206-5207: Terminated
srun: error: frontier06780: tasks 15680,15688-15690,15695,15698,15703-15705,15709-15710,15713,15716,15719,15727,15734-15735: Terminated
srun: error: frontier09026: tasks 26215-26216,26224,26263: Terminated
srun: error: frontier08801: task 25032: Terminated
srun: error: frontier01139: tasks 1423,1431,1455: Terminated
srun: error: frontier05484: tasks 11944,11968,11975,11983: Terminated
srun: error: frontier04479: tasks 10768,10791,10799,10807: Terminated
srun: error: frontier06898: task 16391: Terminated
srun: error: frontier08395: tasks 21960,21968: Terminated
srun: error: frontier07296: tasks 17536,17583: Terminated
srun: error: frontier09159: tasks 26880-26935: Terminated
srun: error: frontier03834: tasks 9525,9535,9543,9548-9549,9556,9563,9567,9574-9575: Terminated
srun: error: frontier08270: tasks 21280-21335: Terminated
srun: error: frontier06780: tasks 15681-15687,15691-15694,15696-15697,15699-15702,15706-15708,15711-15712,15714-15715,15717-15718,15720-15726,15728-15733: Terminated
srun: error: frontier04199: tasks 10081-10087,10089-10118,10120-10135: Terminated
srun: error: frontier02679: tasks 5153-5162,5165-5167,5169-5170,5173-5175,5179-5182,5184-5191,5194-5196,5198,5200-5202,5204-5205: Terminated
srun: error: frontier04479: tasks 10752-10767,10769-10790,10792-10798,10800-10806: Terminated
srun: error: frontier05484: tasks 11928-11943,11945-11967,11969-11974,11976-11982: Terminated
srun: error: frontier09026: tasks 26208-26214,26217-26223,26225-26262: Terminated
srun: error: frontier06898: tasks 16352-16390,16392-16407: Terminated
srun: error: frontier07296: tasks 17528-17535,17537-17582: Terminated
srun: error: frontier02908: tasks 6440,6442,6444-6445,6448-6453,6455-6456,6459,6461,6463,6466-6474,6476-6477,6479,6483-6485,6487,6489-6495: Terminated
srun: error: frontier09420: tasks 28168,28199,28206-28207,28213,28216: Terminated
srun: error: frontier01140: tasks 1456,1472,1495,1503,1511: Terminated
srun: error: frontier09160: tasks 26936,26943-26944,26960,26983,26991: Terminated
srun: error: frontier03834: tasks 9520-9524,9526-9534,9536-9542,9544-9547,9550-9555,9557-9562,9564-9566,9568-9573: Terminated
srun: error: frontier03579: tasks 8909,8911-8913,8918,8920,8923,8927-8928,8934,8939,8946-8947,8949,8951,8953: Terminated
srun: error: frontier08042: tasks 20112,20119-20120,20135,20151: Terminated
srun: error: frontier08137: tasks 20814-20815,20820,20828,20831: Terminated
srun: error: frontier09181: tasks 27496,27498-27534,27536-27551: Terminated
srun: error: frontier02908: tasks 6441,6443,6446-6447,6454,6457-6458,6460,6462,6464-6465,6475,6478,6480-6482,6486,6488: Terminated
srun: error: frontier07806: tasks 18872-18874,18880-18881,18895,18927: Terminated
srun: error: frontier08815: tasks 25152,25159,25183,25191,25199: Terminated
srun: error: frontier09420: tasks 28169-28198,28200-28205,28208-28212,28214-28215,28217-28223: Terminated
srun: error: frontier01532: tasks 2192,2199-2200: Terminated
srun: error: frontier03961: tasks 9639-9640,9663,9666,9671,9679-9680,9687: Terminated
srun: error: frontier04217: tasks 10304,10311-10312,10321,10343,10359: Terminated
srun: error: frontier08274: tasks 21336-21343,21345-21351,21353-21374,21376-21382,21384-21391: Terminated
srun: error: frontier08437: tasks 22680,22683,22689,22694-22695,22697,22701,22703,22712,22726,22728-22729,22735: Terminated
srun: error: frontier05611: tasks 12152,12160,12174-12175,12199-12200,12207: Terminated
srun: error: frontier05233: tasks 11486,11495-11497,11505,11511,11521,11527: Terminated
srun: error: frontier03579: tasks 8904-8908,8910,8914-8917,8919,8921-8922,8924-8926,8929-8933,8935-8938,8940-8945,8948,8950,8952,8954-8959: Terminated
srun: error: frontier06110: tasks 13440,13444,13446-13447,13451-13452,13454-13455,13459-13460,13462-13463,13467,13475,13477-13479,13483,13487,13491-13494: Terminated
srun: error: frontier03962: tasks 9691,9699,9707-9709,9735,9739: Terminated
srun: error: frontier08549: tasks 23408,23416,23424,23431,23443,23447-23448: Terminated
srun: error: frontier09302: tasks 27798-27799,27822,27829: Terminated
srun: error: frontier04207: tasks 10192-10212,10214-10220,10222-10226,10228-10234,10236-10244,10246-10247: Terminated
srun: error: frontier05239: tasks 11648,11653,11655,11663,11667,11675,11683,11691,11693-11695,11699-11700,11702-11703: Terminated
srun: error: frontier01534: tasks 2296-2297,2312-2313,2327,2335,2351: Terminated
srun: error: frontier09022: tasks 25988-25990,25995-25997,26003,26005-26006,26011,26013,26015,26022,26024,26027-26029,26031: Terminated
srun: error: frontier02682: tasks 5264-5271,5273,5275-5296,5298-5300,5302-5319: Terminated
srun: error: frontier03961: tasks 9632-9638,9641-9662,9664-9665,9667-9670,9672-9678,9681-9686: Terminated
srun: error: frontier09305: tasks 27839-27840,27848: Terminated
srun: error: frontier05233: tasks 11480-11485,11487-11494,11498-11504,11506-11510,11512-11520,11522-11526,11528-11535: Terminated
srun: error: frontier08147: tasks 20944,20950-20951,20958,20960,20965,20972,20981,20998: Terminated
srun: error: frontier09307: tasks 27888-27890,27896-27898,27904-27905,27943: Terminated
srun: error: frontier06888: tasks 16016-16017,16024,16026,16033-16034,16041: Terminated
srun: error: frontier09036: tasks 26608,26621-26622,26629,26631,26637,26645,26652-26653: Terminated
srun: error: frontier08295: tasks 21672,21680,21688,21711-21712,21719: Terminated
srun: error: frontier07028: tasks 16808,16816,16821,16832,16842-16843,16847,16855: Terminated
srun: error: frontier09418: tasks 28056,28064,28071-28072: Terminated
srun: error: frontier06517: tasks 14785,14793-14794,14799-14800,14808,14819,14827: Terminated
srun: error: frontier08674: tasks 24095-24096,24135: Terminated
srun: error: frontier00225: tasks 504,506,520,536,541,543,551,554: Terminated
srun: error: frontier04978: tasks 11149,11151,11156-11157,11159-11160,11164,11182,11188,11195: Terminated
srun: error: frontier08437: tasks 22681-22682,22684-22688,22690-22693,22696,22698-22700,22702,22704-22711,22713-22725,22727,22730-22734: Terminated
srun: error: frontier06761: tasks 15400,15404-15407,15412-15414,15420-15422,15428-15431,15436-15439,15444-15447,15452-15455: Terminated
srun: error: frontier05733: tasks 12488-12489,12491,12495-12499,12501,12503,12506,12510,12513,12517,12526,12528,12532,12534,12538: Terminated
srun: error: frontier03188: tasks 8064,8073,8080,8086,8094,8101: Terminated
srun: error: frontier06524: tasks 14896,14899,14907,14909,14915,14917,14923,14931,14934,14939,14941,14943,14947,14949: Terminated
srun: error: frontier06110: tasks 13441-13443,13445,13448-13450,13453,13456-13458,13461,13464-13466,13468-13474,13476,13480-13482,13484-13486,13488-13490,13495: Terminated
srun: error: frontier02401: tasks 3808,3813,3816,3820-3822,3830-3831,3837,3839,3847,3849,3852,3854,3860-3861,3863: Terminated
srun: error: frontier05118: tasks 11312,11317,11319-11320,11326,11329,11338,11342,11344-11346,11351,11354,11359,11367: Terminated
srun: error: frontier05239: tasks 11649-11652,11654,11656-11662,11664-11666,11668-11674,11676-11682,11684-11690,11692,11696-11698,11701: Terminated
srun: error: frontier08147: tasks 20945-20949,20952-20957,20959,20961-20964,20966-20971,20973-20980,20982-20997,20999: Terminated
srun: error: frontier06756: tasks 15344,15346-15390,15392-15399: Terminated
srun: error: frontier06888: tasks 16018-16023,16025,16027-16032,16035-16040,16042-16071: Terminated
srun: error: frontier09022: tasks 25984-25987,25991-25994,25998-26002,26004,26007-26010,26012,26014,26016-26021,26023,26025-26026,26030,26032-26039: Terminated
srun: error: frontier06517: tasks 14784,14786-14792,14795-14798,14801-14807,14809-14818,14820-14826,14828-14839: Terminated
srun: error: frontier09036: tasks 26600-26607,26609-26620,26623-26628,26630,26632-26636,26638-26644,26646-26651,26654-26655: Terminated
srun: error: frontier00225: tasks 505,507-519,521-535,537-540,542,544-550,552-553,555-559: Terminated
srun: error: frontier06761: tasks 15401-15403,15408-15411,15415-15419,15423-15427,15432-15435,15440-15443,15448-15451: Terminated
srun: error: frontier04978: tasks 11144-11148,11150,11152-11155,11158,11161-11163,11165-11181,11183-11187,11189-11194,11196-11199: Terminated
srun: error: frontier06524: tasks 14897-14898,14900-14906,14908,14910-14914,14916,14918-14922,14924-14930,14932-14933,14935-14938,14940,14942,14944-14946,14948,14950-14951: Terminated
srun: error: frontier05733: tasks 12490,12492-12494,12500,12502,12504-12505,12507-12509,12511-12512,12514-12516,12518-12525,12527,12529-12531,12533,12535-12537,12539-12543: Terminated
srun: error: frontier02401: tasks 3809-3812,3814-3815,3817-3819,3823-3829,3832-3836,3838,3840-3846,3848,3850-3851,3853,3855-3859,3862: Terminated
srun: error: frontier00250: tasks 729,731-735,737-743,745-752,754-783: Terminated
srun: error: frontier05118: tasks 11313-11316,11318,11321-11325,11327-11328,11330-11337,11339-11341,11343,11347-11350,11352-11353,11355-11358,11360-11366: Terminated
srun: Force Terminated StepId=5137550.72
[... 210 further lines matching: srun: error: frontier#: tasks #-#: Terminated ...]
[... 103 further lines matching: srun: error: frontier#: tasks #-#,#-#,#-#: Terminated ...]
[... 100 further lines matching: srun: error: frontier#: tasks #-#,#-#: Terminated ...]
[... 93 further lines matching: srun: error: frontier#: tasks #,#: Terminated ...]
[... 74 further lines matching: srun: error: frontier#: tasks #,#,#: Terminated ...]
[... 69 further lines matching: srun: error: frontier#: task #: Terminated ...]
[... 43 further lines matching: srun: error: frontier#: tasks #-#,#-#,#-#,#-#: Terminated ...]
[... 32 further lines matching: srun: error: frontier#: tasks #,#,#,#: Terminated ...]
[... 14 further lines matching: srun: error: frontier#: tasks #,#,#,#,#: Terminated ...]
[... 12 further lines matching: srun: error: frontier#: tasks #-#,#-#,#-#,#-#,#-#: Terminated ...]
[... 6 further lines matching: srun: error: frontier#: tasks #-#,#-#,#-#,#-#,#-#,#-#: Terminated ...]
[... 2 further lines matching: srun: error: frontier#: tasks #,#,#-#,#,#: Terminated ...]
[... 1 further lines matching: srun: error: frontier#: tasks #,#-#,#,#,#: Terminated ...]
[... 1 further lines matching: srun: error: frontier#: tasks #-#,#,#: Terminated ...]
[... 1 further lines matching: srun: error: frontier#: tasks #-#,#-#,#-#,#-#,#-#,#-#,#-#: Terminated ...]
[... 1 further lines matching: srun: error: frontier#: tasks #,#-#,#-#: Terminated ...]
Running frontier nodes=512 ranks_per_node=56 dist=naive mode=fixed expected_us=100 max_upper_fanout=-1
srun: Step created for StepId=5137550.73
RESULT distributor=naive mode=fixed expected_us=100 nodes=512 world_size=28672 max_upper_fanout=-1 total_tasks=6654467 elapsed_s=20.3251 throughput_tasks_per_s=327401
MPICH Notice [Rank 0] [job id 5137550.73] [Sun Aug  2 03:26:32 2026] [frontier00096] - Abort(0) (rank 0 in comm 0): application called MPI_Abort(MPI_COMM_WORLD, 0) - process 0
aborting job:
application called MPI_Abort(MPI_COMM_WORLD, 0) - process 0
srun: error: frontier00096: task 0: Exited with exit code 255
srun: Terminating StepId=5137550.73
[2026-08-02T03:26:36.102] error: *** STEP 5137550.73 ON frontier00096 CANCELLED AT 2026-08-02T03:26:36 DUE TO TASK FAILURE ***
srun: error: frontier08801: tasks 25032,25040: Terminated
srun: error: frontier05484: tasks 11951,11959,11975: Terminated
srun: error: frontier06780: tasks 15687-15688,15696,15727,15735: Terminated
srun: error: frontier06898: task 16360: Terminated
srun: error: frontier04479: tasks 10760,10768: Terminated
srun: error: frontier09026: tasks 26208-26263: Terminated
srun: error: frontier01139: tasks 1400-1401,1409,1416,1422,1425,1440,1455: Terminated
srun: error: frontier03038: tasks 7008,7016,7031,7039,7047,7055: Terminated
srun: error: frontier08270: tasks 21280,21288,21293,21327,21335: Terminated
srun: error: frontier09159: tasks 26880-26935: Terminated
srun: error: frontier01280: tasks 2080,2088,2103,2111,2119,2127: Terminated
srun: error: frontier08669: tasks 23800-23801,23808,23855: Terminated
srun: error: frontier06013: tasks 13280,13295,13319: Terminated
srun: error: frontier08801: tasks 25033-25039,25041-25087: Terminated
srun: error: frontier06650: tasks 15128,15161,15168,15175: Terminated
srun: error: frontier00102: tasks 168,176,193,207,214: Terminated
srun: error: frontier06780: tasks 15680-15686,15689-15695,15697-15726,15728-15734: Terminated
srun: error: frontier07154: tasks 16975-16976,16981,16985,17023: Terminated
srun: error: frontier04479: tasks 10752-10759,10761-10767,10769-10807: Terminated
srun: error: frontier05484: tasks 11928-11950,11952-11958,11960-11974,11976-11983: Terminated
srun: error: frontier08309: task 21951: Terminated
srun: error: frontier06898: tasks 16352-16359,16361-16407: Terminated
srun: error: frontier01139: tasks 1402-1408,1410-1415,1417-1421,1423-1424,1426-1439,1441-1454: Terminated
srun: error: frontier09420: tasks 28168,28176,28184,28215: Terminated
srun: error: frontier03038: tasks 7000-7007,7009-7015,7017-7030,7032-7038,7040-7046,7048-7054: Terminated
srun: error: frontier08432: tasks 22568,22576,22584-22585,22623: Terminated
srun: error: frontier06136: tasks 13888,13902,13910,13916,13925-13926,13934,13941: Terminated
srun: error: frontier04206: tasks 10136,10143-10144,10152,10162,10168: Terminated
srun: error: frontier06781: tasks 15743,15749,15751,15764,15772-15775,15780-15781,15788-15790: Terminated
srun: error: frontier08525: tasks 23184-23186,23192-23193,23200-23201,23209,23223,23231: Terminated
srun: error: frontier08037: tasks 20049-20063,20065-20094,20096-20103: Terminated
srun: error: frontier00102: tasks 169-175,177-192,194-206,208-213,215-223: Terminated
srun: error: frontier02788: tasks 5769-5775,5777-5798,5800-5806,5808-5814,5816-5823: Terminated
srun: error: frontier08137: tasks 20791-20792,20831: Terminated
srun: error: frontier00110: tasks 224,229-230,234,240,244,249,270,272: Terminated
srun: error: frontier02909: tasks 6496-6498,6504-6505,6512-6514,6520,6527,6529,6543,6546,6551: Terminated
srun: error: frontier03300: tasks 8352,8359,8377-8378,8386,8392,8399: Terminated
srun: error: frontier08815: tasks 25152,25167,25183-25184,25191,25199: Terminated
srun: error: frontier06904: tasks 16472,16479-16480,16511: Terminated
srun: error: frontier06136: tasks 13889-13901,13903-13909,13911-13915,13917-13924,13927-13933,13935-13940,13942-13943: Terminated
srun: error: frontier07680: tasks 18312,18318,18320,18329,18336,18338,18344,18351-18352: Terminated
srun: error: frontier06781: tasks 15736-15742,15744-15748,15750,15752-15763,15765-15771,15776-15779,15782-15787,15791: Terminated
srun: error: frontier04217: tasks 10304,10311-10312,10320,10351: Terminated
srun: error: frontier01917: tasks 2800,2815-2816,2839,2847-2848: Terminated
srun: error: frontier08023: tasks 19600,19607,19610,19613,19616-19617,19621-19622,19632,19637,19640,19647,19655: Terminated
srun: error: frontier06783: tasks 15848,15856,15863-15864,15895: Terminated
srun: error: frontier02803: tasks 5992,6007-6008,6039,6047: Terminated
srun: error: frontier00110: tasks 225-228,231-233,235-239,241-243,245-248,250-269,271,273-279: Terminated
srun: error: frontier01146: tasks 1680-1681,1688,1697-1698,1727,1735: Terminated
srun: error: frontier02909: tasks 6499-6503,6506-6511,6515-6519,6521-6526,6528,6530-6542,6544-6545,6547-6550: Terminated
srun: error: frontier02508: tasks 4144,4153,4160,4167,4183,4185,4191,4198-4199: Terminated
srun: error: frontier02682: tasks 5264-5265,5267-5271,5273-5274,5276-5298,5300-5302,5304-5310,5312-5319: Terminated
srun: error: frontier07680: tasks 18313-18317,18319,18321-18328,18330-18335,18337,18339-18343,18345-18350,18353-18367: Terminated
srun: error: frontier03584: tasks 9184,9192,9199,9207-9208,9239: Terminated
srun: error: frontier06517: tasks 14792,14800,14815,14823,14838-14839: Terminated
srun: error: frontier06113: tasks 13552,13560,13576-13577,13585,13599,13607: Terminated
srun: error: frontier03316: tasks 8624,8631-8632,8650,8678-8679: Terminated
srun: error: frontier09174: tasks 27274,27282,27288,27290,27298,27303,27327: Terminated
srun: error: frontier04978: tasks 11144,11146,11156,11159,11164,11166,11171-11172,11174,11179,11181,11187-11190,11196,11198-11199: Terminated
srun: error: frontier01650: tasks 2464,2472,2480,2488,2495,2511,2519: Terminated
srun: error: frontier04091: tasks 9912-9913,9920,9928,9932,9935,9945,9947,9956,9959-9960,9964: Terminated
srun: error: frontier00227: tasks 560,568,576,595,598-599,607,609: Terminated
srun: error: frontier08023: tasks 19601-19606,19608-19609,19611-19612,19614-19615,19618-19620,19623-19631,19633-19636,19638-19639,19641-19646,19648-19654: Terminated
srun: error: frontier10175: tasks 28560-28561,28568-28569,28576,28607,28615: Terminated
srun: error: frontier03185: tasks 8014,8016,8020-8022,8024,8029,8031,8037,8045,8047,8052-8053,8056,8060-8063: Terminated
srun: error: frontier08030: tasks 19880,19887-19888,19935: Terminated
srun: error: frontier04096: tasks 9970,9976,9978,9982,9984,9991,9994,10018,10022-10023: Terminated
srun: error: frontier08422: tasks 22359-22360,22391,22399: Terminated
srun: error: frontier02656: tasks 5040,5047-5048,5055-5056,5067,5073,5079,5082,5085,5095: Terminated
srun: error: frontier10176: tasks 28616,28623-28624,28658,28663,28671: Terminated
srun: error: frontier08427: tasks 22456-22457,22464-22465,22472-22473,22511: Terminated
srun: error: frontier07916: tasks 19376-19377,19383-19384,19423-19424,19431: Terminated
srun: error: frontier08269: tasks 21231-21232,21241,21249,21262,21266,21271,21273,21279: Terminated
srun: error: frontier02509: tasks 4201,4203-4215,4217-4238,4240-4254: Terminated
srun: error: frontier06269: tasks 14392,14398,14404-14405,14412,14414,14435-14438,14443-14444,14446-14447: Terminated
srun: error: frontier09179: tasks 27440,27456,27471,27473,27479,27482,27487,27495: Terminated
srun: error: frontier09419: tasks 28112,28120,28124-28126,28128,28136,28143,28149,28159,28164,28167: Terminated
srun: error: frontier02508: tasks 4145-4152,4154-4159,4161-4166,4168-4182,4184,4186-4190,4192-4197: Terminated
srun: error: frontier08029: tasks 19825-19837,19839,19841-19862,19864-19870,19872-19878: Terminated
srun: error: frontier09174: tasks 27272-27273,27275-27281,27283-27287,27289,27291-27297,27299-27302,27304-27326: Terminated
srun: error: frontier04978: tasks 11145,11147-11155,11157-11158,11160-11163,11165,11167-11170,11173,11175-11178,11180,11182-11186,11191-11195,11197: Terminated
srun: error: frontier00227: tasks 561-567,569-575,577-594,596-597,600-606,608,610-615: Terminated
srun: error: frontier04091: tasks 9914-9919,9921-9927,9929-9931,9933-9934,9936-9944,9946,9948-9955,9957-9958,9961-9963,9965-9967: Terminated
srun: error: frontier03185: tasks 8008-8013,8015,8017-8019,8023,8025-8028,8030,8032-8036,8038-8044,8046,8048-8051,8054-8055,8057-8059: Terminated
srun: error: frontier08423: tasks 22400-22407,22409,22411-22415,22417-22446,22448-22454: Terminated
srun: error: frontier04096: tasks 9968-9969,9971-9975,9977,9979-9981,9983,9985-9990,9992-9993,9995-10017,10019-10021: Terminated
srun: error: frontier02656: tasks 5041-5046,5049-5054,5057-5066,5068-5072,5074-5078,5080-5081,5083-5084,5086-5094: Terminated
srun: error: frontier08269: tasks 21224-21230,21233-21240,21242-21248,21250-21261,21263-21265,21267-21270,21272,21274-21278: Terminated
srun: error: frontier06269: tasks 14393-14397,14399-14403,14406-14411,14413,14415-14434,14439-14442,14445: Terminated
srun: error: frontier09179: tasks 27441-27455,27457-27470,27472,27474-27478,27480-27481,27483-27486,27488-27494: Terminated
srun: error: frontier09419: tasks 28113-28119,28121-28123,28127,28129-28135,28137-28142,28144-28148,28150-28158,28160-28163,28165-28166: Terminated
srun: error: frontier06007: tasks 13161-13167,13169-13173,13175,13177-13206,13208-13215: Terminated
srun: Force Terminated StepId=5137550.73
[... 147 further lines matching: srun: error: frontier#: tasks #-#: Terminated ...]
[... 119 further lines matching: srun: error: frontier#: tasks #-#,#-#,#-#: Terminated ...]
[... 104 further lines matching: srun: error: frontier#: tasks #,#,#: Terminated ...]
[... 86 further lines matching: srun: error: frontier#: tasks #,#,#,#: Terminated ...]
[... 83 further lines matching: srun: error: frontier#: tasks #-#,#-#,#-#,#-#: Terminated ...]
[... 81 further lines matching: srun: error: frontier#: tasks #-#,#-#: Terminated ...]
[... 54 further lines matching: srun: error: frontier#: tasks #,#: Terminated ...]
[... 41 further lines matching: srun: error: frontier#: tasks #,#,#,#,#: Terminated ...]
[... 33 further lines matching: srun: error: frontier#: tasks #-#,#-#,#-#,#-#,#-#: Terminated ...]
[... 19 further lines matching: srun: error: frontier#: task #: Terminated ...]
[... 16 further lines matching: srun: error: frontier#: tasks #,#,#,#,#,#: Terminated ...]
[... 12 further lines matching: srun: error: frontier#: tasks #-#,#-#,#-#,#-#,#-#,#-#: Terminated ...]
[... 1 further lines matching: srun: error: frontier#: tasks #-#,#,#,#: Terminated ...]
[... 1 further lines matching: srun: error: frontier#: tasks #-#,#-#,#-#,#-#,#-#,#-#,#-#: Terminated ...]
[... 1 further lines matching: srun: error: frontier#: tasks #,#-#,#: Terminated ...]
[... 1 further lines matching: srun: error: frontier#: tasks #-#,#-#,#-#,#: Terminated ...]
Running frontier nodes=512 ranks_per_node=56 dist=naive mode=fixed expected_us=1000 max_upper_fanout=-1
RESULT distributor=naive mode=fixed expected_us=1000 nodes=512 world_size=28672 max_upper_fanout=-1 total_tasks=3252996 elapsed_s=20.706 throughput_tasks_per_s=157104
MPICH Notice [Rank 0] [job id 5137550.74] [Sun Aug  2 03:27:17 2026] [frontier00096] - Abort(0) (rank 0 in comm 0): application called MPI_Abort(MPI_COMM_WORLD, 0) - process 0
aborting job:
application called MPI_Abort(MPI_COMM_WORLD, 0) - process 0
srun: error: frontier00096: task 0: Exited with exit code 255
srun: Terminating StepId=5137550.74
[2026-08-02T03:27:21.683] error: *** STEP 5137550.74 ON frontier00096 CANCELLED AT 2026-08-02T03:27:21 DUE TO TASK FAILURE ***
srun: error: frontier06780: tasks 15688,15735: Terminated
srun: error: frontier01139: tasks 1400,1408,1431,1455: Terminated
srun: error: frontier02679: task 5160: Terminated
srun: error: frontier08270: tasks 21296,21335: Terminated
srun: error: frontier09159: task 26896: Terminated
srun: error: frontier05484: tasks 11936,11975,11983: Terminated
srun: error: frontier03038: tasks 7016,7039,7047,7055: Terminated
srun: error: frontier03578: tasks 8848,8864,8887: Terminated
srun: error: frontier08801: tasks 25032-25087: Terminated
srun: error: frontier09026: tasks 26208-26263: Terminated
srun: error: frontier05223: tasks 11376,11399,11407,11415,11423: Terminated
srun: error: frontier06780: tasks 15680-15687,15689-15734: Terminated
srun: error: frontier07411: tasks 17643,17648,17651,17659,17667,17675,17683,17691: Terminated
srun: error: frontier01909: tasks 2688-2689,2697-2698,2704: Terminated
srun: error: frontier08270: tasks 21280-21295,21297-21334: Terminated
srun: error: frontier05484: tasks 11928-11935,11937-11974,11976-11982: Terminated
srun: error: frontier01139: tasks 1401-1407,1409-1430,1432-1454: Terminated
srun: error: frontier03038: tasks 7000-7015,7017-7038,7040-7046,7048-7054: Terminated
srun: error: frontier07679: tasks 18263,18267,18270,18275,18283: Terminated
srun: error: frontier05223: tasks 11368-11375,11377-11398,11400-11406,11408-11414,11416-11422: Terminated
srun: error: frontier02788: tasks 5768,5770-5776,5778-5823: Terminated
srun: error: frontier07411: tasks 17640-17642,17644-17647,17649-17650,17652-17658,17660-17666,17668-17674,17676-17682,17684-17690,17692-17695: Terminated
srun: error: frontier08274: tasks 21336-21343,21345-21374,21376-21382,21384-21390: Terminated
srun: error: frontier00368: tasks 960,967-969: Terminated
srun: error: frontier07156: tasks 17080,17085,17087-17088,17092-17096,17100-17101,17103,17107-17109,17111,17115-17116,17123-17124,17126-17127,17131-17132,17135: Terminated
srun: error: frontier03054: tasks 7231-7232,7279: Terminated
srun: error: frontier07679: tasks 18256-18262,18264-18266,18268-18269,18271-18274,18276-18282,18284-18311: Terminated
srun: error: frontier04722: tasks 10927-10928,10935,10975: Terminated
srun: error: frontier01533: tasks 2246,2248,2254-2255,2260,2262,2276,2278,2286: Terminated
srun: error: frontier06755: tasks 15288-15290,15296,15298,15304-15306: Terminated
srun: error: frontier00364: tasks 896-911,913-926,928-934,936-942,944-950: Terminated
srun: error: frontier09468: tasks 28463-28464,28479,28495,28503: Terminated
srun: error: frontier04087: tasks 9800,9808,9816,9839,9847,9855: Terminated
srun: error: frontier06888: tasks 16024,16031-16032: Terminated
srun: error: frontier07534: tasks 17870,17877-17878,17880: Terminated
srun: error: frontier00380: tasks 1176-1177,1185,1192: Terminated
srun: error: frontier07156: tasks 17081-17084,17086,17089-17091,17097-17099,17102,17104-17106,17110,17112-17114,17117-17122,17125,17128-17130,17133-17134: Terminated
srun: error: frontier09174: tasks 27273,27280-27281,27288-27289,27327: Terminated
srun: error: frontier03700: tasks 9243,9248,9251-9252,9266,9276,9282,9284,9287,9290,9292: Terminated
srun: error: frontier05726: tasks 12443,12447,12451-12452,12459,12467,12469-12471,12475-12476,12483-12485: Terminated
srun: error: frontier08423: tasks 22400-22402,22408-22409,22416-22417,22439,22447,22455: Terminated
srun: error: frontier08300: tasks 21728,21735-21736,21783: Terminated
srun: error: frontier01533: tasks 2240-2245,2247,2249-2253,2256-2259,2261,2263-2275,2277,2279-2285,2287-2295: Terminated
srun: error: frontier09024: tasks 26103-26104,26151: Terminated
srun: error: frontier06755: tasks 15291-15295,15297,15299-15303,15307-15343: Terminated
srun: error: frontier04452: tasks 10584,10592,10600-10601: Terminated
srun: error: frontier08146: tasks 20888,20890-20905,20907-20912,20914-20943: Terminated
srun: error: frontier08133: tasks 20552,20559-20560,20591,20599,20607: Terminated
srun: error: frontier02150: tasks 3200,3215,3223,3231,3239,3247: Terminated
srun: error: frontier01277: tasks 1965,1967,1975,1980-1981,1987-1988,1995,1997,1999,2003-2004,2011-2013,2015: Terminated
srun: error: frontier07534: tasks 17864-17869,17871-17876,17879,17881-17919: Terminated
srun: error: frontier09174: tasks 27272,27274-27279,27282-27287,27290-27326: Terminated
srun: error: frontier03700: tasks 9240-9242,9244-9247,9249-9250,9253-9265,9267-9275,9277-9281,9283,9285-9286,9288-9289,9291,9293-9295: Terminated
srun: error: frontier05726: tasks 12432-12442,12444-12446,12448-12450,12453-12458,12460-12466,12468,12472-12474,12477-12482,12486-12487: Terminated
srun: error: frontier00096: tasks 1,3-17,19-55: Terminated
srun: error: frontier02654: tasks 4984,4986-4992,4994-4999,5001,5003-5039: Terminated
srun: error: frontier08655: tasks 23632-23647,23649-23685,23687: Terminated
srun: error: frontier02150: tasks 3192-3199,3201-3214,3216-3222,3224-3230,3232-3238,3240-3246: Terminated
srun: error: frontier01277: tasks 1960-1964,1966,1968-1974,1976-1979,1982-1986,1989-1994,1996,1998,2000-2002,2005-2010,2014: Terminated
srun: Force Terminated StepId=5137550.74
[... 203 further lines matching: srun: error: frontier#: tasks #-#: Terminated ...]
[... 128 further lines matching: srun: error: frontier#: tasks #-#,#-#: Terminated ...]
[... 116 further lines matching: srun: error: frontier#: tasks #-#,#-#,#-#: Terminated ...]
[... 107 further lines matching: srun: error: frontier#: tasks #,#: Terminated ...]
[... 83 further lines matching: srun: error: frontier#: tasks #,#,#: Terminated ...]
[... 72 further lines matching: srun: error: frontier#: task #: Terminated ...]
[... 46 further lines matching: srun: error: frontier#: tasks #,#,#,#: Terminated ...]
[... 34 further lines matching: srun: error: frontier#: tasks #-#,#-#,#-#,#-#: Terminated ...]
[... 7 further lines matching: srun: error: frontier#: tasks #,#,#,#,#: Terminated ...]
[... 7 further lines matching: srun: error: frontier#: tasks #-#,#-#,#-#,#-#,#-#: Terminated ...]
[... 2 further lines matching: srun: error: frontier#: tasks #-#,#,#: Terminated ...]
Running frontier nodes=512 ranks_per_node=56 dist=naive mode=fixed expected_us=10000 max_upper_fanout=-1
srun: Step created for StepId=5137550.75
RESULT distributor=naive mode=fixed expected_us=10000 nodes=512 world_size=28672 max_upper_fanout=-1 total_tasks=2946306 elapsed_s=20.7776 throughput_tasks_per_s=141802
MPICH Notice [Rank 0] [job id 5137550.75] [Sun Aug  2 03:28:04 2026] [frontier00096] - Abort(0) (rank 0 in comm 0): application called MPI_Abort(MPI_COMM_WORLD, 0) - process 0
aborting job:
application called MPI_Abort(MPI_COMM_WORLD, 0) - process 0
srun: error: frontier00096: task 0: Exited with exit code 255
srun: Terminating StepId=5137550.75
[2026-08-02T03:28:08.560] error: *** STEP 5137550.75 ON frontier00096 CANCELLED AT 2026-08-02T03:28:08 DUE TO TASK FAILURE ***
srun: error: frontier08801: task 25032: Terminated
srun: error: frontier04199: tasks 10088,10096,10135: Terminated
srun: error: frontier06780: tasks 15688,15696,15719,15727: Terminated
srun: error: frontier08270: tasks 21280,21288,21296,21327: Terminated
srun: error: frontier01139: tasks 1400,1408,1455: Terminated
srun: error: frontier06898: tasks 16391,16399: Terminated
srun: error: frontier08395: tasks 21960,21967-21968,21975-21976,21999,22002,22007: Terminated
srun: error: frontier04479: tasks 10752-10754,10758-10762,10767-10769,10775-10778,10781,10783,10786,10789-10793,10795,10799-10802,10806-10807: Terminated
srun: error: frontier03038: tasks 7008,7016,7024,7040-7041,7048-7049: Terminated
srun: error: frontier09159: tasks 26880-26935: Terminated
srun: error: frontier09026: tasks 26208-26263: Terminated
srun: error: frontier00102: tasks 168,176: Terminated
srun: error: frontier06650: tasks 15120-15121,15128-15129,15167,15175: Terminated
srun: error: frontier04199: tasks 10080-10087,10089-10095,10097-10134: Terminated
srun: error: frontier02529: tasks 4600,4608,4631,4639,4647: Terminated
srun: error: frontier08309: task 21904: Terminated
srun: error: frontier06780: tasks 15680-15687,15689-15695,15697-15718,15720-15726,15728-15735: Terminated
srun: error: frontier09028: tasks 26320,26328,26336,26367,26374: Terminated
srun: error: frontier04479: tasks 10755-10757,10763-10766,10770-10774,10779-10780,10782,10784-10785,10787-10788,10794,10796-10798,10803-10805: Terminated
srun: error: frontier08270: tasks 21281-21287,21289-21295,21297-21326,21328-21335: Terminated
srun: error: frontier02679: tasks 5153-5159,5161-5167,5169-5207: Terminated
srun: error: frontier05484: tasks 11929-11943,11945-11982: Terminated
srun: error: frontier01139: tasks 1401-1407,1409-1454: Terminated
srun: error: frontier08395: tasks 21952-21959,21961-21966,21969-21974,21977-21998,22000-22001,22003-22006: Terminated
srun: error: frontier03038: tasks 7000-7007,7009-7015,7017-7023,7025-7039,7042-7047,7050-7055: Terminated
srun: error: frontier07801: tasks 18816,18824,18831-18832,18863-18864,18871: Terminated
srun: error: frontier02523: tasks 4536,4544,4551-4552,4575,4583: Terminated
srun: error: frontier04206: tasks 10136-10137,10139,10144,10147,10152-10153,10155,10159,10161,10175,10183,10191: Terminated
srun: error: frontier06903: tasks 16416,16424,16431,16439,16447,16463: Terminated
srun: error: frontier08397: tasks 22024,22028,22035-22036,22043,22051,22059: Terminated
srun: error: frontier08037: tasks 20049-20055,20057-20063,20065-20086,20088-20103: Terminated
srun: error: frontier08670: tasks 23864,23872,23879,23895,23903,23911: Terminated
srun: error: frontier03579: tasks 8904,8920-8921,8949,8959: Terminated
srun: error: frontier06381: tasks 14504,14512,14520,14528,14536-14537: Terminated
srun: error: frontier07887: tasks 18934,18936,18944-18945,18975,18983: Terminated
srun: error: frontier02529: tasks 4592-4599,4601-4607,4609-4630,4632-4638,4640-4646: Terminated
srun: error: frontier09028: tasks 26321-26327,26329-26335,26337-26366,26368-26373,26375: Terminated
srun: error: frontier08436: tasks 22624-22625,22632,22664,22672,22679: Terminated
srun: error: frontier07412: tasks 17696,17703-17704,17706,17713,17727-17731,17735,17743: Terminated
srun: error: frontier03300: tasks 8344,8353,8360-8361,8366,8391,8399: Terminated
srun: error: frontier02158: tasks 3416,3432,3463-3464: Terminated
srun: error: frontier04207: tasks 10192,10208,10215,10223,10231,10239,10247: Terminated
srun: error: frontier04601: tasks 10864,10870-10871,10877-10878,10884-10887,10892,10908-10911,10917-10918: Terminated
srun: error: frontier09299: tasks 27664,27672,27680,27682,27703,27712-27714,27718: Terminated
srun: error: frontier04206: tasks 10138,10140-10143,10145-10146,10148-10151,10154,10156-10158,10160,10162-10174,10176-10182,10184-10190: Terminated
srun: error: frontier06109: tasks 13392,13408-13409,13420: Terminated
srun: error: frontier02681: tasks 5209,5211-5217,5219-5223,5225-5262: Terminated
srun: error: frontier02425: tasks 4032-4033,4035-4037,4039-4046,4048-4065,4067,4069,4071-4076,4079-4083,4085-4087: Terminated
srun: error: frontier06784: tasks 15904,15911-15912,15959: Terminated
srun: error: frontier08277: tasks 21511-21512,21520,21551,21559: Terminated
srun: error: frontier08397: tasks 22008-22023,22025-22027,22029-22034,22037-22042,22044-22050,22052-22058,22060-22063: Terminated
srun: error: frontier03304: tasks 8400,8403,8407,8411,8415,8418-8420,8423,8426-8427,8435,8439,8443,8447,8450,8452: Terminated
srun: error: frontier07887: tasks 18928-18933,18935,18937-18943,18946-18974,18976-18982: Terminated
srun: error: frontier07902: tasks 19040-19041,19048-19050,19056-19058,19087: Terminated
srun: error: frontier03314: tasks 8512,8520,8526,8528,8537,8539,8544,8549,8551,8559,8561,8563: Terminated
srun: error: frontier04219: tasks 10360,10375-10376,10380,10384,10415: Terminated
srun: error: frontier08289: tasks 21562,21564-21568,21572-21576,21580,21582-21583,21587-21591,21595-21599,21603-21608,21611-21615: Terminated
srun: error: frontier07412: tasks 17697-17702,17705,17707-17712,17714-17726,17732-17734,17736-17742,17744-17751: Terminated
srun: error: frontier00128: tasks 448,456,463-464,495: Terminated
srun: error: frontier08791: tasks 24696,24703-24704,24743,24751: Terminated
srun: error: frontier03173: tasks 7896,7900-7903,7908-7912,7916-7919,7924-7927,7929,7931-7935,7939-7943,7948-7951: Terminated
srun: error: frontier04601: tasks 10865-10869,10872-10876,10879-10883,10888-10891,10893-10907,10912-10916,10919: Terminated
srun: error: frontier09299: tasks 27665-27671,27673-27679,27681,27683-27702,27704-27711,27715-27717,27719: Terminated
srun: error: frontier02166: tasks 3584-3585,3595,3600,3608,3612,3631,3639: Terminated
srun: error: frontier06517: tasks 14784,14809,14823,14831,14838-14839: Terminated
srun: error: frontier02898: tasks 6104,6111-6112,6119-6120,6127,6135,6137,6148,6151,6159: Terminated
srun: error: frontier02425: tasks 4034,4038,4047,4066,4068,4070,4077-4078,4084: Terminated
srun: error: frontier08520: tasks 22904,22912,22936,22943-22944,22951,22959: Terminated
srun: error: frontier06761: tasks 15404,15406,15408,15412-15416,15419-15420,15422-15423,15427-15428,15430-15431,15435-15438,15443-15447,15451-15452,15454-15455: Terminated
srun: error: frontier04978: tasks 11144,11151-11152,11154,11160,11169,11175-11176,11185,11197: Terminated
srun: error: frontier08437: tasks 22680-22695,22697-22710,22712,22714-22734: Terminated
srun: error: frontier01917: tasks 2801,2803-2807,2809-2815,2817-2846,2848-2850,2852-2855: Terminated
srun: error: frontier03304: tasks 8401-8402,8404-8406,8408-8410,8412-8414,8416-8417,8421-8422,8424-8425,8428-8434,8436-8438,8440-8442,8444-8446,8448-8449,8451,8453-8455: Terminated
srun: error: frontier07911: tasks 19209,19216,19224,19232,19240,19246-19247,19255,19263: Terminated
srun: error: frontier03317: tasks 8688-8689,8695,8699,8703,8705,8707,8713,8715-8717,8720-8721,8723,8727-8729,8733: Terminated
srun: error: frontier03710: tasks 9352-9353,9355,9359-9361,9366,9368-9369,9376-9378,9385,9392,9394,9398-9399,9401-9402,9404-9406: Terminated
srun: error: frontier02656: tasks 5040-5041,5048,5073-5074,5093,5095: Terminated
srun: error: frontier03314: tasks 8513-8519,8521-8525,8527,8529-8536,8538,8540-8543,8545-8548,8550,8552-8558,8560,8562,8564-8567: Terminated
srun: error: frontier08664: tasks 23688,23703-23705,23720,23727-23728,23735,23737,23743: Terminated
srun: error: frontier08797: tasks 24864,24871-24872,24880,24895,24904,24918-24919: Terminated
srun: error: frontier06268: tasks 14344,14352,14371,14379-14380,14389: Terminated
srun: error: frontier08289: tasks 21560-21561,21563,21569-21571,21577-21579,21581,21584-21586,21592-21594,21600-21602,21609-21610: Terminated
srun: error: frontier07029: tasks 16856,16863-16864,16870,16872-16873,16885-16887,16891,16893,16901,16909-16911: Terminated
srun: error: frontier01146: tasks 1680-1687,1689-1695,1697-1711,1713-1732,1734: Terminated
srun: error: frontier04476: tasks 10640-10641,10648-10649,10656,10681,10695: Terminated
srun: error: frontier08431: tasks 22516,22518,22520,22524,22526,22532,22534,22540,22547-22548,22550-22551,22556,22558-22559,22563-22564,22566-22567: Terminated
srun: error: frontier03173: tasks 7897-7899,7904-7907,7913-7915,7920-7923,7928,7930,7936-7938,7944-7947: Terminated
srun: error: frontier02898: tasks 6105-6110,6113-6118,6121-6126,6128-6134,6136,6138-6147,6149-6150,6152-6158: Terminated
srun: error: frontier06761: tasks 15400-15403,15405,15407,15409-15411,15417-15418,15421,15424-15426,15429,15432-15434,15439-15442,15448-15450,15453: Terminated
srun: error: frontier04978: tasks 11145-11150,11153,11155-11159,11161-11168,11170-11174,11177-11184,11186-11196,11198-11199: Terminated
srun: error: frontier07911: tasks 19208,19210-19215,19217-19223,19225-19231,19233-19239,19241-19245,19248-19254,19256-19262: Terminated
srun: error: frontier03317: tasks 8680-8687,8690-8694,8696-8698,8700-8702,8704,8706,8708-8712,8714,8718-8719,8722,8724-8726,8730-8732,8734-8735: Terminated
srun: error: frontier06267: tasks 14280-14281,14283-14287,14289-14295,14297,14299-14335: Terminated
srun: error: frontier02400: tasks 3753-3759,3761-3767,3769-3782,3784-3797,3799-3805,3807: Terminated
srun: error: frontier03710: tasks 9354,9356-9358,9362-9365,9367,9370-9375,9379-9384,9386-9391,9393,9395-9397,9400,9403,9407: Terminated
srun: error: frontier00096: tasks 1,3-9,11-46,48-55: Terminated
srun: error: frontier02656: tasks 5042-5047,5049-5072,5075-5092,5094: Terminated
srun: error: frontier08664: tasks 23689-23702,23706-23719,23721-23726,23729-23734,23736,23738-23742: Terminated
srun: error: frontier07029: tasks 16857-16862,16865-16869,16871,16874-16884,16888-16890,16892,16894-16900,16902-16908: Terminated
srun: error: frontier01137: tasks 1344-1351,1353-1356,1358-1359,1361-1390,1392-1396,1398: Terminated
srun: error: frontier08431: tasks 22512-22515,22517,22519,22521-22523,22525,22527-22531,22533,22535-22539,22541-22546,22549,22552-22555,22557,22560-22562,22565: Terminated
srun: Force Terminated StepId=5137550.75
[... 169 further lines matching: srun: error: frontier#: tasks #-#: Terminated ...]
[... 107 further lines matching: srun: error: frontier#: tasks #-#,#-#,#-#: Terminated ...]
[... 94 further lines matching: srun: error: frontier#: tasks #,#,#: Terminated ...]
[... 83 further lines matching: srun: error: frontier#: tasks #-#,#-#,#-#,#-#: Terminated ...]
[... 80 further lines matching: srun: error: frontier#: tasks #,#,#,#: Terminated ...]
[... 76 further lines matching: srun: error: frontier#: tasks #-#,#-#: Terminated ...]
[... 43 further lines matching: srun: error: frontier#: tasks #,#: Terminated ...]
[... 43 further lines matching: srun: error: frontier#: tasks #,#,#,#,#: Terminated ...]
[... 30 further lines matching: srun: error: frontier#: task #: Terminated ...]
[... 28 further lines matching: srun: error: frontier#: tasks #-#,#-#,#-#,#-#,#-#: Terminated ...]
[... 6 further lines matching: srun: error: frontier#: tasks #,#,#,#,#,#: Terminated ...]
[... 6 further lines matching: srun: error: frontier#: tasks #-#,#-#,#-#,#-#,#-#,#-#: Terminated ...]
[... 2 further lines matching: srun: error: frontier#: tasks #,#-#,#: Terminated ...]
[... 1 further lines matching: srun: error: frontier#: tasks #,#,#-#,#,#: Terminated ...]
[... 1 further lines matching: srun: error: frontier#: tasks #,#-#,#,#: Terminated ...]
[... 1 further lines matching: srun: error: frontier#: tasks #-#,#-#,#-#,#-#,#: Terminated ...]
Running frontier nodes=512 ranks_per_node=56 dist=naive mode=fixed expected_us=100000 max_upper_fanout=-1
srun: Step created for StepId=5137550.76
RESULT distributor=naive mode=fixed expected_us=100000 nodes=512 world_size=28672 max_upper_fanout=-1 total_tasks=4677130 elapsed_s=20.5248 throughput_tasks_per_s=227876
MPICH Notice [Rank 0] [job id 5137550.76] [Sun Aug  2 03:28:48 2026] [frontier00096] - Abort(0) (rank 0 in comm 0): application called MPI_Abort(MPI_COMM_WORLD, 0) - process 0
aborting job:
application called MPI_Abort(MPI_COMM_WORLD, 0) - process 0
srun: error: frontier00096: task 0: Exited with exit code 255
srun: Terminating StepId=5137550.76
[2026-08-02T03:28:51.995] error: *** STEP 5137550.76 ON frontier00096 CANCELLED AT 2026-08-02T03:28:51 DUE TO TASK FAILURE ***
srun: error: frontier08801: tasks 25040,25048,25087: Terminated
srun: error: frontier04199: task 10080: Terminated
srun: error: frontier06780: tasks 15680,15688,15696,15704,15716,15719,15727: Terminated
srun: error: frontier09026: tasks 26208,26216,26247,26255,26263: Terminated
srun: error: frontier09159: tasks 26880,26888,26896,26904,26927-26928,26935: Terminated
srun: error: frontier04479: tasks 10783,10791,10807: Terminated
srun: error: frontier08270: tasks 21280,21295-21296,21335: Terminated
srun: error: frontier07296: tasks 17536,17551,17575,17583: Terminated
srun: error: frontier01139: tasks 1400,1408,1416,1439,1441,1447,1451,1454-1455: Terminated
srun: error: frontier08395: tasks 21952,21960,21999,22007: Terminated
srun: error: frontier03038: tasks 7000-7001,7008-7009,7016,7055: Terminated
srun: error: frontier02679: tasks 5152-5207: Terminated
srun: error: frontier03156: tasks 7711,7727: Terminated
srun: error: frontier05484: tasks 11928-11983: Terminated
srun: error: frontier02414: tasks 3920,3936: Terminated
srun: error: frontier08037: task 20064: Terminated
srun: error: frontier08801: tasks 25032-25039,25041-25047,25049-25086: Terminated
srun: error: frontier09026: tasks 26209-26215,26217-26246,26248-26254,26256-26262: Terminated
srun: error: frontier06780: tasks 15681-15687,15689-15695,15697-15703,15705-15715,15717-15718,15720-15726,15728-15735: Terminated
srun: error: frontier08270: tasks 21281-21294,21297-21334: Terminated
srun: error: frontier09181: tasks 27496,27503-27504,27512,27535: Terminated
srun: error: frontier09159: tasks 26881-26887,26889-26895,26897-26903,26905-26926,26929-26934: Terminated
srun: error: frontier04479: tasks 10752-10782,10784-10790,10792-10806: Terminated
srun: error: frontier07296: tasks 17528-17535,17537-17550,17552-17574,17576-17582: Terminated
srun: error: frontier01139: tasks 1401-1407,1409-1415,1417-1438,1440,1442-1446,1448-1450,1452-1453: Terminated
srun: error: frontier09420: tasks 28168,28176,28207,28215,28223: Terminated
srun: error: frontier01909: tasks 2688,2693,2696,2703-2704,2709,2715,2719,2727,2737: Terminated
srun: error: frontier03292: tasks 8288,8303,8319,8326-8327,8335,8337,8341,8343: Terminated
srun: error: frontier02523: tasks 4536,4542-4544,4546-4547,4551-4552,4554,4574-4575,4583-4585,4587,4591: Terminated
srun: error: frontier03156: tasks 7672-7710,7712-7726: Terminated
srun: error: frontier01140: tasks 1456,1460-1461,1463,1467,1471,1475-1476,1478-1479,1483,1486-1487,1491-1493,1499-1500,1502-1503,1507-1508,1511: Terminated
srun: error: frontier06381: tasks 14512,14520,14535,14543,14551,14559: Terminated
srun: error: frontier08042: tasks 20112,20120,20128,20135,20151,20159: Terminated
srun: error: frontier05229: tasks 11424,11432-11433,11440,11455,11458,11479: Terminated
srun: error: frontier02909: tasks 6496,6504,6512,6538,6543-6545,6551: Terminated
srun: error: frontier05497: tasks 12096-12098,12100,12104-12106,12108,12111-12114,12116,12121: Terminated
srun: error: frontier01909: tasks 2689-2692,2694-2695,2697-2702,2705-2708,2710-2714,2716-2718,2720-2726,2728-2736,2738-2743: Terminated
srun: error: frontier04207: tasks 10192,10197-10198,10208,10233,10247: Terminated
srun: error: frontier03292: tasks 8289-8302,8304-8318,8320-8325,8328-8334,8336,8338-8340,8342: Terminated
srun: error: frontier02523: tasks 4537-4541,4545,4548-4550,4553,4555-4573,4576-4582,4586,4588-4590: Terminated
srun: error: frontier03580: tasks 8960-8975,8977-8982,8984-8990,8992-8998,9000-9014: Terminated
srun: error: frontier04217: tasks 10304,10310-10312,10320,10358-10359: Terminated
srun: error: frontier01140: tasks 1457-1459,1462,1464-1466,1468-1470,1472-1474,1477,1480-1482,1484-1485,1488-1490,1494-1498,1501,1504-1506,1509-1510: Terminated
srun: error: frontier08277: tasks 21504-21505,21512,21519-21521,21535,21543,21551,21559: Terminated
srun: error: frontier02161: tasks 3472,3480,3486,3488,3503,3514,3519,3527: Terminated
srun: error: frontier08023: tasks 19600,19604-19605,19607,19612,19614,19620-19623,19627,19629-19631,19635-19639,19643-19644,19646-19647,19651-19655: Terminated
srun: error: frontier08899: tasks 25206,25208,25212,25214,25221-25223,25227-25228,25230,25235-25239,25243-25244,25246,25251-25252,25254: Terminated
srun: error: frontier06400: tasks 14672,14679-14680,14698,14703,14711,14719-14720,14722,14727: Terminated
srun: error: frontier06381: tasks 14504-14511,14513-14519,14521-14534,14536-14542,14544-14550,14552-14558: Terminated
srun: error: frontier06905: tasks 16520,16524-16525,16534,16536,16539,16547,16550-16551,16563,16571: Terminated
srun: error: frontier08399: tasks 22127-22128,22130,22136,22140,22152,22158,22175: Terminated
srun: error: frontier08042: tasks 20104-20111,20113-20119,20121-20127,20129-20134,20136-20150,20152-20158: Terminated
srun: error: frontier08918: tasks 25816,25824,25855-25856,25861-25863,25871: Terminated
srun: error: frontier03311: tasks 8462,8464,8472,8480,8495,8503,8511: Terminated
srun: error: frontier05497: tasks 12099,12101-12103,12107,12109-12110,12115,12117-12120,12122-12151: Terminated
srun: error: frontier03062: tasks 7284-7288,7292-7294,7301-7303,7308-7310,7312,7317-7319,7324-7327,7332-7333,7335: Terminated
srun: error: frontier05620: tasks 12209,12224,12245,12247-12248,12255,12263: Terminated
srun: error: frontier09167: tasks 27112,27119-27120,27143,27151,27159: Terminated
srun: error: frontier04087: tasks 9800,9824,9830,9838-9839,9844,9847,9855: Terminated
srun: error: frontier03315: tasks 8568,8576,8581,8585,8599,8608,8615-8617,8623: Terminated
srun: error: frontier08294: tasks 21617-21618,21624-21626,21632-21633,21647: Terminated
srun: error: frontier02917: tasks 6664,6671-6672,6677,6703,6711,6719: Terminated
srun: error: frontier05623: tasks 12264,12266,12273-12274,12280-12282,12295,12311,12319: Terminated
srun: error: frontier08675: tasks 24144,24151-24152,24191: Terminated
srun: error: frontier09305: tasks 27838,27847-27848,27850,27863-27865,27870-27871,27879,27887: Terminated
srun: error: frontier07260: tasks 17304,17312,17320,17322,17349,17351-17352,17358-17359: Terminated
srun: error: frontier08520: tasks 22904,22909,22911,22920,22935,22951,22953,22959: Terminated
srun: error: frontier08295: tasks 21672,21679-21680,21688,21705,21710,21712,21719: Terminated
srun: error: frontier07783: tasks 18592,18608,18614-18615,18623,18631,18639,18647: Terminated
srun: error: frontier00227: tasks 560,568,575-576: Terminated
srun: error: frontier02161: tasks 3473-3479,3481-3485,3487,3489-3502,3504-3513,3515-3518,3520-3526: Terminated
srun: error: frontier08023: tasks 19601-19603,19606,19608-19611,19613,19615-19619,19624-19626,19628,19632-19634,19640-19642,19645,19648-19650: Terminated
srun: error: frontier08899: tasks 25200-25205,25207,25209-25211,25213,25215-25220,25224-25226,25229,25231-25234,25240-25242,25245,25247-25250,25253,25255: Terminated
srun: error: frontier10175: tasks 28561,28568-28569,28576-28577,28607: Terminated
srun: error: frontier06400: tasks 14673-14678,14681-14697,14699-14702,14704-14710,14712-14718,14721,14723-14726: Terminated
srun: error: frontier02400: tasks 3752,3760,3768,3770,3775-3776,3784,3787,3794,3799,3801,3805,3807: Terminated
srun: error: frontier06905: tasks 16521-16523,16526-16533,16535,16537-16538,16540-16546,16548-16549,16552-16562,16564-16570,16572-16575: Terminated
srun: error: frontier08399: tasks 22120-22126,22129,22131-22135,22137-22139,22141-22151,22153-22157,22159-22174: Terminated
srun: error: frontier05883: tasks 13056-13057,13062,13064,13073,13075,13081,13087,13095-13096,13103: Terminated
srun: error: frontier03701: tasks 9296-9298,9304-9307,9312-9313,9315,9343: Terminated
srun: error: frontier06524: tasks 14904,14910,14912,14923-14924,14939,14947: Terminated
srun: error: frontier07913: tasks 19321-19322,19327,19329-19330,19336-19338,19345,19375: Terminated
srun: error: frontier04096: tasks 9968,9975-9976: Terminated
srun: error: frontier08422: tasks 22344,22360,22384,22390-22391,22399: Terminated
srun: error: frontier08268: tasks 21168,21171-21175,21179-21183,21185,21187-21192,21194-21199,21202-21205,21207,21209-21215,21218-21223: Terminated
srun: error: frontier05733: tasks 12495-12496,12504,12535,12543: Terminated
srun: error: frontier07912: tasks 19264,19272,19280,19287-19288,19296,19303,19311,19319: Terminated
srun: error: frontier03062: tasks 7280-7283,7289-7291,7295-7300,7304-7307,7311,7313-7316,7320-7323,7328-7331,7334: Terminated
srun: error: frontier05620: tasks 12208,12210-12223,12225-12244,12246,12249-12254,12256-12262: Terminated
srun: error: frontier03311: tasks 8456-8461,8463,8465-8471,8473-8479,8481-8494,8496-8502,8504-8510: Terminated
srun: error: frontier09158: tasks 26824,26827,26835,26838,26850,26854,26861,26871,26875-26876,26879: Terminated
srun: error: frontier03577: tasks 8792,8800,8807-8808,8832,8839: Terminated
srun: error: frontier02408: tasks 3871-3872,3880,3911,3919: Terminated
srun: error: frontier05118: tasks 11312,11321,11328,11335,11337,11347,11351,11354,11359,11367: Terminated
srun: error: frontier03151: tasks 7567-7568,7572,7579-7581,7587,7589,7595,7598-7599,7603-7606,7611-7612: Terminated
srun: error: frontier02519: tasks 4493,4495,4527-4528,4535: Terminated
srun: error: frontier03315: tasks 8569-8575,8577-8580,8582-8584,8586-8598,8600-8607,8609-8614,8618-8622: Terminated
srun: error: frontier00370: tasks 1065,1067-1071,1073-1078,1080-1118: Terminated
srun: error: frontier08294: tasks 21616,21619-21623,21627-21631,21634-21646,21648-21671: Terminated
srun: error: frontier05623: tasks 12265,12267-12272,12275-12279,12283-12294,12296-12310,12312-12318: Terminated
srun: error: frontier09305: tasks 27832-27837,27839-27846,27849,27851-27862,27866-27869,27872-27878,27880-27886: Terminated
srun: error: frontier07260: tasks 17305-17311,17313-17319,17321,17323-17348,17350,17353-17357: Terminated
srun: error: frontier08520: tasks 22905-22908,22910,22912-22919,22921-22934,22936-22950,22952,22954-22958: Terminated
srun: error: frontier08295: tasks 21673-21678,21681-21687,21689-21704,21706-21709,21711,21713-21718,21720-21727: Terminated
srun: error: frontier10175: tasks 28560,28562-28567,28570-28575,28578-28606,28608-28615: Terminated
srun: error: frontier02400: tasks 3753-3759,3761-3767,3769,3771-3774,3777-3783,3785-3786,3788-3793,3795-3798,3800,3802-3804,3806: Terminated
srun: error: frontier05883: tasks 13048-13055,13058-13061,13063,13065-13072,13074,13076-13080,13082-13086,13088-13094,13097-13102: Terminated
srun: error: frontier03701: tasks 9299-9303,9308-9311,9314,9316-9342,9344-9351: Terminated
srun: error: frontier07913: tasks 19320,19323-19326,19328,19331-19335,19339-19344,19346-19374: Terminated
srun: error: frontier08268: tasks 21169-21170,21176-21178,21184,21186,21193,21200-21201,21206,21208,21216-21217: Terminated
srun: error: frontier03827: tasks 9409-9415,9417-9423,9425-9438,9440,9442-9454,9456-9462: Terminated
srun: error: frontier09158: tasks 26825-26826,26828-26834,26836-26837,26839-26849,26851-26853,26855-26860,26862-26870,26872-26874,26877-26878: Terminated
srun: error: frontier05118: tasks 11313-11320,11322-11327,11329-11334,11336,11338-11346,11348-11350,11352-11353,11355-11358,11360-11366: Terminated
srun: error: frontier05485: tasks 11985,11987-11991,11993,11995-11999,12001,12003-12009,12011-12039: Terminated
srun: error: frontier03151: tasks 7560-7566,7569-7571,7573-7578,7582-7586,7588,7590-7594,7596-7597,7600-7602,7607-7610,7613-7615: Terminated
srun: error: frontier02519: tasks 4480-4492,4494,4496-4526,4529-4534: Terminated
srun: Force Terminated StepId=5137550.76
[... 181 further lines matching: srun: error: frontier#: tasks #-#: Terminated ...]
[... 108 further lines matching: srun: error: frontier#: tasks #-#,#-#,#-#: Terminated ...]
[... 83 further lines matching: srun: error: frontier#: tasks #,#,#: Terminated ...]
[... 75 further lines matching: srun: error: frontier#: tasks #-#,#-#: Terminated ...]
[... 72 further lines matching: srun: error: frontier#: tasks #,#,#,#: Terminated ...]
[... 66 further lines matching: srun: error: frontier#: tasks #-#,#-#,#-#,#-#: Terminated ...]
[... 53 further lines matching: srun: error: frontier#: tasks #,#: Terminated ...]
[... 31 further lines matching: srun: error: frontier#: tasks #,#,#,#,#: Terminated ...]
[... 23 further lines matching: srun: error: frontier#: task #: Terminated ...]
[... 18 further lines matching: srun: error: frontier#: tasks #-#,#-#,#-#,#-#,#-#: Terminated ...]
[... 13 further lines matching: srun: error: frontier#: tasks #-#,#-#,#-#,#-#,#-#,#-#: Terminated ...]
[... 11 further lines matching: srun: error: frontier#: tasks #,#,#,#,#,#: Terminated ...]
[... 4 further lines matching: srun: error: frontier#: tasks #,#,#,#,#,#,#: Terminated ...]
[... 2 further lines matching: srun: error: frontier#: tasks #-#,#-#,#-#,#-#,#-#,#-#,#-#: Terminated ...]
[... 1 further lines matching: srun: error: frontier#: tasks #-#,#-#,#,#-#,#-#,#-#,#-#: Terminated ...]
Running frontier nodes=512 ranks_per_node=56 dist=naive mode=fixed expected_us=1000000 max_upper_fanout=-1
srun: Step created for StepId=5137550.77
RESULT distributor=naive mode=fixed expected_us=1000000 nodes=512 world_size=28672 max_upper_fanout=-1 total_tasks=686441 elapsed_s=24.2017 throughput_tasks_per_s=28363.4
MPICH Notice [Rank 0] [job id 5137550.77] [Sun Aug  2 03:29:35 2026] [frontier00096] - Abort(0) (rank 0 in comm 0): application called MPI_Abort(MPI_COMM_WORLD, 0) - process 0
aborting job:
application called MPI_Abort(MPI_COMM_WORLD, 0) - process 0
srun: error: frontier00096: task 0: Exited with exit code 255
srun: Terminating StepId=5137550.77
[2026-08-02T03:29:39.261] error: *** STEP 5137550.77 ON frontier00096 CANCELLED AT 2026-08-02T03:29:39 DUE TO TASK FAILURE ***
srun: error: frontier04199: tasks 10088,10096,10127: Terminated
srun: error: frontier04479: tasks 10752,10760,10799,10807: Terminated
srun: error: frontier06898: tasks 16360,16368,16391: Terminated
srun: error: frontier01139: tasks 1400,1416,1439,1447: Terminated
srun: error: frontier06780: tasks 15680-15735: Terminated
srun: error: frontier03038: tasks 7000,7005,7008,7039,7047,7055: Terminated
srun: error: frontier02679: tasks 5152-5207: Terminated
srun: error: frontier05746: tasks 12600,12607-12608,12616: Terminated
srun: error: frontier02414: tasks 3920,3922-3923,3927-3928,3930-3931,3938-3939,3975: Terminated
srun: error: frontier04199: tasks 10080-10087,10089-10095,10097-10126,10128-10135: Terminated
srun: error: frontier00102: tasks 168,176,207,215,223: Terminated
srun: error: frontier02788: tasks 5776,5784,5807,5815,5823: Terminated
srun: error: frontier05223: tasks 11368,11384,11406-11408,11415,11423: Terminated
srun: error: frontier04479: tasks 10753-10759,10761-10798,10800-10806: Terminated
srun: error: frontier06898: tasks 16352-16359,16361-16367,16369-16390,16392-16407: Terminated
srun: error: frontier05496: tasks 12040,12095: Terminated
srun: error: frontier03038: tasks 7001-7004,7006-7007,7009-7038,7040-7046,7048-7054: Terminated
srun: error: frontier01909: tasks 2688,2696,2704-2705,2713,2720,2728-2729,2735,2743: Terminated
srun: error: frontier05746: tasks 12601-12606,12609-12615,12617-12655: Terminated
srun: error: frontier01280: tasks 2073-2079,2081-2126: Terminated
srun: error: frontier06781: tasks 15736,15743-15744,15751-15752,15759-15761,15776,15782,15789,15791: Terminated
srun: error: frontier02681: tasks 5208,5224,5239,5247,5255,5263: Terminated
srun: error: frontier02414: tasks 3921,3924-3926,3929,3932-3937,3940-3974: Terminated
srun: error: frontier03959: tasks 9576,9584,9591-9592,9623,9631: Terminated
srun: error: frontier02788: tasks 5768-5775,5777-5783,5785-5806,5808-5814,5816-5822: Terminated
srun: error: frontier02532: tasks 4648,4656-4657,4664,4666,4671,4673,4689,4695,4697,4703: Terminated
srun: error: frontier06139: tasks 13944-13945,13952-13953,13983,13991: Terminated
srun: error: frontier01909: tasks 2689-2695,2697-2703,2706-2712,2714-2719,2721-2727,2730-2734,2736-2742: Terminated
srun: error: frontier01141: task 1512: Terminated
srun: error: frontier05757: tasks 12712,12727-12728,12759: Terminated
srun: error: frontier02523: tasks 4537-4543,4545-4590: Terminated
srun: error: frontier02792: tasks 5936,5939-5944,5947-5951,5955-5959,5962-5967,5971-5976,5979-5980,5983,5987-5988,5991: Terminated
srun: error: frontier06109: tasks 13384,13393: Terminated
srun: error: frontier06781: tasks 15737-15742,15745-15750,15753-15758,15762-15775,15777-15781,15783-15788,15790: Terminated
srun: error: frontier07156: tasks 17087-17088,17096,17127,17135: Terminated
srun: error: frontier05872: tasks 12825,12831-12833,12840-12841,12843,12851,12857,12859,12865,12879: Terminated
srun: error: frontier00127: tasks 392,408,440-441,447: Terminated
srun: error: frontier05758: tasks 12775-12776,12783-12784,12791,12815,12823: Terminated
srun: error: frontier06905: tasks 16520,16523-16528,16530-16535,16540-16545,16548-16552,16554-16560,16562,16564-16569,16571-16575: Terminated
srun: error: frontier02532: tasks 4649-4655,4658-4663,4665,4667-4670,4672,4674-4688,4690-4694,4696,4698-4702: Terminated
srun: error: frontier06755: task 15288: Terminated
srun: error: frontier00369: tasks 1015-1016,1023-1024,1031,1033,1039,1047,1055,1063: Terminated
srun: error: frontier06142: tasks 14064,14071-14072,14095,14111: Terminated
srun: error: frontier02897: tasks 6048,6055-6056,6071,6079-6080,6095,6103: Terminated
srun: error: frontier04726: tasks 10976-10977,10980-10984,10986-10994,10998-11001,11003,11006-11008,11010,11015-11018,11020,11022-11023,11027-11031: Terminated
srun: error: frontier00371: tasks 1120,1127-1128,1159,1167,1175: Terminated
srun: error: frontier04207: tasks 10193-10207,10209-10230,10232,10234-10238,10240-10247: Terminated
srun: error: frontier06111: tasks 13497,13503-13504,13511-13512,13516,13535,13538,13546-13547,13551: Terminated
srun: error: frontier03173: tasks 7896,7900,7902-7903,7908-7910,7912,7916-7918,7924-7926,7932,7934-7935,7940-7942,7947-7948: Terminated
srun: error: frontier06888: tasks 16016,16031-16032,16048,16055-16057,16071: Terminated
srun: error: frontier02792: tasks 5937-5938,5945-5946,5952-5954,5960-5961,5968-5970,5977-5978,5981-5982,5984-5986,5989-5990: Terminated
srun: error: frontier06517: tasks 14792,14799,14823,14830-14832,14839: Terminated
srun: error: frontier06762: tasks 15458,15464-15466,15472-15474,15481,15487,15489,15511: Terminated
srun: error: frontier02511: tasks 4256-4257,4261,4263-4265,4267-4269,4271-4272,4274-4275,4277,4279-4283,4287-4289,4291,4293,4295-4297,4299,4301-4303,4305,4307,4310-4311: Terminated
srun: error: frontier03316: tasks 8624,8639-8640,8657,8671-8672,8676,8679: Terminated
srun: error: frontier03188: tasks 8064,8072-8073,8080,8119: Terminated
srun: error: frontier05872: tasks 12824,12826-12830,12834-12839,12842,12844-12850,12852-12856,12858,12860-12864,12866-12878: Terminated
srun: error: frontier03031: tasks 6832,6834,6840,6848,6868,6879-6880: Terminated
srun: error: frontier03317: tasks 8685-8686,8693,8707-8710,8718,8723-8725,8727,8731-8733: Terminated
srun: error: frontier00096: tasks 2,7,10,18,23,31,39,47: Terminated
srun: error: frontier06905: tasks 16521-16522,16529,16536-16539,16546-16547,16553,16561,16563,16570: Terminated
srun: error: frontier04331: tasks 10531-10536,10539-10542,10544,10547-10551,10554-10557,10563-10567,10571-10575,10579,10581-10583: Terminated
srun: error: frontier06524: tasks 14896,14905,14912-14913,14919-14920,14928,14938,14942,14945-14946,14951: Terminated
srun: error: frontier02900: tasks 6216,6223-6224,6228-6229,6232,6239-6240,6243,6245,6251,6264,6269: Terminated
srun: error: frontier03032: tasks 6888,6896,6903-6904,6912,6919,6927,6943: Terminated
srun: error: frontier03318: tasks 8737,8743-8744,8746,8748,8751-8753,8755,8759-8760,8763,8769,8777,8779,8781,8783-8785,8787: Terminated
srun: error: frontier00369: tasks 1008-1014,1017-1022,1025-1030,1032,1034-1038,1040-1046,1048-1054,1056-1062: Terminated
srun: error: frontier00250: tasks 728-729,737-738,744,746,751-752,759,767,777,782-783: Terminated
srun: error: frontier03037: tasks 6944,6960,6975-6976,6991-6992,6999: Terminated
srun: error: frontier02150: tasks 3192,3200,3206,3208,3223,3233,3243,3247: Terminated
srun: error: frontier04726: tasks 10978-10979,10985,10995-10997,11002,11004-11005,11009,11011-11014,11019,11021,11024-11026: Terminated
srun: error: frontier06649: tasks 15064-15065,15071-15072,15079,15089,15095,15103,15113,15119: Terminated
srun: error: frontier03173: tasks 7897-7899,7901,7904-7907,7911,7913-7915,7919-7923,7927-7931,7933,7936-7939,7943-7946,7949-7951: Terminated
srun: error: frontier06111: tasks 13496,13498-13502,13505-13510,13513-13515,13517-13534,13536-13537,13539-13545,13548-13550: Terminated
srun: error: frontier04078: tasks 9754-9755,9760,9763: Terminated
srun: error: frontier02550: tasks 4817-4829,4831,4833-4849,4851-4862,4864-4871: Terminated
srun: error: frontier02511: tasks 4258-4260,4262,4266,4270,4273,4276,4278,4284-4286,4290,4292,4294,4298,4300,4304,4306,4308-4309: Terminated
srun: error: frontier06762: tasks 15456-15457,15459-15463,15467-15471,15475-15480,15482-15486,15488,15490-15510: Terminated
srun: error: frontier02515: tasks 4313-4319,4321-4325,4327,4329-4342,4344-4367: Terminated
srun: error: frontier03031: tasks 6833,6835-6839,6841-6847,6849-6867,6869-6878,6881-6887: Terminated
srun: error: frontier03317: tasks 8680-8684,8687-8692,8694-8706,8711-8717,8719-8722,8726,8728-8730,8734-8735: Terminated
srun: error: frontier04331: tasks 10528-10530,10537-10538,10543,10545-10546,10552-10553,10558-10562,10568-10570,10576-10578,10580: Terminated
srun: error: frontier00096: tasks 1,3-6,8-9,11-17,19-22,24-30,32-38,40-46,48-55: Terminated
srun: error: frontier06524: tasks 14897-14904,14906-14911,14914-14918,14921-14927,14929-14937,14939-14941,14943-14944,14947-14950: Terminated
srun: error: frontier02900: tasks 6217-6222,6225-6227,6230-6231,6233-6238,6241-6242,6244,6246-6250,6252-6263,6265-6268,6270-6271: Terminated
srun: error: frontier05247: tasks 11816-11823,11825-11831,11833-11838,11840-11846,11848-11862,11864-11871: Terminated
srun: error: frontier03032: tasks 6889-6895,6897-6902,6905-6911,6913-6918,6920-6926,6928-6942: Terminated
srun: error: frontier03318: tasks 8736,8738-8742,8745,8747,8749-8750,8754,8756-8758,8761-8762,8764-8768,8770-8776,8778,8780,8782,8786,8788-8791: Terminated
srun: error: frontier00250: tasks 730-736,739-743,745,747-750,753-758,760-766,768-776,778-781: Terminated
srun: error: frontier02150: tasks 3193-3199,3201-3205,3207,3209-3222,3224-3232,3234-3242,3244-3246: Terminated
srun: error: frontier06649: tasks 15066-15070,15073-15078,15080-15088,15090-15094,15096-15102,15104-15112,15114-15118: Terminated
srun: Force Terminated StepId=5137550.77
[... 319 further lines matching: srun: error: frontier#: tasks #-#: Terminated ...]
[... 53 further lines matching: srun: error: frontier#: tasks #-#,#-#,#-#: Terminated ...]
[... 52 further lines matching: srun: error: frontier#: tasks #-#,#-#,#-#,#-#: Terminated ...]
[... 45 further lines matching: srun: error: frontier#: tasks #,#,#,#: Terminated ...]
[... 42 further lines matching: srun: error: frontier#: tasks #,#,#: Terminated ...]
[... 29 further lines matching: srun: error: frontier#: tasks #,#,#,#,#: Terminated ...]
[... 27 further lines matching: srun: error: frontier#: tasks #-#,#-#,#-#,#-#,#-#: Terminated ...]
[... 21 further lines matching: srun: error: frontier#: tasks #-#,#-#: Terminated ...]
[... 10 further lines matching: srun: error: frontier#: tasks #,#,#,#,#,#: Terminated ...]
[... 7 further lines matching: srun: error: frontier#: tasks #,#: Terminated ...]
[... 4 further lines matching: srun: error: frontier#: tasks #,#-#,#,#: Terminated ...]
[... 3 further lines matching: srun: error: frontier#: task #: Terminated ...]
[... 2 further lines matching: srun: error: frontier#: tasks #-#,#-#,#-#,#-#,#-#,#-#: Terminated ...]
[... 1 further lines matching: srun: error: frontier#: tasks #,#-#,#: Terminated ...]
[... 1 further lines matching: srun: error: frontier#: tasks #,#,#-#,#,#: Terminated ...]
Running frontier nodes=512 ranks_per_node=56 dist=naive mode=uniform expected_us=10 max_upper_fanout=-1
RESULT distributor=naive mode=uniform expected_us=10 nodes=512 world_size=28672 max_upper_fanout=-1 total_tasks=19029013 elapsed_s=20.118 throughput_tasks_per_s=945871
MPICH Notice [Rank 0] [job id 5137550.78] [Sun Aug  2 03:30:22 2026] [frontier00096] - Abort(0) (rank 0 in comm 0): application called MPI_Abort(MPI_COMM_WORLD, 0) - process 0
aborting job:
application called MPI_Abort(MPI_COMM_WORLD, 0) - process 0
srun: error: frontier00096: task 0: Exited with exit code 255
srun: Terminating StepId=5137550.78
[2026-08-02T03:30:25.888] error: *** STEP 5137550.78 ON frontier00096 CANCELLED AT 2026-08-02T03:30:25 DUE TO TASK FAILURE ***
srun: error: frontier08801: tasks 25040,25048,25087: Terminated
srun: error: frontier04199: tasks 10088,10096,10127,10135: Terminated
srun: error: frontier08270: tasks 21280-21283,21288-21291,21296,21298-21299: Terminated
srun: error: frontier05484: tasks 11928,11944,11983: Terminated
srun: error: frontier07296: tasks 17528,17544,17567,17583: Terminated
srun: error: frontier09026: tasks 26208-26263: Terminated
srun: error: frontier06780: tasks 15680-15735: Terminated
srun: error: frontier03038: tasks 7008-7009,7023,7025,7042,7047,7055: Terminated
srun: error: frontier05746: tasks 12600,12602,12616,12623,12631,12642,12655: Terminated
srun: error: frontier03156: tasks 7688,7727: Terminated
srun: error: frontier08524: tasks 23136,23144,23175,23177,23183: Terminated
srun: error: frontier03578: tasks 8848,8864,8879,8895,8903: Terminated
srun: error: frontier08801: tasks 25032-25039,25041-25047,25049-25086: Terminated
srun: error: frontier04199: tasks 10080-10087,10089-10095,10097-10126,10128-10134: Terminated
srun: error: frontier08270: tasks 21284-21287,21292-21295,21297,21300-21335: Terminated
srun: error: frontier09028: tasks 26320,26367: Terminated
srun: error: frontier05484: tasks 11929-11943,11945-11982: Terminated
srun: error: frontier06898: tasks 16353-16390,16392-16398,16400-16407: Terminated
srun: error: frontier00353: tasks 840-879,881-895: Terminated
srun: error: frontier08395: tasks 21953-21959,21961-21982,21984-21990,21992-22007: Terminated
srun: error: frontier03038: tasks 7000-7007,7010-7022,7024,7026-7041,7043-7046,7048-7054: Terminated
srun: error: frontier05746: tasks 12601,12603-12615,12617-12622,12624-12630,12632-12641,12643-12654: Terminated
srun: error: frontier08524: tasks 23128-23135,23137-23143,23145-23174,23176,23178-23182: Terminated
srun: error: frontier03580: tasks 8960-8962,8964,8968,8970,8972,8976-8977,8980,8983: Terminated
srun: error: frontier09160: task 26991: Terminated
srun: error: frontier01140: tasks 1456-1457,1464,1472-1473,1495: Terminated
srun: error: frontier08397: tasks 22015-22016,22024,22031,22047,22055,22063: Terminated
srun: error: frontier04595: task 10855: Terminated
srun: error: frontier03579: tasks 8911-8912,8920,8927-8929,8943,8951,8959: Terminated
srun: error: frontier08042: tasks 20104,20120,20135,20142-20143,20151,20159: Terminated
srun: error: frontier03959: tasks 9576,9584,9592,9608,9615-9616,9623: Terminated
srun: error: frontier05229: tasks 11424,11426,11431,11433,11450,11463,11467-11468,11479: Terminated
srun: error: frontier02908: tasks 6440-6455,6457-6470,6472-6478,6480-6486,6488-6494: Terminated
srun: error: frontier08398: tasks 22064,22071-22072,22097,22119: Terminated
srun: error: frontier03580: tasks 8963,8965-8967,8969,8971,8973-8975,8978-8979,8981-8982,8984-9015: Terminated
srun: error: frontier02538: tasks 4704,4712,4720,4743,4751,4759: Terminated
srun: error: frontier08397: tasks 22008-22014,22017-22023,22025-22030,22032-22046,22048-22054,22056-22062: Terminated
srun: error: frontier08525: tasks 23184,23186-23214,23216-23222,23224-23238: Terminated
srun: error: frontier08547: tasks 23352,23361,23368,23376-23377,23391,23399,23407: Terminated
srun: error: frontier05872: tasks 12825,12832,12837,12840,12849,12863,12871,12879: Terminated
srun: error: frontier02161: tasks 3472,3480,3486,3488,3496,3503,3511,3519,3527: Terminated
srun: error: frontier06783: tasks 15848-15850,15856,15858,15864-15866,15873,15887,15903: Terminated
srun: error: frontier03579: tasks 8904-8910,8913-8919,8921-8926,8930-8942,8944-8950,8952-8958: Terminated
srun: error: frontier06905: tasks 16528,16543,16551,16559,16567,16575: Terminated
srun: error: frontier05758: tasks 12776,12783-12784: Terminated
srun: error: frontier08042: tasks 20105-20119,20121-20134,20136-20141,20144-20150,20152-20158: Terminated
srun: error: frontier03314: tasks 8512,8527-8528,8567: Terminated
srun: error: frontier08918: tasks 25816,25823-25824,25832,25847: Terminated
srun: error: frontier05229: tasks 11425,11427-11430,11432,11434-11449,11451-11462,11464-11466,11469-11478: Terminated
srun: error: frontier00369: tasks 1008,1010-1063: Terminated
srun: error: frontier08549: tasks 23412,23416,23424,23447,23454-23455,23457: Terminated
srun: error: frontier03062: tasks 7284,7294,7296,7300,7302,7308,7310,7326: Terminated
srun: error: frontier08129: tasks 20341,20357-20358,20366,20372,20380: Terminated
srun: error: frontier03315: tasks 8568,8584,8593-8594: Terminated
srun: error: frontier04078: tasks 9744,9748,9750,9752,9754,9756,9760-9762,9764-9766,9780-9781,9791,9799: Terminated
srun: error: frontier04323: tasks 10417-10418,10424,10426,10434: Terminated
srun: error: frontier06904: tasks 16465-16479,16481-16484,16486,16488-16517,16519: Terminated
srun: error: frontier06888: tasks 16019,16043,16056,16062,16064,16069,16071: Terminated
srun: error: frontier01149: tasks 1740,1744,1750,1758,1760,1778,1783-1784,1791: Terminated
srun: error: frontier07770: tasks 18539,18547-18548,18555,18563,18571,18579,18582,18587: Terminated
srun: error: frontier06517: tasks 14791-14792,14795,14799-14800,14806,14823: Terminated
srun: error: frontier02927: tasks 6728,6736,6752-6753: Terminated
srun: error: frontier05872: tasks 12824,12826-12831,12833-12836,12838-12839,12841-12848,12850-12862,12864-12870,12872-12878: Terminated
srun: error: frontier02899: tasks 6165-6166,6168,6175,6183,6188,6190,6197,6205,6207,6212,6214: Terminated
srun: error: frontier02161: tasks 3473-3479,3481-3485,3487,3489-3495,3497-3502,3504-3510,3512-3518,3520-3526: Terminated
srun: error: frontier09040: tasks 26712,26715,26720,26731-26732,26739,26745,26748,26751,26753,26763: Terminated
srun: error: frontier06783: tasks 15851-15855,15857,15859-15863,15867-15872,15874-15886,15888-15902: Terminated
srun: error: frontier04982: tasks 11200,11207-11208,11216: Terminated
srun: error: frontier07028: tasks 16807,16816,16818,16821,16823,16834,16839,16841,16847,16855: Terminated
srun: error: frontier02656: tasks 5040,5048,5055-5056,5087,5093,5095: Terminated
srun: error: frontier03827: tasks 9408-9410,9416-9418,9425-9426,9431,9463: Terminated
srun: error: frontier06894: tasks 16184-16185,16200,16223,16231: Terminated
srun: error: frontier07029: tasks 16863-16864,16911: Terminated
srun: error: frontier08549: tasks 23408-23411,23413-23415,23417-23423,23425-23446,23448-23453,23456,23458-23463: Terminated
srun: error: frontier08133: tasks 20552,20560,20567-20568,20576,20606: Terminated
srun: error: frontier03062: tasks 7280-7283,7285-7293,7295,7297-7299,7301,7303-7307,7309,7311-7325,7327-7335: Terminated
srun: error: frontier06895: tasks 16240,16247,16255-16256,16295: Terminated
srun: error: frontier02897: tasks 6049-6055,6057-6063,6065-6086,6088-6101,6103: Terminated
srun: error: frontier07800: tasks 18760-18762,18768-18769,18776-18778,18784,18815: Terminated
srun: error: frontier04078: tasks 9745-9747,9749,9751,9753,9755,9757-9759,9763,9767-9779,9782-9790,9792-9798: Terminated
srun: error: frontier04323: tasks 10416,10419-10423,10425,10427-10433,10435-10471: Terminated
srun: error: frontier06888: tasks 16016-16018,16020-16042,16044-16055,16057-16061,16063,16065-16068,16070: Terminated
srun: error: frontier07770: tasks 18536-18538,18540-18546,18549-18554,18556-18562,18564-18570,18572-18578,18580-18581,18583-18586,18588-18591: Terminated
srun: error: frontier01149: tasks 1736-1739,1741-1743,1745-1749,1751-1757,1759,1761-1777,1779-1782,1785-1790: Terminated
srun: error: frontier02899: tasks 6160-6164,6167,6169-6174,6176-6182,6184-6187,6189,6191-6196,6198-6204,6206,6208-6211,6213,6215: Terminated
srun: error: frontier09040: tasks 26713-26714,26716-26719,26721-26730,26733-26738,26740-26744,26746-26747,26749-26750,26752,26754-26762,26764-26767: Terminated
srun: error: frontier02783: tasks 5601-5607,5609-5615,5617-5631,5633,5635-5652,5654: Terminated
srun: error: frontier07028: tasks 16800-16806,16808-16815,16817,16819-16820,16822,16824-16833,16835-16838,16840,16842-16846,16848-16854: Terminated
srun: error: frontier02302: tasks 3696-3703,3705-3711,3713-3718,3720-3728,3730-3734,3736-3741,3743-3750: Terminated
srun: error: frontier02656: tasks 5041-5047,5049-5054,5057-5086,5088-5092,5094: Terminated
srun: error: frontier08797: tasks 24865-24872,24874-24879,24881-24893,24895,24897-24902,24904-24906,24908-24913,24915-24919: Terminated
srun: Force Terminated StepId=5137550.78
[... 197 further lines matching: srun: error: frontier#: tasks #-#: Terminated ...]
[... 96 further lines matching: srun: error: frontier#: tasks #-#,#-#,#-#: Terminated ...]
[... 89 further lines matching: srun: error: frontier#: tasks #-#,#-#: Terminated ...]
[... 81 further lines matching: srun: error: frontier#: tasks #,#,#: Terminated ...]
[... 72 further lines matching: srun: error: frontier#: tasks #,#,#,#: Terminated ...]
[... 69 further lines matching: srun: error: frontier#: tasks #-#,#-#,#-#,#-#: Terminated ...]
[... 48 further lines matching: srun: error: frontier#: tasks #,#: Terminated ...]
[... 34 further lines matching: srun: error: frontier#: task #: Terminated ...]
[... 31 further lines matching: srun: error: frontier#: tasks #,#,#,#,#: Terminated ...]
[... 10 further lines matching: srun: error: frontier#: tasks #-#,#-#,#-#,#-#,#-#,#-#: Terminated ...]
[... 10 further lines matching: srun: error: frontier#: tasks #-#,#-#,#-#,#-#,#-#: Terminated ...]
[... 5 further lines matching: srun: error: frontier#: tasks #,#,#,#,#,#: Terminated ...]
[... 3 further lines matching: srun: error: frontier#: tasks #,#,#,#,#,#,#: Terminated ...]
[... 1 further lines matching: srun: error: frontier#: tasks #,#-#,#,#: Terminated ...]
[... 1 further lines matching: srun: error: frontier#: tasks #,#,#,#,#,#,#,#: Terminated ...]
[... 1 further lines matching: srun: error: frontier#: tasks #,#-#,#: Terminated ...]
[... 1 further lines matching: srun: error: frontier#: tasks #-#,#-#,#,#-#: Terminated ...]
[... 1 further lines matching: srun: error: frontier#: tasks #-#,#-#,#-#,#-#,#: Terminated ...]
Running frontier nodes=512 ranks_per_node=56 dist=naive mode=uniform expected_us=100 max_upper_fanout=-1
srun: Step created for StepId=5137550.79
RESULT distributor=naive mode=uniform expected_us=100 nodes=512 world_size=28672 max_upper_fanout=-1 total_tasks=6775240 elapsed_s=20.3032 throughput_tasks_per_s=333702
MPICH Notice [Rank 0] [job id 5137550.79] [Sun Aug  2 03:31:05 2026] [frontier00096] - Abort(0) (rank 0 in comm 0): application called MPI_Abort(MPI_COMM_WORLD, 0) - process 0
aborting job:
application called MPI_Abort(MPI_COMM_WORLD, 0) - process 0
srun: error: frontier00096: task 0: Exited with exit code 255
srun: Terminating StepId=5137550.79
[2026-08-02T03:31:09.037] error: *** STEP 5137550.79 ON frontier00096 CANCELLED AT 2026-08-02T03:31:09 DUE TO TASK FAILURE ***
srun: error: frontier04199: tasks 10096,10119,10127,10135: Terminated
srun: error: frontier05484: tasks 11944,11975,11983: Terminated
srun: error: frontier06780: tasks 15688,15696,15719,15727,15735: Terminated
srun: error: frontier08270: tasks 21280,21296,21327,21335: Terminated
srun: error: frontier09159: tasks 26880,26888,26896: Terminated
srun: error: frontier07296: tasks 17528,17544: Terminated
srun: error: frontier07667: tasks 18208,18255: Terminated
srun: error: frontier02414: tasks 3922,3930,3938,3967,3975: Terminated
srun: error: frontier06650: tasks 15128,15137,15142,15145,15151,15167-15168,15175: Terminated
srun: error: frontier04199: tasks 10080-10095,10097-10118,10120-10126,10128-10134: Terminated
srun: error: frontier06898: tasks 16352-16407: Terminated
srun: error: frontier06780: tasks 15680-15687,15689-15695,15697-15718,15720-15726,15728-15734: Terminated
srun: error: frontier09026: tasks 26208-26263: Terminated
srun: error: frontier02788: tasks 5768,5773,5781,5784,5788-5789,5791,5796-5797,5805,5812-5813: Terminated
srun: error: frontier08270: tasks 21281-21295,21297-21326,21328-21334: Terminated
srun: error: frontier09159: tasks 26881-26887,26889-26895,26897-26935: Terminated
srun: error: frontier04479: tasks 10753-10766,10768-10806: Terminated
srun: error: frontier07154: tasks 16968,16975-16976,16993,17015: Terminated
srun: error: frontier07296: tasks 17529-17543,17545-17583: Terminated
srun: error: frontier06008: tasks 13216,13224,13232,13235,13255,13263: Terminated
srun: error: frontier08526: tasks 23243,23245,23248,23259,23267,23275,23283: Terminated
srun: error: frontier03038: tasks 7001-7007,7009-7015,7017-7046,7048-7055: Terminated
srun: error: frontier06903: tasks 16414,16416,16422,16427-16428,16435,16443,16451,16454,16459: Terminated
srun: error: frontier02414: tasks 3920-3921,3923-3929,3931-3937,3939-3966,3968-3974: Terminated
srun: error: frontier09298: tasks 27608,27624,27631,27638,27642,27650: Terminated
srun: error: frontier06650: tasks 15120-15127,15129-15136,15138-15141,15143-15144,15146-15150,15152-15166,15169-15174: Terminated
srun: error: frontier08670: task 23872: Terminated
srun: error: frontier02788: tasks 5769-5772,5774-5780,5782-5783,5785-5787,5790,5792-5795,5798-5804,5806-5811,5814-5823: Terminated
srun: error: frontier05497: tasks 12096,12111-12112,12143: Terminated
srun: error: frontier06008: tasks 13217-13223,13225-13231,13233-13234,13236-13254,13256-13262,13264-13271: Terminated
srun: error: frontier08526: tasks 23240-23242,23244,23246-23247,23249-23258,23260-23266,23268-23274,23276-23282,23284-23295: Terminated
srun: error: frontier04601: tasks 10864,10891-10892,10899-10900,10907,10915: Terminated
srun: error: frontier07680: tasks 18312,18327-18328,18359,18367: Terminated
srun: error: frontier08671: task 23920: Terminated
srun: error: frontier04217: tasks 10304,10312,10319,10326-10327,10335,10343,10351,10359: Terminated
srun: error: frontier06903: tasks 16408-16413,16415,16417-16421,16423-16426,16429-16434,16436-16442,16444-16450,16452-16453,16455-16458,16460-16463: Terminated
srun: error: frontier09298: tasks 27609-27623,27625-27630,27632-27637,27639-27641,27643-27649,27651-27663: Terminated
srun: error: frontier03583: tasks 9128,9136,9144-9145,9161,9169,9171,9174,9176: Terminated
srun: error: frontier08791: tasks 24696,24698,24704-24705,24713-24714,24735: Terminated
srun: error: frontier09035: tasks 26551-26552,26583,26599: Terminated
srun: error: frontier09467: tasks 28396-28398,28404-28408,28412-28415,28420,28422,28428-28430,28436-28438,28444,28446-28447: Terminated
srun: error: frontier02776: tasks 5434,5440,5448,5450,5455,5462,5482,5487: Terminated
srun: error: frontier08793: tasks 24752,24759-24760,24791,24799,24807: Terminated
srun: error: frontier08029: tasks 19824,19830,19832,19835-19838,19840,19844,19846-19847,19851,19853,19861-19862,19867,19870-19871,19878: Terminated
srun: error: frontier04325: tasks 10475,10480,10507-10508,10523: Terminated
srun: error: frontier04217: tasks 10305-10311,10313-10318,10320-10325,10328-10334,10336-10342,10344-10350,10352-10358: Terminated
srun: error: frontier07535: tasks 17920-17921,17928-17929,17936-17937,17975: Terminated
srun: error: frontier02031: tasks 3087-3088,3090,3096,3105,3112,3119,3127,3135: Terminated
srun: error: frontier07790: tasks 18648,18653-18655,18661-18663,18668-18669,18671,18675-18677,18679,18683,18685-18687,18693,18695,18699-18702: Terminated
srun: error: frontier02656: tasks 5040-5041,5046-5047,5053,5055,5087,5092: Terminated
srun: error: frontier06118: tasks 13664,13668,13672,13676,13683,13688,13703,13718: Terminated
srun: error: frontier05355: tasks 11888-11889,11919,11927: Terminated
srun: error: frontier03583: tasks 9129-9135,9137-9143,9146-9160,9162-9168,9170,9172-9173,9175,9177-9183: Terminated
srun: error: frontier09179: tasks 27446,27448,27451-27454,27461-27462,27470-27471,27477,27479,27485,27492-27493: Terminated
srun: error: frontier01779: tasks 2632,2640,2648,2671,2679-2680: Terminated
srun: error: frontier08791: tasks 24697,24699-24703,24706-24712,24715-24734,24736-24751: Terminated
srun: error: frontier09467: tasks 28392-28395,28399-28403,28409-28411,28416-28419,28421,28423-28427,28431-28435,28439-28443,28445: Terminated
srun: error: frontier02776: tasks 5432-5433,5435-5439,5441-5447,5449,5451-5454,5456-5461,5463-5481,5483-5486: Terminated
srun: error: frontier08029: tasks 19825-19829,19831,19833-19834,19839,19841-19843,19845,19848-19850,19852,19854-19860,19863-19866,19868-19869,19872-19877,19879: Terminated
srun: error: frontier02031: tasks 3080-3086,3089,3091-3095,3097-3104,3106-3111,3113-3118,3120-3126,3128-3134: Terminated
srun: error: frontier07790: tasks 18649-18652,18656-18660,18664-18667,18670,18672-18674,18678,18680-18682,18684,18688-18692,18694,18696-18698,18703: Terminated
srun: error: frontier02656: tasks 5042-5045,5048-5052,5054,5056-5086,5088-5091,5093-5095: Terminated
srun: error: frontier06118: tasks 13665-13667,13669-13671,13673-13675,13677-13682,13684-13687,13689-13702,13704-13717,13719: Terminated
srun: error: frontier09179: tasks 27440-27445,27447,27449-27450,27455-27460,27463-27469,27472-27476,27478,27480-27484,27486-27491,27494-27495: Terminated
srun: error: frontier02905: tasks 6384-6391,6393-6399,6401-6407,6409,6411-6420,6422,6424-6430,6432-6438: Terminated
srun: Force Terminated StepId=5137550.79
[... 266 further lines matching: srun: error: frontier#: tasks #-#: Terminated ...]
[... 72 further lines matching: srun: error: frontier#: tasks #-#,#-#,#-#: Terminated ...]
[... 68 further lines matching: srun: error: frontier#: tasks #-#,#-#: Terminated ...]
[... 64 further lines matching: srun: error: frontier#: tasks #,#,#: Terminated ...]
[... 60 further lines matching: srun: error: frontier#: tasks #,#,#,#: Terminated ...]
[... 53 further lines matching: srun: error: frontier#: tasks #-#,#-#,#-#,#-#: Terminated ...]
[... 45 further lines matching: srun: error: frontier#: tasks #,#: Terminated ...]
[... 24 further lines matching: srun: error: frontier#: tasks #,#,#,#,#: Terminated ...]
[... 18 further lines matching: srun: error: frontier#: tasks #-#,#-#,#-#,#-#,#-#: Terminated ...]
[... 17 further lines matching: srun: error: frontier#: task #: Terminated ...]
[... 6 further lines matching: srun: error: frontier#: tasks #-#,#-#,#-#,#-#,#-#,#-#: Terminated ...]
[... 5 further lines matching: srun: error: frontier#: tasks #,#,#,#,#,#: Terminated ...]
[... 2 further lines matching: srun: error: frontier#: tasks #,#-#,#,#: Terminated ...]
[... 2 further lines matching: srun: error: frontier#: tasks #-#,#-#,#-#,#-#,#-#,#-#,#-#: Terminated ...]
[... 1 further lines matching: srun: error: frontier#: tasks #,#,#,#,#,#,#,#: Terminated ...]
Running frontier nodes=512 ranks_per_node=56 dist=naive mode=uniform expected_us=1000 max_upper_fanout=-1
srun: Step created for StepId=5137550.80
RESULT distributor=naive mode=uniform expected_us=1000 nodes=512 world_size=28672 max_upper_fanout=-1 total_tasks=3268722 elapsed_s=20.6889 throughput_tasks_per_s=157994
MPICH Notice [Rank 0] [job id 5137550.80] [Sun Aug  2 03:31:48 2026] [frontier00096] - Abort(0) (rank 0 in comm 0): application called MPI_Abort(MPI_COMM_WORLD, 0) - process 0
aborting job:
application called MPI_Abort(MPI_COMM_WORLD, 0) - process 0
srun: error: frontier00096: task 0: Exited with exit code 255
srun: Terminating StepId=5137550.80
[2026-08-02T03:31:52.207] error: *** STEP 5137550.80 ON frontier00096 CANCELLED AT 2026-08-02T03:31:52 DUE TO TASK FAILURE ***
srun: error: frontier08801: tasks 25040,25048,25079: Terminated
srun: error: frontier02679: tasks 5168,5191: Terminated
srun: error: frontier06780: tasks 15696,15707: Terminated
srun: error: frontier09026: tasks 26216,26247,26255,26263: Terminated
srun: error: frontier01139: tasks 1400,1408,1416: Terminated
srun: error: frontier06898: tasks 16360,16368,16391,16399: Terminated
srun: error: frontier08669: tasks 23808,23816,23839,23847,23855: Terminated
srun: error: frontier03578: task 8903: Terminated
srun: error: frontier08801: tasks 25032-25039,25041-25047,25049-25078,25080-25087: Terminated
srun: error: frontier02414: tasks 3920-3922,3928-3930,3936,3938: Terminated
srun: error: frontier09159: tasks 26880-26935: Terminated
srun: error: frontier01280: tasks 2072-2127: Terminated
srun: error: frontier09026: tasks 26208-26215,26217-26246,26248-26254,26256-26262: Terminated
srun: error: frontier06650: tasks 15120,15128,15136,15159,15167,15175: Terminated
srun: error: frontier06780: tasks 15680-15695,15697-15706,15708-15735: Terminated
srun: error: frontier02679: tasks 5152-5167,5169-5190,5192-5207: Terminated
srun: error: frontier02788: tasks 5768-5770,5775-5778,5784-5786,5792,5794,5805,5818,5823: Terminated
srun: error: frontier06898: tasks 16352-16359,16361-16367,16369-16390,16392-16398,16400-16407: Terminated
srun: error: frontier07296: tasks 17529-17535,17537-17583: Terminated
srun: error: frontier03038: tasks 7001-7007,7009-7055: Terminated
srun: error: frontier08807: tasks 25088,25096,25103-25104: Terminated
srun: error: frontier02523: tasks 4536,4544,4551-4552,4583: Terminated
srun: error: frontier06383: tasks 14567,14575-14576,14607,14615: Terminated
srun: error: frontier08669: tasks 23800-23807,23809-23815,23817-23838,23840-23846,23848-23854: Terminated
srun: error: frontier02414: tasks 3923-3927,3931-3935,3937,3939-3975: Terminated
srun: error: frontier06016: tasks 13328,13336,13344,13353,13357,13361,13367,13369: Terminated
srun: error: frontier06381: tasks 14512,14520,14535,14551,14559: Terminated
srun: error: frontier03959: tasks 9576,9580,9599,9604,9607,9628: Terminated
srun: error: frontier02788: tasks 5771-5774,5779-5783,5787-5791,5793,5795-5804,5806-5817,5819-5822: Terminated
srun: error: frontier06651: tasks 15179-15180,15187,15195-15196,15203,15214,15218-15219,15221,15226,15230: Terminated
srun: error: frontier02532: tasks 4648,4653,4656,4663-4664,4673,4687,4703: Terminated
srun: error: frontier09289: tasks 27557,27565,27568,27573-27574,27589,27598,27604,27606: Terminated
srun: error: frontier07155: tasks 17024,17039-17040,17063,17071: Terminated
srun: error: frontier06139: tasks 13946,13960-13961,13975,13977,13983,13986,13991,13999: Terminated
srun: error: frontier06399: task 14624: Terminated
srun: error: frontier09299: tasks 27672,27680,27703,27711,27718-27719: Terminated
srun: error: frontier02023: tasks 2856,2871-2872,2895,2903,2911: Terminated
srun: error: frontier09438: tasks 28280-28282,28288-28290,28295-28298,28303,28320,28328: Terminated
srun: error: frontier03054: tasks 7224,7226,7232-7233,7256: Terminated
srun: error: frontier06016: tasks 13329-13335,13337-13343,13345-13352,13354-13356,13358-13360,13362-13366,13368,13370-13383: Terminated
srun: error: frontier06905: tasks 16520-16522,16528-16529,16536,16538: Terminated
srun: error: frontier00127: tasks 407-408,447: Terminated
srun: error: frontier05236: tasks 11592,11600,11606,11623,11631,11639,11647: Terminated
srun: error: frontier03959: tasks 9577-9579,9581-9598,9600-9603,9605-9606,9608-9627,9629-9631: Terminated
srun: error: frontier06651: tasks 15176-15178,15181-15186,15188-15194,15197-15202,15204-15213,15215-15217,15220,15222-15225,15227-15229,15231: Terminated
srun: error: frontier03314: tasks 8512,8527-8528,8567: Terminated
srun: error: frontier02532: tasks 4649-4652,4654-4655,4657-4662,4665-4672,4674-4686,4688-4702: Terminated
srun: error: frontier09289: tasks 27552-27556,27558-27564,27566-27567,27569-27572,27575-27588,27590-27597,27599-27603,27605,27607: Terminated
srun: error: frontier00369: tasks 1008,1013,1015,1020-1021,1024,1030-1031,1037-1040,1043-1044,1046,1051-1055,1059,1061: Terminated
srun: error: frontier08026: tasks 19663-19664,19672: Terminated
srun: error: frontier06139: tasks 13944-13945,13947-13959,13962-13974,13976,13978-13982,13984-13985,13987-13990,13992-13998: Terminated
srun: error: frontier08294: tasks 21620-21623,21628-21632,21636-21640,21644-21647,21651-21655,21660,21662-21665,21668-21671: Terminated
srun: error: frontier07770: tasks 18544,18551-18552,18591: Terminated
srun: error: frontier06762: tasks 15462-15463,15472,15477,15479,15485,15493,15501-15503,15509: Terminated
srun: error: frontier00225: tasks 511-512,519-520,535: Terminated
srun: error: frontier08674: tasks 24087-24088,24127,24135: Terminated
srun: error: frontier02652: tasks 4880,4888,4895-4896,4904,4919,4927: Terminated
srun: error: frontier08295: tasks 21672,21680-21681,21688-21689: Terminated
srun: error: frontier02927: tasks 6720-6722,6728-6730,6736-6738,6759,6775: Terminated
srun: error: frontier04978: tasks 11147-11150,11155-11160,11163,11171-11172,11174,11179-11180,11182,11187,11191,11195-11196: Terminated
srun: error: frontier03054: tasks 7225,7227-7231,7234-7255,7257-7279: Terminated
srun: error: frontier03185: tasks 8008,8016,8023,8031,8039,8047,8055,8063: Terminated
srun: error: frontier06905: tasks 16523-16527,16530-16535,16537,16539-16575: Terminated
srun: error: frontier08300: tasks 21731-21737,21740-21745,21748-21753,21755-21757,21759,21761,21763-21769,21771-21775,21779-21783: Terminated
srun: error: frontier06894: tasks 16184,16187,16190,16192,16195-16197,16202-16203,16207-16208,16220,16222,16224,16233: Terminated
srun: error: frontier00369: tasks 1009-1012,1014,1016-1019,1022-1023,1025-1029,1032-1036,1041-1042,1045,1047-1050,1056-1058,1060,1062-1063: Terminated
srun: error: frontier01776: tasks 2583-2584,2592-2593,2600,2615,2621,2623: Terminated
srun: error: frontier06120: tasks 13776,13781-13784,13792-13793,13799-13801,13807,13815,13820,13823,13826,13831: Terminated
srun: error: frontier08523: tasks 23072,23079-23080: Terminated
srun: error: frontier06269: tasks 14392,14396,14398-14400,14403-14405,14407,14414-14415,14419-14420,14422-14424,14428-14430,14435-14438,14444,14446-14447: Terminated
srun: error: frontier00099: tasks 112-113,115,120-121,128,134,137,142,144,150,156,165,167: Terminated
srun: error: frontier08294: tasks 21616-21619,21624-21627,21633-21635,21641-21643,21648-21650,21656-21659,21661,21666-21667: Terminated
srun: error: frontier06762: tasks 15456-15461,15464-15471,15473-15476,15478,15480-15484,15486-15492,15494-15500,15504-15508,15510-15511: Terminated
srun: error: frontier08300: tasks 21728-21730,21738-21739,21746-21747,21754,21758,21760,21762,21770,21776-21778: Terminated
srun: error: frontier03185: tasks 8009-8015,8017-8022,8024-8030,8032-8038,8040-8046,8048-8054,8056-8062: Terminated
srun: error: frontier04978: tasks 11144-11146,11151-11154,11161-11162,11164-11170,11173,11175-11178,11181,11183-11186,11188-11190,11192-11194,11197-11199: Terminated
srun: error: frontier00096: tasks 1,3-9,11-17,19-30,32-38,40-54: Terminated
srun: error: frontier08522: tasks 23017,23019-23023,23025,23027-23031,23033,23035-23071: Terminated
srun: error: frontier06894: tasks 16185-16186,16188-16189,16191,16193-16194,16198-16201,16204-16206,16209-16219,16221,16223,16225-16232,16234-16239: Terminated
srun: error: frontier01776: tasks 2576-2582,2585-2591,2594-2599,2601-2614,2616-2620,2622,2624-2631: Terminated
srun: error: frontier06120: tasks 13777-13780,13785-13791,13794-13798,13802-13806,13808-13814,13816-13819,13821-13822,13824-13825,13827-13830: Terminated
srun: error: frontier05355: tasks 11872-11876,11878-11887,11889-11911,11913-11916,11918,11920-11926: Terminated
srun: error: frontier06269: tasks 14393-14395,14397,14401-14402,14406,14408-14413,14416-14418,14421,14425-14427,14431-14434,14439-14443,14445: Terminated
srun: error: frontier00099: tasks 114,116-119,122-127,129-133,135-136,138-141,143,145-149,151-155,157-164,166: Terminated
srun: error: frontier09419: tasks 28113,28115-28119,28121,28123-28127,28129-28150,28152-28167: Terminated
srun: Force Terminated StepId=5137550.80
[... 160 further lines matching: srun: error: frontier#: tasks #-#: Terminated ...]
[... 134 further lines matching: srun: error: frontier#: tasks #-#,#-#,#-#: Terminated ...]
[... 105 further lines matching: srun: error: frontier#: tasks #,#,#: Terminated ...]
[... 90 further lines matching: srun: error: frontier#: tasks #,#,#,#: Terminated ...]
[... 81 further lines matching: srun: error: frontier#: tasks #-#,#-#,#-#,#-#: Terminated ...]
[... 75 further lines matching: srun: error: frontier#: tasks #-#,#-#: Terminated ...]
[... 57 further lines matching: srun: error: frontier#: tasks #,#: Terminated ...]
[... 30 further lines matching: srun: error: frontier#: tasks #,#,#,#,#: Terminated ...]
[... 24 further lines matching: srun: error: frontier#: tasks #-#,#-#,#-#,#-#,#-#: Terminated ...]
[... 17 further lines matching: srun: error: frontier#: task #: Terminated ...]
[... 11 further lines matching: srun: error: frontier#: tasks #,#,#,#,#,#: Terminated ...]
[... 4 further lines matching: srun: error: frontier#: tasks #-#,#-#,#-#,#-#,#-#,#-#: Terminated ...]
[... 3 further lines matching: srun: error: frontier#: tasks #,#-#,#,#: Terminated ...]
[... 2 further lines matching: srun: error: frontier#: tasks #,#-#,#: Terminated ...]
[... 1 further lines matching: srun: error: frontier#: tasks #-#,#: Terminated ...]
[... 1 further lines matching: srun: error: frontier#: tasks #,#,#-#,#: Terminated ...]
Running frontier nodes=512 ranks_per_node=56 dist=naive mode=uniform expected_us=10000 max_upper_fanout=-1
srun: Step created for StepId=5137550.81
RESULT distributor=naive mode=uniform expected_us=10000 nodes=512 world_size=28672 max_upper_fanout=-1 total_tasks=2937353 elapsed_s=20.82 throughput_tasks_per_s=141084
MPICH Notice [Rank 0] [job id 5137550.81] [Sun Aug  2 03:32:32 2026] [frontier00096] - Abort(0) (rank 0 in comm 0): application called MPI_Abort(MPI_COMM_WORLD, 0) - process 0
aborting job:
application called MPI_Abort(MPI_COMM_WORLD, 0) - process 0
srun: error: frontier00096: task 0: Exited with exit code 255
srun: Terminating StepId=5137550.81
[2026-08-02T03:32:36.026] error: *** STEP 5137550.81 ON frontier00096 CANCELLED AT 2026-08-02T03:32:36 DUE TO TASK FAILURE ***
srun: error: frontier09026: tasks 26208,26216,26224,26255: Terminated
srun: error: frontier04199: tasks 10088,10093,10096,10119,10127: Terminated
srun: error: frontier08270: tasks 21280,21296: Terminated
srun: error: frontier02679: tasks 5152,5160,5167-5168,5199,5207: Terminated
srun: error: frontier08801: tasks 25032-25087: Terminated
srun: error: frontier05484: tasks 11936,11944,11983: Terminated
srun: error: frontier06898: tasks 16352,16360,16368,16399,16407: Terminated
srun: error: frontier07296: tasks 17528,17544,17583: Terminated
srun: error: frontier01139: tasks 1400,1455: Terminated
srun: error: frontier05746: tasks 12600,12616,12647,12655: Terminated
srun: error: frontier04479: tasks 10752-10781,10783,10785-10807: Terminated
srun: error: frontier07667: tasks 18200-18201,18208,18211,18216-18217,18220,18252: Terminated
srun: error: frontier09159: tasks 26880-26935: Terminated
srun: error: frontier02151: tasks 3255-3256,3264,3279,3287,3295,3303: Terminated
srun: error: frontier03578: tasks 8848,8856,8864,8873,8895,8897,8903: Terminated
srun: error: frontier02414: task 3928: Terminated
srun: error: frontier08669: tasks 23800,23803-23805,23808,23812,23815-23816,23818-23820,23822-23823,23827-23828,23835,23839,23842-23843,23845-23847,23852-23853,23855: Terminated
srun: error: frontier06650: task 15128: Terminated
srun: error: frontier04199: tasks 10080-10087,10089-10092,10094-10095,10097-10118,10120-10126,10128-10135: Terminated
srun: error: frontier02679: tasks 5153-5159,5161-5166,5169-5198,5200-5206: Terminated
srun: error: frontier08270: tasks 21281-21295,21297-21335: Terminated
srun: error: frontier05484: tasks 11928-11935,11937-11943,11945-11982: Terminated
srun: error: frontier09026: tasks 26209-26215,26217-26223,26225-26254,26256-26263: Terminated
srun: error: frontier07296: tasks 17529-17543,17545-17582: Terminated
srun: error: frontier08395: tasks 21953-21959,21961-21982,21984-22007: Terminated
srun: error: frontier07926: tasks 19488,19496,19509,19527,19535,19543: Terminated
srun: error: frontier02523: tasks 4536,4544,4552,4575,4583,4591: Terminated
srun: error: frontier07667: tasks 18202-18207,18209-18210,18212-18215,18218-18219,18221-18251,18253-18255: Terminated
srun: error: frontier06136: tasks 13888,13890-13900,13902-13927,13929-13940,13942-13943: Terminated
srun: error: frontier08669: tasks 23801-23802,23806-23807,23809-23811,23813-23814,23817,23821,23824-23826,23829-23834,23836-23838,23840-23841,23844,23848-23851,23854: Terminated
srun: error: frontier03578: tasks 8849-8855,8857-8863,8865-8872,8874-8894,8896,8898-8902: Terminated
srun: error: frontier08525: tasks 23192,23199-23200,23231,23239: Terminated
srun: error: frontier09298: tasks 27608,27616,27622,27645,27653-27654,27661-27662: Terminated
srun: error: frontier02532: tasks 4648,4664,4687,4695-4696: Terminated
srun: error: frontier02790: tasks 5824,5831-5832,5879: Terminated
srun: error: frontier08436: tasks 22625,22632-22633,22639-22640,22648,22656,22664,22679: Terminated
srun: error: frontier07926: tasks 19489-19495,19497-19508,19510-19526,19528-19534,19536-19542: Terminated
srun: error: frontier02523: tasks 4537-4543,4545-4551,4553-4574,4576-4582,4584-4590: Terminated
srun: error: frontier02023: tasks 2856,2864,2871-2872: Terminated
srun: error: frontier09438: tasks 28280,28288,28296,28326-28327,28335: Terminated
srun: error: frontier09298: tasks 27609-27615,27617-27621,27623-27644,27646-27652,27655-27660,27663: Terminated
srun: error: frontier06141: tasks 14000,14008,14015-14016,14055: Terminated
srun: error: frontier08899: tasks 25200,25202,25208,25210,25216,25218,25239: Terminated
srun: error: frontier08061: tasks 20280,20287-20288,20327: Terminated
srun: error: frontier03170: tasks 7840-7841,7847-7849,7856: Terminated
srun: error: frontier00369: tasks 1015-1016,1024,1055,1063: Terminated
srun: error: frontier08436: tasks 22624,22626-22631,22634-22638,22641-22647,22649-22655,22657-22663,22665-22678: Terminated
srun: error: frontier08129: tasks 20336,20339,20343-20345,20359,20361,20367-20368,20373,20375-20376,20383: Terminated
srun: error: frontier01534: tasks 2296-2297,2303-2304,2311-2312,2335-2336,2343,2345,2351: Terminated
srun: error: frontier02025: tasks 2968,2974-2976,2982-2983,2990-2991,2998-2999,3006-3007,3014-3015,3022-3023: Terminated
srun: error: frontier06253: tasks 14168,14184,14191-14192,14208,14216,14223: Terminated
srun: error: frontier08147: tasks 20951-20952,20960,20968,20976,20993,20999: Terminated
srun: error: frontier02511: tasks 4263-4264,4271-4272,4287,4303,4311: Terminated
srun: error: frontier09305: tasks 27832,27839-27840: Terminated
srun: error: frontier00380: tasks 1176,1184,1191-1192,1223: Terminated
srun: error: frontier08169: tasks 21000,21002,21008-21010,21016-21018,21047,21055: Terminated
srun: error: frontier09174: tasks 27272,27280,27288,27296,27319-27320: Terminated
srun: error: frontier03188: tasks 8064-8066,8072,8075,8079-8080,8086,8088,8095,8097,8103-8104,8111,8113,8117: Terminated
srun: error: frontier07265: tasks 17360,17368-17369,17376,17398,17407: Terminated
srun: error: frontier08899: tasks 25201,25203-25207,25209,25211-25215,25217,25219-25238,25240-25255: Terminated
srun: error: frontier03317: tasks 8680,8711,8719-8720,8727,8735: Terminated
srun: error: frontier08276: tasks 21449-21453,21455,21457-21463,21465-21488,21490-21503: Terminated
srun: error: frontier02783: tasks 5600,5608,5616,5623-5624,5629-5630,5632,5635,5639,5648,5654-5655: Terminated
srun: error: frontier09176: tasks 27328,27336,27343-27344,27353,27359-27361,27376-27377: Terminated
srun: error: frontier00096: tasks 1-4,7,10-12,15,17-21,25,28-30,33-35,41-45,48-49,51-53,55: Terminated
srun: error: frontier07766: tasks 18368-18369,18371-18375,18377,18379-18383,18385,18387-18423: Terminated
srun: error: frontier08518: tasks 22793-22799,22801-22807,22809-22814,22816-22822,22824-22830,22832-22838,22840-22847: Terminated
srun: error: frontier03150: tasks 7504,7508,7512,7515,7523-7524,7531-7532,7547,7555: Terminated
srun: error: frontier04198: tasks 10024,10032,10047,10063,10071-10072,10079: Terminated
srun: error: frontier07286: tasks 17479-17480,17488: Terminated
srun: error: frontier08129: tasks 20328-20335,20337-20338,20340-20342,20346-20358,20360,20362-20366,20369-20372,20374,20377-20382: Terminated
srun: error: frontier06269: tasks 14392,14398,14400,14405,14408,14414,14421,14423,14429,14436,14445-14446: Terminated
srun: error: frontier07153: tasks 16920-16921,16928,16944,16953,16959: Terminated
srun: error: frontier01779: tasks 2632-2634,2640-2642,2648-2650,2657: Terminated
srun: error: frontier01534: tasks 2298-2302,2305-2310,2313-2334,2337-2342,2344,2346-2350: Terminated
srun: error: frontier02025: tasks 2969-2973,2977-2981,2984-2989,2992-2997,3000-3005,3008-3013,3016-3021: Terminated
srun: error: frontier08169: tasks 21001,21003-21007,21011-21015,21019-21046,21048-21054: Terminated
srun: error: frontier03188: tasks 8067-8071,8073-8074,8076-8078,8081-8085,8087,8089-8094,8096,8098-8102,8105-8110,8112,8114-8116,8118-8119: Terminated
srun: error: frontier00096: tasks 5-6,8-9,13-14,16,22-24,26-27,31-32,36-40,46-47,50,54: Terminated
srun: error: frontier02783: tasks 5601-5607,5609-5615,5617-5622,5625-5628,5631,5633-5634,5636-5638,5640-5647,5649-5653: Terminated
srun: error: frontier03150: tasks 7505-7507,7509-7511,7513-7514,7516-7522,7525-7530,7533-7546,7548-7554,7556-7559: Terminated
srun: error: frontier06269: tasks 14393-14397,14399,14401-14404,14406-14407,14409-14413,14415-14420,14422,14424-14428,14430-14435,14437-14444,14447: Terminated
srun: Force Terminated StepId=5137550.81
[... 143 further lines matching: srun: error: frontier#: tasks #-#,#-#,#-#: Terminated ...]
[... 131 further lines matching: srun: error: frontier#: tasks #-#: Terminated ...]
[... 110 further lines matching: srun: error: frontier#: tasks #,#,#: Terminated ...]
[... 104 further lines matching: srun: error: frontier#: tasks #,#,#,#: Terminated ...]
[... 94 further lines matching: srun: error: frontier#: tasks #-#,#-#,#-#,#-#: Terminated ...]
[... 74 further lines matching: srun: error: frontier#: tasks #-#,#-#: Terminated ...]
[... 49 further lines matching: srun: error: frontier#: tasks #,#: Terminated ...]
[... 48 further lines matching: srun: error: frontier#: tasks #,#,#,#,#: Terminated ...]
[... 26 further lines matching: srun: error: frontier#: tasks #-#,#-#,#-#,#-#,#-#: Terminated ...]
[... 22 further lines matching: srun: error: frontier#: task #: Terminated ...]
[... 13 further lines matching: srun: error: frontier#: tasks #-#,#-#,#-#,#-#,#-#,#-#: Terminated ...]
[... 8 further lines matching: srun: error: frontier#: tasks #,#,#,#,#,#: Terminated ...]
[... 3 further lines matching: srun: error: frontier#: tasks #,#,#,#,#,#,#: Terminated ...]
[... 2 further lines matching: srun: error: frontier#: tasks #,#-#,#: Terminated ...]
[... 1 further lines matching: srun: error: frontier#: tasks #,#,#-#,#,#: Terminated ...]
Running frontier nodes=512 ranks_per_node=56 dist=naive mode=uniform expected_us=100000 max_upper_fanout=-1
RESULT distributor=naive mode=uniform expected_us=100000 nodes=512 world_size=28672 max_upper_fanout=-1 total_tasks=4640665 elapsed_s=20.64 throughput_tasks_per_s=224839
MPICH Notice [Rank 0] [job id 5137550.82] [Sun Aug  2 03:33:42 2026] [frontier00096] - Abort(0) (rank 0 in comm 0): application called MPI_Abort(MPI_COMM_WORLD, 0) - process 0
aborting job:
application called MPI_Abort(MPI_COMM_WORLD, 0) - process 0
srun: error: frontier00096: task 0: Exited with exit code 255
srun: Terminating StepId=5137550.82
[2026-08-02T03:33:46.372] error: *** STEP 5137550.82 ON frontier00096 CANCELLED AT 2026-08-02T03:33:46 DUE TO TASK FAILURE ***
srun: error: frontier08801: tasks 25032,25040,25048: Terminated
srun: error: frontier04199: tasks 10080,10088,10127,10135: Terminated
srun: error: frontier06780: tasks 15696,15735: Terminated
srun: error: frontier09026: tasks 26208,26216,26224,26247: Terminated
srun: error: frontier09159: tasks 26880,26935: Terminated
srun: error: frontier08270: tasks 21280,21296,21335: Terminated
srun: error: frontier06898: task 16368: Terminated
srun: error: frontier07296: tasks 17536,17544,17559,17575,17583: Terminated
srun: error: frontier02679: tasks 5152-5207: Terminated
srun: error: frontier02151: tasks 3248,3264,3287,3295,3303: Terminated
srun: error: frontier03156: task 7680: Terminated
srun: error: frontier01139: tasks 1400-1455: Terminated
srun: error: frontier08801: tasks 25033-25039,25041-25047,25049-25087: Terminated
srun: error: frontier09026: tasks 26209-26215,26217-26223,26225-26246,26248-26263: Terminated
srun: error: frontier04199: tasks 10081-10087,10089-10126,10128-10134: Terminated
srun: error: frontier08136: tasks 20721,20728,20735-20736,20760,20767,20775: Terminated
srun: error: frontier06780: tasks 15680-15695,15697-15734: Terminated
srun: error: frontier08270: tasks 21281-21295,21297-21334: Terminated
srun: error: frontier04479: tasks 10752-10767,10769-10782,10784-10798,10800-10806: Terminated
srun: error: frontier07296: tasks 17528-17535,17537-17543,17545-17558,17560-17574,17576-17582: Terminated
srun: error: frontier01909: tasks 2696-2697,2704,2711,2735,2743: Terminated
srun: error: frontier08782: tasks 24424,24432,24439,24444,24448,24455,24463,24470: Terminated
srun: error: frontier06136: tasks 13896,13903-13904,13943: Terminated
srun: error: frontier08669: tasks 23801-23807,23809-23815,23817-23838,23840-23846,23848-23855: Terminated
srun: error: frontier08274: tasks 21336,21339,21343,21347-21348,21371: Terminated
srun: error: frontier08042: tasks 20120,20136-20137,20143,20151,20159: Terminated
srun: error: frontier08136: tasks 20720,20722-20727,20729-20734,20737-20759,20761-20766,20768-20774: Terminated
srun: error: frontier08784: tasks 24528,24536-24537,24544,24552-24554,24560-24561,24566-24567,24572,24574,24576,24583: Terminated
srun: error: frontier05229: tasks 11424,11431,11444,11448,11457,11470-11471,11479: Terminated
srun: error: frontier09434: tasks 28224-28226,28232-28234,28241-28242,28271: Terminated
srun: error: frontier08782: tasks 24416-24423,24425-24431,24433-24438,24440-24443,24445-24447,24449-24454,24456-24462,24464-24469,24471: Terminated
srun: error: frontier06904: tasks 16464,16471-16472: Terminated
srun: error: frontier07890: tasks 18992,18999-19000,19031: Terminated
srun: error: frontier08142: tasks 20847-20848,20855,20887: Terminated
srun: error: frontier02538: tasks 4704,4712,4735,4743-4744,4759: Terminated
srun: error: frontier07156: tasks 17080,17096,17111,17119,17127,17135: Terminated
srun: error: frontier03304: tasks 8405,8408,8412,8414-8415,8420,8423,8428,8430-8431,8436,8438,8444-8447,8452-8455: Terminated
srun: error: frontier06400: tasks 14679-14680,14687-14688,14695-14696,14727: Terminated
srun: error: frontier04722: tasks 10920-10922,10924,10928-10932,10936-10937,10941,10945,10965,10967: Terminated
srun: error: frontier03052: tasks 7168-7169,7171,7176,7179,7184-7185,7223: Terminated
srun: error: frontier07766: tasks 18376,18384,18399,18407,18415,18423: Terminated
srun: error: frontier08784: tasks 24529-24535,24538-24543,24545-24551,24555-24559,24562-24565,24568-24571,24573,24575,24577-24582: Terminated
srun: error: frontier08786: tasks 24643,24651,24656,24659,24675,24683,24691: Terminated
srun: error: frontier05229: tasks 11425-11430,11432-11443,11445-11447,11449-11456,11458-11469,11472-11478: Terminated
srun: error: frontier07259: tasks 17255-17256,17264,17303: Terminated
srun: error: frontier04078: tasks 9744-9745,9752,9760,9791: Terminated
srun: error: frontier02917: tasks 6664,6673,6676,6681-6682,6684,6719: Terminated
srun: error: frontier08130: tasks 20384,20392,20399-20400,20416: Terminated
srun: error: frontier06761: tasks 15400,15408,15415-15416,15418,15439,15450,15455: Terminated
srun: error: frontier03144: tasks 7392,7394,7400-7402,7408-7410,7417,7447: Terminated
srun: error: frontier01143: tasks 1624-1631,1633-1639,1641-1654,1656-1662,1664-1670,1672-1679: Terminated
srun: error: frontier03304: tasks 8400-8404,8406-8407,8409-8411,8413,8416-8419,8421-8422,8424-8427,8429,8432-8435,8437,8439-8443,8448-8451: Terminated
srun: error: frontier04722: tasks 10923,10925-10927,10933-10935,10938-10940,10942-10944,10946-10964,10966,10968-10975: Terminated
srun: error: frontier03052: tasks 7170,7172-7175,7177-7178,7180-7183,7186-7222: Terminated
srun: error: frontier02302: tasks 3696-3698,3704-3706,3712-3713,3735,3751: Terminated
srun: error: frontier02516: tasks 4371,4374,4376,4380,4382-4383,4387,4389,4395,4403,4407,4411-4412,4414,4419-4420,4423: Terminated
srun: error: frontier08422: tasks 22344-22345,22351-22352,22368,22382,22389,22391,22399: Terminated
srun: error: frontier08786: tasks 24640-24642,24644-24650,24652-24655,24657-24658,24660-24674,24676-24682,24684-24690,24692-24695: Terminated
srun: error: frontier03032: tasks 6893-6894,6896,6901-6903,6909,6927,6934-6935,6940,6943: Terminated
srun: error: frontier08797: tasks 24870,24872,24880,24903,24911,24917,24919: Terminated
srun: error: frontier01776: tasks 2576-2577,2584,2592-2593,2623,2631: Terminated
srun: error: frontier04198: tasks 10024,10031-10032,10071,10079: Terminated
srun: error: frontier00246: tasks 672,685-686,688,692-693,700,702,708-710,716: Terminated
srun: error: frontier02408: tasks 3865,3872,3880-3881,3887,3903,3911-3912,3919: Terminated
srun: error: frontier04476: tasks 10647-10648,10656,10687,10695: Terminated
srun: error: frontier09027: tasks 26269-26270,26277-26280,26284-26286,26291,26293-26295,26301-26302,26315-26316: Terminated
srun: error: frontier03151: tasks 7560,7568,7582-7583,7589,7591,7607,7615: Terminated
srun: error: frontier02917: tasks 6665-6672,6674-6675,6677-6680,6683,6685-6718: Terminated
srun: error: frontier08294: tasks 21617-21623,21625-21662,21664,21666-21671: Terminated
srun: error: frontier08520: tasks 22904,22906-22911,22913-22934,22936-22959: Terminated
srun: error: frontier06761: tasks 15401-15407,15409-15414,15417,15419-15438,15440-15449,15451-15454: Terminated
srun: error: frontier03144: tasks 7393,7395-7399,7403-7407,7411-7416,7418-7446: Terminated
srun: error: frontier02516: tasks 4368-4370,4372-4373,4375,4377-4379,4381,4384-4386,4388,4390-4394,4396-4402,4404-4406,4408-4410,4413,4415-4418,4421-4422: Terminated
srun: error: frontier08422: tasks 22346-22350,22353-22367,22369-22381,22383-22388,22390,22392-22398: Terminated
srun: error: frontier08797: tasks 24864-24869,24871,24873-24879,24881-24902,24904-24910,24912-24916,24918: Terminated
srun: error: frontier03032: tasks 6888-6892,6895,6897-6900,6904-6908,6910-6926,6928-6933,6936-6939,6941-6942: Terminated
srun: error: frontier09027: tasks 26264-26268,26271-26276,26281-26283,26287-26290,26292,26296-26300,26303-26314,26317-26319: Terminated
srun: error: frontier00246: tasks 673-684,687,689-691,694-699,701,703-707,711-715,717-727: Terminated
srun: error: frontier02408: tasks 3864,3866-3871,3873-3879,3882-3886,3888-3902,3904-3910,3913-3918: Terminated
srun: error: frontier03151: tasks 7561-7567,7569-7581,7584-7588,7590,7592-7606,7608-7614: Terminated
srun: Force Terminated StepId=5137550.82
[... 141 further lines matching: srun: error: frontier#: tasks #-#: Terminated ...]
[... 131 further lines matching: srun: error: frontier#: tasks #-#,#-#,#-#: Terminated ...]
[... 106 further lines matching: srun: error: frontier#: tasks #,#,#: Terminated ...]
[... 93 further lines matching: srun: error: frontier#: tasks #-#,#-#,#-#,#-#: Terminated ...]
[... 91 further lines matching: srun: error: frontier#: tasks #,#,#,#: Terminated ...]
[... 88 further lines matching: srun: error: frontier#: tasks #-#,#-#: Terminated ...]
[... 72 further lines matching: srun: error: frontier#: tasks #,#: Terminated ...]
[... 40 further lines matching: srun: error: frontier#: tasks #,#,#,#,#: Terminated ...]
[... 25 further lines matching: srun: error: frontier#: tasks #-#,#-#,#-#,#-#,#-#: Terminated ...]
[... 18 further lines matching: srun: error: frontier#: task #: Terminated ...]
[... 7 further lines matching: srun: error: frontier#: tasks #,#,#,#,#,#: Terminated ...]
[... 4 further lines matching: srun: error: frontier#: tasks #,#-#,#: Terminated ...]
[... 2 further lines matching: srun: error: frontier#: tasks #-#,#-#,#-#,#-#,#-#,#-#: Terminated ...]
[... 1 further lines matching: srun: error: frontier#: tasks #-#,#-#,#-#,#: Terminated ...]
[... 1 further lines matching: srun: error: frontier#: tasks #,#,#,#-#,#: Terminated ...]
[... 1 further lines matching: srun: error: frontier#: tasks #-#,#,#: Terminated ...]
Running frontier nodes=512 ranks_per_node=56 dist=naive mode=uniform expected_us=1000000 max_upper_fanout=-1
RESULT distributor=naive mode=uniform expected_us=1000000 nodes=512 world_size=28672 max_upper_fanout=-1 total_tasks=702482 elapsed_s=25.9226 throughput_tasks_per_s=27099.2
MPICH Notice [Rank 0] [job id 5137550.83] [Sun Aug  2 03:34:56 2026] [frontier00096] - Abort(0) (rank 0 in comm 0): application called MPI_Abort(MPI_COMM_WORLD, 0) - process 0
aborting job:
application called MPI_Abort(MPI_COMM_WORLD, 0) - process 0
srun: error: frontier00096: task 0: Exited with exit code 255
srun: Terminating StepId=5137550.83
[2026-08-02T03:35:00.527] error: *** STEP 5137550.83 ON frontier00096 CANCELLED AT 2026-08-02T03:35:00 DUE TO TASK FAILURE ***
srun: error: frontier08801: tasks 25032,25040,25048,25087: Terminated
srun: error: frontier04199: tasks 10088,10096: Terminated
srun: error: frontier06780: tasks 15680,15688,15711,15719,15727,15735: Terminated
srun: error: frontier09026: tasks 26224,26231,26239,26247,26255,26263: Terminated
srun: error: frontier02679: tasks 5152,5167,5169,5183,5191,5200,5207: Terminated
srun: error: frontier08270: tasks 21280,21282,21288,21296,21335: Terminated
srun: error: frontier05484: tasks 11944,11967,11975,11983: Terminated
srun: error: frontier06898: tasks 16368,16391,16399: Terminated
srun: error: frontier08395: tasks 21956-21958,21960,21964,21972,21974,21988-21991,21996,21999: Terminated
srun: error: frontier05746: tasks 12608,12616: Terminated
srun: error: frontier09159: tasks 26880-26935: Terminated
srun: error: frontier06013: tasks 13280,13288,13327: Terminated
srun: error: frontier01139: tasks 1400-1455: Terminated
srun: error: frontier08907: tasks 25664,25679,25687,25695,25703: Terminated
srun: error: frontier04199: tasks 10080-10087,10089-10095,10097-10135: Terminated
srun: error: frontier06780: tasks 15681-15687,15689-15710,15712-15718,15720-15726,15728-15734: Terminated
srun: error: frontier08801: tasks 25033-25039,25041-25047,25049-25086: Terminated
srun: error: frontier08518: tasks 22792,22796-22799,22804-22806,22808,22812-22815,22822,22829,22831,22836-22839,22844-22847: Terminated
srun: error: frontier02679: tasks 5153-5166,5168,5170-5182,5184-5190,5192-5199,5201-5206: Terminated
srun: error: frontier08270: tasks 21281,21283-21287,21289-21295,21297-21334: Terminated
srun: error: frontier05484: tasks 11928-11943,11945-11966,11968-11974,11976-11982: Terminated
srun: error: frontier09181: tasks 27500,27509-27511,27519,27524,27539: Terminated
srun: error: frontier08289: task 21568: Terminated
srun: error: frontier03152: tasks 7619-7622,7627-7630,7635-7636,7638,7643,7651,7655,7659-7660,7663,7667: Terminated
srun: error: frontier07296: tasks 17529-17543,17545-17558,17560-17566,17568-17574,17576-17582: Terminated
srun: error: frontier06898: tasks 16352-16367,16369-16390,16392-16398,16400-16407: Terminated
srun: error: frontier08395: tasks 21952-21955,21959,21961-21963,21965-21971,21973,21975-21987,21992-21995,21997-21998,22000-22007: Terminated
srun: error: frontier08670: task 23872: Terminated
srun: error: frontier09026: tasks 26208-26223,26225-26230,26232-26238,26240-26246,26248-26254,26256-26262: Terminated
srun: error: frontier09165: tasks 26993-26994,26996,27000,27008,27015,27020,27024-27025,27034,27041,27047: Terminated
srun: error: frontier08524: tasks 23128-23150,23152-23182: Terminated
srun: error: frontier04206: tasks 10136,10144,10151-10152: Terminated
srun: error: frontier08295: tasks 21672,21680,21688,21703,21712,21720,21727: Terminated
srun: error: frontier07027: tasks 16744,16751-16752,16760,16791,16799: Terminated
srun: error: frontier07259: tasks 17255-17257,17260,17264,17272,17276,17279,17286-17287,17295,17302-17303: Terminated
srun: error: frontier07413: tasks 17757,17760,17766,17773,17781,17791,17796-17797: Terminated
srun: error: frontier08132: tasks 20504-20505,20512,20535,20547,20551: Terminated
srun: error: frontier07534: tasks 17872,17879-17880,17903,17919: Terminated
srun: error: frontier01142: tasks 1575-1576,1584,1623: Terminated
srun: error: frontier07912: tasks 19264-19265,19273,19281: Terminated
srun: error: frontier09416: tasks 28000,28014,28020,28028-28030,28047,28055: Terminated
srun: error: frontier03827: tasks 9408-9410,9416-9418,9424-9426,9433,9463: Terminated
srun: error: frontier02665: tasks 5096,5104,5112,5135,5143-5144: Terminated
srun: error: frontier03170: tasks 7847-7848,7863,7879,7887,7895: Terminated
srun: error: frontier02511: tasks 4256,4260-4261,4270,4272,4278-4279,4284,4294,4302: Terminated
srun: error: frontier01650: tasks 2464-2465,2471-2473,2479-2480,2487,2505,2519: Terminated
srun: error: frontier04478: tasks 10696,10704,10711-10712: Terminated
srun: error: frontier03700: tasks 9245,9248,9254,9261,9275,9285-9286,9291,9294: Terminated
srun: error: frontier07286: tasks 17472,17479-17480,17488: Terminated
srun: error: frontier02515: tasks 4312,4328,4350-4351,4359: Terminated
srun: error: frontier03831: tasks 9464,9470,9472,9480,9486,9497,9503,9512,9519: Terminated
srun: error: frontier01533: tasks 2240,2245,2254,2260-2261,2269,2271,2276,2278,2286: Terminated
srun: error: frontier01133: tasks 1288,1303-1304,1335,1343: Terminated
srun: error: frontier02787: tasks 5712-5713,5720-5721,5727-5728,5743,5759: Terminated
srun: error: frontier02654: tasks 5000,5023,5031-5032,5039: Terminated
srun: error: frontier09027: tasks 26270,26278-26279,26284-26286,26293,26303,26309: Terminated
srun: error: frontier02166: tasks 3591-3592,3639: Terminated
srun: error: frontier01151: tasks 1792,1799-1800,1808: Terminated
srun: error: frontier00099: tasks 117,125,127-128,134-135,140,156-157,164-165: Terminated
srun: error: frontier06650: tasks 15120-15127,15129-15174: Terminated
srun: error: frontier00246: tasks 683-684,701,707-710,716,718,724-725: Terminated
srun: error: frontier09181: tasks 27496-27499,27501-27508,27512-27518,27520-27523,27525-27538,27540-27551: Terminated
srun: error: frontier03152: tasks 7616-7618,7623-7626,7631-7634,7637,7639-7642,7644-7650,7652-7654,7656-7658,7661-7662,7664-7666,7668-7671: Terminated
srun: error: frontier09165: tasks 26992,26995,26997-26999,27001-27007,27009-27014,27016-27019,27021-27023,27026-27033,27035-27040,27042-27046: Terminated
srun: error: frontier08518: tasks 22793-22795,22800-22803,22807,22809-22811,22816-22821,22823-22828,22830,22832-22835,22840-22843: Terminated
srun: error: frontier07413: tasks 17752-17756,17758-17759,17761-17765,17767-17772,17774-17780,17782-17790,17792-17795,17798-17807: Terminated
srun: error: frontier07259: tasks 17248-17254,17258-17259,17261-17263,17265-17271,17273-17275,17277-17278,17280-17285,17288-17294,17296-17301: Terminated
srun: error: frontier01533: tasks 2241-2244,2246-2253,2255-2259,2262-2268,2270,2272-2275,2277,2279-2285,2287-2295: Terminated
srun: error: frontier08420: tasks 22232,22234-22286: Terminated
srun: error: frontier02511: tasks 4257-4259,4262-4269,4271,4273-4277,4280-4283,4285-4293,4295-4301,4303-4311: Terminated
srun: error: frontier03700: tasks 9240-9244,9246-9247,9249-9253,9255-9260,9262-9274,9276-9284,9287-9290,9292-9293,9295: Terminated
srun: error: frontier08422: tasks 22345-22349,22351,22353-22390,22392-22398: Terminated
srun: error: frontier00246: tasks 672-682,685-700,702-706,711-715,717,719-723,726-727: Terminated
srun: error: frontier03831: tasks 9465-9469,9471,9473-9479,9481-9485,9487-9496,9498-9502,9504-9511,9513-9518: Terminated
srun: error: frontier09027: tasks 26264-26269,26271-26277,26280-26283,26287-26292,26294-26302,26304-26308,26310-26319: Terminated
srun: error: frontier00099: tasks 112-116,118-124,126,129-133,136-139,141-155,158-163,166-167: Terminated
srun: Force Terminated StepId=5137550.83
[... 159 further lines matching: srun: error: frontier#: tasks #-#: Terminated ...]
[... 115 further lines matching: srun: error: frontier#: tasks #-#,#-#,#-#: Terminated ...]
[... 93 further lines matching: srun: error: frontier#: tasks #-#,#-#: Terminated ...]
[... 88 further lines matching: srun: error: frontier#: tasks #,#,#: Terminated ...]
[... 82 further lines matching: srun: error: frontier#: tasks #,#,#,#: Terminated ...]
[... 79 further lines matching: srun: error: frontier#: tasks #-#,#-#,#-#,#-#: Terminated ...]
[... 67 further lines matching: srun: error: frontier#: tasks #,#: Terminated ...]
[... 43 further lines matching: srun: error: frontier#: tasks #,#,#,#,#: Terminated ...]
[... 31 further lines matching: srun: error: frontier#: tasks #-#,#-#,#-#,#-#,#-#: Terminated ...]
[... 26 further lines matching: srun: error: frontier#: task #: Terminated ...]
[... 11 further lines matching: srun: error: frontier#: tasks #,#,#,#,#,#: Terminated ...]
[... 7 further lines matching: srun: error: frontier#: tasks #-#,#-#,#-#,#-#,#-#,#-#: Terminated ...]
[... 1 further lines matching: srun: error: frontier#: tasks #-#,#,#: Terminated ...]
[... 1 further lines matching: srun: error: frontier#: tasks #,#,#,#,#,#,#: Terminated ...]
Running frontier nodes=512 ranks_per_node=56 dist=hierarchical mode=fixed expected_us=10 max_upper_fanout=-1
srun: Step created for StepId=5137550.84
RESULT distributor=hierarchical mode=fixed expected_us=10 nodes=512 world_size=28672 max_upper_fanout=-1 total_tasks=33645956 elapsed_s=20.0483 throughput_tasks_per_s=1.67824e+06
MPICH Notice [Rank 0] [job id 5137550.84] [Sun Aug  2 03:35:55 2026] [frontier00096] - Abort(0) (rank 0 in comm 0): application called MPI_Abort(MPI_COMM_WORLD, 0) - process 0
aborting job:
application called MPI_Abort(MPI_COMM_WORLD, 0) - process 0
srun: error: frontier00096: task 0: Exited with exit code 255
srun: Terminating StepId=5137550.84
[2026-08-02T03:35:59.138] error: *** STEP 5137550.84 ON frontier00096 CANCELLED AT 2026-08-02T03:35:59 DUE TO TASK FAILURE ***
srun: error: frontier04479: tasks 10759,10770-10772,10775,10778-10779,10781,10788,10790-10791,10793,10795,10797,10799,10804,10807: Terminated
srun: error: frontier02151: tasks 3256,3258,3261,3265,3280,3287,3289,3296-3297: Terminated
srun: error: frontier05484: tasks 11928-11983: Terminated
srun: error: frontier09026: tasks 26208-26263: Terminated
srun: error: frontier07296: tasks 17529,17531,17536,17539-17542,17547-17548,17552,17561,17563-17564,17575,17581: Terminated
srun: error: frontier07667: tasks 18200,18204,18207,18211-18212,18217-18219,18221,18227,18233,18241,18249,18251: Terminated
srun: error: frontier06898: tasks 16352-16366,16368-16381,16383-16407: Terminated
srun: error: frontier08524: tasks 23128-23134,23136-23143,23145-23164,23166-23170,23172,23174,23176-23183: Terminated
srun: error: frontier01280: tasks 2072-2079,2081-2083,2085-2098,2100-2104,2106-2127: Terminated
srun: error: frontier06380: tasks 14448-14469,14471-14501,14503: Terminated
srun: error: frontier04479: tasks 10752-10758,10760-10769,10773-10774,10776-10777,10780,10782-10787,10789,10792,10794,10796,10798,10800-10803,10805-10806: Terminated
srun: error: frontier09028: tasks 26321-26322,26324-26326,26328-26336,26339-26342,26346,26348,26351,26354,26357,26360-26364,26366,26368,26371-26372,26374-26375: Terminated
srun: error: frontier05223: tasks 11368,11372,11375,11381,11385,11387,11392,11395,11399,11401,11417-11418,11420,11422: Terminated
srun: error: frontier08432: tasks 22568-22569,22572,22575-22577,22583-22586,22589,22591-22595,22597-22598,22601,22604,22606-22608,22610,22612,22615-22619,22621-22623: Terminated
srun: error: frontier06136: tasks 13896-13898,13901,13906,13911-13912,13917,13920-13921,13932,13935-13936,13939-13940,13942: Terminated
srun: error: frontier07296: tasks 17528,17530,17532-17535,17537-17538,17543-17546,17549-17551,17553-17560,17562,17565-17574,17576-17580,17582-17583: Terminated
srun: error: frontier09181: tasks 27496-27511,27513-27520,27522-27539,27541-27551: Terminated
srun: error: frontier02151: tasks 3248-3255,3257,3259-3260,3262-3264,3266-3279,3281-3286,3288,3290-3295,3298-3303: Terminated
srun: error: frontier06898: tasks 16367,16382: Terminated
srun: error: frontier02908: tasks 6440-6484,6486-6490,6493,6495: Terminated
srun: error: frontier08524: tasks 23135,23144,23165,23171,23173,23175: Terminated
srun: error: frontier03292: tasks 8288-8291,8293-8307,8309-8318,8320-8343: Terminated
srun: error: frontier03152: tasks 7618-7624,7627-7647,7650,7652-7659,7661,7663-7666,7668,7670: Terminated
srun: error: frontier01280: tasks 2080,2084,2099,2105: Terminated
srun: error: frontier02681: tasks 5208-5215,5217-5263: Terminated
srun: error: frontier07667: tasks 18201-18203,18205-18206,18208-18210,18213-18216,18220,18222-18226,18228-18232,18234-18240,18242-18248,18250,18252-18255: Terminated
srun: error: frontier09420: tasks 28168-28183,28185-28186,28188-28197,28200-28203,28205-28223: Terminated
srun: error: frontier07926: tasks 19488-19493,19495-19543: Terminated
srun: error: frontier06380: tasks 14470,14502: Terminated
srun: error: frontier01528: tasks 2128,2130,2136,2145,2148-2149,2151,2155-2157,2161,2169-2170,2178,2181-2182: Terminated
srun: error: frontier06381: tasks 14504,14506-14507,14512,14520-14522,14524,14527-14528,14536-14538,14540,14546,14548,14558: Terminated
srun: error: frontier06651: task 15195: Terminated
srun: error: frontier04595: tasks 10808-10823,10825-10860,10862-10863: Terminated
srun: error: frontier08137: tasks 20784,20790,20813: Terminated
srun: error: frontier07887: tasks 18928-18930,18932-18933,18940,18948-18949,18951-18952,18956,18961,18966-18968,18970-18971,18975-18976,18979,18982: Terminated
srun: error: frontier09028: tasks 26320,26323,26327,26337-26338,26343-26345,26347,26349-26350,26352-26353,26355-26356,26358-26359,26365,26367,26369-26370,26373: Terminated
srun: error: frontier07806: tasks 18879,18884,18889-18890,18899,18919,18926: Terminated
srun: error: frontier09181: tasks 27512,27521,27540: Terminated
srun: error: frontier05223: tasks 11369-11371,11373-11374,11376-11380,11382-11384,11386,11388-11391,11393-11394,11396-11398,11400,11402-11416,11419,11421,11423: Terminated
srun: error: frontier03300: tasks 8357,8367,8375,8379,8396,8399: Terminated
srun: error: frontier08432: tasks 22570-22571,22573-22574,22578-22582,22587-22588,22590,22596,22599-22600,22602-22603,22605,22609,22611,22613-22614,22620: Terminated
srun: error: frontier09029: tasks 26376,26379,26383-26384,26390-26393,26396,26398,26402,26404-26409,26412,26414,26417,26420,26424-26425,26427-26430: Terminated
srun: error: frontier02908: tasks 6485,6491-6492,6494: Terminated
srun: error: frontier08783: tasks 24474,24484-24486,24495,24497,24503-24504,24508,24516-24517,24519-24520,24525: Terminated
srun: error: frontier06136: tasks 13888-13895,13899-13900,13902-13905,13907-13910,13913-13916,13918-13919,13922-13931,13933-13934,13937-13938,13941,13943: Terminated
srun: error: frontier03152: tasks 7616-7617,7625-7626,7648-7649,7651,7660,7662,7667,7669,7671: Terminated
srun: error: frontier06139: tasks 13944-13952,13954-13960,13962-13964,13967-13969,13971-13981,13983-13999: Terminated
srun: error: frontier09420: tasks 28184,28187,28198-28199,28204: Terminated
srun: error: frontier07926: task 19494: Terminated
srun: error: frontier02523: tasks 4540,4544,4559,4571: Terminated
srun: error: frontier02682: tasks 5264-5265,5267,5269-5296,5298-5319: Terminated
srun: error: frontier05233: tasks 11486,11499,11503,11511,11519,11525-11527,11535: Terminated
srun: error: frontier02538: tasks 4705,4708,4710-4713,4722,4727-4728,4730,4738,4741,4749,4752,4754,4758: Terminated
srun: error: frontier08437: tasks 22682,22690-22691,22701,22703-22705,22710,22713,22718,22722,22725,22733: Terminated
srun: error: frontier06784: tasks 15904-15913,15915-15917,15919-15927,15929,15931,15933-15959: Terminated
srun: error: frontier01528: tasks 2129,2131-2135,2137-2144,2146-2147,2150,2152-2154,2158-2160,2162-2168,2171-2177,2179-2180,2183: Terminated
srun: error: frontier03582: tasks 9072,9077-9078,9080-9083,9085-9086,9088,9091-9093,9095,9097,9100,9106,9109-9110,9112,9119-9120,9127: Terminated
srun: error: frontier05872: tasks 12825,12829,12832,12837,12845,12851,12853,12856-12857,12859-12861,12863,12866,12868,12870,12873,12876,12878: Terminated
srun: error: frontier06381: tasks 14505,14508-14511,14513-14519,14523,14525-14526,14529-14535,14539,14541-14545,14547,14549-14557,14559: Terminated
srun: error: frontier07766: tasks 18368-18369,18373-18377,18383,18386-18387,18390-18392,18395,18397,18399-18401,18403,18405-18407,18409-18413,18415,18417,18419-18420: Terminated
srun: error: frontier05236: tasks 11595-11597,11602,11606,11613,11615,11617,11619,11621-11622,11624-11626,11628,11630,11632-11633,11635-11636,11638-11639,11642,11647: Terminated
srun: error: frontier07887: tasks 18931,18934-18939,18941-18947,18950,18953-18955,18957-18960,18962-18965,18969,18972-18974,18977-18978,18980-18981,18983: Terminated
srun: error: frontier07161: tasks 17192-17210,17212-17221,17223-17238,17240,17242-17243,17245-17247: Terminated
srun: error: frontier06887: tasks 16004,16009,16011-16012: Terminated
srun: error: frontier09029: tasks 26377-26378,26380-26382,26385-26389,26394-26395,26397,26399-26401,26403,26410-26411,26413,26415-26416,26418-26419,26421-26423,26426,26431: Terminated
srun: error: frontier07806: tasks 18872-18878,18880-18883,18885-18888,18891-18898,18900-18918,18920-18925,18927: Terminated
srun: error: frontier08438: tasks 22737,22739,22741,22743-22753,22755,22757-22779,22781-22787,22789-22791: Terminated
srun: error: frontier03300: tasks 8344-8356,8358-8366,8368-8374,8376-8378,8380-8395,8397-8398: Terminated
srun: error: frontier08783: tasks 24472-24473,24475-24483,24487-24494,24496,24498-24502,24505-24507,24509-24515,24518,24521-24524,24526-24527: Terminated
srun: error: frontier00371: tasks 1120-1122,1130,1138,1146,1153,1172: Terminated
srun: error: frontier06139: tasks 13953,13961,13965-13966,13970,13982: Terminated
srun: error: frontier08922: tasks 25928-25929,25931-25938,25940-25960,25962,25964-25979,25982-25983: Terminated
srun: error: frontier09302: tasks 27776,27790-27792,27794,27797-27799,27803-27805,27807-27809,27814,27819-27820,27828,27830-27831: Terminated
srun: error: frontier06111: tasks 13502,13507,13514,13518,13523,13525,13529,13540,13544,13549: Terminated
srun: error: frontier04864: tasks 11108,11111,11113,11119,11137,11140-11141: Terminated
srun: error: frontier04078: tasks 9744-9747,9749-9760,9762,9765-9789,9791-9799: Terminated
srun: error: frontier06517: tasks 14785-14787,14792,14798,14807,14809,14811,14813,14817,14824,14829,14831,14835: Terminated
srun: error: frontier06762: tasks 15456-15458,15462-15463,15465,15470-15471,15473-15478,15481-15482,15484-15486,15489-15491,15495-15498,15503-15504,15506-15507: Terminated
srun: error: frontier03179: tasks 7952-7957,7959-7961,7963-7964,7966,7969-7972,7974-7976,7978-7988,7990-7992,7995-7998,8002-8003,8005: Terminated
srun: error: frontier05233: tasks 11480-11485,11487-11498,11500-11502,11504-11510,11512-11518,11520-11524,11528-11534: Terminated
srun: error: frontier06761: tasks 15401-15402,15405-15406,15408-15412,15414,15416-15418,15420-15422,15425-15426,15430-15432,15435-15439,15442,15444,15446,15448-15449,15452,15454-15455: Terminated
srun: error: frontier06890: tasks 16080,16087,16089-16090,16103,16112: Terminated
srun: error: frontier02026: tasks 3026-3027,3029,3032,3045,3049-3050,3052,3057-3058,3060-3062,3064-3065,3069: Terminated
srun: error: frontier02538: tasks 4704,4706-4707,4709,4714-4721,4723-4726,4729,4731-4737,4739-4740,4742-4748,4750-4751,4753,4755-4757,4759: Terminated
srun: error: frontier08903: tasks 25426,25428,25431,25434-25435,25444-25446,25449,25453,25456,25459,25461,25465,25467,25473-25474,25476: Terminated
srun: error: frontier04978: tasks 11146,11158,11161,11163,11170,11174-11176,11180,11186-11188,11190: Terminated
srun: error: frontier06784: tasks 15914,15918,15928,15930,15932: Terminated
srun: error: frontier08437: tasks 22680-22681,22683-22689,22692-22700,22702,22706-22709,22711-22712,22714-22717,22719-22721,22723-22724,22726-22732,22734-22735: Terminated
srun: error: frontier03582: tasks 9073-9076,9079,9084,9087,9089-9090,9094,9096,9098-9099,9101-9105,9107-9108,9111,9113-9118,9121-9126: Terminated
srun: error: frontier05872: tasks 12824,12826-12828,12830-12831,12833-12836,12838-12844,12846-12850,12852,12854-12855,12858,12862,12864-12865,12867,12869,12871-12872,12874-12875,12877,12879: Terminated
srun: error: frontier04325: tasks 10472,10474-10494,10496-10501,10503-10527: Terminated
srun: error: frontier09416: tasks 28000,28002,28004-28007,28009,28015-28016,28018,28022-28023,28026,28029-28033,28038,28040,28043,28045,28047,28049,28051,28053-28055: Terminated
srun: error: frontier05236: tasks 11592-11594,11598-11601,11603-11605,11607-11612,11614,11616,11618,11620,11623,11627,11629,11631,11634,11637,11640-11641,11643-11646: Terminated
srun: error: frontier08131: tasks 20440-20443,20449-20450,20452-20454,20456-20457,20459-20464,20466,20469-20473,20478-20479,20482-20484,20486-20490,20492,20494-20495: Terminated
srun: error: frontier08799: tasks 24976-25001,25003-25006,25008,25010-25020,25022-25031: Terminated
srun: error: frontier07766: tasks 18370-18372,18378-18382,18384-18385,18388-18389,18393-18394,18396,18398,18402,18404,18408,18414,18416,18418,18421-18423: Terminated
srun: error: frontier07161: tasks 17211,17222,17239,17241,17244: Terminated
srun: error: frontier05726: tasks 12432,12437-12439,12441-12442,12446,12450,12452-12453,12469,12471,12473,12476,12478-12479,12482-12483: Terminated
srun: error: frontier07913: tasks 19321,19326,19333-19336,19339-19343,19346,19348,19350-19351,19354,19356-19359,19364-19366,19372-19375: Terminated
srun: error: frontier03185: tasks 8008-8012,8014,8018-8019,8021-8024,8026-8028,8030-8039,8041-8043,8047-8049,8051,8054,8056-8058,8060-8062: Terminated
srun: error: frontier04078: tasks 9748,9761,9763-9764,9790: Terminated
srun: error: frontier06887: tasks 15960-16003,16005-16008,16010,16013-16015: Terminated
srun: error: frontier02031: tasks 3080-3082,3085-3086,3088-3089,3106,3108,3118-3119,3122-3123,3126: Terminated
srun: error: frontier02550: tasks 4819-4820,4840,4861: Terminated
srun: error: frontier08438: tasks 22736,22738,22740,22742,22754,22756,22780,22788: Terminated
srun: error: frontier00096: tasks 4,7,9,20-23,28-29,36,44-46,51-52,54-55: Terminated
srun: error: frontier06111: tasks 13496-13501,13503-13506,13508-13513,13515-13517,13519-13522,13524,13526-13528,13530-13539,13541-13543,13545-13548,13550-13551: Terminated
srun: error: frontier02653: tasks 4928,4930-4932,4938-4940,4944-4946,4953,4955,4968,4970,4972,4975,4981,4983: Terminated
srun: error: frontier03146: tasks 7459-7460,7467,7477,7485,7489,7499,7501,7503: Terminated
srun: error: frontier07551: tasks 18144,18152,18172,18176,18189,18194,18197-18198: Terminated
srun: error: frontier03179: tasks 7958,7962,7965,7967-7968,7973,7977,7989,7993-7994,7999-8001,8004,8006-8007: Terminated
srun: error: frontier03710: tasks 9353-9355,9357-9360,9364-9366,9369,9373,9375-9379,9381,9387,9392-9400,9403-9404,9406: Terminated
srun: error: frontier02026: tasks 3024-3025,3028,3030-3031,3033-3044,3046-3048,3051,3053-3056,3059,3063,3066-3068,3070-3079: Terminated
srun: error: frontier08032: tasks 19936-19964,19966,19968-19991: Terminated
srun: error: frontier02900: tasks 6216-6217,6219-6220,6222-6223,6226,6230,6233-6234,6236,6238-6239,6241,6245,6248,6252-6253,6258-6260,6262-6263,6265-6266,6268-6269: Terminated
srun: error: frontier08305: tasks 21840,21842-21843,21846-21847,21849,21856-21857,21859,21865,21867-21868,21875,21879,21881: Terminated
srun: error: frontier07791: tasks 18705-18706,18712,18715,18718-18719,18726,18730-18731,18733,18736,18739,18746,18749,18753: Terminated
srun: error: frontier04864: tasks 11088-11107,11109-11110,11112,11114-11118,11120-11136,11138-11139,11142-11143: Terminated
srun: error: frontier06517: tasks 14784,14788-14791,14793-14797,14799-14806,14808,14810,14812,14814-14816,14818-14823,14825-14828,14830,14832-14834,14836-14839: Terminated
srun: error: frontier06761: tasks 15400,15403-15404,15407,15413,15415,15419,15423-15424,15427-15429,15433-15434,15440-15441,15443,15445,15447,15450-15451,15453: Terminated
srun: error: frontier08922: tasks 25930,25939,25961,25963,25980-25981: Terminated
srun: error: frontier05355: tasks 11885,11889,11891,11905,11916,11921,11926: Terminated
srun: error: frontier09302: tasks 27777-27789,27793,27795-27796,27800-27802,27806,27810-27813,27815-27818,27821-27827,27829: Terminated
srun: error: frontier06762: tasks 15459-15461,15464,15466-15469,15472,15479-15480,15483,15487-15488,15492-15494,15499-15502,15505,15508-15511: Terminated
srun: error: frontier02665: tasks 5097,5100,5102,5117,5134,5136,5147,5150: Terminated
srun: error: frontier06890: tasks 16072-16079,16081-16086,16088,16091-16102,16104-16111,16113-16127: Terminated
srun: error: frontier04978: tasks 11144-11145,11147-11157,11159-11160,11162,11164-11169,11171-11173,11177-11179,11181-11185,11189,11191-11199: Terminated
srun: error: frontier04476: tasks 10640,10642,10647,10649,10651,10654,10657,10662,10671,10680,10682-10683,10691,10693: Terminated
srun: error: frontier08903: tasks 25424-25425,25427,25429-25430,25432-25433,25436-25443,25447-25448,25450-25452,25454-25455,25457-25458,25460,25462-25464,25466,25468-25472,25475,25477-25479: Terminated
srun: error: frontier08131: tasks 20444-20448,20451,20455,20458,20465,20467-20468,20474-20477,20480-20481,20485,20491,20493: Terminated
srun: error: frontier03185: tasks 8013,8015-8017,8020,8025,8029,8040,8044-8046,8050,8052-8053,8055,8059,8063: Terminated
srun: error: frontier05726: tasks 12433-12436,12440,12443-12445,12447-12449,12451,12454-12468,12470,12472,12474-12475,12477,12480-12481,12484-12487: Terminated
srun: error: frontier02031: tasks 3083-3084,3087,3090-3105,3107,3109-3117,3120-3121,3124-3125,3127-3135: Terminated
srun: error: frontier09416: tasks 28001,28003,28008,28010-28014,28017,28019-28021,28024-28025,28027-28028,28034-28037,28039,28041-28042,28044,28046,28048,28050,28052: Terminated
srun: error: frontier00096: tasks 1-3,5-6,8,10-19,24-27,30-35,37-43,47-50,53: Terminated
srun: error: frontier02653: tasks 4929,4933-4937,4941-4943,4947-4952,4954,4956-4967,4969,4971,4973-4974,4976-4980,4982: Terminated
srun: error: frontier03710: tasks 9352,9356,9361-9363,9367-9368,9370-9372,9374,9380,9382-9386,9388-9391,9401-9402,9405,9407: Terminated
srun: error: frontier07913: tasks 19320,19322-19325,19327-19332,19337-19338,19344-19345,19347,19349,19352-19353,19355,19360-19363,19367-19371: Terminated
srun: error: frontier03146: tasks 7448-7458,7461-7466,7468-7476,7478-7484,7486-7488,7490-7498,7500,7502: Terminated
srun: error: frontier02900: tasks 6218,6221,6224-6225,6227-6229,6231-6232,6235,6237,6240,6242-6244,6246-6247,6249-6251,6254-6257,6261,6264,6267,6270-6271: Terminated
srun: error: frontier08422: tasks 22365,22378,22382,22398-22399: Terminated
srun: error: frontier09158: tasks 26824,26826-26857,26859-26863,26865-26879: Terminated
srun: error: frontier06894: tasks 16184,16186-16192,16194-16206,16209-16223,16225-16239: Terminated
srun: error: frontier07791: tasks 18704,18707-18711,18713-18714,18716-18717,18720-18725,18727-18729,18732,18734-18735,18737-18738,18740-18745,18747-18748,18750-18752,18754-18759: Terminated
srun: error: frontier08906: tasks 25593-25599,25601-25622,25624-25638,25640,25642-25645,25647: Terminated
srun: error: frontier07551: tasks 18145-18151,18153-18171,18173-18175,18177-18188,18190-18193,18195-18196,18199: Terminated
srun: error: frontier05355: tasks 11872-11884,11886-11888,11890,11892-11904,11906-11915,11917-11920,11922-11925,11927: Terminated
srun: error: frontier08305: tasks 21841,21844-21845,21848,21850-21855,21858,21860-21864,21866,21869-21874,21876-21878,21880,21882-21895: Terminated
srun: error: frontier02665: tasks 5096,5098-5099,5101,5103-5116,5118-5133,5135,5137-5146,5148-5149,5151: Terminated
srun: error: frontier04476: tasks 10641,10643-10646,10648,10650,10652-10653,10655-10656,10658-10661,10663-10670,10672-10679,10681,10684-10690,10692,10694-10695: Terminated
srun: Force Terminated StepId=5137550.84
[... 390 further lines matching: srun: error: frontier#: tasks #-#: Terminated ...]
[... 19 further lines matching: srun: error: frontier#: tasks #-#,#-#: Terminated ...]
[... 19 further lines matching: srun: error: frontier#: task #: Terminated ...]
[... 12 further lines matching: srun: error: frontier#: tasks #,#,#: Terminated ...]
[... 11 further lines matching: srun: error: frontier#: tasks #-#,#-#,#-#,#-#: Terminated ...]
[... 10 further lines matching: srun: error: frontier#: tasks #,#: Terminated ...]
[... 7 further lines matching: srun: error: frontier#: tasks #-#,#-#,#-#,#-#,#-#: Terminated ...]
[... 7 further lines matching: srun: error: frontier#: tasks #,#,#,#: Terminated ...]
[... 7 further lines matching: srun: error: frontier#: tasks #-#,#-#,#-#: Terminated ...]
[... 1 further lines matching: srun: error: frontier#: tasks #,#,#,#,#,#: Terminated ...]
[... 1 further lines matching: srun: error: frontier#: tasks #-#,#-#,#-#,#-#,#-#,#-#: Terminated ...]
[... 1 further lines matching: srun: error: frontier#: tasks #,#,#-#,#: Terminated ...]
Running frontier nodes=512 ranks_per_node=56 dist=hierarchical mode=fixed expected_us=100 max_upper_fanout=-1
srun: Step created for StepId=5137550.85
RESULT distributor=hierarchical mode=fixed expected_us=100 nodes=512 world_size=28672 max_upper_fanout=-1 total_tasks=22747292 elapsed_s=20.0611 throughput_tasks_per_s=1.1339e+06
MPICH Notice [Rank 0] [job id 5137550.85] [Sun Aug  2 03:36:56 2026] [frontier00096] - Abort(0) (rank 0 in comm 0): application called MPI_Abort(MPI_COMM_WORLD, 0) - process 0
aborting job:
application called MPI_Abort(MPI_COMM_WORLD, 0) - process 0
srun: error: frontier00096: task 0: Exited with exit code 255
srun: Terminating StepId=5137550.85
[2026-08-02T03:37:00.822] error: *** STEP 5137550.85 ON frontier00096 CANCELLED AT 2026-08-02T03:37:00 DUE TO TASK FAILURE ***
srun: error: frontier08270: tasks 21288,21296-21297,21331: Terminated
srun: error: frontier01139: tasks 1400,1407,1409,1413,1418,1424,1429,1437,1440,1451,1453-1455: Terminated
srun: error: frontier02679: tasks 5152-5154,5162,5164,5176,5180,5183,5185,5191,5193-5194,5196-5197,5201,5203: Terminated
srun: error: frontier06898: tasks 16381,16392,16397,16400,16402,16407: Terminated
srun: error: frontier05484: tasks 11928-11929,11931-11952,11954-11976,11979-11983: Terminated
srun: error: frontier06780: tasks 15680-15691,15693-15701,15704-15735: Terminated
srun: error: frontier09026: tasks 26208-26263: Terminated
srun: error: frontier08801: tasks 25032-25087: Terminated
srun: error: frontier06380: tasks 14448,14452-14453,14460-14461,14466,14474-14475,14477-14478,14482,14484,14486,14496-14497,14501-14502: Terminated
srun: error: frontier08524: tasks 23128-23132,23134-23151,23153-23174,23176-23183: Terminated
srun: error: frontier01139: tasks 1401-1406,1408,1410-1412,1414-1417,1419-1423,1425-1428,1430-1436,1438-1439,1441-1450,1452: Terminated
srun: error: frontier08907: tasks 25649,25656,25665,25667,25675,25681,25686,25689: Terminated
srun: error: frontier09028: tasks 26320-26321,26324,26326,26328,26331-26334,26341-26344,26347,26349,26352-26353,26355-26356,26361,26366-26370,26372-26373,26375: Terminated
srun: error: frontier02151: tasks 3248-3250,3253-3274,3276-3303: Terminated
srun: error: frontier07154: tasks 16987,16995-16997,17002-17005,17007,17013-17014,17020,17023: Terminated
srun: error: frontier08807: task 25137: Terminated
srun: error: frontier02679: tasks 5155-5161,5163,5165-5175,5177-5179,5181-5182,5184,5186-5190,5192,5195,5198-5200,5202,5204-5207: Terminated
srun: error: frontier05223: tasks 11373,11381,11386,11388,11390,11394,11403,11415,11417-11418,11423: Terminated
srun: error: frontier06013: tasks 13272-13277,13279-13327: Terminated
srun: error: frontier02151: tasks 3251-3252,3275: Terminated
srun: error: frontier02908: tasks 6445,6447,6449-6451,6453,6456-6458,6460-6461,6464-6465,6468,6473,6479,6484-6485,6487-6488,6490-6491,6494-6495: Terminated
srun: error: frontier07667: tasks 18200-18201,18203-18212,18214-18215,18217-18233,18235-18240,18243-18254: Terminated
srun: error: frontier09420: tasks 28168-28212,28214-28223: Terminated
srun: error: frontier09029: tasks 26376,26378,26381,26383,26387,26390,26392,26394-26395,26401,26411,26413,26415-26416,26423,26426: Terminated
srun: error: frontier03834: tasks 9520,9522-9532,9534-9575: Terminated
srun: error: frontier08432: tasks 22569,22574,22576-22581,22584-22585,22587,22589,22591-22592,22595,22599,22602-22605,22607-22608,22611-22613,22615-22616,22620-22622: Terminated
srun: error: frontier08670: tasks 23856,23858,23864-23865,23867,23872-23875,23879,23881-23882,23887,23889,23894,23898,23906,23908,23910-23911: Terminated
srun: error: frontier05484: tasks 11930,11953,11977-11978: Terminated
srun: error: frontier05496: tasks 12040-12043,12045-12059,12061-12063,12065,12067-12091,12093-12095: Terminated
srun: error: frontier08274: tasks 21336,21343,21349,21352,21365,21369,21372,21374,21377,21381,21385,21391: Terminated
srun: error: frontier08785: tasks 24588,24592,24600,24603-24605,24623: Terminated
srun: error: frontier08436: tasks 22624-22631,22633-22643,22645-22650,22652-22655,22657,22659-22675,22678-22679: Terminated
srun: error: frontier06780: tasks 15692,15702-15703: Terminated
srun: error: frontier06898: tasks 16352-16380,16382-16391,16393-16396,16398-16399,16401,16403-16406: Terminated
srun: error: frontier07410: tasks 17593,17595,17599,17601,17603,17621,17623: Terminated
srun: error: frontier06903: tasks 16408-16409,16411-16443,16445-16452,16454,16456-16459,16461-16462: Terminated
srun: error: frontier07890: tasks 18985,18987,18989,18993,18996-18998,19001,19008,19011,19014,19017,19020,19025,19029,19033,19038: Terminated
srun: error: frontier03157: tasks 7728,7731,7733-7734,7738,7741,7745,7747,7751-7752,7762,7770-7771,7773-7775,7783: Terminated
srun: error: frontier07679: tasks 18256-18268,18270-18273,18275,18277-18311: Terminated
srun: error: frontier08142: tasks 20833,20839,20863,20869,20881: Terminated
srun: error: frontier08277: tasks 21504,21511,21520,21527,21529,21553,21555: Terminated
srun: error: frontier05235: tasks 11536,11540,11548,11551,11553-11554,11563,11569-11570,11572,11575,11578-11579,11583,11586-11588: Terminated
srun: error: frontier08437: tasks 22695,22699,22721,22729,22733: Terminated
srun: error: frontier09166: task 27080: Terminated
srun: error: frontier06380: tasks 14449-14451,14454-14459,14462-14465,14467-14473,14476,14479-14481,14483,14485,14487-14495,14498-14500,14503: Terminated
srun: error: frontier08524: tasks 23133,23152,23175: Terminated
srun: error: frontier02790: tasks 5824,5828,5832,5838-5839,5841,5843,5855,5860,5871-5872,5875,5878: Terminated
srun: error: frontier05747: tasks 12658-12660,12662-12674,12676-12677,12679,12683,12686-12692,12696-12702,12704-12709,12711: Terminated
srun: error: frontier09028: tasks 26322-26323,26325,26327,26329-26330,26335-26340,26345-26346,26348,26350-26351,26354,26357-26360,26362-26365,26371,26374: Terminated
srun: error: frontier02158: tasks 3421-3422,3424,3435,3439,3441,3444,3449,3459,3465,3471: Terminated
srun: error: frontier05611: tasks 12157,12159,12161-12162,12166,12170,12172,12175,12178,12180-12181,12190,12193-12194,12198,12202-12203,12206: Terminated
srun: error: frontier02909: tasks 6497-6499,6504,6507-6508,6510,6522-6523,6530,6532,6534,6539-6540,6546: Terminated
srun: error: frontier04217: tasks 10308,10315,10320-10321,10324,10328,10332,10345-10346,10351,10358-10359: Terminated
srun: error: frontier02532: tasks 4648-4657,4659-4660,4662-4667,4669-4670,4672-4676,4679-4681,4683-4691,4694-4703: Terminated
srun: error: frontier03581: tasks 9016-9028,9030-9053,9055-9056,9058-9060,9062,9064-9071: Terminated
srun: error: frontier03158: tasks 7788-7789,7792,7807-7808,7810-7811,7814,7822-7823,7826,7829,7831-7832,7836-7837,7839: Terminated
srun: error: frontier03834: tasks 9521,9533: Terminated
srun: error: frontier05757: tasks 12719-12721,12730,12734,12737,12739,12743,12746,12752,12756,12759,12761,12764: Terminated
srun: error: frontier05236: tasks 11594,11615,11617,11622,11639-11640,11642: Terminated
srun: error: frontier05223: tasks 11368-11372,11374-11380,11382-11385,11387,11389,11391-11393,11395-11402,11404-11414,11416,11419-11422: Terminated
srun: error: frontier03054: tasks 7231,7233,7236,7238-7239,7243,7246,7248,7251,7253-7254,7256-7257,7259-7260,7263-7264,7273,7277-7278: Terminated
srun: error: frontier04207: tasks 10192-10200,10202-10217,10219-10232,10234-10235,10237-10247: Terminated
srun: error: frontier08907: tasks 25648,25650-25655,25657-25664,25666,25668-25674,25676-25680,25682-25685,25687-25688,25690-25703: Terminated
srun: error: frontier02682: tasks 5264-5267,5269,5271-5292,5295-5314,5316,5318-5319: Terminated
srun: error: frontier03582: tasks 9077,9079-9080,9090,9096,9114,9126: Terminated
srun: error: frontier02803: tasks 6000-6001,6005,6008,6010-6011,6014,6021,6027,6030-6032,6038,6042-6043,6046: Terminated
srun: error: frontier07902: tasks 19040,19045-19046,19051,19053-19055,19071,19078-19079,19081,19083,19085,19093,19095: Terminated
srun: error: frontier02908: tasks 6440-6444,6446,6448,6452,6454-6455,6459,6462-6463,6466-6467,6469-6472,6474-6478,6480-6483,6486,6489,6492-6493: Terminated
srun: error: frontier07667: tasks 18202,18213,18216,18234,18241-18242,18255: Terminated
srun: error: frontier08526: tasks 23262,23270,23289: Terminated
srun: error: frontier01917: tasks 2800-2809,2811-2836,2838-2840,2842,2844-2855: Terminated
srun: error: frontier09300: tasks 27720,27722-27749,27751-27774: Terminated
srun: error: frontier03170: tasks 7840-7854,7856-7859,7861-7862,7865,7867,7869-7870,7872-7884,7887-7891,7894-7895: Terminated
srun: error: frontier07154: tasks 16968-16986,16988-16994,16998-17001,17006,17008-17012,17015-17019,17021-17022: Terminated
srun: error: frontier03152: tasks 7640,7647: Terminated
srun: error: frontier08432: tasks 22568,22570-22573,22575,22582-22583,22586,22588,22590,22593-22594,22596-22598,22600-22601,22606,22609-22610,22614,22617-22619,22623: Terminated
srun: error: frontier02540: tasks 4776,4779-4780,4783,4801,4811,4813,4815: Terminated
srun: error: frontier01533: tasks 2240,2243,2247,2253,2259-2260,2273,2276-2277,2281: Terminated
srun: error: frontier01146: tasks 1703,1708-1709,1717-1718,1727,1731-1734: Terminated
srun: error: frontier08146: tasks 20894,20897,20905,20907,20909-20919,20924,20926,20928,20931,20935,20937,20941: Terminated
srun: error: frontier03314: tasks 8512-8514,8516,8518-8529,8531-8535,8537,8539-8541,8543-8547,8549-8551,8553-8558,8560-8564,8567: Terminated
srun: error: frontier07418: tasks 17810-17811,17814,17816,17819-17821,17823,17827-17828,17830,17837-17839,17842,17844-17845,17855,17859,17861,17863: Terminated
srun: error: frontier06887: tasks 15961,15964,15973-15975,15986,15988-15989,15991-15992,16002,16005,16009: Terminated
srun: error: frontier02024: tasks 2913,2915-2919,2921-2935,2937-2967: Terminated
srun: error: frontier03311: tasks 8456,8467,8469,8478,8481,8485,8494,8500,8503,8505,8507,8510-8511: Terminated
srun: error: frontier08549: tasks 23411,23413,23418-23419,23423,23429,23431,23433,23441,23443,23448,23450,23454,23458,23460: Terminated
srun: error: frontier08274: tasks 21337-21342,21344-21348,21350-21351,21353-21364,21366-21368,21370-21371,21373,21375-21376,21378-21380,21382-21384,21386-21390: Terminated
srun: error: frontier02165: tasks 3533-3534,3538,3542,3545,3549,3554,3557,3564,3570-3571,3576-3577,3579: Terminated
srun: error: frontier07769: tasks 18480-18482,18492,18496-18497,18503,18506,18509,18517,18528-18529,18531: Terminated
srun: error: frontier06903: tasks 16410,16444,16453,16455,16460,16463: Terminated
srun: error: frontier08670: tasks 23857,23859-23863,23866,23868-23871,23876-23878,23880,23883-23886,23888,23890-23893,23895-23897,23899-23905,23907,23909: Terminated
srun: error: frontier08026: tasks 19656-19658,19661,19668,19674-19676,19680-19681,19683,19689,19691,19707: Terminated
srun: error: frontier07410: tasks 17584-17592,17594,17596-17598,17600,17602,17604-17620,17622,17624-17639: Terminated
srun: error: frontier02685: tasks 5377-5398,5400-5401,5403-5413,5415-5417,5419-5431: Terminated
srun: error: frontier09029: tasks 26377,26379-26380,26382,26384-26386,26388-26389,26391,26393,26396-26400,26402-26410,26412,26414,26417-26422,26424-26425,26427-26431: Terminated
srun: error: frontier08673: tasks 24026,24028-24029,24036,24039,24042,24045,24052,24056,24058-24059,24064,24067,24071: Terminated
srun: error: frontier03157: tasks 7729-7730,7732,7735-7737,7739-7740,7742-7744,7746,7748-7750,7753-7761,7763-7769,7772,7776-7782: Terminated
srun: error: frontier05747: tasks 12656-12657,12661,12675,12678,12680-12682,12684-12685,12693-12695,12703,12710: Terminated
srun: error: frontier08436: tasks 22632,22644,22651,22656,22658,22676-22677: Terminated
srun: error: frontier07903: tasks 19097,19104,19109-19110,19116-19118,19120,19122,19124,19130,19140,19143,19147: Terminated
srun: error: frontier09302: tasks 27776-27786,27788-27791,27793-27795,27797-27799,27801-27804,27806-27810,27812,27814-27819,27821-27823,27825-27831: Terminated
srun: error: frontier04323: tasks 10420,10423,10428,10433,10436,10438-10439,10446,10455-10457,10464-10465,10467,10469: Terminated
srun: error: frontier02550: tasks 4817,4819-4822,4824-4828,4831-4833,4835-4839,4841-4854,4856-4859,4861-4868,4870-4871: Terminated
srun: error: frontier03959: tasks 9582,9593-9594: Terminated
srun: error: frontier09171: tasks 27218,27220-27222,27224-27228,27230-27233,27236-27244,27247,27250-27256,27258-27262,27264,27267-27271: Terminated
srun: error: frontier04078: tasks 9744-9747,9749-9783,9785-9790,9792,9794-9799: Terminated
srun: error: frontier02790: tasks 5825-5827,5829-5831,5833-5837,5840,5842,5844-5854,5856-5859,5861-5870,5873-5874,5876-5877,5879: Terminated
srun: error: frontier02532: tasks 4658,4661,4668,4671,4677-4678,4682,4692-4693: Terminated
srun: error: frontier06517: tasks 14788,14790,14792-14794,14796,14802,14804,14809,14811,14816,14819,14822,14829,14832,14837-14838: Terminated
srun: error: frontier02776: tasks 5432,5435,5438-5439,5443-5444,5446,5449-5450,5452,5455,5460-5461,5470,5477-5478,5480-5481,5487: Terminated
srun: error: frontier02909: tasks 6496,6500-6503,6505-6506,6509,6511-6521,6524-6529,6531,6533,6535-6538,6541-6545,6547-6551: Terminated
srun: error: frontier06762: tasks 15459,15464,15467,15472,15477,15481-15483,15485-15486,15491,15494-15496,15507: Terminated
srun: error: frontier03179: tasks 7952,7958,7961,7964,7966,7968-7970,7974-7975,7978,7980,7985,7989,7992-7993,8003,8005,8007: Terminated
srun: error: frontier02898: tasks 6104,6106-6108,6110-6111,6114,6119-6120,6123-6124,6126-6128,6130,6132-6133,6135-6137,6139-6143,6145-6149,6153-6155: Terminated
srun: error: frontier08785: tasks 24584-24587,24589-24591,24593-24599,24601-24602,24606-24622,24624-24639: Terminated
srun: error: frontier02158: tasks 3416-3420,3423,3425-3434,3436-3438,3440,3442-3443,3445-3448,3450-3458,3460-3464,3466-3470: Terminated
srun: error: frontier08793: tasks 24756,24759,24763-24764,24772,24777,24781-24782,24784-24786,24796,24802,24804,24807: Terminated
srun: error: frontier07909: tasks 19167-19168,19172,19180,19191,19193,19195,19200-19201: Terminated
srun: error: frontier05235: tasks 11537-11539,11541-11547,11549-11550,11552,11555-11562,11564-11568,11571,11573-11574,11576-11577,11580-11582,11584-11585,11589-11591: Terminated
srun: error: frontier02026: tasks 3029,3035,3038,3041,3045,3047-3048,3059,3061-3062,3066-3067,3071,3073-3075: Terminated
srun: error: frontier04207: tasks 10201,10218,10233,10236: Terminated
srun: error: frontier07890: tasks 18984,18986,18988,18990-18992,18994-18995,18999-19000,19002-19007,19009-19010,19012-19013,19015-19016,19018-19019,19021-19024,19026-19028,19030-19032,19034-19037,19039: Terminated
srun: error: frontier07260: tasks 17304-17317,17319,17321-17340,17342-17359: Terminated
srun: error: frontier02682: tasks 5268,5270,5293-5294,5315,5317: Terminated
srun: error: frontier09036: tasks 26602,26611,26613,26621-26622,26626-26627,26635,26638,26640-26641,26647-26648,26651,26653: Terminated
srun: error: frontier06266: tasks 14224-14231,14233-14272,14275,14277-14279: Terminated
srun: error: frontier08142: tasks 20832,20834-20838,20840-20862,20864-20868,20870-20880,20882-20887: Terminated
srun: error: frontier05624: tasks 12322,12326,12331,12343,12347,12349-12350,12353,12355-12357,12360,12374-12375: Terminated
srun: error: frontier05757: tasks 12712-12718,12722-12729,12731-12733,12735-12736,12738,12740-12742,12744-12745,12747-12751,12753-12755,12757-12758,12760,12762-12763,12765-12767: Terminated
srun: error: frontier03158: tasks 7784-7787,7790-7791,7793-7806,7809,7812-7813,7815-7821,7824-7825,7827-7828,7830,7833-7835,7838: Terminated
srun: error: frontier08277: tasks 21505-21510,21512-21519,21521-21526,21528,21530-21552,21554,21556-21559: Terminated
srun: error: frontier04217: tasks 10304-10307,10309-10314,10316-10319,10322-10323,10325-10327,10329-10331,10333-10344,10347-10350,10352-10357: Terminated
srun: error: frontier05611: tasks 12152-12156,12158,12160,12163-12165,12167-12169,12171,12173-12174,12176-12177,12179,12182-12189,12191-12192,12195-12197,12199-12201,12204-12205,12207: Terminated
srun: error: frontier03188: tasks 8065-8070,8072-8073,8075-8091,8093-8104,8106-8113,8115-8117,8119: Terminated
srun: error: frontier05245: tasks 11762,11767,11779-11780,11788,11799,11801,11804,11807,11812,11815: Terminated
srun: error: frontier05726: tasks 12432,12435,12438,12440-12442,12444-12445,12451,12454,12456-12457,12461-12463,12465-12466,12468,12472,12475-12479,12484: Terminated
srun: error: frontier01021: tasks 1237,1239-1240,1242-1243,1245-1246,1252,1260,1262,1268,1270,1274,1276,1280,1285: Terminated
srun: error: frontier03054: tasks 7224-7230,7232,7234-7235,7237,7240-7242,7244-7245,7247,7249-7250,7252,7255,7258,7261-7262,7265-7272,7274-7276,7279: Terminated
srun: error: frontier00096: tasks 3,12,15,21,24,31,38,49,55: Terminated
srun: error: frontier03031: tasks 6832-6841,6843,6845-6846,6848,6850-6852,6854-6856,6858-6859,6861-6870,6872-6876,6878-6887: Terminated
srun: error: frontier01917: tasks 2810,2837,2841,2843: Terminated
srun: error: frontier02653: tasks 4934,4937,4940-4941,4947-4948,4951-4952,4954,4957,4972,4978-4979,4981-4982: Terminated
srun: error: frontier03710: tasks 9355,9358,9360-9361,9363,9368-9369,9371,9373,9375,9390,9392,9399: Terminated
srun: error: frontier03582: tasks 9072-9076,9078,9081-9089,9091-9095,9097-9113,9115-9125,9127: Terminated
srun: error: frontier03146: tasks 7453-7454,7457,7460,7481,7483,7488,7491,7496,7499: Terminated
srun: error: frontier01651: tasks 2525,2527-2529,2531,2533,2535,2537-2538,2541,2543,2545,2549,2551-2554,2558,2565,2567-2568,2572: Terminated
srun: error: frontier05236: tasks 11592-11593,11595-11614,11616,11618-11621,11623-11638,11641,11643-11647: Terminated
srun: error: frontier02803: tasks 5992-5999,6002-6004,6006-6007,6009,6012-6013,6015-6020,6022-6026,6028-6029,6033-6037,6039-6041,6044-6045,6047: Terminated
srun: error: frontier08654: tasks 23576-23603,23605,23607-23609,23611-23621,23623-23631: Terminated
srun: error: frontier03170: tasks 7855,7860,7863-7864,7866,7868,7871,7885-7886,7892-7893: Terminated
srun: error: frontier07902: tasks 19041-19044,19047-19050,19052,19056-19070,19072-19077,19080,19082,19084,19086-19092,19094: Terminated
srun: error: frontier07550: tasks 18101,18110,18118,18136-18137: Terminated
srun: error: frontier02516: tasks 4375,4378,4382,4384,4386,4392-4393,4397,4401,4408,4410-4412,4423: Terminated
srun: error: frontier09024: tasks 26097,26103,26111,26116-26117,26119,26130,26132-26133,26136,26139-26141,26143-26144,26146: Terminated
srun: error: frontier08268: tasks 21172,21176-21177,21179-21180,21187,21189,21192,21206-21207,21209,21214,21216,21219,21223: Terminated
srun: error: frontier01533: tasks 2241-2242,2244-2246,2248-2252,2254-2258,2261-2272,2274-2275,2278-2280,2282-2295: Terminated
srun: error: frontier01133: tasks 1292-1294,1304,1313,1316-1317,1320-1321,1324-1325,1336,1339-1341,1343: Terminated
srun: error: frontier03314: tasks 8515,8517,8530,8536,8538,8542,8548,8552,8559,8565-8566: Terminated
srun: error: frontier08422: tasks 22344,22346-22355,22357-22378,22380-22385,22387-22399: Terminated
srun: error: frontier07285: tasks 17416-17445,17447,17449-17471: Terminated
srun: error: frontier08905: tasks 25543,25545,25547,25550,25552,25556,25558,25560,25562-25563,25570,25575-25577,25579,25581,25585-25586,25590: Terminated
srun: error: frontier08146: tasks 20888-20893,20895-20896,20898-20904,20906,20908,20920-20923,20925,20927,20929-20930,20932-20934,20936,20938-20940,20942-20943: Terminated
srun: error: frontier08549: tasks 23408-23410,23412,23414-23417,23420-23422,23424-23428,23430,23432,23434-23440,23442,23444-23447,23449,23451-23453,23455-23457,23459,23461-23463: Terminated
srun: error: frontier06118: tasks 13666,13671,13675,13677,13682,13685,13691-13692,13697,13700,13706,13708,13711,13717: Terminated
srun: error: frontier08301: tasks 21792,21801,21807,21813,21816,21829,21835,21839: Terminated
srun: error: frontier02540: tasks 4760-4775,4777-4778,4781-4782,4784-4800,4802-4810,4812,4814: Terminated
srun: error: frontier02550: tasks 4816,4818,4823,4829-4830,4834,4840,4855,4860,4869: Terminated
srun: error: frontier06887: tasks 15960,15962-15963,15965-15972,15976-15985,15987,15990,15993-16001,16003-16004,16006-16008,16010-16015: Terminated
srun: error: frontier07769: tasks 18483-18491,18493-18495,18498-18502,18504-18505,18507-18508,18510-18516,18518-18527,18530,18532-18535: Terminated
srun: error: frontier07418: tasks 17808-17809,17812-17813,17815,17817-17818,17822,17824-17826,17829,17831-17836,17840-17841,17843,17846-17854,17856-17858,17860,17862: Terminated
srun: error: frontier08673: tasks 24024-24025,24027,24030-24035,24037-24038,24040-24041,24043-24044,24046-24051,24053-24055,24057,24060-24063,24065-24066,24068-24070,24072-24079: Terminated
srun: error: frontier01146: tasks 1680-1702,1704-1707,1710-1716,1719-1726,1728-1730,1735: Terminated
srun: error: frontier02776: tasks 5433-5434,5436-5437,5440-5442,5445,5447-5448,5451,5453-5454,5456-5459,5462-5469,5471-5476,5479,5482-5486: Terminated
srun: error: frontier08026: tasks 19659-19660,19662-19667,19669-19673,19677-19679,19682,19684-19688,19690,19692-19706,19708-19711: Terminated
srun: error: frontier07903: tasks 19096,19098-19103,19105-19108,19111-19115,19119,19121,19123,19125-19129,19131-19139,19141-19142,19144-19146,19148-19151: Terminated
srun: error: frontier06894: tasks 16185,16187,16193,16195-16196,16199-16200,16202,16209,16212,16224-16225,16231-16233,16236,16239: Terminated
srun: error: frontier08032: tasks 19939,19941-19943,19945-19946,19948,19958,19965,19971,19975,19979-19980,19991: Terminated
srun: error: frontier03311: tasks 8457-8466,8468,8470-8477,8479-8480,8482-8484,8486-8493,8495-8499,8501-8502,8504,8506,8508-8509: Terminated
srun: error: frontier06517: tasks 14784-14787,14789,14791,14795,14797-14801,14803,14805-14808,14810,14812-14815,14817-14818,14820-14821,14823-14828,14830-14831,14833-14836,14839: Terminated
srun: error: frontier00246: tasks 676,680-681,683,685,688,691,694-695,701,703,707,709,713,716,722-723,725,727: Terminated
srun: error: frontier06268: tasks 14336-14339,14341-14346,14348-14349,14351-14359,14361-14365,14368-14373,14375-14376,14378,14381-14384,14387,14390-14391: Terminated
srun: error: frontier09179: tasks 27444,27446-27447,27451,27453-27456,27470,27474,27481-27482,27487-27489,27492: Terminated
srun: error: frontier02165: tasks 3528-3532,3535-3537,3539-3541,3543-3544,3546-3548,3550-3553,3555-3556,3558-3563,3565-3569,3572-3575,3578,3580-3583: Terminated
srun: error: frontier09302: tasks 27787,27792,27796,27800,27805,27811,27813,27820,27824: Terminated
srun: error: frontier06527: tasks 15008-15011,15013-15023,15026,15028-15039,15041-15043,15046-15057,15059-15063: Terminated
srun: error: frontier06113: tasks 13552-13571,13573-13576,13578,13580-13584,13586-13598,13600-13607: Terminated
srun: error: frontier08427: tasks 22456-22475,22477-22479,22481-22509,22511: Terminated
srun: error: frontier04323: tasks 10416-10419,10421-10422,10424-10427,10429-10432,10434-10435,10437,10440-10445,10447-10454,10458-10463,10466,10468,10470-10471: Terminated
srun: error: frontier05624: tasks 12320-12321,12323-12325,12327-12330,12332-12342,12344-12346,12348,12351-12352,12354,12358-12359,12361-12373: Terminated
srun: error: frontier06762: tasks 15456-15458,15460-15463,15465-15466,15468-15471,15473-15476,15478-15480,15484,15487-15490,15492-15493,15497-15506,15508-15511: Terminated
srun: error: frontier04198: tasks 10033,10035,10038-10039,10041,10056,10069: Terminated
srun: error: frontier08269: tasks 21225-21235,21237-21253,21257-21265,21267-21277,21279: Terminated
srun: error: frontier08684: tasks 24365-24366,24369,24372,24381,24386,24388,24391-24393,24399-24400,24403: Terminated
srun: error: frontier08133: tasks 20552-20569,20573,20575-20578,20580-20582,20584-20601,20603-20607: Terminated
srun: error: frontier08798: tasks 24920,24924,24930,24938-24939,24965,24972: Terminated
srun: error: frontier08431: tasks 22512-22527,22529-22539,22541-22565,22567: Terminated
srun: error: frontier07909: tasks 19152-19166,19169-19171,19173-19179,19181-19190,19192,19194,19196-19199,19202-19207: Terminated
srun: error: frontier02898: tasks 6105,6109,6112-6113,6115-6118,6121-6122,6125,6129,6131,6134,6138,6144,6150-6152,6156-6159: Terminated
srun: error: frontier03144: tasks 7392-7396,7398-7400,7402,7404-7434,7436,7438-7444,7446: Terminated
srun: error: frontier06266: tasks 14232,14273-14274,14276: Terminated
srun: error: frontier02903: tasks 6272,6274,6283,6286,6291-6292,6296,6299,6302,6305,6307,6311,6316-6317,6325-6326: Terminated
srun: error: frontier07286: tasks 17473,17475,17488-17489,17494,17500,17510,17512,17516,17527: Terminated
srun: error: frontier03179: tasks 7953-7957,7959-7960,7962-7963,7965,7967,7971-7973,7976-7977,7979,7981-7984,7986-7988,7990-7991,7994-8002,8004,8006: Terminated
srun: error: frontier02026: tasks 3024-3028,3030-3034,3036-3037,3039-3040,3042-3044,3046,3049-3058,3060,3063-3065,3068-3070,3072,3076-3079: Terminated
srun: error: frontier01021: tasks 1232-1236,1238,1241,1244,1247-1251,1253-1259,1261,1263-1267,1269,1271-1273,1275,1277-1279,1281-1284,1286-1287: Terminated
srun: error: frontier05355: tasks 11872,11875,11879,11887-11888,11892-11894,11896,11899,11910,11916,11922: Terminated
srun: error: frontier04478: tasks 10697-10698,10707,10710-10711,10715,10718,10720,10723-10724,10727-10728,10731,10733-10736,10744,10747,10750-10751: Terminated
srun: error: frontier02653: tasks 4928-4933,4935-4936,4938-4939,4942-4946,4949-4950,4953,4955-4956,4958-4971,4973-4977,4980,4983: Terminated
srun: error: frontier02665: tasks 5100,5105,5107,5111-5112,5116,5120,5123,5129,5133,5137,5141,5144-5145,5147,5150-5151: Terminated
srun: error: frontier08305: tasks 21840,21844-21848,21856,21861,21866-21868,21870,21873-21874,21888: Terminated
srun: error: frontier00096: tasks 1-2,4-11,13-14,16-20,22-23,25-30,32-37,39-48,50-54: Terminated
srun: error: frontier05245: tasks 11760-11761,11763-11766,11768-11778,11781-11787,11789-11798,11800,11802-11803,11805-11806,11808-11811,11813-11814: Terminated
srun: error: frontier00099: tasks 115,139,164-165: Terminated
srun: error: frontier03146: tasks 7448-7452,7455-7456,7458-7459,7461-7480,7482,7484-7487,7489-7490,7492-7495,7497-7498,7500-7503: Terminated
srun: error: frontier01651: tasks 2520-2524,2526,2530,2532,2534,2536,2539-2540,2542,2544,2546-2548,2550,2555-2557,2559-2564,2566,2569-2571,2573-2575: Terminated
srun: error: frontier09171: tasks 27216-27217,27219,27223,27229,27234-27235,27245-27246,27248-27249,27257,27263,27265-27266: Terminated
srun: error: frontier02516: tasks 4368-4374,4376-4377,4379-4381,4383,4385,4387-4391,4394-4396,4398-4400,4402-4407,4409,4413-4422: Terminated
srun: error: frontier08793: tasks 24752-24755,24757-24758,24760-24762,24765-24771,24773-24776,24778-24780,24783,24787-24795,24797-24801,24803,24805-24806: Terminated
srun: error: frontier01133: tasks 1288-1291,1295-1303,1305-1312,1314-1315,1318-1319,1322-1323,1326-1335,1337-1338,1342: Terminated
srun: error: frontier09036: tasks 26600-26601,26603-26610,26612,26614-26620,26623-26625,26628-26634,26636-26637,26639,26642-26646,26649-26650,26652,26654-26655: Terminated
srun: error: frontier08902: tasks 25374-25375,25399,25404: Terminated
srun: error: frontier10175: tasks 28560-28564,28566-28570,28572-28578,28580-28584,28586-28597,28599-28601,28603-28615: Terminated
srun: error: frontier05726: tasks 12433-12434,12436-12437,12439,12443,12446-12450,12452-12453,12455,12458-12460,12464,12467,12469-12471,12473-12474,12480-12483,12485-12487: Terminated
srun: error: frontier03710: tasks 9352-9354,9356-9357,9359,9362,9364-9367,9370,9372,9374,9376-9389,9391,9393-9398,9400-9407: Terminated
srun: error: frontier09024: tasks 26096,26098-26102,26104-26110,26112-26115,26118,26120-26129,26131,26134-26135,26137-26138,26142,26145,26147-26151: Terminated
srun: error: frontier08268: tasks 21168-21171,21173-21175,21178,21181-21186,21188,21190-21191,21193-21205,21208,21210-21213,21215,21217-21218,21220-21222: Terminated
srun: error: frontier06118: tasks 13664-13665,13667-13670,13672-13674,13676,13678-13681,13683-13684,13686-13690,13693-13696,13698-13699,13701-13705,13707,13709-13710,13712-13716,13718-13719: Terminated
srun: error: frontier08905: tasks 25536-25542,25544,25546,25548-25549,25551,25553-25555,25557,25559,25561,25564-25569,25571-25574,25578,25580,25582-25584,25587-25589,25591: Terminated
srun: error: frontier06268: tasks 14340,14347,14350,14360,14366-14367,14374,14377,14379-14380,14385-14386,14388-14389: Terminated
srun: error: frontier08032: tasks 19936-19938,19940,19944,19947,19949-19957,19959-19964,19966-19970,19972-19974,19976-19978,19981-19990: Terminated
srun: error: frontier06894: tasks 16184,16186,16188-16192,16194,16197-16198,16201,16203-16208,16210-16211,16213-16223,16226-16230,16234-16235,16237-16238: Terminated
srun: error: frontier06527: tasks 15012,15024-15025,15027,15040,15044-15045,15058: Terminated
srun: error: frontier08679: tasks 24304-24310,24312-24330,24332-24335,24337-24338,24340-24347,24349-24353,24355-24359: Terminated
srun: error: frontier00246: tasks 672-675,677-679,682,684,686-687,689-690,692-693,696-700,702,704-706,708,710-712,714-715,717-721,724,726: Terminated
srun: error: frontier08133: tasks 20570-20572,20574,20579,20583,20602: Terminated
srun: error: frontier08269: tasks 21224,21236,21254-21256,21266,21278: Terminated
srun: error: frontier04198: tasks 10024-10032,10034,10036-10037,10040,10042-10055,10057-10068,10070-10079: Terminated
srun: error: frontier08667: tasks 23744,23746-23753,23755-23762,23764-23769,23771-23780,23782-23784,23786-23789,23791-23799: Terminated
srun: error: frontier08523: tasks 23072-23111,23113,23115-23127: Terminated
srun: error: frontier02903: tasks 6273,6275-6282,6284-6285,6287-6290,6293-6295,6297-6298,6300-6301,6303-6304,6306,6308-6310,6312-6315,6318-6324,6327: Terminated
srun: error: frontier02665: tasks 5096-5099,5101-5104,5106,5108-5110,5113-5115,5117-5119,5121-5122,5124-5128,5130-5132,5134-5136,5138-5140,5142-5143,5146,5148-5149: Terminated
srun: error: frontier04478: tasks 10696,10699-10706,10708-10709,10712-10714,10716-10717,10719,10721-10722,10725-10726,10729-10730,10732,10737-10743,10745-10746,10748-10749: Terminated
srun: error: frontier07286: tasks 17472,17474,17476-17487,17490-17493,17495-17499,17501-17509,17511,17513-17515,17517-17526: Terminated
srun: error: frontier05355: tasks 11873-11874,11876-11878,11880-11886,11889-11891,11895,11897-11898,11900-11909,11911-11915,11917-11921,11923-11927: Terminated
srun: error: frontier09179: tasks 27440-27443,27445,27448-27450,27452,27457-27469,27471-27473,27475-27480,27483-27486,27490-27491,27493-27495: Terminated
srun: error: frontier08305: tasks 21841-21843,21849-21855,21857-21860,21862-21865,21869,21871-21872,21875-21887,21889-21895: Terminated
srun: error: frontier08684: tasks 24360-24364,24367-24368,24370-24371,24373-24380,24382-24385,24387,24389-24390,24394-24398,24401-24402,24404-24415: Terminated
srun: Force Terminated StepId=5137550.85
[... 297 further lines matching: srun: error: frontier#: tasks #-#: Terminated ...]
[... 30 further lines matching: srun: error: frontier#: tasks #-#,#-#,#-#: Terminated ...]
[... 27 further lines matching: srun: error: frontier#: tasks #,#: Terminated ...]
[... 26 further lines matching: srun: error: frontier#: tasks #-#,#-#: Terminated ...]
[... 25 further lines matching: srun: error: frontier#: task #: Terminated ...]
[... 19 further lines matching: srun: error: frontier#: tasks #,#,#: Terminated ...]
[... 17 further lines matching: srun: error: frontier#: tasks #-#,#-#,#-#,#-#: Terminated ...]
[... 9 further lines matching: srun: error: frontier#: tasks #,#,#,#,#: Terminated ...]
[... 7 further lines matching: srun: error: frontier#: tasks #,#,#,#: Terminated ...]
[... 5 further lines matching: srun: error: frontier#: tasks #-#,#-#,#-#,#-#,#-#,#-#: Terminated ...]
[... 5 further lines matching: srun: error: frontier#: tasks #-#,#-#,#-#,#-#,#-#: Terminated ...]
[... 3 further lines matching: srun: error: frontier#: tasks #,#,#,#,#,#,#: Terminated ...]
[... 3 further lines matching: srun: error: frontier#: tasks #,#,#,#,#,#: Terminated ...]
[... 2 further lines matching: srun: error: frontier#: tasks #,#-#: Terminated ...]
[... 1 further lines matching: srun: error: frontier#: tasks #,#,#,#,#,#,#,#,#: Terminated ...]
[... 1 further lines matching: srun: error: frontier#: tasks #-#,#-#,#-#,#-#,#-#,#-#,#-#,#-#: Terminated ...]
[... 1 further lines matching: srun: error: frontier#: tasks #-#,#-#,#-#,#-#,#-#,#-#,#-#: Terminated ...]
Running frontier nodes=512 ranks_per_node=56 dist=hierarchical mode=fixed expected_us=1000 max_upper_fanout=-1
srun: Step created for StepId=5137550.86
RESULT distributor=hierarchical mode=fixed expected_us=1000 nodes=512 world_size=28672 max_upper_fanout=-1 total_tasks=16135986 elapsed_s=20.1436 throughput_tasks_per_s=801048
MPICH Notice [Rank 0] [job id 5137550.86] [Sun Aug  2 03:37:58 2026] [frontier00096] - Abort(0) (rank 0 in comm 0): application called MPI_Abort(MPI_COMM_WORLD, 0) - process 0
aborting job:
application called MPI_Abort(MPI_COMM_WORLD, 0) - process 0
srun: error: frontier00096: task 0: Exited with exit code 255
srun: Terminating StepId=5137550.86
[2026-08-02T03:38:03.276] error: *** STEP 5137550.86 ON frontier00096 CANCELLED AT 2026-08-02T03:38:03 DUE TO TASK FAILURE ***
srun: error: frontier02679: task 5160: Terminated
srun: error: frontier05746: tasks 12613,12624,12634,12638,12647,12650: Terminated
srun: error: frontier08524: tasks 23129,23135,23147,23149,23153,23155,23157,23163,23165,23167-23169,23171-23172,23177,23179: Terminated
srun: error: frontier08801: tasks 25032-25087: Terminated
srun: error: frontier01139: tasks 1400-1455: Terminated
srun: error: frontier07667: tasks 18201,18204-18205,18207,18209,18215-18217,18219,18221,18223,18225,18227,18236,18241,18243,18249,18251,18255: Terminated
srun: error: frontier03156: tasks 7672-7711,7713-7727: Terminated
srun: error: frontier02679: tasks 5152-5159,5161-5207: Terminated
srun: error: frontier08524: tasks 23128,23130-23134,23136-23146,23148,23150-23152,23154,23156,23158-23162,23164,23166,23170,23173-23176,23178,23180-23183: Terminated
srun: error: frontier05746: tasks 12600-12612,12614-12623,12625-12633,12635-12637,12639-12646,12648-12649,12651-12655: Terminated
srun: error: frontier06383: tasks 14581,14587,14589,14599,14603,14607: Terminated
srun: error: frontier08294: tasks 21623,21635,21661,21665,21669: Terminated
srun: error: frontier08909: task 25797: Terminated
srun: error: frontier06136: tasks 13897,13904-13905,13907,13913,13915,13922,13926-13927,13931,13935,13940,13943: Terminated
srun: error: frontier07259: tasks 17251,17261,17273,17275,17277,17293,17295,17301: Terminated
srun: error: frontier06762: tasks 15465,15469,15477,15479,15491,15493,15501-15502: Terminated
srun: error: frontier08521: tasks 22983,23007: Terminated
srun: error: frontier07538: tasks 18040,18056,18065,18076,18080: Terminated
srun: error: frontier05497: tasks 12104,12143: Terminated
srun: error: frontier06653: tasks 15235,15237,15241,15247,15249,15253-15254,15257,15261,15263,15265-15267,15269,15271,15273,15275,15279,15285-15287: Terminated
srun: error: frontier07535: tasks 17928,17967,17975: Terminated
srun: error: frontier07767: tasks 18425,18427,18429-18430,18433-18435,18437,18443,18446-18447,18449,18453-18455,18461-18463,18466,18474,18476-18477: Terminated
srun: error: frontier07791: tasks 18709,18729,18737: Terminated
srun: error: frontier02778: tasks 5496,5503,5519,5535: Terminated
srun: error: frontier04325: tasks 10494,10513,10517-10518: Terminated
srun: error: frontier03317: tasks 8693,8701,8705,8709,8714,8716,8718-8719,8723,8725,8727,8731-8732,8735: Terminated
srun: error: frontier07667: tasks 18200,18202-18203,18206,18208,18210-18214,18218,18220,18222,18224,18226,18228-18235,18237-18240,18242,18244-18248,18250,18252-18254: Terminated
srun: error: frontier03144: tasks 7400,7415,7430-7431,7447: Terminated
srun: error: frontier02401: tasks 3816,3839,3855,3863: Terminated
srun: error: frontier06136: tasks 13888-13896,13898-13903,13906,13908-13912,13914,13916-13921,13923-13925,13928-13930,13932-13934,13936-13939,13941-13942: Terminated
srun: error: frontier02784: tasks 5661,5677-5678,5681,5702,5711: Terminated
srun: error: frontier03150: tasks 7505,7509,7523,7541-7542,7545,7553: Terminated
srun: error: frontier01534: tasks 2297,2299,2301,2303,2305,2307-2311,2314-2315,2318-2319,2329-2330,2335-2336,2339,2341,2343,2345,2347,2350: Terminated
srun: error: frontier06383: tasks 14560-14580,14582-14586,14588,14590-14598,14600-14602,14604-14606,14608-14615: Terminated
srun: error: frontier02508: tasks 4145,4179,4181,4185,4191-4192,4197,4199: Terminated
srun: error: frontier03151: tasks 7568,7576,7583-7584,7592,7599-7601,7606,7611,7615: Terminated
srun: error: frontier05497: tasks 12096-12103,12105-12142,12144-12151: Terminated
srun: error: frontier06653: tasks 15232-15234,15236,15238-15240,15242-15246,15248,15250-15252,15255-15256,15258-15260,15262,15264,15268,15270,15272,15274,15276-15278,15280-15284: Terminated
srun: error: frontier08294: tasks 21616-21622,21624-21634,21636-21660,21662-21664,21666-21668,21670-21671: Terminated
srun: error: frontier03045: tasks 7112-7126,7128-7144,7146-7162,7164-7167: Terminated
srun: error: frontier07259: tasks 17248-17250,17252-17260,17262-17272,17274,17276,17278-17292,17294,17296-17300,17302-17303: Terminated
srun: error: frontier04325: tasks 10472-10493,10495-10512,10514-10516,10519-10527: Terminated
srun: error: frontier06762: tasks 15456-15464,15466-15468,15470-15476,15478,15480-15490,15492,15494-15500,15503-15511: Terminated
srun: error: frontier08521: tasks 22960-22982,22984-23006,23008-23015: Terminated
srun: error: frontier08678: tasks 24248,24250-24264,24266-24296,24298,24300-24302: Terminated
srun: error: frontier03052: tasks 7168-7180,7182-7184,7186-7190,7192-7202,7204-7223: Terminated
srun: error: frontier01534: tasks 2296,2298,2300,2302,2304,2306,2312-2313,2316-2317,2320-2328,2331-2334,2337-2338,2340,2342,2344,2346,2348-2349,2351: Terminated
srun: error: frontier07767: tasks 18424,18426,18428,18431-18432,18436,18438-18442,18444-18445,18448,18450-18452,18456-18460,18464-18465,18467-18473,18475,18478-18479: Terminated
srun: error: frontier07538: tasks 18032-18039,18041-18055,18057-18064,18066-18075,18077-18079,18081-18087: Terminated
srun: error: frontier08268: tasks 21168-21170,21172-21176,21178-21202,21204,21206-21210,21212-21223: Terminated
srun: error: frontier02508: tasks 4144,4146-4178,4180,4182-4184,4186-4190,4193-4196,4198: Terminated
srun: error: frontier02778: tasks 5488-5495,5497-5502,5504-5518,5520-5534,5536-5543: Terminated
srun: error: frontier03317: tasks 8680-8692,8694-8700,8702-8704,8706-8708,8710-8713,8715,8717,8720-8722,8724,8726,8728-8730,8733-8734: Terminated
srun: error: frontier01649: tasks 2408-2422,2424,2426-2430,2432-2456,2458-2462: Terminated
srun: error: frontier03150: tasks 7504,7506-7508,7510-7522,7524-7540,7543-7544,7546-7552,7554-7559: Terminated
srun: error: frontier03151: tasks 7560-7567,7569-7575,7577-7582,7585-7591,7593-7598,7602-7605,7607-7610,7612-7614: Terminated
srun: Force Terminated StepId=5137550.86
[... 459 further lines matching: srun: error: frontier#: tasks #-#: Terminated ...]
[... 11 further lines matching: srun: error: frontier#: task #: Terminated ...]
[... 11 further lines matching: srun: error: frontier#: tasks #-#,#-#: Terminated ...]
[... 6 further lines matching: srun: error: frontier#: tasks #-#,#-#,#-#,#-#: Terminated ...]
[... 5 further lines matching: srun: error: frontier#: tasks #,#,#: Terminated ...]
[... 5 further lines matching: srun: error: frontier#: tasks #-#,#-#,#-#: Terminated ...]
[... 3 further lines matching: srun: error: frontier#: tasks #,#,#,#,#: Terminated ...]
[... 3 further lines matching: srun: error: frontier#: tasks #,#: Terminated ...]
[... 2 further lines matching: srun: error: frontier#: tasks #,#,#,#: Terminated ...]
[... 2 further lines matching: srun: error: frontier#: tasks #-#,#-#,#-#,#-#,#-#: Terminated ...]
Running frontier nodes=512 ranks_per_node=56 dist=hierarchical mode=fixed expected_us=10000 max_upper_fanout=-1
RESULT distributor=hierarchical mode=fixed expected_us=10000 nodes=512 world_size=28672 max_upper_fanout=-1 total_tasks=52616772 elapsed_s=20.1883 throughput_tasks_per_s=2.6063e+06
MPICH Notice [Rank 0] [job id 5137550.87] [Sun Aug  2 03:38:59 2026] [frontier00096] - Abort(0) (rank 0 in comm 0): application called MPI_Abort(MPI_COMM_WORLD, 0) - process 0
aborting job:
application called MPI_Abort(MPI_COMM_WORLD, 0) - process 0
srun: error: frontier00096: task 0: Exited with exit code 255
srun: Terminating StepId=5137550.87
[2026-08-02T03:39:03.020] error: *** STEP 5137550.87 ON frontier00096 CANCELLED AT 2026-08-02T03:39:03 DUE TO TASK FAILURE ***
srun: error: frontier05484: tasks 11928-11983: Terminated
srun: error: frontier08801: tasks 25032-25087: Terminated
srun: error: frontier00096: tasks 47,55: Terminated
srun: error: frontier00096: tasks 1-46,48-54: Terminated
srun: Force Terminated StepId=5137550.87
[... 509 further lines matching: srun: error: frontier#: tasks #-#: Terminated ...]
Running frontier nodes=512 ranks_per_node=56 dist=hierarchical mode=fixed expected_us=100000 max_upper_fanout=-1
RESULT distributor=hierarchical mode=fixed expected_us=100000 nodes=512 world_size=28672 max_upper_fanout=-1 total_tasks=5805930 elapsed_s=20.8099 throughput_tasks_per_s=278999
MPICH Notice [Rank 0] [job id 5137550.88] [Sun Aug  2 03:39:46 2026] [frontier00096] - Abort(0) (rank 0 in comm 0): application called MPI_Abort(MPI_COMM_WORLD, 0) - process 0
aborting job:
application called MPI_Abort(MPI_COMM_WORLD, 0) - process 0
srun: error: frontier00096: task 0: Exited with exit code 255
srun: Terminating StepId=5137550.88
[2026-08-02T03:39:50.109] error: *** STEP 5137550.88 ON frontier00096 CANCELLED AT 2026-08-02T03:39:50 DUE TO TASK FAILURE ***
srun: error: frontier07667: task 18208: Terminated
srun: error: frontier01280: tasks 2080,2111,2119,2127: Terminated
srun: error: frontier01139: tasks 1400-1455: Terminated
srun: error: frontier09026: tasks 26208-26263: Terminated
srun: error: frontier09028: tasks 26328,26344,26358-26359,26374-26375: Terminated
srun: error: frontier00353: tasks 851,889: Terminated
srun: error: frontier07667: tasks 18200-18207,18209-18255: Terminated
srun: error: frontier01280: tasks 2072-2079,2081-2110,2112-2118,2120-2126: Terminated
srun: error: frontier02681: tasks 5216,5239,5255,5263: Terminated
srun: error: frontier03959: tasks 9584,9600,9616: Terminated
srun: error: frontier09028: tasks 26320-26327,26329-26343,26345-26357,26360-26373: Terminated
srun: error: frontier00353: tasks 840-850,852-888,890-895: Terminated
srun: error: frontier02682: tasks 5264-5287,5289-5319: Terminated
srun: error: frontier08899: tasks 25249,25251,25255: Terminated
srun: error: frontier04722: task 10928: Terminated
srun: error: frontier08294: tasks 21624,21655: Terminated
srun: error: frontier08674: tasks 24086,24088,24110-24111,24119,24127,24135: Terminated
srun: error: frontier03188: tasks 8089,8093,8095,8101,8103,8112: Terminated
srun: error: frontier08569: tasks 23520-23552,23554-23559,23561-23575: Terminated
srun: error: frontier08899: tasks 25200-25248,25250,25252-25254: Terminated
srun: error: frontier07538: tasks 18055,18070,18073,18075,18081: Terminated
srun: error: frontier06905: tasks 16520-16533,16535-16554,16556-16558,16560-16566,16568-16575: Terminated
srun: error: frontier07536: tasks 17984-17985,18008: Terminated
srun: error: frontier07790: tasks 18649,18651,18655,18659-18661,18663,18669,18673,18675,18679,18685,18687,18691,18693,18699,18703: Terminated
srun: error: frontier02654: tasks 5015-5016,5022,5039: Terminated
srun: error: frontier08033: tasks 20000,20024,20031,20039,20047: Terminated
srun: error: frontier06122: tasks 13839,13843-13844,13846-13847,13849,13851,13855,13871,13880-13881,13885: Terminated
srun: error: frontier08674: tasks 24080-24085,24087,24089-24109,24112-24118,24120-24126,24128-24134: Terminated
srun: error: frontier03188: tasks 8064-8088,8090-8092,8094,8096-8100,8102,8104-8111,8113-8119: Terminated
srun: error: frontier09040: tasks 26712,26714-26752,26754-26767: Terminated
srun: error: frontier09307: tasks 27888-27908,27910,27912-27936,27938-27943: Terminated
srun: error: frontier07538: tasks 18032-18054,18056-18069,18071-18072,18074,18076-18080,18082-18087: Terminated
srun: error: frontier07790: tasks 18648,18650,18652-18654,18656-18658,18662,18664-18668,18670-18672,18674,18676-18678,18680-18684,18686,18688-18690,18692,18694-18698,18700-18702: Terminated
srun: error: frontier08033: tasks 19992-19999,20001-20023,20025-20030,20032-20038,20040-20046: Terminated
srun: error: frontier00348: tasks 784-818,820-830,832-834,836,838-839: Terminated
srun: error: frontier06122: tasks 13832-13838,13840-13842,13845,13848,13850,13852-13854,13856-13870,13872-13879,13882-13884,13886-13887: Terminated
srun: Force Terminated StepId=5137550.88
[... 472 further lines matching: srun: error: frontier#: tasks #-#: Terminated ...]
[... 12 further lines matching: srun: error: frontier#: tasks #-#,#-#: Terminated ...]
[... 12 further lines matching: srun: error: frontier#: task #: Terminated ...]
[... 5 further lines matching: srun: error: frontier#: tasks #,#,#: Terminated ...]
[... 5 further lines matching: srun: error: frontier#: tasks #-#,#-#,#-#: Terminated ...]
[... 4 further lines matching: srun: error: frontier#: tasks #-#,#-#,#-#,#-#: Terminated ...]
[... 2 further lines matching: srun: error: frontier#: tasks #,#,#,#: Terminated ...]
[... 2 further lines matching: srun: error: frontier#: tasks #,#: Terminated ...]
Running frontier nodes=512 ranks_per_node=56 dist=hierarchical mode=fixed expected_us=1000000 max_upper_fanout=-1
srun: Step created for StepId=5137550.89
RESULT distributor=hierarchical mode=fixed expected_us=1000000 nodes=512 world_size=28672 max_upper_fanout=-1 total_tasks=718648 elapsed_s=28.0055 throughput_tasks_per_s=25661
MPICH Notice [Rank 0] [job id 5137550.89] [Sun Aug  2 03:40:49 2026] [frontier00096] - Abort(0) (rank 0 in comm 0): application called MPI_Abort(MPI_COMM_WORLD, 0) - process 0
aborting job:
application called MPI_Abort(MPI_COMM_WORLD, 0) - process 0
srun: error: frontier00096: task 0: Exited with exit code 255
srun: Terminating StepId=5137550.89
[2026-08-02T03:40:54.603] error: *** STEP 5137550.89 ON frontier00096 CANCELLED AT 2026-08-02T03:40:54 DUE TO TASK FAILURE ***
srun: error: frontier06780: tasks 15680-15735: Terminated
srun: error: frontier07667: tasks 18205,18221: Terminated
srun: error: frontier08801: tasks 25032-25087: Terminated
srun: error: frontier03156: tasks 7672-7695,7697-7727: Terminated
srun: error: frontier08309: tasks 21896-21902,21904-21951: Terminated
srun: error: frontier03156: task 7696: Terminated
srun: error: frontier07667: tasks 18200-18204,18206-18220,18222-18255: Terminated
srun: error: frontier08670: tasks 23859,23873: Terminated
srun: error: frontier08309: task 21903: Terminated
srun: error: frontier06651: tasks 15184,15192,15209,15226: Terminated
srun: error: frontier04601: tasks 10901,10903,10905,10908,10913,10915,10919: Terminated
srun: error: frontier07680: tasks 18320,18359,18367: Terminated
srun: error: frontier05233: tasks 11480,11487-11488,11503,11510-11512,11519-11520,11527: Terminated
srun: error: frontier08670: tasks 23856-23858,23860-23872,23874-23911: Terminated
srun: error: frontier06651: tasks 15176-15183,15185-15191,15193-15208,15210-15225,15227-15231: Terminated
srun: error: frontier02428: tasks 4096,4112,4136: Terminated
srun: error: frontier08146: tasks 20889,20894,20921,20931,20937,20941: Terminated
srun: error: frontier07418: tasks 17815,17823,17831,17839,17855,17863: Terminated
srun: error: frontier03062: tasks 7280,7286,7288,7305,7320-7321,7328: Terminated
srun: error: frontier06142: tasks 14057,14063,14072-14074,14077,14080-14081,14087-14089,14098-14099,14103,14106,14111: Terminated
srun: error: frontier07769: tasks 18480-18496,18499-18501,18503-18505,18507-18520,18523-18525,18527-18528,18530-18534: Terminated
srun: error: frontier09302: tasks 27779,27781,27785,27789,27791,27804-27805,27807-27808,27810-27812,27814-27815,27817,27819,27823,27825,27829: Terminated
srun: error: frontier04601: tasks 10864-10900,10902,10904,10906-10907,10909-10912,10914,10916-10918: Terminated
srun: error: frontier01149: tasks 1744,1759,1775,1783,1791: Terminated
srun: error: frontier00225: tasks 535,539,543-545,547,553,555-556: Terminated
srun: error: frontier05233: tasks 11481-11486,11489-11502,11504-11509,11513-11518,11521-11526,11528-11535: Terminated
srun: error: frontier08677: tasks 24197,24200,24213,24216,24223-24224,24227: Terminated
srun: error: frontier01649: tasks 2431-2432,2440,2448,2455: Terminated
srun: error: frontier02428: tasks 4088-4095,4097-4111,4113-4135,4137-4143: Terminated
srun: error: frontier06268: tasks 14355,14361,14375,14391: Terminated
srun: error: frontier08146: tasks 20888,20890-20893,20895-20920,20922-20930,20932-20936,20938-20940,20942-20943: Terminated
srun: error: frontier03290: tasks 8185,8199,8203,8211,8217,8223,8229: Terminated
srun: error: frontier07418: tasks 17808-17814,17816-17822,17824-17830,17832-17838,17840-17854,17856-17862: Terminated
srun: error: frontier03062: tasks 7281-7285,7287,7289-7304,7306-7319,7322-7327,7329-7335: Terminated
srun: error: frontier06120: tasks 13777,13779,13781-13783,13785,13787-13790,13792-13793,13795,13797,13801,13803,13805-13807,13809,13811,13813-13816,13819,13821-13823,13827,13829,13831: Terminated
srun: error: frontier06142: tasks 14056,14058-14062,14064-14071,14075-14076,14078-14079,14082-14086,14090-14097,14100-14102,14104-14105,14107-14110: Terminated
srun: error: frontier07769: tasks 18497-18498,18502,18506,18521-18522,18526,18529,18535: Terminated
srun: error: frontier06269: tasks 14411,14417,14419,14422,14425,14433,14438,14443,14445: Terminated
srun: error: frontier09302: tasks 27776-27778,27780,27782-27784,27786-27788,27790,27792-27803,27806,27809,27813,27816,27818,27820-27822,27824,27826-27828,27830-27831: Terminated
srun: error: frontier01149: tasks 1736-1743,1745-1758,1760-1774,1776-1782,1784-1790: Terminated
srun: error: frontier00225: tasks 504-534,536-538,540-542,546,548-552,554,557-559: Terminated
srun: error: frontier04978: tasks 11144-11151,11153-11182,11184-11190,11192-11199: Terminated
srun: error: frontier08677: tasks 24192-24196,24198-24199,24201-24212,24214-24215,24217-24222,24225-24226,24228-24247: Terminated
srun: error: frontier03290: tasks 8176-8184,8186-8198,8200-8202,8204-8210,8212-8216,8218-8222,8224-8228,8230-8231: Terminated
srun: error: frontier06120: tasks 13776,13778,13780,13784,13786,13791,13794,13796,13798-13800,13802,13804,13808,13810,13812,13817-13818,13820,13824-13826,13828,13830: Terminated
srun: error: frontier02903: tasks 6272-6274,6276-6280,6282-6296,6298,6300-6304,6306-6320,6322-6327: Terminated
srun: error: frontier06269: tasks 14392-14410,14412-14416,14418,14420-14421,14423-14424,14426-14432,14434-14437,14439-14442,14444,14446-14447: Terminated
srun: Force Terminated StepId=5137550.89
[... 467 further lines matching: srun: error: frontier#: tasks #-#: Terminated ...]
[... 11 further lines matching: srun: error: frontier#: tasks #-#,#-#,#-#: Terminated ...]
[... 9 further lines matching: srun: error: frontier#: task #: Terminated ...]
[... 8 further lines matching: srun: error: frontier#: tasks #,#: Terminated ...]
[... 8 further lines matching: srun: error: frontier#: tasks #-#,#-#: Terminated ...]
[... 3 further lines matching: srun: error: frontier#: tasks #,#,#: Terminated ...]
[... 1 further lines matching: srun: error: frontier#: tasks #,#,#,#,#,#: Terminated ...]
[... 1 further lines matching: srun: error: frontier#: tasks #-#,#-#,#-#,#-#,#-#: Terminated ...]
[... 1 further lines matching: srun: error: frontier#: tasks #-#,#-#,#-#,#-#: Terminated ...]
Running frontier nodes=512 ranks_per_node=56 dist=hierarchical mode=uniform expected_us=10 max_upper_fanout=-1
srun: Step created for StepId=5137550.90
RESULT distributor=hierarchical mode=uniform expected_us=10 nodes=512 world_size=28672 max_upper_fanout=-1 total_tasks=34224574 elapsed_s=20.0419 throughput_tasks_per_s=1.70765e+06
MPICH Notice [Rank 0] [job id 5137550.90] [Sun Aug  2 03:41:52 2026] [frontier00096] - Abort(0) (rank 0 in comm 0): application called MPI_Abort(MPI_COMM_WORLD, 0) - process 0
aborting job:
application called MPI_Abort(MPI_COMM_WORLD, 0) - process 0
srun: error: frontier00096: task 0: Exited with exit code 255
srun: Terminating StepId=5137550.90
[2026-08-02T03:41:56.885] error: *** STEP 5137550.90 ON frontier00096 CANCELLED AT 2026-08-02T03:41:56 DUE TO TASK FAILURE ***
srun: error: frontier06898: tasks 16360,16399,16407: Terminated
srun: error: frontier06780: tasks 15680-15735: Terminated
srun: error: frontier02679: tasks 5152-5207: Terminated
srun: error: frontier00353: tasks 851,859,863,865,867,873,877,880-881,893: Terminated
srun: error: frontier06898: tasks 16352-16359,16361-16398,16400-16406: Terminated
srun: error: frontier08432: tasks 22569,22575,22577,22585,22593,22603: Terminated
srun: error: frontier08526: task 23281: Terminated
srun: error: frontier06383: tasks 14567,14579: Terminated
srun: error: frontier09298: tasks 27616,27639,27647,27663: Terminated
srun: error: frontier00353: tasks 840-850,852-858,860-862,864,866,868-872,874-876,878-879,882-892,894-895: Terminated
srun: error: frontier08432: tasks 22568,22570-22574,22576,22578-22584,22586-22592,22594-22602,22604-22623: Terminated
srun: error: frontier08526: tasks 23240-23280,23282-23295: Terminated
srun: error: frontier04207: tasks 10192-10195,10197,10199,10201,10204,10207-10209,10211-10213,10216-10217,10219-10220,10222-10223,10225,10227,10229-10233,10235,10237,10239,10241,10243,10247: Terminated
srun: error: frontier03045: tasks 7113,7115,7118,7121,7123,7125,7127,7129,7131,7133,7135,7137,7139,7141,7145-7147,7149,7151,7154,7156-7158,7160-7163,7165-7167: Terminated
srun: error: frontier06383: tasks 14560-14566,14568-14578,14580-14615: Terminated
srun: error: frontier09298: tasks 27608-27615,27617-27638,27640-27646,27648-27662: Terminated
srun: error: frontier06783: tasks 15865,15881: Terminated
srun: error: frontier07161: tasks 17200,17231,17239: Terminated
srun: error: frontier05758: tasks 12769,12779,12784-12785,12787,12789,12795,12809: Terminated
srun: error: frontier03052: tasks 7168-7190,7192-7223: Terminated
srun: error: frontier08786: task 24648: Terminated
srun: error: frontier03962: tasks 9697,9705,9715,9739: Terminated
srun: error: frontier00369: tasks 1009,1011,1017,1021,1023,1033,1038,1041,1043,1045,1047,1049,1053,1059,1061: Terminated
srun: error: frontier09167: tasks 27107,27113,27126,27147,27151,27155-27156: Terminated
srun: error: frontier04207: tasks 10196,10198,10200,10202-10203,10205-10206,10210,10214-10215,10218,10221,10224,10226,10228,10234,10236,10238,10240,10242,10244-10246: Terminated
srun: error: frontier06253: tasks 14176,14190-14191,14199,14207,14215: Terminated
srun: error: frontier08147: tasks 20945,20951,20959,20969,20977,20989: Terminated
srun: error: frontier03045: tasks 7112,7114,7116-7117,7119-7120,7122,7124,7126,7128,7130,7132,7134,7136,7138,7140,7142-7144,7148,7150,7152-7153,7155,7159,7164: Terminated
srun: error: frontier07161: tasks 17192-17199,17201-17230,17232-17238,17240-17247: Terminated
srun: error: frontier05758: tasks 12768,12770-12778,12780-12783,12786,12788,12790-12794,12796-12808,12810-12823: Terminated
srun: error: frontier00231: tasks 631,637,657,659,663: Terminated
srun: error: frontier03962: tasks 9688-9696,9698-9704,9706-9714,9716-9738,9740-9743: Terminated
srun: error: frontier00369: tasks 1008,1010,1012-1016,1018-1020,1022,1024-1032,1034-1037,1039-1040,1042,1044,1046,1048,1050-1052,1054-1058,1060,1062-1063: Terminated
srun: error: frontier00250: tasks 729-731,733,735-737,740-741,743-744,747,749,753-754,756-757,760-761,765-766,768,772-773,775-778,780-783: Terminated
srun: error: frontier08523: tasks 23072-23074,23076-23082,23084,23087,23089-23094,23097-23101,23103-23113,23115-23123,23125-23126: Terminated
srun: error: frontier09167: tasks 27104-27106,27108-27112,27114-27125,27127-27146,27148-27150,27152-27154,27157-27159: Terminated
srun: error: frontier00348: tasks 785,787,789,797-799,803,805,809,811,819,825: Terminated
srun: error: frontier08791: tasks 24696,24698,24700-24712,24714-24720,24722-24751: Terminated
srun: error: frontier03315: tasks 8568,8570-8584,8586-8592,8594-8613,8615-8623: Terminated
srun: error: frontier06253: tasks 14168-14175,14177-14189,14192-14198,14200-14206,14208-14214,14216-14223: Terminated
srun: error: frontier08147: tasks 20944,20946-20950,20952-20958,20960-20968,20970-20976,20978-20988,20990-20999: Terminated
srun: error: frontier05623: tasks 12264-12282,12284,12286-12302,12304-12308,12310-12319: Terminated
srun: error: frontier07027: tasks 16744-16754,16756-16760,16762-16765,16767-16786,16788-16799: Terminated
srun: error: frontier00231: tasks 616-630,632-636,638-656,658,660-662,664-671: Terminated
srun: error: frontier00250: tasks 728,732,734,738-739,742,745-746,748,750-752,755,758-759,762-764,767,769-771,774,779: Terminated
srun: error: frontier08523: tasks 23075,23083,23085-23086,23088,23095-23096,23102,23114,23124,23127: Terminated
srun: error: frontier05118: tasks 11312-11320,11322-11344,11346-11348,11350-11354,11356-11362,11364-11366: Terminated
srun: error: frontier00348: tasks 784,786,788,790-796,800-802,804,806-808,810,812-818,820-824,826-839: Terminated
srun: Force Terminated StepId=5137550.90
[... 463 further lines matching: srun: error: frontier#: tasks #-#: Terminated ...]
[... 11 further lines matching: srun: error: frontier#: task #: Terminated ...]
[... 10 further lines matching: srun: error: frontier#: tasks #-#,#-#: Terminated ...]
[... 8 further lines matching: srun: error: frontier#: tasks #-#,#-#,#-#: Terminated ...]
[... 5 further lines matching: srun: error: frontier#: tasks #,#: Terminated ...]
[... 5 further lines matching: srun: error: frontier#: tasks #,#,#,#: Terminated ...]
[... 5 further lines matching: srun: error: frontier#: tasks #,#,#: Terminated ...]
[... 4 further lines matching: srun: error: frontier#: tasks #-#,#-#,#-#,#-#: Terminated ...]
[... 1 further lines matching: srun: error: frontier#: tasks #,#,#,#,#,#: Terminated ...]
Running frontier nodes=512 ranks_per_node=56 dist=hierarchical mode=uniform expected_us=100 max_upper_fanout=-1
srun: Step created for StepId=5137550.91
RESULT distributor=hierarchical mode=uniform expected_us=100 nodes=512 world_size=28672 max_upper_fanout=-1 total_tasks=23031400 elapsed_s=20.0734 throughput_tasks_per_s=1.14736e+06
MPICH Notice [Rank 0] [job id 5137550.91] [Sun Aug  2 03:42:55 2026] [frontier00096] - Abort(0) (rank 0 in comm 0): application called MPI_Abort(MPI_COMM_WORLD, 0) - process 0
aborting job:
application called MPI_Abort(MPI_COMM_WORLD, 0) - process 0
srun: error: frontier00096: task 0: Exited with exit code 255
srun: Terminating StepId=5137550.91
[2026-08-02T03:42:59.072] error: *** STEP 5137550.91 ON frontier00096 CANCELLED AT 2026-08-02T03:42:59 DUE TO TASK FAILURE ***
srun: error: frontier08270: tasks 21281,21283,21295: Terminated
srun: error: frontier04479: tasks 10752-10791,10793-10807: Terminated
srun: error: frontier03156: task 7689: Terminated
srun: error: frontier08801: tasks 25032-25087: Terminated
srun: error: frontier09026: tasks 26208-26263: Terminated
srun: error: frontier02414: tasks 3928,3952: Terminated
srun: error: frontier04479: task 10792: Terminated
srun: error: frontier08270: tasks 21280,21282,21284-21294,21296-21335: Terminated
srun: error: frontier00353: tasks 841,848,889: Terminated
srun: error: frontier08309: tasks 21896-21918,21920,21922,21924,21926-21932,21934-21943,21945,21947-21949: Terminated
srun: error: frontier04206: tasks 10139,10159,10161,10169,10171,10173-10175,10182-10183,10187: Terminated
srun: error: frontier03156: tasks 7672-7688,7690-7727: Terminated
srun: error: frontier06383: tasks 14575,14583: Terminated
srun: error: frontier02414: tasks 3920-3927,3929-3951,3953-3975: Terminated
srun: error: frontier09298: tasks 27608-27640,27642-27646,27648-27663: Terminated
srun: error: frontier08309: tasks 21919,21921,21923,21925,21933,21944,21946,21950-21951: Terminated
srun: error: frontier08137: tasks 20793,20801,20803,20813: Terminated
srun: error: frontier00353: tasks 840,842-847,849-888,890-895: Terminated
srun: error: frontier04207: tasks 10197,10205,10209,10211,10223,10225,10227,10229-10231,10235-10236,10241,10243,10247: Terminated
srun: error: frontier02682: tasks 5273,5277,5279,5281,5283,5293,5296,5304,5307,5313,5315,5319: Terminated
srun: error: frontier04206: tasks 10136-10138,10140-10158,10160,10162-10168,10170,10172,10176-10181,10184-10186,10188-10191: Terminated
srun: error: frontier02023: tasks 2861,2869,2871,2879,2889,2891,2893,2897: Terminated
srun: error: frontier02161: tasks 3479,3484,3495,3505,3507,3518,3523,3527: Terminated
srun: error: frontier08137: tasks 20776-20792,20794-20800,20802,20804-20812,20814-20831: Terminated
srun: error: frontier08409: tasks 22176-22180,22184-22190,22193-22198,22200-22202,22205-22209,22211-22215,22217,22219-22231: Terminated
srun: error: frontier04207: tasks 10192-10196,10198-10204,10206-10208,10210,10212-10222,10224,10226,10228,10232-10234,10237-10240,10242,10244-10246: Terminated
srun: error: frontier02682: tasks 5264-5272,5274-5276,5278,5280,5282,5284-5292,5294-5295,5297-5303,5305-5306,5308-5312,5314,5316-5318: Terminated
srun: error: frontier08147: tasks 20947,20949,20951,20953,20961,20967,20969,20985,20993,20995: Terminated
srun: error: frontier00225: tasks 505,507,513,527,529,531,537,539,541,543-544,547-549,551,553,555,557: Terminated
srun: error: frontier02023: tasks 2856-2860,2862-2868,2870,2872-2878,2880-2888,2890,2892,2894-2896,2898-2911: Terminated
srun: error: frontier08569: tasks 23524-23525,23527,23531-23532,23537,23539,23543,23545,23547-23548,23551-23553,23555,23557,23559,23561,23563,23566,23571,23573-23575: Terminated
srun: error: frontier02515: tasks 4317,4321,4323,4327,4339,4347,4361,4363,4366: Terminated
srun: error: frontier02161: tasks 3472-3478,3480-3483,3485-3494,3496-3504,3506,3508-3517,3519-3522,3524-3526: Terminated
srun: error: frontier05733: tasks 12491,12493,12497,12501-12503,12505-12507,12513,12521,12523,12527,12531,12537,12539: Terminated
srun: error: frontier06120: tasks 13776-13806,13808-13812,13814-13816,13818-13820,13822-13831: Terminated
srun: error: frontier06779: tasks 15632,15667,15672,15675: Terminated
srun: error: frontier02518: tasks 4425,4427,4429,4437-4439,4446,4465: Terminated
srun: error: frontier08409: tasks 22181-22183,22191-22192,22199,22203-22204,22210,22216,22218: Terminated
srun: error: frontier06756: tasks 15344-15346,15348-15362,15364-15370,15372-15399: Terminated
srun: error: frontier08147: tasks 20944-20946,20948,20950,20952,20954-20960,20962-20966,20968,20970-20984,20986-20992,20994,20996-20999: Terminated
srun: error: frontier00225: tasks 504,506,508-512,514-526,528,530,532-536,538,540,542,545-546,550,552,554,556,558-559: Terminated
srun: error: frontier08569: tasks 23520-23523,23526,23528-23530,23533-23536,23538,23540-23542,23544,23546,23549-23550,23554,23556,23558,23560,23562,23564-23565,23567-23570,23572: Terminated
srun: error: frontier02515: tasks 4312-4316,4318-4320,4322,4324-4326,4328-4338,4340-4346,4348-4360,4362,4364-4365,4367: Terminated
srun: error: frontier05733: tasks 12488-12490,12492,12494-12496,12498-12500,12504,12508-12512,12514-12520,12522,12524-12526,12528-12530,12532-12536,12538,12540-12543: Terminated
srun: error: frontier07912: tasks 19264,19266-19268,19270-19274,19276,19278-19290,19292-19293,19295-19303,19305-19318: Terminated
srun: error: frontier02518: tasks 4424,4426,4428,4430-4436,4440-4445,4447-4464,4466-4479: Terminated
srun: error: frontier06779: tasks 15624-15631,15633-15666,15668-15671,15673-15674,15676-15679: Terminated
srun: Force Terminated StepId=5137550.91
[... 470 further lines matching: srun: error: frontier#: tasks #-#: Terminated ...]
[... 10 further lines matching: srun: error: frontier#: tasks #-#,#-#: Terminated ...]
[... 9 further lines matching: srun: error: frontier#: task #: Terminated ...]
[... 7 further lines matching: srun: error: frontier#: tasks #,#: Terminated ...]
[... 6 further lines matching: srun: error: frontier#: tasks #-#,#-#,#-#: Terminated ...]
[... 1 further lines matching: srun: error: frontier#: tasks #,#,#: Terminated ...]
[... 1 further lines matching: srun: error: frontier#: tasks #,#,#,#,#,#,#,#: Terminated ...]
[... 1 further lines matching: srun: error: frontier#: tasks #,#,#,#: Terminated ...]
Running frontier nodes=512 ranks_per_node=56 dist=hierarchical mode=uniform expected_us=1000 max_upper_fanout=-1
srun: Step created for StepId=5137550.92
RESULT distributor=hierarchical mode=uniform expected_us=1000 nodes=512 world_size=28672 max_upper_fanout=-1 total_tasks=18591978 elapsed_s=20.0953 throughput_tasks_per_s=925192
MPICH Notice [Rank 0] [job id 5137550.92] [Sun Aug  2 03:43:37 2026] [frontier00096] - Abort(0) (rank 0 in comm 0): application called MPI_Abort(MPI_COMM_WORLD, 0) - process 0
aborting job:
application called MPI_Abort(MPI_COMM_WORLD, 0) - process 0
srun: error: frontier00096: task 0: Exited with exit code 255
srun: Terminating StepId=5137550.92
[2026-08-02T03:43:54.015] error: *** STEP 5137550.92 ON frontier00096 CANCELLED AT 2026-08-02T03:43:54 DUE TO TASK FAILURE ***
srun: error: frontier04479: tasks 10752-10807: Terminated
srun: error: frontier09167: tasks 27104-27159: Terminated
srun: error: frontier03152: tasks 7616-7618,7621-7624,7626-7630,7633,7635-7638,7642-7644,7646-7647,7649-7650,7654,7656-7658,7660-7661,7664,7668-7669: Terminated
srun: error: frontier08309: tasks 21896-21919,21921-21951: Terminated
srun: error: frontier03152: tasks 7619-7620,7625,7631-7632,7634,7639-7641,7645,7648,7651-7653,7655,7659,7662-7663,7665-7667,7670-7671: Terminated
srun: error: frontier03290: tasks 8184,8191,8215,8231: Terminated
srun: error: frontier08309: task 21920: Terminated
srun: error: frontier07800: tasks 18769,18797,18811,18813: Terminated
srun: error: frontier04978: tasks 11146,11160,11170: Terminated
srun: error: frontier03290: tasks 8176-8183,8185-8190,8192-8214,8216-8230: Terminated
srun: error: frontier04978: tasks 11144-11145,11147-11159,11161-11169,11171-11199: Terminated
srun: error: frontier07800: tasks 18760-18768,18770-18796,18798-18810,18812,18814-18815: Terminated
srun: Force Terminated StepId=5137550.92
[... 505 further lines matching: srun: error: frontier#: tasks #-#: Terminated ...]
Running frontier nodes=512 ranks_per_node=56 dist=hierarchical mode=uniform expected_us=10000 max_upper_fanout=-1
srun: Step created for StepId=5137550.93
RESULT distributor=hierarchical mode=uniform expected_us=10000 nodes=512 world_size=28672 max_upper_fanout=-1 total_tasks=55693508 elapsed_s=20.2001 throughput_tasks_per_s=2.7571e+06
MPICH Notice [Rank 0] [job id 5137550.93] [Sun Aug  2 03:44:33 2026] [frontier00096] - Abort(0) (rank 0 in comm 0): application called MPI_Abort(MPI_COMM_WORLD, 0) - process 0
aborting job:
application called MPI_Abort(MPI_COMM_WORLD, 0) - process 0
srun: error: frontier00096: task 0: Exited with exit code 255
srun: Terminating StepId=5137550.93
[2026-08-02T03:44:37.175] error: *** STEP 5137550.93 ON frontier00096 CANCELLED AT 2026-08-02T03:44:37 DUE TO TASK FAILURE ***
srun: error: frontier07667: task 18237: Terminated
srun: error: frontier02679: tasks 5152-5207: Terminated
srun: error: frontier09026: tasks 26208-26263: Terminated
srun: error: frontier01139: tasks 1400-1431,1433-1449,1451-1455: Terminated
srun: error: frontier06780: tasks 15680-15682,15684-15717,15719-15732,15734-15735: Terminated
srun: error: frontier00102: tasks 168-180,182-197,199-205,207-212,214-223: Terminated
srun: error: frontier05484: tasks 11928-11981,11983: Terminated
srun: error: frontier08669: tasks 23800-23801,23803-23807,23809-23814,23816-23855: Terminated
srun: error: frontier01139: tasks 1432,1450: Terminated
srun: error: frontier08518: tasks 22820,22831: Terminated
srun: error: frontier00102: tasks 181,198,206,213: Terminated
srun: error: frontier07769: tasks 18481,18499,18531,18535: Terminated
srun: error: frontier07667: tasks 18200-18236,18238-18255: Terminated
srun: error: frontier08547: tasks 23352,23354-23407: Terminated
srun: error: frontier05496: tasks 12040-12072,12074-12095: Terminated
srun: error: frontier05484: task 11982: Terminated
srun: error: frontier06780: tasks 15683,15718,15733: Terminated
srun: error: frontier07890: tasks 18984-18992,18995-19019,19021-19039: Terminated
srun: error: frontier08437: tasks 22680-22681,22683-22686,22688-22695,22698-22700,22702-22704,22707,22709-22714,22716,22718-22723,22725-22729: Terminated
srun: error: frontier04601: tasks 10865,10873,10881,10885,10899,10901,10913,10916: Terminated
srun: error: frontier08669: tasks 23802,23808,23815: Terminated
srun: error: frontier03314: tasks 8512,8514-8548,8550-8567: Terminated
srun: error: frontier05611: tasks 12152-12155,12157,12159-12160,12162-12163,12165-12169,12171-12179,12181-12207: Terminated
srun: error: frontier07534: tasks 17865-17906,17908-17911,17913-17917,17919: Terminated
srun: error: frontier07154: tasks 17006,17012-17013,17017: Terminated
srun: error: frontier08188: tasks 21056-21059,21061-21068,21070-21077,21079-21090,21092-21101,21103-21111: Terminated
srun: error: frontier04978: tasks 11144,11146-11155,11157-11174,11176-11182,11185-11193,11195-11198: Terminated
srun: error: frontier09023: tasks 26040-26089,26091-26093,26095: Terminated
srun: error: frontier07890: tasks 18993-18994,19020: Terminated
srun: error: frontier04601: tasks 10864,10866-10872,10874-10880,10882-10884,10886-10898,10900,10902-10912,10914-10915,10917-10919: Terminated
srun: error: frontier02682: tasks 5264,5266-5311,5313-5319: Terminated
srun: error: frontier08437: tasks 22682,22687,22696-22697,22701,22705-22706,22708,22715,22717,22724,22730-22735: Terminated
srun: error: frontier07028: tasks 16800-16841,16843,16845-16855: Terminated
srun: error: frontier08032: tasks 19936-19938,19940-19942,19944-19946,19948,19950-19952,19954,19956-19957,19959,19962,19967-19971,19973,19976-19979,19983-19985,19987,19990-19991: Terminated
srun: error: frontier10176: tasks 28616-28622,28624,28626-28644,28646-28653,28655-28658,28660-28671: Terminated
srun: error: frontier05611: tasks 12156,12158,12161,12164,12170,12180: Terminated
srun: error: frontier02784: tasks 5657-5665,5667-5669,5671-5679,5681-5689,5691-5692,5694-5699,5701,5703-5710: Terminated
srun: error: frontier08301: tasks 21784-21801,21803-21813,21815-21837,21839: Terminated
srun: error: frontier08523: tasks 23079,23086,23089,23100,23107,23110,23117: Terminated
srun: error: frontier07769: tasks 18480,18482-18498,18500-18530,18532-18534: Terminated
srun: error: frontier05355: tasks 11873,11875-11881,11883-11884,11886-11887,11889,11891-11895,11897,11899,11902-11913,11915-11927: Terminated
srun: error: frontier08305: tasks 21840-21865,21867-21872,21874-21876,21878-21889,21891-21895: Terminated
srun: error: frontier06649: tasks 15066-15075,15077-15078,15080-15087,15089-15091,15093-15106,15108-15119: Terminated
srun: error: frontier08188: tasks 21060,21069,21078,21091,21102: Terminated
srun: error: frontier04978: tasks 11145,11156,11175,11183-11184,11194,11199: Terminated
srun: error: frontier10176: tasks 28623,28625,28645,28654,28659: Terminated
srun: error: frontier08032: tasks 19939,19943,19947,19949,19953,19955,19958,19960-19961,19963-19966,19972,19974-19975,19980-19982,19986,19988-19989: Terminated
srun: error: frontier02784: tasks 5656,5666,5670,5680,5690,5693,5700,5702,5711: Terminated
srun: error: frontier08523: tasks 23072-23078,23080-23085,23087-23088,23090-23099,23101-23106,23108-23109,23111-23116,23118-23127: Terminated
srun: error: frontier05355: tasks 11872,11874,11882,11885,11888,11890,11896,11898,11900-11901,11914: Terminated
srun: error: frontier06649: tasks 15064-15065,15076,15079,15088,15092,15107: Terminated
srun: Force Terminated StepId=5137550.93
[... 444 further lines matching: srun: error: frontier#: tasks #-#: Terminated ...]
[... 18 further lines matching: srun: error: frontier#: tasks #,#: Terminated ...]
[... 18 further lines matching: srun: error: frontier#: task #: Terminated ...]
[... 16 further lines matching: srun: error: frontier#: tasks #-#,#-#: Terminated ...]
[... 16 further lines matching: srun: error: frontier#: tasks #-#,#-#,#-#: Terminated ...]
[... 6 further lines matching: srun: error: frontier#: tasks #-#,#-#,#-#,#-#: Terminated ...]
[... 6 further lines matching: srun: error: frontier#: tasks #,#,#: Terminated ...]
[... 4 further lines matching: srun: error: frontier#: tasks #,#,#,#: Terminated ...]
Running frontier nodes=512 ranks_per_node=56 dist=hierarchical mode=uniform expected_us=100000 max_upper_fanout=-1
RESULT distributor=hierarchical mode=uniform expected_us=100000 nodes=512 world_size=28672 max_upper_fanout=-1 total_tasks=5813850 elapsed_s=20.9976 throughput_tasks_per_s=276882
MPICH Notice [Rank 0] [job id 5137550.94] [Sun Aug  2 03:45:32 2026] [frontier00096] - Abort(0) (rank 0 in comm 0): application called MPI_Abort(MPI_COMM_WORLD, 0) - process 0
aborting job:
application called MPI_Abort(MPI_COMM_WORLD, 0) - process 0
srun: error: frontier00096: task 0: Exited with exit code 255
srun: Terminating StepId=5137550.94
[2026-08-02T03:45:37.223] error: *** STEP 5137550.94 ON frontier00096 CANCELLED AT 2026-08-02T03:45:37 DUE TO TASK FAILURE ***
srun: error: frontier07667: tasks 18205,18213,18221: Terminated
srun: error: frontier03038: tasks 7000-7055: Terminated
srun: error: frontier09026: tasks 26208-26263: Terminated
srun: error: frontier00353: tasks 840-878,880-895: Terminated
srun: error: frontier08432: tasks 22568-22606,22608-22623: Terminated
srun: error: frontier03152: tasks 7618-7623,7626-7631,7634-7639,7641-7647,7650-7656,7658-7671: Terminated
srun: error: frontier07667: tasks 18200-18204,18206-18212,18214-18220,18222-18255: Terminated
srun: error: frontier06781: task 15783: Terminated
srun: error: frontier01140: task 1503: Terminated
srun: error: frontier08670: tasks 23875,23878,23907: Terminated
srun: error: frontier03152: tasks 7616-7617,7624-7625,7632-7633,7640,7648-7649,7657: Terminated
srun: error: frontier06904: tasks 16472,16519: Terminated
srun: error: frontier04601: tasks 10867,10877,10883,10888,10891,10896,10899,10909,10917,10919: Terminated
srun: error: frontier09438: tasks 28285,28288,28326-28327,28335: Terminated
srun: error: frontier08670: tasks 23856-23874,23876-23877,23879-23906,23908-23911: Terminated
srun: error: frontier07769: tasks 18480-18502,18504-18518,18520-18535: Terminated
srun: error: frontier03173: tasks 7919,7947: Terminated
srun: error: frontier02508: tasks 4152,4160,4163,4173,4185,4189,4192,4195,4197: Terminated
srun: error: frontier04078: tasks 9745,9751,9753,9757,9761,9765,9769,9773,9775,9777,9779,9781,9783,9787,9795,9797: Terminated
srun: error: frontier04601: tasks 10864-10866,10868-10876,10878-10882,10884-10887,10889-10890,10892-10895,10897-10898,10900-10908,10910-10916,10918: Terminated
srun: error: frontier02166: tasks 3599-3601,3623,3631: Terminated
srun: error: frontier06517: tasks 14787,14793,14801,14819,14825: Terminated
srun: error: frontier06762: tasks 15472,15489,15493,15495,15503,15505,15509,15511: Terminated
srun: error: frontier08520: tasks 22905,22939,22941,22943,22957: Terminated
srun: error: frontier08169: tasks 21000-21016,21018-21029,21031-21055: Terminated
srun: error: frontier03031: tasks 6839,6859,6867,6875: Terminated
srun: error: frontier03710: tasks 9355,9363,9368-9369,9377,9381,9387,9389,9396,9400,9405,9407: Terminated
srun: error: frontier03146: tasks 7456,7479,7487,7495: Terminated
srun: error: frontier02508: tasks 4144-4151,4153-4159,4161-4162,4164-4172,4174-4184,4186-4188,4190-4191,4193-4194,4196,4198-4199: Terminated
srun: error: frontier04078: tasks 9744,9746-9750,9752,9754-9756,9758-9760,9762-9764,9766-9768,9770-9772,9774,9776,9778,9780,9782,9784-9786,9788-9794,9796,9798-9799: Terminated
srun: error: frontier06517: tasks 14784-14786,14788-14792,14794-14800,14802-14818,14820-14824,14826-14839: Terminated
srun: error: frontier06762: tasks 15456-15471,15473-15488,15490-15492,15494,15496-15502,15504,15506-15508,15510: Terminated
srun: error: frontier03031: tasks 6832-6838,6840-6858,6860-6866,6868-6874,6876-6887: Terminated
srun: error: frontier08520: tasks 22904,22906-22938,22940,22942,22944-22956,22958-22959: Terminated
srun: error: frontier03710: tasks 9352-9354,9356-9362,9364-9367,9370-9376,9378-9380,9382-9386,9388,9390-9395,9397-9399,9401-9404,9406: Terminated
srun: error: frontier03146: tasks 7448-7455,7457-7478,7480-7486,7488-7494,7496-7503: Terminated
srun: error: frontier03290: tasks 8176-8184,8186,8188-8214,8216-8218,8220-8231: Terminated
srun: error: frontier05485: tasks 11984-12006,12008-12020,12022-12034,12036,12038-12039: Terminated
srun: Force Terminated StepId=5137550.94
[... 466 further lines matching: srun: error: frontier#: tasks #-#: Terminated ...]
[... 15 further lines matching: srun: error: frontier#: tasks #-#,#-#: Terminated ...]
[... 14 further lines matching: srun: error: frontier#: task #: Terminated ...]
[... 6 further lines matching: srun: error: frontier#: tasks #,#,#: Terminated ...]
[... 6 further lines matching: srun: error: frontier#: tasks #-#,#-#,#-#: Terminated ...]
[... 5 further lines matching: srun: error: frontier#: tasks #-#,#-#,#-#,#-#: Terminated ...]
[... 4 further lines matching: srun: error: frontier#: tasks #,#: Terminated ...]
[... 3 further lines matching: srun: error: frontier#: tasks #,#,#,#: Terminated ...]
Running frontier nodes=512 ranks_per_node=56 dist=hierarchical mode=uniform expected_us=1000000 max_upper_fanout=-1
RESULT distributor=hierarchical mode=uniform expected_us=1000000 nodes=512 world_size=28672 max_upper_fanout=-1 total_tasks=763334 elapsed_s=30.1603 throughput_tasks_per_s=25309.3
MPICH Notice [Rank 0] [job id 5137550.95] [Sun Aug  2 03:46:46 2026] [frontier00096] - Abort(0) (rank 0 in comm 0): application called MPI_Abort(MPI_COMM_WORLD, 0) - process 0
aborting job:
application called MPI_Abort(MPI_COMM_WORLD, 0) - process 0
srun: error: frontier00096: task 0: Exited with exit code 255
srun: Terminating StepId=5137550.95
[2026-08-02T03:47:03.918] error: *** STEP 5137550.95 ON frontier00096 CANCELLED AT 2026-08-02T03:47:03 DUE TO TASK FAILURE ***
srun: error: frontier04479: tasks 10752-10807: Terminated
srun: error: frontier08549: tasks 23408-23463: Terminated
srun: error: frontier08791: tasks 24703,24749: Terminated
srun: error: frontier07806: tasks 18875,18879,18881,18883,18885,18889,18897,18912-18913,18915,18919,18923: Terminated
srun: error: frontier08909: task 25768: Terminated
srun: error: frontier04331: tasks 10571,10579: Terminated
srun: error: frontier03317: tasks 8680-8727,8729-8735: Terminated
srun: error: frontier05725: tasks 12393,12395,12403,12411,12413,12415,12417,12427,12429: Terminated
srun: error: frontier02516: tasks 4387,4417,4419: Terminated
srun: error: frontier00231: tasks 622,633,635,637,667,669: Terminated
srun: error: frontier07806: tasks 18872-18874,18876-18878,18880,18882,18884,18886-18888,18890-18896,18898-18911,18914,18916-18918,18920-18922,18924-18927: Terminated
srun: error: frontier08909: tasks 25760-25767,25769-25815: Terminated
srun: error: frontier08791: tasks 24696-24702,24704-24748,24750-24751: Terminated
srun: error: frontier03317: task 8728: Terminated
srun: error: frontier04331: tasks 10528-10570,10572-10578,10580-10583: Terminated
srun: error: frontier05725: tasks 12376-12392,12394,12396-12402,12404-12410,12412,12414,12416,12418-12426,12428,12430-12431: Terminated
srun: error: frontier02516: tasks 4368-4386,4388-4416,4418,4420-4423: Terminated
srun: error: frontier00231: tasks 616-621,623-632,634,636,638-666,668,670-671: Terminated
srun: Force Terminated StepId=5137550.95
[... 502 further lines matching: srun: error: frontier#: tasks #-#: Terminated ...]
Running frontier nodes=512 ranks_per_node=56 dist=hierarchical mode=fixed expected_us=10 max_upper_fanout=0
srun: Step created for StepId=5137550.96
RESULT distributor=hierarchical mode=fixed expected_us=10 nodes=512 world_size=28672 max_upper_fanout=0 total_tasks=11267164 elapsed_s=20.2362 throughput_tasks_per_s=556783
MPICH Notice [Rank 0] [job id 5137550.96] [Sun Aug  2 03:47:42 2026] [frontier00096] - Abort(0) (rank 0 in comm 0): application called MPI_Abort(MPI_COMM_WORLD, 0) - process 0
aborting job:
application called MPI_Abort(MPI_COMM_WORLD, 0) - process 0
srun: error: frontier00096: task 0: Exited with exit code 255
srun: Terminating StepId=5137550.96
[2026-08-02T03:47:46.134] error: *** STEP 5137550.96 ON frontier00096 CANCELLED AT 2026-08-02T03:47:46 DUE TO TASK FAILURE ***
srun: error: frontier04479: tasks 10781,10785,10791,10797,10801,10807: Terminated
srun: error: frontier09300: tasks 27737,27739,27745,27752,27754,27763,27765,27767-27770: Terminated
srun: error: frontier09169: task 27180: Terminated
srun: error: frontier01139: tasks 1401,1409,1413-1417,1419,1425,1427,1429-1430,1432-1433,1435-1437,1441,1443-1445,1449,1451-1452,1454-1455: Terminated
srun: error: frontier01280: tasks 2117,2119: Terminated
srun: error: frontier06780: tasks 15691,15732: Terminated
srun: error: frontier08270: tasks 21280-21303,21305-21335: Terminated
srun: error: frontier08801: tasks 25074,25077,25082: Terminated
srun: error: frontier09028: tasks 26324,26336-26337,26339-26340,26348,26362: Terminated
srun: error: frontier09029: tasks 26385,26405,26409,26416: Terminated
srun: error: frontier09030: tasks 26435,26439,26441,26445,26447,26451,26455,26459,26461,26464-26467,26476,26481,26483-26485: Terminated
srun: error: frontier07769: task 18519: Terminated
srun: error: frontier09468: tasks 28475,28478,28490,28497,28503: Terminated
srun: error: frontier00102: tasks 169,181,189-190,208-209,211,220: Terminated
srun: error: frontier02679: tasks 5169,5182,5187,5191: Terminated
srun: error: frontier07296: tasks 17542,17552,17561: Terminated
srun: error: frontier09159: tasks 26893,26895,26897-26898,26904-26905,26912-26913,26919,26926,26930: Terminated
srun: error: frontier07887: tasks 18928-18968,18970-18983: Terminated
srun: error: frontier09434: tasks 28224-28228,28230,28232-28233,28235-28241,28244-28245,28247-28249,28251-28255,28257-28259,28261-28268,28270,28273,28276,28279: Terminated
srun: error: frontier09438: tasks 28281,28286-28287,28291,28293,28297,28299,28301-28302,28305,28307,28309-28310,28315,28317-28318,28325,28328-28332,28335: Terminated
srun: error: frontier08922: tasks 25929,25931,25933,25937,25939,25943,25945,25947,25949,25951-25953,25955,25959-25960,25969,25973,25975-25976,25980,25982-25983: Terminated
srun: error: frontier05484: tasks 11929,11937,11940-11941,11951,11953,11961,11969,11983: Terminated
srun: error: frontier02529: tasks 4592-4593,4596,4606-4607,4612,4615,4627,4630,4635,4638,4643: Terminated
srun: error: frontier09026: tasks 26212-26215,26217,26219-26220,26222,26227,26229,26231,26233-26235,26239,26243,26246,26249,26251,26253,26255-26256,26259-26260,26262: Terminated
srun: error: frontier08784: tasks 24531,24537,24541,24545,24547,24549,24551,24553,24557,24561,24563,24565,24571-24576,24579,24583: Terminated
srun: error: frontier08028: tasks 19769,19773,19788,19793,19797,19801,19803,19809,19811-19812,19817,19819-19821,19823: Terminated
srun: error: frontier09171: tasks 27224,27230,27233,27261,27264,27269: Terminated
srun: error: frontier03578: tasks 8849,8851,8862,8865,8869-8870,8872,8880-8881,8885-8886,8902-8903: Terminated
srun: error: frontier02908: tasks 6443-6447,6449-6455,6457-6462,6464-6466,6469,6471-6488,6490-6493,6495: Terminated
srun: error: frontier08815: tasks 25145-25146,25153,25162,25168-25170,25172,25176-25178,25182,25184,25186,25188,25194: Terminated
srun: error: frontier09166: tasks 27051,27055,27059,27061,27067,27070,27073,27075,27079,27089,27095-27096,27100-27101,27103: Terminated
srun: error: frontier08786: tasks 24641-24642,24644,24647-24648,24656,24658,24663-24665,24671,24673,24681-24682,24687-24690,24695: Terminated
srun: error: frontier10174: tasks 28505,28507,28517,28521,28523,28525,28527,28529,28531-28532,28534-28540,28542,28545,28547,28549,28551,28553,28555-28556,28558-28559: Terminated
srun: error: frontier03038: tasks 7003,7009,7017,7033,7039,7047-7048: Terminated
srun: error: frontier06650: tasks 15120-15128,15131-15133,15135,15139,15141,15144-15147,15149,15151-15155,15157,15161,15164-15167,15169-15170,15173,15175: Terminated
srun: error: frontier07411: tasks 17643,17650,17653,17660,17665,17680,17683,17685,17689,17691: Terminated
srun: error: frontier07161: tasks 17193,17195,17201-17203,17206,17209-17211,17213,17217,17223,17229,17231,17233,17239,17241,17243,17245-17247: Terminated
srun: error: frontier07260: tasks 17304-17311,17313-17315,17317-17336,17338-17358: Terminated
srun: error: frontier09174: tasks 27277,27293,27299,27312-27313,27322,27325: Terminated
srun: error: frontier00353: tasks 840-871,873-876,878-895: Terminated
srun: error: frontier07154: tasks 16982,16993,17003,17008,17017: Terminated
srun: error: frontier08432: tasks 22577,22579,22587,22589,22611,22613,22622: Terminated
srun: error: frontier02523: tasks 4585-4586,4591: Terminated
srun: error: frontier06008: tasks 13216,13223,13225-13226,13229,13232-13233,13239,13241,13243,13245,13247,13249-13255,13257,13259,13262-13264,13267,13269,13271: Terminated
srun: error: frontier06903: tasks 16411,16413,16417,16421-16423,16425,16427,16430,16433,16435,16443,16447,16451,16456-16457,16459,16461,16463: Terminated
srun: error: frontier08785: tasks 24622-24623,24628: Terminated
srun: error: frontier08673: tasks 24024-24025,24027-24031,24033-24044,24047,24049,24051-24053,24055,24057-24059,24061,24067,24071,24073,24075-24076,24079: Terminated
srun: error: frontier09037: tasks 26667,26675,26684-26685,26693,26698-26699,26702,26711: Terminated
srun: error: frontier02681: tasks 5209,5211,5213-5214,5216-5217,5219-5221,5224,5227-5229,5232-5237,5239-5246,5248,5250-5259,5261-5263: Terminated
srun: error: frontier07936: tasks 19547,19550-19551,19555,19563,19566-19567,19569,19571,19579,19581-19582,19585,19589,19592-19593,19597: Terminated
srun: error: frontier08900: tasks 25257,25263,25279-25281,25283,25287,25299,25306,25309: Terminated
srun: error: frontier07909: tasks 19152-19197,19199-19200,19202-19207: Terminated
srun: error: frontier07801: tasks 18817,18819,18821,18823,18826-18827,18833,18836,18838,18845,18849-18851,18854,18856-18857,18859-18864,18867,18869: Terminated
srun: error: frontier08136: tasks 20721,20723,20725,20729,20731,20733,20737,20740-20741,20743,20745,20749,20751,20753,20755-20759,20761,20763,20767,20769,20771,20775: Terminated
srun: error: frontier07680: tasks 18312-18315,18318,18320-18325,18327-18331,18333-18338,18340,18342-18345,18347-18350,18352-18356,18358-18359,18362,18364-18367: Terminated
srun: error: frontier08142: tasks 20833,20837,20843,20852,20865,20867,20872,20877,20879,20881: Terminated
srun: error: frontier08918: tasks 25817,25821,25825,25833,25838,25853-25855,25857,25859,25862,25867: Terminated
srun: error: frontier08289: tasks 21573,21579,21583,21592,21597,21599,21605,21615: Terminated
srun: error: frontier03156: tasks 7673,7677,7685,7698,7707,7713,7718,7723: Terminated
srun: error: frontier06781: tasks 15741,15743,15745,15747,15754-15755,15759,15771-15772,15777,15779,15786-15787,15790-15791: Terminated
srun: error: frontier05235: tasks 11536,11539-11540,11542-11544,11547-11548,11551,11553,11555,11557-11560,11569,11572-11575,11577,11579-11581,11583-11585,11589-11591: Terminated
srun: error: frontier08061: tasks 20275,20279,20283-20284,20287,20291,20299-20300,20310,20313,20315,20317,20321-20323,20325,20327: Terminated
srun: error: frontier08902: tasks 25368-25422: Terminated
srun: error: frontier08677: tasks 24193,24205-24206,24208-24209,24211,24214-24215,24217,24224-24225,24229,24233,24235,24237-24240,24243,24245,24247: Terminated
srun: error: frontier01909: tasks 2689,2694,2699,2705,2710,2717-2719,2725,2739: Terminated
srun: error: frontier00121: tasks 281-291,293-303,305,307-312,314-317,319-326,329-335: Terminated
srun: error: frontier06109: tasks 13387,13399,13403,13411,13421,13427,13429,13433,13436,13438-13439: Terminated
srun: error: frontier05874: tasks 12936-12937,12940-12948,12950,12952-12954,12956,12958-12962,12966-12970,12972,12974,12976-12977,12980,12982-12983,12985-12986,12988-12991: Terminated
srun: error: frontier06266: tasks 14235,14241-14243,14259,14262,14265-14267,14271,14273: Terminated
srun: error: frontier07667: tasks 18209,18213-18214,18221,18227,18229,18232,18245,18248-18249,18251: Terminated
srun: error: frontier08399: tasks 22121,22123-22125,22130,22132,22137,22139,22146-22148,22164,22175: Terminated
srun: error: frontier07259: tasks 17249,17253,17255,17258-17259,17261-17263,17265,17267,17277,17287-17288,17297,17299,17301,17303: Terminated
srun: error: frontier07783: tasks 18597,18605,18615-18617,18627,18629,18645: Terminated
srun: error: frontier01140: tasks 1504-1505: Terminated
srun: error: frontier08146: tasks 20889,20891,20897,20901-20902,20907,20914,20916,20927,20931,20933-20934,20937,20939-20940,20943: Terminated
srun: error: frontier07265: tasks 17370-17371,17373-17374,17381,17389,17391,17395-17396,17402,17405-17406,17409,17411: Terminated
srun: error: frontier09023: tasks 26041,26044,26067-26068,26084,26089: Terminated
srun: error: frontier08274: tasks 21339,21341,21345,21349-21350,21352-21353,21355,21361,21365-21366,21368,21373,21377,21382-21383,21389: Terminated
srun: error: frontier07412: tasks 17705,17707,17709,17718,17721,17723,17735,17738,17743,17745-17746: Terminated
srun: error: frontier08671: tasks 23915,23920,23924-23925,23927,23929,23931,23933-23935,23937,23939,23941-23942,23944-23945,23947,23949-23952,23954-23955,23959-23961,23963-23965,23967: Terminated
srun: error: frontier07418: tasks 17809,17811,17817,17821,17824,17831,17837,17843,17851,17857,17859: Terminated
srun: error: frontier06910: tasks 16633,16639,16641,16643-16645,16647-16648,16651-16652,16654,16657,16659-16661,16663,16665-16668,16670,16675,16678-16681,16684,16687: Terminated
srun: error: frontier05223: tasks 11375,11381,11383,11387,11389,11393,11397,11402,11404,11406-11407,11409,11412-11413,11416-11417,11419,11422-11423: Terminated
srun: error: frontier07155: tasks 17033,17057,17059,17067,17071,17075,17079: Terminated
srun: error: frontier06141: tasks 14000-14005,14008-14010,14012-14014,14017-14028,14030-14044,14046-14055: Terminated
srun: error: frontier08421: tasks 22289,22293-22296,22299-22300,22302-22304,22306-22307,22309,22311,22315,22317,22319,22321,22323,22325,22329,22338: Terminated
srun: error: frontier07285: tasks 17417,17419-17421,17423-17424,17427-17429,17431-17433,17435,17437-17441,17443-17445,17448-17451,17453,17457-17459,17463,17467,17469,17471: Terminated
srun: error: frontier08423: tasks 22419,22423,22427,22430-22431,22451: Terminated
srun: error: frontier00364: tasks 896-897,899,901,903,905,907,909-911,913,917-918,921,923,926-931,933,935,941,945,947,951: Terminated
srun: error: frontier06381: tasks 14504-14517,14519-14532,14534-14537,14539-14546,14548-14555,14557-14559: Terminated
srun: error: frontier03054: tasks 7226,7228,7234-7236,7238,7245-7247,7249-7251,7256,7258,7260-7261,7263-7264,7266,7269-7270,7273-7274,7278: Terminated
srun: error: frontier05236: tasks 11595,11603,11609,11611-11612,11617,11623,11627,11629,11631,11633,11636-11639,11641,11645,11647: Terminated
srun: error: frontier04090: tasks 9856,9863,9865,9867,9870-9871,9873,9875,9877,9881,9883,9885,9887,9889-9891,9893-9895,9897,9899-9901,9903-9904,9906-9907,9909,9911: Terminated
srun: error: frontier02424: tasks 3977,3984-3985,3987-3990,3993,3995-3996,3998-3999,4003,4011,4014,4017,4019-4020,4027,4029: Terminated
srun: error: frontier03158: tasks 7784-7785,7787,7789,7791,7793-7794,7797-7805,7808-7811,7813-7815,7817,7819,7821,7825-7827,7829-7835,7837-7839: Terminated
srun: error: frontier06400: tasks 14673,14681,14686,14693,14703,14705,14707,14713,14721: Terminated
srun: error: frontier08027: tasks 19713,19717-19718,19721,19723,19725,19731,19733,19743,19745,19747,19750,19753,19755,19760: Terminated
srun: error: frontier06911: tasks 16697,16713,16716,16719,16724,16740-16741: Terminated
srun: error: frontier04982: tasks 11201,11205,11211,11215,11217,11223,11225,11227,11229,11231-11233,11235,11239,11241-11243,11248-11249,11251,11253: Terminated
srun: error: frontier01910: tasks 2753-2754,2756,2758-2759,2761-2762,2764-2767,2769-2770,2774-2776,2778,2781-2790,2793-2794,2798-2799: Terminated
srun: error: frontier02909: tasks 6497,6499,6503,6505,6507,6510-6514,6516-6520,6523,6526-6533,6536,6539-6545,6547: Terminated
srun: error: frontier04217: tasks 10305,10309,10311-10313,10315,10319,10327,10329,10334,10337,10341,10344,10352-10353: Terminated
srun: error: frontier08276: tasks 21449,21457,21459,21461,21475,21483,21486,21493,21501-21502: Terminated
srun: error: frontier02930: tasks 6777,6779,6781,6783,6785,6787,6791-6793,6795-6799,6801,6811-6812,6817,6819,6821,6823,6825,6827,6829-6831: Terminated
srun: error: frontier02157: tasks 3371,3379,3381,3383,3387,3394,3397,3399,3401,3403-3404,3406,3409: Terminated
srun: error: frontier06515: tasks 14734,14747,14749,14753,14757-14759,14769,14783: Terminated
srun: error: frontier06770: tasks 15525,15531-15532,15536,15563: Terminated
srun: error: frontier07538: tasks 18033,18039,18047,18049,18051,18057,18063,18066,18070,18072,18075,18077,18080,18083-18085: Terminated
srun: error: frontier03579: tasks 8905,8907-8909,8918-8919,8921,8929,8939,8944,8948,8953-8954,8957: Terminated
srun: error: frontier02158: tasks 3416,3419,3421-3423,3425,3427-3430,3434-3435,3437-3447,3449-3453,3455,3457-3458,3460-3469,3471: Terminated
srun: error: frontier05242: tasks 11713,11719,11724,11729-11730,11733,11754: Terminated
srun: error: frontier06119: tasks 13723,13727,13733,13737,13745,13747,13751,13757,13761,13766-13768,13770,13773,13775: Terminated
srun: error: frontier04864: tasks 11089,11091-11093,11097,11099,11105,11118-11119,11121,11125,11130-11133,11135,11139,11141,11143: Terminated
srun: error: frontier06890: tasks 16101-16102,16107,16113,16116-16117,16121,16127: Terminated
srun: error: frontier02656: tasks 5041,5047,5049,5053,5055,5063,5065,5073,5079,5085,5087,5093: Terminated
srun: error: frontier08132: tasks 20507,20509-20510,20513,20517,20519,20523,20525,20528-20529,20536-20537,20545,20551: Terminated
srun: error: frontier04216: tasks 10256,10262,10266,10269,10273-10275,10279,10281,10291: Terminated
srun: error: frontier06142: tasks 14057,14063-14064,14076-14077,14081,14083,14091,14097,14099: Terminated
srun: error: frontier06761: tasks 15401,15403,15405-15406,15408-15409,15411,15413-15414,15416-15418,15421-15423,15425,15427-15431,15433-15435,15437-15439,15441-15443,15445-15448,15451,15453-15455: Terminated
srun: error: frontier08422: tasks 22347-22348,22359,22361,22363,22379-22381,22395-22396,22399: Terminated
srun: error: frontier08782: tasks 24419,24422,24425,24428,24431,24434,24437,24442,24444,24447,24451-24452,24454-24455,24460,24463,24468-24469: Terminated
srun: error: frontier03582: tasks 9074-9075,9077,9079,9081-9083,9085,9088,9094,9099-9101,9104,9106,9113,9115-9116,9120,9123-9124: Terminated
srun: error: frontier07157: tasks 17139,17145,17153-17154,17165-17167,17170,17174-17175,17183-17184,17187-17190: Terminated
srun: error: frontier07550: tasks 18088,18090,18092-18095,18097-18099,18101-18103,18105-18108,18111,18113-18114,18116,18119-18122,18124,18127-18132,18135-18138,18140,18142-18143: Terminated
srun: error: frontier05497: tasks 12125,12131,12139,12141,12143-12144,12147: Terminated
srun: error: frontier06756: tasks 15344-15345,15347,15349-15350,15355,15357-15359,15361,15363,15365,15372-15373,15377,15379,15381,15383-15384,15386-15387,15389-15390,15392-15393,15395-15396: Terminated
srun: error: frontier04978: tasks 11158,11160,11177,11180-11182,11185: Terminated
srun: error: frontier03583: tasks 9128-9129,9135,9137,9139-9141,9143,9146,9148-9153,9157,9159-9162,9164-9165,9168-9169,9171-9172,9174-9176,9178,9181,9183: Terminated
srun: error: frontier10176: tasks 28617,28619,28629,28633,28635,28639,28643-28644,28649,28659-28660,28667,28671: Terminated
srun: error: frontier02803: tasks 5995,6001,6007,6009,6011,6017,6021-6022,6029,6039: Terminated
srun: error: frontier03143: tasks 7343,7348-7349,7355-7356,7358,7361,7370,7373,7378,7384,7389: Terminated
srun: error: frontier06524: tasks 14915-14916,14936,14940,14947: Terminated
srun: error: frontier08905: tasks 25536,25539,25542-25543,25545,25547,25550-25553,25556,25559,25562,25564,25566,25569-25572,25574,25578,25580-25582,25585-25588: Terminated
srun: error: frontier03173: tasks 7903,7911,7913,7925,7929,7931,7937,7939,7951: Terminated
srun: error: frontier03584: tasks 9185,9189,9191,9197-9199,9201,9203,9206,9209,9211,9216-9217,9219-9220,9225,9229,9231,9235-9236,9238-9239: Terminated
srun: error: frontier02779: tasks 5545-5551,5553,5555-5559,5561-5563,5566-5570,5573-5577,5579-5588,5592-5598: Terminated
srun: error: frontier05611: tasks 12153,12158,12160-12161,12163,12166,12179,12181,12185,12187,12195-12197,12201,12205-12207: Terminated
srun: error: frontier02897: tasks 6067,6081,6083-6084,6102: Terminated
srun: error: frontier02784: tasks 5657,5659-5670,5673-5681,5683-5695,5697-5701,5703-5707,5709-5711: Terminated
srun: error: frontier06120: tasks 13809,13821-13822,13825,13827: Terminated
srun: error: frontier09177: tasks 27388-27389,27391,27393-27394,27403,27416,27425,27428,27435: Terminated
srun: error: frontier02540: tasks 4771,4775,4779-4780,4785,4789-4790,4801,4806: Terminated
srun: error: frontier04219: tasks 10371,10381,10385,10387,10389,10393,10395,10397-10398,10403-10406,10409,10411: Terminated
srun: error: frontier02898: tasks 6111,6113,6119,6121,6127,6139,6143,6147-6148,6151,6153,6159: Terminated
srun: error: frontier03037: tasks 6947-6949,6951,6955-6956,6958-6961,6963,6965,6967,6969,6971,6975-6977,6979-6980,6983,6985,6988-6993,6995,6997-6999: Terminated
srun: error: frontier07916: tasks 19385,19387,19391,19401,19411,19419,19422-19424,19428: Terminated
srun: error: frontier03311: tasks 8456,8458-8486,8488-8511: Terminated
srun: error: frontier03701: tasks 9305,9310,9317,9325-9327,9337,9342-9343: Terminated
srun: error: frontier06110: tasks 13451,13453,13456-13457,13475,13483: Terminated
srun: error: frontier05624: tasks 12325,12329,12331,12334,12341-12342,12354-12355,12357-12358,12363,12371: Terminated
srun: error: frontier02043: tasks 3143,3147-3148,3153,3156-3157,3159,3167,3171-3172,3179-3180,3183-3184,3191: Terminated
srun: error: frontier05620: tasks 12209,12211,12216,12221,12223,12225,12229,12233,12235,12238,12240,12243,12247,12249,12251,12253,12259,12263: Terminated
srun: error: frontier03179: tasks 7955,7959,7961-7963,7968-7969,7972-7974,7979,7981,7989,7991-7993,7995,7997-7998,8001-8004: Terminated
srun: error: frontier04198: tasks 10029-10030,10033,10035,10037-10038,10041,10043,10045-10046,10049,10051,10056-10059,10061,10064,10067,10069,10071,10073,10077-10078: Terminated
srun: error: frontier04478: tasks 10697,10705-10707,10709-10711,10715,10717,10719-10722,10725-10727,10729-10731,10733,10735-10737,10739-10741,10743,10747,10749,10751: Terminated
srun: error: frontier02917: tasks 6670,6678,6684-6685,6687,6689,6692,6714: Terminated
srun: error: frontier02511: tasks 4257,4259,4261,4267,4269-4270,4275,4277-4279,4283,4285,4289,4294-4295,4297,4301,4303,4307: Terminated
srun: error: frontier02653: tasks 4931,4935,4944,4946,4951-4952,4963,4967,4977,4983: Terminated
srun: error: frontier02165: tasks 3529,3531,3533,3535,3537,3539-3543,3545,3547,3549,3551-3553,3555,3558,3561-3563,3565,3567-3569,3574,3576-3583: Terminated
srun: error: frontier02026: tasks 3035,3041,3051,3055,3057,3065,3073,3077-3078: Terminated
srun: error: frontier04325: tasks 10497,10505,10518,10521,10525-10526: Terminated
srun: error: frontier01133: tasks 1291,1304-1305,1310-1311,1319,1321,1328,1331,1342: Terminated
srun: error: frontier03710: tasks 9361,9379,9386-9387,9390,9402-9403: Terminated
srun: error: frontier01278: tasks 2016-2020,2022-2024,2026,2028-2029,2032,2035-2038,2040,2042-2045,2047-2050,2053-2054,2056,2059-2062,2064-2071: Terminated
srun: error: frontier07153: tasks 16913,16915,16917,16919-16921,16925,16929,16931,16933,16935-16937,16939,16945,16949,16953,16955,16957,16960,16962-16963,16965: Terminated
srun: error: frontier04096: tasks 9983-9984,9987,9993-9994,9997,10000-10001,10003,10006,10008-10009,10018,10021: Terminated
srun: error: frontier03577: tasks 8795,8797,8808,8825-8826,8832,8837,8847: Terminated
srun: error: frontier09418: tasks 28061,28065,28070,28073,28081,28085,28100-28101,28105: Terminated
srun: error: frontier02683: tasks 5337,5340-5341,5344-5345,5356,5359,5361-5362,5366,5371: Terminated
srun: error: frontier00225: tasks 531-532,535,537,550: Terminated
srun: error: frontier03144: tasks 7392-7394,7396,7401,7403,7406,7409,7411,7413,7415,7417,7420-7421,7425,7427,7429,7434-7436,7439,7441-7442: Terminated
srun: error: frontier00098: tasks 57,59,63,67-69,71,76,78,81,83-84,89,91-95,97,99-100,103,105,109: Terminated
srun: error: frontier04733: tasks 11045,11059,11067,11069-11070,11073,11077,11087: Terminated
srun: error: frontier01265: tasks 1849-1855,1857,1859-1865,1867-1868,1870-1876,1878-1880,1882-1883,1885-1888,1890-1891,1893,1895-1897,1900-1903: Terminated
srun: error: frontier07286: tasks 17474-17475,17480,17485,17493,17495-17496,17498,17511,17522,17527: Terminated
srun: error: frontier08798: tasks 24925,24927,24930-24931,24935,24939,24943,24945-24947,24949,24951,24953-24957,24965,24967,24969,24971,24975: Terminated
srun: error: frontier08906: tasks 25592-25593,25595,25597-25598,25600-25602,25604-25605,25607-25609,25611-25621,25623-25635,25638-25647: Terminated
srun: error: frontier06143: tasks 14114,14131,14136,14139-14141,14147,14154,14159,14163,14165: Terminated
srun: error: frontier02916: tasks 6608,6611,6614-6615,6624,6627,6629,6631,6637-6639,6647,6651,6653,6656,6663: Terminated
srun: error: frontier02175: tasks 3641,3645,3647,3653,3655-3656,3663,3665-3666,3677,3679,3681,3684,3689: Terminated
srun: error: frontier01650: tasks 2475,2479,2486,2491,2495,2497,2503-2504,2513-2514,2516-2518: Terminated
srun: error: frontier08674: tasks 24083,24085,24087,24090,24093,24098-24099,24106,24109,24111,24116,24119,24121,24125,24127,24129-24131,24133-24134: Terminated
srun: error: frontier03150: tasks 7510-7511,7520,7557: Terminated
srun: error: frontier02408: tasks 3871-3872,3876,3878,3881,3885,3893,3897,3904,3909,3912,3915: Terminated
srun: error: frontier00370: tasks 1069,1071,1073,1077-1078,1088,1091,1093,1097,1105,1113,1115: Terminated
srun: error: frontier02302: tasks 3697,3699,3704-3706,3712,3719,3724,3729-3730,3733,3735,3737,3739-3741,3743-3744,3747,3751: Terminated
srun: error: frontier02900: tasks 6220,6230,6232-6233,6235,6239,6241,6243,6245-6246,6251,6254,6257,6260,6264-6265,6267: Terminated
srun: error: frontier05738: tasks 12545,12549,12553,12555,12560-12561,12564-12565,12567-12568,12572,12575-12577,12579,12582-12583,12587-12588,12590-12592,12595-12596,12598: Terminated
srun: error: frontier01534: tasks 2299,2301-2303,2305,2308,2310-2311,2315-2316,2318-2319,2323,2331,2333,2337,2339,2341,2344-2345,2347,2349: Terminated
srun: error: frontier01277: tasks 1961,1964,1973,1975,1995-1996,2001,2009,2012: Terminated
srun: error: frontier08670: tasks 23857,23862-23863,23869,23877,23901,23907,23911: Terminated
srun: error: frontier01649: tasks 2423,2425,2429-2431,2435,2437-2439,2441,2443,2445,2447,2449,2451,2453,2457,2459-2461,2463: Terminated
srun: error: frontier06779: tasks 15637,15650,15671-15672: Terminated
srun: error: frontier00227: tasks 563,566,569,571,575,579,581,583,591,595-596,598-600,603-604,606,608-609,615: Terminated
srun: error: frontier02905: tasks 6419,6421,6429-6430: Terminated
srun: error: frontier09419: tasks 28115,28123-28125,28129,28137,28150,28165: Terminated
srun: error: frontier03291: tasks 8233,8235,8237,8241,8245,8249,8251,8253,8259,8269,8271,8275,8277-8279,8283,8285,8287: Terminated
srun: error: frontier08801: tasks 25032-25073,25075-25076,25078-25081,25083-25087: Terminated
srun: error: frontier09028: tasks 26320-26323,26325-26335,26338,26341-26347,26349-26361,26363-26375: Terminated
srun: error: frontier09300: tasks 27720-27736,27738,27740-27744,27746-27751,27753,27755-27762,27764,27766,27771-27775: Terminated
srun: error: frontier01139: tasks 1400,1402-1408,1410-1412,1418,1420-1424,1426,1428,1431,1434,1438-1440,1442,1446-1448,1450,1453: Terminated
srun: error: frontier02679: tasks 5152-5168,5170-5181,5183-5186,5188-5190,5192-5207: Terminated
srun: error: frontier09026: tasks 26208-26211,26216,26218,26221,26223-26226,26228,26230,26232,26236-26238,26240-26242,26244-26245,26247-26248,26250,26252,26254,26257-26258,26261,26263: Terminated
srun: error: frontier09159: tasks 26880-26892,26894,26896,26899-26903,26906-26911,26914-26918,26920-26925,26927-26929,26931-26935: Terminated
srun: error: frontier05484: tasks 11928,11930-11936,11938-11939,11942-11950,11952,11954-11960,11962-11968,11970-11982: Terminated
srun: error: frontier00102: tasks 168,170-180,182-188,191-207,210,212-219,221-223: Terminated
srun: error: frontier01280: tasks 2072-2116,2118,2120-2127: Terminated
srun: error: frontier02529: tasks 4594-4595,4597-4605,4608-4611,4613-4614,4616-4626,4628-4629,4631-4634,4636-4637,4639-4642,4644-4647: Terminated
srun: error: frontier08907: tasks 25648-25654,25656-25676,25678,25680,25682-25688,25690-25696,25698-25703: Terminated
srun: error: frontier03038: tasks 7000-7002,7004-7008,7010-7016,7018-7032,7034-7038,7040-7046,7049-7055: Terminated
srun: error: frontier06650: tasks 15129-15130,15134,15136-15138,15140,15142-15143,15148,15150,15156,15158-15160,15162-15163,15168,15171-15172,15174: Terminated
srun: error: frontier08136: tasks 20720,20722,20724,20726-20728,20730,20732,20734-20736,20738-20739,20742,20744,20746-20748,20750,20752,20754,20760,20762,20764-20766,20768,20770,20772-20774: Terminated
srun: error: frontier08526: tasks 23240-23274,23276-23290,23292,23294-23295: Terminated
srun: error: frontier03578: tasks 8848,8850,8852-8861,8863-8864,8866-8868,8871,8873-8879,8882-8884,8887-8901: Terminated
srun: error: frontier03156: tasks 7672,7674-7676,7678-7684,7686-7697,7699-7706,7708-7712,7714-7717,7719-7722,7724-7727: Terminated
srun: error: frontier07667: tasks 18200-18208,18210-18212,18215-18220,18222-18226,18228,18230-18231,18233-18244,18246-18247,18250,18252-18255: Terminated
srun: error: frontier08432: tasks 22568-22576,22578,22580-22586,22588,22590-22610,22612,22614-22621,22623: Terminated
srun: error: frontier02908: tasks 6440-6442,6448,6456,6463,6467-6468,6470,6489,6494: Terminated
srun: error: frontier07411: tasks 17640-17642,17644-17649,17651-17652,17654-17659,17661-17664,17666-17679,17681-17682,17684,17686-17688,17690,17692-17695: Terminated
srun: error: frontier06008: tasks 13217-13222,13224,13227-13228,13230-13231,13234-13238,13240,13242,13244,13246,13248,13256,13258,13260-13261,13265-13266,13268,13270: Terminated
srun: error: frontier06013: tasks 13272-13280,13282-13296,13298-13306,13308-13310,13312-13320,13322,13324-13327: Terminated
srun: error: frontier03152: tasks 7616-7634,7636-7648,7650-7656,7658-7662,7664-7671: Terminated
srun: error: frontier05223: tasks 11368-11374,11376-11380,11382,11384-11386,11388,11390-11392,11394-11396,11398-11401,11403,11405,11408,11410-11411,11414-11415,11418,11420-11421: Terminated
srun: error: frontier07801: tasks 18816,18818,18820,18822,18824-18825,18828-18832,18834-18835,18837,18839-18844,18846-18848,18852-18853,18855,18858,18865-18866,18868,18870-18871: Terminated
srun: error: frontier01909: tasks 2688,2690-2693,2695-2698,2700-2704,2706-2709,2711-2716,2720-2724,2726-2738,2740-2743: Terminated
srun: error: frontier02681: tasks 5208,5210,5212,5215,5218,5222-5223,5225-5226,5230-5231,5238,5247,5249,5260: Terminated
srun: error: frontier06781: tasks 15736-15740,15742,15744,15746,15748-15753,15756-15758,15760-15770,15773-15776,15778,15780-15785,15788-15789: Terminated
srun: error: frontier06903: tasks 16408-16410,16412,16414-16416,16418-16420,16424,16426,16428-16429,16431-16432,16434,16436-16442,16444-16446,16448-16450,16452-16455,16458,16460,16462: Terminated
srun: error: frontier00121: tasks 280,292,304,306,313,318,327-328: Terminated
srun: error: frontier04206: tasks 10136-10166,10168-10172,10174,10176-10180,10182-10191: Terminated
srun: error: frontier08782: tasks 24416-24418,24420-24421,24423-24424,24426-24427,24429-24430,24432-24433,24435-24436,24438-24441,24443,24445-24446,24448-24450,24453,24456-24459,24461-24462,24464-24467,24470-24471: Terminated
srun: error: frontier02157: tasks 3360-3370,3372-3378,3380,3382,3384-3386,3388-3393,3395-3396,3398,3400,3402,3405,3407-3408,3410-3415: Terminated
srun: error: frontier08784: tasks 24528-24530,24532-24536,24538-24540,24542-24544,24546,24548,24550,24552,24554-24556,24558-24560,24562,24564,24566-24570,24577-24578,24580-24582: Terminated
srun: error: frontier08274: tasks 21336-21338,21340,21342-21344,21346-21348,21351,21354,21356-21360,21362-21364,21367,21369-21372,21374-21376,21378-21381,21384-21388,21390-21391: Terminated
srun: error: frontier09434: tasks 28229,28231,28234,28242-28243,28246,28250,28256,28260,28269,28271-28272,28274-28275,28277-28278: Terminated
srun: error: frontier09160: tasks 26936-26937,26939-26956,26958,26960-26991: Terminated
srun: error: frontier08137: tasks 20776-20790,20792-20807,20809-20820,20822,20824-20830: Terminated
srun: error: frontier03157: tasks 7728-7738,7740-7752,7754-7766,7768,7770-7781,7783: Terminated
srun: error: frontier07926: tasks 19488,19490-19496,19498-19529,19531-19543: Terminated
srun: error: frontier02424: tasks 3976,3978-3983,3986,3991-3992,3994,3997,4000-4002,4004-4010,4012-4013,4015-4016,4018,4021-4026,4028,4030-4031: Terminated
srun: error: frontier03579: tasks 8904,8906,8910-8917,8920,8922-8928,8930-8938,8940-8943,8945-8947,8949-8952,8955-8956,8958-8959: Terminated
srun: error: frontier08815: tasks 25144,25147-25152,25154-25161,25163-25167,25171,25173-25175,25179-25181,25183,25185,25187,25189-25193,25195-25199: Terminated
srun: error: frontier00364: tasks 898,900,902,904,906,908,912,914-916,919-920,922,924-925,932,934,936-940,942-944,946,948-950: Terminated
srun: error: frontier07155: tasks 17024-17032,17034-17056,17058,17060-17066,17068-17070,17072-17074,17076-17078: Terminated
srun: error: frontier07936: tasks 19544-19546,19548-19549,19552-19554,19556-19562,19564-19565,19568,19570,19572-19578,19580,19583-19584,19586-19588,19590-19591,19594-19596,19598-19599: Terminated
srun: error: frontier02909: tasks 6496,6498,6500-6502,6504,6506,6508-6509,6515,6521-6522,6524-6525,6534-6535,6537-6538,6546,6548-6551: Terminated
srun: error: frontier07412: tasks 17696-17704,17706,17708,17710-17717,17719-17720,17722,17724-17734,17736-17737,17739-17742,17744,17747-17751: Terminated
srun: error: frontier04216: tasks 10248-10255,10257-10261,10263-10265,10267-10268,10270-10272,10276-10278,10280,10282-10290,10292-10303: Terminated
srun: error: frontier01910: tasks 2744-2752,2755,2757,2760,2763,2768,2771-2773,2777,2779-2780,2791-2792,2795-2797: Terminated
srun: error: frontier09165: tasks 26992,26994-26998,27000-27008,27010,27012-27024,27026,27028-27047: Terminated
srun: error: frontier08525: tasks 23184,23186-23220,23222-23233,23235-23239: Terminated
srun: error: frontier02158: tasks 3417-3418,3420,3424,3426,3431-3433,3436,3448,3454,3456,3459,3470: Terminated
srun: error: frontier05235: tasks 11537-11538,11541,11545-11546,11549-11550,11552,11554,11556,11561-11568,11570-11571,11576,11578,11582,11586-11588: Terminated
srun: error: frontier05497: tasks 12096-12124,12126-12130,12132-12138,12140,12142,12145-12146,12148-12151: Terminated
srun: error: frontier07680: tasks 18316-18317,18319,18326,18332,18339,18341,18346,18351,18357,18360-18361,18363: Terminated
srun: error: frontier08670: tasks 23856,23858-23861,23864-23868,23870-23876,23878-23900,23902-23906,23908-23910: Terminated
srun: error: frontier08783: tasks 24472-24479,24481-24525,24527: Terminated
srun: error: frontier09030: tasks 26432-26434,26436-26438,26440,26442-26444,26446,26448-26450,26452-26454,26456-26458,26460,26462-26463,26468-26475,26477-26480,26482,26486-26487: Terminated
srun: error: frontier06904: tasks 16464,16466-16478,16480-16492,16494-16495,16497-16510,16512-16514,16516,16518-16519: Terminated
srun: error: frontier08671: tasks 23912-23914,23916-23919,23921-23923,23926,23928,23930,23932,23936,23938,23940,23943,23946,23948,23953,23956-23958,23962,23966: Terminated
srun: error: frontier06109: tasks 13384-13386,13388-13398,13400-13402,13404-13410,13412-13420,13422-13426,13428,13430-13432,13434-13435,13437: Terminated
srun: error: frontier09438: tasks 28280,28282-28285,28288-28290,28292,28294-28296,28298,28300,28303-28304,28306,28308,28311-28314,28316,28319-28324,28326-28327,28333-28334: Terminated
srun: error: frontier03158: tasks 7786,7788,7790,7792,7795-7796,7806-7807,7812,7816,7818,7820,7822-7824,7828,7836: Terminated
srun: error: frontier08142: tasks 20832,20834-20836,20838-20842,20844-20851,20853-20864,20866,20868-20871,20873-20876,20878,20880,20882-20887: Terminated
srun: error: frontier00122: tasks 336-348,350-352,354-356,358-362,364-372,374-382,384-387,389-391: Terminated
srun: error: frontier04207: tasks 10192-10194,10196-10210,10212,10214-10220,10222-10230,10232-10234,10236-10238,10240-10244,10246-10247: Terminated
srun: error: frontier06782: tasks 15792-15818,15820,15822-15847: Terminated
srun: error: frontier06784: tasks 15904-15916,15918-15926,15928-15950,15952,15954,15956-15958: Terminated
srun: error: frontier03045: tasks 7112,7114-7136,7138-7154,7156-7157,7159,7161-7163,7165-7167: Terminated
srun: error: frontier03961: tasks 9632-9642,9644-9646,9648-9656,9659-9664,9666-9670,9672-9674,9676-9682,9684-9686: Terminated
srun: error: frontier05757: tasks 12712-12713,12715-12725,12727-12732,12734-12738,12740-12750,12752-12753,12755-12758,12760,12762-12766: Terminated
srun: error: frontier04217: tasks 10304,10306-10308,10310,10314,10316-10318,10320-10326,10328,10330-10333,10335-10336,10338-10340,10342-10343,10345-10351,10354-10359: Terminated
srun: error: frontier09166: tasks 27048-27050,27052-27054,27056-27058,27060,27062-27066,27068-27069,27071-27072,27074,27076-27078,27080-27088,27090-27094,27097-27099,27102: Terminated
srun: error: frontier06141: tasks 14006-14007,14011,14015-14016,14029,14045: Terminated
srun: error: frontier08061: tasks 20272-20274,20276-20278,20280-20282,20285-20286,20288-20290,20292-20298,20301-20309,20311-20312,20314,20316,20318-20320,20324,20326: Terminated
srun: error: frontier07161: tasks 17192,17194,17196-17200,17204-17205,17207-17208,17212,17214-17216,17218-17222,17224-17228,17230,17232,17234-17238,17240,17242,17244: Terminated
srun: error: frontier07413: tasks 17752-17768,17770-17796,17798,17800,17802-17807: Terminated
srun: error: frontier03054: tasks 7224-7225,7227,7229-7233,7237,7239-7244,7248,7252-7255,7257,7259,7262,7265,7267-7268,7271-7272,7275-7277,7279: Terminated
srun: error: frontier05611: tasks 12152,12154-12157,12159,12162,12164-12165,12167-12178,12180,12182-12184,12186,12188-12194,12198-12200,12202-12204: Terminated
srun: error: frontier06400: tasks 14672,14674-14680,14682-14685,14687-14692,14694-14702,14704,14706,14708-14712,14714-14720,14722-14727: Terminated
srun: error: frontier08786: tasks 24640,24643,24645-24646,24649-24655,24657,24659-24662,24666-24670,24672,24674-24680,24683-24686,24691-24694: Terminated
srun: error: frontier00368: tasks 952-954,956-958,960,962-974,976-995,997-1006: Terminated
srun: error: frontier08399: tasks 22120,22122,22126-22129,22131,22133-22136,22138,22140-22145,22149-22163,22165-22174: Terminated
srun: error: frontier03582: tasks 9072-9073,9076,9078,9080,9084,9086-9087,9089-9093,9095-9098,9102-9103,9105,9107-9112,9114,9117-9119,9121-9122,9125-9127: Terminated
srun: error: frontier08276: tasks 21448,21450-21456,21458,21460,21462-21474,21476-21482,21484-21485,21487-21492,21494-21500,21503: Terminated
srun: error: frontier01143: tasks 1624-1626,1628,1630-1646,1648-1677,1679: Terminated
srun: error: frontier05236: tasks 11592-11594,11596-11602,11604-11608,11610,11613-11616,11618-11622,11624-11626,11628,11630,11632,11634-11635,11640,11642-11644,11646: Terminated
srun: error: frontier06653: tasks 15232-15234,15236-15250,15252-15258,15260-15280,15282,15284-15286: Terminated
srun: error: frontier01917: tasks 2800,2802-2816,2818-2825,2827-2848,2850-2851,2853-2854: Terminated
srun: error: frontier08918: tasks 25816,25818-25820,25822-25824,25826-25832,25834-25837,25839-25852,25856,25858,25860-25861,25863-25866,25868-25871: Terminated
srun: error: frontier03304: tasks 8400-8412,8414,8416-8422,8424-8431,8433-8434,8436-8438,8440-8442,8444-8446,8448,8450-8452,8455: Terminated
srun: error: frontier08672: tasks 23968,23970-24000,24002-24023: Terminated
srun: error: frontier02803: tasks 5992-5994,5996-6000,6002-6006,6008,6010,6012-6016,6018-6020,6023-6028,6030-6038,6040-6047: Terminated
srun: error: frontier08146: tasks 20888,20890,20892-20896,20898-20900,20903-20906,20908-20913,20915,20917-20926,20928-20930,20932,20935-20936,20938,20941-20942: Terminated
srun: error: frontier00127: tasks 392-403,405-409,411-414,416-418,420-424,426,428-434,436,438,440,442-447: Terminated
srun: error: frontier08289: tasks 21560-21572,21574-21578,21580-21582,21584-21591,21593-21596,21598,21600-21604,21606-21614: Terminated
srun: error: frontier08549: tasks 23408-23417,23419-23422,23424-23425,23427-23432,23434,23436-23459,23461-23463: Terminated
srun: error: frontier06887: tasks 15960-15967,15969-15975,15977-15989,15991-15996,15998-16002,16004-16005,16007-16015: Terminated
srun: error: frontier02683: tasks 5320-5336,5338-5339,5342-5343,5346-5355,5357-5358,5360,5363-5365,5367-5370,5372-5375: Terminated
srun: error: frontier03314: tasks 8512-8526,8528,8530-8542,8544-8549,8551-8567: Terminated
srun: error: frontier08922: tasks 25928,25930,25932,25934-25936,25938,25940-25942,25944,25946,25948,25950,25954,25956-25958,25961-25968,25970-25972,25974,25977-25979,25981: Terminated
srun: error: frontier07766: tasks 18368,18370-18374,18376-18396,18398-18412,18414-18423: Terminated
srun: error: frontier07418: tasks 17808,17810,17812-17816,17818-17820,17822-17823,17825-17830,17832-17836,17838-17842,17844-17850,17852-17856,17858,17860-17863: Terminated
srun: error: frontier08900: tasks 25256,25258-25262,25264-25278,25282,25284-25286,25288-25298,25300-25305,25307-25308,25310-25311: Terminated
srun: error: frontier06110: tasks 13440-13450,13452,13454-13455,13458-13474,13476-13482,13484-13495: Terminated
srun: error: frontier07157: tasks 17136-17138,17140-17144,17146-17152,17155-17164,17168-17169,17171-17173,17176-17182,17185-17186,17191: Terminated
srun: error: frontier05873: tasks 12880-12894,12896-12904,12906,12908-12912,12914-12935: Terminated
srun: error: frontier04219: tasks 10360-10370,10372-10380,10382-10384,10386,10388,10390-10392,10394,10396,10399-10402,10407-10408,10410,10412-10415: Terminated
srun: error: frontier08673: tasks 24026,24032,24045-24046,24048,24050,24054,24056,24060,24062-24066,24068-24070,24072,24074,24077-24078: Terminated
srun: error: frontier08518: tasks 22792-22794,22796,22798-22814,22816-22819,22821-22823,22825-22826,22828,22830-22831,22833-22835,22837-22839,22841-22847: Terminated
srun: error: frontier06142: tasks 14056,14058-14062,14065-14075,14078-14080,14082,14084-14090,14092-14096,14098,14100-14111: Terminated
srun: error: frontier05620: tasks 12208,12210,12212-12215,12217-12220,12222,12224,12226-12228,12230-12232,12234,12236-12237,12239,12241-12242,12244-12246,12248,12250,12252,12254-12258,12260-12262: Terminated
srun: error: frontier08028: tasks 19768,19770-19772,19774-19787,19789-19792,19794-19796,19798-19800,19802,19804-19808,19810,19813-19816,19818,19822: Terminated
srun: error: frontier07259: tasks 17248,17250-17252,17254,17256-17257,17260,17264,17266,17268-17276,17278-17286,17289-17296,17298,17300,17302: Terminated
srun: error: frontier02916: tasks 6609-6610,6612-6613,6616-6623,6625-6626,6628,6630,6632-6636,6640-6646,6648-6650,6652,6654-6655,6657-6662: Terminated
srun: error: frontier02165: tasks 3528,3530,3532,3534,3536,3538,3544,3546,3548,3550,3554,3556-3557,3559-3560,3564,3566,3570-3573,3575: Terminated
srun: error: frontier03583: tasks 9130-9134,9136,9138,9142,9144-9145,9147,9154-9156,9158,9163,9166-9167,9170,9173,9177,9179-9180,9182: Terminated
srun: error: frontier02685: tasks 5376,5378-5384,5386-5389,5391-5400,5402-5404,5406,5408-5412,5414-5416,5418-5430: Terminated
srun: error: frontier08294: tasks 21616-21630,21632-21638,21640,21642-21656,21658,21660-21664,21666-21671: Terminated
srun: error: frontier02897: tasks 6048-6066,6068-6080,6082,6085-6101,6103: Terminated
srun: error: frontier07903: tasks 19096-19098,19100-19122,19124-19126,19128,19130-19131,19133-19137,19139-19140,19142-19149,19151: Terminated
srun: error: frontier03173: tasks 7896-7902,7904-7910,7912,7914-7924,7926-7928,7930,7932-7936,7938,7940-7950: Terminated
srun: error: frontier05874: tasks 12938-12939,12949,12951,12955,12957,12963-12965,12971,12973,12975,12978-12979,12981,12984,12987: Terminated
srun: error: frontier06756: tasks 15346,15348,15351-15354,15356,15360,15362,15364,15366-15371,15374-15376,15378,15380,15382,15385,15388,15391,15394,15397-15399: Terminated
srun: error: frontier04864: tasks 11088,11090,11094-11096,11098,11100-11104,11106-11117,11120,11122-11124,11126-11129,11134,11136-11138,11140,11142: Terminated
srun: error: frontier05623: tasks 12264-12274,12276-12280,12282,12284,12286-12298,12300,12302-12304,12306-12310,12312-12319: Terminated
srun: error: frontier01534: tasks 2296-2298,2300,2304,2306-2307,2309,2312-2314,2317,2320-2322,2324-2330,2332,2334-2336,2338,2340,2342-2343,2346,2348,2350-2351: Terminated
srun: error: frontier10174: tasks 28504,28506,28508-28516,28518-28520,28522,28524,28526,28528,28530,28533,28541,28543-28544,28546,28548,28550,28552,28554,28557: Terminated
srun: error: frontier08027: tasks 19712,19714-19716,19719-19720,19722,19724,19726-19730,19732,19734-19742,19744,19746,19748-19749,19751-19752,19754,19756-19759,19761-19767: Terminated
srun: error: frontier06910: tasks 16632,16634-16638,16640,16642,16646,16649-16650,16653,16655-16656,16658,16662,16664,16669,16671-16674,16676-16677,16682-16683,16685-16686: Terminated
srun: error: frontier04090: tasks 9857-9862,9864,9866,9868-9869,9872,9874,9876,9878-9880,9882,9884,9886,9888,9892,9896,9898,9902,9905,9908,9910: Terminated
srun: error: frontier03143: tasks 7336-7342,7344-7347,7350-7354,7357,7359-7360,7362-7369,7371-7372,7374-7377,7379-7383,7385-7388,7390-7391: Terminated
srun: error: frontier02917: tasks 6664-6669,6671-6677,6679-6683,6686,6688,6690-6691,6693-6713,6715-6719: Terminated
srun: error: frontier02778: tasks 5488,5490,5492-5500,5502-5511,5513-5516,5518-5523,5525-5526,5528-5533,5535-5543: Terminated
srun: error: frontier03584: tasks 9184,9186-9188,9190,9192-9196,9200,9202,9204-9205,9207-9208,9210,9212-9215,9218,9221-9224,9226-9228,9230,9232-9234,9237: Terminated
srun: error: frontier00370: tasks 1064-1068,1070,1072,1074-1076,1079-1087,1089-1090,1092,1094-1096,1098-1104,1106-1112,1114,1116-1119: Terminated
srun: error: frontier02930: tasks 6776,6778,6780,6782,6784,6786,6788-6790,6794,6800,6802-6810,6813-6816,6818,6820,6822,6824,6826,6828: Terminated
srun: error: frontier06266: tasks 14224-14234,14236-14240,14244-14258,14260-14261,14263-14264,14268-14270,14272,14274-14279: Terminated
srun: error: frontier02511: tasks 4256,4258,4260,4262-4266,4268,4271-4274,4276,4280-4282,4284,4286-4288,4290-4293,4296,4298-4300,4302,4304-4306,4308-4311: Terminated
srun: error: frontier06143: tasks 14112-14113,14115-14130,14132-14135,14137-14138,14142-14146,14148-14153,14155-14158,14160-14162,14164,14166-14167: Terminated
srun: error: frontier02898: tasks 6104-6110,6112,6114-6118,6120,6122-6126,6128-6138,6140-6142,6144-6146,6149-6150,6152,6154-6158: Terminated
srun: error: frontier06761: tasks 15400,15402,15404,15407,15410,15412,15415,15419-15420,15424,15426,15432,15436,15440,15444,15449-15450,15452: Terminated
srun: error: frontier04733: tasks 11032-11044,11046-11058,11060-11066,11068,11071-11072,11074-11076,11078-11086: Terminated
srun: error: frontier03179: tasks 7952-7954,7956-7958,7960,7964-7967,7970-7971,7975-7978,7980,7982-7988,7990,7994,7996,7999-8000,8005-8007: Terminated
srun: error: frontier08677: tasks 24192,24194-24204,24207,24210,24212-24213,24216,24218-24223,24226-24228,24230-24232,24234,24236,24241-24242,24244,24246: Terminated
srun: error: frontier07027: tasks 16744,16746-16756,16758,16760,16762-16764,16766,16768-16771,16773-16774,16776-16778,16780-16784,16786-16799: Terminated
srun: error: frontier07783: tasks 18592-18596,18598-18604,18606-18614,18618-18626,18628,18630-18644,18646-18647: Terminated
srun: error: frontier02026: tasks 3024-3034,3036-3040,3042-3050,3052-3054,3056,3058-3064,3066-3072,3074-3076,3079: Terminated
srun: error: frontier02779: tasks 5544,5552,5554,5560,5564-5565,5571-5572,5578,5589-5591,5599: Terminated
srun: error: frontier08674: tasks 24080-24082,24084,24086,24088-24089,24091-24092,24094-24097,24100-24105,24107-24108,24110,24112-24115,24117-24118,24120,24122-24124,24126,24128,24132,24135: Terminated
srun: error: frontier04978: tasks 11144-11157,11159,11161-11176,11178-11179,11183-11184,11186-11199: Terminated
srun: error: frontier09023: tasks 26040,26042-26043,26045-26066,26069-26083,26085-26088,26090-26095: Terminated
srun: error: frontier04325: tasks 10472-10496,10498-10504,10506-10517,10519-10520,10522-10524,10527: Terminated
srun: error: frontier05624: tasks 12320-12324,12326-12328,12330,12332-12333,12335-12340,12343-12353,12356,12359-12362,12364-12370,12372-12375: Terminated
srun: error: frontier08421: tasks 22288,22290-22292,22297-22298,22301,22305,22308,22310,22312-22314,22316,22318,22320,22322,22324,22326-22328,22330-22337,22339-22343: Terminated
srun: error: frontier07265: tasks 17360-17369,17372,17375-17380,17382-17388,17390,17392-17394,17397-17401,17403-17404,17407-17408,17410,17412-17415: Terminated
srun: error: frontier02652: tasks 4872,4874-4876,4878-4882,4884-4896,4898-4900,4902-4919,4921-4924,4926: Terminated
srun: error: frontier03144: tasks 7395,7397-7400,7402,7404-7405,7407-7408,7410,7412,7414,7416,7418-7419,7422-7424,7426,7428,7430-7433,7437-7438,7440,7443-7447: Terminated
srun: error: frontier07538: tasks 18032,18034-18038,18040-18046,18048,18050,18052-18056,18058-18062,18064-18065,18067-18069,18071,18073-18074,18076,18078-18079,18081-18082,18086-18087: Terminated
srun: error: frontier01650: tasks 2464-2474,2476-2478,2480-2485,2487-2490,2492-2494,2496,2498-2502,2505-2512,2515,2519: Terminated
srun: error: frontier01151: tasks 1792-1802,1804-1805,1807-1808,1810-1830,1832-1836,1838,1840,1842-1844,1846-1847: Terminated
srun: error: frontier02175: tasks 3640,3642-3644,3646,3648-3652,3654,3657-3662,3664,3667-3676,3678,3680,3682-3683,3685-3688,3690-3695: Terminated
srun: error: frontier06518: tasks 14840-14858,14860,14862-14890,14892-14895: Terminated
srun: error: frontier04982: tasks 11200,11202-11204,11206-11210,11212-11214,11216,11218-11222,11224,11226,11228,11230,11234,11236-11238,11240,11244-11247,11250,11252,11254-11255: Terminated
srun: error: frontier00227: tasks 560-562,564-565,567-568,570,572-574,576-578,580,582,584-590,592-594,597,601-602,605,607,610-614: Terminated
srun: error: frontier02783: tasks 5600-5604,5606-5610,5612,5614-5616,5618-5620,5622-5634,5636-5644,5646,5648,5650-5654: Terminated
srun: error: frontier01649: tasks 2408-2422,2424,2426-2428,2432-2434,2436,2440,2442,2444,2446,2448,2450,2452,2454-2456,2458,2462: Terminated
srun: error: frontier02400: tasks 3752,3754-3778,3780-3782,3784-3804,3806-3807: Terminated
srun: error: frontier02653: tasks 4928-4930,4932-4934,4936-4943,4945,4947-4950,4953-4962,4964-4966,4968-4976,4978-4982: Terminated
srun: error: frontier08678: tasks 24248-24260,24262-24272,24274-24280,24282,24284-24288,24290-24303: Terminated
srun: error: frontier06119: tasks 13720-13722,13724-13726,13728-13732,13734-13736,13738-13744,13746,13748-13750,13752-13756,13758-13760,13762-13765,13769,13771-13772,13774: Terminated
srun: error: frontier03146: tasks 7448-7456,7458-7460,7462-7466,7468-7476,7478-7484,7486-7494,7496,7498-7503: Terminated
srun: error: frontier09416: tasks 28000-28008,28010-28012,28014-28026,28028-28034,28036,28038-28040,28042-28048,28050-28055: Terminated
srun: error: frontier08132: tasks 20496-20506,20508,20511-20512,20514-20516,20518,20520-20522,20524,20526-20527,20530-20535,20538-20544,20546-20550: Terminated
srun: error: frontier07285: tasks 17416,17418,17422,17425-17426,17430,17434,17436,17442,17446-17447,17452,17454-17456,17460-17462,17464-17466,17468,17470: Terminated
srun: error: frontier01265: tasks 1848,1856,1858,1866,1869,1877,1881,1884,1889,1892,1894,1898-1899: Terminated
srun: error: frontier09024: tasks 26096,26098-26100,26102-26124,26126-26132,26134-26138,26140-26141,26143-26146,26148-26151: Terminated
srun: error: frontier02656: tasks 5040,5042-5046,5048,5050-5052,5054,5056-5062,5064,5066-5072,5074-5078,5080-5084,5086,5088-5092,5094-5095: Terminated
srun: error: frontier08422: tasks 22344-22346,22349-22358,22360,22362,22364-22378,22382-22394,22397-22398: Terminated
srun: error: frontier02516: tasks 4368,4370-4376,4378-4386,4388-4392,4394,4396-4398,4400-4402,4404-4410,4412-4416,4418,4420-4423: Terminated
srun: error: frontier05247: tasks 11816-11824,11826,11828-11830,11832-11848,11850-11852,11854-11856,11858-11860,11862-11864,11866-11871: Terminated
srun: error: frontier07550: tasks 18089,18091,18096,18100,18104,18109-18110,18112,18115,18117-18118,18123,18125-18126,18133-18134,18139,18141: Terminated
srun: error: frontier07536: tasks 17976-17996,17998-18000,18002,18004-18008,18010,18012-18031: Terminated
srun: error: frontier02302: tasks 3696,3698,3700-3703,3707-3711,3713-3718,3720-3723,3725-3728,3731-3732,3734,3736,3738,3742,3745-3746,3748-3750: Terminated
srun: error: frontier04096: tasks 9968-9982,9985-9986,9988-9992,9995-9996,9998-9999,10002,10004-10005,10007,10010-10017,10019-10020,10022-10023: Terminated
srun: error: frontier10176: tasks 28616,28618,28620-28628,28630-28632,28634,28636-28638,28640-28642,28645-28648,28650-28658,28661-28666,28668-28670: Terminated
srun: error: frontier01133: tasks 1288-1290,1292-1303,1306-1309,1312-1318,1320,1322-1327,1329-1330,1332-1341,1343: Terminated
srun: error: frontier02043: tasks 3136-3142,3144-3146,3149-3152,3154-3155,3158,3160-3166,3168-3170,3173-3178,3181-3182,3185-3190: Terminated
srun: error: frontier08905: tasks 25537-25538,25540-25541,25544,25546,25548-25549,25554-25555,25557-25558,25560-25561,25563,25565,25567-25568,25573,25575-25577,25579,25583-25584,25589-25591: Terminated
srun: error: frontier02900: tasks 6216-6219,6221-6229,6231,6234,6236-6238,6240,6242,6244,6247-6250,6252-6253,6255-6256,6258-6259,6261-6263,6266,6268-6271: Terminated
srun: error: frontier02784: tasks 5656,5658,5671-5672,5682,5696,5702,5708: Terminated
srun: error: frontier06118: tasks 13664,13666,13668,13670-13678,13680-13694,13696,13698-13700,13702-13704,13706,13708-13719: Terminated
srun: error: frontier02401: tasks 3808-3842,3844,3846-3855,3857-3863: Terminated
srun: error: frontier08301: tasks 21784,21786-21792,21794,21796-21806,21808-21812,21814-21816,21818-21820,21822-21839: Terminated
srun: error: frontier09177: tasks 27384-27387,27390,27392,27395-27402,27404-27415,27417-27424,27426-27427,27429-27434,27436-27439: Terminated
srun: error: frontier00098: tasks 56,58,60-62,64-66,70,72-75,77,79-80,82,85-88,90,96,98,101-102,104,106-108,110-111: Terminated
srun: error: frontier03318: tasks 8736,8738-8752,8754-8764,8766-8770,8772,8774-8782,8784-8786,8788,8790: Terminated
srun: error: frontier06120: tasks 13776-13808,13810-13820,13823-13824,13826,13828-13831: Terminated
srun: error: frontier09418: tasks 28056-28060,28062-28064,28066-28069,28071-28072,28074-28080,28082-28084,28086-28099,28102-28104,28106-28111: Terminated
srun: error: frontier04198: tasks 10024-10028,10031-10032,10034,10036,10039-10040,10042,10044,10047-10048,10050,10052-10055,10060,10062-10063,10065-10066,10068,10070,10072,10074-10076,10079: Terminated
srun: error: frontier08133: tasks 20552-20554,20556-20580,20582-20590,20592-20596,20598-20603,20605,20607: Terminated
srun: error: frontier02665: tasks 5096-5102,5104-5106,5108-5112,5114-5132,5134-5144,5146,5148-5151: Terminated
srun: error: frontier04478: tasks 10696,10698-10704,10708,10712-10714,10716,10718,10723-10724,10728,10732,10734,10738,10742,10744-10746,10748,10750: Terminated
srun: error: frontier03037: tasks 6944-6946,6950,6952-6954,6957,6962,6964,6966,6968,6970,6972-6974,6978,6981-6982,6984,6986-6987,6994,6996: Terminated
srun: error: frontier05355: tasks 11872,11874-11890,11892-11895,11897-11906,11908-11917,11919-11925,11927: Terminated
srun: error: frontier08269: tasks 21224-21226,21228,21230-21232,21234,21236-21237,21239-21248,21250-21256,21258-21272,21274-21279: Terminated
srun: error: frontier01278: tasks 2021,2025,2027,2030-2031,2033-2034,2039,2041,2046,2051-2052,2055,2057-2058,2063: Terminated
srun: error: frontier07286: tasks 17472-17473,17476-17479,17481-17484,17486-17492,17494,17497,17499-17510,17512-17521,17523-17526: Terminated
srun: error: frontier05738: tasks 12544,12546-12548,12550-12552,12554,12556-12559,12562-12563,12566,12569-12571,12573-12574,12578,12580-12581,12584-12586,12589,12593-12594,12597,12599: Terminated
srun: error: frontier02150: tasks 3192-3210,3212-3218,3220-3226,3228-3232,3234-3240,3242,3244,3246-3247: Terminated
srun: error: frontier08798: tasks 24920-24924,24926,24928-24929,24932-24934,24936-24938,24940-24942,24944,24948,24950,24952,24958-24964,24966,24968,24970,24972-24974: Terminated
srun: error: frontier08667: tasks 23744-23750,23752-23756,23758,23760,23762-23766,23768-23770,23772-23776,23778,23780,23782-23796,23798-23799: Terminated
srun: error: frontier07551: tasks 18144-18160,18162-18176,18178-18190,18192,18194-18196,18198-18199: Terminated
srun: error: frontier03577: tasks 8792-8794,8796,8798-8807,8809-8824,8827-8831,8833-8836,8838-8846: Terminated
srun: error: frontier02408: tasks 3864-3870,3873-3875,3877,3879-3880,3882-3884,3886-3892,3894-3896,3898-3903,3905-3908,3910-3911,3913-3914,3916-3919: Terminated
srun: error: frontier07153: tasks 16912,16914,16916,16918,16922-16924,16926-16928,16930,16932,16934,16938,16940-16944,16946-16948,16950-16952,16954,16956,16958-16959,16961,16964,16966-16967: Terminated
srun: error: frontier02787: tasks 5712-5714,5716-5726,5728,5730-5734,5736-5758,5760,5762-5763,5765-5767: Terminated
srun: error: frontier06895: tasks 16240-16286,16288,16290-16293,16295: Terminated
srun: error: frontier00099: tasks 112-115,117-122,124-131,133-140,142-146,148,150-156,158,160-167: Terminated
srun: error: frontier01277: tasks 1960,1962-1963,1965-1972,1974,1976-1994,1997-2000,2002-2008,2010-2011,2013-2015: Terminated
srun: error: frontier06007: tasks 13160,13162,13164-13187,13189-13196,13198-13202,13204-13206,13208-13215: Terminated
srun: error: frontier03291: tasks 8232,8234,8236,8238-8240,8242-8244,8246-8248,8250,8252,8254-8258,8260-8268,8270,8272-8274,8276,8280-8282,8284,8286: Terminated
srun: error: frontier08684: tasks 24360,24362-24378,24380-24396,24398,24400-24404,24406-24408,24410-24415: Terminated
srun: Force Terminated StepId=5137550.96
[... 84 further lines matching: srun: error: frontier#: tasks #-#,#-#: Terminated ...]
[... 81 further lines matching: srun: error: frontier#: task #: Terminated ...]
[... 73 further lines matching: srun: error: frontier#: tasks #,#: Terminated ...]
[... 66 further lines matching: srun: error: frontier#: tasks #-#,#-#,#-#: Terminated ...]
[... 57 further lines matching: srun: error: frontier#: tasks #,#,#: Terminated ...]
[... 47 further lines matching: srun: error: frontier#: tasks #-#,#-#,#-#,#-#: Terminated ...]
[... 32 further lines matching: srun: error: frontier#: tasks #,#,#,#: Terminated ...]
[... 22 further lines matching: srun: error: frontier#: tasks #,#,#,#,#,#: Terminated ...]
[... 22 further lines matching: srun: error: frontier#: tasks #-#,#-#,#-#,#-#,#-#: Terminated ...]
[... 20 further lines matching: srun: error: frontier#: tasks #,#,#,#,#: Terminated ...]
[... 16 further lines matching: srun: error: frontier#: tasks #-#,#-#,#-#,#-#,#-#,#-#: Terminated ...]
[... 12 further lines matching: srun: error: frontier#: tasks #,#,#,#,#,#,#: Terminated ...]
[... 10 further lines matching: srun: error: frontier#: tasks #,#,#,#,#,#,#,#: Terminated ...]
[... 9 further lines matching: srun: error: frontier#: tasks #-#,#-#,#-#,#-#,#-#,#-#,#-#: Terminated ...]
[... 6 further lines matching: srun: error: frontier#: tasks #,#,#,#,#,#,#,#,#,#: Terminated ...]
[... 5 further lines matching: srun: error: frontier#: tasks #-#: Terminated ...]
[... 4 further lines matching: srun: error: frontier#: tasks #,#,#,#,#,#,#,#,#: Terminated ...]
[... 4 further lines matching: srun: error: frontier#: tasks #,#-#,#-#,#-#,#-#,#-#,#-#: Terminated ...]
[... 3 further lines matching: srun: error: frontier#: tasks #-#,#-#,#,#-#: Terminated ...]
[... 3 further lines matching: srun: error: frontier#: tasks #,#-#,#-#: Terminated ...]
[... 3 further lines matching: srun: error: frontier#: tasks #-#,#-#,#,#-#,#-#: Terminated ...]
[... 2 further lines matching: srun: error: frontier#: tasks #-#,#: Terminated ...]
[... 2 further lines matching: srun: error: frontier#: tasks #-#,#-#,#-#,#-#,#-#,#-#,#-#,#-#: Terminated ...]
[... 2 further lines matching: srun: error: frontier#: tasks #,#-#,#-#,#-#: Terminated ...]
[... 2 further lines matching: srun: error: frontier#: tasks #-#,#,#-#,#-#: Terminated ...]
[... 1 further lines matching: srun: error: frontier#: tasks #,#,#-#,#,#,#,#,#: Terminated ...]
[... 1 further lines matching: srun: error: frontier#: tasks #,#,#,#,#,#,#,#,#,#-#: Terminated ...]
[... 1 further lines matching: srun: error: frontier#: tasks #,#,#-#,#,#: Terminated ...]
[... 1 further lines matching: srun: error: frontier#: tasks #-#,#-#,#,#-#,#-#,#-#,#-#: Terminated ...]
[... 1 further lines matching: srun: error: frontier#: tasks #,#-#,#-#,#-#,#-#,#-#,#-#,#-#,#-#: Terminated ...]
[... 1 further lines matching: srun: error: frontier#: tasks #-#,#-#,#-#,#-#,#,#-#,#-#: Terminated ...]
[... 1 further lines matching: srun: error: frontier#: tasks #-#,#,#-#,#-#,#-#,#-#,#-#,#-#,#-#: Terminated ...]
[... 1 further lines matching: srun: error: frontier#: tasks #-#,#,#-#: Terminated ...]
[... 1 further lines matching: srun: error: frontier#: tasks #,#-#,#-#,#-#,#-#: Terminated ...]
[... 1 further lines matching: srun: error: frontier#: tasks #,#-#,#-#,#-#,#-#,#-#: Terminated ...]
[... 1 further lines matching: srun: error: frontier#: tasks #,#-#,#-#,#-#,#,#-#,#-#: Terminated ...]
[... 1 further lines matching: srun: error: frontier#: tasks #-#,#-#,#,#-#,#-#,#-#: Terminated ...]
[... 1 further lines matching: srun: error: frontier#: tasks #,#,#,#,#,#,#,#-#: Terminated ...]
[... 1 further lines matching: srun: error: frontier#: tasks #-#,#,#-#,#-#,#-#,#-#: Terminated ...]
Running frontier nodes=512 ranks_per_node=56 dist=hierarchical mode=fixed expected_us=100 max_upper_fanout=0
srun: Step created for StepId=5137550.97
RESULT distributor=hierarchical mode=fixed expected_us=100 nodes=512 world_size=28672 max_upper_fanout=0 total_tasks=8255760 elapsed_s=20.2492 throughput_tasks_per_s=407709
MPICH Notice [Rank 0] [job id 5137550.97] [Sun Aug  2 03:48:47 2026] [frontier00096] - Abort(0) (rank 0 in comm 0): application called MPI_Abort(MPI_COMM_WORLD, 0) - process 0
aborting job:
application called MPI_Abort(MPI_COMM_WORLD, 0) - process 0
srun: error: frontier00096: task 0: Exited with exit code 255
srun: Terminating StepId=5137550.97
[2026-08-02T03:48:51.137] error: *** STEP 5137550.97 ON frontier00096 CANCELLED AT 2026-08-02T03:48:51 DUE TO TASK FAILURE ***
srun: error: frontier04199: tasks 10097,10102: Terminated
srun: error: frontier05484: task 11936: Terminated
srun: error: frontier06780: tasks 15680-15735: Terminated
srun: error: frontier09159: tasks 26880-26935: Terminated
srun: error: frontier05746: tasks 12603,12615,12619,12625,12627,12631,12633,12639,12643,12645,12649,12655: Terminated
srun: error: frontier08395: tasks 21952-21992,21994-22007: Terminated
srun: error: frontier06650: tasks 15121,15128,15144,15160: Terminated
srun: error: frontier04199: tasks 10080-10096,10098-10101,10103-10135: Terminated
srun: error: frontier08395: task 21993: Terminated
srun: error: frontier05484: tasks 11928-11935,11937-11983: Terminated
srun: error: frontier03292: tasks 8299,8321,8337: Terminated
srun: error: frontier05746: tasks 12600-12602,12604-12614,12616-12618,12620-12624,12626,12628-12630,12632,12634-12638,12640-12642,12644,12646-12648,12650-12654: Terminated
srun: error: frontier07926: tasks 19496,19512,19520,19527,19536,19543: Terminated
srun: error: frontier02523: tasks 4558,4579,4588: Terminated
srun: error: frontier03579: tasks 8937,8939,8941,8945: Terminated
srun: error: frontier06650: tasks 15120,15122-15127,15129-15143,15145-15159,15161-15175: Terminated
srun: error: frontier05872: tasks 12825,12834,12840,12843,12845,12849,12856,12859,12865,12869,12871: Terminated
srun: error: frontier07790: tasks 18665,18669: Terminated
srun: error: frontier07806: tasks 18891,18905,18907,18912-18913,18923: Terminated
srun: error: frontier03292: tasks 8288-8298,8300-8320,8322-8336,8338-8343: Terminated
srun: error: frontier08147: tasks 20944-20945,20947-20953,20955-20957,20960,20962-20963,20965-20977,20979-20980,20982-20985,20987-20989,20993-20998: Terminated
srun: error: frontier08169: tasks 21011,21019,21023,21025,21041,21043,21045,21047,21053,21055: Terminated
srun: error: frontier04978: tasks 11147-11153,11155,11157-11163,11165,11167,11169-11174,11177-11179,11181-11187,11189-11197,11199: Terminated
srun: error: frontier06755: tasks 15291,15293-15295,15301-15303,15305,15307,15309,15313,15329,15331,15335,15337,15343: Terminated
srun: error: frontier04986: tasks 11281,11291,11295,11297,11307: Terminated
srun: error: frontier06761: tasks 15400-15421,15423-15424,15426-15432,15434-15455: Terminated
srun: error: frontier04726: tasks 10977,10983,10989,10991,10997,10999,11011,11013,11016-11017,11025,11027,11029,11031: Terminated
srun: error: frontier03037: tasks 6967,6975,6977,6979,6982,6987,6999: Terminated
srun: error: frontier03962: tasks 9697,9721,9727,9729,9737: Terminated
srun: error: frontier00380: tasks 1185,1191,1193,1195,1199,1201,1217,1225: Terminated
srun: error: frontier00348: tasks 785,787,790,793,797-798,800,805,811,813,817,819,821,823,829,833,837: Terminated
srun: error: frontier03579: tasks 8904-8936,8938,8940,8942-8944,8946-8959: Terminated
srun: error: frontier07926: tasks 19488-19495,19497-19511,19513-19519,19521-19526,19528-19535,19537-19542: Terminated
srun: error: frontier07806: tasks 18872-18890,18892-18904,18906,18908-18911,18914-18922,18924-18927: Terminated
srun: error: frontier05872: tasks 12824,12826-12833,12835-12839,12841-12842,12844,12846-12848,12850-12855,12857-12858,12860-12864,12866-12868,12870,12872-12879: Terminated
srun: error: frontier09035: tasks 26544-26551,26553-26582,26584-26598: Terminated
srun: error: frontier06755: tasks 15288-15290,15292,15296-15300,15304,15306,15308,15310-15312,15314-15328,15330,15332-15334,15336,15338-15342: Terminated
srun: error: frontier08147: tasks 20946,20954,20958-20959,20961,20964,20978,20981,20986,20990-20992,20999: Terminated
srun: error: frontier03962: tasks 9688-9696,9698-9720,9722-9726,9728,9730-9736,9738-9743: Terminated
srun: error: frontier04726: tasks 10976,10978-10982,10984-10988,10990,10992-10996,10998,11000-11010,11012,11014-11015,11018-11024,11026,11028,11030: Terminated
srun: error: frontier08169: tasks 21000-21010,21012-21018,21020-21022,21024,21026-21040,21042,21044,21046,21048-21052,21054: Terminated
srun: error: frontier04978: tasks 11144-11146,11154,11156,11164,11166,11168,11175-11176,11180,11188,11198: Terminated
srun: error: frontier00380: tasks 1176-1184,1186-1190,1192,1194,1196-1198,1200,1202-1216,1218-1224,1226-1231: Terminated
srun: error: frontier03032: tasks 6888-6930,6932,6934-6943: Terminated
srun: error: frontier04986: tasks 11256-11280,11282-11290,11292-11294,11296,11298-11306,11308-11311: Terminated
srun: error: frontier03037: tasks 6944-6966,6968-6974,6976,6978,6980-6981,6983-6986,6988-6998: Terminated
srun: error: frontier00348: tasks 784,786,788-789,791-792,794-796,799,801-804,806-810,812,814-816,818,820,822,824-828,830-832,834-836,838-839: Terminated
srun: Force Terminated StepId=5137550.97
[... 463 further lines matching: srun: error: frontier#: tasks #-#: Terminated ...]
[... 12 further lines matching: srun: error: frontier#: task #: Terminated ...]
[... 11 further lines matching: srun: error: frontier#: tasks #-#,#-#: Terminated ...]
[... 9 further lines matching: srun: error: frontier#: tasks #-#,#-#,#-#: Terminated ...]
[... 8 further lines matching: srun: error: frontier#: tasks #,#: Terminated ...]
[... 6 further lines matching: srun: error: frontier#: tasks #,#,#: Terminated ...]
[... 4 further lines matching: srun: error: frontier#: tasks #-#,#-#,#-#,#-#: Terminated ...]
[... 1 further lines matching: srun: error: frontier#: tasks #,#,#,#: Terminated ...]
Running frontier nodes=512 ranks_per_node=56 dist=hierarchical mode=fixed expected_us=1000 max_upper_fanout=0
srun: Step created for StepId=5137550.98
RESULT distributor=hierarchical mode=fixed expected_us=1000 nodes=512 world_size=28672 max_upper_fanout=0 total_tasks=6537424 elapsed_s=20.4218 throughput_tasks_per_s=320120
MPICH Notice [Rank 0] [job id 5137550.98] [Sun Aug  2 03:49:46 2026] [frontier00096] - Abort(0) (rank 0 in comm 0): application called MPI_Abort(MPI_COMM_WORLD, 0) - process 0
aborting job:
application called MPI_Abort(MPI_COMM_WORLD, 0) - process 0
srun: error: frontier00096: task 0: Exited with exit code 255
srun: Terminating StepId=5137550.98
[2026-08-02T03:49:50.942] error: *** STEP 5137550.98 ON frontier00096 CANCELLED AT 2026-08-02T03:49:50 DUE TO TASK FAILURE ***
srun: error: frontier04199: tasks 10101,10113,10117,10129,10131: Terminated
srun: error: frontier03038: task 7032: Terminated
srun: error: frontier02679: tasks 5152-5207: Terminated
srun: error: frontier04479: tasks 10757,10775,10784-10785,10787,10791,10794-10795,10798-10799,10803,10807: Terminated
srun: error: frontier08801: tasks 25032-25087: Terminated
srun: error: frontier04199: tasks 10080-10100,10102-10112,10114-10116,10118-10128,10130,10132-10135: Terminated
srun: error: frontier08432: tasks 22575,22577,22579,22585,22593,22599,22611,22619: Terminated
srun: error: frontier04479: tasks 10752-10756,10758-10774,10776-10783,10786,10788-10790,10792-10793,10796-10797,10800-10802,10804-10806: Terminated
srun: error: frontier03038: tasks 7000-7031,7033-7055: Terminated
srun: error: frontier00353: tasks 841,843,845,847,849,851,853,855-857,859,862-863,867,869,871-873,875-881,883,885,887-888,891,893,895: Terminated
srun: error: frontier03292: tasks 8291,8313,8315,8321,8323,8329,8331: Terminated
srun: error: frontier02523: task 4544: Terminated
srun: error: frontier03039: tasks 7078,7095-7096,7103: Terminated
srun: error: frontier00353: tasks 840,842,844,846,848,850,852,854,858,860-861,864-866,868,870,874,882,884,886,889-890,892,894: Terminated
srun: error: frontier09035: tasks 26544-26568,26570-26599: Terminated
srun: error: frontier08899: tasks 25223,25247: Terminated
srun: error: frontier07887: tasks 18951,18961: Terminated
srun: error: frontier08432: tasks 22568-22574,22576,22578,22580-22584,22586-22592,22594-22598,22600-22610,22612-22618,22620-22623: Terminated
srun: error: frontier03292: tasks 8288-8290,8292-8312,8314,8316-8320,8322,8324-8328,8330,8332-8343: Terminated
srun: error: frontier07903: tasks 19104,19143,19151: Terminated
srun: error: frontier01141: tasks 1537,1545,1549,1557,1559: Terminated
srun: error: frontier08437: tasks 22687,22709,22721: Terminated
srun: error: frontier03039: tasks 7056-7077,7079-7094,7097-7102,7104-7111: Terminated
srun: error: frontier04978: tasks 11144-11151,11155-11160,11162-11169,11171-11177,11179-11184,11186-11191,11193-11199: Terminated
srun: error: frontier05611: tasks 12167,12181,12187,12195: Terminated
srun: error: frontier02791: tasks 5889,5893,5895,5911,5919-5921,5929: Terminated
srun: error: frontier06894: tasks 16187,16193,16195,16198-16199,16203,16205,16209,16211,16213-16214,16219,16225,16229,16233,16235: Terminated
srun: error: frontier06115: tasks 13627,13633,13641,13647,13655,13657,13659: Terminated
srun: error: frontier02916: tasks 6619,6621,6623,6631,6644-6645,6653,6659,6663: Terminated
srun: error: frontier02897: tasks 6056,6079,6087,6103: Terminated
srun: error: frontier03037: tasks 6945,6947,6950,6958,6979,6983,6987-6990,6995,6997,6999: Terminated
srun: error: frontier05725: tasks 12377,12397,12399,12403,12405,12409,12411,12414,12421,12424-12425: Terminated
srun: error: frontier02787: tasks 5713,5725,5743,5749,5753,5767: Terminated
srun: error: frontier02927: tasks 6729,6731,6737,6753,6763,6769,6771,6773,6775: Terminated
srun: error: frontier01141: tasks 1512-1536,1538-1544,1546-1548,1550-1556,1558,1560-1567: Terminated
srun: error: frontier07887: tasks 18928-18950,18952-18960,18962-18983: Terminated
srun: error: frontier08909: tasks 25760-25767,25769-25806,25808-25815: Terminated
srun: error: frontier08437: tasks 22680-22686,22688-22708,22710-22720,22722-22735: Terminated
srun: error: frontier02791: tasks 5880-5888,5890-5892,5894,5896-5910,5912-5918,5922-5928,5930-5935: Terminated
srun: error: frontier05611: tasks 12152-12166,12168-12180,12182-12186,12188-12194,12196-12207: Terminated
srun: error: frontier02428: tasks 4088,4090-4106,4108-4134,4136-4142: Terminated
srun: error: frontier02916: tasks 6608-6618,6620,6622,6624-6630,6632-6643,6646-6652,6654-6658,6660-6662: Terminated
srun: error: frontier04978: tasks 11152-11154,11161,11170,11178,11185,11192: Terminated
srun: error: frontier04091: tasks 9912-9916,9918-9928,9930-9948,9950-9952,9954-9960,9962-9967: Terminated
srun: error: frontier03710: tasks 9352-9386,9388-9402,9404,9406-9407: Terminated
srun: error: frontier06115: tasks 13608-13626,13628-13632,13634-13640,13642-13646,13648-13654,13656,13658,13660-13663: Terminated
srun: error: frontier02927: tasks 6720-6728,6730,6732-6736,6738-6752,6754-6762,6764-6768,6770,6772,6774: Terminated
srun: error: frontier06120: tasks 13776-13806,13808-13822,13824,13826-13831: Terminated
srun: error: frontier05725: tasks 12376,12378-12396,12398,12400-12402,12404,12406-12408,12410,12412-12413,12415-12420,12422-12423,12426-12431: Terminated
srun: error: frontier06894: tasks 16184-16186,16188-16192,16194,16196-16197,16200-16202,16204,16206-16208,16210,16212,16215-16218,16220-16224,16226-16228,16230-16232,16234,16236-16239: Terminated
srun: error: frontier00231: tasks 616-650,652-669,671: Terminated
srun: error: frontier03037: tasks 6944,6946,6948-6949,6951-6957,6959-6978,6980-6982,6984-6986,6991-6994,6996,6998: Terminated
srun: error: frontier02787: tasks 5712,5714-5724,5726-5742,5744-5748,5750-5752,5754-5766: Terminated
srun: Force Terminated StepId=5137550.98
[... 460 further lines matching: srun: error: frontier#: tasks #-#: Terminated ...]
[... 15 further lines matching: srun: error: frontier#: tasks #-#,#-#: Terminated ...]
[... 13 further lines matching: srun: error: frontier#: task #: Terminated ...]
[... 7 further lines matching: srun: error: frontier#: tasks #,#: Terminated ...]
[... 6 further lines matching: srun: error: frontier#: tasks #-#,#-#,#-#: Terminated ...]
[... 4 further lines matching: srun: error: frontier#: tasks #,#,#: Terminated ...]
[... 3 further lines matching: srun: error: frontier#: tasks #-#,#-#,#-#,#-#: Terminated ...]
[... 1 further lines matching: srun: error: frontier#: tasks #,#,#,#,#: Terminated ...]
[... 1 further lines matching: srun: error: frontier#: tasks #,#,#,#: Terminated ...]
Running frontier nodes=512 ranks_per_node=56 dist=hierarchical mode=fixed expected_us=10000 max_upper_fanout=0
RESULT distributor=hierarchical mode=fixed expected_us=10000 nodes=512 world_size=28672 max_upper_fanout=0 total_tasks=56467470 elapsed_s=20.2049 throughput_tasks_per_s=2.79474e+06
MPICH Notice [Rank 0] [job id 5137550.99] [Sun Aug  2 03:50:46 2026] [frontier00096] - Abort(0) (rank 0 in comm 0): application called MPI_Abort(MPI_COMM_WORLD, 0) - process 0
aborting job:
application called MPI_Abort(MPI_COMM_WORLD, 0) - process 0
srun: error: frontier00096: task 0: Exited with exit code 255
srun: Terminating StepId=5137550.99
[2026-08-02T03:50:52.218] error: *** STEP 5137550.99 ON frontier00096 CANCELLED AT 2026-08-02T03:50:52 DUE TO TASK FAILURE ***
srun: error: frontier06780: tasks 15680-15735: Terminated
srun: error: frontier04479: tasks 10752-10791,10793-10807: Terminated
srun: error: frontier01139: tasks 1400-1455: Terminated
srun: error: frontier03156: tasks 7675,7680,7683-7684,7686,7688,7691,7694,7699,7702,7705,7707,7712-7713,7715-7716,7718,7720-7721: Terminated
srun: error: frontier07667: task 18248: Terminated
srun: error: frontier02414: tasks 3928,3967,3975: Terminated
srun: error: frontier04479: task 10792: Terminated
srun: error: frontier03834: tasks 9528,9575: Terminated
srun: error: frontier03152: tasks 7616,7630: Terminated
srun: error: frontier00353: tasks 840,842-895: Terminated
srun: error: frontier03156: tasks 7672-7674,7676-7679,7681-7682,7685,7687,7689-7690,7692-7693,7695-7698,7700-7701,7703-7704,7706,7708-7711,7714,7717,7719,7722-7727: Terminated
srun: error: frontier07667: tasks 18200-18247,18249-18255: Terminated
srun: error: frontier02414: tasks 3920-3927,3929-3966,3968-3974: Terminated
srun: error: frontier02425: tasks 4046,4053-4054,4057,4059,4061,4065,4069-4070,4073,4083: Terminated
srun: error: frontier05233: tasks 11489,11491,11524: Terminated
srun: error: frontier04595: tasks 10808-10839,10841-10859,10861-10863: Terminated
srun: error: frontier06141: tasks 14007,14009,14011-14013,14017,14019-14020,14024,14027,14032-14033,14038,14040-14041,14044,14048,14051: Terminated
srun: error: frontier02425: tasks 4032-4045,4047-4052,4055-4056,4058,4060,4062-4064,4066-4068,4071-4072,4074-4082,4084-4087: Terminated
srun: error: frontier02025: tasks 2979,2985,2993,2995,3021: Terminated
srun: error: frontier06266: tasks 14232,14234,14242,14247,14257,14259: Terminated
srun: error: frontier05233: tasks 11480-11488,11490,11492-11523,11525-11535: Terminated
srun: error: frontier06141: tasks 14000-14006,14008,14010,14014-14016,14018,14021-14023,14025-14026,14028-14031,14034-14037,14039,14042-14043,14045-14047,14049-14050,14052-14055: Terminated
srun: error: frontier03710: tasks 9361,9363,9371,9391,9397,9399,9405: Terminated
srun: error: frontier06120: tasks 13783-13784,13807,13815,13831: Terminated
srun: error: frontier06122: tasks 13848,13856,13864,13872: Terminated
srun: error: frontier02025: tasks 2968-2978,2980-2984,2986-2992,2994,2996-3020,3022-3023: Terminated
srun: error: frontier02508: tasks 4144,4146-4162,4164-4192,4194-4199: Terminated
srun: error: frontier07770: tasks 18536-18543,18545-18574,18576-18582,18584-18591: Terminated
srun: error: frontier06266: tasks 14224-14231,14233,14235-14241,14243-14246,14248-14256,14258,14260-14279: Terminated
srun: error: frontier03185: tasks 8008-8030,8032,8034-8063: Terminated
srun: error: frontier10175: tasks 28560-28592,28594,28596,28598-28615: Terminated
srun: error: frontier03710: tasks 9352-9360,9362,9364-9370,9372-9390,9392-9396,9398,9400-9404,9406-9407: Terminated
srun: error: frontier06120: tasks 13776-13782,13785-13806,13808-13814,13816-13830: Terminated
srun: error: frontier06122: tasks 13832-13847,13849-13855,13857-13863,13865-13871,13873-13887: Terminated
srun: Force Terminated StepId=5137550.99
[... 473 further lines matching: srun: error: frontier#: tasks #-#: Terminated ...]
[... 12 further lines matching: srun: error: frontier#: tasks #-#,#-#: Terminated ...]
[... 11 further lines matching: srun: error: frontier#: task #: Terminated ...]
[... 7 further lines matching: srun: error: frontier#: tasks #,#: Terminated ...]
[... 7 further lines matching: srun: error: frontier#: tasks #-#,#-#,#-#: Terminated ...]
[... 5 further lines matching: srun: error: frontier#: tasks #,#,#: Terminated ...]
Running frontier nodes=512 ranks_per_node=56 dist=hierarchical mode=fixed expected_us=100000 max_upper_fanout=0
RESULT distributor=hierarchical mode=fixed expected_us=100000 nodes=512 world_size=28672 max_upper_fanout=0 total_tasks=5802802 elapsed_s=20.8058 throughput_tasks_per_s=278904
MPICH Notice [Rank 0] [job id 5137550.100] [Sun Aug  2 03:51:36 2026] [frontier00096] - Abort(0) (rank 0 in comm 0): application called MPI_Abort(MPI_COMM_WORLD, 0) - process 0
aborting job:
application called MPI_Abort(MPI_COMM_WORLD, 0) - process 0
srun: error: frontier00096: task 0: Exited with exit code 255
srun: Terminating StepId=5137550.100
[2026-08-02T03:51:40.568] error: *** STEP 5137550.100 ON frontier00096 CANCELLED AT 2026-08-02T03:51:40 DUE TO TASK FAILURE ***
srun: error: frontier08270: tasks 21289,21295,21297,21305,21325,21333: Terminated
srun: error: frontier05746: tasks 12608,12647: Terminated
srun: error: frontier03156: tasks 7680,7719: Terminated
srun: error: frontier07296: tasks 17528-17583: Terminated
srun: error: frontier08801: tasks 25032-25087: Terminated
srun: error: frontier06013: tasks 13273,13279,13287: Terminated
srun: error: frontier07667: tasks 18200-18247,18249-18255: Terminated
srun: error: frontier02788: task 5806: Terminated
srun: error: frontier08270: tasks 21280-21288,21290-21294,21296,21298-21304,21306-21324,21326-21332,21334-21335: Terminated
srun: error: frontier07667: task 18248: Terminated
srun: error: frontier00353: tasks 840-848,850-895: Terminated
srun: error: frontier05746: tasks 12600-12607,12609-12646,12648-12655: Terminated
srun: error: frontier06383: tasks 14561,14583,14587,14593,14595,14601,14611-14612,14615: Terminated
srun: error: frontier03156: tasks 7672-7679,7681-7718,7720-7727: Terminated
srun: error: frontier06013: tasks 13272,13274-13278,13280-13286,13288-13327: Terminated
srun: error: frontier01140: tasks 1456-1458,1464-1465,1480,1482,1489,1497,1505,1510: Terminated
srun: error: frontier01910: tasks 2782-2783,2798: Terminated
srun: error: frontier04601: tasks 10887,10895,10903,10919: Terminated
srun: error: frontier06383: tasks 14560,14562-14582,14584-14586,14588-14592,14594,14596-14600,14602-14610,14613-14614: Terminated
srun: error: frontier02791: tasks 5888,5911,5927,5935: Terminated
srun: error: frontier01140: tasks 1459-1463,1466-1479,1481,1483-1488,1490-1496,1498-1504,1506-1509,1511: Terminated
srun: error: frontier03304: tasks 8401,8407,8409,8411,8415,8417,8419,8423,8427,8435,8439,8443-8444,8447,8451,8455: Terminated
srun: error: frontier00369: tasks 1011,1015-1016,1019,1021-1025,1027-1028,1032-1035,1038-1039,1041,1045,1048,1051,1053,1057,1063: Terminated
srun: error: frontier01910: tasks 2744-2781,2784-2797,2799: Terminated
srun: error: frontier04601: tasks 10864-10886,10888-10894,10896-10902,10904-10918: Terminated
srun: error: frontier02791: tasks 5880-5887,5889-5910,5912-5926,5928-5934: Terminated
srun: error: frontier07027: tasks 16759,16761,16767-16768,16774-16775,16777,16779,16783,16785,16787,16791,16793-16794,16799: Terminated
srun: error: frontier03304: tasks 8400,8402-8406,8408,8410,8412-8414,8416,8418,8420-8422,8424-8426,8428-8434,8436-8438,8440-8442,8445-8446,8448-8450,8452-8454: Terminated
srun: error: frontier09307: tasks 27889,27929,27933: Terminated
srun: error: frontier05725: tasks 12398,12401,12417,12423,12427: Terminated
srun: error: frontier03962: tasks 9688-9718,9720,9722-9728,9730-9736,9738-9743: Terminated
srun: error: frontier00369: tasks 1008-1010,1012-1014,1017-1018,1020,1026,1029-1031,1036-1037,1040,1042-1044,1046-1047,1049-1050,1052,1054-1056,1058-1062: Terminated
srun: error: frontier04726: tasks 10976-10990,10992-11000,11002-11016,11018-11020,11022-11031: Terminated
srun: error: frontier06122: tasks 13833,13835,13841,13843,13845-13847,13849,13851-13853,13857,13859,13861-13862,13865,13867,13872,13877-13879,13881: Terminated
srun: error: frontier07027: tasks 16744-16758,16760,16762-16766,16769-16773,16776,16778,16780-16782,16784,16786,16788-16790,16792,16795-16798: Terminated
srun: error: frontier09307: tasks 27888,27890-27928,27930-27932,27934-27943: Terminated
srun: error: frontier05725: tasks 12376-12397,12399-12400,12402-12416,12418-12422,12424-12426,12428-12431: Terminated
srun: error: frontier06122: tasks 13832,13834,13836-13840,13842,13844,13848,13850,13854-13856,13858,13860,13863-13864,13866,13868-13871,13873-13876,13880,13882-13887: Terminated
srun: Force Terminated StepId=5137550.100
[... 468 further lines matching: srun: error: frontier#: tasks #-#: Terminated ...]
[... 14 further lines matching: srun: error: frontier#: tasks #-#,#-#: Terminated ...]
[... 11 further lines matching: srun: error: frontier#: task #: Terminated ...]
[... 9 further lines matching: srun: error: frontier#: tasks #,#: Terminated ...]
[... 7 further lines matching: srun: error: frontier#: tasks #-#,#-#,#-#: Terminated ...]
[... 3 further lines matching: srun: error: frontier#: tasks #,#,#: Terminated ...]
[... 2 further lines matching: srun: error: frontier#: tasks #,#,#,#: Terminated ...]
[... 2 further lines matching: srun: error: frontier#: tasks #-#,#-#,#-#,#-#: Terminated ...]
Running frontier nodes=512 ranks_per_node=56 dist=hierarchical mode=fixed expected_us=1000000 max_upper_fanout=0
srun: Step created for StepId=5137550.101
RESULT distributor=hierarchical mode=fixed expected_us=1000000 nodes=512 world_size=28672 max_upper_fanout=0 total_tasks=734182 elapsed_s=28.0055 throughput_tasks_per_s=26215.7
MPICH Notice [Rank 0] [job id 5137550.101] [Sun Aug  2 03:52:43 2026] [frontier00096] - Abort(0) (rank 0 in comm 0): application called MPI_Abort(MPI_COMM_WORLD, 0) - process 0
aborting job:
application called MPI_Abort(MPI_COMM_WORLD, 0) - process 0
srun: error: frontier00096: task 0: Exited with exit code 255
srun: Terminating StepId=5137550.101
[2026-08-02T03:52:47.784] error: *** STEP 5137550.101 ON frontier00096 CANCELLED AT 2026-08-02T03:52:47 DUE TO TASK FAILURE ***
srun: error: frontier04199: tasks 10081,10089,10094,10107,10123: Terminated
srun: error: frontier08801: tasks 25032-25087: Terminated
srun: error: frontier04479: tasks 10753,10777,10779-10780,10785,10792: Terminated
srun: error: frontier03038: task 7016: Terminated
srun: error: frontier08270: tasks 21280-21303,21305-21335: Terminated
srun: error: frontier07667: task 18208: Terminated
srun: error: frontier09159: tasks 26880-26935: Terminated
srun: error: frontier08669: tasks 23809,23833,23835: Terminated
srun: error: frontier04199: tasks 10080,10082-10088,10090-10093,10095-10106,10108-10122,10124-10135: Terminated
srun: error: frontier04479: tasks 10752,10754-10776,10778,10781-10784,10786-10791,10793-10807: Terminated
srun: error: frontier08309: tasks 21896,21898-21935,21937-21951: Terminated
srun: error: frontier03038: tasks 7000-7015,7017-7055: Terminated
srun: error: frontier08669: tasks 23800-23808,23810-23832,23834,23836-23855: Terminated
srun: error: frontier01528: tasks 2136,2151,2159,2175: Terminated
srun: error: frontier06381: tasks 14530-14531,14547,14555: Terminated
srun: error: frontier08309: tasks 21897,21936: Terminated
srun: error: frontier09029: tasks 26377,26381,26383,26395,26409,26411,26419,26429: Terminated
srun: error: frontier06782: tasks 15793,15800-15801,15807,15809,15817,15819,15835,15843,15845-15846: Terminated
srun: error: frontier06904: tasks 16472,16511: Terminated
srun: error: frontier09165: tasks 27001,27009,27027,27033,27039,27047: Terminated
srun: error: frontier08437: tasks 22687,22725,22731,22733: Terminated
srun: error: frontier06141: tasks 14001,14010,14017,14033,14035,14040,14042,14048,14055: Terminated
srun: error: frontier01528: tasks 2128-2135,2137-2150,2152-2158,2160-2174,2176-2183: Terminated
srun: error: frontier08023: tasks 19601,19603,19607-19609,19611,19613,19615,19617,19619,19621,19623,19625,19633,19637,19643,19645,19647,19651,19653,19655: Terminated
srun: error: frontier06381: tasks 14504-14529,14532-14546,14548-14554,14556-14559: Terminated
srun: error: frontier02428: tasks 4088,4096,4112,4115,4119,4123,4127-4128,4136,4139,4143: Terminated
srun: error: frontier09029: tasks 26376,26378-26380,26382,26384-26394,26396-26408,26410,26412-26418,26420-26428,26430-26431: Terminated
srun: error: frontier02509: tasks 4201,4215,4217,4231,4233,4241,4249: Terminated
srun: error: frontier04726: tasks 10985,10997,11005,11025,11031: Terminated
srun: error: frontier03173: tasks 7897,7911,7951: Terminated
srun: error: frontier06782: tasks 15792,15794-15799,15802-15806,15808,15810-15816,15818,15820-15834,15836-15842,15844,15847: Terminated
srun: error: frontier09165: tasks 26992-27000,27002-27008,27010-27026,27028-27032,27034-27038,27040-27046: Terminated
srun: error: frontier06904: tasks 16464-16471,16473-16510,16512-16519: Terminated
srun: error: frontier02511: tasks 4269,4277,4289,4291,4297,4299,4307,4309-4310: Terminated
srun: error: frontier08420: tasks 22235,22238,22243,22245-22246,22251,22253-22254,22270-22271,22276,22281,22283,22285,22287: Terminated
srun: error: frontier08437: tasks 22680-22686,22688-22724,22726-22730,22732,22734-22735: Terminated
srun: error: frontier06141: tasks 14000,14002-14009,14011-14016,14018-14032,14034,14036-14039,14041,14043-14047,14049-14054: Terminated
srun: error: frontier08023: tasks 19600,19602,19604-19606,19610,19612,19614,19616,19618,19620,19622,19624,19626-19632,19634-19636,19638-19642,19644,19646,19648-19650,19652,19654: Terminated
srun: error: frontier09166: tasks 27048-27055,27057-27094,27096-27103: Terminated
srun: error: frontier04331: tasks 10537,10542,10545,10547,10563-10564,10566,10569,10573,10576-10577,10579,10583: Terminated
srun: error: frontier07536: tasks 17980,17985-17986,17993,18023,18025-18026: Terminated
srun: error: frontier02516: tasks 4376,4383,4391-4392,4407,4415: Terminated
srun: error: frontier02428: tasks 4089-4095,4097-4111,4113-4114,4116-4118,4120-4122,4124-4126,4129-4135,4137-4138,4140-4142: Terminated
srun: error: frontier09157: tasks 26771,26775,26779,26783-26784,26799,26801,26803,26805,26807,26811,26816,26821: Terminated
srun: error: frontier03032: tasks 6897,6903,6905,6915,6921,6923,6925,6929,6935,6939,6943: Terminated
srun: error: frontier02509: tasks 4200,4202-4214,4216,4218-4230,4232,4234-4240,4242-4248,4250-4255: Terminated
srun: error: frontier06269: tasks 14397,14403,14409,14425,14437,14439,14441: Terminated
srun: error: frontier04726: tasks 10976-10984,10986-10996,10998-11004,11006-11024,11026-11030: Terminated
srun: error: frontier03173: tasks 7896,7898-7910,7912-7950: Terminated
srun: error: frontier02511: tasks 4256-4268,4270-4276,4278-4288,4290,4292-4296,4298,4300-4306,4308,4311: Terminated
srun: error: frontier08420: tasks 22232-22234,22236-22237,22239-22242,22244,22247-22250,22252,22255-22269,22272-22275,22277-22280,22282,22284,22286: Terminated
srun: error: frontier05726: tasks 12432-12439,12441-12472,12474-12480,12482-12487: Terminated
srun: error: frontier04331: tasks 10528-10536,10538-10541,10543-10544,10546,10548-10562,10565,10567-10568,10570-10572,10574-10575,10578,10580-10582: Terminated
srun: error: frontier07536: tasks 17976-17979,17981-17984,17987-17992,17994-18022,18024,18027-18031: Terminated
srun: error: frontier02516: tasks 4368-4375,4377-4382,4384-4390,4393-4406,4408-4414,4416-4423: Terminated
srun: error: frontier09157: tasks 26768-26770,26772-26774,26776-26778,26780-26782,26785-26798,26800,26802,26804,26806,26808-26810,26812-26815,26817-26820,26822-26823: Terminated
srun: error: frontier03032: tasks 6888-6896,6898-6902,6904,6906-6914,6916-6920,6922,6924,6926-6928,6930-6934,6936-6938,6940-6942: Terminated
srun: error: frontier06269: tasks 14392-14396,14398-14402,14404-14408,14410-14424,14426-14436,14438,14440,14442-14447: Terminated
srun: error: frontier07917: tasks 19432-19466,19468-19476,19478,19480,19482-19487: Terminated
srun: Force Terminated StepId=5137550.101
[... 456 further lines matching: srun: error: frontier#: tasks #-#: Terminated ...]
[... 22 further lines matching: srun: error: frontier#: tasks #-#,#-#: Terminated ...]
[... 20 further lines matching: srun: error: frontier#: task #: Terminated ...]
[... 4 further lines matching: srun: error: frontier#: tasks #,#: Terminated ...]
[... 2 further lines matching: srun: error: frontier#: tasks #,#,#,#: Terminated ...]
[... 1 further lines matching: srun: error: frontier#: tasks #,#,#: Terminated ...]
[... 1 further lines matching: srun: error: frontier#: tasks #-#,#-#,#-#,#-#,#-#: Terminated ...]
[... 1 further lines matching: srun: error: frontier#: tasks #-#,#-#,#-#: Terminated ...]
Running frontier nodes=512 ranks_per_node=56 dist=hierarchical mode=uniform expected_us=10 max_upper_fanout=0
srun: Step created for StepId=5137550.102
RESULT distributor=hierarchical mode=uniform expected_us=10 nodes=512 world_size=28672 max_upper_fanout=0 total_tasks=11262030 elapsed_s=20.1887 throughput_tasks_per_s=557838
MPICH Notice [Rank 0] [job id 5137550.102] [Sun Aug  2 03:53:44 2026] [frontier00096] - Abort(0) (rank 0 in comm 0): application called MPI_Abort(MPI_COMM_WORLD, 0) - process 0
aborting job:
application called MPI_Abort(MPI_COMM_WORLD, 0) - process 0
srun: error: frontier00096: task 0: Exited with exit code 255
srun: Terminating StepId=5137550.102
[2026-08-02T03:53:48.460] error: *** STEP 5137550.102 ON frontier00096 CANCELLED AT 2026-08-02T03:53:48 DUE TO TASK FAILURE ***
srun: error: frontier01139: tasks 1400-1455: Terminated
srun: error: frontier09026: tasks 26208-26263: Terminated
srun: error: frontier03156: tasks 7672,7674-7681,7683,7685-7687,7689-7693,7695,7697-7699,7702-7715,7717-7727: Terminated
srun: error: frontier00353: tasks 840,842-895: Terminated
srun: error: frontier06136: tasks 13896,13943: Terminated
srun: error: frontier03152: tasks 7616-7631,7633-7671: Terminated
srun: error: frontier06781: tasks 15780,15789: Terminated
srun: error: frontier03156: tasks 7673,7682,7684,7688,7694,7696,7700-7701,7716: Terminated
srun: error: frontier08274: tasks 21344-21345,21351,21361,21369-21370,21374,21383,21391: Terminated
srun: error: frontier01140: tasks 1456-1504,1506-1511: Terminated
srun: error: frontier03152: task 7632: Terminated
srun: error: frontier00353: task 841: Terminated
srun: error: frontier02158: tasks 3424,3463,3471: Terminated
srun: error: frontier09299: tasks 27689,27697,27713: Terminated
srun: error: frontier06781: tasks 15736-15779,15781-15788,15790-15791: Terminated
srun: error: frontier03961: tasks 9649,9665,9667,9669,9675,9681,9683: Terminated
srun: error: frontier08274: tasks 21336-21343,21346-21350,21352-21360,21362-21368,21371-21373,21375-21382,21384-21390: Terminated
srun: error: frontier07413: tasks 17753,17757,17769,17805: Terminated
srun: error: frontier08023: tasks 19608,19613,19623,19625,19635,19637,19639,19641,19645-19646: Terminated
srun: error: frontier06887: tasks 15987,15998,16004,16007: Terminated
srun: error: frontier01910: tasks 2744-2774,2776-2790,2792-2799: Terminated
srun: error: frontier07769: tasks 18481,18483,18487,18489,18494-18495,18497,18499-18503,18505,18507-18509,18511-18513,18515,18517-18518,18520-18529,18531,18533-18534: Terminated
srun: error: frontier02025: tasks 2975,2979-2980,2985,2993,2995,3003,3005,3007,3010,3013-3015,3017,3019,3023: Terminated
srun: error: frontier04078: tasks 9759,9773,9779,9781,9785,9787: Terminated
srun: error: frontier09299: tasks 27664-27688,27690-27696,27698-27712,27714-27719: Terminated
srun: error: frontier03961: tasks 9632-9648,9650-9664,9666,9668,9670-9674,9676-9680,9682,9684-9687: Terminated
srun: error: frontier05233: tasks 11480,11482-11488,11490-11515,11517-11535: Terminated
srun: error: frontier07413: tasks 17752,17754-17756,17758-17768,17770-17804,17806-17807: Terminated
srun: error: frontier08023: tasks 19600-19607,19609-19612,19614-19622,19624,19626-19634,19636,19638,19640,19642-19644,19647-19655: Terminated
srun: error: frontier03185: tasks 8009,8014,8019,8024,8031,8033,8053,8057,8060: Terminated
srun: error: frontier10175: tasks 28563,28565,28567-28569,28571,28575,28579,28581,28603,28608-28609,28612-28613: Terminated
srun: error: frontier06887: tasks 15960-15986,15988-15997,15999-16003,16005-16006,16008-16015: Terminated
srun: error: frontier06120: tasks 13777-13779,13782-13783,13785,13787,13789,13791-13793,13795-13799,13801-13803,13805,13807-13809,13811,13813-13816,13818-13819,13821,13823,13827-13831: Terminated
srun: error: frontier07769: tasks 18480,18482,18484-18486,18488,18490-18493,18496,18498,18504,18506,18510,18514,18516,18519,18530,18532,18535: Terminated
srun: error: frontier07800: tasks 18763,18777,18785,18793,18800-18801,18803,18808-18809,18815: Terminated
srun: error: frontier02025: tasks 2968-2974,2976-2978,2981-2984,2986-2992,2994,2996-3002,3004,3006,3008-3009,3011-3012,3016,3018,3020-3022: Terminated
srun: error: frontier04078: tasks 9744-9758,9760-9772,9774-9778,9780,9782-9784,9786,9788-9799: Terminated
srun: error: frontier03185: tasks 8008,8010-8013,8015-8018,8020-8023,8025-8030,8032,8034-8052,8054-8056,8058-8059,8061-8063: Terminated
srun: error: frontier10175: tasks 28560-28562,28564,28566,28570,28572-28574,28576-28578,28580,28582-28602,28604-28607,28610-28611,28614-28615: Terminated
srun: error: frontier04331: tasks 10528-10535,10537-10550,10552-10574,10576-10582: Terminated
srun: error: frontier06894: tasks 16184-16206,16208,16210-16224,16226,16228-16239: Terminated
srun: error: frontier06120: tasks 13776,13780-13781,13784,13786,13788,13790,13794,13800,13804,13806,13810,13812,13817,13820,13822,13824-13826: Terminated
srun: error: frontier07800: tasks 18760-18762,18764-18776,18778-18784,18786-18792,18794-18799,18802,18804-18807,18810-18814: Terminated
srun: error: frontier07917: tasks 19432-19448,19450-19478,19480,19482-19487: Terminated
srun: Force Terminated StepId=5137550.102
[... 469 further lines matching: srun: error: frontier#: tasks #-#: Terminated ...]
[... 11 further lines matching: srun: error: frontier#: task #: Terminated ...]
[... 10 further lines matching: srun: error: frontier#: tasks #-#,#-#: Terminated ...]
[... 7 further lines matching: srun: error: frontier#: tasks #-#,#-#,#-#: Terminated ...]
[... 5 further lines matching: srun: error: frontier#: tasks #,#: Terminated ...]
[... 4 further lines matching: srun: error: frontier#: tasks #,#,#: Terminated ...]
[... 3 further lines matching: srun: error: frontier#: tasks #,#,#,#: Terminated ...]
[... 1 further lines matching: srun: error: frontier#: tasks #-#,#-#,#-#,#-#: Terminated ...]
Running frontier nodes=512 ranks_per_node=56 dist=hierarchical mode=uniform expected_us=100 max_upper_fanout=0
srun: Step created for StepId=5137550.103
RESULT distributor=hierarchical mode=uniform expected_us=100 nodes=512 world_size=28672 max_upper_fanout=0 total_tasks=8365852 elapsed_s=20.2498 throughput_tasks_per_s=413133
MPICH Notice [Rank 0] [job id 5137550.103] [Sun Aug  2 03:54:27 2026] [frontier00096] - Abort(0) (rank 0 in comm 0): application called MPI_Abort(MPI_COMM_WORLD, 0) - process 0
aborting job:
application called MPI_Abort(MPI_COMM_WORLD, 0) - process 0
srun: error: frontier00096: task 0: Exited with exit code 255
srun: Terminating StepId=5137550.103
[2026-08-02T03:54:43.114] error: *** STEP 5137550.103 ON frontier00096 CANCELLED AT 2026-08-02T03:54:43 DUE TO TASK FAILURE ***
srun: error: frontier04479: tasks 10752-10807: Terminated
srun: error: frontier09169: tasks 27160-27215: Terminated
srun: error: frontier06781: tasks 15758,15769: Terminated
srun: error: frontier04087: tasks 9805,9807,9837: Terminated
srun: error: frontier06781: tasks 15736-15757,15759-15768,15770-15791: Terminated
srun: error: frontier08420: tasks 22233,22239,22253,22255,22273,22279: Terminated
srun: error: frontier03188: tasks 8065,8069,8074-8075,8081,8086,8089,8093,8101,8105-8107,8110-8113,8115,8119: Terminated
srun: error: frontier08904: tasks 25483,25485,25495,25501,25505,25517,25519,25523: Terminated
srun: error: frontier02665: tasks 5101-5102,5107,5115,5121,5135,5137,5141: Terminated
srun: error: frontier04087: tasks 9800-9804,9806,9808-9836,9838-9855: Terminated
srun: error: frontier08420: tasks 22232,22234-22238,22240-22252,22254,22256-22272,22274-22278,22280-22287: Terminated
srun: error: frontier03188: tasks 8064,8066-8068,8070-8073,8076-8080,8082-8085,8087-8088,8090-8092,8094-8100,8102-8104,8108-8109,8114,8116-8118: Terminated
srun: error: frontier08904: tasks 25480-25482,25484,25486-25494,25496-25500,25502-25504,25506-25516,25518,25520-25522,25524-25535: Terminated
srun: error: frontier02665: tasks 5096-5100,5103-5106,5108-5114,5116-5120,5122-5134,5136,5138-5140,5142-5151: Terminated
srun: Force Terminated StepId=5137550.103
[... 504 further lines matching: srun: error: frontier#: tasks #-#: Terminated ...]
Running frontier nodes=512 ranks_per_node=56 dist=hierarchical mode=uniform expected_us=1000 max_upper_fanout=0
RESULT distributor=hierarchical mode=uniform expected_us=1000 nodes=512 world_size=28672 max_upper_fanout=0 total_tasks=6485934 elapsed_s=20.3622 throughput_tasks_per_s=318529
MPICH Notice [Rank 0] [job id 5137550.104] [Sun Aug  2 03:55:26 2026] [frontier00096] - Abort(0) (rank 0 in comm 0): application called MPI_Abort(MPI_COMM_WORLD, 0) - process 0
aborting job:
application called MPI_Abort(MPI_COMM_WORLD, 0) - process 0
srun: error: frontier00096: task 0: Exited with exit code 255
srun: Terminating StepId=5137550.104
[2026-08-02T03:55:43.114] error: *** STEP 5137550.104 ON frontier00096 CANCELLED AT 2026-08-02T03:55:43 DUE TO TASK FAILURE ***
srun: error: frontier04479: tasks 10752-10807: Terminated
srun: error: frontier06888: tasks 16016-16071: Terminated
srun: error: frontier08795: tasks 24808-24809,24811-24863: Terminated
srun: error: frontier03581: task 9016: Terminated
srun: error: frontier05118: tasks 11312-11354,11356-11367: Terminated
srun: error: frontier08795: task 24810: Terminated
srun: Force Terminated StepId=5137550.104
[... 508 further lines matching: srun: error: frontier#: tasks #-#: Terminated ...]
[... 1 further lines matching: srun: error: frontier#: task #: Terminated ...]
Running frontier nodes=512 ranks_per_node=56 dist=hierarchical mode=uniform expected_us=10000 max_upper_fanout=0
RESULT distributor=hierarchical mode=uniform expected_us=10000 nodes=512 world_size=28672 max_upper_fanout=0 total_tasks=6984450 elapsed_s=20.3431 throughput_tasks_per_s=343333
MPICH Notice [Rank 0] [job id 5137550.105] [Sun Aug  2 03:56:26 2026] [frontier00096] - Abort(0) (rank 0 in comm 0): application called MPI_Abort(MPI_COMM_WORLD, 0) - process 0
aborting job:
application called MPI_Abort(MPI_COMM_WORLD, 0) - process 0
srun: error: frontier00096: task 0: Exited with exit code 255
srun: Terminating StepId=5137550.105
[2026-08-02T03:56:41.995] error: *** STEP 5137550.105 ON frontier00096 CANCELLED AT 2026-08-02T03:56:41 DUE TO TASK FAILURE ***
srun: error: frontier04479: tasks 10752-10807: Terminated
srun: error: frontier06888: tasks 16016-16071: Terminated
srun: error: frontier01139: tasks 1401,1409,1412-1413,1417,1425,1430-1432,1435,1438-1439,1441,1455: Terminated
srun: error: frontier08549: task 23454: Terminated
srun: error: frontier05229: tasks 11438,11449: Terminated
srun: error: frontier07680: tasks 18313,18315-18319,18322-18324,18326-18331,18333-18335,18337,18339-18341,18343-18350,18353-18355,18357,18359,18361,18363-18365,18367: Terminated
srun: error: frontier05874: tasks 12937,12939,12942-12944,12947,12949-12950,12958-12959,12961,12963,12967-12969,12971-12972,12977,12981,12984-12985,12987-12988: Terminated
srun: error: frontier06780: task 15726: Terminated
srun: error: frontier07260: tasks 17325,17355: Terminated
srun: error: frontier08188: tasks 21056-21070,21072-21111: Terminated
srun: error: frontier02529: tasks 4597,4599,4601,4603,4605,4607,4611,4613,4615,4619,4621,4625,4629,4633,4635,4637,4641,4645: Terminated
srun: error: frontier09165: tasks 26995,27000-27001,27003,27007,27014,27023,27025,27027-27028,27030-27031,27033,27038,27043,27046-27047: Terminated
srun: error: frontier08295: tasks 21707,21711,21717,21719,21721,21725: Terminated
srun: error: frontier05611: tasks 12153,12155,12159,12161,12163,12165,12167-12168,12170-12171,12173,12175,12177,12180-12181,12184,12187,12189-12192,12194-12195,12197,12201-12207: Terminated
srun: error: frontier06756: tasks 15347,15359,15361,15397,15399: Terminated
srun: error: frontier01139: tasks 1400,1402-1408,1410-1411,1414-1416,1418-1424,1426-1429,1433-1434,1436-1437,1440,1442-1454: Terminated
srun: error: frontier02165: tasks 3529,3535,3537,3558,3571,3573-3574,3577,3579,3581,3583: Terminated
srun: error: frontier05247: tasks 11821,11829,11843,11855,11863,11869,11871: Terminated
srun: error: frontier02175: tasks 3641,3646,3649,3651,3654,3659,3662-3663,3665,3668,3673,3681,3683,3685,3689,3691,3693: Terminated
srun: error: frontier01133: tasks 1289,1291,1293,1297,1301-1303,1307,1311,1313,1315,1317,1319,1323,1327,1329,1331,1334,1339,1343: Terminated
srun: error: frontier06780: tasks 15680-15725,15727-15735: Terminated
srun: error: frontier02529: tasks 4592-4596,4598,4600,4602,4604,4606,4608-4610,4612,4614,4616-4618,4620,4622-4624,4626-4628,4630-4632,4634,4636,4638-4640,4642-4644,4646-4647: Terminated
srun: error: frontier08679: tasks 24309,24311,24313,24316,24325,24327,24329,24337,24345-24346,24353,24359: Terminated
srun: error: frontier07916: tasks 19377,19379,19385,19387,19392-19393,19395,19401,19403,19409,19411,19413,19415-19416,19419,19423,19427,19429,19431: Terminated
srun: error: frontier09418: tasks 28061,28063,28070,28073,28075,28078,28083,28091,28099,28101,28105,28107,28109,28111: Terminated
srun: error: frontier05229: tasks 11424-11437,11439-11448,11450-11479: Terminated
srun: error: frontier06649: tasks 15064-15079,15081-15088,15090-15111,15113-15116,15118-15119: Terminated
srun: error: frontier07680: tasks 18312,18314,18320-18321,18325,18332,18336,18338,18342,18351-18352,18356,18358,18360,18362,18366: Terminated
srun: error: frontier09165: tasks 26992-26994,26996-26999,27002,27004-27006,27008-27013,27015-27022,27024,27026,27029,27032,27034-27037,27039-27042,27044-27045: Terminated
srun: error: frontier07912: tasks 19267,19273,19278-19279,19289,19312-19313: Terminated
srun: error: frontier04217: tasks 10304-10309,10311-10316,10318-10359: Terminated
srun: error: frontier05611: tasks 12152,12154,12156-12158,12160,12162,12164,12166,12169,12172,12174,12176,12178-12179,12182-12183,12185-12186,12188,12193,12196,12198-12200: Terminated
srun: error: frontier07800: tasks 18777,18787,18793,18799-18800,18805,18807: Terminated
srun: error: frontier02165: tasks 3528,3530-3534,3536,3538-3557,3559-3570,3572,3575-3576,3578,3580,3582: Terminated
srun: error: frontier05874: tasks 12936,12938,12940-12941,12945-12946,12948,12951-12957,12960,12962,12964-12966,12970,12973-12976,12978-12980,12982-12983,12986,12989-12991: Terminated
srun: error: frontier06756: tasks 15344-15346,15348-15358,15360,15362-15396,15398: Terminated
srun: error: frontier08295: tasks 21672-21706,21708-21710,21712-21716,21718,21720,21722-21724,21726-21727: Terminated
srun: error: frontier02175: tasks 3640,3642-3645,3647-3648,3650,3652-3653,3655-3658,3660-3661,3664,3666-3667,3669-3672,3674-3680,3682,3684,3686-3688,3690,3692,3694-3695: Terminated
srun: error: frontier06119: tasks 13720,13727,13752,13760: Terminated
srun: error: frontier05247: tasks 11816-11820,11822-11828,11830-11842,11844-11854,11856-11862,11864-11868,11870: Terminated
srun: error: frontier01133: tasks 1288,1290,1292,1294-1296,1298-1300,1304-1306,1308-1310,1312,1314,1316,1318,1320-1322,1324-1326,1328,1330,1332-1333,1335-1338,1340-1342: Terminated
srun: error: frontier08679: tasks 24304-24308,24310,24312,24314-24315,24317-24324,24326,24328,24330-24336,24338-24344,24347-24352,24354-24358: Terminated
srun: error: frontier09418: tasks 28056-28060,28062,28064-28069,28071-28072,28074,28076-28077,28079-28082,28084-28090,28092-28098,28100,28102-28104,28106,28108,28110: Terminated
srun: error: frontier07916: tasks 19376,19378,19380-19384,19386,19388-19391,19394,19396-19400,19402,19404-19408,19410,19412,19414,19417-19418,19420-19422,19424-19426,19428,19430: Terminated
srun: error: frontier07912: tasks 19264-19266,19268-19272,19274-19277,19280-19288,19290-19311,19314-19319: Terminated
srun: error: frontier06649: tasks 15080,15089,15112,15117: Terminated
srun: error: frontier07800: tasks 18760-18776,18778-18786,18788-18792,18794-18798,18801-18804,18806,18808-18815: Terminated
srun: error: frontier06119: tasks 13721-13726,13728-13751,13753-13759,13761-13775: Terminated
srun: Force Terminated StepId=5137550.105
[... 479 further lines matching: srun: error: frontier#: tasks #-#: Terminated ...]
[... 6 further lines matching: srun: error: frontier#: task #: Terminated ...]
[... 6 further lines matching: srun: error: frontier#: tasks #-#,#-#: Terminated ...]
[... 2 further lines matching: srun: error: frontier#: tasks #,#: Terminated ...]
[... 2 further lines matching: srun: error: frontier#: tasks #-#,#-#,#-#: Terminated ...]
Running frontier nodes=512 ranks_per_node=56 dist=hierarchical mode=uniform expected_us=100000 max_upper_fanout=0
srun: Step created for StepId=5137550.106
RESULT distributor=hierarchical mode=uniform expected_us=100000 nodes=512 world_size=28672 max_upper_fanout=0 total_tasks=5841740 elapsed_s=21.0086 throughput_tasks_per_s=278064
MPICH Notice [Rank 0] [job id 5137550.106] [Sun Aug  2 03:57:26 2026] [frontier00096] - Abort(0) (rank 0 in comm 0): application called MPI_Abort(MPI_COMM_WORLD, 0) - process 0
aborting job:
application called MPI_Abort(MPI_COMM_WORLD, 0) - process 0
srun: error: frontier00096: task 0: Exited with exit code 255
srun: Terminating StepId=5137550.106
[2026-08-02T03:57:42.171] error: *** STEP 5137550.106 ON frontier00096 CANCELLED AT 2026-08-02T03:57:42 DUE TO TASK FAILURE ***
srun: error: frontier04479: tasks 10752-10807: Terminated
srun: error: frontier06888: tasks 16016-16071: Terminated
srun: error: frontier02414: tasks 3921-3925,3927,3929-3935,3937-3939,3941,3945,3947,3952,3954-3957,3959-3961,3963-3967,3969-3971,3973-3975: Terminated
srun: error: frontier06381: tasks 14504-14526,14528-14559: Terminated
srun: error: frontier01909: tasks 2702,2715,2731,2737,2739: Terminated
srun: error: frontier02414: tasks 3920,3926,3928,3936,3940,3942-3944,3946,3948-3951,3953,3958,3962,3968,3972: Terminated
srun: error: frontier07259: tasks 17248-17254,17256-17273,17275,17277-17279,17281,17283-17284,17286-17287,17289-17292,17294-17303: Terminated
srun: error: frontier01909: tasks 2688-2701,2703-2714,2716-2730,2732-2736,2738,2740-2743: Terminated
srun: error: frontier05757: tasks 12712-12734,12736-12767: Terminated
srun: error: frontier02778: tasks 5489,5491,5495,5501,5515,5517,5525,5529,5534,5539: Terminated
srun: error: frontier06381: task 14527: Terminated
srun: error: frontier02031: tasks 3081,3083,3089-3091,3095,3097,3102,3110-3111,3117,3125,3129-3131,3133: Terminated
srun: error: frontier05757: task 12735: Terminated
srun: error: frontier08678: tasks 24249,24251,24254-24255,24257,24260,24262,24264-24265,24267,24269,24279,24283,24287,24289,24291-24292,24294-24295,24297,24299,24301-24302: Terminated
srun: error: frontier05733: tasks 12492,12502,12507,12511,12513,12515-12518,12523,12528,12531,12533,12537,12539,12542: Terminated
srun: error: frontier02043: tasks 3144,3146,3167,3175: Terminated
srun: error: frontier07029: tasks 16859,16865,16869,16873,16875,16878,16880-16881,16891,16895,16897,16899,16907,16911: Terminated
srun: error: frontier07791: tasks 18705,18707-18711,18713,18715-18722,18724-18729,18731-18733,18737-18744,18746-18749,18751,18753-18754,18756-18757,18759: Terminated
srun: error: frontier06779: tasks 15625,15627,15639,15642-15643,15645,15651,15656-15657,15659,15663,15667,15676: Terminated
srun: error: frontier02665: tasks 5096-5110,5112-5120,5122-5145,5147-5150: Terminated
srun: error: frontier07259: tasks 17255,17274,17276,17280,17282,17285,17288,17293: Terminated
srun: error: frontier02778: tasks 5488,5490,5492-5494,5496-5500,5502-5514,5516,5518-5524,5526-5528,5530-5533,5535-5538,5540-5543: Terminated
srun: error: frontier02031: tasks 3080,3082,3084-3088,3092-3094,3096,3098-3101,3103-3109,3112-3116,3118-3124,3126-3128,3132,3134-3135: Terminated
srun: error: frontier08678: tasks 24248,24250,24252-24253,24256,24258-24259,24261,24263,24266,24268,24270-24278,24280-24282,24284-24286,24288,24290,24293,24296,24298,24300,24303: Terminated
srun: error: frontier05733: tasks 12488-12491,12493-12501,12503-12506,12508-12510,12512,12514,12519-12522,12524-12527,12529-12530,12532,12534-12536,12538,12540-12541,12543: Terminated
srun: error: frontier02043: tasks 3136-3143,3145,3147-3166,3168-3174,3176-3191: Terminated
srun: error: frontier07029: tasks 16856-16858,16860-16864,16866-16868,16870-16872,16874,16876-16877,16879,16882-16890,16892-16894,16896,16898,16900-16906,16908-16910: Terminated
srun: error: frontier07791: tasks 18704,18706,18712,18714,18723,18730,18734-18736,18745,18750,18752,18755,18758: Terminated
srun: error: frontier06779: tasks 15624,15626,15628-15638,15640-15641,15644,15646-15650,15652-15655,15658,15660-15662,15664-15666,15668-15675,15677-15679: Terminated
srun: error: frontier02665: tasks 5111,5121,5146,5151: Terminated
srun: Force Terminated StepId=5137550.106
[... 496 further lines matching: srun: error: frontier#: tasks #-#: Terminated ...]
Running frontier nodes=512 ranks_per_node=56 dist=hierarchical mode=uniform expected_us=1000000 max_upper_fanout=0
srun: Step created for StepId=5137550.107
RESULT distributor=hierarchical mode=uniform expected_us=1000000 nodes=512 world_size=28672 max_upper_fanout=0 total_tasks=787090 elapsed_s=30.0798 throughput_tasks_per_s=26166.7
MPICH Notice [Rank 0] [job id 5137550.107] [Sun Aug  2 03:58:35 2026] [frontier00096] - Abort(0) (rank 0 in comm 0): application called MPI_Abort(MPI_COMM_WORLD, 0) - process 0
aborting job:
application called MPI_Abort(MPI_COMM_WORLD, 0) - process 0
srun: error: frontier00096: task 0: Exited with exit code 255
srun: Terminating StepId=5137550.107
[2026-08-02T03:58:49.761] error: *** STEP 5137550.107 ON frontier00096 CANCELLED AT 2026-08-02T03:58:49 DUE TO TASK FAILURE ***
srun: error: frontier04479: tasks 10752-10807: Terminated
srun: error: frontier06888: tasks 16016-16071: Terminated
srun: error: frontier08815: task 25152: Terminated
srun: error: frontier02532: tasks 4653,4655,4657,4659,4661,4669-4671,4673-4675,4677,4680,4683,4685,4687,4689,4691,4693-4694,4698-4699,4701: Terminated
srun: error: frontier08815: tasks 25144-25151,25153-25199: Terminated
srun: error: frontier02532: tasks 4648-4652,4654,4656,4658,4660,4662-4668,4672,4676,4678-4679,4681-4682,4684,4686,4688,4690,4692,4695-4697,4700,4702-4703: Terminated
srun: error: frontier09040: task 26755: Terminated
srun: error: frontier08300: tasks 21744,21768: Terminated
srun: error: frontier09040: tasks 26712-26754,26756-26767: Terminated
srun: error: frontier08300: tasks 21728-21743,21745-21767,21769-21783: Terminated
srun: Force Terminated StepId=5137550.107
[... 506 further lines matching: srun: error: frontier#: tasks #-#: Terminated ...]
Running frontier nodes=512 ranks_per_node=56 dist=lockfree_rma mode=fixed expected_us=10 max_upper_fanout=-1
RESULT distributor=lockfree_rma mode=fixed expected_us=10 nodes=512 world_size=28672 max_upper_fanout=-1 total_tasks=3097339 elapsed_s=20.0704 throughput_tasks_per_s=154324
MPICH Notice [Rank 0] [job id 5137550.108] [Sun Aug  2 03:59:58 2026] [frontier00096] - Abort(0) (rank 0 in comm 0): application called MPI_Abort(MPI_COMM_WORLD, 0) - process 0
aborting job:
application called MPI_Abort(MPI_COMM_WORLD, 0) - process 0
srun: error: frontier00096: task 0: Exited with exit code 255
srun: Terminating StepId=5137550.108
[2026-08-02T04:00:03.171] error: *** STEP 5137550.108 ON frontier00096 CANCELLED AT 2026-08-02T04:00:03 DUE TO TASK FAILURE ***
srun: error: frontier09026: tasks 26232,26247,26250-26251,26255,26263: Terminated
srun: error: frontier08801: tasks 25032-25087: Terminated
srun: error: frontier08524: tasks 23141,23147,23153: Terminated
srun: error: frontier02679: tasks 5152-5207: Terminated
srun: error: frontier09026: tasks 26208-26231,26233-26246,26248-26249,26252-26254,26256-26262: Terminated
srun: error: frontier00353: tasks 848,871,879,895: Terminated
srun: error: frontier05223: tasks 11369,11381,11385,11387,11403,11405-11406,11408,11411,11414,11423: Terminated
srun: error: frontier08524: tasks 23128-23140,23142-23146,23148-23152,23154-23183: Terminated
srun: error: frontier06381: tasks 14508,14511,14519,14538,14546,14554,14559: Terminated
srun: error: frontier05223: tasks 11368,11370-11380,11382-11384,11386,11388-11402,11404,11407,11409-11410,11412-11413,11415-11422: Terminated
srun: error: frontier00364: task 951: Terminated
srun: error: frontier00353: tasks 840-847,849-870,872-878,880-894: Terminated
srun: error: frontier04207: tasks 10199,10221,10239: Terminated
srun: error: frontier08398: tasks 22071,22119: Terminated
srun: error: frontier04601: tasks 10867,10871,10873,10875,10877-10879,10882,10885-10887,10889,10891,10895-10897,10899,10903-10905,10907-10911,10913-10915,10917,10919: Terminated
srun: error: frontier07680: tasks 18317,18319,18333,18343,18352,18355,18359,18361,18363,18365: Terminated
srun: error: frontier02425: tasks 4039,4087: Terminated
srun: error: frontier06653: tasks 15251,15257,15265,15283,15287: Terminated
srun: error: frontier07413: tasks 17755,17757,17759,17771,17773,17775,17785,17793,17797,17799,17803,17805,17807: Terminated
srun: error: frontier06905: task 16555: Terminated
srun: error: frontier06381: tasks 14504-14507,14509-14510,14512-14518,14520-14537,14539-14545,14547-14553,14555-14558: Terminated
srun: error: frontier08518: tasks 22795,22803,22805,22811,22827,22829-22831,22837,22839,22843,22845,22847: Terminated
srun: error: frontier07767: tasks 18427,18439,18445,18468: Terminated
srun: error: frontier01534: tasks 2296-2306,2308-2325,2327-2351: Terminated
srun: error: frontier03173: tasks 7896-7918,7920-7938,7940-7951: Terminated
srun: error: frontier04601: tasks 10864-10866,10868-10870,10872,10874,10876,10880-10881,10883-10884,10888,10890,10892-10894,10898,10900-10902,10906,10912,10916,10918: Terminated
srun: error: frontier08398: tasks 22064-22070,22072-22118: Terminated
srun: error: frontier07680: tasks 18312-18316,18318,18320-18332,18334-18342,18344-18351,18353-18354,18356-18358,18360,18362,18364,18366-18367: Terminated
srun: error: frontier09022: tasks 25999,26007,26015,26023,26031,26039: Terminated
srun: error: frontier02425: tasks 4032-4038,4040-4086: Terminated
srun: error: frontier10174: tasks 28505,28521,28547,28550-28551,28559: Terminated
srun: error: frontier06653: tasks 15232-15250,15252-15256,15258-15264,15266-15282,15284-15286: Terminated
srun: error: frontier07027: tasks 16745,16751,16773,16783,16787,16797: Terminated
srun: error: frontier07413: tasks 17752-17754,17756,17758,17760-17770,17772,17774,17776-17784,17786-17792,17794-17796,17798,17800-17802,17804,17806: Terminated
srun: error: frontier08518: tasks 22792-22794,22796-22802,22804,22806-22810,22812-22826,22828,22832-22836,22838,22840-22842,22844,22846: Terminated
srun: error: frontier07912: tasks 19271,19279,19286,19288,19304,19307,19311-19312: Terminated
srun: error: frontier02401: tasks 3823,3849,3855,3861,3863: Terminated
srun: error: frontier08799: tasks 24983,24989,24993,24995,24997,24999,25009,25011,25023,25027,25030: Terminated
srun: error: frontier05485: tasks 11997,12001,12003,12011,12018,12025,12031,12039: Terminated
srun: error: frontier09022: tasks 25984-25998,26000-26006,26008-26014,26016-26022,26024-26030,26032-26038: Terminated
srun: error: frontier10174: tasks 28504,28506-28520,28522-28546,28548-28549,28552-28558: Terminated
srun: error: frontier07027: tasks 16744,16746-16750,16752-16772,16774-16782,16784-16786,16788-16796,16798-16799: Terminated
srun: error: frontier09416: tasks 28000-28028,28030-28036,28038,28040-28048,28050,28052-28054: Terminated
srun: error: frontier08678: tasks 24248,24250,24252-24288,24290-24303: Terminated
srun: error: frontier07550: tasks 18088-18101,18103-18141,18143: Terminated
srun: error: frontier07912: tasks 19264-19270,19272-19278,19280-19285,19287,19289-19303,19305-19306,19308-19310,19313-19319: Terminated
srun: error: frontier02401: tasks 3808-3822,3824-3848,3850-3854,3856-3860,3862: Terminated
srun: error: frontier08799: tasks 24976-24982,24984-24988,24990-24992,24994,24996,24998,25000-25008,25010,25012-25022,25024-25026,25028-25029,25031: Terminated
srun: error: frontier05485: tasks 11984-11996,11998-12000,12002,12004-12010,12012-12017,12019-12024,12026-12030,12032-12038: Terminated
srun: Force Terminated StepId=5137550.108
[... 466 further lines matching: srun: error: frontier#: tasks #-#: Terminated ...]
[... 8 further lines matching: srun: error: frontier#: tasks #,#: Terminated ...]
[... 7 further lines matching: srun: error: frontier#: tasks #,#,#: Terminated ...]
[... 6 further lines matching: srun: error: frontier#: tasks #-#,#-#,#-#,#-#: Terminated ...]
[... 6 further lines matching: srun: error: frontier#: tasks #-#,#-#: Terminated ...]
[... 5 further lines matching: srun: error: frontier#: tasks #-#,#-#,#-#: Terminated ...]
[... 4 further lines matching: srun: error: frontier#: task #: Terminated ...]
[... 3 further lines matching: srun: error: frontier#: tasks #-#,#-#,#-#,#-#,#-#: Terminated ...]
[... 2 further lines matching: srun: error: frontier#: tasks #,#,#,#: Terminated ...]
[... 1 further lines matching: srun: error: frontier#: tasks #,#,#,#,#,#: Terminated ...]
Running frontier nodes=512 ranks_per_node=56 dist=lockfree_rma mode=fixed expected_us=100 max_upper_fanout=-1
RESULT distributor=lockfree_rma mode=fixed expected_us=100 nodes=512 world_size=28672 max_upper_fanout=-1 total_tasks=2394015 elapsed_s=20.0578 throughput_tasks_per_s=119356
MPICH Notice [Rank 0] [job id 5137550.109] [Sun Aug  2 04:01:01 2026] [frontier00096] - Abort(0) (rank 0 in comm 0): application called MPI_Abort(MPI_COMM_WORLD, 0) - process 0
aborting job:
application called MPI_Abort(MPI_COMM_WORLD, 0) - process 0
srun: error: frontier00096: task 0: Exited with exit code 255
srun: Terminating StepId=5137550.109
[2026-08-02T04:01:06.096] error: *** STEP 5137550.109 ON frontier00096 CANCELLED AT 2026-08-02T04:01:06 DUE TO TASK FAILURE ***
srun: error: frontier02679: tasks 5152-5207: Terminated
srun: error: frontier09026: tasks 26208-26263: Terminated
srun: error: frontier02151: tasks 3248-3252,3254-3303: Terminated
srun: error: frontier08432: tasks 22575,22591,22599,22615,22623: Terminated
srun: error: frontier00353: tasks 840-857,859-872,874-895: Terminated
srun: error: frontier02151: task 3253: Terminated
srun: error: frontier00353: tasks 858,873: Terminated
srun: error: frontier02790: tasks 5824-5828,5830-5879: Terminated
srun: error: frontier08432: tasks 22568-22574,22576-22590,22592-22598,22600-22614,22616-22622: Terminated
srun: error: frontier08899: tasks 25211,25213,25221,25225,25229,25231,25233,25241,25245,25251,25253: Terminated
srun: error: frontier02790: task 5829: Terminated
srun: error: frontier07769: tasks 18495,18535: Terminated
srun: error: frontier02026: tasks 3025-3029,3031-3037,3039-3051,3054-3061,3063-3065,3067,3069-3076,3078-3079: Terminated
srun: error: frontier07535: tasks 17933,17935,17962,17964-17965,17968-17969,17971,17973,17975: Terminated
srun: error: frontier08899: tasks 25200-25210,25212,25214-25220,25222-25224,25226-25228,25230,25232,25234-25240,25242-25244,25246-25250,25252,25254-25255: Terminated
srun: error: frontier00250: tasks 728-737,739-756,758-783: Terminated
srun: error: frontier02026: tasks 3024,3030,3038,3052-3053,3062,3066,3068,3077: Terminated
srun: error: frontier07535: tasks 17920-17932,17934,17936-17961,17963,17966-17967,17970,17972,17974: Terminated
srun: Force Terminated StepId=5137550.109
[... 489 further lines matching: srun: error: frontier#: tasks #-#: Terminated ...]
[... 13 further lines matching: srun: error: frontier#: tasks #-#,#-#: Terminated ...]
[... 11 further lines matching: srun: error: frontier#: task #: Terminated ...]
[... 2 further lines matching: srun: error: frontier#: tasks #,#: Terminated ...]
Running frontier nodes=512 ranks_per_node=56 dist=lockfree_rma mode=fixed expected_us=1000 max_upper_fanout=-1
srun: Step created for StepId=5137550.110
RESULT distributor=lockfree_rma mode=fixed expected_us=1000 nodes=512 world_size=28672 max_upper_fanout=-1 total_tasks=1723118 elapsed_s=20.102 throughput_tasks_per_s=85718.7
MPICH Notice [Rank 0] [job id 5137550.110] [Sun Aug  2 04:02:03 2026] [frontier00096] - Abort(0) (rank 0 in comm 0): application called MPI_Abort(MPI_COMM_WORLD, 0) - process 0
aborting job:
application called MPI_Abort(MPI_COMM_WORLD, 0) - process 0
srun: error: frontier00096: task 0: Exited with exit code 255
srun: Terminating StepId=5137550.110
[2026-08-02T04:02:08.727] error: *** STEP 5137550.110 ON frontier00096 CANCELLED AT 2026-08-02T04:02:08 DUE TO TASK FAILURE ***
srun: error: frontier04199: tasks 10087,10099,10103,10120,10129,10131: Terminated
srun: error: frontier08270: tasks 21280,21283-21284,21286-21287,21289,21291,21293-21295,21299,21303,21307,21309-21312,21316-21317,21321,21323-21329,21331,21333-21335: Terminated
srun: error: frontier05746: task 12605: Terminated
srun: error: frontier05484: tasks 11928-11983: Terminated
srun: error: frontier09026: tasks 26208-26263: Terminated
srun: error: frontier04199: tasks 10080-10086,10088-10098,10100-10102,10104-10119,10121-10128,10130,10132-10135: Terminated
srun: error: frontier08270: tasks 21281-21282,21285,21288,21290,21292,21296-21298,21300-21302,21304-21306,21308,21313-21315,21318-21320,21322,21330,21332: Terminated
srun: error: frontier05746: tasks 12600-12604,12606-12655: Terminated
srun: error: frontier02424: tasks 3977,3993: Terminated
srun: error: frontier09289: tasks 27567,27599: Terminated
srun: error: frontier09165: task 27007: Terminated
srun: error: frontier06141: tasks 14000-14046,14048-14055: Terminated
srun: error: frontier04722: tasks 10927,10935,10951,10959,10975: Terminated
srun: error: frontier05758: tasks 12783-12784,12790,12807,12815,12823: Terminated
srun: error: frontier02424: tasks 3976,3978-3992,3994-4031: Terminated
srun: error: frontier09289: tasks 27552-27566,27568-27598,27600-27607: Terminated
srun: error: frontier08289: tasks 21560-21574,21576-21583,21585-21614: Terminated
srun: error: frontier08409: tasks 22195,22208,22216,22221: Terminated
srun: error: frontier07767: tasks 18425-18430,18433,18436-18437,18439-18444,18446-18447,18450,18452-18453,18455-18457,18459,18464,18467-18469,18473,18475-18479: Terminated
srun: error: frontier04323: tasks 10434,10455,10463: Terminated
srun: error: frontier06762: tasks 15461,15475,15493,15501: Terminated
srun: error: frontier06761: tasks 15401,15415,15417,15431,15439: Terminated
srun: error: frontier04978: tasks 11144-11148,11151,11153,11155-11157,11161-11169,11171,11173-11179,11181-11185,11187-11191,11193,11195-11199: Terminated
srun: error: frontier07027: tasks 16744-16753,16755-16759,16761-16770,16772-16794,16796-16799: Terminated
srun: error: frontier04722: tasks 10920-10926,10928-10934,10936-10950,10952-10958,10960-10974: Terminated
srun: error: frontier02516: tasks 4373,4381,4393: Terminated
srun: error: frontier02518: tasks 4427,4431,4447,4453,4463,4479: Terminated
srun: error: frontier07767: tasks 18424,18431-18432,18434-18435,18438,18445,18448-18449,18451,18454,18458,18460-18463,18465-18466,18470-18472,18474: Terminated
srun: error: frontier02154: tasks 3311-3312,3315-3316,3319,3323,3329,3333,3337,3339,3342-3343,3345-3346,3355-3356: Terminated
srun: error: frontier04323: tasks 10416-10433,10435-10454,10456-10462,10464-10471: Terminated
srun: error: frontier06761: tasks 15400,15402-15414,15416,15418-15430,15432-15438,15440-15455: Terminated
srun: error: frontier04978: tasks 11149-11150,11152,11154,11158-11160,11170,11172,11180,11186,11192,11194: Terminated
srun: error: frontier02516: tasks 4368-4372,4374-4380,4382-4392,4394-4423: Terminated
srun: error: frontier08268: tasks 21168-21198,21200-21204,21206-21210,21212,21214,21216-21223: Terminated
srun: error: frontier02518: tasks 4424-4426,4428-4430,4432-4446,4448-4452,4454-4462,4464-4478: Terminated
srun: error: frontier00348: tasks 784-790,792-800,802,804,806-830,832-834,836-839: Terminated
srun: error: frontier02154: tasks 3304-3310,3313-3314,3317-3318,3320-3322,3324-3328,3330-3332,3334-3336,3338,3340-3341,3344,3347-3354,3357-3359: Terminated
srun: Force Terminated StepId=5137550.110
[... 480 further lines matching: srun: error: frontier#: tasks #-#: Terminated ...]
[... 5 further lines matching: srun: error: frontier#: tasks #-#,#-#: Terminated ...]
[... 4 further lines matching: srun: error: frontier#: tasks #,#: Terminated ...]
[... 4 further lines matching: srun: error: frontier#: task #: Terminated ...]
[... 4 further lines matching: srun: error: frontier#: tasks #-#,#-#,#-#,#-#,#-#: Terminated ...]
[... 3 further lines matching: srun: error: frontier#: tasks #-#,#-#,#-#: Terminated ...]
[... 2 further lines matching: srun: error: frontier#: tasks #,#,#,#: Terminated ...]
[... 1 further lines matching: srun: error: frontier#: tasks #,#,#,#,#: Terminated ...]
[... 1 further lines matching: srun: error: frontier#: tasks #,#,#: Terminated ...]
[... 1 further lines matching: srun: error: frontier#: tasks #,#,#,#,#,#: Terminated ...]
Running frontier nodes=512 ranks_per_node=56 dist=lockfree_rma mode=fixed expected_us=10000 max_upper_fanout=-1
srun: Step created for StepId=5137550.111
RESULT distributor=lockfree_rma mode=fixed expected_us=10000 nodes=512 world_size=28672 max_upper_fanout=-1 total_tasks=1901522 elapsed_s=20.0755 throughput_tasks_per_s=94718.6
MPICH Notice [Rank 0] [job id 5137550.111] [Sun Aug  2 04:03:05 2026] [frontier00096] - Abort(0) (rank 0 in comm 0): application called MPI_Abort(MPI_COMM_WORLD, 0) - process 0
aborting job:
application called MPI_Abort(MPI_COMM_WORLD, 0) - process 0
srun: error: frontier00096: task 0: Exited with exit code 255
srun: Terminating StepId=5137550.111
[2026-08-02T04:03:12.072] error: *** STEP 5137550.111 ON frontier00096 CANCELLED AT 2026-08-02T04:03:12 DUE TO TASK FAILURE ***
srun: error: frontier08801: tasks 25032-25087: Terminated
srun: error: frontier04199: tasks 10080-10135: Terminated
srun: error: frontier07667: tasks 18214,18239,18255: Terminated
srun: error: frontier08524: tasks 23128-23158,23160-23183: Terminated
srun: error: frontier02151: tasks 3251,3257,3277,3287: Terminated
srun: error: frontier02414: tasks 3926-3927,3935,3942-3943,3951,3967,3969,3975: Terminated
srun: error: frontier08524: task 23159: Terminated
srun: error: frontier05223: tasks 11368-11407,11409-11423: Terminated
srun: error: frontier07667: tasks 18200-18213,18215-18238,18240-18254: Terminated
srun: error: frontier02151: tasks 3248-3250,3252-3256,3258-3276,3278-3286,3288-3303: Terminated
srun: error: frontier02414: tasks 3920-3925,3928-3934,3936-3941,3944-3950,3952-3966,3968,3970-3974: Terminated
srun: error: frontier05223: task 11408: Terminated
srun: error: frontier09289: tasks 27583,27591,27599: Terminated
srun: error: frontier07413: tasks 17753,17755-17756,17758-17759,17761-17763,17765-17766,17769,17771-17776,17781-17783,17785,17789-17793,17796,17798-17799,17802-17803,17805-17807: Terminated
srun: error: frontier08919: tasks 25872,25887-25888,25920: Terminated
srun: error: frontier08899: tasks 25200-25210,25212-25214,25216-25218,25220-25247,25250-25255: Terminated
srun: error: frontier05236: tasks 11598,11609,11617,11635,11639,11647: Terminated
srun: error: frontier08918: tasks 25834,25847,25855,25863,25871: Terminated
srun: error: frontier01146: tasks 1703,1711,1719,1727,1733,1735: Terminated
srun: error: frontier09289: tasks 27552-27582,27584-27590,27592-27598,27600-27607: Terminated
srun: error: frontier04726: tasks 10991,10999,11007,11023,11031: Terminated
srun: error: frontier07413: tasks 17752,17754,17757,17760,17764,17767-17768,17770,17777-17780,17784,17786-17788,17794-17795,17797,17800-17801,17804: Terminated
srun: error: frontier08899: tasks 25211,25215,25219,25248-25249: Terminated
srun: error: frontier02653: tasks 4930-4931,4934,4942,4975: Terminated
srun: error: frontier08919: tasks 25873-25886,25889-25919,25921-25927: Terminated
srun: error: frontier05236: tasks 11592-11597,11599-11608,11610-11616,11618-11634,11636-11638,11640-11646: Terminated
srun: error: frontier07029: tasks 16857,16869,16873,16911: Terminated
srun: error: frontier01146: tasks 1680-1702,1704-1710,1712-1718,1720-1726,1728-1732,1734: Terminated
srun: error: frontier03151: tasks 7562,7565,7567,7573,7578,7582-7583,7586,7597,7599,7607,7610,7613,7615: Terminated
srun: error: frontier03143: tasks 7336,7338-7391: Terminated
srun: error: frontier08030: tasks 19880-19883,19885-19897,19899-19900,19902-19935: Terminated
srun: error: frontier07029: tasks 16856,16858-16868,16870-16872,16874-16910: Terminated
srun: error: frontier03151: tasks 7560-7561,7563-7564,7566,7568-7572,7574-7577,7579-7581,7584-7585,7587-7596,7598,7600-7606,7608-7609,7611-7612,7614: Terminated
srun: Force Terminated StepId=5137550.111
[... 481 further lines matching: srun: error: frontier#: tasks #-#: Terminated ...]
[... 12 further lines matching: srun: error: frontier#: tasks #-#,#-#: Terminated ...]
[... 12 further lines matching: srun: error: frontier#: task #: Terminated ...]
[... 3 further lines matching: srun: error: frontier#: tasks #-#,#-#,#-#,#-#,#-#: Terminated ...]
[... 1 further lines matching: srun: error: frontier#: tasks #,#,#: Terminated ...]
Running frontier nodes=512 ranks_per_node=56 dist=lockfree_rma mode=fixed expected_us=100000 max_upper_fanout=-1
srun: Step created for StepId=5137550.112
RESULT distributor=lockfree_rma mode=fixed expected_us=100000 nodes=512 world_size=28672 max_upper_fanout=-1 total_tasks=5138737 elapsed_s=20.0008 throughput_tasks_per_s=256927
MPICH Notice [Rank 0] [job id 5137550.112] [Sun Aug  2 04:04:09 2026] [frontier00096] - Abort(0) (rank 0 in comm 0): application called MPI_Abort(MPI_COMM_WORLD, 0) - process 0
aborting job:
application called MPI_Abort(MPI_COMM_WORLD, 0) - process 0
libfabric:685602:1785657849::cxi:core:cxip_fc_notify_cb():4991<warn> frontier08907: TXC (0x25c00:48):: Unexpected event status, ACK rc = PTLTE_NOT_FOUND
libfabric:3624509:1785657849::cxi:core:cxip_fc_notify_cb():4991<warn> frontier06400: TXC (0x1bf82:40):: Unexpected event status, ACK rc = PTLTE_NOT_FOUND
libfabric:253215:1785657849::cxi:core:cxip_fc_notify_cb():4991<warn> frontier03700: TXC (0x117a3:33):: Unexpected event status, ACK rc = PTLTE_NOT_FOUND
libfabric:1693034:1785657849::cxi:core:cxip_fc_notify_cb():4991<warn> frontier09167: TXC (0x28443:14):: Unexpected event status, ACK rc = PTLTE_NOT_FOUND
libfabric:1620968:1785657849::cxi:core:cxip_fc_notify_cb():4991<warn> frontier07903: TXC (0x21d43:54):: Unexpected event status, ACK rc = PTLTE_NOT_FOUND
libfabric:3097648:1785657849::cxi:core:cxip_fc_notify_cb():4991<warn> frontier04325: TXC (0x13e70:15):: Unexpected event status, ACK rc = PTLTE_NOT_FOUND
libfabric:764823:1785657849::cxi:core:cxip_fc_notify_cb():4991<warn> frontier06266: TXC (0x1b7d1:6):: Unexpected event status, ACK rc = PTLTE_NOT_FOUND
libfabric:353176:1785657849::cxi:core:cxip_fc_notify_cb():4991<warn> frontier03317: TXC (0xff31:24):: Unexpected event status, ACK rc = PTLTE_NOT_FOUND
libfabric:945571:1785657849::cxi:core:cxip_fc_notify_cb():4991<warn> frontier03146: TXC (0xf490:8):: Unexpected event status, ACK rc = PTLTE_NOT_FOUND
libfabric:1116043:1785657849::cxi:core:cxip_fc_notify_cb():4991<warn> frontier08294: TXC (0x236b1:40):: Unexpected event status, ACK rc = PTLTE_NOT_FOUND
libfabric:246256:1785657849::cxi:core:cxip_fc_notify_cb():4991<warn> frontier01277: TXC (0x7f12:33):: Unexpected event status, ACK rc = PTLTE_NOT_FOUND
libfabric:1055249:1785657849::cxi:core:cxip_fc_notify_cb():4991<warn> frontier07265: TXC (0x1f633:41):: Unexpected event status, ACK rc = PTLTE_NOT_FOUND
libfabric:154852:1785657849::cxi:core:cxip_fc_notify_cb():4991<warn> frontier04452: TXC (0x146a2:28):: Unexpected event status, ACK rc = PTLTE_NOT_FOUND
libfabric:1098927:1785657849::cxi:core:cxip_fc_notify_cb():4991<warn> frontier01776: TXC (0x9e83:21):: Unexpected event status, ACK rc = PTLTE_NOT_FOUND
libfabric:3561985:1785657849::cxi:core:cxip_fc_notify_cb():4991<warn> frontier02518: TXC (0xcdb1:25):: Unexpected event status, ACK rc = PTLTE_NOT_FOUND
libfabric:3342706:1785657849::cxi:core:cxip_fc_notify_cb():4991<warn> frontier09022: TXC (0x26393:4):: Unexpected event status, ACK rc = PTLTE_NOT_FOUND
libfabric:1108649:1785657849::cxi:core:cxip_fc_notify_cb():4991<warn> frontier10175: TXC (0x26b42:42):: Unexpected event status, ACK rc = PTLTE_NOT_FOUND
libfabric:441246:1785657849::cxi:core:cxip_fc_notify_cb():4991<warn> frontier03038: TXC (0xed93:4):: Unexpected event status, ACK rc = PTLTE_NOT_FOUND
libfabric:1577452:1785657849::cxi:core:cxip_fc_notify_cb():4991<warn> frontier01909: TXC (0xa730:21):: Unexpected event status, ACK rc = PTLTE_NOT_FOUND
libfabric:1694147:1785657849::cxi:core:cxip_fc_notify_cb():4991<warn> frontier06650: TXC (0x1cf91:44):: Unexpected event status, ACK rc = PTLTE_NOT_FOUND
libfabric:1377255:1785657849::cxi:core:cxip_fc_notify_cb():4991<warn> frontier02023: TXC (0xae61:42):: Unexpected event status, ACK rc = PTLTE_NOT_FOUND
libfabric:71428:1785657849::cxi:core:cxip_fc_notify_cb():4991<warn> frontier08395: TXC (0x23c01:13):: Unexpected event status, ACK rc = PTLTE_NOT_FOUND
libfabric:3279684:1785657849::cxi:core:cxip_fc_notify_cb():4991<warn> frontier08782: TXC (0x254d3:15):: Unexpected event status, ACK rc = PTLTE_NOT_FOUND
libfabric:1724598:1785657849::cxi:core:cxip_fc_notify_cb():4991<warn> frontier06109: TXC (0x1ad53:54):: Unexpected event status, ACK rc = PTLTE_NOT_FOUND
libfabric:419331:1785657849::cxi:core:cxip_fc_notify_cb():4991<warn> frontier07413: TXC (0x1ff71:26):: Unexpected event status, ACK rc = PTLTE_NOT_FOUND
libfabric:1970814:1785657849::cxi:core:cxip_fc_notify_cb():4991<warn> frontier02927: TXC (0xe642:19):: Unexpected event status, ACK rc = PTLTE_NOT_FOUND
libfabric:3558585:1785657849::cxi:core:cxip_fc_notify_cb():4991<warn> frontier03185: TXC (0xf772:7):: Unexpected event status, ACK rc = PTLTE_NOT_FOUND
libfabric:3667638:1785657849::cxi:core:cxip_fc_notify_cb():4991<warn> frontier02784: TXC (0xddc2:26):: Unexpected event status, ACK rc = PTLTE_NOT_FOUND
libfabric:3070797:1785657849::cxi:core:cxip_fc_notify_cb():4991<warn> frontier08902: TXC (0x25cf1:51):: Unexpected event status, ACK rc = PTLTE_NOT_FOUND
libfabric:2714406:1785657849::cxi:core:cxip_fc_notify_cb():4991<warn> frontier03150: TXC (0xf4d2:11):: Unexpected event status, ACK rc = PTLTE_NOT_FOUND
libfabric:1303013:1785657849::cxi:core:cxip_fc_notify_cb():4991<warn> frontier06770: TXC (0x1d7b3:0):: Unexpected event status, ACK rc = PTLTE_NOT_FOUND
libfabric:597998:1785657849::cxi:core:cxip_fc_notify_cb():4991<warn> frontier07912: TXC (0x21ea1:8):: Unexpected event status, ACK rc = PTLTE_NOT_FOUND
libfabric:3186716:1785657849::cxi:core:cxip_fc_notify_cb():4991<warn> frontier01910: TXC (0xa7b1:8):: Unexpected event status, ACK rc = PTLTE_NOT_FOUND
libfabric:720649:1785657849::cxi:core:cxip_fc_notify_cb():4991<warn> frontier07916: TXC (0x21ec0:43):: Unexpected event status, ACK rc = PTLTE_NOT_FOUND
libfabric:1265157:1785657849::cxi:core:cxip_fc_notify_cb():4991<warn> frontier06896: TXC (0x1de82:9):: Unexpected event status, ACK rc = PTLTE_NOT_FOUND
libfabric:1893214:1785657849::cxi:core:cxip_fc_notify_cb():4991<warn> frontier08136: TXC (0x22ce1:43):: Unexpected event status, ACK rc = PTLTE_NOT_FOUND
libfabric:1329439:1785657849::cxi:core:cxip_fc_notify_cb():4991<warn> frontier04078: TXC (0x12ed3:14):: Unexpected event status, ACK rc = PTLTE_NOT_FOUND
libfabric:3391040:1785657849::cxi:core:cxip_fc_notify_cb():4991<warn> frontier07157: TXC (0x1ef31:24):: Unexpected event status, ACK rc = PTLTE_NOT_FOUND
libfabric:1218218:1785657849::cxi:core:cxip_fc_notify_cb():4991<warn> frontier06887: TXC (0x1de61:43):: Unexpected event status, ACK rc = PTLTE_NOT_FOUND
libfabric:3190401:1785657849::cxi:core:cxip_fc_notify_cb():4991<warn> frontier01268: TXC (0x7fa2:12):: Unexpected event status, ACK rc = PTLTE_NOT_FOUND
libfabric:139907:1785657849::cxi:core:cxip_fc_notify_cb():4991<warn> frontier02783: TXC (0xdd43:39):: Unexpected event status, ACK rc = PTLTE_NOT_FOUND
libfabric:129956:1785657849::cxi:core:cxip_fc_notify_cb():4991<warn> frontier06911: TXC (0x1df42:2):: Unexpected event status, ACK rc = PTLTE_NOT_FOUND
libfabric:129661:1785657849::cxi:core:cxip_fc_notify_cb():4991<warn> frontier09344: TXC (0x28fc3:23):: Unexpected event status, ACK rc = PTLTE_NOT_FOUND
libfabric:1991497:1785657849::cxi:core:cxip_fc_notify_cb():4991<warn> frontier07296: TXC (0x1f7c3:6):: Unexpected event status, ACK rc = PTLTE_NOT_FOUND
libfabric:1932043:1785657849::cxi:core:cxip_fc_notify_cb():4991<warn> frontier02424: TXC (0xc7e0:38):: Unexpected event status, ACK rc = PTLTE_NOT_FOUND
libfabric:1161251:1785657849::cxi:core:cxip_fc_notify_cb():4991<warn> frontier07411: TXC (0x1ff22:45):: Unexpected event status, ACK rc = PTLTE_NOT_FOUND
libfabric:2914550:1785657849::cxi:core:cxip_fc_notify_cb():4991<warn> frontier07156: TXC (0x1efe3:50):: Unexpected event status, ACK rc = PTLTE_NOT_FOUND
libfabric:3040116:1785657849::cxi:core:cxip_fc_notify_cb():4991<warn> frontier05620: TXC (0x18fa3:25):: Unexpected event status, ACK rc = PTLTE_NOT_FOUND
libfabric:3624517:1785657849::cxi:core:cxip_fc_notify_cb():4991<warn> frontier06400: TXC (0x1bf82:48):: Unexpected event status, ACK rc = PTLTE_NOT_FOUND
libfabric:1763944:1785657849::cxi:core:cxip_fc_notify_cb():4991<warn> frontier02776: TXC (0xdde0:54):: Unexpected event status, ACK rc = PTLTE_NOT_FOUND
libfabric:655092:1785657849::cxi:core:cxip_fc_notify_cb():4991<warn> frontier08678: TXC (0x24ef1:50):: Unexpected event status, ACK rc = PTLTE_NOT_FOUND
libfabric:2876458:1785657849::cxi:core:cxip_fc_notify_cb():4991<warn> frontier08664: TXC (0x24da1:41):: Unexpected event status, ACK rc = PTLTE_NOT_FOUND
libfabric:1363564:1785657849::cxi:core:cxip_fc_notify_cb():4991<warn> frontier08134: TXC (0x22cb1:17):: Unexpected event status, ACK rc = PTLTE_NOT_FOUND
libfabric:1635086:1785657849::cxi:core:cxip_fc_notify_cb():4991<warn> frontier06008: TXC (0x1a7a1:24):: Unexpected event status, ACK rc = PTLTE_NOT_FOUND
libfabric:1157369:1785657849::cxi:core:cxip_fc_notify_cb():4991<warn> frontier07412: TXC (0x1ffa3:0):: Unexpected event status, ACK rc = PTLTE_NOT_FOUND
libfabric:3589786:1785657849::cxi:core:cxip_fc_notify_cb():4991<warn> frontier02803: TXC (0xdf62:55):: Unexpected event status, ACK rc = PTLTE_NOT_FOUND
libfabric:698494:1785657849::cxi:core:cxip_fc_notify_cb():4991<warn> frontier02900: TXC (0xe5a3:25):: Unexpected event status, ACK rc = PTLTE_NOT_FOUND
libfabric:2074938:1785657849::cxi:core:cxip_fc_notify_cb():4991<warn> frontier06113: TXC (0x1ae33:16):: Unexpected event status, ACK rc = PTLTE_NOT_FOUND
libfabric:764871:1785657849::cxi:core:cxip_fc_notify_cb():4991<warn> frontier06266: TXC (0x1b7d1:54):: Unexpected event status, ACK rc = PTLTE_NOT_FOUND
libfabric:353203:1785657849::cxi:core:cxip_fc_notify_cb():4991<warn> frontier03317: TXC (0xff71:51):: Unexpected event status, ACK rc = PTLTE_NOT_FOUND
libfabric:552416:1785657849::cxi:core:cxip_fc_notify_cb():4991<warn> frontier02043: TXC (0xaf01:44):: Unexpected event status, ACK rc = PTLTE_NOT_FOUND
libfabric:1018820:1785657849::cxi:core:cxip_fc_notify_cb():4991<warn> frontier06115: TXC (0x1ae62:23):: Unexpected event status, ACK rc = PTLTE_NOT_FOUND
libfabric:945610:1785657849::cxi:core:cxip_fc_notify_cb():4991<warn> frontier03146: TXC (0xf4d1:47):: Unexpected event status, ACK rc = PTLTE_NOT_FOUND
libfabric:1933104:1785657849::cxi:core:cxip_fc_notify_cb():4991<warn> frontier03318: TXC (0xffb1:17):: Unexpected event status, ACK rc = PTLTE_NOT_FOUND
libfabric:158747:1785657849::cxi:core:cxip_fc_notify_cb():4991<warn> frontier02903: TXC (0xe561:35):: Unexpected event status, ACK rc = PTLTE_NOT_FOUND
libfabric:441249:1785657849::cxi:core:cxip_fc_notify_cb():4991<warn> frontier03038: TXC (0xedd3:7):: Unexpected event status, ACK rc = PTLTE_NOT_FOUND
libfabric:1694141:1785657849::cxi:core:cxip_fc_notify_cb():4991<warn> frontier06650: TXC (0x1cfd1:38):: Unexpected event status, ACK rc = PTLTE_NOT_FOUND
libfabric:1346490:1785657849::cxi:core:cxip_fc_notify_cb():4991<warn> frontier02425: TXC (0xc711:28):: Unexpected event status, ACK rc = PTLTE_NOT_FOUND
libfabric:1125802:1785657849::cxi:core:cxip_fc_notify_cb():4991<warn> frontier02158: TXC (0xb692:9):: Unexpected event status, ACK rc = PTLTE_NOT_FOUND
libfabric:1377224:1785657849::cxi:core:cxip_fc_notify_cb():4991<warn> frontier02023: TXC (0xae61:11):: Unexpected event status, ACK rc = PTLTE_NOT_FOUND
libfabric:1724566:1785657849::cxi:core:cxip_fc_notify_cb():4991<warn> frontier06109: TXC (0x1ad53:22):: Unexpected event status, ACK rc = PTLTE_NOT_FOUND
libfabric:265915:1785657849::cxi:core:cxip_fc_notify_cb():4991<warn> frontier03311: TXC (0xfe43:54):: Unexpected event status, ACK rc = PTLTE_NOT_FOUND
libfabric:2971966:1785657849::cxi:core:cxip_fc_notify_cb():4991<warn> frontier06142: TXC (0x1af93:13):: Unexpected event status, ACK rc = PTLTE_NOT_FOUND
libfabric:3996416:1785657849::cxi:core:cxip_fc_notify_cb():4991<warn> frontier08900: TXC (0x25ce2:23):: Unexpected event status, ACK rc = PTLTE_NOT_FOUND
libfabric:1653007:1785657849::cxi:core:cxip_fc_notify_cb():4991<warn> frontier09300: TXC (0x28da2:44):: Unexpected event status, ACK rc = PTLTE_NOT_FOUND
libfabric:3332991:1785657849::cxi:core:cxip_fc_notify_cb():4991<warn> frontier02779: TXC (0xdd00:33):: Unexpected event status, ACK rc = PTLTE_NOT_FOUND
libfabric:1907819:1785657849::cxi:core:cxip_fc_notify_cb():4991<warn> frontier05876: TXC (0x19fe3:3):: Unexpected event status, ACK rc = PTLTE_NOT_FOUND
libfabric:841634:1785657849::cxi:core:cxip_fc_notify_cb():4991<warn> frontier08420: TXC (0x23ee2:55):: Unexpected event status, ACK rc = PTLTE_NOT_FOUND
libfabric:919401:1785657849::cxi:core:cxip_fc_notify_cb():4991<warn> frontier06762: TXC (0x1d6d0:26):: Unexpected event status, ACK rc = PTLTE_NOT_FOUND
libfabric:3667662:1785657849::cxi:core:cxip_fc_notify_cb():4991<warn> frontier02784: TXC (0xddc2:50):: Unexpected event status, ACK rc = PTLTE_NOT_FOUND
libfabric:1022767:1785657849::cxi:core:cxip_fc_notify_cb():4991<warn> frontier02150: TXC (0xb6f1:3):: Unexpected event status, ACK rc = PTLTE_NOT_FOUND
libfabric:1303021:1785657849::cxi:core:cxip_fc_notify_cb():4991<warn> frontier06770: TXC (0x1d7b3:8):: Unexpected event status, ACK rc = PTLTE_NOT_FOUND
libfabric:598023:1785657849::cxi:core:cxip_fc_notify_cb():4991<warn> frontier07912: TXC (0x21ea1:33):: Unexpected event status, ACK rc = PTLTE_NOT_FOUND
libfabric:1489954:1785657849::cxi:core:cxip_fc_notify_cb():4991<warn> frontier03292: TXC (0xfd81:4):: Unexpected event status, ACK rc = PTLTE_NOT_FOUND
libfabric:3186724:1785657849::cxi:core:cxip_fc_notify_cb():4991<warn> frontier01910: TXC (0xa7b1:16):: Unexpected event status, ACK rc = PTLTE_NOT_FOUND
libfabric:418376:1785657849::cxi:core:cxip_fc_notify_cb():4991<warn> frontier03156: TXC (0xf5a2:37):: Unexpected event status, ACK rc = PTLTE_NOT_FOUND
libfabric:720625:1785657849::cxi:core:cxip_fc_notify_cb():4991<warn> frontier07916: TXC (0x21ec0:19):: Unexpected event status, ACK rc = PTLTE_NOT_FOUND
libfabric:3926057:1785657849::cxi:core:cxip_fc_notify_cb():4991<warn> frontier08398: TXC (0x23cd2:26):: Unexpected event status, ACK rc = PTLTE_NOT_FOUND
libfabric:1329448:1785657849::cxi:core:cxip_fc_notify_cb():4991<warn> frontier04078: TXC (0x12ed3:23):: Unexpected event status, ACK rc = PTLTE_NOT_FOUND
libfabric:1072447:1785657849::cxi:core:cxip_fc_notify_cb():4991<warn> frontier07890: TXC (0x21df3:27):: Unexpected event status, ACK rc = PTLTE_NOT_FOUND
libfabric:88362:1785657849::cxi:core:cxip_fc_notify_cb():4991<warn> frontier02509: TXC (0xcc53:6):: Unexpected event status, ACK rc = PTLTE_NOT_FOUND
libfabric:2525167:1785657849::cxi:core:cxip_fc_notify_cb():4991<warn> frontier03584: TXC (0x10fc2:18):: Unexpected event status, ACK rc = PTLTE_NOT_FOUND
libfabric:549234:1785657849::cxi:core:cxip_fc_notify_cb():4991<warn> frontier02511: TXC (0xcc02:41):: Unexpected event status, ACK rc = PTLTE_NOT_FOUND
libfabric:519532:1785657849::cxi:core:cxip_fc_notify_cb():4991<warn> frontier02302: TXC (0xbf92:24):: Unexpected event status, ACK rc = PTLTE_NOT_FOUND
libfabric:3470531:1785657849::cxi:core:cxip_fc_notify_cb():4991<warn> frontier03031: TXC (0xed60:55):: Unexpected event status, ACK rc = PTLTE_NOT_FOUND
libfabric:2739995:1785657849::cxi:core:cxip_fc_notify_cb():4991<warn> frontier08132: TXC (0x22ca3:32):: Unexpected event status, ACK rc = PTLTE_NOT_FOUND
libfabric:862241:1785657849::cxi:core:cxip_fc_notify_cb():4991<warn> frontier02151: TXC (0xb620:13):: Unexpected event status, ACK rc = PTLTE_NOT_FOUND
libfabric:893872:1785657849::cxi:core:cxip_fc_notify_cb():4991<warn> frontier05118: TXC (0x16fd2:19):: Unexpected event status, ACK rc = PTLTE_NOT_FOUND
libfabric:3687072:1785657849::cxi:core:cxip_fc_notify_cb():4991<warn> frontier02788: TXC (0xdea2:5):: Unexpected event status, ACK rc = PTLTE_NOT_FOUND
libfabric:1991510:1785657849::cxi:core:cxip_fc_notify_cb():4991<warn> frontier07296: TXC (0x1f7c2:19):: Unexpected event status, ACK rc = PTLTE_NOT_FOUND
libfabric:1932052:1785657849::cxi:core:cxip_fc_notify_cb():4991<warn> frontier02424: TXC (0xc7e0:47):: Unexpected event status, ACK rc = PTLTE_NOT_FOUND
libfabric:2779683:1785657849::cxi:core:cxip_fc_notify_cb():4991<warn> frontier06381: TXC (0x1be52:50):: Unexpected event status, ACK rc = PTLTE_NOT_FOUND
libfabric:2783736:1785657849::cxi:core:cxip_fc_notify_cb():4991<warn> frontier06898: TXC (0x1dfb2:36):: Unexpected event status, ACK rc = PTLTE_NOT_FOUND
libfabric:121028:1785657849::cxi:core:cxip_fc_notify_cb():4991<warn> frontier02683: TXC (0xd740:10):: Unexpected event status, ACK rc = PTLTE_NOT_FOUND
libfabric:1020539:1785657849::cxi:core:cxip_fc_notify_cb():4991<warn> frontier02540: TXC (0xcec0:10):: Unexpected event status, ACK rc = PTLTE_NOT_FOUND
libfabric:2914535:1785657849::cxi:core:cxip_fc_notify_cb():4991<warn> frontier07156: TXC (0x1efe3:35):: Unexpected event status, ACK rc = PTLTE_NOT_FOUND
libfabric:1105576:1785657849::cxi:core:cxip_fc_notify_cb():4991<warn> frontier06110: TXC (0x1add3:31):: Unexpected event status, ACK rc = PTLTE_NOT_FOUND
libfabric:1763913:1785657849::cxi:core:cxip_fc_notify_cb():4991<warn> frontier02776: TXC (0xdde0:23):: Unexpected event status, ACK rc = PTLTE_NOT_FOUND
libfabric:1837161:1785657849::cxi:core:cxip_fc_notify_cb():4991<warn> frontier09298: TXC (0x28db3:24):: Unexpected event status, ACK rc = PTLTE_NOT_FOUND
libfabric:3874930:1785657849::cxi:core:cxip_fc_notify_cb():4991<warn> frontier02898: TXC (0xe5f2:55):: Unexpected event status, ACK rc = PTLTE_NOT_FOUND
libfabric:185677:1785657849::cxi:core:cxip_fc_notify_cb():4991<warn> frontier03290: TXC (0xfd90:17):: Unexpected event status, ACK rc = PTLTE_NOT_FOUND
libfabric:2532319:1785657849::cxi:core:cxip_fc_notify_cb():4991<warn> frontier01528: TXC (0x8fe1:2):: Unexpected event status, ACK rc = PTLTE_NOT_FOUND
libfabric:1363572:1785657849::cxi:core:cxip_fc_notify_cb():4991<warn> frontier08134: TXC (0x22cb1:25):: Unexpected event status, ACK rc = PTLTE_NOT_FOUND
libfabric:3589733:1785657849::cxi:core:cxip_fc_notify_cb():4991<warn> frontier02803: TXC (0xdf63:2):: Unexpected event status, ACK rc = PTLTE_NOT_FOUND
libfabric:2928090:1785657849::cxi:core:cxip_fc_notify_cb():4991<warn> frontier03158: TXC (0xf5f1:2):: Unexpected event status, ACK rc = PTLTE_NOT_FOUND
libfabric:851850:1785657849::cxi:core:cxip_fc_notify_cb():4991<warn> frontier02508: TXC (0xccc1:39):: Unexpected event status, ACK rc = PTLTE_NOT_FOUND
libfabric:441257:1785657849::cxi:core:cxip_fc_notify_cb():4991<warn> frontier03038: TXC (0xedd3:15):: Unexpected event status, ACK rc = PTLTE_NOT_FOUND
libfabric:1694149:1785657849::cxi:core:cxip_fc_notify_cb():4991<warn> frontier06650: TXC (0x1cfd1:46):: Unexpected event status, ACK rc = PTLTE_NOT_FOUND
libfabric:2972006:1785657849::cxi:core:cxip_fc_notify_cb():4991<warn> frontier06142: TXC (0x1af93:53):: Unexpected event status, ACK rc = PTLTE_NOT_FOUND
libfabric:1022815:1785657849::cxi:core:cxip_fc_notify_cb():4991<warn> frontier02150: TXC (0xb6f1:51):: Unexpected event status, ACK rc = PTLTE_NOT_FOUND
libfabric:2779644:1785657849::cxi:core:cxip_fc_notify_cb():4991<warn> frontier06381: TXC (0x1be52:11):: Unexpected event status, ACK rc = PTLTE_NOT_FOUND
libfabric:1020540:1785657849::cxi:core:cxip_fc_notify_cb():4991<warn> frontier02540: TXC (0xcec0:11):: Unexpected event status, ACK rc = PTLTE_NOT_FOUND
libfabric:1837137:1785657849::cxi:core:cxip_fc_notify_cb():4991<warn> frontier09298: TXC (0x28db3:0):: Unexpected event status, ACK rc = PTLTE_NOT_FOUND
srun: error: frontier04199: task 10083: Aborted
srun: Terminating StepId=5137550.112
libfabric:1303051:1785657849::cxi:core:cxip_fc_notify_cb():4991<warn> frontier06770: TXC (0x1d7f2:38):: Unexpected event status, ACK rc = PTLTE_NOT_FOUND
srun: error: frontier06780: tasks 15688,15692-15693,15700,15708-15709,15716,15724,15732: Aborted
srun: error: frontier06898: task 16388: Aborted
srun: error: frontier02151: tasks 3261,3277: Aborted
libfabric:655062:1785657849::cxi:core:cxip_fc_notify_cb():4991<warn> frontier08678: TXC (0x24eb0:20):: Unexpected event status, ACK rc = PTLTE_NOT_FOUND
srun: error: frontier03038: tasks 7004,7007,7015,7027,7029,7037,7039: Aborted
srun: error: frontier07296: tasks 17531,17534,17547,17557-17558: Aborted
srun: error: frontier08395: tasks 21955,21964-21965,21979,21996-21997: Aborted
srun: error: frontier07667: tasks 18242,18252: Aborted
srun: error: frontier06650: tasks 15158,15164,15166: Aborted
[2026-08-02T04:04:09.903] error: *** STEP 5137550.112 ON frontier00096 CANCELLED AT 2026-08-02T04:04:09 DUE TO TASK FAILURE ***
srun: error: frontier06780: tasks 15680-15687,15689-15691,15694-15699,15701-15707,15710-15715,15717-15723,15725-15731,15733-15735: Terminated
srun: error: frontier08136: tasks 20723,20726,20731,20751,20758,20763,20766-20767,20770: Aborted
srun: error: frontier08801: tasks 25032-25087: Terminated
srun: error: frontier02679: tasks 5152-5207: Terminated
srun: error: frontier03038: task 7055: Aborted (core dumped)
srun: error: frontier08526: tasks 23257,23265,23273: Aborted
srun: error: frontier09028: tasks 26320,26328-26329,26336-26337,26343-26345,26352,26368-26369,26375: Aborted
srun: error: frontier07801: tasks 18819,18827,18834-18835,18843,18859,18866-18867: Aborted
srun: error: frontier04199: tasks 10080-10082,10084-10135: Terminated
srun: error: frontier08270: tasks 21280-21287,21289-21292,21294-21299,21301-21308,21310-21316,21318-21319,21321-21323,21325-21326,21329-21333,21335: Terminated
srun: error: frontier08782: tasks 24431,24439,24446-24447,24463: Aborted
srun: error: frontier03578: tasks 8848-8856,8858-8887,8889-8895,8897-8903: Terminated
srun: error: frontier03580: tasks 8961,8976-8977,9001,9008-9009: Aborted
srun: error: frontier06898: tasks 16352-16387,16389-16407: Terminated
srun: error: frontier02908: tasks 6440-6471,6473-6479,6481-6495: Terminated
srun: error: frontier07296: tasks 17528-17530,17532-17533,17535-17546,17548-17556,17559-17583: Terminated
srun: error: frontier08395: tasks 21952-21954,21956-21963,21966-21978,21980-21995,21998-22007: Terminated
srun: error: frontier09160: tasks 26944,26958,26966,26970,26990: Aborted
srun: error: frontier07667: tasks 18200-18241,18243-18251,18253-18255: Terminated
srun: error: frontier03038: tasks 7000-7003,7005-7006,7008-7014,7016-7026,7028,7030-7036,7038,7040-7054: Terminated
srun: error: frontier06381: tasks 14515-14516,14554: Aborted
srun: error: frontier03579: tasks 8906,8914-8915,8922,8954: Aborted
srun: error: frontier06650: tasks 15120-15157,15159-15163,15165,15167-15175: Terminated
srun: error: frontier09028: tasks 26321-26327,26330-26335,26338-26342,26346-26351,26353-26367,26370-26374: Terminated
srun: error: frontier02424: tasks 3982,3990,4014-4015,4023,4031: Aborted
srun: error: frontier08270: tasks 21293,21300,21309,21317,21324,21327,21334: Terminated
srun: error: frontier08136: tasks 20720-20722,20724-20725,20727-20730,20732-20750,20752-20757,20759-20762,20764-20765,20768-20769,20771-20775: Terminated
srun: error: frontier07801: task 18851: Aborted (core dumped)
srun: error: frontier08526: tasks 23240-23256,23258-23264,23266-23272,23274-23295: Terminated
srun: error: frontier01910: tasks 2744-2751,2753-2759,2761-2763,2765-2767,2770-2776,2778-2799: Terminated
srun: error: frontier00122: tasks 348-349,357,365,381: Aborted
srun: error: frontier08671: tasks 23939-23940,23948,23956,23964-23965: Aborted
srun: error: frontier03580: tasks 8960,8962-8975,8978-9000,9002-9007,9010-9015: Terminated
srun: error: frontier08909: tasks 25762-25763,25810-25811: Aborted
srun: error: frontier06781: tasks 15736,15738-15791: Terminated
srun: error: frontier08059: tasks 20160-20161,20193,20201,20206,20215: Aborted
srun: error: frontier09160: tasks 26936-26943,26945-26957,26959-26965,26967-26969,26971-26989,26991: Terminated
srun: error: frontier07156: tasks 17114-17115,17130: Aborted
srun: error: frontier01143: tasks 1626-1627,1635,1674: Aborted
srun: error: frontier07801: tasks 18816-18818,18820-18826,18828-18833,18836-18842,18844-18850,18852-18858,18860-18865,18868-18871: Terminated
srun: error: frontier09030: tasks 26432-26439,26441,26443-26456,26458-26463,26465-26471,26473-26487: Terminated
srun: error: frontier02803: tasks 5994,6023,6031,6047: Aborted
srun: error: frontier04217: tasks 10304-10305,10307-10321,10323-10343,10345,10347-10354,10356-10359: Terminated
srun: error: frontier06400: tasks 14672,14674-14688,14690-14711,14713-14719,14721-14727: Terminated
srun: error: frontier08918: tasks 25830,25837-25838,25870-25871: Aborted
srun: error: frontier06887: tasks 15962,15970,15978,16003: Aborted
srun: error: frontier08549: tasks 23426-23427,23434,23442,23448,23450-23451: Aborted
srun: error: frontier04087: tasks 9805,9813,9820,9833,9836-9837,9853: Aborted
srun: error: frontier09167: tasks 27110,27118-27119,27126-27127,27134-27135,27142,27150,27158: Aborted
srun: error: frontier09298: tasks 27621,27639: Terminated
srun: error: frontier03173: tasks 7900,7909,7916-7917,7924,7933,7937,7940-7941,7949: Aborted
srun: error: frontier04078: tasks 9758,9766-9767,9775,9782: Aborted
srun: error: frontier03315: tasks 8570,8586,8594-8595,8602-8603,8611,8618: Aborted
srun: error: frontier04323: tasks 10430,10439,10447,10455,10463: Aborted
srun: error: frontier06111: tasks 13496,13498-13500,13503,13505-13509,13512,13518-13519,13521-13522,13524,13526-13527,13529-13531,13533-13541,13543,13547-13549,13551: Terminated
srun: error: frontier08294: tasks 21617,21656-21657: Aborted
srun: error: frontier07767: tasks 18424-18425,18427,18432,18440-18441,18448,18456,18464,18472-18473: Aborted
srun: error: frontier01532: task 2239: Terminated
srun: error: frontier09022: tasks 25988,25995,26003,26011-26012,26027,26034: Aborted
srun: error: frontier06109: tasks 13384-13405,13407-13422,13424-13437,13439: Terminated
srun: error: frontier04090: tasks 9856-9859,9861-9871,9873-9887,9889-9895,9898-9900,9902-9903,9906-9911: Terminated
srun: error: frontier08793: tasks 24766-24767,24798-24799: Aborted
srun: error: frontier05233: tasks 11480-11523,11525-11533,11535: Terminated
srun: error: frontier05242: tasks 11704-11707,11709-11716,11718-11724,11726-11731,11733-11739,11741-11747,11750-11759: Terminated
srun: error: frontier08295: tasks 21676,21682,21685,21693,21707,21709: Aborted
srun: error: frontier09438: tasks 28280,28282-28288,28290-28328,28330-28335: Terminated
srun: error: frontier02927: tasks 6723,6725,6731,6734,6736,6742,6747,6761,6763,6765-6766,6773: Terminated
srun: error: frontier06911: tasks 16690,16698-16699,16707,16716,16722,16731,16739: Aborted
srun: error: frontier03031: tasks 6862,6870-6871,6886-6887: Aborted
srun: error: frontier06267: tasks 14298,14306-14307,14314-14315,14330-14331: Aborted
srun: error: frontier08300: tasks 21734-21735,21766,21775,21783: Aborted
srun: error: frontier07536: tasks 18004-18005,18020,18029: Aborted
srun: error: frontier06777: tasks 15591,15608-15609,15617: Aborted
srun: error: frontier05247: tasks 11831,11845,11847,11850,11858,11871: Aborted
srun: error: frontier08059: task 20175: Aborted (core dumped)
srun: error: frontier03311: tasks 8456-8509,8511: Terminated
srun: error: frontier08549: tasks 23408-23425,23428-23433,23435-23441,23443-23447,23449,23452-23457,23459-23463: Terminated
srun: error: frontier09030: task 26442: Terminated
srun: error: frontier06896: tasks 16297,16305,16320,16328-16329: Aborted
srun: error: frontier02509: tasks 4200-4205,4207-4214,4216-4230,4232-4253,4255: Terminated
srun: error: frontier08269: tasks 21242,21271: Terminated
srun: error: frontier09167: tasks 27104-27109,27111-27117,27120-27125,27128-27133,27136-27141,27143-27149,27151-27157,27159: Terminated
srun: error: frontier04476: tasks 10652-10654,10659-10660,10674,10685,10692-10693: Aborted
srun: error: frontier01277: tasks 1969,1976-1977,1984,1993,2008-2009: Aborted
srun: error: frontier09419: tasks 28114-28115,28122-28123,28128,28153: Aborted
srun: error: frontier06111: tasks 13497,13513,13520,13528,13544-13545: Aborted
srun: error: frontier03173: tasks 7896-7899,7901-7908,7910-7915,7918-7923,7925-7932,7934-7936,7938-7939,7942-7948,7950-7951: Terminated
srun: error: frontier07767: tasks 18426,18428-18431,18433-18439,18442-18447,18449-18455,18457-18463,18465-18471,18474-18479: Terminated
srun: error: frontier08134: tasks 20625,20633,20656-20657: Aborted
srun: error: frontier07903: tasks 19096-19133,19135-19149,19151: Terminated
srun: error: frontier06122: tasks 13832-13840,13842-13845,13847,13849-13861,13863-13878,13880-13887: Terminated
srun: error: frontier00370: tasks 1064-1117,1119: Terminated
srun: error: frontier02917: tasks 6664-6671,6673,6675-6719: Terminated
srun: error: frontier08294: tasks 21616,21618-21655,21658-21671: Terminated
srun: error: frontier08675: tasks 24136,24138-24143,24145-24191: Terminated
srun: error: frontier04090: tasks 9860,9872,9888,9896-9897,9901,9904-9905: Aborted
srun: error: frontier02776: tasks 5432-5454,5456-5470,5472-5485,5487: Terminated
srun: error: frontier05242: tasks 11708,11717,11725,11732,11740,11748-11749: Aborted
srun: error: frontier06113: tasks 13552-13567,13569-13589,13591,13594-13607: Terminated
srun: error: frontier04978: tasks 11156,11160-11161,11181: Aborted
srun: error: frontier08295: tasks 21672-21675,21677-21681,21683-21684,21686-21692,21694-21706,21708,21710-21727: Terminated
srun: error: frontier07265: task 17415: Aborted (core dumped)
srun: error: frontier09040: tasks 26712-26717,26719-26741,26743-26749,26751-26765,26767: Terminated
srun: error: frontier09307: tasks 27888-27892,27894,27896-27907,27909-27943: Terminated
srun: error: frontier06115: tasks 13608-13630,13632,13634-13663: Terminated
srun: error: frontier06111: tasks 13501-13502,13504,13510-13511,13514-13517,13523,13525,13532,13542,13546,13550: Terminated
srun: error: frontier00096: task 0: Exited with exit code 255
srun: error: frontier04217: task 10322: Aborted (core dumped)
srun: error: frontier06777: tasks 15568-15576,15578-15584,15586-15590,15592,15594-15599,15601-15607,15610-15616,15618-15623: Terminated
srun: error: frontier05247: tasks 11816-11830,11832-11844,11846,11848-11849,11851-11857,11859-11870: Terminated
srun: error: frontier08655: task 23675: Aborted (core dumped)
srun: error: frontier09025: tasks 26161,26168-26169,26184,26193,26200: Aborted
srun: error: frontier04978: tasks 11162-11163,11173,11194: Terminated
srun: error: frontier02927: tasks 6720-6722,6724,6726-6730,6732-6733,6735,6737-6738,6740-6741,6743-6746,6748-6756,6758-6760,6762,6764,6767-6772,6774-6775: Terminated
srun: error: frontier08655: tasks 23632,23634-23642,23644-23672,23674,23676-23681,23683-23687: Terminated
srun: error: frontier01532: task 2204: Aborted (core dumped)
srun: error: frontier07890: task 19027: Aborted (core dumped)
srun: error: frontier06895: task 16271: Aborted (core dumped)
srun: error: frontier06142: task 14068: Aborted (core dumped)
srun: error: frontier07783: task 18628: Aborted (core dumped)
srun: error: frontier06122: tasks 13841,13846,13862,13879: Terminated
srun: error: frontier08191: task 21112: Aborted (core dumped)
srun: error: frontier01910: task 2769: Aborted (core dumped)
srun: error: frontier02784: task 5665: Aborted (core dumped)
srun: error: frontier02784: task 5706: Aborted (core dumped)
srun: error: frontier08782: task 24422: Aborted (core dumped)
srun: error: frontier03315: task 8587: Aborted (core dumped)
srun: error: frontier01143: task 1642: Aborted (core dumped)
srun: error: frontier03146: task 7495: Aborted (core dumped)
srun: error: frontier06266: task 14278: Aborted (core dumped)
srun: error: frontier08549: task 23458: Aborted (core dumped)
srun: error: frontier06777: task 15593: Aborted (core dumped)
srun: error: frontier00110: task 272: Aborted (core dumped)
srun: Force Terminated StepId=5137550.112
[... 284 further lines matching: srun: error: frontier#: tasks #-#: Terminated ...]
[... 184 further lines matching: libfabric:#:#::cxi:core:cxip_fc_notify_cb():#<warn> frontier#: TXC (#x#:#):: Unexpected event status, ACK rc = ...]
[... 91 further lines matching: srun: error: frontier#: task #: Aborted ...]
[... 76 further lines matching: libfabric:#:#::cxi:core:cxip_fc_notify_cb():#<warn> frontier#: TXC (#x#f#:#):: Unexpected event status, ACK rc ...]
[... 68 further lines matching: srun: error: frontier#: tasks #-#,#-#: Terminated ...]
[... 47 further lines matching: libfabric:#:#::cxi:core:cxip_fc_notify_cb():#<warn> frontier#: TXC (#x#d#:#):: Unexpected event status, ACK rc ...]
[... 45 further lines matching: srun: error: frontier#: tasks #,#: Aborted ...]
[... 42 further lines matching: srun: error: frontier#: tasks #-#,#-#,#-#: Terminated ...]
[... 38 further lines matching: libfabric:#:#::cxi:core:cxip_fc_notify_cb():#<warn> frontier#: TXC (#x#e#:#):: Unexpected event status, ACK rc ...]
[... 36 further lines matching: libfabric:#:#::cxi:core:cxip_fc_notify_cb():#<warn> frontier#: TXC (#x#c#:#):: Unexpected event status, ACK rc ...]
[... 28 further lines matching: srun: error: frontier#: tasks #,#,#: Aborted ...]
[... 26 further lines matching: srun: error: frontier#: tasks #-#,#-#,#-#,#-#: Terminated ...]
[... 23 further lines matching: srun: error: frontier#: tasks #-#,#-#,#-#,#-#,#-#: Terminated ...]
[... 19 further lines matching: libfabric:#:#::cxi:core:cxip_fc_notify_cb():#<warn> frontier#: TXC (#x#b#:#):: Unexpected event status, ACK rc ...]
[... 18 further lines matching: srun: error: frontier#: tasks #,#,#,#: Aborted ...]
[... 15 further lines matching: libfabric:#:#::cxi:core:cxip_fc_notify_cb():#<warn> frontier#: TXC (#x#df#:#):: Unexpected event status, ACK r ...]
[... 13 further lines matching: libfabric:#:#::cxi:core:cxip_fc_notify_cb():#<warn> frontier#: TXC (#xf#:#):: Unexpected event status, ACK rc  ...]
[... 12 further lines matching: libfabric:#:#::cxi:core:cxip_fc_notify_cb():#<warn> frontier#: TXC (#x#a#:#):: Unexpected event status, ACK rc ...]
[... 10 further lines matching: libfabric:#:#::cxi:core:cxip_fc_notify_cb():#<warn> frontier#: TXC (#x#de#:#):: Unexpected event status, ACK r ...]
[... 9 further lines matching: libfabric:#:#::cxi:core:cxip_fc_notify_cb():#<warn> frontier#: TXC (#xe#:#):: Unexpected event status, ACK rc  ...]
[... 9 further lines matching: libfabric:#:#::cxi:core:cxip_fc_notify_cb():#<warn> frontier#: TXC (#xff#:#):: Unexpected event status, ACK rc ...]
[... 8 further lines matching: libfabric:#:#::cxi:core:cxip_fc_notify_cb():#<warn> frontier#: TXC (#x#ce#:#):: Unexpected event status, ACK r ...]
[... 8 further lines matching: srun: error: frontier#: tasks #-#,#-#,#-#,#-#,#-#,#-#: Terminated ...]
[... 7 further lines matching: libfabric:#:#::cxi:core:cxip_fc_notify_cb():#<warn> frontier#: TXC (#x#ad#:#):: Unexpected event status, ACK r ...]
[... 7 further lines matching: libfabric:#:#::cxi:core:cxip_fc_notify_cb():#<warn> frontier#: TXC (#x#ef#:#):: Unexpected event status, ACK r ...]
[... 6 further lines matching: libfabric:#:#::cxi:core:cxip_fc_notify_cb():#<warn> frontier#: TXC (#x#ff#:#):: Unexpected event status, ACK r ...]
[... 6 further lines matching: libfabric:#:#::cxi:core:cxip_fc_notify_cb():#<warn> frontier#: TXC (#xed#:#):: Unexpected event status, ACK rc ...]
[... 5 further lines matching: libfabric:#:#::cxi:core:cxip_fc_notify_cb():#<warn> frontier#: TXC (#x#fa#:#):: Unexpected event status, ACK r ...]
[... 5 further lines matching: libfabric:#:#::cxi:core:cxip_fc_notify_cb():#<warn> frontier#: TXC (#xae#:#):: Unexpected event status, ACK rc ...]
[... 5 further lines matching: libfabric:#:#::cxi:core:cxip_fc_notify_cb():#<warn> frontier#: TXC (#x#ae#:#):: Unexpected event status, ACK r ...]
[... 4 further lines matching: libfabric:#:#::cxi:core:cxip_fc_notify_cb():#<warn> frontier#: TXC (#x#fc#:#):: Unexpected event status, ACK r ...]
[... 4 further lines matching: libfabric:#:#::cxi:core:cxip_fc_notify_cb():#<warn> frontier#: TXC (#x#da#:#):: Unexpected event status, ACK r ...]
[... 4 further lines matching: libfabric:#:#::cxi:core:cxip_fc_notify_cb():#<warn> frontier#: TXC (#xddc#:#):: Unexpected event status, ACK r ...]
[... 4 further lines matching: libfabric:#:#::cxi:core:cxip_fc_notify_cb():#<warn> frontier#: TXC (#xa#b#:#):: Unexpected event status, ACK r ...]
[... 4 further lines matching: libfabric:#:#::cxi:core:cxip_fc_notify_cb():#<warn> frontier#: TXC (#xc#e#:#):: Unexpected event status, ACK r ...]
[... 4 further lines matching: srun: error: frontier#: tasks #-#,#-#,#-#,#-#,#-#,#-#,#-#: Terminated ...]
[... 4 further lines matching: srun: error: frontier#: task #: Terminated ...]
[... 3 further lines matching: libfabric:#:#::cxi:core:cxip_fc_notify_cb():#<warn> frontier#: TXC (#x#bf#:#):: Unexpected event status, ACK r ...]
[... 3 further lines matching: libfabric:#:#::cxi:core:cxip_fc_notify_cb():#<warn> frontier#: TXC (#x#ed#:#):: Unexpected event status, ACK r ...]
[... 3 further lines matching: libfabric:#:#::cxi:core:cxip_fc_notify_cb():#<warn> frontier#: TXC (#xcc#:#):: Unexpected event status, ACK rc ...]
[... 3 further lines matching: libfabric:#:#::cxi:core:cxip_fc_notify_cb():#<warn> frontier#: TXC (#xedd#:#):: Unexpected event status, ACK r ...]
[... 3 further lines matching: libfabric:#:#::cxi:core:cxip_fc_notify_cb():#<warn> frontier#: TXC (#x#af#:#):: Unexpected event status, ACK r ...]
[... 3 further lines matching: libfabric:#:#::cxi:core:cxip_fc_notify_cb():#<warn> frontier#: TXC (#x#f#c#:#):: Unexpected event status, ACK  ...]
[... 2 further lines matching: libfabric:#:#::cxi:core:cxip_fc_notify_cb():#<warn> frontier#: TXC (#x#cf#:#):: Unexpected event status, ACK r ...]
[... 2 further lines matching: libfabric:#:#::cxi:core:cxip_fc_notify_cb():#<warn> frontier#: TXC (#xf#d#:#):: Unexpected event status, ACK r ...]
[... 2 further lines matching: libfabric:#:#::cxi:core:cxip_fc_notify_cb():#<warn> frontier#: TXC (#xb#:#):: Unexpected event status, ACK rc  ...]
[... 2 further lines matching: libfabric:#:#::cxi:core:cxip_fc_notify_cb():#<warn> frontier#: TXC (#x#fe#:#):: Unexpected event status, ACK r ...]
[... 2 further lines matching: libfabric:#:#::cxi:core:cxip_fc_notify_cb():#<warn> frontier#: TXC (#xfd#:#):: Unexpected event status, ACK rc ...]
[... 2 further lines matching: libfabric:#:#::cxi:core:cxip_fc_notify_cb():#<warn> frontier#: TXC (#x#efe#:#):: Unexpected event status, ACK  ...]
[... 2 further lines matching: libfabric:#:#::cxi:core:cxip_fc_notify_cb():#<warn> frontier#: TXC (#x#cb#:#):: Unexpected event status, ACK r ...]
[... 2 further lines matching: libfabric:#:#::cxi:core:cxip_fc_notify_cb():#<warn> frontier#: TXC (#xdf#:#):: Unexpected event status, ACK rc ...]
[... 2 further lines matching: srun: error: frontier#: tasks #,#,#,#,#: Aborted ...]
[... 2 further lines matching: srun: error: frontier#: tasks #-#,#: Aborted ...]
[... 2 further lines matching: srun: error: frontier#: tasks #-#,#-#,#-#,#-#,#-#,#-#,#-#,#-#: Terminated ...]
[... 1 further lines matching: libfabric:#:#::cxi:core:cxip_fc_notify_cb():#<warn> frontier#: TXC (#x#b#d#:#):: Unexpected event status, ACK  ...]
[... 1 further lines matching: libfabric:#:#::cxi:core:cxip_fc_notify_cb():#<warn> frontier#: TXC (#x#d#b#:#):: Unexpected event status, ACK  ...]
[... 1 further lines matching: libfabric:#:#::cxi:core:cxip_fc_notify_cb():#<warn> frontier#: TXC (#xdde#:#):: Unexpected event status, ACK r ...]
[... 1 further lines matching: libfabric:#:#::cxi:core:cxip_fc_notify_cb():#<warn> frontier#: TXC (#xb#f#:#):: Unexpected event status, ACK r ...]
[... 1 further lines matching: libfabric:#:#::cxi:core:cxip_fc_notify_cb():#<warn> frontier#: TXC (#x#be#:#):: Unexpected event status, ACK r ...]
[... 1 further lines matching: libfabric:#:#::cxi:core:cxip_fc_notify_cb():#<warn> frontier#: TXC (#xcec#:#):: Unexpected event status, ACK r ...]
[... 1 further lines matching: libfabric:#:#::cxi:core:cxip_fc_notify_cb():#<warn> frontier#: TXC (#x#db#:#):: Unexpected event status, ACK r ...]
[... 1 further lines matching: libfabric:#:#::cxi:core:cxip_fc_notify_cb():#<warn> frontier#: TXC (#xdd#:#):: Unexpected event status, ACK rc ...]
[... 1 further lines matching: srun: error: frontier#: tasks #,#-#,#,#: Aborted ...]
[... 1 further lines matching: srun: error: frontier#: tasks #-#,#-#,#-#,#: Terminated ...]
[... 1 further lines matching: srun: error: frontier#: tasks #,#-#,#-#,#-#,#-#: Terminated ...]
[... 1 further lines matching: srun: error: frontier#: tasks #,#-#,#-#: Terminated ...]
[... 1 further lines matching: srun: error: frontier#: tasks #,#: Terminated ...]
Running frontier nodes=512 ranks_per_node=56 dist=lockfree_rma mode=fixed expected_us=1000000 max_upper_fanout=-1
srun: Step created for StepId=5137550.113
RESULT distributor=lockfree_rma mode=fixed expected_us=1000000 nodes=512 world_size=28672 max_upper_fanout=-1 total_tasks=544749 elapsed_s=20.0004 throughput_tasks_per_s=27236.9
MPICH Notice [Rank 0] [job id 5137550.113] [Sun Aug  2 04:05:48 2026] [frontier00096] - Abort(0) (rank 0 in comm 0): application called MPI_Abort(MPI_COMM_WORLD, 0) - process 0
aborting job:
application called MPI_Abort(MPI_COMM_WORLD, 0) - process 0
libfabric:24248:1785657949::cxi:core:cxip_fc_notify_cb():4991<warn> frontier02904: TXC (0xe5a0:44):: Unexpected event status, ACK rc = PTLTE_NOT_FOUND
libfabric:1490082:1785657949::cxi:core:cxip_fc_notify_cb():4991<warn> frontier03292: TXC (0xfdc0:2):: Unexpected event status, ACK rc = PTLTE_NOT_FOUND
libfabric:1975025:1785657949::cxi:core:cxip_fc_notify_cb():4991<warn> frontier02519: TXC (0xcd20:4):: Unexpected event status, ACK rc = PTLTE_NOT_FOUND
libfabric:1490090:1785657949::cxi:core:cxip_fc_notify_cb():4991<warn> frontier03292: TXC (0xfdc0:10):: Unexpected event status, ACK rc = PTLTE_NOT_FOUND
libfabric:1329573:1785657949::cxi:core:cxip_fc_notify_cb():4991<warn> frontier04078: TXC (0x12e93:4):: Unexpected event status, ACK rc = PTLTE_NOT_FOUND
libfabric:956318:1785657949::cxi:core:cxip_fc_notify_cb():4991<warn> frontier07790: TXC (0x21693:5):: Unexpected event status, ACK rc = PTLTE_NOT_FOUND
libfabric:3509179:1785657949::cxi:core:cxip_fc_notify_cb():4991<warn> frontier02025: TXC (0xae11:4):: Unexpected event status, ACK rc = PTLTE_NOT_FOUND
libfabric:973397:1785657949::cxi:core:cxip_fc_notify_cb():4991<warn> frontier09299: TXC (0x28d22:4):: Unexpected event status, ACK rc = PTLTE_NOT_FOUND
libfabric:3781821:1785657949::cxi:core:cxip_fc_notify_cb():4991<warn> frontier08674: TXC (0x24eb2:4):: Unexpected event status, ACK rc = PTLTE_NOT_FOUND
libfabric:3190524:1785657949::cxi:core:cxip_fc_notify_cb():4991<warn> frontier01268: TXC (0x7fa2:4):: Unexpected event status, ACK rc = PTLTE_NOT_FOUND
libfabric:1975026:1785657949::cxi:core:cxip_fc_notify_cb():4991<warn> frontier02519: TXC (0xcd20:5):: Unexpected event status, ACK rc = PTLTE_NOT_FOUND
libfabric:2460734:1785657949::cxi:core:cxip_fc_notify_cb():4991<warn> frontier00369: TXC (0x4732:4):: Unexpected event status, ACK rc = PTLTE_NOT_FOUND
libfabric:1329574:1785657949::cxi:core:cxip_fc_notify_cb():4991<warn> frontier04078: TXC (0x12e93:5):: Unexpected event status, ACK rc = PTLTE_NOT_FOUND
libfabric:3183306:1785657949::cxi:core:cxip_fc_notify_cb():4991<warn> frontier08671: TXC (0x24d42:2):: Unexpected event status, ACK rc = PTLTE_NOT_FOUND
libfabric:88490:1785657949::cxi:core:cxip_fc_notify_cb():4991<warn> frontier02509: TXC (0xcc13:4):: Unexpected event status, ACK rc = PTLTE_NOT_FOUND
libfabric:1653095:1785657949::cxi:core:cxip_fc_notify_cb():4991<warn> frontier09300: TXC (0x28de3:2):: Unexpected event status, ACK rc = PTLTE_NOT_FOUND
libfabric:1072554:1785657949::cxi:core:cxip_fc_notify_cb():4991<warn> frontier07890: TXC (0x21df3:2):: Unexpected event status, ACK rc = PTLTE_NOT_FOUND
libfabric:1622610:1785657949::cxi:core:cxip_fc_notify_cb():4991<warn> frontier03315: TXC (0xff63:2):: Unexpected event status, ACK rc = PTLTE_NOT_FOUND
libfabric:841732:1785657949::cxi:core:cxip_fc_notify_cb():4991<warn> frontier08420: TXC (0x23ee3:2):: Unexpected event status, ACK rc = PTLTE_NOT_FOUND
libfabric:1019653:1785657949::cxi:core:cxip_fc_notify_cb():4991<warn> frontier09174: TXC (0x285b0:4):: Unexpected event status, ACK rc = PTLTE_NOT_FOUND
libfabric:24216:1785657949::cxi:core:cxip_fc_notify_cb():4991<warn> frontier02904: TXC (0xe5a0:12):: Unexpected event status, ACK rc = PTLTE_NOT_FOUND
libfabric:1161341:1785657949::cxi:core:cxip_fc_notify_cb():4991<warn> frontier07411: TXC (0x1ff63:2):: Unexpected event status, ACK rc = PTLTE_NOT_FOUND
libfabric:3509180:1785657949::cxi:core:cxip_fc_notify_cb():4991<warn> frontier02025: TXC (0xae11:5):: Unexpected event status, ACK rc = PTLTE_NOT_FOUND
libfabric:3781822:1785657949::cxi:core:cxip_fc_notify_cb():4991<warn> frontier08674: TXC (0x24eb2:5):: Unexpected event status, ACK rc = PTLTE_NOT_FOUND
libfabric:3190525:1785657949::cxi:core:cxip_fc_notify_cb():4991<warn> frontier01268: TXC (0x7fa2:5):: Unexpected event status, ACK rc = PTLTE_NOT_FOUND
libfabric:88491:1785657949::cxi:core:cxip_fc_notify_cb():4991<warn> frontier02509: TXC (0xcc13:5):: Unexpected event status, ACK rc = PTLTE_NOT_FOUND
libfabric:1653096:1785657949::cxi:core:cxip_fc_notify_cb():4991<warn> frontier09300: TXC (0x28de3:3):: Unexpected event status, ACK rc = PTLTE_NOT_FOUND
libfabric:1072555:1785657949::cxi:core:cxip_fc_notify_cb():4991<warn> frontier07890: TXC (0x21df3:3):: Unexpected event status, ACK rc = PTLTE_NOT_FOUND
libfabric:1622611:1785657949::cxi:core:cxip_fc_notify_cb():4991<warn> frontier03315: TXC (0xff63:3):: Unexpected event status, ACK rc = PTLTE_NOT_FOUND
libfabric:841733:1785657949::cxi:core:cxip_fc_notify_cb():4991<warn> frontier08420: TXC (0x23ee3:3):: Unexpected event status, ACK rc = PTLTE_NOT_FOUND
libfabric:1019654:1785657949::cxi:core:cxip_fc_notify_cb():4991<warn> frontier09174: TXC (0x285b0:5):: Unexpected event status, ACK rc = PTLTE_NOT_FOUND
libfabric:1161342:1785657949::cxi:core:cxip_fc_notify_cb():4991<warn> frontier07411: TXC (0x1ff63:3):: Unexpected event status, ACK rc = PTLTE_NOT_FOUND
libfabric:71517:1785657949::cxi:core:cxip_fc_notify_cb():4991<warn> frontier05872: TXC (0x19ec2:50):: Unexpected event status, ACK rc = PTLTE_NOT_FOUND
libfabric:71469:1785657949::cxi:core:cxip_fc_notify_cb():4991<warn> frontier05872: TXC (0x19ec2:2):: Unexpected event status, ACK rc = PTLTE_NOT_FOUND
srun: error: frontier03292: task 8307: Aborted (core dumped)
srun: Terminating StepId=5137550.113
srun: error: frontier09420: tasks 28172-28173,28180-28181,28188-28189,28196-28197,28204-28205,28212-28213,28220-28221: Aborted
[2026-08-02T04:05:49.757] error: *** STEP 5137550.113 ON frontier00096 CANCELLED AT 2026-08-02T04:05:49 DUE TO TASK FAILURE ***
srun: error: frontier07411: tasks 17642-17643,17650-17651,17658-17659,17666-17667,17674-17675,17682-17683,17690-17691: Aborted
srun: error: frontier08270: tasks 21280-21326,21328-21335: Terminated
srun: error: frontier09026: tasks 26208-26263: Terminated
srun: error: frontier02679: tasks 5152-5207: Terminated
srun: error: frontier08270: task 21327: Terminated
srun: error: frontier03156: tasks 7675,7678-7680,7683-7685,7687-7688,7693,7699,7702,7704,7706-7707,7713,7715-7717,7720,7723,7727: Terminated
srun: error: frontier03292: task 8338: Aborted
srun: error: frontier08432: tasks 22570,22578,22586,22607: Terminated
srun: error: frontier08782: tasks 24446,24471: Terminated
srun: error: frontier09420: tasks 28168-28171,28174-28179,28182-28187,28190-28195,28198-28203,28206-28211,28214-28219,28222-28223: Terminated
srun: error: frontier03156: tasks 7672-7674,7676-7677,7681-7682,7686,7689-7692,7694-7698,7700-7701,7703,7705,7708-7712,7714,7718-7719,7721-7722,7724-7726: Terminated
srun: error: frontier07411: tasks 17640-17641,17644-17649,17652-17657,17660-17665,17668-17673,17676-17681,17684-17689,17692-17695: Terminated
srun: error: frontier05233: tasks 11482,11498-11499,11515,11522,11531: Aborted
srun: error: frontier05229: tasks 11441,11455,11463,11479: Terminated
srun: error: frontier02909: tasks 6505,6523,6528,6534,6543,6547: Terminated
srun: error: frontier03292: tasks 8288-8289,8291-8297,8300-8306,8308-8314,8316-8321,8324-8337,8340-8343: Terminated
srun: error: frontier08432: tasks 22568-22569,22571-22577,22579-22585,22587-22606,22608-22623: Terminated
srun: error: frontier06782: tasks 15815,15847: Terminated
srun: error: frontier08782: tasks 24416-24445,24447-24470: Terminated
srun: error: frontier02425: tasks 4033,4043,4060-4061,4073,4078,4081,4087: Terminated
srun: error: frontier03315: tasks 8571,8579: Aborted
srun: error: frontier07902: tasks 19041,19047,19055,19061,19067,19069,19077,19081,19083,19085,19090: Terminated
srun: error: frontier08518: tasks 22794-22797,22799,22801,22804-22807,22809,22811,22813,22815,22817-22822,22825-22827,22829-22832,22834-22839,22841,22843-22844,22846-22847: Terminated
srun: error: frontier05229: tasks 11424-11440,11442-11454,11456-11462,11464-11478: Terminated
srun: error: frontier02916: tasks 6609,6611,6615,6627,6631: Terminated
srun: error: frontier08146: tasks 20888-20902,20904-20921,20923-20935,20937-20942: Terminated
srun: error: frontier02909: tasks 6496-6504,6506-6522,6524-6527,6529-6533,6535-6542,6544-6546,6548-6551: Terminated
srun: error: frontier08129: tasks 20329-20331,20333,20337-20338,20341-20346,20348-20351,20353,20355,20359,20361,20364-20375,20377-20383: Terminated
srun: error: frontier09174: tasks 27276-27277,27285,27292-27293,27300-27301,27308-27309,27316-27317,27324-27325: Aborted
srun: error: frontier02778: tasks 5495,5503,5543: Terminated
srun: error: frontier00096: tasks 2,4,8,10,12,16-18,20-21,24,29-30,32-34,36,40-42,45,47-48,50,52: Bus error
srun: error: frontier02425: tasks 4032,4034-4042,4044-4059,4062-4072,4074-4077,4079-4080,4082-4086: Terminated
srun: error: frontier06653: task 15283: Terminated
srun: error: frontier03188: tasks 8088,8104,8111: Terminated
srun: error: frontier03304: tasks 8400-8444,8446-8452,8454-8455: Terminated
srun: error: frontier10175: tasks 28577,28579,28589,28592,28597-28598,28604,28611-28612: Terminated
srun: error: frontier02904: tasks 6332-6333,6340,6348-6349,6356,6372-6373,6380-6381: Aborted
srun: error: frontier03710: tasks 9352-9364,9366-9392,9394-9407: Terminated
srun: error: frontier08518: tasks 22792-22793,22798,22800,22802-22803,22808,22810,22812,22814,22816,22823-22824,22828,22833,22840,22842,22845: Terminated
srun: error: frontier07902: tasks 19040,19042-19046,19048-19054,19056-19060,19062-19066,19068,19070-19076,19078-19080,19082,19084,19086-19089,19091-19095: Terminated
srun: error: frontier03318: tasks 8737,8739-8751,8753,8758-8763,8765-8766,8769,8771-8775,8777-8779,8781-8783,8785,8787-8789,8791: Terminated
srun: error: frontier02916: tasks 6608,6610,6612-6614,6616-6626,6628-6630,6632-6663: Terminated
srun: error: frontier02519: tasks 4484,4492,4501,4517,4524,4532: Aborted
srun: error: frontier03150: tasks 7507,7509,7513,7515,7517,7521,7523,7526,7529,7533,7537,7539,7541-7542,7545,7547,7552-7553,7557,7559: Terminated
srun: error: frontier08129: tasks 20328,20332,20334-20336,20339-20340,20347,20352,20354,20356-20358,20360,20362-20363,20376: Terminated
srun: error: frontier04325: tasks 10472-10484,10486-10500,10502-10504,10506-10518,10520-10527: Terminated
srun: error: frontier03292: tasks 8290,8298-8299,8315,8323,8339: Aborted
srun: error: frontier00096: task 0: Exited with exit code 255
srun: error: frontier05233: tasks 11483,11490,11506-11507,11514,11523,11530: Aborted
srun: error: frontier08188: tasks 21056,21058-21066,21068-21090,21092-21104,21106-21111: Terminated
srun: error: frontier03315: tasks 8570,8586-8587,8594,8602-8603,8610-8611,8618-8619: Aborted
srun: error: frontier10175: tasks 28560-28576,28578,28580-28588,28590-28591,28593-28596,28599-28603,28605-28610,28613-28615: Terminated
srun: error: frontier03318: tasks 8736,8738,8752,8754-8757,8764,8767-8768,8770,8776,8780,8784,8786,8790: Terminated
srun: error: frontier03150: tasks 7504-7506,7508,7510-7512,7514,7516,7518-7520,7522,7524-7525,7527-7528,7530-7532,7534-7536,7538,7540,7543-7544,7546,7548-7551,7554-7556,7558: Terminated
srun: error: frontier06896: tasks 16296,16298-16312,16314-16326,16328-16351: Terminated
srun: error: frontier00096: tasks 1,3,6-7,9,11,13-15,19,22-23,26-27,31,35,37-39,43-44,46,49,51,54-55: Bus error
srun: error: frontier03315: task 8595: Aborted (core dumped)
srun: error: frontier03292: task 8322: Aborted (core dumped)
srun: error: frontier02904: tasks 6357,6364-6365: Aborted
srun: error: frontier00096: tasks 5,53: Bus error (core dumped)
srun: error: frontier02519: tasks 4485,4493,4500,4508-4509,4516,4533: Aborted
srun: error: frontier09174: task 27284: Aborted (core dumped)
srun: error: frontier00096: task 28: Bus error (core dumped)
srun: error: frontier02904: task 6341: Aborted (core dumped)
srun: error: frontier05233: task 11491: Aborted (core dumped)
srun: error: frontier03315: task 8578: Aborted (core dumped)
srun: error: frontier02519: task 4525: Aborted (core dumped)
srun: error: frontier00096: task 25: Bus error (core dumped)
srun: Force Terminated StepId=5137550.113
[... 458 further lines matching: srun: error: frontier#: tasks #-#: Terminated ...]
[... 68 further lines matching: libfabric:#:#::cxi:core:cxip_fc_notify_cb():#<warn> frontier#: TXC (#x#:#):: Unexpected event status, ACK rc = ...]
[... 26 further lines matching: libfabric:#:#::cxi:core:cxip_fc_notify_cb():#<warn> frontier#: TXC (#x#e#:#):: Unexpected event status, ACK rc ...]
[... 26 further lines matching: libfabric:#:#::cxi:core:cxip_fc_notify_cb():#<warn> frontier#: TXC (#x#d#:#):: Unexpected event status, ACK rc ...]
[... 19 further lines matching: srun: error: frontier#: tasks #-#,#-#,#-#,#-#,#-#,#-#,#-#,#-#: Terminated ...]
[... 14 further lines matching: srun: error: frontier#: tasks #-#,#-#,#-#,#-#,#-#,#-#,#-#: Aborted ...]
[... 12 further lines matching: libfabric:#:#::cxi:core:cxip_fc_notify_cb():#<warn> frontier#: TXC (#xcd#:#):: Unexpected event status, ACK rc ...]
[... 12 further lines matching: libfabric:#:#::cxi:core:cxip_fc_notify_cb():#<warn> frontier#: TXC (#xe#a#:#):: Unexpected event status, ACK r ...]
[... 12 further lines matching: libfabric:#:#::cxi:core:cxip_fc_notify_cb():#<warn> frontier#: TXC (#xae#:#):: Unexpected event status, ACK rc ...]
[... 12 further lines matching: libfabric:#:#::cxi:core:cxip_fc_notify_cb():#<warn> frontier#: TXC (#x#eb#:#):: Unexpected event status, ACK r ...]
[... 12 further lines matching: libfabric:#:#::cxi:core:cxip_fc_notify_cb():#<warn> frontier#: TXC (#x#fa#:#):: Unexpected event status, ACK r ...]
[... 12 further lines matching: libfabric:#:#::cxi:core:cxip_fc_notify_cb():#<warn> frontier#: TXC (#xcc#:#):: Unexpected event status, ACK rc ...]
[... 12 further lines matching: libfabric:#:#::cxi:core:cxip_fc_notify_cb():#<warn> frontier#: TXC (#x#de#:#):: Unexpected event status, ACK r ...]
[... 12 further lines matching: libfabric:#:#::cxi:core:cxip_fc_notify_cb():#<warn> frontier#: TXC (#x#df#:#):: Unexpected event status, ACK r ...]
[... 12 further lines matching: libfabric:#:#::cxi:core:cxip_fc_notify_cb():#<warn> frontier#: TXC (#xff#:#):: Unexpected event status, ACK rc ...]
[... 12 further lines matching: libfabric:#:#::cxi:core:cxip_fc_notify_cb():#<warn> frontier#: TXC (#x#ee#:#):: Unexpected event status, ACK r ...]
[... 12 further lines matching: libfabric:#:#::cxi:core:cxip_fc_notify_cb():#<warn> frontier#: TXC (#x#b#:#):: Unexpected event status, ACK rc ...]
[... 12 further lines matching: libfabric:#:#::cxi:core:cxip_fc_notify_cb():#<warn> frontier#: TXC (#x#ff#:#):: Unexpected event status, ACK r ...]
[... 12 further lines matching: libfabric:#:#::cxi:core:cxip_fc_notify_cb():#<warn> frontier#: TXC (#x#ec#:#):: Unexpected event status, ACK r ...]
[... 7 further lines matching: libfabric:#:#::cxi:core:cxip_fc_notify_cb():#<warn> frontier#: TXC (#xfdc#:#):: Unexpected event status, ACK r ...]
[... 6 further lines matching: srun: error: frontier#: tasks #-#,#-#: Terminated ...]
[... 4 further lines matching: srun: error: frontier#: tasks #,#: Terminated ...]
[... 4 further lines matching: srun: error: frontier#: tasks #,#,#,#: Terminated ...]
[... 2 further lines matching: srun: error: frontier#: task #: Terminated ...]
[... 1 further lines matching: srun: error: frontier#: tasks #,#,#: Terminated ...]
[... 1 further lines matching: srun: error: frontier#: tasks #-#,#-#,#-#: Terminated ...]
[... 1 further lines matching: srun: error: frontier#: tasks #-#,#-#,#-#,#-#,#-#: Terminated ...]
[... 1 further lines matching: srun: error: frontier#: tasks #-#,#-#,#-#,#-#: Terminated ...]
Running frontier nodes=512 ranks_per_node=56 dist=lockfree_rma mode=uniform expected_us=10 max_upper_fanout=-1
RESULT distributor=lockfree_rma mode=uniform expected_us=10 nodes=512 world_size=28672 max_upper_fanout=-1 total_tasks=3043336 elapsed_s=20.0273 throughput_tasks_per_s=151959
MPICH Notice [Rank 0] [job id 5137550.114] [Sun Aug  2 04:07:33 2026] [frontier00096] - Abort(0) (rank 0 in comm 0): application called MPI_Abort(MPI_COMM_WORLD, 0) - process 0
aborting job:
application called MPI_Abort(MPI_COMM_WORLD, 0) - process 0
srun: error: frontier00096: task 0: Exited with exit code 255
srun: Terminating StepId=5137550.114
[2026-08-02T04:07:38.643] error: *** STEP 5137550.114 ON frontier00096 CANCELLED AT 2026-08-02T04:07:38 DUE TO TASK FAILURE ***
srun: error: frontier09026: tasks 26208-26263: Terminated
srun: error: frontier07296: tasks 17528-17583: Terminated
srun: error: frontier07667: tasks 18201,18203,18205-18207,18209,18211,18213,18215,18217,18220-18221,18224,18227-18229,18231,18233-18234,18236,18241,18247,18251,18253-18255: Terminated
srun: error: frontier08432: tasks 22569,22583,22585,22607,22623: Terminated
srun: error: frontier02523: task 4559: Terminated
srun: error: frontier07667: tasks 18200,18202,18204,18208,18210,18212,18214,18216,18218-18219,18222-18223,18225-18226,18230,18232,18235,18237-18240,18242-18246,18248-18250,18252: Terminated
srun: error: frontier08274: tasks 21336-21366,21368-21391: Terminated
srun: error: frontier09289: tasks 27559,27599: Terminated
srun: error: frontier05229: tasks 11443,11463,11479: Terminated
srun: error: frontier02790: tasks 5831,5865,5873,5877: Terminated
srun: error: frontier08432: tasks 22568,22570-22582,22584,22586-22606,22608-22622: Terminated
srun: error: frontier02523: tasks 4536-4558,4560-4591: Terminated
srun: error: frontier08274: task 21367: Terminated
srun: error: frontier06905: tasks 16523,16527,16530,16533,16535-16536,16540-16542,16545,16547-16549,16551,16553,16555-16556,16558-16564,16567,16569-16573,16575: Terminated
srun: error: frontier02024: tasks 2941,2951,2959,2965,2967: Terminated
srun: error: frontier02790: tasks 5824-5830,5832-5864,5866-5872,5874-5876,5878-5879: Terminated
srun: error: frontier05229: tasks 11424-11442,11444-11462,11464-11478: Terminated
srun: error: frontier09289: tasks 27552-27558,27560-27598,27600-27607: Terminated
srun: error: frontier05239: tasks 11649,11651-11654,11656-11657,11660-11663,11665-11667,11669-11672,11674,11677-11683,11685-11687,11689,11691-11693,11695-11699,11701-11702: Terminated
srun: error: frontier09302: tasks 27776-27783,27785-27797,27799,27802-27831: Terminated
srun: error: frontier07027: tasks 16744-16745,16747,16749-16751,16753,16755,16757-16761,16763-16765,16769,16771-16773,16775,16777,16781-16783,16785,16787-16788,16790-16791,16793,16795-16799: Terminated
srun: error: frontier02899: tasks 6167,6171,6179,6185,6187-6188,6191,6195,6197,6201,6207,6213: Terminated
srun: error: frontier06905: tasks 16520-16522,16524-16526,16528-16529,16531-16532,16534,16537-16539,16543-16544,16546,16550,16552,16554,16557,16565-16566,16568,16574: Terminated
srun: error: frontier09176: tasks 27339,27371: Terminated
srun: error: frontier05725: tasks 12389,12397,12413,12423: Terminated
srun: error: frontier02024: tasks 2912-2940,2942-2950,2952-2958,2960-2964,2966: Terminated
srun: error: frontier04219: tasks 10360-10374,10376-10382,10384-10390,10392-10406,10408-10414: Terminated
srun: error: frontier04986: tasks 11258-11260,11265,11267-11271,11275-11277,11279-11280,11286,11288-11297,11299-11300,11303,11305,11308-11311: Terminated
srun: error: frontier04726: tasks 10980,11015,11031: Terminated
srun: error: frontier09302: tasks 27784,27798,27800-27801: Terminated
srun: error: frontier05239: tasks 11648,11650,11655,11658-11659,11664,11668,11673,11675-11676,11684,11688,11690,11694,11700,11703: Terminated
srun: error: frontier00348: tasks 785,787,789-791,793,795-799,801,805,807-809,811,813-815,817-821,823,825-827,829-837: Terminated
srun: error: frontier07027: tasks 16746,16748,16752,16754,16756,16762,16766-16768,16770,16774,16776,16778-16780,16784,16786,16789,16792,16794: Terminated
srun: error: frontier02899: tasks 6160-6166,6168-6170,6172-6178,6180-6184,6186,6189-6190,6192-6194,6196,6198-6200,6202-6206,6208-6212,6214-6215: Terminated
srun: error: frontier04986: tasks 11256-11257,11261-11264,11266,11272-11274,11278,11281-11285,11287,11298,11301-11302,11304,11306-11307: Terminated
srun: error: frontier00348: tasks 784,786,788,792,794,800,802-804,806,810,812,816,822,824,828,838-839: Terminated
srun: Force Terminated StepId=5137550.114
[... 486 further lines matching: srun: error: frontier#: tasks #-#: Terminated ...]
[... 3 further lines matching: srun: error: frontier#: tasks #-#,#-#: Terminated ...]
[... 3 further lines matching: srun: error: frontier#: task #: Terminated ...]
[... 3 further lines matching: srun: error: frontier#: tasks #-#,#-#,#-#: Terminated ...]
[... 2 further lines matching: srun: error: frontier#: tasks #-#,#-#,#-#,#-#,#-#: Terminated ...]
[... 1 further lines matching: srun: error: frontier#: tasks #,#,#,#,#: Terminated ...]
[... 1 further lines matching: srun: error: frontier#: tasks #,#,#,#: Terminated ...]
[... 1 further lines matching: srun: error: frontier#: tasks #,#: Terminated ...]
Running frontier nodes=512 ranks_per_node=56 dist=lockfree_rma mode=uniform expected_us=100 max_upper_fanout=-1
RESULT distributor=lockfree_rma mode=uniform expected_us=100 nodes=512 world_size=28672 max_upper_fanout=-1 total_tasks=2416477 elapsed_s=20.0656 throughput_tasks_per_s=120429
MPICH Notice [Rank 0] [job id 5137550.115] [Sun Aug  2 04:08:31 2026] [frontier00096] - Abort(0) (rank 0 in comm 0): application called MPI_Abort(MPI_COMM_WORLD, 0) - process 0
aborting job:
application called MPI_Abort(MPI_COMM_WORLD, 0) - process 0
srun: error: frontier00096: task 0: Exited with exit code 255
srun: Terminating StepId=5137550.115
[2026-08-02T04:08:35.876] error: *** STEP 5137550.115 ON frontier00096 CANCELLED AT 2026-08-02T04:08:35 DUE TO TASK FAILURE ***
srun: error: frontier08524: tasks 23175,23183: Terminated
srun: error: frontier04199: tasks 10080-10135: Terminated
srun: error: frontier08395: tasks 21952-22007: Terminated
srun: error: frontier03152: tasks 7617,7622,7627,7630-7631,7641,7643,7659,7661,7667,7669,7671: Terminated
srun: error: frontier08524: tasks 23128-23174,23176-23182: Terminated
srun: error: frontier02523: tasks 4536,4543-4544,4549-4550,4552,4555-4558,4560,4562,4567-4568,4571-4576,4578-4584,4590-4591: Terminated
srun: error: frontier08397: tasks 22008-22015,22017-22038,22040-22063: Terminated
srun: error: frontier09029: tasks 26406,26430: Terminated
srun: error: frontier09289: tasks 27557,27587,27601,27605: Terminated
srun: error: frontier03152: tasks 7616,7618-7621,7623-7626,7628-7629,7632-7640,7642,7644-7658,7660,7662-7666,7668,7670: Terminated
srun: error: frontier03300: tasks 8361,8363,8379,8396,8399: Terminated
srun: error: frontier07806: tasks 18872-18879,18881-18896,18898-18899,18901-18920,18922-18927: Terminated
srun: error: frontier02682: tasks 5264-5308,5310-5319: Terminated
srun: error: frontier02683: tasks 5323,5335,5355,5361,5363: Terminated
srun: error: frontier06905: tasks 16521,16529,16533-16535,16537,16539-16540,16542-16543,16545,16547-16549,16551,16553-16554,16556,16558-16559,16563,16565-16569,16574: Terminated
srun: error: frontier09029: tasks 26376-26405,26407-26429,26431: Terminated
srun: error: frontier09289: tasks 27552-27556,27558-27586,27588-27600,27602-27604,27606-27607: Terminated
srun: error: frontier05620: tasks 12231-12232,12239,12247: Terminated
srun: error: frontier07157: tasks 17139,17147,17158,17163,17166-17167,17171-17177,17179-17181,17183-17184,17190: Terminated
srun: error: frontier09169: tasks 27161,27165-27167,27169,27173,27175,27177,27179,27185,27187,27189,27195-27197,27201,27203-27204,27207,27209,27211,27213-27214: Terminated
srun: error: frontier07806: tasks 18880,18897,18900,18921: Terminated
srun: error: frontier04726: tasks 10977,10987,10993,11009,11027,11031: Terminated
srun: error: frontier08815: tasks 25144-25156,25158-25186,25188-25199: Terminated
srun: error: frontier03173: tasks 7897,7899,7917-7918,7926,7942,7945,7949: Terminated
srun: error: frontier02682: task 5309: Terminated
srun: error: frontier02778: task 5517: Terminated
srun: error: frontier06266: tasks 14235,14251,14257,14262,14275,14278: Terminated
srun: error: frontier06905: tasks 16520,16522-16528,16530-16532,16536,16538,16541,16544,16546,16550,16552,16555,16557,16560-16562,16564,16570-16573,16575: Terminated
srun: error: frontier04331: tasks 10529-10533,10535,10537,10539-10543,10545,10547,10549-10553,10555-10557,10559-10563,10565-10570,10572-10579,10582-10583: Terminated
srun: error: frontier07790: tasks 18648-18649,18651-18663,18665-18667,18669-18672,18674-18683,18686-18687,18689-18695,18697,18699-18703: Terminated
srun: error: frontier00250: tasks 734-735,741,745,755,759,766-767,769,773,776,779,781: Terminated
srun: error: frontier05620: tasks 12208-12230,12233-12238,12240-12246,12248-12263: Terminated
srun: error: frontier09169: tasks 27160,27162-27164,27168,27170-27172,27174,27176,27178,27180-27184,27186,27188,27190-27194,27198-27200,27202,27205-27206,27208,27210,27212,27215: Terminated
srun: error: frontier00246: tasks 672,681,686-687,689,691,694,706,708-709,716,718-719,724,727: Terminated
srun: error: frontier04726: tasks 10976,10978-10986,10988-10992,10994-11008,11010-11026,11028-11030: Terminated
srun: error: frontier03173: tasks 7896,7898,7900-7916,7919-7925,7927-7941,7943-7944,7946-7948,7950-7951: Terminated
srun: error: frontier03185: tasks 8008,8010-8042,8044-8051,8053-8056,8058-8063: Terminated
srun: error: frontier04331: tasks 10528,10534,10536,10538,10544,10546,10548,10554,10558,10564,10571,10580-10581: Terminated
srun: error: frontier07790: tasks 18650,18664,18668,18673,18684-18685,18688,18696,18698: Terminated
srun: error: frontier05726: tasks 12482-12483,12485: Terminated
srun: error: frontier00250: tasks 728-733,736-740,742-744,746-754,756-758,760-765,768,770-772,774-775,777-778,780,782-783: Terminated
srun: error: frontier00246: tasks 673-680,682-685,688,690,692-693,695-705,707,710-715,717,720-723,725-726: Terminated
srun: error: frontier06269: tasks 14392-14398,14400-14424,14426,14428-14431,14433-14447: Terminated
srun: error: frontier07157: tasks 17136-17138,17140-17146,17148-17157,17159-17162,17164-17165,17168-17170,17178,17182,17185-17189,17191: Terminated
srun: error: frontier01650: tasks 2492-2493,2517: Terminated
srun: error: frontier03314: tasks 8512-8516,8518-8526,8528,8530-8567: Terminated
srun: error: frontier06266: tasks 14224-14234,14237-14250,14252-14256,14258,14260,14264-14268,14270-14274,14276-14277,14279: Terminated
srun: error: frontier02523: tasks 4537,4540,4542,4545-4546,4548,4551,4554,4564,4566,4570,4588-4589: Terminated
srun: error: frontier01650: tasks 2465,2467,2471,2475-2478,2481,2483,2485-2486,2489,2491,2494-2496,2499,2502-2503,2505-2507,2509,2511,2513,2515-2516,2519: Terminated
srun: error: frontier03300: tasks 8364,8367,8369,8377,8387,8389,8391,8397: Terminated
srun: error: frontier02683: tasks 5324,5331,5334,5339,5341,5345,5371: Terminated
srun: error: frontier02685: tasks 5380-5381,5389,5393,5395,5397,5401,5407,5409,5412,5415,5425,5430: Terminated
srun: error: frontier02523: tasks 4538-4539,4541,4547,4553,4559,4561,4565,4577,4585,4587: Terminated
srun: error: frontier05236: tasks 11603,11605,11609,11625,11633,11635-11636,11639,11641: Terminated
srun: error: frontier03300: tasks 8344-8346,8348-8360,8362,8365-8366,8368,8370-8376,8378,8380-8384,8386,8388,8390,8392-8395,8398: Terminated
srun: error: frontier02683: tasks 5320-5322,5325-5330,5332-5333,5336,5338,5340,5342-5344,5346-5354,5356-5360,5362,5364-5370,5372-5375: Terminated
srun: error: frontier02685: tasks 5376-5378,5382,5384-5386,5388,5390-5392,5394,5396,5398-5400,5402-5406,5408,5410,5413-5414,5416-5424,5426-5429: Terminated
srun: error: frontier05236: tasks 11592-11602,11604,11606-11608,11610-11616,11618-11624,11626-11632,11634,11637-11638,11640,11642-11647: Terminated
srun: error: frontier07534: tasks 17864-17866,17868-17872,17874-17878,17880-17884,17886-17888,17890-17919: Terminated
srun: error: frontier05726: tasks 12432-12437,12439-12481,12484,12486-12487: Terminated
srun: error: frontier01650: tasks 2464,2466,2468-2470,2472-2474,2479-2480,2482,2484,2488,2490,2497-2498,2500-2501,2504,2508,2510,2512,2514,2518: Terminated
srun: Force Terminated StepId=5137550.115
[... 466 further lines matching: srun: error: frontier#: tasks #-#: Terminated ...]
[... 15 further lines matching: srun: error: frontier#: task #: Terminated ...]
[... 14 further lines matching: srun: error: frontier#: tasks #,#: Terminated ...]
[... 8 further lines matching: srun: error: frontier#: tasks #-#,#-#,#-#: Terminated ...]
[... 6 further lines matching: srun: error: frontier#: tasks #-#,#-#: Terminated ...]
[... 3 further lines matching: srun: error: frontier#: tasks #,#,#,#: Terminated ...]
[... 1 further lines matching: srun: error: frontier#: tasks #,#,#,#,#: Terminated ...]
Running frontier nodes=512 ranks_per_node=56 dist=lockfree_rma mode=uniform expected_us=1000 max_upper_fanout=-1
srun: Step created for StepId=5137550.116
RESULT distributor=lockfree_rma mode=uniform expected_us=1000 nodes=512 world_size=28672 max_upper_fanout=-1 total_tasks=1727094 elapsed_s=20.1103 throughput_tasks_per_s=85881.3
MPICH Notice [Rank 0] [job id 5137550.116] [Sun Aug  2 04:09:48 2026] [frontier00096] - Abort(0) (rank 0 in comm 0): application called MPI_Abort(MPI_COMM_WORLD, 0) - process 0
aborting job:
application called MPI_Abort(MPI_COMM_WORLD, 0) - process 0
srun: error: frontier00096: task 0: Exited with exit code 255
srun: Terminating StepId=5137550.116
[2026-08-02T04:09:53.183] error: *** STEP 5137550.116 ON frontier00096 CANCELLED AT 2026-08-02T04:09:53 DUE TO TASK FAILURE ***
srun: error: frontier04199: tasks 10080,10082-10083,10085-10088,10090-10097,10099,10102-10105,10107-10118,10120-10124,10126,10128-10131,10133,10135: Terminated
srun: error: frontier09026: tasks 26208-26263: Terminated
srun: error: frontier04199: tasks 10081,10084,10089,10098,10100-10101,10106,10119,10125,10127,10132,10134: Terminated
srun: error: frontier09159: tasks 26880-26935: Terminated
srun: error: frontier02414: tasks 3933,3937,3939,3945,3949,3953,3957-3959,3961-3962,3965,3968,3970,3975: Terminated
srun: error: frontier08807: tasks 25108,25119,25127,25135: Terminated
srun: error: frontier08519: tasks 22853,22855,22863,22865,22867,22887: Terminated
srun: error: frontier02414: tasks 3920-3932,3934-3936,3938,3940-3944,3946-3948,3950-3952,3954-3956,3960,3963-3964,3966-3967,3969,3971-3974: Terminated
srun: error: frontier06136: tasks 13888-13889,13891-13895,13897-13899,13901-13906,13908-13911,13913,13915-13916,13918-13919,13921,13923,13925-13926,13928-13931,13933-13941,13943: Terminated
srun: error: frontier08899: tasks 25201-25207,25209,25211,25213-25222,25224-25229,25231-25246,25248-25253,25255: Terminated
srun: error: frontier09167: tasks 27107,27115,27121-27122,27131: Terminated
srun: error: frontier09307: task 27923: Terminated
srun: error: frontier07890: tasks 18999,19001,19031: Terminated
srun: error: frontier08569: tasks 23520-23524,23526-23575: Terminated
srun: error: frontier06887: tasks 15973,16007: Terminated
srun: error: frontier07790: tasks 18671,18703: Terminated
srun: error: frontier07806: tasks 18872-18873,18875-18878,18881-18891,18893,18896-18897,18899-18910,18912-18913,18915-18918,18920-18925,18927: Terminated
srun: error: frontier08026: tasks 19661,19663,19667,19669,19675,19681,19689,19693,19697,19699,19701,19705,19707,19709: Terminated
srun: error: frontier06653: tasks 15233-15239,15241,15243,15245-15255,15257-15263,15265-15271,15273,15275,15277-15279,15282-15285: Terminated
srun: error: frontier06518: tasks 14885,14889,14891: Terminated
srun: error: frontier06756: tasks 15345,15353,15361,15375,15385,15391,15397,15399: Terminated
srun: error: frontier03827: tasks 9417,9425,9427,9433,9435,9443,9445,9460,9463: Terminated
srun: error: frontier06524: tasks 14904,14907,14913,14916,14918,14930,14934,14938-14940,14944-14945,14947,14950: Terminated
srun: error: frontier02509: tasks 4209,4217,4221,4233,4235,4239,4242,4253: Terminated
srun: error: frontier08523: tasks 23072-23079,23081-23086,23088-23097,23099-23102,23104-23127: Terminated
srun: error: frontier04726: tasks 10977,10982,11001,11013,11027,11029: Terminated
srun: error: frontier06136: tasks 13890,13896,13900,13907,13912,13914,13917,13920,13922,13924,13927,13932,13942: Terminated
srun: error: frontier08799: tasks 24977,24993,25023,25031: Terminated
srun: error: frontier08431: task 22559: Terminated
srun: error: frontier04078: tasks 9744-9772,9774-9798: Terminated
srun: error: frontier03150: tasks 7504-7507,7509-7511,7513-7517,7519-7531,7533-7536,7538-7545,7548-7559: Terminated
srun: error: frontier03185: tasks 8008-8026,8028-8040,8042-8063: Terminated
srun: error: frontier07806: tasks 18874,18879-18880,18892,18894-18895,18898,18911,18914,18919,18926: Terminated
srun: error: frontier08807: tasks 25088-25107,25109-25118,25120-25126,25128-25134,25136-25143: Terminated
srun: error: frontier07890: tasks 18984-18998,19000,19002-19030,19032-19039: Terminated
srun: error: frontier08519: tasks 22848-22852,22854,22856-22862,22864,22866,22868-22886,22888-22903: Terminated
srun: error: frontier06653: tasks 15232,15240,15242,15244,15256,15264,15272,15274,15276,15280-15281,15286-15287: Terminated
srun: error: frontier06887: tasks 15960-15972,15974-16006,16008-16015: Terminated
srun: error: frontier08026: tasks 19656-19660,19662,19664-19666,19668,19670-19674,19676-19680,19682-19688,19690-19692,19694-19696,19698,19700,19702-19704,19706,19708,19710-19711: Terminated
srun: error: frontier02509: tasks 4200-4208,4210-4216,4218-4220,4222-4232,4234,4236-4238,4240-4241,4243-4252,4254-4255: Terminated
srun: error: frontier06756: tasks 15344,15346-15352,15354-15360,15362-15374,15376-15384,15386-15390,15392-15396,15398: Terminated
srun: error: frontier04726: tasks 10976,10978-10981,10983-11000,11002-11012,11014-11026,11028,11030-11031: Terminated
srun: error: frontier06518: tasks 14840-14884,14886-14888,14890,14892-14895: Terminated
srun: error: frontier03317: tasks 8680-8702,8704-8716,8718-8733,8735: Terminated
srun: error: frontier02899: tasks 6160-6162,6164-6172,6174-6184,6186-6198,6200-6205,6207-6208,6210-6215: Terminated
srun: error: frontier06524: tasks 14896-14903,14905-14906,14908-14912,14914-14915,14917,14919-14929,14931-14933,14935-14937,14941-14943,14946,14948-14949,14951: Terminated
srun: error: frontier03827: tasks 9408-9416,9418-9424,9426,9428-9432,9434,9436-9442,9444,9446-9459,9461-9462: Terminated
srun: error: frontier08799: tasks 24976,24978-24992,24994-25022,25024-25030: Terminated
srun: error: frontier03150: tasks 7508,7512,7518,7532,7537,7546-7547: Terminated
srun: Force Terminated StepId=5137550.116
[... 479 further lines matching: srun: error: frontier#: tasks #-#: Terminated ...]
[... 4 further lines matching: srun: error: frontier#: tasks #,#: Terminated ...]
[... 3 further lines matching: srun: error: frontier#: tasks #-#,#-#: Terminated ...]
[... 2 further lines matching: srun: error: frontier#: tasks #-#,#-#,#-#: Terminated ...]
[... 1 further lines matching: srun: error: frontier#: tasks #,#,#: Terminated ...]
[... 1 further lines matching: srun: error: frontier#: tasks #,#,#,#,#,#: Terminated ...]
[... 1 further lines matching: srun: error: frontier#: tasks #,#,#,#,#,#,#,#: Terminated ...]
[... 1 further lines matching: srun: error: frontier#: tasks #-#,#-#,#-#,#-#,#-#: Terminated ...]
[... 1 further lines matching: srun: error: frontier#: task #: Terminated ...]
[... 1 further lines matching: srun: error: frontier#: tasks #,#,#,#: Terminated ...]
Running frontier nodes=512 ranks_per_node=56 dist=lockfree_rma mode=uniform expected_us=10000 max_upper_fanout=-1
RESULT distributor=lockfree_rma mode=uniform expected_us=10000 nodes=512 world_size=28672 max_upper_fanout=-1 total_tasks=2369119 elapsed_s=20.0259 throughput_tasks_per_s=118303
MPICH Notice [Rank 0] [job id 5137550.117] [Sun Aug  2 04:10:57 2026] [frontier00096] - Abort(0) (rank 0 in comm 0): application called MPI_Abort(MPI_COMM_WORLD, 0) - process 0
aborting job:
application called MPI_Abort(MPI_COMM_WORLD, 0) - process 0
srun: error: frontier00096: task 0: Exited with exit code 255
srun: Terminating StepId=5137550.117
[2026-08-02T04:11:02.160] error: *** STEP 5137550.117 ON frontier00096 CANCELLED AT 2026-08-02T04:11:02 DUE TO TASK FAILURE ***
srun: error: frontier08801: tasks 25032-25087: Terminated
srun: error: frontier03038: tasks 7004,7020,7036,7052: Terminated
srun: error: frontier05746: tasks 12633,12647,12655: Terminated
srun: error: frontier06780: tasks 15680-15735: Terminated
srun: error: frontier08037: task 20096: Terminated
srun: error: frontier08432: task 22591: Terminated
srun: error: frontier05223: tasks 11369,11404,11411,11415,11421: Terminated
srun: error: frontier03038: tasks 7000-7003,7005-7019,7021-7035,7037-7051,7053-7055: Terminated
srun: error: frontier05746: tasks 12600-12632,12634-12646,12648-12654: Terminated
srun: error: frontier07410: tasks 17607,17631,17639: Terminated
srun: error: frontier01140: tasks 1457,1465,1473,1479,1481,1489,1495,1501,1503,1511: Terminated
srun: error: frontier08037: tasks 20048-20095,20097-20103: Terminated
srun: error: frontier05223: tasks 11368,11370-11403,11405-11410,11412-11414,11416-11420,11422-11423: Terminated
srun: error: frontier08432: tasks 22568-22590,22592-22623: Terminated
srun: error: frontier08437: tasks 22695,22719,22722,22729: Terminated
srun: error: frontier07410: tasks 17584-17606,17608-17630,17632-17638: Terminated
srun: error: frontier01140: tasks 1456,1458-1464,1466-1472,1474-1478,1480,1482-1488,1490-1494,1496-1500,1502,1504-1510: Terminated
srun: error: frontier03052: tasks 7168-7169,7171-7174,7177,7179,7181-7183,7185,7187-7188,7190-7191,7194-7195,7198-7201,7206-7209,7211,7214-7215,7218,7223: Terminated
srun: error: frontier06651: tasks 15176-15178,15180-15189,15191-15216,15218-15231: Terminated
srun: error: frontier05620: tasks 12213,12217,12219,12221,12223-12225,12228,12230,12233,12243,12245-12248,12251,12253-12254,12256-12257,12260-12261,12263: Terminated
srun: error: frontier06142: tasks 14059,14083: Terminated
srun: error: frontier05874: tasks 12937,12939,12951,12958-12959,12974-12975,12983,12991: Terminated
srun: error: frontier08437: tasks 22680-22694,22696-22718,22720-22721,22723-22728,22730-22735: Terminated
srun: error: frontier03052: tasks 7170,7175-7176,7178,7180,7184,7186,7189,7192-7193,7196-7197,7202-7205,7210,7212-7213,7216-7217,7219-7222: Terminated
srun: error: frontier05620: tasks 12208-12212,12214-12216,12218,12220,12222,12226-12227,12229,12231-12232,12234-12242,12244,12249-12250,12252,12255,12258-12259,12262: Terminated
srun: error: frontier05245: tasks 11762,11773,11776,11778,11784,11787,11799,11807,11812,11815: Terminated
srun: error: frontier09025: tasks 26163,26169,26175,26188,26193,26201,26203: Terminated
srun: error: frontier02652: tasks 4872-4874,4876-4882,4884-4918,4920-4926: Terminated
srun: error: frontier02783: tasks 5603,5619,5630,5632,5638-5640,5644,5651,5654: Terminated
srun: error: frontier01651: tasks 2527,2535,2543,2551,2575: Terminated
srun: error: frontier05874: tasks 12936,12938,12940-12950,12952-12957,12960-12973,12976-12982,12984-12990: Terminated
srun: error: frontier03827: tasks 9433,9447,9449,9451,9453,9455,9457,9463: Terminated
srun: error: frontier05245: tasks 11760-11761,11763-11772,11774-11775,11777,11779-11783,11785-11786,11788-11798,11800-11806,11808-11811,11813-11814: Terminated
srun: error: frontier02783: tasks 5600-5602,5604-5618,5620-5629,5631,5633-5637,5641-5643,5645-5650,5652-5653,5655: Terminated
srun: error: frontier05733: tasks 12488,12490-12500,12502-12506,12508-12543: Terminated
srun: error: frontier09025: tasks 26152-26162,26164-26168,26170-26174,26176-26187,26189-26192,26194-26200,26202,26204-26207: Terminated
srun: error: frontier03827: tasks 9408-9432,9434-9446,9448,9450,9452,9454,9456,9458-9462: Terminated
srun: Force Terminated StepId=5137550.117
[... 480 further lines matching: srun: error: frontier#: tasks #-#: Terminated ...]
[... 8 further lines matching: srun: error: frontier#: task #: Terminated ...]
[... 6 further lines matching: srun: error: frontier#: tasks #-#,#-#: Terminated ...]
[... 4 further lines matching: srun: error: frontier#: tasks #,#,#: Terminated ...]
[... 3 further lines matching: srun: error: frontier#: tasks #,#,#,#: Terminated ...]
[... 3 further lines matching: srun: error: frontier#: tasks #-#,#-#,#-#,#-#: Terminated ...]
[... 2 further lines matching: srun: error: frontier#: tasks #-#,#-#,#-#: Terminated ...]
[... 1 further lines matching: srun: error: frontier#: tasks #-#,#-#,#-#,#-#,#-#: Terminated ...]
Running frontier nodes=512 ranks_per_node=56 dist=lockfree_rma mode=uniform expected_us=100000 max_upper_fanout=-1
srun: Step created for StepId=5137550.118
RESULT distributor=lockfree_rma mode=uniform expected_us=100000 nodes=512 world_size=28672 max_upper_fanout=-1 total_tasks=5473361 elapsed_s=20.001 throughput_tasks_per_s=273655
MPICH Notice [Rank 0] [job id 5137550.118] [Sun Aug  2 04:12:04 2026] [frontier00096] - Abort(0) (rank 0 in comm 0): application called MPI_Abort(MPI_COMM_WORLD, 0) - process 0
aborting job:
application called MPI_Abort(MPI_COMM_WORLD, 0) - process 0
srun: error: frontier00096: tasks 1-2,5-23,26-27,29-38,40,42-45,47,49-55: Bus error
srun: Terminating StepId=5137550.118
[2026-08-02T04:12:08.572] error: *** STEP 5137550.118 ON frontier00096 CANCELLED AT 2026-08-02T04:12:08 DUE TO TASK FAILURE ***
srun: error: frontier06780: tasks 15680-15735: Terminated
srun: error: frontier08801: tasks 25032-25087: Terminated
srun: error: frontier05223: tasks 11368-11414,11416-11423: Terminated
srun: error: frontier00353: tasks 840-879,881-895: Terminated
srun: error: frontier00353: task 880: Terminated
srun: error: frontier07412: tasks 17720,17735,17743,17751: Terminated
srun: error: frontier05223: task 11415: Terminated
srun: error: frontier09467: tasks 28392-28400,28402-28411,28413-28432,28434-28447: Terminated
srun: error: frontier06653: tasks 15235,15237,15246,15251,15253,15264,15281: Terminated
srun: error: frontier07418: tasks 17808-17809,17811-17822,17824-17830,17832-17863: Terminated
srun: error: frontier08169: tasks 21000-21053,21055: Terminated
srun: error: frontier02425: tasks 4033-4035,4037-4039,4042-4047,4049-4055,4057-4063,4065,4067,4069-4071,4073-4075,4077-4081,4083-4087: Terminated
srun: error: frontier02791: tasks 5880-5888,5890-5912,5914-5935: Terminated
srun: error: frontier04722: tasks 10920,10930,10934,10939,10941,10944,10946,10951-10952,10957,10959-10960,10966,10975: Terminated
srun: error: frontier03304: tasks 8407,8411,8417,8421,8423,8425,8438,8447,8451: Terminated
srun: error: frontier03062: tasks 7282,7298,7327: Terminated
srun: error: frontier03197: tasks 8120-8152,8154-8163,8165-8175: Terminated
srun: error: frontier04331: tasks 10528-10529,10532-10535,10537,10541,10543,10546-10550,10553,10555-10556,10558,10560,10563,10565,10567-10568,10571-10574,10578-10579,10581-10583: Terminated
srun: error: frontier01533: tasks 2240-2241,2243,2245,2247,2251,2253-2255,2257,2259-2263,2265,2267-2273,2277-2281,2283-2284,2288-2291,2294-2295: Terminated
srun: error: frontier09027: tasks 26265,26279,26281,26288,26290,26299,26302,26319: Terminated
srun: error: frontier00096: task 0: Exited with exit code 255
srun: error: frontier06653: tasks 15232-15234,15236,15238-15245,15247-15250,15252,15254-15263,15265-15280,15282-15287: Terminated
srun: error: frontier02425: tasks 4032,4036,4040-4041,4048,4056,4064,4066,4068,4072,4076,4082: Terminated
srun: error: frontier02791: tasks 5889,5913: Terminated
srun: error: frontier07418: tasks 17810,17823,17831: Terminated
srun: error: frontier03304: tasks 8400-8406,8408-8410,8412-8416,8418-8420,8422,8424,8426-8437,8439-8446,8448-8450,8452-8455: Terminated
srun: error: frontier04722: tasks 10921-10929,10931-10933,10935-10938,10940,10942-10943,10945,10947-10950,10953-10956,10958,10961-10965,10967-10974: Terminated
srun: error: frontier01533: tasks 2242,2244,2246,2248-2250,2252,2256,2258,2264,2266,2274-2276,2282,2285-2287,2292-2293: Terminated
srun: error: frontier00096: tasks 3-4,24,39,41,46,48: Terminated
srun: error: frontier04331: tasks 10530-10531,10536,10538-10540,10542,10544-10545,10551-10552,10554,10557,10559,10561-10562,10564,10566,10569-10570,10575-10577,10580: Terminated
srun: error: frontier03197: tasks 8153,8164: Terminated
srun: error: frontier09027: tasks 26264,26266-26278,26280,26282-26287,26289,26291-26298,26300-26301,26303-26318: Terminated
srun: error: frontier00096: task 25: Bus error (core dumped)
srun: error: frontier00096: task 28: Bus error (core dumped)
srun: Force Terminated StepId=5137550.118
[... 485 further lines matching: srun: error: frontier#: tasks #-#: Terminated ...]
[... 9 further lines matching: srun: error: frontier#: task #: Terminated ...]
[... 8 further lines matching: srun: error: frontier#: tasks #-#,#-#: Terminated ...]
[... 2 further lines matching: srun: error: frontier#: tasks #-#,#-#,#-#,#-#: Terminated ...]
[... 1 further lines matching: srun: error: frontier#: tasks #,#,#: Terminated ...]
Running frontier nodes=512 ranks_per_node=56 dist=lockfree_rma mode=uniform expected_us=1000000 max_upper_fanout=-1
RESULT distributor=lockfree_rma mode=uniform expected_us=1000000 nodes=512 world_size=28672 max_upper_fanout=-1 total_tasks=530227 elapsed_s=20.0005 throughput_tasks_per_s=26510.7
MPICH Notice [Rank 0] [job id 5137550.119] [Sun Aug  2 04:13:20 2026] [frontier00096] - Abort(0) (rank 0 in comm 0): application called MPI_Abort(MPI_COMM_WORLD, 0) - process 0
aborting job:
application called MPI_Abort(MPI_COMM_WORLD, 0) - process 0
MPICH ERROR [Rank 4625] [job id 5137550.119] [Sun Aug  2 04:13:21 2026] [frontier02529] - Abort(203573647) (rank 4625 in comm 0): Fatal error in PMPI_Win_flush_local: Other MPI error, error stack:
PMPI_Win_flush_local(142)......: MPI_Win_flush_local(target_rank=0, win=0xa0000000) failed
MPID_Win_flush_local(247)......:
MPIDIG_mpi_win_flush_local(834):
MPIDI_Progress_test(97)........:
MPIDI_OFI_handle_cq_error(1310): OFI poll failed (ofi_events.c:1312:MPIDI_OFI_handle_cq_error:Input/output error - PTLTE_NOT_FOUND)
aborting job:
Fatal error in PMPI_Win_flush_local: Other MPI error, error stack:
PMPI_Win_flush_local(142)......: MPI_Win_flush_local(target_rank=0, win=0xa0000000) failed
MPID_Win_flush_local(247)......:
MPIDIG_mpi_win_flush_local(834):
MPIDI_Progress_test(97)........:
MPIDI_OFI_handle_cq_error(1310): OFI poll failed (ofi_events.c:1312:MPIDI_OFI_handle_cq_error:Input/output error - PTLTE_NOT_FOUND)
MPICH ERROR [Rank 18132] [job id 5137550.119] [Sun Aug  2 04:13:21 2026] [frontier07550] - Abort(606226319) (rank 18132 in comm 0): Fatal error in PMPI_Win_flush: Other MPI error, error stack:
PMPI_Win_flush(139)..................: MPI_Win_flush(target_rank=0, win=0xa0000000) failed
MPID_Win_flush(294)..................:
MPIDIG_mpi_win_flush(615)............:
MPIDI_OFI_win_progress_fence_impl(65):
MPIDI_OFI_handle_cq_error(1310)......: OFI poll failed (ofi_events.c:1312:MPIDI_OFI_handle_cq_error:Input/output error - PTLTE_NOT_FOUND)
Fatal error in PMPI_Win_flush: Other MPI error, error stack:
PMPI_Win_flush(139)..................: MPI_Win_flush(target_rank=0, win=0xa0000000) failed
MPID_Win_flush(294)..................:
MPIDIG_mpi_win_flush(615)............:
MPIDI_OFI_win_progress_fence_impl(65):
MPIDI_OFI_handle_cq_error(1310)......: OFI poll failed (ofi_events.c:1312:MPIDI_OFI_handle_cq_error:Input/output error - PTLTE_NOT_FOUND)
MPICH ERROR [Rank 295] [job id 5137550.119] [Sun Aug  2 04:13:21 2026] [frontier00121] - Abort(606226319) (rank 295 in comm 0): Fatal error in PMPI_Win_flush: Other MPI error, error stack:
Fatal error in PMPI_Win_flush: Other MPI error, error stack:
srun: error: frontier04199: tasks 10111,10126: Exited with exit code 255
srun: Terminating StepId=5137550.119
srun: error: frontier05484: tasks 11947,11949,11953,11956,11959,11975: Exited with exit code 255
srun: error: frontier06780: tasks 15699,15707,15723: Exited with exit code 255
srun: error: frontier09026: tasks 26216,26218,26222,26251: Exited with exit code 255
srun: error: frontier08801: tasks 25033,25040,25052,25059,25067,25076,25087: Exited with exit code 255
srun: error: frontier02151: tasks 3254-3255,3260,3263,3286: Exited with exit code 255
srun: error: frontier03038: tasks 7004,7008,7015,7017,7024,7028,7033,7043: Exited with exit code 255
srun: error: frontier04479: tasks 10760,10773,10778-10779,10799,10802-10803,10805,10807: Exited with exit code 255
srun: error: frontier06898: tasks 16353,16399,16406: Exited with exit code 255
srun: error: frontier08395: tasks 21956,21966,21978,21985,21992: Exited with exit code 255
srun: error: frontier08919: tasks 25880,25890,25900,25903,25909,25912: Exited with exit code 255
srun: error: frontier09169: tasks 27170,27182,27194,27203: Exited with exit code 255
srun: error: frontier09468: tasks 28448,28451,28464,28470-28471,28473,28481,28486,28496,28501: Exited with exit code 255
srun: error: frontier01139: tasks 1403,1408,1410,1413,1417,1419,1422,1424,1432,1449: Exited with exit code 255
srun: error: frontier02679: tasks 5154,5162,5174,5176,5179,5183-5184,5206: Exited with exit code 255
srun: error: frontier05746: tasks 12605,12611,12616,12619,12622,12626,12645-12646: Exited with exit code 255
srun: error: frontier08270: tasks 21281,21284,21288,21296,21298,21302,21310,21317,21319-21320,21329: Exited with exit code 255
srun: error: frontier09159: tasks 26882-26883,26887,26889-26890,26892,26896,26904-26906,26908,26910,26914,26924,26928-26929,26934-26935: Exited with exit code 255
srun: error: frontier09298: tasks 27611,27620,27622,27625-27626,27630,27632,27636,27640,27643: Exited with exit code 255
srun: error: frontier09299: tasks 27681,27689,27697,27699,27702,27706,27711,27714,27716: Exited with exit code 255
srun: error: frontier09300: tasks 27720,27722,27730,27733,27736-27737,27740,27749-27750,27754,27761,27768: Exited with exit code 255
srun: error: frontier08922: tasks 25928,25932,25934-25935,25937,25942,25948,25951,25955,25958,25962-25963,25965,25972,25975,25982: Exited with exit code 255
srun: error: frontier09171: tasks 27216,27221,27224-27225,27240-27241,27246,27255,27263,27271: Exited with exit code 255
srun: error: frontier00102: tasks 182,189,197-198: Exited with exit code 255
srun: error: frontier01280: tasks 2077,2081,2086,2089,2100,2106,2127: Exited with exit code 255
srun: error: frontier06380: task 14487: Exited with exit code 255
srun: error: frontier07667: tasks 18205,18207,18210,18239,18249: Exited with exit code 255
srun: error: frontier08526: tasks 23248,23250,23262,23264,23268,23287-23288,23295: Exited with exit code 255
srun: error: frontier09302: tasks 27777,27784,27787-27788,27794,27799,27801-27802,27806-27807,27809-27812,27826: Exited with exit code 255
srun: error: frontier08675: tasks 24140,24144-24147,24150,24154,24172-24173,24181: Exited with exit code 255
srun: error: frontier02151: tasks 3248,3251,3262,3271,3277,3284,3288,3295,3301: Exited with exit code 255
srun: error: frontier03578: task 8887: Exited with exit code 255
srun: error: frontier02529: tasks 4606,4611,4625,4629,4634,4638,4644,4647: Exited with exit code 255
srun: error: frontier08524: tasks 23132,23134,23138,23145,23148,23151,23155,23159,23169,23171,23174: Exited with exit code 255
srun: error: frontier09028: tasks 26323,26327,26329-26330,26334,26339-26340,26344,26352,26360-26362,26366,26370: Exited with exit code 255
srun: error: frontier09434: tasks 28232,28238,28257-28258,28263,28267,28269: Exited with exit code 255
srun: error: frontier10174: tasks 28513,28519,28524-28525,28529-28530,28547,28549,28553,28555-28556: Exited with exit code 255
srun: error: frontier03156: tasks 7675-7676,7679-7680,7685-7688,7693-7697,7700,7703,7709-7710,7723,7725: Exited with exit code 255
srun: error: frontier08669: tasks 23805-23806,23815,23821-23822,23829,23835-23837,23842,23854: Exited with exit code 255
srun: error: frontier08807: tasks 25095,25098,25102-25103,25106-25107,25123,25135,25137,25140: Exited with exit code 255
srun: error: frontier08785: tasks 24585,24592,24599-24600,24606,24608-24610,24613,24617,24622,24629-24630,24632,24634: Exited with exit code 255
srun: error: frontier08289: tasks 21565,21577,21585,21590,21604,21607,21612-21613,21615: Exited with exit code 255
srun: error: frontier08519: tasks 22848,22859,22865,22867,22871-22872,22878,22883,22888,22890,22892: Exited with exit code 255
srun: error: frontier08188: tasks 21069,21083,21091,21099,21109-21110: Exited with exit code 255
srun: error: frontier08903: tasks 25426-25427,25432,25437,25447,25473: Exited with exit code 255
srun: error: frontier04199: tasks 10081,10083,10088,10091-10092,10095-10096,10104,10120-10123,10134: Exited with exit code 255
srun: error: frontier03834: tasks 9521,9528,9530,9533,9538,9542-9543,9560,9567,9570: Exited with exit code 255
srun: error: frontier06013: tasks 13276,13285-13286,13295,13297,13306,13320,13322,13326: Exited with exit code 255
srun: error: frontier09160: tasks 26936,26940,26945-26946,26950,26962,26975-26976,26979,26983,26985-26986,26988: Exited with exit code 255
srun: error: frontier09029: tasks 26377-26378,26382,26385,26388,26391-26392,26396,26400,26405,26410,26412,26415-26416,26420,26429: Exited with exit code 255
srun: error: frontier09438: tasks 28280,28282,28285,28297-28298,28314,28318,28322,28325,28328,28334: Exited with exit code 255
srun: error: frontier09033: tasks 26488,26491,26500-26501,26510,26521,26528,26538: Exited with exit code 255
srun: error: frontier09305: tasks 27851,27860,27867-27868,27878-27879,27887: Exited with exit code 255
srun: error: frontier02788: tasks 5769,5771,5790,5795,5800,5806-5807,5809,5811,5814,5817-5818: Exited with exit code 255
srun: error: frontier08309: tasks 21902,21906-21907,21924,21929,21943,21948,21950-21951: Exited with exit code 255
srun: error: frontier08432: tasks 22568,22574,22580-22581,22583,22586,22590,22602,22604,22614,22619: Exited with exit code 255
srun: error: frontier08815: tasks 25144,25150,25152,25162,25164,25166,25178,25181,25184,25190,25194: Exited with exit code 255
srun: error: frontier08547: tasks 23353,23367,23379,23397-23398,23402: Exited with exit code 255
srun: error: frontier09439: tasks 28345,28357,28370-28372,28374,28382: Exited with exit code 255
srun: error: frontier08294: tasks 21618,21627-21628,21632,21654,21669: Exited with exit code 255
srun: error: frontier08520: tasks 22908-22909,22917,22925,22934-22935,22950: Exited with exit code 255
srun: error: frontier05223: tasks 11371,11373,11377,11380,11385-11386,11389,11391,11408,11414,11416: Exited with exit code 255
srun: error: frontier06650: tasks 15123,15133,15142-15143,15154,15156-15157,15170,15175: Exited with exit code 255
srun: error: frontier09181: tasks 27496,27499,27501-27502,27509,27512,27514,27516,27523,27531,27533,27535,27539,27543-27545,27547: Exited with exit code 255
srun: error: frontier08060: tasks 20217-20218,20222,20224-20227,20229,20233,20235,20237,20240,20244,20248-20249,20251,20254-20255,20265-20266,20271: Exited with exit code 255
srun: error: frontier07769: tasks 18498,18505,18514-18515: Exited with exit code 255
srun: error: frontier09035: tasks 26544-26545,26547,26549,26556,26559,26562,26571,26573,26575,26583-26585,26587,26589,26593: Exited with exit code 255
srun: error: frontier08793: tasks 24752,24766,24768-24770,24778,24783,24794-24795,24803-24804: Exited with exit code 255
srun: error: frontier03152: tasks 7623-7624,7667,7669: Exited with exit code 255
srun: error: frontier06780: tasks 15680-15687,15689-15698,15700-15706,15709,15713-15716,15718-15719,15721-15722,15724-15725,15727-15735: Terminated
srun: error: frontier07154: tasks 16968,16970,16974,16987-16988,16990,16993,16997-16998,17008,17015,17021: Exited with exit code 255
srun: error: frontier08782: tasks 24420,24423,24428,24435,24441,24447,24450,24452-24453,24459,24466: Exited with exit code 255
srun: error: frontier08061: tasks 20276,20281,20284,20286,20290,20293,20302,20305,20309,20313,20321-20322,20324-20325: Exited with exit code 255
srun: error: frontier08549: tasks 23411,23416,23418,23420,23422,23431-23432,23440,23442-23443,23456: Exited with exit code 255
srun: error: frontier08191: tasks 21114,21119,21137,21143,21155-21156: Exited with exit code 255
srun: error: frontier01909: tasks 2703,2708,2710,2713-2714,2717-2718,2724-2725,2727-2731,2739-2740: Exited with exit code 255
srun: error: frontier09026: tasks 26208-26212,26214-26215,26219-26221,26223-26229,26231-26235,26239-26245,26247-26248,26250,26252-26263: Terminated
srun: error: frontier09165: tasks 26997-26999,27005,27009,27021,27026-27027,27038,27043-27044,27047: Exited with exit code 255
srun: error: frontier09167: tasks 27109,27115,27141,27152-27153,27156-27157: Exited with exit code 255
srun: error: frontier08562: tasks 23465,23471,23477-23478,23492,23507,23509,23515,23518: Exited with exit code 255
srun: error: frontier09307: tasks 27903,27905,27916,27918-27919,27921,27927,27931,27933,27935,27939: Exited with exit code 255
srun: error: frontier05484: tasks 11928-11932,11934,11936-11946,11951-11952,11954-11955,11957-11958,11960-11961,11963-11966,11968-11969,11971-11972,11974,11977,11979,11981-11983: Terminated
srun: error: frontier05496: tasks 12043-12044,12047,12054,12058,12060,12069,12071,12074,12077,12081,12085,12089: Exited with exit code 255
srun: error: frontier08801: tasks 25032,25034-25039,25041-25051,25053-25058,25060-25066,25068-25075,25077-25083,25086: Terminated
srun: error: frontier07890: tasks 18991,18995,19002-19003,19010,19028,19031,19035: Exited with exit code 255
srun: error: frontier08795: tasks 24826,24863: Exited with exit code 255
srun: error: frontier02523: tasks 4539,4543,4551-4554,4563,4568-4569,4573: Exited with exit code 255
srun: error: frontier08137: tasks 20796,20798-20799,20812,20816: Exited with exit code 255
srun: error: frontier08129: tasks 20328,20342-20343,20353,20359,20361,20373,20376-20378: Exited with exit code 255
srun: error: frontier07770: tasks 18544-18545,18553,18561-18563,18590: Exited with exit code 255
srun: error: frontier01140: tasks 1461,1464,1473,1480,1484-1486,1496,1503,1505: Exited with exit code 255
srun: error: frontier06136: tasks 13933-13934,13942: Exited with exit code 255
srun: error: frontier07926: tasks 19498,19500-19501,19505,19507,19512-19513,19523,19536,19538: Exited with exit code 255
srun: error: frontier08130: tasks 20385,20393,20395,20411,20415,20417,20428,20436-20437: Exited with exit code 255
srun: error: frontier08295: tasks 21672,21682,21686,21694,21699,21706,21710-21712,21718,21726: Exited with exit code 255
srun: error: frontier00110: tasks 228,236,241-242,244,247,252-253,256,268-269,274,277: Exited with exit code 255
srun: error: frontier03580: tasks 8972,8977,8981,8987,8993,8997,9001-9002,9005,9009: Exited with exit code 255
srun: error: frontier06903: tasks 16412,16428,16430,16434,16438,16462-16463: Exited with exit code 255
srun: error: frontier07412: tasks 17706-17707,17713,17717-17718,17721,17726,17731-17732,17740-17741,17744: Exited with exit code 255
srun: error: frontier08142: tasks 20837,20839,20860,20865,20869,20872-20873,20875,20881: Exited with exit code 255
srun: error: frontier07902: tasks 19044,19061,19063,19068-19069,19078-19079,19085,19092: Exited with exit code 255
srun: error: frontier06762: tasks 15456,15465,15471,15478-15480,15492,15495: Exited with exit code 255
srun: error: frontier07538: tasks 18041,18046,18048-18049,18077-18078,18080,18087: Exited with exit code 255
srun: error: frontier04206: tasks 10144,10151,10153,10156,10159-10160,10171-10172,10174-10175,10179,10183,10185: Exited with exit code 255
srun: error: frontier08146: tasks 20890,20893-20894,20910,20923,20931,20934: Exited with exit code 255
srun: error: frontier08420: tasks 22239,22247,22255,22259,22266,22272,22274,22278,22283,22285: Exited with exit code 255
srun: error: frontier10175: tasks 28562,28565-28568,28574,28581,28583,28585,28590-28593,28598-28599,28604-28605: Exited with exit code 255
srun: error: frontier06781: tasks 15739,15747,15749-15750,15758,15762,15791: Exited with exit code 255
srun: error: frontier06784: tasks 15906,15909,15914,15916-15918,15921,15924,15927,15932,15937,15946,15955,15958: Exited with exit code 255
srun: error: frontier08409: tasks 22188,22190,22194,22197-22199,22210-22211,22220,22224-22225,22231: Exited with exit code 255
srun: error: frontier08674: tasks 24087,24090,24092,24099,24101,24108-24109,24123,24131: Exited with exit code 255
srun: error: frontier08030: tasks 19880,19884,19890-19891,19895-19896,19906-19907,19909,19914,19917,19920,19924-19925,19927,19930,19934: Exited with exit code 255
srun: error: frontier03039: tasks 7057,7064-7065,7068,7075,7087,7092,7094,7101,7103,7105,7109: Exited with exit code 255
srun: error: frontier08525: tasks 23189,23193-23194,23197,23199,23202,23209,23213,23215,23220,23222,23224-23225,23228-23229,23234: Exited with exit code 255
srun: error: frontier06399: tasks 14627,14636-14637,14643,14645,14647,14650,14653,14656-14657: Exited with exit code 255
srun: error: frontier07413: tasks 17781,17786-17787,17794: Exited with exit code 255
srun: error: frontier08438: tasks 22742,22750-22751,22757,22775,22784,22790: Exited with exit code 255
srun: error: frontier06253: tasks 14174,14176,14201-14202,14208,14213-14214,14221: Exited with exit code 255
srun: error: frontier07260: tasks 17319,17321,17323-17324,17329,17331-17332,17337,17344-17345,17349,17355: Exited with exit code 255
srun: error: frontier08904: tasks 25480,25485-25486,25491,25498,25500,25510,25512-25513,25530-25531: Exited with exit code 255
srun: error: frontier07410: tasks 17588,17599,17601,17610-17611,17613,17626,17630,17639: Exited with exit code 255
srun: error: frontier06651: tasks 15177,15182,15186,15193,15195,15199,15204-15206,15213,15223-15224,15227-15228,15230: Exited with exit code 255
srun: error: frontier07418: tasks 17810,17813,17823,17846-17847,17861: Exited with exit code 255
srun: error: frontier08902: tasks 25372,25382,25384,25387-25388,25407,25415,25417,25422: Exited with exit code 255
srun: error: frontier07028: tasks 16802-16803,16805,16807,16809,16811,16819,16825,16827-16828,16834,16841,16848,16850-16851: Exited with exit code 255
srun: error: frontier01528: tasks 2129,2145,2157,2166,2171-2172,2180-2181: Exited with exit code 255
srun: error: frontier03157: tasks 7732,7739,7753,7761-7762,7775,7778: Exited with exit code 255
srun: error: frontier08042: tasks 20106,20119-20120,20132,20134,20136-20137,20143,20150: Exited with exit code 255
srun: error: frontier05726: tasks 12439,12449,12454,12457,12473,12477,12483-12484,12486: Exited with exit code 255
srun: error: frontier08678: tasks 24249,24252-24253,24265,24277,24281,24292,24295: Exited with exit code 255
srun: error: frontier03579: tasks 8904,8906,8911,8913,8923-8925,8941: Exited with exit code 255
srun: error: frontier08276: tasks 21458,21467,21477,21483,21486-21487,21491,21503: Exited with exit code 255
srun: error: frontier08026: tasks 19660-19661,19678,19682,19692,19697,19703,19707: Exited with exit code 255
srun: error: frontier04864: tasks 11110-11111,11117,11125,11137,11142: Exited with exit code 255
srun: error: frontier07909: tasks 19153,19155-19156,19162,19164,19166,19168,19170,19177,19188,19192-19193,19200,19202: Exited with exit code 255
srun: error: frontier07265: tasks 17363,17365,17369,17376,17378,17387-17388,17390,17394,17406-17407,17411: Exited with exit code 255
srun: error: frontier06119: tasks 13723,13730,13743,13746,13749-13751,13753,13759,13763-13766,13771: Exited with exit code 255
srun: error: frontier03959: tasks 9580,9582,9588,9590,9594,9615,9618,9626-9627,9630: Exited with exit code 255
srun: error: frontier04216: tasks 10252,10266-10268,10271,10287,10298: Exited with exit code 255
srun: error: frontier08023: tasks 19601,19606,19611-19614,19619-19620,19624,19629,19634,19638,19640,19645-19646,19655: Exited with exit code 255
srun: error: frontier04087: tasks 9808,9816,9837-9838,9844: Exited with exit code 255
srun: error: frontier07534: tasks 17867,17876-17877,17879: Exited with exit code 255
srun: error: frontier06905: tasks 16520,16522,16524-16525,16529,16533,16535,16539,16545-16546,16551,16558,16561,16564-16565: Exited with exit code 255
srun: error: frontier05873: tasks 12880,12882,12887-12888,12894-12895,12897-12898,12913,12915,12917-12918,12920-12921,12923,12926,12935: Exited with exit code 255
srun: error: frontier08027: tasks 19719,19731,19733,19737,19740,19748-19750: Exited with exit code 255
srun: error: frontier06267: tasks 14284,14286,14290,14294,14302,14304,14312,14315,14317,14320,14323,14326,14333: Exited with exit code 255
srun: error: frontier06777: tasks 15572,15581,15593,15599,15605-15606,15623: Exited with exit code 255
srun: error: frontier09024: tasks 26101,26103,26115-26116,26118-26119,26126,26131,26142,26144-26145: Exited with exit code 255
srun: error: frontier07806: tasks 18877-18878,18880,18906-18908,18917,18923: Exited with exit code 255
srun: error: frontier05236: tasks 11598-11599,11621-11622,11640-11642,11647: Exited with exit code 255
srun: error: frontier06515: tasks 14730-14731,14735,14743,14747,14751,14755,14769: Exited with exit code 255
srun: error: frontier03710: tasks 9354,9358,9360,9362-9363,9385,9400,9407: Exited with exit code 255
srun: error: frontier01141: tasks 1527,1537-1538,1546-1547,1553,1555,1560-1561,1565-1566: Exited with exit code 255
srun: error: frontier06653: tasks 15233,15252,15278,15282-15283,15285-15286: Exited with exit code 255
srun: error: frontier06110: tasks 13440-13443,13447-13448,13454-13455,13465,13470,13472-13473,13479-13480,13482,13488,13492: Exited with exit code 255
srun: error: frontier05239: tasks 11655,11668,11670,11676-11677,11683,11687,11703: Exited with exit code 255
srun: error: frontier05874: tasks 12937,12941,12948,12950,12957,12959-12960,12962,12969,12976-12977,12991: Exited with exit code 255
srun: error: frontier06891: tasks 16128-16129,16140-16141,16162,16173,16175,16177,16179,16182-16183: Exited with exit code 255
srun: error: frontier08522: tasks 23023,23027,23029-23031,23036,23042,23045,23049,23053,23060,23064,23069: Exited with exit code 255
srun: error: frontier05229: tasks 11428,11430,11443,11446,11448-11449,11456,11460,11467,11470,11472,11478: Exited with exit code 255
srun: error: slurm_send_node_msg: [socket:[1352855213]] slurm_bufs_sendto(msg_type=RESPONSE_SLURM_RC) failed: Unexpected missing socket error
srun: error: slurm_send_node_msg: [socket:[1352855217]] slurm_bufs_sendto(msg_type=RESPONSE_SLURM_RC) failed: Unexpected missing socket error
srun: error: frontier03314: tasks 8518,8521,8525,8527,8534,8540-8541,8543,8545,8548,8551,8553-8554,8560,8567: Exited with exit code 255
srun: error: frontier06906: tasks 16576,16580-16581,16588,16591,16601,16608,16618,16621,16625,16631: Exited with exit code 255
srun: error: frontier07536: tasks 17981,17983,17991,17997,18013-18015,18020-18021: Exited with exit code 255
srun: error: frontier09344: tasks 27945-27946,27949-27950,27961,27967-27968,27980-27981,27984,27988-27990: Exited with exit code 255
srun: error: frontier03300: tasks 8348,8350-8353,8358,8361,8364,8371,8373,8385,8393: Exited with exit code 255
srun: error: frontier07766: tasks 18374,18380,18384,18390,18398-18400,18409,18414-18415,18419-18420,18423: Exited with exit code 255
srun: error: frontier06111: tasks 13499-13501,13516,13525,13531-13532,13535,13538,13545,13548: Exited with exit code 255
srun: error: frontier06910: tasks 16637,16639,16642,16651,16654-16655,16666,16677,16680,16686-16687: Exited with exit code 255
srun: error: frontier03188: tasks 8074,8076-8077,8091-8092,8098-8099,8105-8106,8108: Exited with exit code 255
srun: error: frontier05883: tasks 13068,13085-13086,13097-13098: Exited with exit code 255
srun: error: frontier08797: tasks 24864-24865,24869,24872,24874,24879-24880,24888,24896,24901-24902,24904,24909,24919: Exited with exit code 255
srun: error: frontier04219: tasks 10376-10377,10394,10399-10401,10403,10410,10414-10415: Exited with exit code 255
srun: error: frontier05242: tasks 11709-11710,11724,11732-11733,11756: Exited with exit code 255
srun: error: frontier04982: tasks 11213,11215,11224-11225,11227-11228,11231,11235,11242,11247-11248,11251: Exited with exit code 255
srun: error: frontier08664: tasks 23690,23692,23694,23698,23711,23718-23719,23730,23733,23741-23742: Exited with exit code 255
srun: error: frontier02158: tasks 3420,3434-3435,3444,3452,3459,3466-3467: Exited with exit code 255
srun: error: frontier06756: tasks 15345,15357-15358,15361,15367,15370,15391,15399: Exited with exit code 255
srun: error: frontier03197: tasks 8120,8122,8124,8128,8132,8138,8144,8146,8154,8165,8167,8174: Exited with exit code 255
srun: error: frontier08032: tasks 19937,19948,19965,19967,19970,19974,19978,19981-19982,19987: Exited with exit code 255
srun: error: frontier04601: tasks 10864,10866-10868,10871-10872,10878,10881,10890,10892,10896,10898,10910,10914: Exited with exit code 255
srun: error: frontier03582: tasks 9085-9086,9089,9095,9098,9105,9124: Exited with exit code 255
srun: error: frontier08905: tasks 25536,25540,25543-25544,25550,25559-25560,25568,25574,25576,25579-25580,25590: Exited with exit code 255
srun: error: frontier03158: tasks 7786,7792,7794-7796,7817-7818,7824,7832,7837-7839: Exited with exit code 255
srun: error: frontier06755: tasks 15288,15300,15306,15312,15318,15321,15325-15326,15330-15332,15334,15338-15339: Exited with exit code 255
srun: error: frontier06527: tasks 15010,15014-15015,15017,15020-15021,15024-15025,15027,15029,15035,15037,15040,15043,15047,15057-15059,15063: Exited with exit code 255
srun: error: frontier08427: tasks 22463,22473,22475,22477,22479,22491,22499,22501-22502,22505-22506,22511: Exited with exit code 255
srun: error: frontier01532: tasks 2184,2188,2193,2203,2211-2212,2215,2232,2235,2239: Exited with exit code 255
srun: error: frontier06141: tasks 14004,14007,14017-14018,14021-14022,14026,14032,14034,14036,14043,14047,14054-14055: Exited with exit code 255
srun: error: frontier03315: tasks 8569,8572,8579,8581,8599-8600,8602,8607-8608,8613,8616: Exited with exit code 255
srun: error: frontier06761: tasks 15402,15407,15416,15418,15424,15429,15433,15436-15437,15445,15451,15453: Exited with exit code 255
srun: error: frontier06115: tasks 13615,13619,13622,13626,13634-13635,13638,13642-13643,13658,13663: Exited with exit code 255
srun: error: frontier05885: tasks 13105,13108,13112,13120,13133,13138-13139,13144,13153-13154: Exited with exit code 255
srun: error: frontier08679: tasks 24309,24317,24327-24329,24334-24335,24341,24343,24348,24351,24353-24354: Exited with exit code 255
srun: error: frontier00122: tasks 336,345,347,349,351,364-365,377,379-380,383,389,391: Exited with exit code 255
srun: error: frontier02023: tasks 2856-2857,2862-2863,2867,2869-2870,2872-2873,2875,2878,2880,2889,2899,2905: Exited with exit code 255
srun: error: frontier03062: tasks 7285,7297,7304,7306,7308-7309,7311,7317,7322: Exited with exit code 255
srun: error: frontier05623: tasks 12264,12268,12277,12284-12285,12312-12313,12318: Exited with exit code 255
srun: error: frontier03317: tasks 8680,8683,8687,8695,8697-8698,8712-8714,8717,8735: Exited with exit code 255
srun: error: frontier06120: tasks 13783,13785-13786,13812-13813,13826: Exited with exit code 255
srun: error: frontier05233: tasks 11489,11497,11499,11507,11509,11523,11527-11528: Exited with exit code 255
srun: error: frontier02779: tasks 5545,5552,5559,5563,5565,5576-5577,5585,5589-5590,5592,5594: Exited with exit code 255
srun: error: frontier02400: tasks 3756,3759,3764,3767,3771-3772,3784,3791: Exited with exit code 255
srun: error: frontier03032: tasks 6890-6891,6895,6902,6911-6912,6928-6929,6932,6941: Exited with exit code 255
srun: error: frontier07791: tasks 18707,18713,18724,18727,18733,18739-18740,18743,18747-18748,18755,18757,18759: Exited with exit code 255
srun: error: frontier09025: tasks 26153,26157-26158,26165,26167,26174-26175,26182,26187,26192,26197,26202,26204-26206: Exited with exit code 255
srun: error: frontier02791: tasks 5881,5883,5890-5891,5898,5900,5911,5917,5920-5921,5923,5930-5931: Exited with exit code 255
srun: error: frontier03961: tasks 9633,9636,9638-9639,9644-9647,9649,9654,9656,9658,9660,9666,9668,9671-9672,9682: Exited with exit code 255
srun: error: frontier05758: tasks 12769,12773-12774,12788-12789,12796-12797,12799: Exited with exit code 255
srun: error: frontier06143: tasks 14112,14145,14147,14158-14159: Exited with exit code 255
srun: error: frontier04331: tasks 10530,10537,10555-10556,10561,10567,10570-10571,10582: Exited with exit code 255
srun: error: frontier06118: tasks 13665-13666,13675,13681,13694,13703,13711: Exited with exit code 255
srun: error: frontier08133: tasks 20553,20556,20558-20560,20564,20566,20568-20569,20582,20586-20587,20594,20605: Exited with exit code 255
srun: error: frontier07916: tasks 19379,19381,19390,19392-19393,19397,19410,19414,19418,19420,19422,19428-19429: Exited with exit code 255
srun: error: frontier05624: tasks 12320,12330,12344,12350,12353,12355,12360,12364-12365,12369,12372-12373: Exited with exit code 255
srun: error: frontier02401: tasks 3815,3821,3826-3827,3843,3854,3860-3861: Exited with exit code 255
srun: error: frontier01917: tasks 2802-2805,2808,2810,2817,2820,2823,2828,2833,2844: Exited with exit code 255
srun: error: frontier01650: tasks 2465,2468-2469,2481,2490-2491,2494,2498-2499,2502,2506-2507: Exited with exit code 255
srun: error: frontier02783: tasks 5608-5609,5613,5616-5617,5627-5628,5630,5633,5650-5651: Exited with exit code 255
srun: error: frontier03318: tasks 8738-8739,8745-8747,8750-8751,8766,8784,8789-8790: Exited with exit code 255
srun: error: frontier08523: tasks 23073,23075,23078-23079,23086,23090-23091,23100,23108,23118-23119,23121,23127: Exited with exit code 255
srun: error: frontier09418: tasks 28062-28063,28067,28070,28073-28074,28080,28084-28085,28091-28092,28095,28102,28104,28109: Exited with exit code 255
srun: error: frontier03304: tasks 8400,8407,8411,8416,8418,8426,8432,8434,8440-8442: Exited with exit code 255
srun: error: frontier02540: tasks 4801,4809-4810: Exited with exit code 255
srun: error: frontier02897: tasks 6049,6051,6062,6069-6070,6075,6077,6080-6081,6085,6090-6091: Exited with exit code 255
srun: error: frontier04452: tasks 10588,10591,10600,10614-10615,10617,10624,10629,10633-10635,10637-10638: Exited with exit code 255
srun: error: frontier04198: tasks 10024,10026,10034-10035,10037,10039-10040,10046-10047,10049-10051,10054,10058,10061,10063,10076-10078: Exited with exit code 255
srun: error: frontier06896: tasks 16298,16302,16313,16315-16317,16324,16328-16329,16333-16334,16337-16339,16344-16345: Exited with exit code 255
srun: error: frontier02683: tasks 5320-5321,5326,5328,5331,5346,5357-5358,5360-5361,5373: Exited with exit code 255
srun: error: frontier03173: tasks 7901,7910-7911,7913,7930: Exited with exit code 255
srun: error: frontier02898: tasks 6109,6118,6123,6131,6136,6138-6139,6146,6152,6157: Exited with exit code 255
srun: error: frontier05355: tasks 11872,11875-11876,11882,11885,11897,11900,11903,11908,11911,11925: Exited with exit code 255
srun: error: frontier06779: tasks 15626-15628,15630-15631,15637-15639,15642,15644,15648,15650,15652,15676: Exited with exit code 255
srun: error: frontier08799: tasks 24976-24978,24989,24995,24998-24999,25006,25008,25010,25025,25031: Exited with exit code 255
srun: error: frontier02161: tasks 3472-3473,3477,3480,3485,3488,3500,3506,3513,3524: Exited with exit code 255
srun: error: frontier02025: tasks 2968,2995,3002-3003,3017,3020: Exited with exit code 255
srun: error: frontier02026: tasks 3037,3039-3040,3069,3072-3073: Exited with exit code 255
srun: error: frontier06269: tasks 14396,14401,14410-14411,14414,14423,14434,14442-14443: Exited with exit code 255
srun: error: frontier04078: tasks 9773-9775,9781,9789: Exited with exit code 255
srun: error: frontier00380: tasks 1182,1185-1187,1192,1196,1199,1204,1209,1211-1213,1216,1218,1225-1226: Exited with exit code 255
srun: error: frontier01776: tasks 2585,2599-2600,2602,2607,2621,2625,2627,2631: Exited with exit code 255
srun: error: frontier08798: tasks 24922,24924,24936,24939-24940,24942-24944,24946-24947,24961-24962,24964,24971: Exited with exit code 255
srun: error: frontier02550: tasks 4824,4828-4829,4838,4843,4851-4852,4862-4863: Exited with exit code 255
srun: error: frontier03179: tasks 7959,7963,7968,7972,7983,7989-7990,7994,7999-8000: Exited with exit code 255
srun: error: frontier02784: tasks 5656-5657,5660,5662,5667,5669,5673-5675,5677-5679,5681,5687-5689,5700-5702,5707,5709-5711: Exited with exit code 255
srun: error: frontier08667: tasks 23744,23746-23749,23757,23759-23761,23776,23782-23783,23785,23787,23789,23791,23793,23798: Exited with exit code 255
srun: error: frontier01533: tasks 2243-2244,2246,2248,2251,2264-2265,2269,2272-2273,2292,2294-2295: Exited with exit code 255
srun: error: frontier00096: tasks 2-3,6,11,13-15,18-19,33,36,46,53: Bus error
srun: error: frontier05118: tasks 11313,11315,11320,11326,11329,11334,11342-11343,11349,11361,11367: Exited with exit code 255
srun: error: frontier09179: tasks 27442-27443,27451,27464,27474,27481,27485,27487,27491: Exited with exit code 255
srun: error: frontier02031: tasks 3083-3084,3089-3090,3092,3099,3105,3108,3113,3127: Exited with exit code 255
srun: error: frontier05485: tasks 12001,12004,12009,12011-12013,12017,12025-12026,12032,12035,12037: Exited with exit code 255
srun: error: frontier08431: tasks 22526,22529,22549,22561-22562: Exited with exit code 255
srun: error: frontier00369: tasks 1013-1014,1023,1028-1030,1032,1034,1041,1052,1055,1058,1060: Exited with exit code 255
srun: error: frontier02165: tasks 3530-3531,3533,3541,3544-3546,3550,3552,3555,3557-3558,3560,3566-3567,3571,3573: Exited with exit code 255
srun: error: frontier02917: tasks 6673,6688-6689,6695-6696,6708,6717: Exited with exit code 255
srun: error: frontier09027: tasks 26276-26277,26292: Exited with exit code 255
srun: error: frontier00225: tasks 508,511,515,517-518,522,527,541,543,549-551,553: Exited with exit code 255
srun: error: frontier01265: tasks 1852,1855,1860,1864-1865,1868,1874,1876,1879,1881-1882,1885,1890,1897: Exited with exit code 255
srun: error: frontier00098: tasks 67-68,73-74,81,85-86,92-93,96: Exited with exit code 255
srun: error: frontier02150: tasks 3200-3201,3207,3217-3219,3221,3230-3231,3238,3243: Exited with exit code 255
srun: error: frontier03291: tasks 8236,8238,8240,8243,8248,8254,8258-8259,8266,8269-8270,8272-8273,8277,8285,8287: Exited with exit code 255
srun: error: frontier07800: tasks 18764,18771,18781,18786,18796,18798,18804,18807,18811-18813: Exited with exit code 255
srun: error: frontier02154: tasks 3305-3306,3310-3311,3349,3352,3358: Exited with exit code 255
srun: error: frontier08395: tasks 21952-21955,21958-21959,21961-21965,21967-21970,21972-21977,21981-21984,21986-21990,21993-21995,21997-21998,22000-22007: Terminated
srun: error: frontier01277: tasks 1960-1963,1968,1975,1986,1988-1989,1992,1996,2003,2007-2008,2012-2013: Exited with exit code 255
srun: error: frontier02519: tasks 4484,4489,4493,4497,4501,4506,4519-4520,4524,4531,4535: Exited with exit code 255
srun: error: frontier03038: tasks 7000,7003,7005-7007,7009-7014,7018-7019,7021-7022,7025-7026,7029-7032,7034,7037-7042,7044-7046,7048-7054: Terminated
srun: error: frontier04479: tasks 10752-10757,10759,10761-10764,10766-10770,10774-10777,10780-10782,10784-10791,10793-10798,10800,10804,10806: Terminated
srun: error: frontier08270: tasks 21280,21282,21285-21287,21289-21295,21297,21299-21301,21303-21309,21311-21316,21318,21321-21328,21330-21331,21333-21335: Terminated
srun: error: frontier09159: tasks 26880-26881,26884-26886,26888,26891,26893-26895,26897-26901,26903,26907,26909,26911-26913,26915-26923,26925-26927,26930-26932: Terminated
srun: error: frontier09420: tasks 28168-28169,28172,28174-28176,28178-28181,28183-28186,28188-28189,28191-28197,28199-28203,28205-28207,28209-28214,28216-28223: Terminated
srun: error: frontier09298: tasks 27608-27610,27612-27619,27621,27624,27627-27629,27631,27633-27635,27637-27639,27642,27644-27663: Terminated
srun: error: frontier09299: tasks 27664-27667,27669-27670,27672-27679,27683-27688,27690-27696,27700-27701,27703-27705,27707-27710,27712-27713,27715,27717-27719: Terminated
srun: error: frontier09468: tasks 28449-28450,28452-28454,28456-28463,28465-28469,28474-28480,28482-28485,28487-28492,28494-28495,28497-28500,28502-28503: Terminated
srun: error: frontier01139: tasks 1400-1401,1404-1407,1409,1411-1412,1414-1416,1418,1420-1421,1423,1425-1431,1433-1448,1450,1452-1455: Terminated
srun: error: frontier02679: tasks 5152-5153,5155-5161,5163-5169,5171-5173,5175,5177-5178,5180-5182,5185-5197,5199-5205,5207: Terminated
srun: error: frontier05746: tasks 12600-12604,12608-12610,12613-12615,12617-12618,12620,12623-12624,12627-12630,12632-12644,12648,12650-12655: Terminated
srun: error: frontier07667: tasks 18200-18204,18206,18208-18209,18211-18221,18223,18225,18227-18228,18231-18238,18241-18248,18250-18251,18253-18255: Terminated
srun: error: frontier08907: tasks 25648,25651,25655-25656,25666-25667,25670,25672,25674,25690,25694,25698: Exited with exit code 255
srun: error: frontier08526: tasks 23240-23245,23247,23251-23257,23259,23261,23263,23265-23267,23269-23273,23276-23277,23279,23281-23285,23289-23292,23294: Terminated
srun: error: frontier08784: tasks 24528-24529,24536,24538,24540,24547,24553-24554,24559,24565,24573: Exited with exit code 255
srun: error: frontier09030: tasks 26432-26434,26436-26438,26440-26444,26446-26456,26458-26464,26466-26468,26470-26471,26473,26475-26478,26480-26484,26486: Terminated
srun: error: frontier09300: tasks 27721,27724-27729,27731-27732,27734-27735,27738-27739,27742-27748,27751,27755,27757-27760,27762-27767,27769-27770,27772-27775: Terminated
srun: error: frontier08922: tasks 25929-25931,25933,25936,25938-25941,25943-25947,25949-25950,25952-25954,25956-25957,25959-25961,25964,25966-25967,25969-25971,25973,25976-25977,25979-25981,25983: Terminated
srun: error: frontier00102: tasks 168-170,173,175,177-181,183,186-188,190-193,195-196,199,201-204,207,209-215,217,219,222-223: Terminated
srun: error: frontier01280: tasks 2072-2073,2075-2076,2078-2080,2082-2085,2087-2088,2090-2099,2101,2103-2105,2107-2110,2112-2115,2117-2122,2125-2126: Terminated
srun: error: frontier06380: tasks 14448,14450-14452,14454-14455,14457-14458,14460-14468,14470-14472,14474-14476,14479,14481-14482,14484-14486,14488-14489,14491,14493-14497,14499-14503: Terminated
srun: error: frontier08524: tasks 23128-23131,23133,23135-23137,23139-23144,23146-23147,23149-23150,23152-23154,23156-23158,23160-23168,23170,23172-23173,23175-23183: Terminated
srun: error: frontier08136: tasks 20720-20721,20723-20728,20731-20732,20734-20737,20739-20746,20748,20751,20753-20754,20756-20757,20760-20770,20772,20775: Terminated
srun: error: frontier09028: tasks 26320-26322,26324-26326,26328,26331-26333,26335-26338,26341-26343,26345-26351,26353,26355-26359,26364-26365,26367-26368,26371-26374: Terminated
srun: error: frontier08277: tasks 21504-21509,21511-21516,21518-21519,21521-21524,21526-21527,21529-21530,21532-21537,21540-21542,21544-21546,21548,21550-21553,21555,21557-21559: Terminated
srun: error: frontier08518: tasks 22792-22795,22797-22798,22802,22804,22806-22809,22811-22815,22817,22820-22832,22834,22836-22840,22842-22844,22846: Terminated
srun: error: frontier09302: tasks 27776,27778-27783,27785,27789,27791,27793,27795-27798,27800,27803,27805,27808,27813-27825,27827-27830: Terminated
srun: error: frontier08675: tasks 24136-24139,24141-24143,24148-24149,24151-24153,24155-24158,24160-24161,24163,24165-24171,24174-24180,24184-24191: Terminated
srun: error: frontier02151: tasks 3249-3250,3252-3253,3256-3259,3261,3264-3270,3272-3276,3278-3283,3285,3287,3289-3294,3296-3300,3302-3303: Terminated
srun: error: frontier03578: tasks 8848,8853,8855,8857,8867,8871,8876,8880,8883,8891,8897,8899,8903: Exited with exit code 255
srun: error: frontier02529: tasks 4592-4595,4597-4601,4603,4605,4607-4610,4612-4619,4621-4624,4626-4628,4631-4633,4635-4637,4639-4643,4645-4646: Terminated
srun: error: frontier08669: tasks 23800-23804,23807,23809-23814,23817-23820,23823-23828,23830-23834,23838-23840,23843-23850,23852-23853,23855: Terminated
srun: error: frontier08807: tasks 25088-25091,25093-25094,25096-25097,25100-25101,25104-25105,25108-25109,25111-25112,25114,25116-25122,25124,25128-25134,25136,25138-25139,25141-25142: Terminated
srun: error: frontier08541: tasks 23296,23298,23300,23303,23305-23309,23311-23319,23321,23323,23325,23327-23328,23330-23338,23340,23342-23348,23350-23351: Terminated
[2026-08-02T04:13:21.398] error: *** STEP 5137550.119 ON frontier00096 CANCELLED AT 2026-08-02T04:13:21 DUE TO TASK FAILURE ***
srun: error: frontier08785: tasks 24584,24586-24587,24589-24591,24593-24598,24602,24604-24605,24611-24612,24614-24616,24618-24621,24624-24628,24631,24633,24635-24639: Terminated
srun: error: frontier08786: tasks 24640-24645,24648-24650,24653-24654,24657-24659,24661-24667,24669-24674,24676-24682,24685-24695: Terminated
srun: error: frontier08791: tasks 24696,24699,24704-24705,24708,24717,24719-24720,24724,24727,24732,24734-24735,24738,24740,24746,24748,24751: Exited with exit code 255
srun: error: frontier09022: tasks 25984,25986-25992,25994-25995,25997-25999,26001,26003-26005,26007-26011,26013,26015-26019,26021-26022,26024,26026,26028-26032,26034-26036,26038: Terminated
srun: error: frontier10174: tasks 28504-28512,28514-28516,28518,28520-28523,28526-28528,28531-28543,28545-28546,28548,28550-28552,28554,28557,28559: Terminated
srun: error: frontier02414: tasks 3920,3922-3932,3934-3935,3939-3947,3950,3952,3954-3955,3957-3963,3965,3967,3969,3971-3973,3975: Terminated
srun: error: frontier03156: tasks 7672-7674,7677-7678,7681-7684,7689-7692,7698-7699,7701-7702,7704-7706,7708,7711-7722,7724,7726-7727: Terminated
srun: error: frontier06013: tasks 13272-13275,13277,13279-13281,13283,13287-13292,13294,13296,13298-13302,13304,13307-13311,13313-13317,13319,13321,13324: Terminated
srun: error: frontier07411: tasks 17640-17642,17644,17646-17657,17659-17661,17663-17664,17666-17669,17671-17674,17677-17679,17681-17687,17691-17692,17694-17695: Terminated
srun: error: frontier09160: tasks 26937-26939,26941-26944,26947-26949,26951-26953,26955-26961,26964-26974,26977,26980-26982,26984,26987,26989-26991: Terminated
srun: error: frontier09029: tasks 26380,26399,26407,26431: Terminated
srun: error: frontier09438: tasks 28281,28283-28284,28287-28290,28292-28293,28295-28296,28299-28308,28310-28313,28316-28317,28320-28321,28324,28326,28329,28332,28335: Terminated
srun: error: frontier08289: tasks 21560,21570-21571,21587,21595,21598-21599: Exited with exit code 255
srun: error: frontier08519: tasks 22849-22852,22854,22856-22858,22860,22862-22863,22866,22868-22869,22873-22876,22879-22882,22884-22887,22889,22891,22893,22895-22903: Terminated
srun: error: frontier08188: tasks 21056-21059,21061-21063,21066-21067,21072-21076,21079-21081,21084-21087,21089-21090,21092-21098,21100-21104,21106-21108,21111: Terminated
srun: error: frontier08903: tasks 25424-25425,25429-25431,25434-25436,25438-25440,25443-25446,25448-25465,25467-25472,25474-25479: Terminated
srun: error: frontier04199: tasks 10082,10103,10119,10127,10135: Terminated
srun: error: frontier03834: tasks 9520,9522-9523,9525-9527,9529,9531-9532,9534-9537,9539-9541,9544-9551,9553-9555,9557-9559,9561-9564,9566,9568,9571-9575: Terminated
srun: error: frontier08309: tasks 21896-21897,21899-21901,21903-21905,21908,21910-21919,21921-21923,21927-21928,21930-21932,21935-21942,21944-21945,21947,21949: Terminated
srun: error: frontier08432: tasks 22569-22573,22575-22577,22579,22582,22584,22587-22589,22591-22595,22597-22601,22603,22605-22607,22609-22613,22616-22618,22620-22623: Terminated
srun: error: frontier08397: tasks 22008,22019,22027-22028,22032,22039,22047,22053-22055,22057: Exited with exit code 255
srun: error: frontier08815: tasks 25145-25149,25151,25153-25158,25160-25161,25163,25167-25173,25175-25177,25179-25180,25182-25183,25185,25188-25189,25191-25193,25195-25197,25199: Terminated
srun: error: frontier08547: tasks 23352,23355-23359,23362-23366,23368,23371-23375,23377-23378,23380-23390,23393-23396,23399-23401,23404-23407: Terminated
srun: error: frontier09033: tasks 26489-26490,26492-26499,26503-26504,26507-26509,26511-26520,26522-26525,26527,26529-26530,26532-26536,26540-26542: Terminated
srun: error: frontier08028: tasks 19768-19769,19771-19772,19774-19775,19777-19780,19783-19785,19787,19789,19791-19793,19796-19797,19799,19802-19803,19808-19809,19811-19814,19816-19818,19822: Terminated
srun: error: frontier09305: tasks 27832,27834-27841,27843-27850,27852-27855,27857-27859,27861-27863,27865-27866,27869-27872,27874-27877,27880-27881,27883-27884,27886: Terminated
srun: error: frontier09174: tasks 27272-27278,27280-27287,27290-27298,27300,27303-27304,27307-27309,27311,27313-27315,27317-27323,27325-27327: Terminated
srun: error: frontier02788: tasks 5768,5770,5772-5778,5780-5789,5791,5793-5794,5796-5798,5801,5803-5805,5808,5810,5812-5813,5820-5821,5823: Terminated
srun: error: frontier02908: tasks 6440-6441,6444-6445,6447-6448,6450-6452,6454-6455,6457-6463,6465,6467,6470,6472,6474-6478,6480,6482-6488,6490-6494: Terminated
srun: error: frontier06650: tasks 15120-15122,15124-15131,15135-15138,15140-15141,15144-15153,15155,15158-15169,15171-15174: Terminated
srun: error: frontier09181: tasks 27497-27498,27500,27504-27508,27510-27511,27513,27515,27517-27522,27524-27527,27529-27530,27532,27534,27536-27538,27540-27542,27548-27551: Terminated
srun: error: frontier08670: tasks 23856-23858,23860,23862-23864,23866-23867,23869,23874-23875,23877-23878,23880,23882,23884-23886,23888-23891,23893-23895,23897-23901,23903,23905-23906,23908-23909: Terminated
srun: error: frontier08060: tasks 20216,20219-20221,20228,20230-20232,20234,20236,20238-20239,20241,20243,20245-20247,20250,20253,20257-20258,20260-20261,20263-20264,20267-20269: Terminated
srun: error: frontier08899: tasks 25200-25207,25209-25212,25214-25221,25223-25224,25226-25227,25229,25231-25240,25242-25247,25249,25251-25255: Terminated
srun: error: frontier08294: tasks 21616,21626,21629,21635,21638,21641,21648,21650-21652,21655,21657-21658,21664,21667: Exited with exit code 255
srun: error: frontier08520: tasks 22904-22907,22910,22912-22916,22918-22924,22926-22929,22931-22932,22938-22941,22943-22949,22951,22953-22959: Terminated
srun: error: frontier08677: tasks 24192-24196,24198-24199,24201-24204,24206,24208,24210-24214,24216-24217,24219-24221,24224-24226,24228-24229,24231,24233,24237-24238,24240,24242-24245,24247: Terminated
srun: error: frontier00353: tasks 840-843,845-848,850-852,854-859,861-862,864-866,870-871,873,875,877-884,886-887,890-893,895: Terminated
srun: error: frontier07154: tasks 16969,16971-16973,16975-16986,16991-16992,16994-16996,16999-17007,17009-17014,17016-17020,17022-17023: Terminated
srun: error: frontier08782: tasks 24416-24418,24421,24424-24427,24429-24434,24436-24440,24442-24446,24448-24449,24451,24454-24457,24460-24465,24467-24471: Terminated
srun: error: frontier07887: tasks 18928,18934,18942,18946-18947,18953,18960-18961,18965-18967,18970,18974: Exited with exit code 255
srun: error: frontier08398: tasks 22064-22074,22076-22080,22082-22086,22088,22090-22094,22098,22100,22102-22106,22109-22110,22112,22115-22116,22119: Terminated
srun: error: frontier08061: tasks 20272-20273,20275,20277-20280,20282-20283,20285,20287-20289,20291-20292,20294-20296,20298-20301,20303-20304,20306,20308,20311-20312,20314-20320,20323,20326-20327: Terminated
srun: error: frontier07769: tasks 18480-18487,18489-18497,18499-18500,18502-18503,18507-18513,18516,18519,18521,18523-18527,18530-18535: Terminated
srun: error: frontier09035: tasks 26546,26548,26550-26555,26558,26560-26561,26563-26570,26572,26574,26576-26580,26586,26588,26590-26592,26594-26599: Terminated
srun: error: frontier08793: tasks 24753-24765,24767,24771-24777,24780-24782,24784-24785,24787,24789-24793,24796-24799,24801-24802,24805-24807: Terminated
srun: error: frontier09023: tasks 26040,26046,26054,26056,26058-26059,26065-26066,26068,26077,26086,26089,26091: Exited with exit code 255
srun: error: frontier03152: tasks 7616-7618,7621,7625-7631,7633-7635,7637-7639,7641-7648,7650-7657,7659-7661,7663,7665-7666,7668,7671: Terminated
srun: error: frontier05223: tasks 11368-11370,11372,11374-11376,11378-11379,11382-11384,11387-11388,11390,11392-11400,11402-11407,11409-11410,11415,11417-11422: Terminated
srun: error: frontier08801: tasks 25084-25085: Exited with exit code 255
srun: error: frontier08908: tasks 25704-25706,25708-25711,25713-25714,25716,25720,25723-25724,25726-25729,25731,25733,25735-25738,25740-25745,25747,25751,25753-25755,25757-25759: Terminated
srun: error: frontier09165: tasks 26992-26996,27000-27001,27003,27007-27008,27010-27014,27017-27018,27020,27024-27025,27028-27031,27035,27037,27039-27041,27045-27046: Terminated
srun: error: frontier08399: tasks 22120-22124,22126-22127,22129-22130,22132-22134,22136-22137,22139-22141,22143,22145-22147,22149-22154,22156-22164,22166-22169,22171,22173-22174: Terminated
srun: error: frontier08549: tasks 23408-23410,23412-23415,23417,23419,23421,23423-23427,23430,23433-23436,23438-23439,23441,23444-23455,23457-23463: Terminated
srun: error: frontier09467: tasks 28392-28404,28406-28415,28417-28418,28420-28424,28427-28428,28430-28434,28437,28440-28442,28444-28447: Terminated
srun: error: frontier08029: tasks 19824-19826,19830,19833-19834,19836-19844,19847-19848,19850-19855,19857-19862,19864-19865,19867-19869,19871,19873-19879: Terminated
srun: error: frontier08191: tasks 21112-21113,21116-21118,21121,21123-21125,21127-21134,21136,21138-21142,21144-21146,21149-21154,21158-21160,21162-21166: Terminated
srun: error: frontier07296: tasks 17528,17530,17534-17535,17555-17556,17560,17564,17567-17568,17572,17578,17582: Exited with exit code 255
srun: error: frontier05496: tasks 12040-12042,12045,12048-12053,12056-12057,12059,12061-12068,12070,12072-12073,12075-12076,12078-12080,12083-12084,12086-12088,12090-12095: Terminated
srun: error: frontier06383: tasks 14560-14561,14563-14579,14582-14583,14585,14588-14600,14603-14604,14606,14608-14609,14611-14614: Terminated
srun: error: frontier09289: tasks 27552,27554-27560,27563-27567,27569-27571,27573,27575-27581,27583-27588,27590-27593,27595-27597,27599-27602,27604-27607: Terminated
srun: error: frontier07890: tasks 18984-18985,18987,18989,18992-18994,18996,18998-18999,19001,19004-19009,19011-19017,19019,19021-19027,19029-19030,19032-19034,19036-19039: Terminated
srun: error: frontier09166: tasks 27048-27052,27054-27057,27059,27061-27063,27065-27069,27071,27075-27084,27086,27088,27090-27103: Terminated
srun: error: frontier09167: tasks 27104-27108,27110-27114,27116-27121,27123,27125,27127-27130,27132-27139,27142-27148,27150-27151,27155,27158-27159: Terminated
srun: error: frontier08562: tasks 23464,23466-23470,23472-23474,23476,23479-23491,23493-23496,23498-23502,23504,23506,23510-23511,23513-23514,23516-23517,23519: Terminated
srun: error: frontier09036: tasks 26600,26603-26606,26608-26611,26614,26616,26618,26620-26624,26626-26632,26634-26637,26639-26641,26643,26645-26647,26650-26652,26655: Terminated
srun: error: frontier09307: tasks 27888-27891,27893-27898,27901,27904,27906-27915,27917,27920,27922-27926,27928-27930,27932,27940-27942: Terminated
srun: error: frontier01909: tasks 2688-2702,2704-2707,2711-2712,2715-2716,2719-2723,2726,2732-2738,2741-2743: Terminated
srun: error: frontier03292: tasks 8288-8296,8298-8302,8304-8305,8307-8308,8310-8312,8314-8319,8321-8326,8329-8338,8340-8343: Terminated
srun: error: frontier07801: tasks 18816,18818-18820,18822-18827,18829,18831-18832,18835-18836,18838-18848,18850-18851,18853-18856,18858-18859,18861-18864,18866-18871: Terminated
srun: error: frontier08274: tasks 21336-21341,21343-21350,21352,21354-21361,21364,21366-21367,21369-21376,21378,21382-21391: Terminated
srun: error: frontier08137: tasks 20776-20783,20785-20790,20793-20795,20800-20811,20813,20815,20817-20823,20825-20831: Terminated
srun: error: frontier08909: tasks 25760-25763,25769,25795,25798,25801-25802: Exited with exit code 255
srun: error: frontier08901: tasks 25312,25314-25315,25317-25320,25322,25326-25327,25329-25332,25334-25336,25338-25339,25341-25348,25350,25352-25353,25356,25358-25359,25361,25363-25367: Terminated
srun: error: frontier07027: tasks 16744-16745,16747,16749,16751-16757,16760-16770,16772-16773,16775,16777-16789,16791-16794,16796-16799: Terminated
srun: error: frontier08795: tasks 24808-24810,24812-24813,24815,24818-24823,24825,24827-24836,24838-24857,24860-24862: Terminated
srun: error: frontier02523: tasks 4536-4538,4542,4545-4550,4557-4560,4562,4564,4566-4567,4570-4572,4575-4580,4582-4591: Terminated
srun: error: frontier06136: tasks 13888,13890-13897,13899-13919,13921-13923,13925-13927,13929,13931,13935-13941,13943: Terminated
srun: error: frontier07926: tasks 19488-19491,19494-19497,19499,19502-19504,19506,19508,19510-19511,19514-19519,19521-19522,19524-19535,19537,19539-19543: Terminated
srun: error: frontier08436: tasks 22624,22626-22629,22631,22633-22635,22637,22639-22640,22642,22644,22646,22648-22654,22657-22660,22663-22665,22667-22670,22673,22675-22678: Terminated
srun: error: frontier08671: tasks 23912-23913,23916-23917,23919-23926,23929-23932,23934-23938,23940,23942,23945-23951,23953-23955,23957-23960,23962-23963,23965,23967: Terminated
srun: error: frontier08129: tasks 20329,20331-20339,20341,20344-20346,20348-20352,20354-20357,20360,20362-20363,20365-20372,20374-20375,20380-20383: Terminated
srun: error: frontier07770: tasks 18536-18538,18540-18543,18546-18548,18550-18552,18554-18560,18564-18570,18572-18580,18582-18589,18591: Terminated
srun: error: frontier08569: tasks 23520-23536,23538-23544,23546-23554,23556-23558,23561-23569,23571,23573,23575: Terminated
srun: error: frontier08521: tasks 22961-22962,22965-22972,22974-22977,22980-22992,22994-22999,23001,23004-23006,23008-23013,23015: Terminated
srun: error: frontier01140: tasks 1456-1458,1460,1462-1463,1465-1470,1472,1474,1476-1479,1481-1483,1487-1489,1491,1493-1495,1499,1501,1504,1506-1511: Terminated
srun: error: frontier02157: tasks 3360-3361,3364,3367-3368,3371,3374,3376,3378-3384,3387-3388,3390-3391,3394-3396,3398,3401-3402,3404-3405,3407-3408,3410-3413: Terminated
srun: error: frontier03580: tasks 8960-8968,8970-8971,8973,8975,8978-8979,8984-8986,8988-8992,8994-8995,8998-9000,9003-9004,9006-9008,9010,9013-9015: Terminated
srun: error: frontier06903: tasks 16408,16415,16418,16424,16433,16435,16446,16448-16449,16451,16456-16457: Exited with exit code 255
srun: error: frontier07412: tasks 17696-17705,17708-17712,17714-17716,17719-17720,17722-17725,17727-17729,17733-17734,17736-17739,17742-17743,17745-17747,17749-17751: Terminated
srun: error: frontier08142: tasks 20832,20834-20836,20838,20841-20848,20850-20859,20862-20864,20867-20868,20870-20871,20874,20876-20880,20883-20887: Terminated
srun: error: frontier07902: tasks 19040-19043,19045-19053,19055-19060,19064-19066,19070-19075,19077,19080-19084,19086-19091,19093-19095: Terminated
srun: error: frontier07259: tasks 17248-17249,17251-17258,17260-17264,17266-17277,17279-17280,17282-17287,17289-17291,17294-17295,17297,17299-17303: Terminated
srun: error: frontier08130: tasks 20384,20386,20388,20391-20392,20394,20396-20401,20403-20404,20406-20408,20410,20412-20414,20416,20418-20424,20426,20429-20430,20432-20435,20438-20439: Terminated
srun: error: frontier08295: tasks 21673-21681,21683-21685,21687-21690,21692-21693,21695-21698,21700-21701,21703-21705,21707-21709,21713-21715,21717,21719-21725,21727: Terminated
srun: error: frontier09037: tasks 26656-26657,26659,26664,26667,26672,26674,26677,26679-26680,26685,26691,26701,26705-26706: Exited with exit code 255
srun: error: frontier00110: tasks 224-227,229-230,232-233,235,237-239,243,245-246,248-251,254-255,257-262,264,270-273,275-276,278-279: Terminated
srun: error: frontier02681: tasks 5208,5211-5215,5217-5220,5223,5225-5228,5230-5231,5233-5235,5237-5248,5252-5253,5255-5258,5260: Terminated
srun: error: frontier04595: tasks 10808,10813-10825,10827-10830,10834-10838,10840,10842-10843,10846,10848-10849,10851-10863: Terminated
srun: error: frontier07679: tasks 18256-18260,18262,18265-18273,18275-18277,18281,18283-18291,18293,18296-18298,18300,18302-18303,18306-18310: Terminated
srun: error: frontier08783: tasks 24472-24473,24475,24480,24484,24487-24488,24490,24509,24512,24518-24519,24521-24522,24525: Exited with exit code 255
srun: error: frontier08437: tasks 22680-22683,22685-22686,22688-22693,22695-22700,22702,22704-22709,22711,22713,22715-22716,22720-22724,22726-22735: Terminated
srun: error: frontier08146: tasks 20888-20889,20891,20895-20896,20898-20904,20906-20909,20911-20916,20918-20922,20925-20928,20930,20932,20936-20943: Terminated
srun: error: frontier06762: tasks 15457-15460,15462,15464,15466,15468-15470,15473,15475-15477,15481-15491,15493-15494,15496-15498,15500-15502,15505-15509,15511: Terminated
srun: error: frontier07783: tasks 18592,18594,18596-18603,18605-18606,18608-18613,18616-18618,18620,18622,18624-18626,18628-18639,18641,18643,18645-18646: Terminated
srun: error: frontier07538: tasks 18032-18040,18042-18045,18047,18050-18076,18079,18081-18086: Terminated
srun: error: frontier09040: tasks 26712,26715,26718-26723,26726-26730,26732-26734,26736-26740,26742-26746,26748-26752,26754-26767: Terminated
srun: error: frontier04206: tasks 10136-10143,10146-10150,10152,10154-10155,10157-10158,10161-10162,10164-10165,10167,10169-10170,10173,10178,10180,10182,10184,10186-10191: Terminated
srun: error: frontier06781: tasks 15736-15737,15740,15751,15754-15755,15763-15764,15772-15773,15781-15782,15789: Exited with exit code 255
srun: error: frontier08918: tasks 25816-25818,25820-25825,25827-25829,25831-25833,25835,25837-25848,25850-25853,25855-25856,25859-25861,25863,25865-25871: Terminated
srun: error: frontier07903: tasks 19096,19101-19102,19106,19110-19111,19125,19136,19139-19140: Exited with exit code 255
srun: error: frontier08420: tasks 22232,22234-22236,22241-22246,22248-22254,22256-22258,22260-22263,22265,22267-22271,22273,22275-22277,22279-22280,22282,22284,22286: Terminated
srun: error: frontier08131: tasks 20440-20449,20453-20454,20456-20461,20463-20465,20467,20469-20473,20475,20477,20479-20480,20482-20490,20492: Terminated
srun: error: frontier00121: tasks 280,282,290-291,298,300-301,304,308,312,317,320,325-326,328: Exited with exit code 255
srun: error: frontier05747: tasks 12656-12662,12664-12666,12668-12670,12672,12674-12680,12682-12689,12691,12693-12694,12696-12697,12699,12701-12703,12705-12707,12711: Terminated
srun: error: frontier08525: tasks 23184-23188,23190-23192,23195-23196,23198,23200-23201,23203-23208,23210-23212,23214,23216-23219,23221,23223,23226-23227,23230-23233,23235-23239: Terminated
srun: error: frontier07413: tasks 17752-17759,17761-17767,17769-17772,17774-17775,17777-17778,17780,17782-17785,17788-17789,17791,17793,17795-17798,17800,17803-17804,17806-17807: Terminated
srun: error: frontier08438: tasks 22736-22738,22740-22741,22744-22748,22752-22755,22758-22761,22763-22771,22773-22774,22776-22783,22785-22789,22791: Terminated
srun: error: frontier08674: tasks 24080-24081,24083-24086,24088-24089,24091,24093,24095-24097,24100,24103-24104,24107,24110,24112-24113,24115-24117,24119-24122,24124-24127,24129-24130,24132-24135: Terminated
srun: error: frontier06770: tasks 15512,15514-15522,15524,15526,15528-15531,15534,15536-15545,15547-15548,15550-15551,15553,15555-15557,15559-15564,15566-15567: Terminated
srun: error: frontier08030: tasks 19881-19883,19885-19889,19892-19894,19897-19900,19902-19905,19908,19910-19913,19915-19916,19918-19919,19921-19923,19926,19928-19929,19931-19933,19935: Terminated
srun: error: frontier09176: tasks 27328-27329,27331-27333,27335,27337-27342,27344-27345,27348,27350-27352,27354-27355,27357-27358,27361-27362,27364,27366-27367,27369-27371,27373-27376,27378-27380,27382-27383: Terminated
srun: error: frontier03039: tasks 7056,7058,7060-7063,7066-7067,7069-7074,7076-7086,7088-7089,7091,7093,7095,7097-7099,7102,7104,7107-7108,7110-7111: Terminated
srun: error: frontier07410: tasks 17584-17587,17589-17592,17594-17598,17602-17607,17609,17614-17615,17618-17619,17624-17625,17627-17629,17631-17636,17638: Terminated
srun: error: frontier06651: tasks 15176,15178-15181,15183,15185,15187,15189-15192,15194,15196-15198,15200-15203,15208-15210,15212,15214-15217,15219-15221,15229,15231: Terminated
srun: error: frontier08275: tasks 21392,21394-21397,21399-21418,21420-21421,21423-21431,21434-21440,21442,21444-21447: Terminated
srun: error: frontier05872: tasks 12824-12825,12832,12835,12840,12862-12863,12870,12877: Exited with exit code 255
srun: error: frontier07418: tasks 17808,17815,17817,17825,17831,17851-17852,17856-17857: Exited with exit code 255
srun: error: frontier06253: tasks 14168,14171,14173,14177,14184-14185,14195,14198,14200,14216-14218: Exited with exit code 255
srun: error: frontier07260: tasks 17304-17309,17311-17318,17320,17322,17326-17328,17330,17334-17336,17338-17343,17346-17348,17350,17352-17354,17356-17359: Terminated
srun: error: frontier08654: tasks 23576-23582,23584-23602,23604,23608-23612,23614-23615,23617,23619-23620,23622-23624,23626-23631: Terminated
srun: error: frontier08904: tasks 25481-25484,25487-25490,25492-25497,25499,25501-25508,25511,25514-25520,25522-25529,25532-25534: Terminated
srun: error: frontier02424: tasks 3976-3986,3990,3992-3994,3996-4004,4007-4010,4012-4024,4026-4030: Terminated
srun: error: frontier03157: tasks 7728,7731,7733-7738,7740-7742,7744-7745,7748-7752,7754-7756,7758-7759,7763-7767,7769-7774,7776-7777,7779-7783: Terminated
srun: error: frontier08042: tasks 20104-20105,20107-20118,20121-20130,20133,20135,20138-20142,20144-20149,20151-20155,20157-20159: Terminated
srun: error: frontier05235: tasks 11536-11538,11540-11543,11545-11547,11549-11550,11552-11556,11558-11559,11561-11571,11573,11575-11578,11581,11583,11585-11589: Terminated
srun: error: frontier06400: tasks 14672-14673,14675-14676,14678-14680,14682-14685,14687-14689,14691-14692,14694-14696,14698-14707,14709-14714,14716-14718,14720-14723,14725-14727: Terminated
srun: error: frontier06887: tasks 15960-15961,15963-15979,15981-15983,15985,15987-15993,15995-15999,16001-16002,16004,16006-16014: Terminated
srun: error: frontier08147: tasks 20944-20949,20952,20955-20969,20972-20973,20975-20977,20979-20986,20989-20990,20992-20995,20998-20999: Terminated
srun: error: frontier06266: tasks 14224-14231,14233-14235,14237-14238,14240-14250,14253-14257,14259,14262-14263,14265-14266,14270,14272,14274-14279: Terminated
srun: error: frontier08902: tasks 25368,25370-25371,25373-25381,25383,25385-25386,25389-25395,25397-25406,25408-25409,25411-25414,25416,25418-25421,25423: Terminated
srun: error: frontier08423: tasks 22400-22401,22403,22405-22407,22409-22410,22412,22414-22416,22418-22421,22423-22432,22434-22435,22437-22439,22442-22449,22451-22453,22455: Terminated
srun: error: frontier06381: tasks 14505-14510,14512-14513,14517,14519-14522,14524-14525,14527-14528,14530,14532-14536,14538-14540,14542-14543,14546-14548,14550-14551,14553,14555-14558: Terminated
srun: error: frontier07155: tasks 17024-17032,17034,17036-17039,17041-17044,17046-17054,17056-17061,17063-17064,17066,17068-17072,17075-17078: Terminated
srun: error: frontier07680: tasks 18312-18323,18325-18330,18332-18334,18336-18341,18343-18344,18346-18355,18357-18360,18362,18365-18367: Terminated
srun: error: frontier08026: tasks 19656-19659,19662-19663,19665,19667,19669-19677,19679-19681,19684,19686-19691,19693,19695-19696,19698-19699,19701-19702,19704-19706,19710-19711: Terminated
srun: error: frontier06888: tasks 16016-16020,16022-16024,16026-16031,16033-16039,16042-16050,16052,16054-16055,16059-16060,16062-16064,16068-16070: Terminated
srun: error: frontier08169: tasks 21000,21003,21005-21018,21020-21026,21028-21029,21031-21034,21036-21043,21045-21053,21055: Terminated
srun: error: frontier05726: tasks 12432-12438,12441,12443-12448,12450-12453,12455-12456,12459-12472,12474-12476,12478-12482,12485,12487: Terminated
srun: error: frontier07790: tasks 18648,18650-18651,18654-18665,18667-18670,18672,18674-18676,18679-18680,18682-18684,18686,18688,18690-18694,18697-18701,18703: Terminated
srun: error: frontier08678: tasks 24248,24250,24254-24264,24266-24267,24269-24272,24274-24276,24278-24279,24282-24285,24287,24289-24291,24293-24294,24297-24303: Terminated
srun: error: frontier03579: tasks 8905,8907-8910,8912,8914-8922,8926-8940,8942-8943,8945-8959: Terminated
srun: error: frontier04216: tasks 10248-10251,10253-10257,10259,10261-10262,10264-10265,10269-10270,10272-10276,10278-10282,10285-10286,10288-10296,10299-10300,10302-10303: Terminated
srun: error: frontier06904: tasks 16464-16465,16468-16478,16481-16486,16488-16492,16494,16496-16500,16502-16503,16505-16507,16509-16510,16513-16514,16516-16519: Terminated
srun: error: frontier08023: tasks 19600,19602-19603,19605,19607,19609-19610,19615-19618,19621-19622,19625-19628,19631-19633,19635-19637,19639,19641-19642,19644,19647-19650,19652,19654: Terminated
srun: error: frontier04087: tasks 9800-9807,9809-9815,9817-9820,9823-9826,9828,9830,9832-9833,9835-9836,9839-9840,9842-9843,9845-9847,9849-9852,9854-9855: Terminated
srun: error: frontier04864: tasks 11088-11089,11091-11102,11104-11106,11108-11109,11112-11116,11118-11124,11126,11128-11131,11134-11136,11138-11139,11143: Terminated
srun: error: frontier07909: tasks 19152,19154,19157-19161,19163,19165,19167,19169,19171-19176,19178-19187,19189-19191,19194-19199,19201,19203-19206: Terminated
srun: error: frontier07265: tasks 17360-17362,17364,17366-17368,17370-17375,17377,17379-17386,17389,17391,17393,17395-17397,17399-17400,17402-17405,17408-17410,17412-17415: Terminated
srun: error: frontier06119: tasks 13720-13722,13724-13729,13732-13742,13744-13745,13747-13748,13752,13754-13756,13758,13760-13762,13767-13770,13772,13774: Terminated
srun: error: frontier07913: tasks 19320,19322,19326,19328,19334,19336-19337,19344,19351-19352,19354,19359,19373-19374: Exited with exit code 255
srun: error: frontier02790: tasks 5824,5827,5833,5835,5838,5845-5846,5850,5857,5860,5864,5867,5876: Exited with exit code 255
srun: error: frontier02532: tasks 4648,4652,4664-4665,4668,4682-4683,4685,4694,4696,4701: Exited with exit code 255
srun: error: frontier06109: tasks 13384,13386-13387,13389-13396,13398-13401,13403-13404,13406,13410-13415,13417,13419-13420,13422-13426,13429,13431,13433,13435-13438: Terminated
srun: error: frontier06905: tasks 16521,16523,16526-16528,16530-16532,16534,16536,16538,16540-16544,16548-16550,16552-16557,16559-16560,16562-16563,16566-16568,16570-16575: Terminated
srun: error: frontier05873: tasks 12881,12883-12886,12889-12890,12892-12893,12896,12899-12912,12914,12916,12919,12922,12924-12925,12927-12933: Terminated
srun: error: frontier07534: tasks 17864,17875,17882,17885,17888-17889,17892-17894,17900,17904-17905,17910: Exited with exit code 255
srun: error: frontier06890: tasks 16072,16080,16088,16092,16095,16098,16101,16107,16111,16117,16120,16127: Exited with exit code 255
srun: error: frontier07911: tasks 19208-19209,19211,19213-19231,19233-19236,19238-19242,19244-19252,19254-19255,19257-19259,19261-19262: Terminated
srun: error: frontier08132: tasks 20496-20501,20503,20505-20509,20511-20512,20514,20516-20519,20521,20523-20524,20526-20532,20534,20536,20539,20541-20544,20546-20547,20549-20550: Terminated
srun: error: frontier08268: tasks 21168-21169,21171,21174,21181,21186,21191-21192,21206,21220: Exited with exit code 255
srun: error: frontier00364: tasks 896-897,899-901,903-905,907,909,915-918,920-922,924-927,929-930,932-933,935-940,942,944,947,951: Exited with exit code 255
srun: error: frontier05229: tasks 11428,11430,11443,11446,11448-11449,11456,11460,11467,11470,11472,11478: Exited with exit code 255
srun: error: Task 11428 reported exit for a second time.
srun: error: Task 11430 reported exit for a second time.
srun: error: frontier04219: tasks 10376-10377,10394,10399-10401,10403,10410,10414-10415: Exited with exit code 255
srun: error: frontier08027: tasks 19712-19718,19720-19724,19727-19730,19732,19734-19736,19738-19739,19741-19747,19751-19757,19759-19763,19765: Terminated
srun: error: frontier07535: tasks 17920,17926,17928,17930,17935,17940,17942-17943,17946,17954,17958,17960-17961,17963,17970-17971,17975: Exited with exit code 255
srun: error: frontier06267: tasks 14280-14283,14285,14287-14289,14291-14293,14295,14297-14299,14301,14305-14309,14311,14313-14314,14316,14318-14319,14321-14322,14324-14325,14327-14332,14334-14335: Terminated
srun: error: frontier09024: tasks 26096-26097,26099-26100,26102,26105,26107-26112,26114,26117,26120,26122-26125,26127-26130,26132-26133,26135-26136,26138-26141,26143,26147,26149: Terminated
srun: error: frontier01910: tasks 2744,2746-2747,2749-2750,2753-2755,2757,2759-2773,2775,2779,2784-2793,2795-2797,2799: Terminated
srun: error: frontier03300: tasks 8348,8350-8353,8358,8361,8364,8371,8373,8385,8393: Exited with exit code 255
srun: error: frontier06761: tasks 15402,15407,15416,15418,15424,15429,15433,15436-15437,15445,15451,15453: Exited with exit code 255
srun: error: frontier03317: tasks 8680,8683,8687,8695,8697-8698,8712-8714,8717,8735: Exited with exit code 255
srun: error: frontier03032: tasks 6890-6891,6895,6902,6911-6912,6928-6929,6932,6941: Exited with exit code 255
srun: error: frontier09025: tasks 26153,26157-26158,26165,26167,26174-26175,26182,26187,26192,26197,26202,26204-26206: Exited with exit code 255
srun: error: frontier02158: tasks 3420,3434-3435,3444,3452,3459,3466-3467: Exited with exit code 255
srun: error: frontier06755: tasks 15288,15300,15306,15312,15318,15321,15325-15326,15330-15332,15334,15338-15339: Exited with exit code 255
srun: error: frontier07916: tasks 19379,19381,19390,19392-19393,19397,19410,19414,19418,19420,19422,19428-19429: Exited with exit code 255
srun: error: frontier07806: tasks 18872-18876,18879,18881-18887,18889,18891-18895,18897-18899,18901-18902,18904-18905,18909-18910,18912-18914,18916,18918-18920,18922,18924-18927: Terminated
srun: error: frontier05623: tasks 12264,12268,12277,12284-12285,12312-12313,12318: Exited with exit code 255
srun: error: frontier02779: tasks 5545,5552,5559,5563,5565,5576-5577,5585,5589-5590,5592,5594: Exited with exit code 255
srun: error: frontier04331: tasks 10530,10537,10555-10556,10561,10567,10570-10571,10582: Exited with exit code 255
srun: error: frontier02401: tasks 3815,3821,3826-3827,3843,3854,3860-3861: Exited with exit code 255
srun: error: frontier02909: tasks 6496,6500,6502-6510,6512-6514,6516,6518,6520,6522-6526,6528-6533,6536-6537,6539-6541,6544-6547,6549-6551: Terminated
srun: error: frontier04601: tasks 10864,10866-10868,10871-10872,10878,10881,10890,10892,10896,10898,10910,10914: Exited with exit code 255
srun: error: frontier06141: tasks 14004,14007,14017-14018,14021-14022,14026,14032,14034,14036,14043,14047,14054-14055: Exited with exit code 255
srun: error: frontier03318: tasks 8738-8739,8745-8747,8750-8751,8766,8784,8789-8790: Exited with exit code 255
srun: error: frontier04198: tasks 10024,10026,10034-10035,10037,10039-10040,10046-10047,10049-10051,10054,10058,10061,10063,10076-10078: Exited with exit code 255
srun: error: frontier03158: tasks 7786,7792,7794-7796,7817-7818,7824,7832,7837-7839: Exited with exit code 255
srun: error: frontier08059: tasks 20160,20162,20164-20167,20169,20171-20177,20182-20184,20186,20188,20190,20192,20194,20196-20199,20201-20206,20208-20214: Terminated
srun: error: frontier02783: tasks 5608-5609,5613,5616-5617,5627-5628,5630,5633,5650-5651: Exited with exit code 255
srun: error: frontier04452: tasks 10588,10591,10600,10614-10615,10617,10624,10629,10633-10635,10637-10638: Exited with exit code 255
srun: error: frontier06779: tasks 15626-15628,15630-15631,15637-15639,15642,15644,15648,15650,15652,15676: Exited with exit code 255
srun: error: frontier06896: tasks 16298,16302,16313,16315-16317,16324,16328-16329,16333-16334,16337-16339,16344-16345: Exited with exit code 255
srun: error: frontier01532: tasks 2184,2188,2193,2203,2211-2212,2215,2232,2235,2239: Exited with exit code 255
srun: error: frontier01650: tasks 2465,2468-2469,2481,2490-2491,2494,2498-2499,2502,2506-2507: Exited with exit code 255
srun: error: frontier06269: tasks 14396,14401,14410-14411,14414,14423,14434,14442-14443: Exited with exit code 255
srun: error: frontier02023: tasks 2856-2857,2862-2863,2867,2869-2870,2872-2873,2875,2878,2880,2889,2899,2905: Exited with exit code 255
srun: error: frontier05758: tasks 12769,12773-12774,12788-12789,12796-12797,12799: Exited with exit code 255
srun: error: frontier08798: tasks 24922,24924,24936,24939-24940,24942-24944,24946-24947,24961-24962,24964,24971: Exited with exit code 255
srun: error: frontier02791: tasks 5881,5883,5890-5891,5898,5900,5911,5917,5920-5921,5923,5930-5931: Exited with exit code 255
srun: error: frontier03961: tasks 9633,9636,9638-9639,9644-9647,9649,9654,9656,9658,9660,9666,9668,9671-9672,9682: Exited with exit code 255
srun: error: frontier02897: tasks 6049,6051,6062,6069-6070,6075,6077,6080-6081,6085,6090-6091: Exited with exit code 255
srun: error: frontier02784: tasks 5656-5657,5660,5662,5667,5669,5673-5675,5677-5679,5681,5687-5689,5700-5702,5707,5709-5711: Exited with exit code 255
srun: error: frontier06515: tasks 14728,14733-14734,14737-14738,14740-14742,14744-14746,14748-14750,14752-14754,14757,14760-14768,14770-14771,14773-14783: Terminated
srun: error: frontier04978: tasks 11144-11147,11149-11166,11168,11170-11171,11173-11181,11183-11185,11187-11188,11190-11191,11193-11197,11199: Terminated
srun: error: frontier02540: tasks 4801,4809-4810: Exited with exit code 255
srun: error: frontier02026: tasks 3037,3039-3040,3069,3072-3073: Exited with exit code 255
srun: error: frontier05485: tasks 12001,12004,12009,12011-12013,12017,12025-12026,12032,12035,12037: Exited with exit code 255
srun: error: frontier01142: tasks 1568-1571,1573-1576,1578-1582,1584-1603,1605-1606,1608,1610,1612-1623: Terminated
srun: error: frontier00380: tasks 1182,1185-1187,1192,1196,1199,1204,1209,1211-1213,1216,1218,1225-1226: Exited with exit code 255
srun: error: frontier06517: tasks 14784,14786-14789,14791-14802,14804,14806-14808,14811-14815,14817,14819-14829,14831,14833-14838: Terminated
srun: error: frontier03291: tasks 8236,8238,8240,8243,8248,8254,8258-8259,8266,8269-8270,8272-8273,8277,8285,8287: Exited with exit code 255
srun: error: frontier09418: tasks 28062-28063,28067,28070,28073-28074,28080,28084-28085,28091-28092,28095,28102,28104,28109: Exited with exit code 255
srun: error: frontier02683: tasks 5320-5321,5326,5328,5331,5346,5357-5358,5360-5361,5373: Exited with exit code 255
srun: error: frontier05236: tasks 11592-11596,11602-11618,11620,11623-11630,11632-11636,11638-11639,11643-11644,11646: Terminated
srun: error: frontier00096: tasks 2-3,6,11,13-15,18-19,33,36,46,53: Bus error
srun: error: frontier07285: tasks 17416-17418,17420-17421,17423-17429,17431-17434,17436,17438-17440,17442-17444,17446-17447,17449,17453-17457,17459-17461,17463,17465-17469,17471: Terminated
srun: error: frontier02154: tasks 3305-3306,3310-3311,3349,3352,3358: Exited with exit code 255
srun: error: frontier02550: tasks 4824,4828-4829,4838,4843,4851-4852,4862-4863: Exited with exit code 255
srun: error: frontier02031: tasks 3083-3084,3089-3090,3092,3099,3105,3108,3113,3127: Exited with exit code 255
srun: error: frontier08799: tasks 24976-24978,24989,24995,24998-24999,25006,25008,25010,25025,25031: Exited with exit code 255
srun: error: frontier00098: tasks 67-68,73-74,81,85-86,92-93,96: Exited with exit code 255
srun: error: frontier08522: tasks 23016,23019-23022,23024-23026,23028,23032-23035,23037-23041,23043-23044,23046-23047,23050-23052,23054-23059,23061,23063,23065-23066,23070: Terminated
srun: error: frontier09416: tasks 28000-28005,28007-28008,28010-28014,28016,28018-28023,28025-28038,28040-28049,28053,28055: Terminated
srun: error: frontier01265: tasks 1852,1855,1860,1864-1865,1868,1874,1876,1879,1881-1882,1885,1890,1897: Exited with exit code 255
srun: error: frontier06891: tasks 16130-16134,16136,16138-16139,16142-16147,16149-16161,16163-16169,16171-16172,16174,16176,16178,16180: Terminated
srun: error: frontier08422: tasks 22344-22345,22347-22351,22356-22358,22360-22379,22381-22383,22385,22387-22388,22390-22396,22398-22399: Terminated
srun: error: frontier09344: tasks 27944,27947-27948,27951-27960,27962,27964-27966,27969-27979,27982-27983,27985-27987,27991-27993,27995-27997,27999: Terminated
srun: error: frontier01533: tasks 2243-2244,2246,2248,2251,2264-2265,2269,2272-2273,2292,2294-2295: Exited with exit code 255
srun: error: frontier02917: tasks 6673,6688-6689,6695-6696,6708,6717: Exited with exit code 255
srun: error: frontier01277: tasks 1960-1963,1968,1975,1986,1988-1989,1992,1996,2003,2007-2008,2012-2013: Exited with exit code 255
srun: error: frontier06268: tasks 14336-14337,14339-14342,14344-14350,14352,14354,14356,14358,14360-14364,14367-14370,14372,14374-14377,14379-14386,14390-14391: Terminated
srun: error: frontier08797: tasks 24866-24868,24870-24871,24873,24876-24878,24881-24883,24885,24887,24889-24893,24895,24897-24900,24903,24905-24908,24910-24915,24917-24918: Terminated
srun: error: frontier10176: tasks 28616,28621,28625,28627,28630,28635,28646,28650,28653,28655,28661-28662,28664: Exited with exit code 255
srun: error: frontier08667: tasks 23744,23746-23749,23757,23759-23761,23776,23782-23783,23785,23787,23789,23791,23793,23798: Exited with exit code 255
srun: error: frontier02165: tasks 3530-3531,3533,3541,3544-3546,3550,3552,3555,3557-3558,3560,3566-3567,3571,3573: Exited with exit code 255
srun: error: frontier00225: tasks 508,511,515,517-518,522,527,541,543,549-551,553: Exited with exit code 255
srun: error: frontier05874: tasks 12936,12938,12940,12942-12947,12949,12951-12952,12954,12958,12961,12963-12968,12970-12975,12978-12990: Terminated
srun: error: frontier05876: tasks 12992,12995,13000-13001,13004,13006-13017,13019-13024,13026-13028,13030-13033,13035,13037,13039-13040,13042-13044,13046-13047: Terminated
srun: error: frontier07536: tasks 17976-17980,17982,17984-17990,17992-17996,17998-18006,18008-18012,18016-18019,18022-18031: Terminated
srun: error: frontier07912: tasks 19264-19268,19270-19274,19277-19278,19280-19282,19284-19291,19294-19295,19297,19299,19301-19303,19305,19307-19310,19313,19315-19317: Terminated
srun: error: frontier08301: tasks 21784-21790,21792-21812,21814-21820,21822-21826,21828,21830-21837,21839: Terminated
srun: error: frontier08664: tasks 23688-23689,23691,23693,23695-23697,23700-23710,23712-23717,23720-23722,23724-23729,23731-23732,23734,23736-23740,23743: Terminated
srun: error: frontier09179: tasks 27442-27443,27451,27464,27474,27481,27485,27487,27491: Exited with exit code 255
srun: error: frontier00369: tasks 1013-1014,1023,1028-1030,1032,1034,1041,1052,1055,1058,1060: Exited with exit code 255
srun: error: frontier06518: tasks 14840-14846,14848,14850-14856,14858-14864,14866-14875,14877-14878,14881-14884,14886,14888,14890-14891,14893: Terminated
srun: error: frontier05883: tasks 13048,13050-13054,13057-13063,13065-13066,13070-13071,13074,13076-13084,13087-13092,13094,13100-13103: Terminated
srun: error: frontier05733: tasks 12488,12490-12491,12493-12502,12504-12506,12508-12511,12513,12516-12519,12521,12523-12525,12527,12530-12533,12535-12541: Terminated
srun: error: frontier08032: tasks 19936,19938,19940-19946,19949,19951-19959,19961-19962,19964,19966,19968-19969,19971,19973,19975-19977,19979-19980,19983-19986,19988-19991: Terminated
srun: error: frontier09177: tasks 27384,27389,27392,27394,27401-27402,27405-27406,27410,27415,27417,27429-27430,27433,27435-27436,27438: Exited with exit code 255
srun: error: frontier06139: tasks 13944-13946,13948-13957,13959-13962,13965,13967-13968,13970-13971,13974-13984,13987-13989,13991-13996,13998-13999: Terminated
srun: error: frontier05239: tasks 11648-11652,11654,11656-11665,11667,11669,11671,11673-11675,11678-11682,11684-11686,11688-11691,11693-11698,11700-11702: Terminated
srun: error: frontier04090: tasks 9856-9859,9861-9864,9866-9872,9874,9876,9878-9884,9886-9898,9902-9907,9909,9911: Terminated
srun: error: frontier04982: tasks 11200-11209,11211-11212,11214,11216-11223,11226,11229-11230,11232-11234,11236-11241,11243-11246,11249-11250,11252-11255: Terminated
srun: error: frontier03827: tasks 9408,9410-9413,9415-9417,9419-9428,9430,9432,9434-9440,9442,9444-9445,9447-9448,9450-9453,9456-9458,9460-9463: Terminated
srun: error: frontier07029: tasks 16856-16858,16860-16870,16872,16874-16875,16878-16880,16882-16886,16888-16892,16894-16896,16898,16900-16909,16911: Terminated
srun: error: frontier08905: tasks 25537-25539,25541-25542,25545-25549,25551-25558,25561-25564,25566-25567,25569-25573,25575,25577-25578,25581-25589,25591: Terminated
srun: error: frontier06653: tasks 15232,15234,15237,15240,15242-15243,15249,15254,15256,15260,15266-15267,15275: Exited with exit code 255
srun: error: frontier06110: tasks 13444-13446,13449-13451,13453,13456-13461,13463-13464,13466-13469,13471,13474-13478,13481,13483-13484,13486-13487,13489-13491,13493-13495: Terminated
srun: error: frontier06906: tasks 16577-16579,16582-16587,16589-16590,16592-16599,16602-16607,16609-16617,16619-16620,16622,16624,16626-16630: Terminated
srun: error: frontier06910: tasks 16632-16636,16638,16640,16643,16645-16650,16652-16653,16656,16658-16665,16667-16676,16678-16679,16681-16684: Terminated
srun: error: frontier04091: tasks 9912-9914,9916-9920,9924-9933,9935,9938-9944,9946-9948,9951-9953,9955-9963,9965-9967: Terminated
srun: error: frontier03197: tasks 8121,8123,8125-8127,8129-8130,8133,8136-8137,8139-8143,8145,8147-8148,8150-8153,8155-8158,8160-8163,8166,8168-8173,8175: Terminated
srun: error: frontier06894: tasks 16184-16187,16189-16190,16192-16197,16199,16203-16204,16209,16211-16214,16216-16222,16225-16227,16231-16238: Terminated
srun: error: frontier06527: tasks 15008-15009,15011-15013,15016,15018-15019,15022-15023,15026,15028,15030-15034,15036,15038-15039,15041-15042,15044-15046,15048-15056,15060-15062: Terminated
srun: error: frontier08427: tasks 22456-22458,22460,22462,22465-22467,22469-22471,22474,22476,22478,22480-22482,22484-22487,22489-22490,22492-22493,22495-22498,22500,22503-22504,22507-22510: Terminated
srun: error: frontier03314: tasks 8512-8517,8519,8522-8524,8529-8532,8535,8538-8539,8542,8546-8547,8549-8550,8555-8559,8563,8565-8566: Terminated
srun: error: frontier06111: tasks 13496-13498,13502,13504-13509,13511,13513-13514,13517-13523,13526-13530,13533-13534,13536,13539-13543,13546-13547,13549-13551: Terminated
srun: error: frontier05242: tasks 11704-11707,11711,11713-11714,11716-11717,11719,11721-11723,11725-11727,11729-11731,11734-11746,11748-11755,11757-11759: Terminated
srun: error: frontier06911: tasks 16688-16690,16693-16700,16702,16704,16706,16708,16710-16711,16713-16718,16721-16722,16724,16726-16734,16736-16738,16740-16741,16743: Terminated
srun: error: frontier06524: tasks 14896-14907,14909,14911-14917,14919-14922,14924-14926,14930,14933-14936,14938-14940,14942,14944,14946-14947,14950: Terminated
srun: error: frontier02904: tasks 6328,6330,6332-6334,6336-6339,6342-6345,6347-6355,6357,6359-6362,6364-6368,6370,6372,6375-6382: Terminated
srun: error: frontier08655: tasks 23632-23633,23635-23638,23642,23644-23648,23650-23652,23654-23665,23667-23668,23670-23673,23675-23686: Terminated
srun: error: frontier08679: tasks 24304,24306-24308,24310-24316,24318-24326,24330-24333,24336,24338,24340,24342,24344-24347,24349-24350,24352,24355-24359: Terminated
srun: error: frontier06898: tasks 16354-16370,16372-16378,16380-16397,16401-16404: Terminated
srun: error: frontier04217: tasks 10304-10306,10308-10313,10317-10318,10320-10323,10325-10326,10330-10332,10335,10337-10338,10340-10342,10344-10345,10347-10348,10353-10359: Terminated
srun: error: frontier07767: tasks 18425,18427,18429-18435,18439-18443,18445-18448,18450-18451,18453,18455-18456,18458-18468,18470-18473,18476-18479: Terminated
srun: error: frontier02930: tasks 6776-6777,6779-6783,6787-6791,6793-6796,6798,6800-6807,6809-6818,6820-6822,6824-6831: Terminated
srun: error: frontier05245: tasks 11760-11761,11765-11769,11771-11773,11775-11777,11779-11780,11782-11787,11789-11791,11793-11798,11800,11802-11804,11806-11810,11812,11814-11815: Terminated
srun: error: frontier02656: tasks 5040,5047-5048,5051,5054,5061-5062,5069,5072,5088,5095: Exited with exit code 255
srun: error: frontier05885: tasks 13104,13106-13107,13110-13111,13113-13116,13118-13119,13121-13126,13128-13132,13135-13137,13142-13143,13145-13152,13155-13158: Terminated
srun: error: frontier06120: tasks 13776-13779,13781-13782,13784,13787-13796,13798-13803,13805-13811,13814-13822,13825,13828-13831: Terminated
srun: error: frontier08269: tasks 21224-21227,21234,21240,21243,21256,21259,21262,21266,21273,21275: Exited with exit code 255
srun: error: frontier03316: tasks 8624-8628,8630-8637,8641-8642,8644-8645,8648,8650,8654-8656,8658-8659,8661-8665,8668,8671,8673-8676,8678-8679: Terminated
srun: error: frontier03031: tasks 6832-6833,6835-6838,6840,6842-6844,6847-6850,6852,6855-6858,6860-6863,6865-6867,6870,6872-6873,6875-6876,6878-6882,6884-6887: Terminated
srun: error: frontier04096: tasks 9968,9970-9971,9973-9979,9981,9983,9985,9987-9988,9990-9991,9993-9999,10001-10003,10006,10008-10019,10021-10023: Terminated
srun: error: frontier03290: tasks 8176,8183-8184,8186,8191-8192,8196,8200,8205-8207,8231: Exited with exit code 255
srun: error: frontier08907: tasks 25650,25652,25654,25657-25661,25663-25665,25668-25669,25671,25673,25675-25680,25682-25689,25691-25693,25696-25697,25699-25703: Terminated
srun: error: frontier08784: tasks 24530-24535,24537,24539,24541-24545,24548,24550-24552,24555-24558,24560,24562-24564,24566-24570,24572,24574-24580,24582-24583: Terminated
srun: error: frontier08919: tasks 25873-25879,25881-25883,25885-25889,25891,25893-25899,25901-25902,25904-25908,25910-25911,25913-25914,25916-25918,25920,25922-25927: Terminated
srun: error: frontier09169: tasks 27161-27169,27171-27175,27178-27181,27183-27185,27187-27193,27195-27202,27204-27213,27215: Terminated
srun: error: frontier08037: tasks 20049-20051,20053-20059,20061-20070,20073-20074,20076-20083,20086,20088-20091,20093-20098,20102: Terminated
srun: error: frontier08136: tasks 20722,20729-20730,20733,20738,20747,20749,20752,20755,20758-20759,20771,20773-20774: Exited with exit code 255
srun: error: frontier09434: tasks 28225-28228,28230,28233,28235-28237,28239-28251,28253-28256,28259-28262,28264-28266,28268,28270-28271,28273-28275,28278: Terminated
srun: error: frontier09171: tasks 27218-27219,27222,27226-27228,27230-27234,27236-27239,27242-27243,27245,27247-27254,27256-27259,27261-27262,27264-27270: Terminated
srun: error: frontier00102: tasks 171-172,174,176,184-185,194,200,205-206,208,216,218,220-221: Exited with exit code 255
srun: error: frontier06380: tasks 14449,14453,14456,14459,14469,14473,14477-14478,14480,14483,14490,14492,14498: Exited with exit code 255
srun: error: frontier03578: tasks 8849-8852,8854,8856,8858-8866,8868-8870,8872-8875,8877-8879,8881-8882,8884-8886,8888-8890,8892-8896,8898,8900-8902: Terminated
srun: error: frontier09029: tasks 26376,26379,26381,26383-26384,26386-26387,26389-26390,26393-26395,26397-26398,26401-26404,26406,26408-26409,26411,26413-26414,26417-26419,26421-26428,26430: Terminated
srun: error: frontier09438: tasks 28286,28291,28294,28309,28315,28319,28323,28327,28330-28331,28333: Exited with exit code 255
srun: error: frontier08786: tasks 24646-24647,24652,24655-24656,24668,24683-24684: Exited with exit code 255
srun: error: frontier08791: tasks 24697-24698,24700-24703,24706-24707,24709-24716,24718,24721-24723,24725-24726,24728-24731,24733,24736-24737,24739,24741-24745,24747,24749: Terminated
srun: error: frontier08903: tasks 25428,25433,25441-25442,25466: Exited with exit code 255
srun: error: frontier08397: tasks 22009,22011-22012,22014-22018,22020,22022-22024,22026,22029-22031,22033,22035-22038,22040-22046,22048-22051,22056,22058-22063: Terminated
srun: error: frontier08547: tasks 23354,23360-23361,23369-23370,23376,23391-23392,23403: Exited with exit code 255
srun: error: frontier08289: tasks 21561-21564,21566-21569,21572-21576,21578-21584,21586,21588-21589,21591-21594,21596-21597,21600-21603,21605-21606,21608-21611,21614: Terminated
srun: error: frontier08188: tasks 21060,21064-21065,21068,21070-21071,21077-21078,21082,21088,21105: Exited with exit code 255
srun: error: frontier04199: tasks 10080,10084-10087,10089-10090,10093-10094,10097-10102,10105-10110,10112-10118,10124-10125,10128-10133: Terminated
srun: error: frontier08670: tasks 23859,23861,23868,23870-23872,23879,23881,23883,23896,23902,23904,23907,23911: Exited with exit code 255
srun: error: frontier08028: tasks 19770,19773,19776,19781-19782,19786,19790,19795,19798,19800-19801,19804-19807,19810,19819-19821: Exited with exit code 255
srun: error: frontier07887: tasks 18930-18932,18935-18937,18939-18941,18943-18945,18948-18952,18954-18959,18962-18964,18968,18971-18973,18976-18983: Terminated
srun: error: frontier08398: tasks 22075,22089,22095-22097,22099,22107-22108,22111,22113-22114,22117-22118: Exited with exit code 255
srun: error: frontier09439: tasks 28337-28344,28347-28349,28351-28354,28356,28359-28369,28373,28375,28377-28381,28383-28387,28389-28391: Terminated
srun: error: frontier08294: tasks 21617,21619-21625,21630-21631,21633-21634,21636-21637,21639-21640,21642-21647,21649,21653,21656,21659-21663,21665-21666,21668,21670-21671: Terminated
srun: error: frontier09165: tasks 27002,27004,27006,27015-27016,27019,27022-27023,27032-27034,27036,27042: Exited with exit code 255
srun: error: frontier07769: tasks 18488,18501,18504,18506,18517-18518,18520,18522,18528-18529: Exited with exit code 255
srun: error: frontier03152: tasks 7619-7620,7622,7632,7636,7640,7649,7658,7662,7664,7670: Exited with exit code 255
srun: error: frontier07296: tasks 17529,17531-17533,17536-17538,17540-17549,17551-17554,17557-17558,17561-17563,17565-17566,17569,17571,17573-17577,17579-17581,17583: Terminated
srun: error: frontier08274: tasks 21342,21362-21363,21365,21368,21379-21381: Exited with exit code 255
srun: error: frontier03580: tasks 8969,8974,8976,8980,8982-8983,8996,9011-9012: Exited with exit code 255
srun: error: frontier08909: tasks 25764-25768,25770-25781,25783-25794,25796-25797,25799-25800,25803-25815: Terminated
srun: error: frontier02523: tasks 4540-4541,4544,4555-4556,4561,4565,4574,4581: Exited with exit code 255
srun: error: frontier06008: tasks 13218-13221,13223-13230,13232-13235,13237,13239,13241-13247,13250-13252,13254-13255,13257,13259,13261-13263,13265,13268-13271: Terminated
srun: error: frontier04595: tasks 10809-10812,10831-10832,10841,10844-10845,10850: Exited with exit code 255
srun: error: frontier06903: tasks 16409-16411,16413-16414,16416-16417,16419-16423,16425-16427,16429,16431-16432,16436-16437,16439-16445,16447,16450,16452-16455,16458-16461: Terminated
srun: error: frontier08436: tasks 22625,22630,22632,22636,22638,22641,22643,22645,22647,22656,22661-22662,22666,22671-22672,22674,22679: Exited with exit code 255
srun: error: frontier02157: tasks 3363,3366,3369-3370,3373,3375,3377,3392,3399-3400,3406,3409,3414: Exited with exit code 255
srun: error: frontier06781: tasks 15738,15741-15746,15748,15752-15753,15756-15757,15759-15761,15765-15771,15774-15780,15783-15788,15790: Terminated
srun: error: frontier02681: tasks 5209-5210,5216,5221-5222,5224,5232,5249-5251,5259,5261-5263: Exited with exit code 255
srun: error: frontier07410: tasks 17593,17600,17608,17612,17616-17617,17620-17623,17637: Exited with exit code 255
srun: error: frontier06016: tasks 13329-13335,13337-13352,13354-13355,13357-13358,13360-13361,13363-13367,13374,13376-13383: Terminated
srun: error: frontier03038: tasks 7001-7002,7016,7020,7023,7027,7035-7036,7047,7055: Exited with exit code 255
srun: error: frontier00121: tasks 283-286,288-289,292-294,296-297,299,302-303,305-307,309-311,313,315-316,318,321-324,327,329-335: Terminated
srun: error: frontier03157: tasks 7729-7730,7743,7746-7747,7757,7760,7768: Exited with exit code 255
srun: error: frontier01528: tasks 2130-2137,2139-2144,2146-2151,2153,2155-2156,2158-2159,2161-2165,2167-2170,2173-2179,2182-2183: Terminated
srun: error: frontier02424: tasks 3987-3989,3991,3995,4005-4006,4025,4031: Exited with exit code 255
srun: error: frontier08783: tasks 24474,24476-24479,24481-24483,24486,24489,24492-24508,24511,24513-24515,24517,24520,24523-24524,24527: Terminated
srun: error: frontier08677: tasks 24197,24205,24207,24209,24215,24218,24223,24227,24230,24232,24234,24236,24239,24246: Exited with exit code 255
srun: error: frontier03959: tasks 9577-9579,9583,9585-9587,9589,9591-9592,9596-9598,9600-9602,9604-9614,9616-9617,9619-9624,9628-9629,9631: Terminated
srun: error: frontier02532: tasks 4649-4651,4653-4659,4661-4663,4666-4667,4669-4670,4672,4674-4681,4684,4686-4689,4691-4693,4695,4697-4700,4702-4703: Terminated
srun: error: frontier02790: tasks 5825-5826,5828-5832,5834,5836-5837,5839,5841-5844,5847-5849,5851-5856,5858,5861-5863,5868-5875,5877-5879: Terminated
srun: error: frontier06399: tasks 14617-14626,14628-14635,14638-14642,14644,14646,14648-14649,14651-14652,14654-14655,14658-14671: Terminated
srun: error: frontier00364: tasks 898,902,906,912,914,923,928,931,934,943,946,948-950: Terminated
srun: error: frontier02909: tasks 6497-6499,6501,6511,6517,6519,6527,6534-6535,6543: Exited with exit code 255
srun: error: frontier05229: tasks 11424-11425,11427,11429,11431-11442,11444-11445,11447,11450-11455,11458-11459,11461-11466,11468-11469,11471,11474-11477,11479: Terminated
srun: error: frontier09023: tasks 26042-26043,26045,26048-26053,26055,26057,26060-26064,26067,26069-26074,26076,26078-26083,26085,26088,26090,26092-26095: Terminated
srun: error: frontier08672: tasks 23969-23971,23973-23979,23981-23984,23986-23989,23992,23994-24002,24004-24014,24016-24017,24019,24021-24022: Terminated
srun: error: frontier06784: tasks 15905,15907-15908,15910,15912-15913,15915,15919-15920,15922-15923,15925-15926,15928-15931,15933-15935,15938-15944,15947-15951,15953-15954,15956-15957,15959: Terminated
srun: error: frontier03300: tasks 8344-8347,8349,8355-8356,8359-8360,8365-8370,8372,8374-8376,8379-8384,8386-8392,8394-8399: Terminated
srun: error: frontier01141: tasks 1513-1523,1525-1526,1528-1536,1539-1545,1548,1550-1552,1554,1556-1559,1562-1564,1567: Terminated
srun: error: frontier08029: tasks 19827,19829,19831-19832,19835,19846,19849,19856,19863,19870,19872: Exited with exit code 255
srun: error: frontier03581: tasks 9016-9020,9022,9024-9025,9027-9030,9032-9034,9036-9038,9040-9054,9056,9061,9064-9066,9068-9070: Terminated
srun: error: frontier02158: tasks 3416-3419,3421-3424,3426-3433,3437-3438,3440-3443,3445-3446,3449-3451,3453-3456,3458,3460-3463,3465,3468-3471: Terminated
srun: error: frontier04207: tasks 10192-10193,10195,10198-10203,10205,10207,10210,10212-10219,10221,10223-10224,10226-10227,10229-10231,10233-10235,10238,10242,10244-10245,10247: Terminated
srun: error: frontier02682: tasks 5264,5266-5267,5269-5275,5277,5281-5282,5284-5290,5292-5293,5295-5296,5298-5299,5301,5305-5307,5310-5318: Terminated
srun: error: frontier05872: tasks 12826,12828-12830,12833-12834,12836-12839,12841,12843,12845-12848,12850,12852-12856,12858-12861,12864-12869,12871-12874,12876,12878-12879: Terminated
srun: error: frontier07161: tasks 17193-17194,17196,17198-17206,17208-17211,17214-17216,17219-17221,17223,17225-17229,17231-17233,17235-17244,17246-17247: Terminated
srun: error: frontier04601: tasks 10865,10869-10870,10873,10875-10877,10879-10880,10882-10883,10885-10889,10891,10893-10894,10897,10899-10900,10902-10909,10911-10913,10915-10918: Terminated
srun: error: frontier08059: tasks 20168,20170,20178-20179,20181,20187,20189,20193,20195,20207: Exited with exit code 255
srun: error: frontier02792: tasks 5936-5942,5945-5946,5948-5949,5951-5952,5954-5967,5969,5971-5973,5975-5977,5979-5981,5984-5989,5991: Terminated
srun: error: frontier08900: tasks 25257,25259,25261-25268,25270-25274,25277-25283,25285-25287,25289-25292,25294,25296-25302,25306-25308,25311: Terminated
srun: error: frontier05757: tasks 12712-12714,12716,12718-12735,12737-12740,12742,12746-12749,12751,12753,12755-12757,12759-12761,12763,12765: Terminated
srun: error: frontier00122: tasks 337-343,346,348,350,352-362,366-376,378,381,384-388,390: Terminated
srun: error: frontier03045: tasks 7112-7117,7119-7120,7122-7123,7125-7139,7141-7142,7144,7147-7148,7150,7152-7157,7159-7167: Terminated
srun: error: frontier01532: tasks 2185-2187,2189-2192,2194-2202,2204-2210,2217-2224,2226-2228,2230-2231,2234,2236: Terminated
srun: error: frontier02425: tasks 4032,4040,4043-4044,4046,4049-4050,4053-4054,4059,4061,4068,4070,4074,4084-4085: Exited with exit code 255
srun: error: frontier02023: tasks 2858-2861,2864-2866,2868,2871,2874,2876-2877,2879,2881-2883,2885-2888,2890-2898,2900-2904,2906-2911: Terminated
srun: error: frontier07156: tasks 17080-17081,17083,17085-17086,17088-17090,17092,17094-17103,17105-17118,17120-17121,17124,17126-17129,17131-17135: Terminated
srun: error: frontier08901: tasks 25313,25316,25321,25324-25325,25328,25333,25337,25340,25349,25351,25354-25355,25357,25360,25362: Exited with exit code 255
srun: error: frontier09307: tasks 27892,27899-27900,27902,27934,27936-27938,27943: Exited with exit code 255
srun: error: frontier02791: tasks 5880,5882,5884-5889,5892-5897,5899,5901,5903,5906-5907,5910,5912-5913,5915-5916,5918-5919,5922,5924-5926,5932-5935: Terminated
srun: error: frontier03961: tasks 9632,9634-9635,9637,9641-9643,9648,9650-9653,9655,9657,9659,9661-9665,9667,9669-9670,9673-9681,9683-9687: Terminated
srun: error: frontier05611: tasks 12152-12153,12156-12157,12159-12164,12166-12167,12169-12171,12174-12176,12178-12180,12182-12184,12187-12195,12198-12202,12204,12207: Terminated
srun: error: frontier08409: tasks 22177-22187,22189,22191-22193,22195,22200-22209,22212-22219,22221-22223,22226-22229: Terminated
srun: error: frontier00368: tasks 952,954-956,958,960,963-965,967,970-973,977-981,983-984,986,988-990,992,994,998,1001-1003,1005-1007: Exited with exit code 255
srun: error: frontier02538: tasks 4704-4706,4708-4709,4711-4713,4715-4720,4722,4724-4725,4727,4729-4731,4734-4738,4741-4750,4752,4754,4756-4759: Terminated
srun: error: frontier03054: tasks 7224-7226,7228,7231-7234,7237-7241,7243,7245-7251,7254-7263,7265-7274,7277-7279: Terminated
srun: error: frontier04219: tasks 10360-10362,10364-10375,10378-10387,10389-10390,10393,10396-10398,10404-10406,10408,10411-10413: Terminated
srun: error: frontier01917: tasks 2800-2801,2807,2809,2811-2813,2815-2816,2819,2821-2822,2824-2827,2829-2832,2834-2843,2846-2852,2854-2855: Terminated
srun: error: frontier05233: tasks 11480-11486,11490,11492-11494,11496,11498,11500-11502,11504-11505,11508,11510-11514,11517-11522,11525,11529,11531-11534: Terminated
srun: error: frontier06653: tasks 15235-15236,15238-15239,15241,15244-15248,15250-15251,15253,15255,15257-15259,15261-15265,15268-15274,15276-15277,15279-15281,15284,15287: Terminated
srun: error: frontier06755: tasks 15289-15299,15301-15305,15307-15311,15313-15317,15319-15320,15322,15324,15327-15329,15333,15335-15337,15340-15343: Terminated
srun: error: frontier07903: tasks 19097-19099,19103-19105,19107-19109,19113,19115-19123,19126-19134,19137,19141-19151: Terminated
srun: error: frontier02915: tasks 6552-6554,6557,6559-6560,6562-6563,6565-6568,6570-6572,6574-6576,6578,6580-6582,6584-6587,6589,6592-6596,6598-6603,6605-6607: Terminated
srun: error: frontier05620: tasks 12208,12211,12214,12216,12225,12228-12229,12246-12247,12250,12259,12263: Exited with exit code 255
srun: error: frontier07418: tasks 17809,17811-17812,17814,17816,17818-17822,17824,17826-17830,17832-17845,17848-17850,17853-17855,17858-17860,17862-17863: Terminated
srun: error: frontier06253: tasks 14169-14170,14172,14175,14178-14183,14186-14194,14196-14197,14199,14203-14207,14209-14212,14215,14219-14220,14222-14223: Terminated
srun: error: frontier03300: tasks 8354,8357,8362-8363,8377-8378: Exited with exit code 255
srun: error: frontier01143: tasks 1624,1627-1628,1630-1637,1639,1641-1642,1644-1648,1651-1652,1654-1655,1657-1664,1666-1674,1676-1679: Terminated
srun: error: frontier08026: tasks 19664,19666,19668,19683,19685,19694,19700,19708-19709: Exited with exit code 255
srun: error: frontier03304: tasks 8401-8406,8408-8410,8412-8413,8415,8417,8419-8425,8427-8428,8431,8433,8435-8439,8443-8455: Terminated
srun: error: frontier06783: tasks 15848-15853,15856,15858-15862,15864-15873,15877-15879,15881,15883-15885,15888-15894,15896-15897,15899,15901-15902: Terminated
srun: error: frontier02161: tasks 3474-3476,3478-3479,3481-3484,3486-3487,3489-3499,3501-3505,3507-3512,3514-3523,3525-3527: Terminated
srun: error: frontier04217: tasks 10307,10315-10316,10319,10324,10327-10329,10334,10336,10339,10343,10346,10350,10352: Exited with exit code 255
srun: error: frontier07157: tasks 17136-17146,17148-17149,17151,17153-17157,17159-17165,17168-17169,17171-17174,17176-17177,17181-17186,17188-17189,17191: Terminated
srun: error: frontier00127: tasks 392-397,399-400,402-403,408-409,411-413,415-419,421,424-429,432-440,442,444-447: Terminated
srun: error: frontier04722: tasks 10920-10923,10926,10928-10929,10932,10934,10936-10939,10941-10946,10950,10952-10954,10956-10961,10964-10965,10967-10972,10974-10975: Terminated
srun: error: frontier03314: tasks 8520,8526,8528,8533,8536-8537,8544,8552,8561-8562,8564: Exited with exit code 255
srun: error: frontier04207: tasks 10196-10197,10208-10209,10211,10220,10222,10225,10232,10237,10239-10241,10246: Exited with exit code 255
srun: error: frontier02803: tasks 5992-5996,5998-6001,6004-6007,6009-6011,6013-6015,6017-6026,6029-6031,6033-6036,6038-6039,6041,6043-6044,6046-6047: Terminated
srun: error: frontier03062: tasks 7280-7284,7286-7296,7298,7300-7303,7305,7307,7310,7312-7314,7316,7318-7321,7323-7332,7334-7335: Terminated
srun: error: frontier03052: tasks 7168,7170-7172,7174,7176-7177,7179-7181,7183-7187,7190-7191,7193-7198,7201-7206,7208-7212,7214-7216,7219-7221,7223: Terminated
srun: error: frontier05758: tasks 12768,12770,12772,12775-12777,12779-12786,12790-12795,12798,12800-12803,12805-12809,12811-12820,12822-12823: Terminated
srun: error: frontier06142: tasks 14056-14057,14059-14060,14062-14063,14065,14067-14070,14073-14079,14081-14090,14093-14095,14097-14098,14100,14102-14106,14109-14111: Terminated
srun: error: frontier06888: tasks 16025,16040,16056-16058,16061,16065-16066: Exited with exit code 255
srun: error: frontier01533: tasks 2240-2242,2245,2247,2249-2250,2253-2263,2266-2268,2270-2271,2274-2278,2280-2284,2286-2291,2293: Terminated
srun: error: frontier03170: tasks 7840-7842,7844-7848,7850-7852,7854-7857,7859-7860,7864-7869,7871-7874,7876-7878,7882-7890,7892,7894-7895: Terminated
srun: error: frontier03581: tasks 9021,9035,9039,9055,9057,9059-9060,9062-9063,9071: Exited with exit code 255
srun: error: frontier02024: tasks 2912,2914,2916,2918-2921,2924-2939,2941-2943,2948-2952,2954-2957,2959,2961,2963,2965-2967: Terminated
srun: error: frontier02428: tasks 4088-4092,4095,4097-4098,4100,4104-4107,4110,4112-4114,4118-4120,4122,4124-4126,4128-4129,4132,4134-4135,4139-4142: Terminated
srun: error: frontier03962: tasks 9688-9689,9692-9697,9699-9703,9706-9710,9712-9713,9715,9717,9719-9720,9723-9726,9729-9730,9732-9733,9736-9739,9741-9743: Terminated
srun: error: frontier06782: tasks 15794-15799,15801,15803,15805-15812,15814-15819,15821-15825,15827,15829-15835,15837,15840,15842-15846: Terminated
srun: error: frontier02540: tasks 4760-4761,4773,4779,4783-4784,4788,4800,4802,4813-4814: Exited with exit code 255
srun: error: frontier02916: tasks 6608-6611,6613-6618,6620-6621,6624,6627-6628,6631-6641,6643-6648,6650,6653-6656,6658-6663: Terminated
srun: error: frontier01146: tasks 1680-1686,1688-1692,1694,1696-1699,1701-1703,1706-1710,1712-1714,1716-1721,1723,1726,1729-1731,1733-1735: Terminated
srun: error: frontier02682: tasks 5265,5276,5279-5280,5291,5294,5300,5302,5304,5319: Exited with exit code 255
srun: error: frontier00369: tasks 1008-1012,1016-1020,1022,1024-1027,1031,1033,1036-1040,1042-1051,1053-1054,1057,1059,1061-1063: Terminated
srun: error: frontier03311: tasks 8456,8458,8460-8462,8464-8466,8468,8470-8472,8475-8477,8479-8482,8484,8486-8489,8491-8493,8495-8496,8498-8504,8507,8510: Terminated
srun: error: frontier04726: tasks 10976-10977,10979-10988,10991,10993,10997-11002,11004-11009,11011-11016,11018-11023,11025,11027-11029: Terminated
srun: error: frontier07534: tasks 17865-17866,17868-17874,17878,17880-17881,17883-17884,17886-17887,17890-17891,17895-17899,17901-17903,17906-17909,17911-17919: Terminated
srun: error: frontier02897: tasks 6048,6050,6052-6055,6057-6061,6063-6068,6072-6074,6076,6078-6079,6082-6083,6086-6089,6092-6097,6099-6101,6103: Terminated
srun: error: frontier02165: tasks 3528-3529,3532,3534-3540,3542-3543,3547,3549,3551,3553-3554,3556,3559,3561-3565,3568-3570,3572,3574-3583: Terminated
srun: error: frontier06756: tasks 15344,15346-15356,15359-15360,15362,15364-15366,15368-15369,15371-15377,15380,15382,15384-15390,15392-15398: Terminated
srun: error: frontier03315: tasks 8568,8570-8571,8573-8578,8580,8582-8598,8601,8603-8606,8609-8612,8614-8615,8617-8623: Terminated
srun: error: frontier08027: tasks 19725-19726,19758,19764,19766-19767: Exited with exit code 255
srun: error: frontier02685: tasks 5376,5379-5380,5383,5385,5387-5390,5392-5393,5395,5397-5398,5400-5404,5406,5408-5414,5416,5419-5421,5423,5425-5426,5428,5430-5431: Terminated
srun: error: frontier04323: tasks 10416,10419-10423,10425,10427,10429-10434,10436-10437,10439-10440,10442,10444-10446,10448-10449,10451-10457,10459-10467,10469-10471: Terminated
srun: error: frontier05757: tasks 12736,12744-12745,12752,12754,12758,12762,12764,12766-12767: Exited with exit code 255
srun: error: frontier03173: tasks 7896-7900,7902-7905,7907-7908,7912,7914,7917-7918,7920,7922-7929,7932-7933,7935-7936,7940,7942,7945-7950: Terminated
srun: error: frontier00128: tasks 448-450,452,454-461,463-464,466-467,470-472,474-475,478-481,483-487,489-493,495,497,499-500,503: Terminated
srun: error: frontier02778: tasks 5488-5490,5492,5495-5496,5498-5499,5502-5504,5506-5509,5511-5512,5514,5517-5518,5520,5522,5524-5525,5528,5532-5536,5538-5540,5542-5543: Terminated
srun: error: frontier02025: tasks 2969,2976,2978-2980,2990,2993,2998,3011-3012,3023: Exited with exit code 255
srun: error: frontier01532: tasks 2213-2214,2216,2225,2229,2233,2237-2238: Exited with exit code 255
srun: error: frontier03158: tasks 7785,7787-7789,7791,7793,7797-7800,7802-7807,7809-7816,7820-7823,7825-7827,7829-7831,7833-7834,7836: Terminated
srun: error: frontier05623: tasks 12265-12267,12270-12271,12273-12276,12278-12283,12286-12288,12290-12294,12296-12299,12301-12311,12314-12315,12317,12319: Terminated
srun: error: frontier04078: tasks 9744-9749,9751-9754,9756-9761,9764-9772,9776-9778,9780,9782,9784-9788,9790-9791,9793-9799: Terminated
srun: error: frontier06266: tasks 14239,14251-14252,14258,14260-14261,14264,14268-14269,14271,14273: Exited with exit code 255
srun: error: frontier03143: tasks 7336-7345,7347,7349-7352,7357-7359,7361-7364,7366,7371,7373-7374,7376-7381,7384,7387,7389-7391: Terminated
srun: error: frontier02550: tasks 4816,4818-4823,4825,4827,4830-4833,4835-4837,4839-4842,4844-4850,4853-4860,4864-4865,4867-4868,4871: Terminated
srun: error: frontier06143: tasks 14113,14115-14118,14120-14144,14146,14148-14151,14153-14157,14161-14163,14166-14167: Terminated
srun: error: frontier02508: tasks 4144-4148,4150-4154,4157,4159-4172,4174-4176,4178-4179,4182,4184-4189,4192-4199: Terminated
srun: error: frontier06890: tasks 16073-16078,16081-16087,16089-16091,16094,16096-16097,16099-16100,16102-16106,16108-16109,16112-16113,16115,16119,16122-16126: Terminated
srun: error: frontier02917: tasks 6664-6672,6674-6687,6690-6694,6697-6707,6709-6714,6716,6718-6719: Terminated
srun: error: frontier08521: tasks 22963-22964,23002-23003: Exited with exit code 255
srun: error: frontier01149: tasks 1736,1738,1740-1754,1757-1759,1762-1765,1767-1769,1771-1783,1786,1789,1791: Terminated
srun: error: frontier02511: tasks 4256-4259,4261-4264,4266-4268,4271-4281,4283-4286,4289-4293,4296,4299,4301-4305,4307-4310: Terminated
srun: error: frontier04733: tasks 11032-11033,11035-11043,11045-11049,11051-11052,11054-11056,11059-11062,11064-11072,11074-11077,11079-11081,11083-11084,11087: Terminated
srun: error: frontier07535: tasks 17921-17925,17927,17929,17931-17933,17936-17939,17941,17944-17945,17947-17953,17955-17957,17962,17964-17966,17968-17969,17972-17973: Terminated
srun: error: frontier06113: tasks 13552-13553,13556,13558-13561,13563-13568,13571-13575,13577,13579-13581,13583-13587,13589-13594,13596-13603,13605,13607: Terminated
srun: error: frontier02166: tasks 3584,3586-3589,3591-3595,3597,3599-3602,3604-3608,3610-3612,3614-3616,3618-3620,3623,3626-3633,3635-3636,3638: Terminated
srun: error: frontier02898: tasks 6104-6105,6107-6108,6110-6117,6119-6122,6124-6126,6128,6130,6132-6135,6137,6140-6145,6147-6151,6153-6156,6158-6159: Terminated
srun: error: frontier00370: tasks 1064-1066,1068-1069,1072,1074,1076-1081,1084-1085,1087-1089,1091,1093-1094,1097-1102,1104-1105,1108-1109,1111-1113,1115-1117,1119: Terminated
srun: error: frontier08421: tasks 22289-22291,22293-22295,22297,22300-22302,22304-22307,22312-22313,22315-22319,22321-22327,22329-22330,22332-22338,22340-22343: Terminated
srun: error: frontier06761: tasks 15400-15401,15403-15405,15408-15410,15412-15413,15417,15419,15421,15423,15427-15428,15430-15432,15434,15439-15444,15446-15447,15449-15450,15452,15454-15455: Terminated
srun: error: frontier10175: tasks 28561,28563-28564,28569-28571,28573,28575-28580,28582,28584,28586-28587,28589,28594-28595,28597,28600-28603,28606,28608-28615: Terminated
srun: error: frontier00380: tasks 1176-1181,1183-1184,1188-1191,1193-1195,1198,1200-1203,1207-1208,1210,1214-1215,1217,1219-1224,1227-1231: Terminated
srun: error: frontier09037: tasks 26658,26660-26663,26665-26666,26668-26671,26673,26676,26678,26681-26682,26684,26686-26690,26694-26700,26702-26704,26707-26711: Terminated
srun: error: frontier04325: tasks 10472-10474,10476,10478,10480-10482,10484-10496,10498-10499,10502-10508,10510-10512,10515-10521,10523-10526: Terminated
srun: error: frontier00225: tasks 504-507,509-510,512-514,516,519-521,523-526,528-530,532-540,545-548,552,554-558: Terminated
srun: error: frontier03179: tasks 7952,7954-7957,7960-7962,7964-7967,7969-7971,7973-7976,7978-7982,7984,7986-7988,7991-7992,7995-7996,7998,8001-8007: Terminated
srun: error: frontier02026: tasks 3024-3032,3034-3036,3042-3056,3058,3060-3068,3070-3071,3074-3075,3077,3079: Terminated
srun: error: frontier02779: tasks 5544,5546,5548-5551,5553-5558,5561-5562,5564,5567-5569,5571,5573-5575,5578-5580,5583-5584,5587-5588,5591,5593,5595,5597-5599: Terminated
srun: error: frontier08300: tasks 21729-21737,21739-21743,21745,21747-21755,21757-21768,21770-21771,21773,21775-21778,21780: Terminated
srun: error: frontier05624: tasks 12321-12329,12331-12343,12345-12349,12351-12352,12354,12356,12358-12359,12361-12363,12366-12368,12370-12371,12375: Terminated
srun: error: frontier02776: tasks 5432-5434,5437,5439,5441,5443-5446,5448-5453,5455-5457,5459-5460,5462-5466,5469-5471,5474,5476-5485,5487: Terminated
srun: error: frontier01535: tasks 2352-2358,2361,2363-2366,2368,2370-2373,2375-2377,2379-2384,2386-2387,2389-2392,2394,2396,2398,2400-2402,2404-2406: Terminated
srun: error: frontier09176: tasks 27330,27334,27336,27343,27346,27349,27353,27356,27359-27360,27363,27368,27372,27381: Exited with exit code 255
srun: error: frontier02652: tasks 4872-4874,4876-4883,4885-4890,4892-4895,4897,4899-4903,4905-4910,4912-4914,4916-4917,4919-4922,4924,4926: Terminated
srun: error: frontier03316: tasks 8638-8640,8643,8646-8647,8649,8651-8653,8657,8666,8670,8672: Exited with exit code 255
srun: error: frontier01650: tasks 2464,2466-2467,2470-2479,2482-2489,2492-2493,2495-2497,2501,2503-2505,2509-2512,2514-2516,2518-2519: Terminated
srun: error: frontier07028: tasks 16801,16804,16806,16808,16810,16812-16818,16820-16824,16826,16829-16833,16835-16840,16842,16844-16847,16849,16853-16854: Terminated
srun: error: frontier02927: tasks 6720-6728,6731,6733-6738,6740-6741,6744-6745,6747-6749,6751-6752,6754,6756-6761,6763-6765,6767-6771,6773-6775: Terminated
srun: error: frontier03700: tasks 9240-9251,9253-9256,9259-9261,9263-9265,9267-9281,9283-9288,9290-9293,9295: Terminated
srun: error: frontier02515: tasks 4312-4313,4315,4318-4320,4322,4324-4338,4342-4346,4348-4349,4351-4358,4361,4364-4366: Terminated
srun: error: frontier01151: tasks 1792-1793,1795-1801,1803,1805-1808,1810-1813,1817,1819-1822,1827-1831,1835,1837-1838,1843-1844,1846-1847: Terminated
srun: error: frontier03188: tasks 8065-8072,8075,8078-8084,8087-8090,8094-8097,8100-8104,8107,8109,8111-8119: Terminated
srun: error: frontier02425: tasks 4033-4039,4041-4042,4045,4047-4048,4051-4052,4055-4058,4060,4062-4066,4069,4071,4073,4075-4080,4082-4083,4086: Terminated
srun: error: frontier06115: tasks 13608-13614,13616-13618,13620-13621,13623-13625,13628-13629,13631-13633,13637,13639-13641,13644-13651,13654-13655,13657,13659-13660,13662: Terminated
srun: error: frontier07790: tasks 18649,18652-18653,18671,18673,18678,18685,18687,18695-18696,18702: Exited with exit code 255
srun: error: frontier02899: tasks 6160-6161,6164,6166-6169,6171-6174,6176-6177,6179-6180,6182-6186,6188-6190,6192-6195,6197-6200,6202-6203,6205,6207-6208,6210-6215: Terminated
srun: error: frontier02175: tasks 3640-3642,3644-3646,3649-3650,3652,3654-3656,3658-3670,3674,3676-3680,3683-3685,3687-3695: Terminated
srun: error: frontier02791: tasks 5902,5904-5905,5908-5909,5914,5927-5929: Exited with exit code 255
srun: error: frontier03710: tasks 9353,9355-9357,9364-9369,9371-9384,9386-9393,9395,9397-9399,9401,9403,9405-9406: Terminated
srun: error: frontier07913: tasks 19321,19324-19325,19327,19329-19333,19335,19338,19340-19343,19345-19350,19353,19355-19358,19360,19362-19363,19365-19369,19371-19372,19375: Terminated
srun: error: frontier02400: tasks 3752,3757-3758,3761-3762,3765-3766,3769,3774-3783,3785-3786,3788-3790,3793-3796,3798,3801-3807: Terminated
srun: error: frontier05233: tasks 11487-11488,11491,11495,11503,11506,11515-11516,11524,11526,11530,11535: Exited with exit code 255
srun: error: frontier00368: tasks 953,966,968-969,974-975,982,985,991,993,995-997,1000,1004: Terminated
srun: error: frontier08132: tasks 20502,20504,20510,20513,20515,20520,20522,20525,20533,20535,20538,20540,20545,20548,20551: Exited with exit code 255
srun: error: frontier03185: tasks 8008,8010,8012-8018,8020-8022,8026-8027,8029-8031,8034-8039,8041-8045,8048-8055,8058-8061,8063: Terminated
srun: error: frontier04331: tasks 10528-10529,10531-10534,10536,10538-10548,10550-10553,10557-10559,10562-10566,10568-10569,10572-10581,10583: Terminated
srun: error: frontier05611: tasks 12154-12155,12158,12165,12168,12172-12173,12177,12181,12185-12186,12196,12203,12205: Exited with exit code 255
srun: error: frontier09024: tasks 26098,26104,26106,26113,26121,26134,26137,26146,26148,26150-26151: Exited with exit code 255
srun: error: frontier00227: tasks 560-561,563,566,571,573,582,584,607-608: Exited with exit code 255
srun: error: frontier08268: tasks 21170,21172-21173,21176-21180,21182,21184-21185,21187-21190,21193-21204,21207-21219,21221-21223: Terminated
srun: error: frontier03054: tasks 7227,7229,7235-7236,7242,7244,7252-7253,7264,7275-7276: Exited with exit code 255
srun: error: frontier02783: tasks 5600-5606,5610-5612,5614,5618-5623,5625-5626,5629,5632,5634-5639,5642-5644,5646,5648-5649,5652-5655: Terminated
srun: error: frontier02031: tasks 3080,3082,3085-3086,3088,3091,3093-3098,3100-3101,3103-3104,3106,3109-3112,3114,3117,3119-3126,3128,3130-3135: Terminated
srun: error: frontier05725: tasks 12376-12380,12382-12385,12387,12389-12391,12393-12394,12396-12400,12402-12403,12405-12416,12418-12423,12426-12429: Terminated
srun: error: frontier01649: tasks 2408,2410-2412,2414,2418-2420,2422,2425,2427,2429-2434,2436-2437,2439-2445,2447,2450-2452,2454,2458,2462-2463: Terminated
srun: error: frontier03582: tasks 9073,9075-9084,9087-9088,9091-9094,9096-9097,9099-9104,9106-9112,9115-9116,9118-9123,9125,9127: Terminated
srun: error: frontier03146: tasks 7448-7452,7454-7456,7459-7479,7481,7485-7492,7496-7499,7501-7503: Terminated
srun: error: frontier02653: tasks 4928-4932,4934-4936,4938-4942,4944-4947,4949-4950,4953-4954,4956,4958-4959,4961-4966,4972-4973,4976,4978-4979,4982-4983: Terminated
srun: error: frontier01651: tasks 2520-2522,2524-2529,2531-2533,2536-2543,2545,2547-2550,2554,2558,2560-2563,2565-2566,2568-2570,2572,2575: Terminated
srun: error: frontier05883: tasks 13049,13055-13056,13064,13067,13069,13072-13073,13075,13093,13095-13096,13099: Exited with exit code 255
srun: error: frontier02683: tasks 5323-5324,5327,5329-5330,5332-5335,5337-5339,5341-5345,5347,5350,5352-5353,5355-5356,5359,5362-5364,5366-5369,5371-5372,5374-5375: Terminated
srun: error: frontier04722: tasks 10924-10925,10930-10931,10935,10947,10951,10963,10966: Exited with exit code 255
srun: error: frontier05247: tasks 11816,11818,11820,11822,11824-11825,11827,11831-11840,11843-11845,11847-11857,11859,11861-11863,11865,11869: Terminated
srun: error: frontier01265: tasks 1848-1851,1853-1854,1856,1858-1859,1862-1863,1866-1867,1869-1872,1875,1877-1878,1880,1883-1884,1886-1887,1889,1892-1896,1898-1903: Terminated
srun: error: frontier02516: tasks 4368-4375,4379,4381,4385-4390,4392-4393,4395-4396,4398-4400,4402-4407,4409,4411-4412,4417-4423: Terminated
srun: error: frontier09157: tasks 26769,26771-26775,26777-26780,26783-26786,26788-26789,26791-26799,26801-26806,26808-26809,26811-26816,26818-26819,26821: Terminated
srun: error: frontier08522: tasks 23017-23018,23048,23062,23067-23068,23071: Exited with exit code 255
srun: error: frontier06118: tasks 13664,13667-13674,13677-13680,13682-13684,13686-13693,13695-13697,13699-13702,13704-13705,13707-13710,13712-13719: Terminated
srun: error: frontier10176: tasks 28617-28620,28622-28624,28626,28629,28631-28634,28636-28645,28647-28649,28651,28654,28656-28660,28663,28665,28667-28671: Terminated
srun: error: frontier03318: tasks 8736-8737,8741-8743,8748-8749,8752-8758,8760-8761,8763-8765,8768-8776,8778-8779,8781,8783,8785-8788,8791: Terminated
srun: error: frontier02024: tasks 2913,2917,2922-2923,2944-2945,2958,2960: Exited with exit code 255
srun: error: frontier02428: tasks 4094,4096,4101,4103,4108,4115,4117,4127,4131,4133,4136-4137: Exited with exit code 255
srun: error: frontier02401: tasks 3808-3814,3816,3818-3820,3822,3824,3829-3832,3834,3836-3842,3844-3853,3855-3859,3862-3863: Terminated
srun: error: frontier06268: tasks 14338,14343,14353,14355,14357,14359,14365-14366,14371,14373,14378,14387-14389: Exited with exit code 255
srun: error: frontier04986: tasks 11257-11260,11262,11264-11270,11273-11277,11279,11281-11287,11289,11291-11302,11304-11308,11310-11311: Terminated
srun: error: frontier04452: tasks 10584-10586,10589,10592-10599,10601-10602,10604-10613,10616,10618-10623,10625-10628,10630-10632,10636,10639: Terminated
srun: error: frontier05620: tasks 12209-12210,12212-12213,12215,12217-12224,12226-12227,12230,12232-12234,12236-12243,12245,12248-12249,12251,12253-12257,12260-12262: Terminated
srun: error: frontier02043: tasks 3136-3140,3142-3144,3147-3149,3151,3153-3156,3159,3162,3165-3166,3168-3171,3173-3174,3176-3182,3184-3190: Terminated
srun: error: frontier02784: tasks 5658-5659,5661,5663-5666,5668,5670-5672,5676,5680,5682-5686,5690-5699,5703-5706,5708: Terminated
srun: error: frontier07791: tasks 18704-18706,18709-18712,18714,18716-18723,18726,18729-18732,18734-18738,18741-18742,18744-18746,18749,18751-18754,18756,18758: Terminated
srun: error: frontier02916: tasks 6619,6625,6629-6630,6651-6652,6657: Exited with exit code 255
srun: error: frontier00250: tasks 728-732,734,736-737,739,741,743-744,746,748-749,751,753-756,760,763,765-766,771-772,774,776-777,780-783: Terminated
srun: error: frontier02654: tasks 4984,4987-4996,4998,5000-5005,5007-5008,5010-5013,5015-5025,5027-5039: Terminated
srun: error: frontier06142: tasks 14058,14061,14064,14066,14072,14080,14091-14092,14096,14099,14101,14107-14108: Exited with exit code 255
srun: error: frontier06525: tasks 14952-14953,14956-14957,14960-14961,14963-14964,14967-14968,14970-14971,14974-14976,14980-14982,14984-14998,15000-15003,15006-15007: Terminated
srun: error: frontier09177: tasks 27385-27388,27390-27391,27393,27396-27397,27399-27400,27403-27404,27407-27409,27411-27414,27416,27418-27419,27421-27425,27427-27428,27431-27432,27434,27437,27439: Terminated
srun: error: frontier08133: tasks 20552,20554-20555,20561-20563,20565,20567,20570-20581,20583-20585,20588-20589,20592-20593,20595-20604,20606-20607: Terminated
srun: error: frontier07916: tasks 19376-19378,19380,19382-19384,19387-19389,19391,19394-19396,19399-19401,19403-19406,19408-19409,19411-19413,19415-19417,19419,19421,19423-19424,19426-19427,19430-19431: Terminated
srun: error: frontier06894: tasks 16188,16191,16198,16200-16201,16205-16208,16223-16224,16228,16230,16239: Exited with exit code 255
srun: error: frontier09025: tasks 26152,26154-26156,26163-26164,26166,26168-26173,26176-26181,26183,26185,26188-26191,26193-26196,26198-26200,26203,26207: Terminated
srun: error: frontier01776: tasks 2576-2584,2586-2596,2598,2601,2604-2606,2608-2614,2616-2620,2622-2624,2628-2630: Terminated
srun: error: frontier07029: tasks 16876-16877,16897,16899,16910: Exited with exit code 255
srun: error: frontier03583: tasks 9129,9131,9133-9135,9137-9141,9144-9147,9151,9153,9156-9162,9164-9165,9167-9176,9178-9180,9182-9183: Terminated
srun: error: frontier04198: tasks 10025,10027-10033,10036,10038,10041-10045,10048,10052-10053,10055-10057,10059-10060,10062,10064-10074,10079: Terminated
srun: error: frontier03311: tasks 8457,8467,8469,8473-8474,8483,8485,8490,8494,8505-8506,8508-8509: Exited with exit code 255
srun: error: frontier02665: tasks 5096-5099,5101-5102,5104-5105,5107-5111,5114,5116-5119,5122-5124,5126-5129,5131-5137,5140,5142-5148: Terminated
srun: error: frontier06779: tasks 15624-15625,15629,15632-15636,15640-15641,15643,15645-15647,15649,15651,15653-15675,15677-15679: Terminated
srun: error: frontier01268: tasks 1904,1906,1909,1911,1913-1914,1916-1917,1919-1923,1925-1926,1928-1929,1931-1932,1935-1959: Terminated
srun: error: frontier04478: tasks 10696-10702,10704,10706-10707,10709-10723,10726-10727,10730-10732,10734-10738,10740-10751: Terminated
srun: error: frontier02518: tasks 4424-4442,4444-4447,4449,4451-4455,4457-4458,4461,4463-4468,4470-4472,4474-4479: Terminated
srun: error: frontier05355: tasks 11873,11877-11881,11883-11884,11887-11896,11898-11899,11901-11902,11904,11906-11907,11909-11910,11912-11924,11926-11927: Terminated
srun: error: frontier06896: tasks 16296-16297,16299-16301,16303-16306,16308-16312,16314,16318-16323,16325-16327,16330-16332,16335-16336,16340-16343,16346-16349,16351: Terminated
srun: error: frontier08523: tasks 23072,23074,23076,23080-23084,23089,23092-23099,23101,23103,23105-23107,23109-23112,23114-23117,23122-23126: Terminated
srun: error: frontier04726: tasks 10978,10989-10990,10992,10995-10996,11003,11010,11026,11030: Exited with exit code 255
srun: error: frontier05738: tasks 12544-12546,12548-12549,12551-12553,12555-12562,12565-12567,12569-12576,12578-12583,12586-12587,12589,12591-12592,12595,12597,12599: Terminated
srun: error: frontier08799: tasks 24979-24988,24990-24992,24994,24996-24997,25000-25005,25007,25009,25011-25021,25023-25024,25026-25030: Terminated
srun: error: frontier07551: tasks 18144,18147,18158-18159,18161,18168,18173,18188,18192: Exited with exit code 255
srun: error: frontier02903: tasks 6272-6276,6278,6280-6282,6284,6286-6288,6291-6295,6298-6299,6301-6302,6305-6307,6309-6312,6314-6316,6319-6320,6322-6327: Terminated
srun: error: frontier01278: tasks 2016,2020-2025,2027-2029,2031,2033-2036,2039,2042,2044-2058,2060-2067: Terminated
srun: error: frontier09158: tasks 26824-26830,26832,26834-26840,26843-26845,26849,26853-26854,26856,26860,26862-26867,26870,26872-26879: Terminated
srun: error: frontier01137: tasks 1344-1345,1347-1348,1350-1352,1357,1359,1361-1362,1364,1366-1367,1373,1375-1376,1378-1379,1381,1386,1388,1390-1392,1396-1397: Exited with exit code 255
srun: error: frontier08798: tasks 24920-24921,24923,24925-24935,24937-24938,24941,24945,24948-24955,24957-24960,24963,24965-24970,24972,24975: Terminated
srun: error: frontier00246: tasks 672-674,678-679,681-684,686-689,691,693-696,698,701-709,712-715,719-723,726-727: Terminated
srun: error: frontier06269: tasks 14392,14394-14395,14397-14400,14402-14409,14412-14413,14416-14422,14425-14433,14435-14439,14441,14444-14446: Terminated
srun: error: frontier02685: tasks 5377,5381-5382,5384,5386,5391,5396,5405,5415,5417,5424,5427: Exited with exit code 255
srun: error: frontier08269: tasks 21228-21229,21231-21233,21235-21237,21239,21242,21244-21245,21247-21255,21257-21258,21260-21261,21263-21265,21267-21268,21270-21272,21276-21279: Terminated
srun: error: frontier08033: tasks 19992-19995,19997-19998,20000-20005,20008-20012,20014-20015,20017,20019,20022-20023,20025,20028,20030-20037,20040-20043,20045,20047: Terminated
srun: error: frontier02408: tasks 3864-3865,3867-3868,3870-3871,3873,3875-3877,3880-3889,3894,3896-3897,3899-3906,3908,3911,3915-3916,3919: Terminated
srun: error: frontier03831: tasks 9464-9466,9468-9475,9477-9490,9492-9494,9496-9502,9504-9505,9507,9509-9510,9512,9515,9517-9519: Terminated
srun: error: frontier02150: tasks 3192-3194,3196,3198-3199,3202-3204,3206,3208,3211-3214,3220,3222-3223,3225-3229,3232-3237,3239-3242,3244-3245,3247: Terminated
srun: error: frontier06649: tasks 15064-15065,15067-15069,15071-15072,15074-15075,15077-15078,15080-15097,15100-15104,15106,15108-15111,15113,15116-15119: Terminated
srun: error: frontier06895: tasks 16241,16244-16245,16248,16250-16251,16253-16258,16260-16266,16268,16271,16273-16280,16282-16283,16286-16290,16292-16295: Terminated
srun: error: frontier04476: tasks 10640-10644,10647-10655,10657-10664,10666-10667,10669-10670,10672-10674,10676,10678-10682,10684,10686-10688,10690-10695: Terminated
srun: error: frontier08667: tasks 23745,23750-23756,23758,23762-23775,23777-23781,23784,23786,23788,23790,23794-23797,23799: Terminated
srun: error: frontier08305: tasks 21840,21842,21844,21847-21855,21857-21861,21864-21868,21870-21871,21875-21878,21880,21882-21883,21885-21887,21889-21895: Terminated
srun: error: frontier03173: tasks 7906,7909,7915-7916,7919,7921,7931,7934,7937-7939,7941,7943-7944,7951: Exited with exit code 255
srun: error: frontier07153: tasks 16912,16915,16922,16939-16940,16945,16954-16955: Exited with exit code 255
srun: error: frontier08906: tasks 25592-25595,25597-25599,25601-25605,25609-25611,25614-25615,25617,25619-25622,25625-25628,25630-25633,25635-25636,25638-25642,25645-25647: Terminated
srun: error: frontier00099: tasks 112-119,123-129,132,134,136-146,148,150,152-160,162,164-167: Terminated
srun: error: frontier02905: tasks 6384-6385,6387,6389-6394,6397-6404,6406-6407,6409-6411,6413-6414,6416-6417,6419-6422,6424,6426-6429,6431-6439: Terminated
srun: error: frontier05485: tasks 11984-11990,11992-12000,12002,12005-12008,12010,12014-12016,12018-12024,12027-12031,12033-12034,12036,12038-12039: Terminated
srun: error: frontier03151: tasks 7560-7562,7564-7565,7567,7569-7571,7574-7575,7577-7579,7581-7585,7587-7591,7593-7607,7609-7610,7615: Terminated
srun: error: frontier06007: tasks 13160-13161,13164-13166,13168,13170-13175,13177-13178,13180-13181,13183-13187,13189-13193,13195-13201,13204-13208,13211-13212,13215: Terminated
srun: error: frontier08135: tasks 20664,20667,20676,20683,20686,20691,20696,20704-20705,20707,20713-20714,20716,20719: Exited with exit code 255
srun: error: frontier02025: tasks 2970-2975,2977,2981-2989,2991-2992,2994,2996-2997,2999-3001,3004-3010,3013-3016,3018-3019,3021-3022: Terminated
srun: error: frontier03291: tasks 8232-8233,8235,8237,8239,8242,8244-8247,8249-8253,8255-8257,8260-8261,8263-8265,8267,8271,8274-8276,8278-8284,8286: Terminated
srun: error: frontier07800: tasks 18760-18762,18765-18770,18772-18780,18782-18785,18787-18792,18794-18795,18797,18799,18801-18803,18805-18806,18808-18810,18814-18815: Terminated
srun: error: frontier01534: tasks 2301,2304,2306-2307,2317,2319,2321-2323,2327,2339,2342: Exited with exit code 255
srun: error: frontier09179: tasks 27440-27441,27445-27446,27448-27450,27452-27460,27462-27463,27465-27467,27469-27473,27476-27480,27482-27484,27486,27488-27490,27492-27495: Terminated
srun: error: frontier02778: tasks 5491,5501,5505,5513,5516,5519,5521,5523,5526,5530-5531,5537,5541: Exited with exit code 255
srun: error: frontier02154: tasks 3304,3307-3308,3313-3329,3331,3333-3336,3338-3339,3341-3348,3350-3351,3353-3357: Terminated
srun: error: frontier09027: tasks 26264-26269,26271-26275,26278-26282,26284-26291,26293-26302,26304-26306,26308,26310-26315,26317-26319: Terminated
srun: error: frontier08134: tasks 20608-20611,20613-20620,20622-20625,20627,20629-20630,20632-20634,20637-20642,20644-20646,20648-20652,20654-20655,20657-20661,20663: Terminated
srun: error: frontier02519: tasks 4480-4483,4485-4488,4490-4492,4494-4496,4498,4500,4502-4505,4508-4518,4521-4523,4525-4530,4532: Terminated
srun: error: frontier03143: tasks 7348,7353-7355,7360,7365,7368-7370,7372,7375,7386,7388: Exited with exit code 255
srun: error: frontier01149: tasks 1737,1755-1756,1760-1761,1766,1770,1784-1785,1787,1790: Exited with exit code 255
srun: error: frontier02511: tasks 4260,4269,4282,4288,4294-4295,4297-4298,4300,4306,4311: Exited with exit code 255
srun: error: frontier06761: tasks 15406,15411,15414-15415,15420,15422,15425-15426,15435,15438,15448: Exited with exit code 255
srun: error: frontier01151: tasks 1794,1802,1809,1814-1816,1823-1825,1832,1834,1836,1839,1842,1845: Exited with exit code 255
srun: error: frontier02175: tasks 3643,3647-3648,3651,3653,3657,3671-3672,3681,3686: Exited with exit code 255
srun: error: frontier00227: tasks 562,564-565,567-568,570,572,574-581,586-592,594-595,597-602,604-606,609-610,612-615: Terminated
srun: error: frontier01021: tasks 1235-1242,1244-1245,1248-1251,1253-1256,1258-1271,1273-1284,1286: Terminated
srun: error: frontier03317: tasks 8682,8685-8686,8688-8691,8693-8694,8696,8699-8700,8702-8707,8709-8711,8715-8716,8718-8726,8728-8729,8731-8734: Terminated
srun: error: frontier03185: tasks 8009,8019,8023-8025,8028,8032-8033,8040,8046-8047,8056: Exited with exit code 255
srun: error: frontier02400: tasks 3753-3755,3760,3763,3768,3770,3773,3787,3792,3797,3799-3800: Exited with exit code 255
srun: error: frontier01649: tasks 2413,2416,2426,2428,2446,2448,2455-2456,2459-2461: Exited with exit code 255
srun: error: frontier02653: tasks 4933,4937,4943,4948,4951-4952,4957,4960,4967-4971,4975,4977: Exited with exit code 255
srun: error: frontier05725: tasks 12392,12401,12424-12425,12430-12431: Exited with exit code 255
srun: error: frontier00096: tasks 1,4,10,25,27,42,47,52: Bus error (core dumped)
srun: error: frontier01651: tasks 2530,2534,2544,2546,2551-2553,2555-2557,2564,2571,2573: Exited with exit code 255
srun: error: frontier03701: tasks 9297,9299,9301,9303-9305,9307-9309,9313-9314,9316,9318-9329,9331,9333-9334,9336,9338,9340-9348,9350: Terminated
srun: error: frontier02302: tasks 3697-3699,3701-3705,3707-3712,3714-3717,3719-3720,3722-3723,3726-3729,3731,3733-3735,3737-3738,3740-3745,3747-3748,3750-3751: Terminated
srun: error: frontier05247: tasks 11821,11826,11828-11829,11841-11842,11846,11864,11867-11868,11870: Exited with exit code 255
srun: error: frontier01133: tasks 1289-1293,1295-1299,1301,1304-1308,1310-1315,1317,1319-1325,1328-1330,1332-1334,1338-1340,1342: Terminated
srun: error: frontier00231: tasks 617-619,621-622,624,626-628,630,633-634,636-638,640-656,658-659,661-664,666-667,669-671: Terminated
srun: error: frontier02043: tasks 3141,3145,3150,3152,3157-3158,3160,3163-3164,3172,3175,3183: Exited with exit code 255
srun: error: frontier00250: tasks 733,735,738,740,742,745,747,750,752,757-758,761-762,764,768-770,775,779: Exited with exit code 255
srun: error: frontier03150: tasks 7505-7510,7512-7514,7516-7518,7521,7524,7526-7528,7530-7533,7535,7537,7539-7545,7548-7553,7555-7558: Terminated
srun: error: frontier09418: tasks 28059-28060,28064-28066,28068-28069,28071-28072,28076-28079,28081-28083,28086-28090,28093-28094,28096-28099,28101,28103,28105-28108,28110-28111: Terminated
srun: error: frontier02665: tasks 5100,5112-5113,5120-5121,5125,5139,5141,5149-5151: Exited with exit code 255
srun: error: frontier07286: tasks 17473-17474,17476-17478,17480,17482-17486,17488-17497,17499-17501,17503-17505,17507-17508,17510-17521,17523-17526: Terminated
srun: error: frontier00246: tasks 675-676,697,700,710,717,724-725: Exited with exit code 255
srun: error: frontier05738: tasks 12547,12564,12568,12577,12584-12585,12590,12593-12594: Exited with exit code 255
srun: error: frontier01137: tasks 1349,1354-1356,1358,1360,1363,1368-1369,1371,1382-1384,1387,1389,1393-1394,1398-1399: Terminated
srun: error: frontier02150: tasks 3195,3197,3205,3209-3210,3215-3216,3224,3246: Exited with exit code 255
srun: error: frontier02408: tasks 3866,3869,3872,3874,3891-3892,3898,3907,3909,3912-3914,3918: Exited with exit code 255
srun: error: frontier08906: tasks 25596,25600,25606-25608,25613,25616,25618,25624,25629,25634,25637,25643-25644: Exited with exit code 255
srun: error: frontier05118: tasks 11314,11316-11319,11321,11325,11327-11328,11330-11333,11335-11341,11344-11348,11350-11360,11362-11366: Terminated
srun: error: frontier00348: tasks 785,787,789-794,796,798,800,803-807,809-812,814-819,822-826,828-829,831-832,834-835,837-839: Terminated
srun: error: frontier08135: tasks 20665-20666,20668-20674,20677-20682,20684-20685,20687-20690,20692-20695,20698-20703,20706,20708-20709,20711-20712,20717-20718: Terminated
srun: error: frontier01779: tasks 2633-2637,2639,2641-2642,2644-2667,2669,2672-2675,2677-2681,2683,2687: Terminated
srun: error: frontier08684: tasks 24361-24370,24372-24375,24377-24383,24386-24392,24394,24396-24397,24399-24402,24404-24405,24407-24410,24414-24415: Terminated
srun: error: frontier07917: tasks 19433-19441,19443-19446,19448-19449,19451,19454,19456-19457,19459-19461,19463-19473,19476-19480,19485-19487: Terminated
srun: error: frontier00096: tasks 5,7-9,12,21-22,24,28-32,35,39,41,44,48-49,51,54-55: Terminated
srun: error: frontier00096: task 45: Bus error
srun: error: frontier00096: tasks 16-17,20,23,26,34,37-38,40,43,50: Bus error (core dumped)
srun: Force Terminated StepId=5137550.119
[... 15660 further lines matching: PMPI_Win_flush(#)..................: MPI_Win_flush(target_rank=#, win=#xa#) failed ...]
[... 15660 further lines matching: MPID_Win_flush(#)..................: ...]
[... 15660 further lines matching: MPIDIG_mpi_win_flush(#)............: ...]
[... 15660 further lines matching: MPIDI_OFI_win_progress_fence_impl(#): ...]
[... 15660 further lines matching: MPIDI_OFI_handle_cq_error(#)......: OFI poll failed (ofi_events.c:#:MPIDI_OFI_handle_cq_error:Input/output err ...]
[... 7831 further lines matching: aborting job: ...]
[... 7829 further lines matching: MPICH ERROR [Rank #] [job id #.#] [Sun Aug  # #:#:# #] [frontier#] - Abort(#) (rank # in comm #): Fatal error  ...]
[... 7829 further lines matching: Fatal error in PMPI_Win_flush: Other MPI error, error stack: ...]
[... 1676 further lines matching: srun: error: Task # reported exit for a second time. ...]
[... 200 further lines matching: srun: error: slurm_send_node_msg: [socket:[#]] slurm_bufs_sendto(msg_type=RESPONSE_SLURM_RC) failed: Unexpecte ...]
[... 85 further lines matching: srun: error: frontier#: tasks #,#,#,#,#: Exited with exit code # ...]
[... 81 further lines matching: srun: error: frontier#: tasks #,#,#,#: Exited with exit code # ...]
[... 77 further lines matching: srun: error: frontier#: tasks #,#,#: Exited with exit code # ...]
[... 56 further lines matching: srun: error: frontier#: tasks #,#,#,#,#,#,#: Exited with exit code # ...]
[... 56 further lines matching: srun: error: frontier#: tasks #,#,#,#,#,#: Exited with exit code # ...]
[... 36 further lines matching: srun: error: frontier#: tasks #,#: Exited with exit code # ...]
[... 34 further lines matching: srun: error: frontier#: task #: Exited with exit code # ...]
[... 31 further lines matching: srun: error: frontier#: tasks #,#,#,#,#,#,#,#: Exited with exit code # ...]
[... 15 further lines matching: srun: error: frontier#: tasks #,#,#,#,#,#,#,#,#: Exited with exit code # ...]
[... 14 further lines matching: srun: error: frontier#: tasks #,#,#,#,#,#,#,#,#,#: Exited with exit code # ...]
[... 13 further lines matching: srun: error: frontier#: tasks #-#,#,#,#,#,#,#: Exited with exit code # ...]
[... 12 further lines matching: srun: error: frontier#: tasks #,#,#,#-#,#: Exited with exit code # ...]
[... 12 further lines matching: srun: error: frontier#: tasks #,#,#-#,#,#,#: Exited with exit code # ...]
[... 10 further lines matching: srun: error: frontier#: tasks #,#,#,#,#,#-#: Exited with exit code # ...]
[... 9 further lines matching: srun: error: frontier#: tasks #,#,#,#,#,#-#,#: Exited with exit code # ...]
[... 9 further lines matching: srun: error: frontier#: tasks #,#,#,#,#-#: Exited with exit code # ...]
[... 9 further lines matching: srun: error: frontier#: tasks #,#-#,#,#,#: Exited with exit code # ...]
[... 9 further lines matching: srun: error: frontier#: tasks #,#,#,#,#,#-#,#,#: Exited with exit code # ...]
[... 9 further lines matching: srun: error: frontier#: tasks #-#,#,#,#,#,#: Exited with exit code # ...]
[... 7 further lines matching: srun: error: frontier#: tasks #,#,#,#,#,#,#,#,#,#,#: Exited with exit code # ...]
[... 7 further lines matching: srun: error: frontier#: tasks #,#,#,#-#,#,#: Exited with exit code # ...]
[... 7 further lines matching: srun: error: frontier#: tasks #,#,#,#-#: Exited with exit code # ...]
[... 7 further lines matching: srun: error: frontier#: tasks #,#-#: Exited with exit code # ...]
[... 6 further lines matching: srun: error: frontier#: tasks #,#,#-#: Exited with exit code # ...]
[... 6 further lines matching: srun: error: frontier#: tasks #,#-#,#,#,#,#: Exited with exit code # ...]
[... 6 further lines matching: srun: error: frontier#: tasks #,#,#-#,#,#: Exited with exit code # ...]
[... 6 further lines matching: srun: error: frontier#: tasks #,#,#,#,#,#,#-#: Exited with exit code # ...]
[... 6 further lines matching: srun: error: frontier#: tasks #,#,#,#,#-#,#,#: Exited with exit code # ...]
[... 6 further lines matching: srun: error: frontier#: tasks #,#,#-#,#: Exited with exit code # ...]
[... 5 further lines matching: srun: error: frontier#: tasks #,#,#-#,#,#,#,#: Exited with exit code # ...]
[... 5 further lines matching: srun: error: frontier#: tasks #,#,#,#-#,#,#,#,#: Exited with exit code # ...]
[... 5 further lines matching: srun: error: frontier#: tasks #,#,#,#-#,#,#,#,#,#,#: Exited with exit code # ...]
[... 5 further lines matching: srun: error: frontier#: tasks #-#,#,#,#,#: Exited with exit code # ...]
[... 5 further lines matching: srun: error: frontier#: tasks #,#,#,#,#,#,#-#,#: Exited with exit code # ...]
[... 5 further lines matching: srun: error: frontier#: tasks #,#-#,#,#,#,#,#: Exited with exit code # ...]
[... 5 further lines matching: srun: error: frontier#: tasks #-#,#-#,#-#,#-#,#-#,#-#,#,#-#,#-#,#-#: Terminated ...]
[... 5 further lines matching: srun: error: frontier#: tasks #,#,#,#,#-#,#,#,#,#: Exited with exit code # ...]
[... 5 further lines matching: srun: error: frontier#: tasks #,#,#,#,#-#,#: Exited with exit code # ...]
[... 4 further lines matching: srun: error: frontier#: tasks #,#,#,#-#,#,#,#,#,#: Exited with exit code # ...]
[... 4 further lines matching: srun: error: frontier#: tasks #,#,#,#,#,#,#-#,#,#: Exited with exit code # ...]
[... 4 further lines matching: srun: error: frontier#: tasks #,#,#,#-#,#,#,#: Exited with exit code # ...]
[... 4 further lines matching: srun: error: frontier#: tasks #,#-#,#: Exited with exit code # ...]
[... 4 further lines matching: srun: error: frontier#: tasks #,#-#,#,#: Exited with exit code # ...]
[... 4 further lines matching: srun: error: frontier#: tasks #,#-#,#,#,#,#,#,#: Exited with exit code # ...]
[... 4 further lines matching: srun: error: frontier#: tasks #-#,#,#,#,#,#,#,#,#: Exited with exit code # ...]
[... 4 further lines matching: srun: error: frontier#: tasks #-#,#,#: Exited with exit code # ...]
[... 4 further lines matching: srun: error: frontier#: tasks #-#,#-#,#-#,#-#,#-#,#-#,#-#,#-#,#-#,#-#: Terminated ...]
[... 3 further lines matching: srun: error: frontier#: tasks #,#,#,#,#-#,#,#,#,#,#: Exited with exit code # ...]
[... 3 further lines matching: srun: error: frontier#: tasks #,#,#,#,#,#-#,#,#,#: Exited with exit code # ...]
[... 3 further lines matching: srun: error: frontier#: tasks #-#,#: Exited with exit code # ...]
[... 3 further lines matching: srun: error: frontier#: tasks #-#,#-#,#-#,#,#-#,#-#,#-#,#-#,#-#,#-#: Terminated ...]
[... 2 further lines matching: srun: error: frontier#: tasks #,#,#-#,#-#,#,#,#,#: Exited with exit code # ...]
[... 2 further lines matching: srun: error: frontier#: tasks #,#,#,#-#,#-#: Exited with exit code # ...]
[... 2 further lines matching: srun: error: frontier#: tasks #-#,#-#,#-#,#-#,#-#,#,#-#,#-#: Terminated ...]
[... 2 further lines matching: srun: error: frontier#: tasks #-#,#-#,#-#,#-#,#-#,#-#,#-#,#-#: Terminated ...]
[... 2 further lines matching: srun: error: frontier#: tasks #,#,#,#,#-#,#,#-#,#,#: Exited with exit code # ...]
[... 2 further lines matching: srun: error: frontier#: tasks #,#,#,#,#,#-#,#,#-#,#,#,#: Exited with exit code # ...]
[... 2 further lines matching: srun: error: frontier#: tasks #,#,#,#,#-#,#,#,#: Exited with exit code # ...]
[... 2 further lines matching: srun: error: frontier#: tasks #,#,#,#,#,#,#-#,#,#,#: Exited with exit code # ...]
[... 2 further lines matching: srun: error: frontier#: tasks #,#,#,#,#,#,#,#,#-#: Exited with exit code # ...]
[... 2 further lines matching: srun: error: frontier#: tasks #,#,#,#,#,#,#,#,#,#,#,#: Exited with exit code # ...]
[... 2 further lines matching: srun: error: frontier#: tasks #,#,#,#,#,#,#,#-#,#: Exited with exit code # ...]
[... 2 further lines matching: srun: error: frontier#: tasks #,#-#,#-#,#-#,#-#,#-#,#-#,#-#,#-#: Terminated ...]
[... 2 further lines matching: srun: error: frontier#: tasks #-#,#,#,#: Exited with exit code # ...]
[... 2 further lines matching: srun: error: frontier#: tasks #-#,#-#,#-#,#-#,#-#,#-#,#-#,#-#,#-#: Terminated ...]
[... 1 further lines matching: srun: error: frontier#: tasks #,#-#,#,#,#,#,#-#: Exited with exit code # ...]
[... 1 further lines matching: srun: error: frontier#: tasks #,#,#-#,#,#,#-#,#,#-#,#,#: Exited with exit code # ...]
[... 1 further lines matching: srun: error: frontier#: tasks #,#,#-#,#,#-#,#,#,#-#,#,#: Exited with exit code # ...]
[... 1 further lines matching: srun: error: frontier#: tasks #,#,#,#,#,#,#,#-#,#,#-#: Exited with exit code # ...]
[... 1 further lines matching: srun: error: frontier#: tasks #,#-#,#,#,#,#,#,#,#,#: Exited with exit code # ...]
[... 1 further lines matching: srun: error: frontier#: tasks #,#,#,#,#,#-#,#,#-#: Exited with exit code # ...]
[... 1 further lines matching: srun: error: frontier#: tasks #-#,#,#-#,#,#-#,#,#: Exited with exit code # ...]
[... 1 further lines matching: srun: error: frontier#: tasks #,#,#-#,#-#,#-#,#-#,#-#,#-#,#,#-#,#-#,#-#: Terminated ...]
[... 1 further lines matching: srun: error: frontier#: tasks #,#,#,#-#,#-#,#: Exited with exit code # ...]
[... 1 further lines matching: srun: error: frontier#: tasks #,#,#,#,#,#,#,#,#-#,#: Exited with exit code # ...]
[... 1 further lines matching: srun: error: frontier#: tasks #-#,#,#,#,#,#,#,#: Exited with exit code # ...]
[... 1 further lines matching: srun: error: frontier#: tasks #,#,#,#,#-#,#-#: Exited with exit code # ...]
[... 1 further lines matching: srun: error: frontier#: tasks #-#,#-#,#-#,#,#,#-#,#-#,#-#,#-#: Terminated ...]
[... 1 further lines matching: srun: error: frontier#: tasks #,#,#-#,#,#,#-#: Exited with exit code # ...]
[... 1 further lines matching: srun: error: frontier#: tasks #-#,#,#,#,#,#-#,#,#: Exited with exit code # ...]
[... 1 further lines matching: srun: error: frontier#: tasks #,#-#,#,#,#,#,#,#,#: Exited with exit code # ...]
[... 1 further lines matching: srun: error: frontier#: tasks #-#,#-#,#-#,#-#,#-#,#,#-#,#-#,#-#: Terminated ...]
[... 1 further lines matching: srun: error: frontier#: tasks #,#,#,#,#-#,#,#,#,#-#: Exited with exit code # ...]
[... 1 further lines matching: srun: error: frontier#: tasks #,#,#-#,#,#-#,#: Exited with exit code # ...]
[... 1 further lines matching: srun: error: frontier#: tasks #-#,#-#,#-#,#-#,#-#,#-#,#-#,#-#,#-#,#-#,#: Terminated ...]
[... 1 further lines matching: srun: error: frontier#: tasks #,#,#-#,#,#,#,#,#,#: Exited with exit code # ...]
[... 1 further lines matching: srun: error: frontier#: tasks #-#,#-#,#-#,#-#,#-#,#-#,#-#,#: Terminated ...]
[... 1 further lines matching: srun: error: frontier#: tasks #,#,#-#,#,#,#,#,#,#,#: Exited with exit code # ...]
[... 1 further lines matching: srun: error: frontier#: tasks #-#,#-#,#-#,#-#,#-#,#-#,#-#,#-#,#-#,#-#,#-#: Terminated ...]
[... 1 further lines matching: srun: error: frontier#: tasks #-#,#,#-#,#-#,#-#,#-#,#-#,#-#: Terminated ...]
[... 1 further lines matching: srun: error: frontier#: tasks #-#,#-#,#-#,#-#,#-#,#-#,#-#,#-#,#-#,#,#-#: Terminated ...]
[... 1 further lines matching: srun: error: frontier#: tasks #,#,#,#,#,#,#,#-#: Exited with exit code # ...]
[... 1 further lines matching: srun: error: frontier#: tasks #,#-#,#-#,#,#: Exited with exit code # ...]
[... 1 further lines matching: srun: error: frontier#: tasks #,#,#-#,#,#,#,#,#: Exited with exit code # ...]
[... 1 further lines matching: srun: error: frontier#: tasks #,#,#-#,#,#-#,#,#: Exited with exit code # ...]
[... 1 further lines matching: srun: error: frontier#: tasks #-#,#-#,#,#,#,#,#,#: Exited with exit code # ...]
[... 1 further lines matching: srun: error: frontier#: tasks #-#,#,#-#,#-#,#-#,#-#,#-#,#-#,#-#: Terminated ...]
Running frontier nodes=512 ranks_per_node=56 dist=hierarchical_lockfree_rma mode=fixed expected_us=10 max_upper_fanout=-1
RESULT distributor=hierarchical_lockfree_rma mode=fixed expected_us=10 nodes=512 world_size=28672 max_upper_fanout=-1 total_tasks=499999999 elapsed_s=18.2517 throughput_tasks_per_s=2.73947e+07
MPICH Notice [Rank 0] [job id 5137550.120] [Sun Aug  2 04:15:37 2026] [frontier00096] - Abort(0) (rank 0 in comm 0): application called MPI_Abort(MPI_COMM_WORLD, 0) - process 0
aborting job:
application called MPI_Abort(MPI_COMM_WORLD, 0) - process 0
srun: error: frontier00096: task 0: Exited with exit code 255
srun: Terminating StepId=5137550.120
[2026-08-02T04:15:56.591] error: *** STEP 5137550.120 ON frontier00096 CANCELLED AT 2026-08-02T04:15:56 DUE TO TASK FAILURE ***
srun: error: frontier06780: tasks 15681-15735: Terminated
srun: error: frontier01139: tasks 1401-1455: Terminated
srun: error: frontier06780: task 15680: Terminated
srun: error: frontier01139: task 1400: Terminated
srun: error: frontier07413: tasks 17753-17771,17773-17778,17780-17807: Terminated
srun: error: frontier07413: tasks 17752,17772,17779: Terminated
srun: error: frontier10175: tasks 28561-28607,28609-28615: Terminated
srun: error: frontier06267: tasks 14281-14296,14298-14335: Terminated
srun: error: frontier05725: tasks 12377-12383,12385-12416,12418-12431: Terminated
srun: error: frontier10175: tasks 28560,28608: Terminated
srun: error: frontier06267: tasks 14280,14297: Terminated
srun: error: frontier05725: tasks 12376,12384,12417: Terminated
srun: Force Terminated StepId=5137550.120
[... 506 further lines matching: srun: error: frontier#: tasks #-#: Terminated ...]
[... 506 further lines matching: srun: error: frontier#: task #: Terminated ...]
Running frontier nodes=512 ranks_per_node=56 dist=hierarchical_lockfree_rma mode=fixed expected_us=100 max_upper_fanout=-1
srun: Step created for StepId=5137550.121
RESULT distributor=hierarchical_lockfree_rma mode=fixed expected_us=100 nodes=512 world_size=28672 max_upper_fanout=-1 total_tasks=499999999 elapsed_s=18.0879 throughput_tasks_per_s=2.76428e+07
MPICH Notice [Rank 0] [job id 5137550.121] [Sun Aug  2 04:17:04 2026] [frontier00096] - Abort(0) (rank 0 in comm 0): application called MPI_Abort(MPI_COMM_WORLD, 0) - process 0
aborting job:
application called MPI_Abort(MPI_COMM_WORLD, 0) - process 0
srun: error: frontier00096: task 0: Exited with exit code 255
srun: Terminating StepId=5137550.121
[2026-08-02T04:17:09.293] error: *** STEP 5137550.121 ON frontier00096 CANCELLED AT 2026-08-02T04:17:09 DUE TO TASK FAILURE ***
srun: error: frontier08801: tasks 25033-25087: Terminated
srun: error: frontier09026: tasks 26209-26263: Terminated
srun: error: frontier08669: tasks 23801,23803-23855: Terminated
srun: error: frontier05223: tasks 11369-11392,11394-11423: Terminated
srun: error: frontier08432: tasks 22569-22608,22610-22623: Terminated
srun: error: frontier08669: task 23802: Terminated
srun: error: frontier08801: task 25032: Terminated
srun: error: frontier03581: tasks 9055,9063: Terminated
srun: error: frontier04601: tasks 10868,10876,10911: Terminated
srun: error: frontier03581: tasks 9016-9054,9056-9062,9064-9071: Terminated
srun: error: frontier04601: tasks 10864-10867,10869-10875,10877-10910,10912-10919: Terminated
srun: error: frontier06141: tasks 14000,14048: Terminated
srun: Force Terminated StepId=5137550.121
[... 500 further lines matching: srun: error: frontier#: task #: Terminated ...]
[... 493 further lines matching: srun: error: frontier#: tasks #-#: Terminated ...]
[... 12 further lines matching: srun: error: frontier#: tasks #-#,#-#: Terminated ...]
[... 10 further lines matching: srun: error: frontier#: tasks #,#: Terminated ...]
Running frontier nodes=512 ranks_per_node=56 dist=hierarchical_lockfree_rma mode=fixed expected_us=1000 max_upper_fanout=-1
srun: Step created for StepId=5137550.122
RESULT distributor=hierarchical_lockfree_rma mode=fixed expected_us=1000 nodes=512 world_size=28672 max_upper_fanout=-1 total_tasks=405040459 elapsed_s=20.0008 throughput_tasks_per_s=2.02513e+07
MPICH Notice [Rank 0] [job id 5137550.122] [Sun Aug  2 04:18:12 2026] [frontier00096] - Abort(0) (rank 0 in comm 0): application called MPI_Abort(MPI_COMM_WORLD, 0) - process 0
aborting job:
application called MPI_Abort(MPI_COMM_WORLD, 0) - process 0
srun: error: frontier00096: task 0: Exited with exit code 255
srun: Terminating StepId=5137550.122
[2026-08-02T04:18:17.348] error: *** STEP 5137550.122 ON frontier00096 CANCELLED AT 2026-08-02T04:18:17 DUE TO TASK FAILURE ***
srun: error: frontier08270: tasks 21281,21319,21327: Terminated
srun: error: frontier04199: tasks 10081-10085,10089-10090,10092-10093,10096-10106,10108-10116,10119-10133,10135: Terminated
srun: error: frontier09159: tasks 26881-26935: Terminated
srun: error: frontier09026: tasks 26209-26263: Terminated
srun: error: frontier04199: tasks 10086-10088,10091,10094-10095,10107,10117-10118,10134: Terminated
srun: error: frontier08270: tasks 21282-21318,21320-21326,21328-21335: Terminated
srun: error: frontier00353: tasks 841,872: Terminated
srun: error: frontier09420: tasks 28169-28172,28175,28177-28182,28185-28186,28188,28190,28192-28195,28200-28201,28203-28204,28206-28208,28211-28212,28214-28217,28219-28223: Terminated
srun: error: frontier08801: task 25032: Terminated
srun: error: frontier09026: task 26208: Terminated
srun: error: frontier09298: tasks 27609-27613,27617-27620,27622-27624,27626-27630,27632,27634,27638-27642,27644,27646-27648,27650-27662: Terminated
srun: error: frontier00353: tasks 842-871,873-895: Terminated
srun: error: frontier09420: tasks 28173-28174,28176,28183-28184,28187,28189,28191,28196-28199,28202,28205,28209-28210,28213,28218: Terminated
srun: error: frontier09298: tasks 27608,27614-27616,27621,27625,27631,27633,27635-27637,27643,27645,27649,27663: Terminated
srun: error: frontier08899: tasks 25201-25208,25210-25255: Terminated
srun: error: frontier05758: tasks 12769-12773,12775-12776,12778,12780,12782-12783,12786-12787,12789-12790,12792-12793,12796-12800,12804-12816,12819-12822: Terminated
srun: error: frontier08147: tasks 20945,20951,20983,20991,20999: Terminated
srun: error: frontier04323: tasks 10417,10463: Terminated
srun: error: frontier05758: tasks 12768,12774,12777,12779,12781,12784-12785,12788,12791,12794-12795,12801-12803,12817-12818,12823: Terminated
srun: error: frontier09157: tasks 26769,26778,26805,26807,26814: Terminated
srun: error: frontier08664: tasks 23689-23729,23731-23733,23735-23743: Terminated
srun: error: frontier04986: tasks 11272,11288,11294: Terminated
srun: error: frontier00348: tasks 785-794,796-805,809-810,812-816,818,820,822,824-826,828,830,832,834,836-837,839: Terminated
srun: error: frontier08147: tasks 20944,20946-20950,20952-20982,20984-20990,20992-20998: Terminated
srun: error: frontier04323: tasks 10416,10418-10462,10464-10471: Terminated
srun: error: frontier09157: tasks 26768,26770-26777,26779-26804,26806,26808-26813,26815-26823: Terminated
srun: error: frontier04986: tasks 11256-11271,11273-11287,11289-11293,11295-11311: Terminated
srun: error: frontier00348: tasks 784,795,806-808,811,817,819,821,823,827,829,831,833,835,838: Terminated
srun: Force Terminated StepId=5137550.122
[... 497 further lines matching: srun: error: frontier#: task #: Terminated ...]
[... 492 further lines matching: srun: error: frontier#: tasks #-#: Terminated ...]
[... 4 further lines matching: srun: error: frontier#: tasks #-#,#-#: Terminated ...]
[... 4 further lines matching: srun: error: frontier#: tasks #,#: Terminated ...]
[... 2 further lines matching: srun: error: frontier#: tasks #,#,#: Terminated ...]
[... 1 further lines matching: srun: error: frontier#: tasks #-#,#-#,#-#: Terminated ...]
Running frontier nodes=512 ranks_per_node=56 dist=hierarchical_lockfree_rma mode=fixed expected_us=10000 max_upper_fanout=-1
RESULT distributor=hierarchical_lockfree_rma mode=fixed expected_us=10000 nodes=512 world_size=28672 max_upper_fanout=-1 total_tasks=53430762 elapsed_s=20.0011 throughput_tasks_per_s=2.67139e+06
MPICH Notice [Rank 0] [job id 5137550.123] [Sun Aug  2 04:19:21 2026] [frontier00096] - Abort(0) (rank 0 in comm 0): application called MPI_Abort(MPI_COMM_WORLD, 0) - process 0
aborting job:
application called MPI_Abort(MPI_COMM_WORLD, 0) - process 0
srun: error: frontier00096: task 0: Exited with exit code 255
srun: Terminating StepId=5137550.123
[2026-08-02T04:19:28.379] error: *** STEP 5137550.123 ON frontier00096 CANCELLED AT 2026-08-02T04:19:28 DUE TO TASK FAILURE ***
srun: error: frontier09026: tasks 26209-26263: Terminated
srun: error: frontier08801: tasks 25033-25087: Terminated
srun: error: frontier07667: task 18201: Terminated
srun: error: frontier05746: tasks 12601-12603,12605-12622,12624-12626,12628-12632,12634-12638,12640,12642-12655: Terminated
srun: error: frontier03156: tasks 7673-7686,7688-7727: Terminated
srun: error: frontier06650: task 15144: Terminated
srun: error: frontier00353: tasks 841,845,850,853-854,857-858,861,872,881,884-886,891,894-895: Terminated
srun: error: frontier05746: tasks 12604,12623,12627,12633,12639,12641: Terminated
srun: error: frontier02523: tasks 4537,4575: Terminated
srun: error: frontier04595: tasks 10831,10863: Terminated
srun: error: frontier06650: tasks 15121-15143,15145-15175: Terminated
srun: error: frontier00353: tasks 842-844,846-849,851-852,855-856,859-860,862-871,873-880,882-883,887-890,892-893: Terminated
srun: error: frontier02682: tasks 5265,5288,5304: Terminated
srun: error: frontier02523: tasks 4536,4538-4574,4576-4591: Terminated
srun: error: frontier09298: tasks 27608-27631,27633-27656,27658-27663: Terminated
srun: error: frontier06110: tasks 13447,13472,13479,13489: Terminated
srun: error: frontier00369: tasks 1009-1017,1019-1025,1027-1063: Terminated
srun: error: frontier09169: tasks 27161-27165,27167,27170-27192,27194-27204,27207-27211,27213-27215: Terminated
srun: error: frontier05239: tasks 11672,11679,11681,11695: Terminated
srun: error: frontier02508: tasks 4145,4162,4169,4176,4178,4196: Terminated
srun: error: frontier02682: tasks 5264,5266-5287,5289-5303,5305-5319: Terminated
srun: error: frontier03173: tasks 7897-7905,7907-7927,7929-7943,7945-7951: Terminated
srun: error: frontier09022: tasks 25987,26000,26004,26008,26010,26012,26023,26029,26032-26033: Terminated
srun: error: frontier08169: tasks 21008,21016,21031: Terminated
srun: error: frontier06518: tasks 14841,14844,14849,14851,14865,14872,14880,14886,14889: Terminated
srun: error: frontier09176: tasks 27329-27330,27367,27375,27378: Terminated
srun: error: frontier08518: tasks 22792,22794-22847: Terminated
srun: error: frontier03170: tasks 7840,7842-7863,7865-7895: Terminated
srun: error: frontier06110: tasks 13440-13446,13448-13471,13473-13478,13480-13488,13490-13495: Terminated
srun: error: frontier02024: tasks 2912,2914-2967: Terminated
srun: error: frontier08032: tasks 19937-19966,19968-19974,19976,19979-19981,19983-19989,19991: Terminated
srun: error: frontier09169: tasks 27160,27166,27168-27169,27193,27205-27206,27212: Terminated
srun: error: frontier05239: tasks 11648-11671,11673-11678,11680,11682-11694,11696-11703: Terminated
srun: error: frontier02508: tasks 4144,4146-4161,4163-4168,4170-4175,4177,4179-4195,4197-4199: Terminated
srun: error: frontier09022: tasks 25984-25986,25988-25999,26001-26003,26005-26007,26009,26011,26013-26022,26024-26028,26030-26031,26034-26039: Terminated
srun: error: frontier08169: tasks 21000-21007,21009-21015,21017-21030,21032-21055: Terminated
srun: error: frontier06518: tasks 14840,14842-14843,14845-14848,14850,14852-14864,14866-14871,14873-14879,14881-14885,14887-14888,14890-14895: Terminated
srun: error: frontier09176: tasks 27328,27331-27366,27368-27374,27376-27377,27379-27383: Terminated
srun: error: frontier08032: tasks 19936,19967,19975,19977-19978,19982,19990: Terminated
srun: error: frontier03151: tasks 7560,7562-7590,7592-7606,7608-7615: Terminated
srun: Force Terminated StepId=5137550.123
[... 483 further lines matching: srun: error: frontier#: task #: Terminated ...]
[... 464 further lines matching: srun: error: frontier#: tasks #-#: Terminated ...]
[... 15 further lines matching: srun: error: frontier#: tasks #,#: Terminated ...]
[... 14 further lines matching: srun: error: frontier#: tasks #-#,#-#: Terminated ...]
[... 5 further lines matching: srun: error: frontier#: tasks #,#-#: Terminated ...]
[... 4 further lines matching: srun: error: frontier#: tasks #-#,#-#,#-#: Terminated ...]
[... 2 further lines matching: srun: error: frontier#: tasks #,#,#: Terminated ...]
[... 2 further lines matching: srun: error: frontier#: tasks #,#-#,#-#: Terminated ...]
[... 1 further lines matching: srun: error: frontier#: tasks #,#,#,#: Terminated ...]
Running frontier nodes=512 ranks_per_node=56 dist=hierarchical_lockfree_rma mode=fixed expected_us=100000 max_upper_fanout=-1
srun: Step created for StepId=5137550.124
RESULT distributor=hierarchical_lockfree_rma mode=fixed expected_us=100000 nodes=512 world_size=28672 max_upper_fanout=-1 total_tasks=5536098 elapsed_s=20.0011 throughput_tasks_per_s=276790
MPICH Notice [Rank 0] [job id 5137550.124] [Sun Aug  2 04:20:29 2026] [frontier00096] - Abort(0) (rank 0 in comm 0): application called MPI_Abort(MPI_COMM_WORLD, 0) - process 0
aborting job:
application called MPI_Abort(MPI_COMM_WORLD, 0) - process 0
srun: error: frontier00096: task 0: Exited with exit code 255
srun: Terminating StepId=5137550.124
[2026-08-02T04:20:35.479] error: *** STEP 5137550.124 ON frontier00096 CANCELLED AT 2026-08-02T04:20:35 DUE TO TASK FAILURE ***
srun: error: frontier08270: task 21305: Terminated
srun: error: frontier09026: tasks 26209-26263: Terminated
srun: error: frontier08801: tasks 25033-25087: Terminated
srun: error: frontier03156: tasks 7673-7719,7721-7726: Terminated
srun: error: frontier08270: tasks 21281-21304,21306-21335: Terminated
srun: error: frontier06136: task 13935: Terminated
srun: error: frontier03156: tasks 7720,7727: Terminated
srun: error: frontier01141: tasks 1513-1538,1542-1546,1548-1567: Terminated
srun: error: frontier06383: tasks 14560,14601: Terminated
srun: error: frontier05233: tasks 11481-11488,11490,11492-11498,11500,11502,11504-11506,11510-11515,11518,11520,11522-11523,11525-11526,11529-11532,11534: Terminated
srun: error: frontier05239: tasks 11651,11688,11696: Terminated
srun: error: frontier04726: tasks 10977-10979,10981-10985,10987-11011,11013-11018,11020-11031: Terminated
srun: error: frontier01141: tasks 1512,1539-1541,1547: Terminated
srun: error: frontier08903: tasks 25425,25429-25430,25440-25442,25444,25448,25450,25455,25457,25460-25461,25466,25468,25470: Terminated
srun: error: frontier05233: tasks 11480,11489,11491,11499,11501,11503,11507-11509,11516-11517,11519,11521,11524,11527-11528,11533,11535: Terminated
srun: error: frontier08169: tasks 21001-21002,21004-21053,21055: Terminated
srun: error: frontier07535: tasks 17921,17928,17932,17960,17962,17972: Terminated
srun: error: frontier01021: tasks 1234,1237,1245-1246,1263-1264,1271,1276,1279,1286-1287: Terminated
srun: error: frontier03185: tasks 8010,8016,8018,8024,8028,8032,8034,8049,8052,8062: Terminated
srun: error: frontier06267: tasks 14285,14287,14295,14303: Terminated
srun: error: frontier06110: tasks 13440-13442,13444-13486,13488-13495: Terminated
srun: error: frontier02428: tasks 4088,4090-4143: Terminated
srun: error: frontier00099: tasks 113,159,167: Terminated
srun: error: frontier04726: tasks 10976,10980,10986,11012,11019: Terminated
srun: error: frontier05239: tasks 11648-11650,11652-11687,11689-11695,11697-11703: Terminated
srun: error: frontier08903: tasks 25424,25426-25428,25431-25439,25443,25445-25447,25449,25451-25454,25456,25458-25459,25462-25465,25467,25469,25471-25479: Terminated
srun: error: frontier07535: tasks 17920,17922-17927,17929-17931,17933-17959,17961,17963-17971,17973-17975: Terminated
srun: error: frontier01021: tasks 1232-1233,1235-1236,1238-1244,1247-1262,1265-1270,1272-1275,1277-1278,1280-1285: Terminated
srun: error: frontier03185: tasks 8008-8009,8011-8015,8017,8019-8023,8025-8027,8029-8031,8033,8035-8048,8050-8051,8053-8061,8063: Terminated
srun: error: frontier06267: tasks 14280-14284,14286,14288-14294,14296-14302,14304-14335: Terminated
srun: error: frontier00099: tasks 112,114-158,160-166: Terminated
srun: Force Terminated StepId=5137550.124
[... 494 further lines matching: srun: error: frontier#: task #: Terminated ...]
[... 487 further lines matching: srun: error: frontier#: tasks #-#: Terminated ...]
[... 8 further lines matching: srun: error: frontier#: tasks #-#,#-#: Terminated ...]
[... 6 further lines matching: srun: error: frontier#: tasks #,#: Terminated ...]
[... 1 further lines matching: srun: error: frontier#: tasks #,#,#: Terminated ...]
Running frontier nodes=512 ranks_per_node=56 dist=hierarchical_lockfree_rma mode=fixed expected_us=1000000 max_upper_fanout=-1
RESULT distributor=hierarchical_lockfree_rma mode=fixed expected_us=1000000 nodes=512 world_size=28672 max_upper_fanout=-1 total_tasks=534432 elapsed_s=20.0005 throughput_tasks_per_s=26721
MPICH Notice [Rank 0] [job id 5137550.125] [Sun Aug  2 04:21:38 2026] [frontier00096] - Abort(0) (rank 0 in comm 0): application called MPI_Abort(MPI_COMM_WORLD, 0) - process 0
aborting job:
application called MPI_Abort(MPI_COMM_WORLD, 0) - process 0
srun: error: frontier00096: task 0: Exited with exit code 255
srun: Terminating StepId=5137550.125
[2026-08-02T04:21:42.843] error: *** STEP 5137550.125 ON frontier00096 CANCELLED AT 2026-08-02T04:21:42 DUE TO TASK FAILURE ***
srun: error: frontier04199: tasks 10081-10135: Terminated
srun: error: frontier03156: tasks 7688,7696,7720,7722: Terminated
srun: error: frontier02679: tasks 5153-5207: Terminated
srun: error: frontier02908: task 6487: Terminated
srun: error: frontier08309: tasks 21897-21925,21927-21951: Terminated
srun: error: frontier03152: tasks 7621,7625,7629,7640,7647-7648,7661,7664,7669: Terminated
srun: error: frontier03156: tasks 7673-7687,7689-7695,7697-7719,7721,7723-7727: Terminated
srun: error: frontier08274: tasks 21354,21359,21368,21386: Terminated
srun: error: frontier09026: task 26208: Terminated
srun: error: frontier03959: tasks 9583,9616: Terminated
srun: error: frontier02908: tasks 6441-6486,6488-6495: Terminated
srun: error: frontier03152: tasks 7617-7620,7622-7624,7626-7628,7630-7639,7641-7646,7649-7660,7662-7663,7665-7668,7670-7671: Terminated
srun: error: frontier08815: tasks 25167,25175,25191: Terminated
srun: error: frontier02425: tasks 4042-4043,4045,4050,4058,4070,4078,4082: Terminated
srun: error: frontier08274: tasks 21336-21353,21355-21358,21360-21367,21369-21385,21387-21391: Terminated
srun: error: frontier08785: tasks 24589,24597,24605,24609,24622: Terminated
srun: error: frontier09438: tasks 28282,28328,28330: Terminated
srun: error: frontier03959: tasks 9576-9582,9584-9615,9617-9631: Terminated
srun: error: frontier08815: tasks 25144-25166,25168-25174,25176-25190,25192-25199: Terminated
srun: error: frontier06888: tasks 16030-16031,16038-16039,16046-16047,16055,16062-16063,16071: Terminated
srun: error: frontier02425: tasks 4032-4041,4044,4046-4049,4051-4057,4059-4069,4071-4077,4079-4081,4083-4087: Terminated
srun: error: frontier08785: tasks 24584-24588,24590-24596,24598-24604,24606-24608,24610-24621,24623-24639: Terminated
srun: error: frontier09438: tasks 28280-28281,28283-28327,28329,28331-28335: Terminated
srun: error: frontier08677: tasks 24207,24231: Terminated
srun: error: frontier09176: tasks 27329,27341,27346,27353,27360,27373: Terminated
srun: error: frontier01651: tasks 2521,2523,2526-2527,2529-2530,2535,2544-2545,2553,2567,2574: Terminated
srun: error: frontier09157: tasks 26769-26789,26791-26811,26813-26823: Terminated
srun: error: frontier08431: tasks 22513-22518,22521-22530,22532,22534-22545,22547-22555,22558-22567: Terminated
srun: error: frontier09035: tasks 26544,26546-26599: Terminated
srun: error: frontier06888: tasks 16016-16029,16032-16037,16040-16045,16048-16054,16056-16061,16064-16070: Terminated
srun: error: frontier09176: tasks 27328,27330-27340,27342-27345,27347-27352,27354-27359,27361-27372,27374-27383: Terminated
srun: error: frontier01651: tasks 2520,2522,2524-2525,2528,2531-2534,2536-2543,2546-2552,2554-2566,2568-2573,2575: Terminated
srun: error: frontier00231: tasks 616,618-671: Terminated
srun: error: frontier08664: tasks 23688,23690-23732,23734-23743: Terminated
srun: error: frontier08431: tasks 22512,22519-22520,22531,22533,22546,22556-22557: Terminated
srun: Force Terminated StepId=5137550.125
[... 491 further lines matching: srun: error: frontier#: task #: Terminated ...]
[... 481 further lines matching: srun: error: frontier#: tasks #-#: Terminated ...]
[... 9 further lines matching: srun: error: frontier#: tasks #-#,#-#: Terminated ...]
[... 9 further lines matching: srun: error: frontier#: tasks #,#: Terminated ...]
[... 2 further lines matching: srun: error: frontier#: tasks #-#,#-#,#-#: Terminated ...]
[... 1 further lines matching: srun: error: frontier#: tasks #,#,#: Terminated ...]
Running frontier nodes=512 ranks_per_node=56 dist=hierarchical_lockfree_rma mode=uniform expected_us=10 max_upper_fanout=-1
srun: Step created for StepId=5137550.126
RESULT distributor=hierarchical_lockfree_rma mode=uniform expected_us=10 nodes=512 world_size=28672 max_upper_fanout=-1 total_tasks=499999999 elapsed_s=18.2169 throughput_tasks_per_s=2.7447e+07
MPICH Notice [Rank 0] [job id 5137550.126] [Sun Aug  2 04:22:45 2026] [frontier00096] - Abort(0) (rank 0 in comm 0): application called MPI_Abort(MPI_COMM_WORLD, 0) - process 0
aborting job:
application called MPI_Abort(MPI_COMM_WORLD, 0) - process 0
srun: error: frontier00096: task 0: Exited with exit code 255
srun: Terminating StepId=5137550.126
[2026-08-02T04:22:50.196] error: *** STEP 5137550.126 ON frontier00096 CANCELLED AT 2026-08-02T04:22:50 DUE TO TASK FAILURE ***
srun: error: frontier04199: tasks 10081-10082,10086,10088-10090,10092,10094-10095,10098,10102,10104-10105,10107-10108,10110,10113,10125,10127-10129,10131-10132: Terminated
srun: error: frontier08270: tasks 21281-21313,21315-21335: Terminated
srun: error: frontier04479: tasks 10753-10781,10783-10807: Terminated
srun: error: frontier09159: tasks 26881-26935: Terminated
srun: error: frontier05484: tasks 11929-11983: Terminated
srun: error: frontier07667: tasks 18201-18225,18227,18230-18236,18238-18239,18241,18243-18255: Terminated
srun: error: frontier04199: tasks 10083-10085,10087,10091,10093,10096-10097,10099-10101,10103,10106,10109,10111-10112,10114-10124,10126,10130,10133-10135: Terminated
srun: error: frontier08270: task 21314: Terminated
srun: error: frontier04479: task 10782: Terminated
srun: error: frontier07667: tasks 18226,18228-18229,18237,18240,18242: Terminated
srun: error: frontier02682: tasks 5265-5273,5275-5312,5314-5319: Terminated
srun: error: frontier08274: tasks 21336,21369: Terminated
srun: error: frontier08899: tasks 25239,25247: Terminated
srun: error: frontier07769: tasks 18482-18484,18486-18490,18492-18535: Terminated
srun: error: frontier02682: tasks 5264,5274,5313: Terminated
srun: error: frontier07535: tasks 17921-17922,17927,17929-17930,17933,17936-17937,17940-17941,17943,17945,17954,17961-17964,17966-17968,17970,17975: Terminated
srun: error: frontier06118: tasks 13665-13666,13668-13670,13673-13706,13708-13710,13712,13716-13717,13719: Terminated
srun: error: frontier07769: tasks 18480-18481,18485,18491: Terminated
srun: error: frontier06122: tasks 13834,13837-13839,13841,13845-13851,13853-13856,13862,13864,13866,13869-13870,13872,13874-13875,13879-13880,13883,13885,13887: Terminated
srun: error: frontier07535: tasks 17920,17923-17926,17928,17931-17932,17934-17935,17938-17939,17942,17944,17946-17953,17955-17960,17965,17969,17971-17974: Terminated
srun: error: frontier03032: tasks 6888,6896,6917: Terminated
srun: error: frontier06118: tasks 13664,13667,13671-13672,13707,13711,13713-13715,13718: Terminated
srun: error: frontier06122: tasks 13832-13833,13835-13836,13840,13842-13844,13852,13857-13861,13863,13865,13867-13868,13871,13873,13876-13878,13881-13882,13884,13886: Terminated
srun: Force Terminated StepId=5137550.126
[... 498 further lines matching: srun: error: frontier#: task #: Terminated ...]
[... 490 further lines matching: srun: error: frontier#: tasks #-#: Terminated ...]
[... 8 further lines matching: srun: error: frontier#: tasks #-#,#-#: Terminated ...]
[... 6 further lines matching: srun: error: frontier#: tasks #,#: Terminated ...]
[... 3 further lines matching: srun: error: frontier#: tasks #-#,#-#,#-#: Terminated ...]
[... 1 further lines matching: srun: error: frontier#: tasks #,#,#: Terminated ...]
Running frontier nodes=512 ranks_per_node=56 dist=hierarchical_lockfree_rma mode=uniform expected_us=100 max_upper_fanout=-1
srun: Step created for StepId=5137550.127
RESULT distributor=hierarchical_lockfree_rma mode=uniform expected_us=100 nodes=512 world_size=28672 max_upper_fanout=-1 total_tasks=499999999 elapsed_s=18.5995 throughput_tasks_per_s=2.68825e+07
MPICH Notice [Rank 0] [job id 5137550.127] [Sun Aug  2 04:24:06 2026] [frontier00096] - Abort(0) (rank 0 in comm 0): application called MPI_Abort(MPI_COMM_WORLD, 0) - process 0
aborting job:
application called MPI_Abort(MPI_COMM_WORLD, 0) - process 0
srun: error: frontier00096: task 0: Exited with exit code 255
srun: Terminating StepId=5137550.127
[2026-08-02T04:24:10.896] error: *** STEP 5137550.127 ON frontier00096 CANCELLED AT 2026-08-02T04:24:10 DUE TO TASK FAILURE ***
srun: error: frontier07296: tasks 17529-17583: Terminated
srun: error: frontier09159: tasks 26881-26935: Terminated
srun: error: frontier08801: task 25032: Terminated
srun: error: frontier09026: task 26208: Terminated
srun: error: frontier09298: tasks 27609-27622,27624-27663: Terminated
srun: error: frontier09298: tasks 27608,27623: Terminated
srun: error: frontier03052: tasks 7169-7204,7206-7223: Terminated
srun: error: frontier03052: tasks 7168,7205: Terminated
srun: Force Terminated StepId=5137550.127
[... 503 further lines matching: srun: error: frontier#: tasks #-#: Terminated ...]
[... 503 further lines matching: srun: error: frontier#: task #: Terminated ...]
[... 5 further lines matching: srun: error: frontier#: tasks #-#,#-#: Terminated ...]
[... 5 further lines matching: srun: error: frontier#: tasks #,#: Terminated ...]
Running frontier nodes=512 ranks_per_node=56 dist=hierarchical_lockfree_rma mode=uniform expected_us=1000 max_upper_fanout=-1
srun: Step created for StepId=5137550.128
RESULT distributor=hierarchical_lockfree_rma mode=uniform expected_us=1000 nodes=512 world_size=28672 max_upper_fanout=-1 total_tasks=405471335 elapsed_s=20.0011 throughput_tasks_per_s=2.02725e+07
MPICH Notice [Rank 0] [job id 5137550.128] [Sun Aug  2 04:25:13 2026] [frontier00096] - Abort(0) (rank 0 in comm 0): application called MPI_Abort(MPI_COMM_WORLD, 0) - process 0
aborting job:
application called MPI_Abort(MPI_COMM_WORLD, 0) - process 0
srun: error: frontier00096: task 0: Exited with exit code 255
srun: Terminating StepId=5137550.128
[2026-08-02T04:25:17.824] error: *** STEP 5137550.128 ON frontier00096 CANCELLED AT 2026-08-02T04:25:17 DUE TO TASK FAILURE ***
srun: error: frontier04479: tasks 10753,10755-10757,10759-10760,10763,10765-10770,10772-10807: Terminated
srun: error: frontier09026: tasks 26209-26263: Terminated
srun: error: frontier09159: tasks 26881-26935: Terminated
srun: error: frontier04479: tasks 10754,10758,10761-10762,10764,10771: Terminated
srun: error: frontier09026: task 26208: Terminated
srun: error: frontier08801: task 25032: Terminated
srun: error: frontier08397: tasks 22009-22015,22017-22020,22022-22029,22032-22041,22043-22048,22050-22051,22053,22055-22060,22062-22063: Terminated
srun: error: frontier04601: tasks 10865-10890,10892-10908,10910-10919: Terminated
srun: error: frontier02425: tasks 4033-4046,4048-4087: Terminated
srun: error: frontier08397: tasks 22008,22016,22021,22030-22031,22042,22049,22052,22054,22061: Terminated
srun: error: frontier08023: tasks 19601-19624,19626-19655: Terminated
srun: error: frontier08672: tasks 23969-23990,23992-24017,24019-24023: Terminated
srun: error: frontier07769: tasks 18483,18485-18488,18490-18491,18493,18495,18497-18499,18502-18503,18505,18507-18508,18511-18513,18515-18517,18519,18521-18525,18534-18535: Terminated
srun: error: frontier04601: tasks 10864,10891,10909: Terminated
srun: error: frontier02425: tasks 4032,4047: Terminated
srun: error: frontier07027: tasks 16745-16767,16769-16774,16776-16796,16798-16799: Terminated
srun: error: frontier08023: tasks 19600,19625: Terminated
srun: error: frontier02899: tasks 6161-6171,6173-6176,6178-6189,6191-6194,6196-6215: Terminated
srun: error: frontier08672: tasks 23968,23991,24018: Terminated
srun: error: frontier07769: tasks 18480-18482,18484,18489,18492,18494,18496,18500-18501,18504,18506,18509-18510,18514,18518,18520,18526-18533: Terminated
srun: error: frontier07027: tasks 16744,16768,16775,16797: Terminated
srun: error: frontier02899: tasks 6160,6172,6177,6190,6195: Terminated
srun: error: frontier06269: tasks 14392,14394-14423,14425-14447: Terminated
srun: Force Terminated StepId=5137550.128
[... 495 further lines matching: srun: error: frontier#: task #: Terminated ...]
[... 494 further lines matching: srun: error: frontier#: tasks #-#: Terminated ...]
[... 6 further lines matching: srun: error: frontier#: tasks #,#: Terminated ...]
[... 5 further lines matching: srun: error: frontier#: tasks #-#,#-#: Terminated ...]
[... 1 further lines matching: srun: error: frontier#: tasks #-#,#-#,#-#: Terminated ...]
[... 1 further lines matching: srun: error: frontier#: tasks #,#,#: Terminated ...]
Running frontier nodes=512 ranks_per_node=56 dist=hierarchical_lockfree_rma mode=uniform expected_us=10000 max_upper_fanout=-1
srun: Step created for StepId=5137550.129
RESULT distributor=hierarchical_lockfree_rma mode=uniform expected_us=10000 nodes=512 world_size=28672 max_upper_fanout=-1 total_tasks=52195202 elapsed_s=20.0002 throughput_tasks_per_s=2.60974e+06
MPICH Notice [Rank 0] [job id 5137550.129] [Sun Aug  2 04:26:32 2026] [frontier00096] - Abort(0) (rank 0 in comm 0): application called MPI_Abort(MPI_COMM_WORLD, 0) - process 0
aborting job:
application called MPI_Abort(MPI_COMM_WORLD, 0) - process 0
srun: error: frontier00096: task 0: Exited with exit code 255
srun: Terminating StepId=5137550.129
[2026-08-02T04:26:36.807] error: *** STEP 5137550.129 ON frontier00096 CANCELLED AT 2026-08-02T04:26:36 DUE TO TASK FAILURE ***
srun: error: frontier06898: task 16362: Terminated
srun: error: frontier09026: tasks 26209-26263: Terminated
srun: error: frontier09159: tasks 26881-26935: Terminated
srun: error: frontier03156: tasks 7676,7679: Terminated
srun: error: frontier08309: tasks 21904,21920: Terminated
srun: error: frontier03152: task 7632: Terminated
srun: error: frontier06898: tasks 16353-16361,16363-16407: Terminated
srun: error: frontier09420: tasks 28169,28183-28184,28190-28192,28206-28207,28214-28215,28222-28223: Terminated
srun: error: frontier06136: tasks 13890,13911,13919,13943: Terminated
srun: error: frontier03580: tasks 8963,8985,8992,9000: Terminated
srun: error: frontier03156: tasks 7673-7675,7677-7678,7680-7727: Terminated
srun: error: frontier08309: tasks 21897-21903,21905-21919,21921-21951: Terminated
srun: error: frontier03152: tasks 7617-7631,7633-7671: Terminated
srun: error: frontier09420: tasks 28170-28182,28185-28189,28193-28205,28208-28213,28216-28221: Terminated
srun: error: frontier04601: tasks 10865,10867,10871,10873,10878,10880,10890,10896,10898,10902,10908,10911,10913: Terminated
srun: error: frontier03580: tasks 8961-8962,8964-8984,8986-8991,8993-8999,9001-9015: Terminated
srun: error: frontier06109: tasks 13386-13387,13408,13410,13422-13423: Terminated
srun: error: frontier06136: tasks 13888-13889,13891-13910,13912-13918,13920-13942: Terminated
srun: error: frontier01533: tasks 2241-2255,2257-2269,2271-2289,2291-2295: Terminated
srun: error: frontier07155: tasks 17024,17026-17063,17065-17079: Terminated
srun: error: frontier03062: tasks 7287-7290,7293-7298,7301-7303,7305-7306,7309-7312,7314,7317-7320,7322-7323,7326-7327,7329-7330,7334-7335: Terminated
srun: error: frontier09302: tasks 27791,27799,27807,27815,27823-27824,27831: Terminated
srun: error: frontier06399: tasks 14616,14618-14671: Terminated
srun: error: frontier04601: tasks 10864,10866,10868-10870,10872,10874-10877,10879,10881-10889,10891-10895,10897,10899-10901,10903-10907,10909-10910,10912,10914-10919: Terminated
srun: error: frontier06109: tasks 13384-13385,13388-13407,13409,13411-13421,13424-13439: Terminated
srun: error: frontier08674: tasks 24082,24090,24093,24106,24128-24129: Terminated
srun: error: frontier05233: tasks 11480,11482-11488,11490-11506,11508-11530,11532-11535: Terminated
srun: error: frontier01650: tasks 2465,2496,2504: Terminated
srun: error: frontier08547: tasks 23352,23354-23407: Terminated
srun: error: frontier03317: tasks 8681,8691,8697,8706,8710,8712,8714: Terminated
srun: error: frontier06267: tasks 14281-14287,14289-14290,14292,14294-14296,14298-14300,14302,14304-14308,14311-14314,14316-14317,14319-14324,14326-14332,14334-14335: Terminated
srun: error: frontier05758: tasks 12768,12770-12807,12809-12823: Terminated
srun: error: frontier09418: tasks 28057,28063,28074,28087,28099,28101,28111: Terminated
srun: error: frontier03062: tasks 7280-7286,7291-7292,7299-7300,7304,7307-7308,7313,7315-7316,7321,7324-7325,7328,7331-7333: Terminated
srun: error: frontier02150: tasks 3193,3232,3241: Terminated
srun: error: frontier09302: tasks 27776-27790,27792-27798,27800-27806,27808-27814,27816-27822,27825-27830: Terminated
srun: error: frontier06253: tasks 14168,14170-14181,14183-14205,14207-14219,14221-14223: Terminated
srun: error: frontier08674: tasks 24080-24081,24083-24089,24091-24092,24094-24105,24107-24127,24130-24135: Terminated
srun: error: frontier08569: tasks 23520,23522-23573,23575: Terminated
srun: error: frontier01650: tasks 2464,2466-2495,2497-2503,2505-2519: Terminated
srun: error: frontier03317: tasks 8680,8682-8690,8692-8696,8698-8705,8707-8709,8711,8713,8715-8735: Terminated
srun: error: frontier06267: tasks 14280,14288,14291,14293,14297,14301,14303,14309-14310,14315,14318,14325,14333: Terminated
srun: error: frontier00231: tasks 616,632-633,640: Terminated
srun: error: frontier09418: tasks 28056,28058-28062,28064-28073,28075-28086,28088-28098,28100,28102-28110: Terminated
srun: error: frontier02150: tasks 3192,3194-3231,3233-3240,3242-3247: Terminated
srun: Force Terminated StepId=5137550.129
[... 481 further lines matching: srun: error: frontier#: task #: Terminated ...]
[... 463 further lines matching: srun: error: frontier#: tasks #-#: Terminated ...]
[... 15 further lines matching: srun: error: frontier#: tasks #,#: Terminated ...]
[... 13 further lines matching: srun: error: frontier#: tasks #-#,#-#: Terminated ...]
[... 5 further lines matching: srun: error: frontier#: tasks #-#,#-#,#-#: Terminated ...]
[... 4 further lines matching: srun: error: frontier#: tasks #,#,#,#: Terminated ...]
[... 3 further lines matching: srun: error: frontier#: tasks #,#-#,#-#: Terminated ...]
[... 1 further lines matching: srun: error: frontier#: tasks #-#,#-#,#-#,#-#,#-#: Terminated ...]
Running frontier nodes=512 ranks_per_node=56 dist=hierarchical_lockfree_rma mode=uniform expected_us=100000 max_upper_fanout=-1
srun: Step created for StepId=5137550.130
RESULT distributor=hierarchical_lockfree_rma mode=uniform expected_us=100000 nodes=512 world_size=28672 max_upper_fanout=-1 total_tasks=5364185 elapsed_s=20.0011 throughput_tasks_per_s=268194
MPICH Notice [Rank 0] [job id 5137550.130] [Sun Aug  2 04:27:43 2026] [frontier00096] - Abort(0) (rank 0 in comm 0): application called MPI_Abort(MPI_COMM_WORLD, 0) - process 0
aborting job:
application called MPI_Abort(MPI_COMM_WORLD, 0) - process 0
srun: error: frontier00096: task 0: Exited with exit code 255
srun: Terminating StepId=5137550.130
[2026-08-02T04:27:47.851] error: *** STEP 5137550.130 ON frontier00096 CANCELLED AT 2026-08-02T04:27:47 DUE TO TASK FAILURE ***
srun: error: frontier09026: tasks 26209-26263: Terminated
srun: error: frontier09159: tasks 26881-26935: Terminated
srun: error: frontier08907: tasks 25649,25703: Terminated
srun: error: frontier08309: task 21899: Terminated
srun: error: frontier00353: task 880: Terminated
srun: error: frontier08274: tasks 21342,21355,21375,21382: Terminated
srun: error: frontier08309: tasks 21897-21898,21900-21951: Terminated
srun: error: frontier00353: tasks 841-879,881-895: Terminated
srun: error: frontier03581: tasks 9017,9026: Terminated
srun: error: frontier08274: tasks 21336-21341,21343-21354,21356-21374,21376-21381,21383-21391: Terminated
srun: error: frontier07767: tasks 18425,18433,18440,18457,18471: Terminated
srun: error: frontier03581: tasks 9016,9018-9025,9027-9071: Terminated
srun: error: frontier05876: tasks 12994,13005,13031,13034: Terminated
srun: error: frontier08431: tasks 22514,22520,22522,22528,22553-22554,22560: Terminated
srun: error: frontier07767: tasks 18424,18426-18432,18434-18439,18441-18456,18458-18470,18472-18479: Terminated
srun: error: frontier05876: tasks 12992-12993,12995-13004,13006-13030,13032-13033,13035-13047: Terminated
srun: error: frontier07538: tasks 18032,18034-18083,18085-18087: Terminated
srun: error: frontier08431: tasks 22512-22513,22515-22519,22521,22523-22527,22529-22552,22555-22559,22561-22567: Terminated
srun: Force Terminated StepId=5137550.130
[... 500 further lines matching: srun: error: frontier#: task #: Terminated ...]
[... 492 further lines matching: srun: error: frontier#: tasks #-#: Terminated ...]
[... 8 further lines matching: srun: error: frontier#: tasks #-#,#-#: Terminated ...]
[... 6 further lines matching: srun: error: frontier#: tasks #,#: Terminated ...]
[... 1 further lines matching: srun: error: frontier#: tasks #,#,#,#: Terminated ...]
[... 1 further lines matching: srun: error: frontier#: tasks #-#,#-#,#-#,#-#,#-#: Terminated ...]
[... 1 further lines matching: srun: error: frontier#: tasks #,#-#,#-#: Terminated ...]
Running frontier nodes=512 ranks_per_node=56 dist=hierarchical_lockfree_rma mode=uniform expected_us=1000000 max_upper_fanout=-1
srun: Step created for StepId=5137550.131
RESULT distributor=hierarchical_lockfree_rma mode=uniform expected_us=1000000 nodes=512 world_size=28672 max_upper_fanout=-1 total_tasks=481333 elapsed_s=20.0004 throughput_tasks_per_s=24066.1
MPICH Notice [Rank 0] [job id 5137550.131] [Sun Aug  2 04:28:54 2026] [frontier00096] - Abort(0) (rank 0 in comm 0): application called MPI_Abort(MPI_COMM_WORLD, 0) - process 0
aborting job:
application called MPI_Abort(MPI_COMM_WORLD, 0) - process 0
srun: error: frontier00096: task 0: Exited with exit code 255
srun: Terminating StepId=5137550.131
[2026-08-02T04:28:59.292] error: *** STEP 5137550.131 ON frontier00096 CANCELLED AT 2026-08-02T04:28:59 DUE TO TASK FAILURE ***
srun: error: frontier04199: tasks 10081-10135: Terminated
srun: error: frontier09026: tasks 26209-26263: Terminated
srun: error: frontier06136: task 13890: Terminated
srun: error: frontier04206: tasks 10147,10160,10171: Terminated
srun: error: frontier02681: tasks 5238,5248: Terminated
srun: error: frontier09026: task 26208: Terminated
srun: error: frontier01140: tasks 1457-1486,1488-1511: Terminated
srun: error: frontier07806: tasks 18874,18918: Terminated
srun: error: frontier06136: tasks 13888-13889,13891-13943: Terminated
srun: error: frontier01532: tasks 2185,2200,2210,2228: Terminated
srun: error: frontier04206: tasks 10136-10146,10148-10159,10161-10170,10172-10191: Terminated
srun: error: frontier02681: tasks 5208-5237,5239-5247,5249-5263: Terminated
srun: error: frontier05873: tasks 12882,12896,12910: Terminated
srun: error: frontier07806: tasks 18872-18873,18875-18917,18919-18927: Terminated
srun: error: frontier02792: tasks 5936,5938-5959,5961-5991: Terminated
srun: error: frontier01149: tasks 1737-1789,1791: Terminated
srun: error: frontier01532: tasks 2184,2186-2199,2201-2209,2211-2227,2229-2239: Terminated
srun: error: frontier04331: tasks 10543-10545,10551,10560,10567,10575,10583: Terminated
srun: error: frontier03701: tasks 9304-9305,9311,9321,9332: Terminated
srun: error: frontier09024: tasks 26097,26102,26105,26110,26136: Terminated
srun: error: frontier05873: tasks 12880-12881,12883-12895,12897-12909,12911-12935: Terminated
srun: error: frontier07909: tasks 19152,19154-19207: Terminated
srun: error: frontier03317: tasks 8680,8682-8735: Terminated
srun: error: frontier04331: tasks 10528-10542,10546-10550,10552-10559,10561-10566,10568-10574,10576-10582: Terminated
srun: error: frontier03701: tasks 9296-9303,9306-9310,9312-9320,9322-9331,9333-9351: Terminated
srun: error: frontier09024: tasks 26096,26098-26101,26103-26104,26106-26109,26111-26135,26137-26151: Terminated
srun: error: frontier08664: tasks 23688,23690-23711,23713-23743: Terminated
srun: Force Terminated StepId=5137550.131
[... 487 further lines matching: srun: error: frontier#: task #: Terminated ...]
[... 484 further lines matching: srun: error: frontier#: tasks #-#: Terminated ...]
[... 14 further lines matching: srun: error: frontier#: tasks #,#: Terminated ...]
[... 5 further lines matching: srun: error: frontier#: tasks #-#,#-#: Terminated ...]
[... 4 further lines matching: srun: error: frontier#: tasks #-#,#-#,#-#: Terminated ...]
[... 1 further lines matching: srun: error: frontier#: tasks #,#,#: Terminated ...]
[... 1 further lines matching: srun: error: frontier#: tasks #-#,#-#,#-#,#-#: Terminated ...]
[... 1 further lines matching: srun: error: frontier#: tasks #,#-#,#-#: Terminated ...]
Running frontier nodes=512 ranks_per_node=56 dist=hierarchical_lockfree_rma mode=fixed expected_us=10 max_upper_fanout=0
srun: Step created for StepId=5137550.132
RESULT distributor=hierarchical_lockfree_rma mode=fixed expected_us=10 nodes=512 world_size=28672 max_upper_fanout=0 total_tasks=335778983 elapsed_s=20.0014 throughput_tasks_per_s=1.67878e+07
MPICH Notice [Rank 0] [job id 5137550.132] [Sun Aug  2 04:30:07 2026] [frontier00096] - Abort(0) (rank 0 in comm 0): application called MPI_Abort(MPI_COMM_WORLD, 0) - process 0
aborting job:
application called MPI_Abort(MPI_COMM_WORLD, 0) - process 0
srun: error: frontier00096: task 0: Exited with exit code 255
srun: Terminating StepId=5137550.132
[2026-08-02T04:30:12.180] error: *** STEP 5137550.132 ON frontier00096 CANCELLED AT 2026-08-02T04:30:12 DUE TO TASK FAILURE ***
srun: error: frontier09026: tasks 26209-26263: Terminated
srun: error: frontier08270: tasks 21281-21335: Terminated
srun: error: frontier08274: task 21342: Terminated
srun: error: frontier09026: task 26208: Terminated
srun: error: frontier08274: tasks 21336-21341,21343-21391: Terminated
srun: error: frontier06653: tasks 15238,15257,15259,15262,15269: Terminated
srun: error: frontier02425: tasks 4033-4035,4037-4038,4042,4044-4051,4053-4058,4061-4062,4064-4066,4068-4075,4077-4082,4084-4087: Terminated
srun: error: frontier03052: tasks 7169-7216,7218-7223: Terminated
srun: error: frontier02425: tasks 4032,4036,4039-4041,4043,4052,4059-4060,4063,4067,4076,4083: Terminated
srun: error: frontier06653: tasks 15232-15237,15239-15256,15258,15260-15261,15263-15268,15270-15287: Terminated
srun: error: frontier03052: tasks 7168,7217: Terminated
srun: Force Terminated StepId=5137550.132
[... 507 further lines matching: srun: error: frontier#: task #: Terminated ...]
[... 506 further lines matching: srun: error: frontier#: tasks #-#: Terminated ...]
Running frontier nodes=512 ranks_per_node=56 dist=hierarchical_lockfree_rma mode=fixed expected_us=100 max_upper_fanout=0
srun: Step created for StepId=5137550.133
RESULT distributor=hierarchical_lockfree_rma mode=fixed expected_us=100 nodes=512 world_size=28672 max_upper_fanout=0 total_tasks=334536534 elapsed_s=20.0008 throughput_tasks_per_s=1.67261e+07
MPICH Notice [Rank 0] [job id 5137550.133] [Sun Aug  2 04:31:05 2026] [frontier00096] - Abort(0) (rank 0 in comm 0): application called MPI_Abort(MPI_COMM_WORLD, 0) - process 0
aborting job:
application called MPI_Abort(MPI_COMM_WORLD, 0) - process 0
srun: error: frontier00096: task 0: Exited with exit code 255
srun: Terminating StepId=5137550.133
[2026-08-02T04:31:21.357] error: *** STEP 5137550.133 ON frontier00096 CANCELLED AT 2026-08-02T04:31:21 DUE TO TASK FAILURE ***
srun: error: frontier09181: tasks 27497-27551: Terminated
srun: error: frontier00102: tasks 169-223: Terminated
srun: error: frontier09026: task 26208: Terminated
srun: error: frontier01909: tasks 2694-2695,2701,2716,2724-2725,2731,2740: Terminated
srun: error: frontier07296: tasks 17531,17534,17536,17540,17543,17546,17549,17553,17556,17559,17561,17563-17564,17567-17568,17572,17574,17576,17579,17583: Terminated
srun: error: frontier02679: task 5152: Terminated
srun: error: frontier02908: tasks 6441,6443-6444,6446,6448,6450,6452-6453,6460,6462-6464,6468,6471,6473-6474,6476-6480,6484-6486,6488,6490-6494: Terminated
srun: error: frontier08525: tasks 23185-23190,23192-23194,23197-23199,23201,23203-23205,23211,23214,23216-23221,23223,23226-23234,23236-23238: Terminated
srun: error: frontier06781: tasks 15737-15774,15776-15791: Terminated
srun: error: frontier07296: tasks 17528-17530,17532-17533,17535,17537-17539,17541-17542,17544-17545,17547-17548,17550-17552,17554-17555,17557-17558,17560,17562,17565-17566,17569-17571,17573,17575,17577-17578,17580-17582: Terminated
srun: error: frontier04216: tasks 10253-10256,10258,10265,10267,10270-10272,10274-10275,10278,10280-10281,10283,10285,10287-10288,10290,10292-10295,10299,10301-10303: Terminated
srun: error: frontier02908: tasks 6440,6442,6445,6447,6449,6451,6454-6459,6461,6465-6467,6469-6470,6472,6475,6481-6483,6487,6489,6495: Terminated
srun: error: frontier01909: tasks 2688-2693,2696-2700,2702-2715,2717-2723,2726-2730,2732-2739,2741-2743: Terminated
srun: error: frontier06781: tasks 15736,15775: Terminated
srun: error: frontier08525: tasks 23184,23191,23195-23196,23200,23202,23206-23210,23212-23213,23215,23222,23224-23225,23235,23239: Terminated
srun: error: frontier02538: tasks 4705-4714,4716-4743,4745-4759: Terminated
srun: error: frontier04216: tasks 10248-10252,10257,10259-10264,10266,10268-10269,10273,10276-10277,10279,10282,10284,10286,10289,10291,10296-10298,10300: Terminated
srun: error: frontier08918: tasks 25817-25848,25850-25871: Terminated
srun: error: frontier02538: tasks 4704,4715,4744: Terminated
srun: error: frontier02031: tasks 3081-3083,3085,3088-3089,3091,3094-3097,3100-3101,3103,3106-3108,3111,3114,3116,3119,3124,3128-3129,3133,3135: Terminated
srun: error: frontier08904: tasks 25483,25487,25495-25496,25511-25512,25515,25525: Terminated
srun: error: frontier08678: tasks 24255-24256,24263,24265,24271,24273-24275,24278-24279,24281,24283,24291-24293,24297,24302: Terminated
srun: error: frontier08918: tasks 25816,25849: Terminated
srun: error: frontier02654: tasks 4985-4999,5001-5008,5010-5011,5013,5015-5018,5020-5023,5025-5028,5031-5032,5034-5035,5037-5038: Terminated
srun: error: frontier02665: tasks 5097-5098,5100-5105,5107-5122,5124-5139,5141-5151: Terminated
srun: error: frontier09158: tasks 26825-26827,26829-26830,26832,26834-26845,26847-26852,26854-26856,26858-26862,26864,26866-26871,26873-26876,26879: Terminated
srun: error: frontier08667: tasks 23746,23748,23750,23756,23758,23760,23763,23768,23771-23773,23776,23780,23782,23787,23790,23792,23794-23795: Terminated
srun: error: frontier08033: tasks 19994-20018,20021-20022,20024-20047: Terminated
srun: error: frontier04476: tasks 10641-10651,10653-10657,10659-10672,10674-10675,10678-10694: Terminated
srun: error: frontier01779: tasks 2634-2637,2639-2644,2648-2653,2655-2656,2659-2660,2662-2664,2667-2672,2674,2676-2679,2683,2686-2687: Terminated
srun: error: frontier02519: tasks 4481,4483,4487-4489,4491-4496,4499-4500,4502-4505,4507-4508,4512,4515-4516,4518-4521,4523-4526,4528,4531-4532,4534-4535: Terminated
srun: error: frontier08549: tasks 23408,23410-23463: Terminated
srun: error: frontier02031: tasks 3080,3084,3086-3087,3090,3092-3093,3098-3099,3102,3104-3105,3109-3110,3112-3113,3115,3117-3118,3120-3123,3125-3127,3130-3132,3134: Terminated
srun: error: frontier08904: tasks 25480-25482,25484-25486,25488-25494,25497-25510,25513-25514,25516-25524,25526-25535: Terminated
srun: error: frontier08678: tasks 24248-24254,24257-24262,24264,24266-24270,24272,24276-24277,24280,24282,24284-24290,24294-24296,24298-24301,24303: Terminated
srun: error: frontier02654: tasks 4984,5000,5009,5012,5014,5019,5024,5029-5030,5033,5036,5039: Terminated
srun: error: frontier02665: tasks 5096,5099,5106,5123,5140: Terminated
srun: error: frontier09158: tasks 26824,26828,26831,26833,26846,26853,26857,26863,26865,26872,26877-26878: Terminated
srun: error: frontier08667: tasks 23744-23745,23747,23749,23751-23755,23757,23759,23761-23762,23764-23767,23769-23770,23774-23775,23777-23779,23781,23783-23786,23788-23789,23791,23793,23796-23799: Terminated
srun: error: frontier08033: tasks 19992-19993,20019-20020,20023: Terminated
srun: error: frontier04476: tasks 10640,10652,10658,10673,10676-10677,10695: Terminated
srun: error: frontier01779: tasks 2632-2633,2638,2645-2647,2654,2657-2658,2661,2665-2666,2673,2675,2680-2682,2684-2685: Terminated
srun: error: frontier02519: tasks 4480,4482,4484-4486,4490,4497-4498,4501,4506,4509-4511,4513-4514,4517,4522,4527,4529-4530,4533: Terminated
srun: Force Terminated StepId=5137550.133
[... 480 further lines matching: srun: error: frontier#: task #: Terminated ...]
[... 479 further lines matching: srun: error: frontier#: tasks #-#: Terminated ...]
[... 11 further lines matching: srun: error: frontier#: tasks #,#: Terminated ...]
[... 10 further lines matching: srun: error: frontier#: tasks #-#,#-#: Terminated ...]
[... 1 further lines matching: srun: error: frontier#: tasks #-#,#-#,#-#: Terminated ...]
Running frontier nodes=512 ranks_per_node=56 dist=hierarchical_lockfree_rma mode=fixed expected_us=1000 max_upper_fanout=0
RESULT distributor=hierarchical_lockfree_rma mode=fixed expected_us=1000 nodes=512 world_size=28672 max_upper_fanout=0 total_tasks=292959099 elapsed_s=20.0008 throughput_tasks_per_s=1.46474e+07
MPICH Notice [Rank 0] [job id 5137550.134] [Sun Aug  2 04:32:26 2026] [frontier00096] - Abort(0) (rank 0 in comm 0): application called MPI_Abort(MPI_COMM_WORLD, 0) - process 0
aborting job:
application called MPI_Abort(MPI_COMM_WORLD, 0) - process 0
srun: error: frontier00096: task 0: Exited with exit code 255
srun: Terminating StepId=5137550.134
[2026-08-02T04:32:41.708] error: *** STEP 5137550.134 ON frontier00096 CANCELLED AT 2026-08-02T04:32:41 DUE TO TASK FAILURE ***
srun: error: frontier06780: tasks 15681-15735: Terminated
srun: error: frontier08549: tasks 23409-23463: Terminated
srun: error: frontier01139: task 1400: Terminated
srun: error: frontier03038: task 7000: Terminated
srun: error: frontier09022: tasks 25988,25992,26001-26002,26006,26008-26010,26012,26014,26017,26020,26024,26028,26036: Terminated
srun: error: frontier01650: tasks 2469,2473,2479,2481-2482,2493,2495,2501-2502,2508,2510,2513,2516,2519: Terminated
srun: error: frontier09022: tasks 25984-25987,25989-25991,25993-26000,26003-26005,26007,26011,26013,26015-26016,26018-26019,26021-26023,26025-26027,26029-26035,26037-26039: Terminated
srun: error: frontier01650: tasks 2464-2468,2470-2472,2474-2478,2480,2483-2492,2494,2496-2500,2503-2507,2509,2511-2512,2514-2515,2517-2518: Terminated
srun: Force Terminated StepId=5137550.134
[... 508 further lines matching: srun: error: frontier#: tasks #-#: Terminated ...]
[... 508 further lines matching: srun: error: frontier#: task #: Terminated ...]
Running frontier nodes=512 ranks_per_node=56 dist=hierarchical_lockfree_rma mode=fixed expected_us=10000 max_upper_fanout=0
srun: Step created for StepId=5137550.135
RESULT distributor=hierarchical_lockfree_rma mode=fixed expected_us=10000 nodes=512 world_size=28672 max_upper_fanout=0 total_tasks=53661377 elapsed_s=20.0013 throughput_tasks_per_s=2.6829e+06
MPICH Notice [Rank 0] [job id 5137550.135] [Sun Aug  2 04:33:41 2026] [frontier00096] - Abort(0) (rank 0 in comm 0): application called MPI_Abort(MPI_COMM_WORLD, 0) - process 0
aborting job:
application called MPI_Abort(MPI_COMM_WORLD, 0) - process 0
srun: error: frontier00096: task 0: Exited with exit code 255
srun: Terminating StepId=5137550.135
[2026-08-02T04:33:46.339] error: *** STEP 5137550.135 ON frontier00096 CANCELLED AT 2026-08-02T04:33:46 DUE TO TASK FAILURE ***
srun: error: frontier09026: tasks 26209-26263: Terminated
srun: error: frontier08801: tasks 25033-25087: Terminated
srun: error: frontier08524: tasks 23130,23132,23136,23141,23145,23156,23166,23169,23177: Terminated
srun: error: frontier06898: tasks 16353-16358,16360-16377,16379,16381-16382,16384-16407: Terminated
srun: error: frontier02414: tasks 3921-3922,3925,3930,3934-3937,3939,3941-3944,3947-3949,3951-3953,3956-3957,3959-3960,3962,3964,3966,3968-3970,3972-3975: Terminated
srun: error: frontier02151: tasks 3249-3251,3253-3254,3256-3264,3266,3270-3271,3273-3280,3283,3285-3287,3289-3291,3293-3301,3303: Terminated
srun: error: frontier08524: tasks 23129,23131,23133-23135,23137-23140,23142-23144,23146-23155,23157-23165,23167-23168,23170-23176,23178-23183: Terminated
srun: error: frontier06898: tasks 16359,16378,16380,16383: Terminated
srun: error: frontier06136: tasks 13893,13895,13898-13899,13901-13903,13911-13912,13915,13930,13933,13940: Terminated
srun: error: frontier07411: tasks 17643,17645-17646,17650-17655,17657-17658,17677,17690,17692-17693: Terminated
srun: error: frontier08397: tasks 22012,22032: Terminated
srun: error: frontier08801: task 25032: Terminated
srun: error: frontier09026: task 26208: Terminated
srun: error: frontier02151: tasks 3252,3255,3265,3267-3269,3272,3281-3282,3284,3288,3292,3302: Terminated
srun: error: frontier02414: tasks 3923-3924,3926-3929,3931-3933,3938,3940,3945-3946,3950,3954-3955,3958,3961,3963,3965,3967,3971: Terminated
srun: error: frontier06381: tasks 14505,14507,14510-14513,14515-14518,14520,14524,14526-14529,14537,14543-14546,14549,14551-14552,14556-14558: Terminated
srun: error: frontier06651: tasks 15177-15178,15180,15182-15185,15187-15189,15191-15197,15199-15203,15205-15206,15209-15210,15212,15217,15219-15221,15223-15224,15227-15231: Terminated
srun: error: frontier08908: tasks 25709,25715-25716,25718,25725,25728,25730-25731,25733,25735,25737,25739,25743,25746,25749-25750,25756-25757: Terminated
srun: error: frontier07887: tasks 18929-18942,18944,18946-18962,18964-18983: Terminated
srun: error: frontier07411: tasks 17641-17642,17644,17647-17649,17656,17659-17676,17678-17689,17691,17694-17695: Terminated
srun: error: frontier06782: tasks 15797-15799,15801,15804,15812-15813,15817,15820,15824-15826,15835,15846: Terminated
srun: error: frontier06136: tasks 13889-13892,13894,13896-13897,13900,13904-13910,13913-13914,13916-13929,13931-13932,13934-13939,13941-13943: Terminated
srun: error: frontier08059: tasks 20164,20182: Terminated
srun: error: frontier02425: tasks 4035,4038-4039,4041,4044-4051,4060-4061,4064,4069-4072,4075,4077-4078,4080-4081,4083: Terminated
srun: error: frontier08397: tasks 22008-22011,22013-22031,22033-22063: Terminated
srun: error: frontier08899: tasks 25202,25204,25208,25216,25221,25223,25225-25226,25232-25233,25240,25245,25250-25251: Terminated
srun: error: frontier06381: tasks 14504,14506,14508-14509,14514,14519,14521-14523,14525,14530-14536,14538-14542,14547-14548,14550,14553-14555,14559: Terminated
srun: error: frontier07887: tasks 18928,18943,18945,18963: Terminated
srun: error: frontier08518: tasks 22793-22796,22798,22800-22804,22806,22809-22811,22813-22814,22818,22820,22822-22825,22827-22831,22833-22834,22836-22838,22840-22841,22843,22845,22847: Terminated
srun: error: frontier06651: tasks 15176,15179,15181,15186,15190,15198,15204,15207-15208,15211,15213-15216,15218,15222,15225-15226: Terminated
srun: error: frontier08908: tasks 25704-25708,25710-25714,25717,25719-25724,25726-25727,25729,25732,25734,25736,25738,25740-25742,25744-25745,25747-25748,25751-25755,25758-25759: Terminated
srun: error: frontier03052: tasks 7169-7208,7210-7223: Terminated
srun: error: frontier09169: tasks 27161-27163,27166-27167,27170,27172-27174,27176,27179-27181,27183-27184,27187-27188,27191,27193,27196-27198,27201-27202,27207-27208,27211,27213-27214: Terminated
srun: error: frontier08026: tasks 19658,19661,19679,19695,19711: Terminated
srun: error: frontier03173: tasks 7899,7901,7905,7909,7918,7921,7924,7933,7945: Terminated
srun: error: frontier07259: tasks 17249-17259,17261-17275,17277-17295,17297-17303: Terminated
srun: error: frontier06782: tasks 15792-15796,15800,15802-15803,15805-15811,15814-15816,15818-15819,15821-15823,15827-15834,15836-15845,15847: Terminated
srun: error: frontier09167: tasks 27105-27111,27113-27115,27117-27120,27122-27130,27132-27153,27155-27159: Terminated
srun: error: frontier08059: tasks 20160-20163,20165-20181,20183-20215: Terminated
srun: error: frontier00225: tasks 506,525,536,540,551: Terminated
srun: error: frontier02425: tasks 4032-4034,4036-4037,4040,4042-4043,4052-4059,4062-4063,4065-4068,4073-4074,4076,4079,4082,4084-4087: Terminated
srun: error: frontier04325: tasks 10473-10474,10477,10479-10480,10483-10489,10491,10493,10497-10501,10504-10510,10514-10517,10520,10523-10524,10526: Terminated
srun: error: frontier09416: tasks 28008,28022,28024,28026-28027,28031,28033,28035,28039,28043,28045: Terminated
srun: error: frontier08664: tasks 23689-23690,23693,23696-23700,23702,23704-23705,23709-23710,23715-23718,23720-23721,23723,23726-23727,23730-23731,23733-23734,23741-23742: Terminated
srun: error: frontier08799: tasks 24977-25000,25002-25003,25005-25023,25025-25031: Terminated
srun: error: frontier05876: tasks 13007,13023,13025,13031-13032,13036,13039-13040,13047: Terminated
srun: error: frontier08678: tasks 24249-24250,24252,24254-24258,24260,24266,24268-24271,24273-24274,24276-24281,24283-24284,24287,24289-24290,24292-24296,24299-24301: Terminated
srun: error: frontier04978: tasks 11146,11149,11156,11159,11161,11163,11167-11169,11174-11175,11178-11179,11189,11192-11194,11198-11199: Terminated
srun: error: frontier08131: tasks 20441-20444,20447-20448,20450,20452,20454,20456-20459,20461,20463-20466,20468-20469,20471-20475,20477-20478,20481-20485,20487-20488,20490,20493-20495: Terminated
srun: error: frontier08135: tasks 20668,20671-20673,20675,20681,20684,20686,20690,20710: Terminated
srun: error: frontier06783: tasks 15848-15854,15856-15903: Terminated
srun: error: frontier01151: tasks 1794,1797,1801,1806,1808,1817,1823,1826,1830-1831,1834,1836-1837,1841,1845: Terminated
srun: error: frontier09037: tasks 26659,26661,26663-26664,26674-26675,26678,26685,26687,26693-26694,26698,26702,26707: Terminated
srun: error: frontier08797: tasks 24872,24892,24896,24905,24908-24909: Terminated
srun: error: frontier08899: tasks 25200-25201,25203,25205-25207,25209-25215,25217-25220,25222,25224,25227-25231,25234-25239,25241-25244,25246-25249,25252-25255: Terminated
srun: error: frontier08032: tasks 19938-19939,19945-19946,19959-19960,19974,19981-19982,19988: Terminated
srun: error: frontier09027: tasks 26266,26268,26284,26288,26293,26309,26312: Terminated
srun: error: frontier07029: tasks 16858-16859,16874,16896: Terminated
srun: error: frontier02783: tasks 5643,5649,5654: Terminated
srun: error: frontier08672: tasks 23968,23970-24007,24009-24023: Terminated
srun: error: frontier08518: tasks 22792,22797,22799,22805,22807-22808,22812,22815-22817,22819,22821,22826,22832,22835,22839,22842,22844,22846: Terminated
srun: error: frontier05733: tasks 12491,12493-12497,12499-12500,12502,12506-12508,12510,12513-12514,12516-12520,12522,12525-12527,12530-12531,12535,12537,12539-12540,12542-12543: Terminated
srun: error: frontier07912: tasks 19272,19278,19280,19282,19286-19287,19294-19295,19299,19303,19305,19307,19309,19312-19313,19316,19319: Terminated
srun: error: frontier06118: tasks 13672,13678,13685,13693-13694,13698,13705,13719: Terminated
srun: error: frontier03173: tasks 7896-7898,7900,7902-7904,7906-7908,7910-7917,7919-7920,7922-7923,7925-7932,7934-7944,7946-7951: Terminated
srun: error: frontier02516: tasks 4370-4371,4373-4376,4379-4380,4383-4384,4386-4388,4390,4392-4395,4398,4403-4404,4408,4412,4414,4416-4417,4421-4422: Terminated
srun: error: frontier08026: tasks 19656-19657,19659-19660,19662-19678,19680-19694,19696-19710: Terminated
srun: error: frontier09169: tasks 27160,27164-27165,27168-27169,27171,27175,27177-27178,27182,27185-27186,27189-27190,27192,27194-27195,27199-27200,27203-27206,27209-27210,27212,27215: Terminated
srun: error: frontier09167: tasks 27104,27112,27116,27121,27131,27154: Terminated
srun: error: frontier02905: tasks 6385,6387-6392,6394-6418,6420,6422-6439: Terminated
srun: error: frontier00225: tasks 504-505,507-524,526-535,537-539,541-550,552-559: Terminated
srun: error: frontier00348: tasks 785,787,789,793-795,798,801-804,806,808,811,814,817,822-823,825-826,828,831-832,834-835,837-838: Terminated
srun: error: frontier04325: tasks 10472,10475-10476,10478,10481-10482,10490,10492,10494-10496,10502-10503,10511-10513,10518-10519,10521-10522,10525,10527: Terminated
srun: error: frontier04978: tasks 11144-11145,11147-11148,11150-11155,11157-11158,11160,11162,11164-11166,11170-11173,11176-11177,11180-11188,11190-11191,11195-11197: Terminated
srun: error: frontier01151: tasks 1792-1793,1795-1796,1798-1800,1802-1805,1807,1809-1816,1818-1822,1824-1825,1827-1829,1832-1833,1835,1838-1840,1842-1844,1846-1847: Terminated
srun: error: frontier05876: tasks 12992-13006,13008-13022,13024,13026-13030,13033-13035,13037-13038,13041-13046: Terminated
srun: error: frontier08131: tasks 20440,20445-20446,20449,20451,20453,20455,20460,20462,20467,20470,20476,20479-20480,20486,20489,20491-20492: Terminated
srun: error: frontier03188: tasks 8064,8071,8077: Terminated
srun: error: frontier09416: tasks 28000-28007,28009-28021,28023,28025,28028-28030,28032,28034,28036-28038,28040-28042,28044,28046-28055: Terminated
srun: error: frontier09037: tasks 26656-26658,26660,26662,26665-26673,26676-26677,26679-26684,26686,26688-26692,26695-26697,26699-26701,26703-26706,26708-26711: Terminated
srun: error: frontier08678: tasks 24248,24251,24253,24259,24261-24265,24267,24272,24275,24282,24285-24286,24288,24291,24297-24298,24302-24303: Terminated
srun: error: frontier08664: tasks 23688,23691-23692,23694-23695,23701,23703,23706-23708,23711-23714,23719,23722,23724-23725,23728-23729,23732,23735-23740,23743: Terminated
srun: error: frontier02783: tasks 5600-5642,5644-5648,5650-5653,5655: Terminated
srun: error: frontier04982: tasks 11200,11202-11223,11225-11255: Terminated
srun: error: frontier02516: tasks 4368-4369,4372,4377-4378,4381-4382,4385,4389,4391,4396-4397,4399-4402,4405-4407,4409-4411,4413,4415,4418-4420,4423: Terminated
srun: error: frontier05733: tasks 12488-12490,12492,12498,12501,12503-12505,12509,12511-12512,12515,12521,12523-12524,12528-12529,12532-12534,12536,12538,12541: Terminated
srun: error: frontier08032: tasks 19936-19937,19940-19944,19947-19958,19961-19973,19975-19980,19983-19987,19989-19991: Terminated
srun: error: frontier07912: tasks 19264-19271,19273-19277,19279,19281,19283-19285,19288-19293,19296-19298,19300-19302,19304,19306,19308,19310-19311,19314-19315,19317-19318: Terminated
srun: error: frontier06118: tasks 13664-13671,13673-13677,13679-13684,13686-13692,13695-13697,13699-13704,13706-13718: Terminated
srun: error: frontier08135: tasks 20664-20667,20669-20670,20674,20676-20680,20682-20683,20685,20687-20689,20691-20709,20711-20719: Terminated
srun: error: frontier09027: tasks 26264-26265,26267,26269-26283,26285-26287,26289-26292,26294-26308,26310-26311,26313-26319: Terminated
srun: error: frontier00348: tasks 784,786,788,790-792,796-797,799-800,805,807,809-810,812-813,815-816,818-821,824,827,829-830,833,836,839: Terminated
srun: Force Terminated StepId=5137550.135
[... 462 further lines matching: srun: error: frontier#: task #: Terminated ...]
[... 452 further lines matching: srun: error: frontier#: tasks #-#: Terminated ...]
[... 7 further lines matching: srun: error: frontier#: tasks #,#: Terminated ...]
[... 5 further lines matching: srun: error: frontier#: tasks #-#,#-#,#-#: Terminated ...]
[... 4 further lines matching: srun: error: frontier#: tasks #-#,#-#: Terminated ...]
[... 3 further lines matching: srun: error: frontier#: tasks #,#,#,#: Terminated ...]
[... 2 further lines matching: srun: error: frontier#: tasks #-#,#-#,#-#,#-#: Terminated ...]
[... 1 further lines matching: srun: error: frontier#: tasks #-#,#-#,#-#,#-#,#-#,#-#: Terminated ...]
[... 1 further lines matching: srun: error: frontier#: tasks #,#,#: Terminated ...]
[... 1 further lines matching: srun: error: frontier#: tasks #,#,#,#,#: Terminated ...]
Running frontier nodes=512 ranks_per_node=56 dist=hierarchical_lockfree_rma mode=fixed expected_us=100000 max_upper_fanout=0
srun: Step created for StepId=5137550.136
RESULT distributor=hierarchical_lockfree_rma mode=fixed expected_us=100000 nodes=512 world_size=28672 max_upper_fanout=0 total_tasks=5548412 elapsed_s=20.0015 throughput_tasks_per_s=277399
MPICH Notice [Rank 0] [job id 5137550.136] [Sun Aug  2 04:34:58 2026] [frontier00096] - Abort(0) (rank 0 in comm 0): application called MPI_Abort(MPI_COMM_WORLD, 0) - process 0
aborting job:
application called MPI_Abort(MPI_COMM_WORLD, 0) - process 0
srun: error: frontier00096: task 0: Exited with exit code 255
srun: Terminating StepId=5137550.136
[2026-08-02T04:35:13.453] error: *** STEP 5137550.136 ON frontier00096 CANCELLED AT 2026-08-02T04:35:13 DUE TO TASK FAILURE ***
srun: error: frontier04479: tasks 10753-10807: Terminated
srun: error: frontier01139: tasks 1401-1455: Terminated
srun: error: frontier01139: task 1400: Terminated
srun: error: frontier04479: task 10752: Terminated
srun: error: frontier03045: tasks 7113-7117,7121,7123,7125-7130,7132-7137,7139-7147,7149,7151-7152,7154-7155,7157-7161,7164-7167: Terminated
srun: error: frontier06755: tasks 15289-15319,15321-15343: Terminated
srun: error: frontier05620: tasks 12209-12212,12214-12220,12222-12243,12245-12249,12251-12258,12260-12263: Terminated
srun: error: frontier05725: tasks 12379-12381,12388,12396-12397,12408,12412,12420-12421,12423,12425,12430: Terminated
srun: error: frontier01534: tasks 2297-2307,2309-2351: Terminated
srun: error: frontier02511: tasks 4257-4271,4273-4281,4283-4311: Terminated
srun: error: frontier03045: tasks 7112,7118-7120,7122,7124,7131,7138,7148,7150,7153,7156,7162-7163: Terminated
srun: error: frontier06755: tasks 15288,15320: Terminated
srun: error: frontier03032: tasks 6889-6905,6907-6912,6914-6919,6921-6923,6926-6929,6931-6937,6939-6943: Terminated
srun: error: frontier05620: tasks 12208,12213,12221,12244,12250,12259: Terminated
srun: error: frontier01534: tasks 2296,2308: Terminated
srun: error: frontier02511: tasks 4256,4272,4282: Terminated
srun: error: frontier05725: tasks 12376-12378,12382-12387,12389-12395,12398-12407,12409-12411,12413-12419,12422,12424,12426-12429,12431: Terminated
srun: error: frontier03032: tasks 6888,6906,6913,6920,6924-6925,6930,6938: Terminated
srun: Force Terminated StepId=5137550.136
[... 499 further lines matching: srun: error: frontier#: tasks #-#: Terminated ...]
[... 499 further lines matching: srun: error: frontier#: task #: Terminated ...]
[... 4 further lines matching: srun: error: frontier#: tasks #-#,#-#: Terminated ...]
[... 4 further lines matching: srun: error: frontier#: tasks #,#: Terminated ...]
Running frontier nodes=512 ranks_per_node=56 dist=hierarchical_lockfree_rma mode=fixed expected_us=1000000 max_upper_fanout=0
srun: Step created for StepId=5137550.137
RESULT distributor=hierarchical_lockfree_rma mode=fixed expected_us=1000000 nodes=512 world_size=28672 max_upper_fanout=0 total_tasks=535021 elapsed_s=20.001 throughput_tasks_per_s=26749.8
MPICH Notice [Rank 0] [job id 5137550.137] [Sun Aug  2 04:36:31 2026] [frontier00096] - Abort(0) (rank 0 in comm 0): application called MPI_Abort(MPI_COMM_WORLD, 0) - process 0
aborting job:
application called MPI_Abort(MPI_COMM_WORLD, 0) - process 0
srun: error: frontier00096: task 0: Exited with exit code 255
srun: Terminating StepId=5137550.137
[2026-08-02T04:36:35.995] error: *** STEP 5137550.137 ON frontier00096 CANCELLED AT 2026-08-02T04:36:35 DUE TO TASK FAILURE ***
srun: error: frontier04199: tasks 10089,10096,10106,10112-10113: Terminated
srun: error: frontier08801: tasks 25033-25087: Terminated
srun: error: frontier07667: task 18201: Terminated
srun: error: frontier05746: tasks 12603,12608,12619-12620,12624,12633,12640,12643-12644,12649,12651-12652: Terminated
srun: error: frontier02679: tasks 5153-5207: Terminated
srun: error: frontier02414: task 3925: Terminated
srun: error: frontier04199: tasks 10081-10088,10090-10095,10097-10105,10107-10111,10114-10135: Terminated
srun: error: frontier05223: tasks 11369,11378: Terminated
srun: error: frontier06136: tasks 13896-13897,13912,13915,13917,13920-13922,13931,13933,13936: Terminated
srun: error: frontier05746: tasks 12601-12602,12604-12607,12609-12618,12621-12623,12625-12632,12634-12639,12641-12642,12645-12648,12650,12653-12655: Terminated
srun: error: frontier02414: tasks 3921-3924,3926-3975: Terminated
srun: error: frontier05223: tasks 11370-11377,11379-11423: Terminated
srun: error: frontier06136: tasks 13888-13895,13898-13911,13913-13914,13916,13918-13919,13923-13930,13932,13934-13935,13937-13943: Terminated
srun: error: frontier06141: tasks 14005,14012,14015,14033,14052: Terminated
srun: error: frontier05758: tasks 12769-12772,12775-12777,12779-12780,12783-12785,12787,12789-12790,12792-12793,12796,12800,12803-12808,12812,12814-12816,12820,12822: Terminated
srun: error: frontier06887: tasks 15963,15976: Terminated
srun: error: frontier09467: tasks 28415,28439,28447: Terminated
srun: error: frontier05623: tasks 12265,12269,12272,12275,12277,12281-12283,12285,12288,12291,12293-12294,12299,12301,12307,12309,12316-12317: Terminated
srun: error: frontier08029: tasks 19830,19832,19839-19840,19844,19847,19849,19855-19857,19860,19862-19863,19866,19870-19873,19879: Terminated
srun: error: frontier08569: tasks 23523,23527,23535,23559: Terminated
srun: error: frontier08677: tasks 24195,24216,24218,24220,24225-24226,24228,24243-24244: Terminated
srun: error: frontier06141: tasks 14000-14004,14006-14011,14013-14014,14016-14032,14034-14051,14053-14055: Terminated
srun: error: frontier06267: tasks 14281-14295,14298-14327,14329-14333,14335: Terminated
srun: error: frontier05758: tasks 12768,12773-12774,12778,12781-12782,12786,12788,12791,12794-12795,12797-12799,12801-12802,12809-12811,12813,12817-12819,12821,12823: Terminated
srun: error: frontier02516: tasks 4369-4386,4388-4394,4396-4423: Terminated
srun: error: frontier06887: tasks 15960-15962,15964-15975,15977-16015: Terminated
srun: error: frontier04986: tasks 11257,11259,11265,11267,11272,11276,11286,11288,11294,11296,11300,11304-11305: Terminated
srun: error: frontier03150: tasks 7530,7543,7551: Terminated
srun: error: frontier02518: tasks 4425-4427,4430-4432,4434-4438,4440,4442-4444,4446-4450,4453-4454,4458,4460,4462,4466,4470-4472,4477-4479: Terminated
srun: error: frontier08134: tasks 20619,20630,20633,20636,20639,20648,20650: Terminated
srun: error: frontier05623: tasks 12264,12266-12268,12270-12271,12273-12274,12276,12278-12280,12284,12286-12287,12289-12290,12292,12295-12298,12300,12302-12306,12308,12310-12315,12318-12319: Terminated
srun: error: frontier08029: tasks 19824-19829,19831,19833-19838,19841-19843,19845-19846,19848,19850-19854,19858-19859,19861,19864-19865,19867-19869,19874-19878: Terminated
srun: error: frontier04325: tasks 10472,10474-10519,10521-10527: Terminated
srun: error: frontier08569: tasks 23520-23522,23524-23526,23528-23534,23536-23558,23560-23575: Terminated
srun: error: frontier08677: tasks 24192-24194,24196-24215,24217,24219,24221-24224,24227,24229-24242,24245-24247: Terminated
srun: error: frontier06267: tasks 14280,14296-14297,14328,14334: Terminated
srun: error: frontier04986: tasks 11256,11258,11260-11264,11266,11268-11271,11273-11275,11277-11285,11287,11289-11293,11295,11297-11299,11301-11303,11306-11311: Terminated
srun: error: frontier03150: tasks 7504-7529,7531-7542,7544-7550,7552-7559: Terminated
srun: error: frontier02518: tasks 4424,4428-4429,4433,4439,4441,4445,4451-4452,4455-4457,4459,4461,4463-4465,4467-4469,4473-4476: Terminated
srun: error: frontier09027: tasks 26264,26266-26319: Terminated
srun: error: frontier08134: tasks 20608-20618,20620-20629,20631-20632,20634-20635,20637-20638,20640-20647,20649,20651-20663: Terminated
srun: Force Terminated StepId=5137550.137
[... 489 further lines matching: srun: error: frontier#: task #: Terminated ...]
[... 475 further lines matching: srun: error: frontier#: tasks #-#: Terminated ...]
[... 15 further lines matching: srun: error: frontier#: tasks #-#,#-#: Terminated ...]
[... 6 further lines matching: srun: error: frontier#: tasks #,#: Terminated ...]
[... 2 further lines matching: srun: error: frontier#: tasks #-#,#-#,#-#: Terminated ...]
[... 1 further lines matching: srun: error: frontier#: tasks #,#,#: Terminated ...]
Running frontier nodes=512 ranks_per_node=56 dist=hierarchical_lockfree_rma mode=uniform expected_us=10 max_upper_fanout=0
srun: Step created for StepId=5137550.138
RESULT distributor=hierarchical_lockfree_rma mode=uniform expected_us=10 nodes=512 world_size=28672 max_upper_fanout=0 total_tasks=335984618 elapsed_s=20.0017 throughput_tasks_per_s=1.67978e+07
MPICH Notice [Rank 0] [job id 5137550.138] [Sun Aug  2 04:37:44 2026] [frontier00096] - Abort(0) (rank 0 in comm 0): application called MPI_Abort(MPI_COMM_WORLD, 0) - process 0
aborting job:
application called MPI_Abort(MPI_COMM_WORLD, 0) - process 0
srun: error: frontier00096: task 0: Exited with exit code 255
srun: Terminating StepId=5137550.138
[2026-08-02T04:37:48.958] error: *** STEP 5137550.138 ON frontier00096 CANCELLED AT 2026-08-02T04:37:48 DUE TO TASK FAILURE ***
srun: error: frontier02679: tasks 5153-5207: Terminated
srun: error: frontier09159: tasks 26881-26935: Terminated
srun: error: frontier03156: tasks 7673-7706,7708-7727: Terminated
srun: error: frontier07667: task 18255: Terminated
srun: error: frontier03156: task 7707: Terminated
srun: error: frontier05872: tasks 12831,12837: Terminated
srun: error: frontier05872: tasks 12824-12830,12832-12836,12838-12879: Terminated
srun: error: frontier04986: tasks 11260,11273,11295-11296,11303: Terminated
srun: error: frontier07286: tasks 17519,17527: Terminated
srun: error: frontier04986: tasks 11256-11259,11261-11272,11274-11294,11297-11302,11304-11311: Terminated
srun: error: frontier07286: tasks 17472-17518,17520-17526: Terminated
srun: error: frontier08135: tasks 20664-20702,20704-20710,20712-20719: Terminated
srun: Force Terminated StepId=5137550.138
[... 508 further lines matching: srun: error: frontier#: task #: Terminated ...]
[... 505 further lines matching: srun: error: frontier#: tasks #-#: Terminated ...]
[... 1 further lines matching: srun: error: frontier#: tasks #,#: Terminated ...]
Running frontier nodes=512 ranks_per_node=56 dist=hierarchical_lockfree_rma mode=uniform expected_us=100 max_upper_fanout=0
srun: Step created for StepId=5137550.139
RESULT distributor=hierarchical_lockfree_rma mode=uniform expected_us=100 nodes=512 world_size=28672 max_upper_fanout=0 total_tasks=336395251 elapsed_s=20.0004 throughput_tasks_per_s=1.68194e+07
MPICH Notice [Rank 0] [job id 5137550.139] [Sun Aug  2 04:38:42 2026] [frontier00096] - Abort(0) (rank 0 in comm 0): application called MPI_Abort(MPI_COMM_WORLD, 0) - process 0
aborting job:
application called MPI_Abort(MPI_COMM_WORLD, 0) - process 0
srun: error: frontier00096: task 0: Exited with exit code 255
srun: Terminating StepId=5137550.139
[2026-08-02T04:38:57.830] error: *** STEP 5137550.139 ON frontier00096 CANCELLED AT 2026-08-02T04:38:57 DUE TO TASK FAILURE ***
srun: error: frontier04479: tasks 10753-10807: Terminated
srun: error: frontier00353: tasks 841-895: Terminated
srun: error: frontier04479: task 10752: Terminated
srun: error: frontier01139: task 1400: Terminated
srun: error: frontier03185: tasks 8009-8013,8015-8017,8020-8025,8027,8029,8031,8033-8041,8043-8048,8050-8054,8056,8058-8063: Terminated
srun: error: frontier03185: tasks 8008,8014,8018-8019,8026,8028,8030,8032,8042,8049,8055,8057: Terminated
srun: Force Terminated StepId=5137550.139
[... 509 further lines matching: srun: error: frontier#: tasks #-#: Terminated ...]
[... 509 further lines matching: srun: error: frontier#: task #: Terminated ...]
Running frontier nodes=512 ranks_per_node=56 dist=hierarchical_lockfree_rma mode=uniform expected_us=1000 max_upper_fanout=0
srun: Step created for StepId=5137550.140
RESULT distributor=hierarchical_lockfree_rma mode=uniform expected_us=1000 nodes=512 world_size=28672 max_upper_fanout=0 total_tasks=270725461 elapsed_s=20.0006 throughput_tasks_per_s=1.35359e+07
MPICH Notice [Rank 0] [job id 5137550.140] [Sun Aug  2 04:40:00 2026] [frontier00096] - Abort(0) (rank 0 in comm 0): application called MPI_Abort(MPI_COMM_WORLD, 0) - process 0
aborting job:
application called MPI_Abort(MPI_COMM_WORLD, 0) - process 0
srun: error: frontier00096: task 0: Exited with exit code 255
srun: Terminating StepId=5137550.140
[2026-08-02T04:40:05.030] error: *** STEP 5137550.140 ON frontier00096 CANCELLED AT 2026-08-02T04:40:05 DUE TO TASK FAILURE ***
srun: error: frontier08801: tasks 25033-25087: Terminated
srun: error: frontier06780: tasks 15681-15735: Terminated
srun: error: frontier08669: tasks 23801-23813,23815-23855: Terminated
srun: error: frontier09028: tasks 26321-26324,26326-26329,26331-26337,26339-26375: Terminated
srun: error: frontier08136: tasks 20721-20722,20730-20731,20733,20735-20736,20738,20740,20742-20749,20752,20754,20758,20760,20763-20765,20770-20773: Terminated
srun: error: frontier01139: task 1400: Terminated
srun: error: frontier03578: tasks 8849-8857,8859-8862,8864-8865,8867-8873,8875-8889,8891-8894,8896-8903: Terminated
srun: error: frontier02151: task 3248: Terminated
srun: error: frontier06650: tasks 15121-15122,15124-15125,15129-15130,15132-15133,15135-15140,15143-15146,15149,15151,15156-15157,15159-15160,15162-15166,15170-15174: Terminated
srun: error: frontier09030: tasks 26434-26435,26437,26439-26462,26464-26467,26469-26477,26479-26487: Terminated
srun: error: frontier09165: tasks 26993-27000,27002,27004-27017,27019-27022,27024,27026-27027,27029-27038,27040-27042,27044-27046: Terminated
srun: error: frontier05496: tasks 12041,12043,12045-12046,12048-12053,12056-12060,12062-12063,12065-12069,12074-12075,12077-12084,12086-12091,12093-12095: Terminated
srun: error: frontier08815: tasks 25145-25187,25189-25199: Terminated
srun: error: frontier06903: tasks 16411-16413,16415,16417,16420-16437,16439-16440,16442,16444-16447,16449-16450,16452-16454,16456,16458,16461-16463: Terminated
srun: error: frontier06781: tasks 15737-15758,15760-15773,15775,15777-15791: Terminated
srun: error: frontier06136: tasks 13889-13902,13904-13935,13937-13943: Terminated
srun: error: frontier08437: tasks 22681-22714,22716-22721,22723-22735: Terminated
srun: error: frontier03578: tasks 8848,8858,8863,8866,8874,8890,8895: Terminated
srun: error: frontier03157: tasks 7729-7747,7749-7750,7752,7754-7755,7757-7765,7767-7771,7773-7774,7776-7783: Terminated
srun: error: frontier07680: tasks 18313-18314,18316-18342,18344-18351,18353-18359,18363-18367: Terminated
srun: error: frontier06904: tasks 16465-16490,16492-16503,16505-16506,16508-16519: Terminated
srun: error: frontier07806: tasks 18873,18875,18881-18883,18887,18894,18896,18902-18903,18912,18914,18922-18923: Terminated
srun: error: frontier08059: tasks 20161-20163,20165-20169,20171-20193,20195-20210,20212-20215: Terminated
srun: error: frontier09028: tasks 26320,26325,26330,26338: Terminated
srun: error: frontier03582: tasks 9073-9074,9081,9094,9098-9099,9102-9103,9114-9115,9119,9122-9124,9126-9127: Terminated
srun: error: frontier08669: tasks 23800,23814: Terminated
srun: error: frontier02538: tasks 4706-4712,4714,4716-4732,4734-4748,4750,4752-4759: Terminated
srun: error: frontier00122: tasks 337-373,375,377-391: Terminated
srun: error: frontier06517: tasks 14785-14824,14826-14837,14839: Terminated
srun: error: frontier10174: tasks 28510,28519-28520,28526-28527,28530,28532,28545-28548,28553: Terminated
srun: error: frontier05233: tasks 11483,11494-11495,11522,11534-11535: Terminated
srun: error: frontier01917: tasks 2801-2802,2808,2810-2813,2815,2817,2819-2820,2822-2827,2829-2831,2837-2838,2840,2842,2844,2846,2852: Terminated
srun: error: frontier08136: tasks 20720,20723-20729,20732,20734,20737,20739,20741,20750-20751,20753,20755-20757,20759,20761-20762,20766-20769,20774-20775: Terminated
srun: error: frontier02916: tasks 6609-6621,6624,6626-6648,6650-6651,6653-6663: Terminated
srun: error: frontier00127: tasks 393-413,415,417-425,427-433,435-447: Terminated
srun: error: frontier06650: tasks 15120,15123,15126-15128,15131,15134,15141-15142,15147-15148,15150,15152-15155,15158,15161,15167-15169,15175: Terminated
srun: error: frontier07154: tasks 16968,17018: Terminated
srun: error: frontier05496: tasks 12040,12042,12044,12047,12054-12055,12061,12064,12070-12073,12076,12085,12092: Terminated
srun: error: frontier02428: tasks 4089-4091,4093-4102,4104-4108,4111-4124,4126-4139,4141-4143: Terminated
srun: error: frontier01534: tasks 2298,2300-2301,2303-2304,2306-2307,2309,2311-2312,2314,2317,2320-2321,2325-2326,2328,2333-2336,2343,2348,2351: Terminated
srun: error: frontier06136: tasks 13888,13903,13936: Terminated
srun: error: frontier06781: tasks 15736,15759,15774,15776: Terminated
srun: error: frontier00370: tasks 1065,1067-1071,1073-1094,1096-1102,1104-1108,1110-1119: Terminated
srun: error: frontier04091: tasks 9913,9915,9917-9920,9922-9962,9964-9967: Terminated
srun: error: frontier03157: tasks 7728,7748,7751,7753,7756,7766,7772,7775: Terminated
srun: error: frontier06903: tasks 16408-16410,16414,16416,16418-16419,16438,16441,16443,16448,16451,16455,16457,16459-16460: Terminated
srun: error: frontier09165: tasks 26992,27001,27003,27018,27023,27025,27028,27039,27043,27047: Terminated
srun: error: frontier09030: tasks 26432-26433,26436,26438,26463,26468,26478: Terminated
srun: error: frontier07806: tasks 18872,18874,18876-18880,18884-18886,18888-18893,18895,18897-18901,18904-18911,18913,18915-18921,18924-18927: Terminated
srun: error: frontier07680: tasks 18312,18315,18343,18352,18360-18362: Terminated
srun: error: frontier09024: tasks 26109,26117-26118,26123,26125,26127-26128,26131-26133: Terminated
srun: error: frontier06891: tasks 16129-16138,16140,16142-16177,16179-16183: Terminated
srun: error: frontier08437: tasks 22680,22715,22722: Terminated
srun: error: frontier08059: tasks 20160,20164,20170,20194,20211: Terminated
srun: error: frontier07550: tasks 18089,18094-18096,18098,18100,18106,18111,18117,18122-18123,18125-18127,18132,18135,18138,18140,18142: Terminated
srun: error: frontier04986: tasks 11257,11259-11260,11263-11264,11266,11268,11270-11271,11274-11275,11277-11278,11281,11283,11287,11289,11291-11296,11299-11304,11307,11309,11311: Terminated
srun: error: frontier02538: tasks 4704-4705,4713,4715,4733,4749,4751: Terminated
srun: error: frontier03582: tasks 9072,9075-9080,9082-9093,9095-9097,9100-9101,9104-9113,9116-9118,9120-9121,9125: Terminated
srun: error: frontier08679: tasks 24305-24320,24322,24325,24327-24336,24338-24349,24351-24359: Terminated
srun: error: frontier01917: tasks 2800,2803-2807,2809,2814,2816,2818,2821,2828,2832-2836,2839,2841,2843,2845,2847-2851,2853-2855: Terminated
srun: error: frontier08906: tasks 25593-25595,25598,25600-25602,25604-25605,25609,25613-25614,25616-25617,25620,25622,25624,25627,25631,25633-25635,25637,25641-25642,25644,25646-25647: Terminated
srun: error: frontier04722: tasks 10920,10934,10944,10956,10969: Terminated
srun: error: frontier02916: tasks 6608,6622-6623,6625,6649,6652: Terminated
srun: error: frontier10174: tasks 28504-28509,28511-28518,28521-28525,28528-28529,28531,28533-28544,28549-28552,28554-28559: Terminated
srun: error: frontier02428: tasks 4088,4092,4103,4109-4110,4125,4140: Terminated
srun: error: frontier08906: tasks 25592,25596-25597,25599,25603,25606-25608,25610-25612,25615,25618-25619,25621,25623,25625-25626,25628-25630,25632,25636,25638-25640,25643,25645: Terminated
srun: error: frontier01534: tasks 2296-2297,2299,2302,2305,2308,2310,2313,2315-2316,2318-2319,2322-2324,2327,2329-2332,2337-2342,2344-2347,2349-2350: Terminated
srun: error: frontier09024: tasks 26096-26108,26110-26116,26119-26122,26124,26126,26129-26130,26134-26151: Terminated
srun: error: frontier00370: tasks 1064,1066,1072,1095,1103,1109: Terminated
srun: error: frontier08679: tasks 24304,24321,24323-24324,24326,24337,24350: Terminated
srun: error: frontier07550: tasks 18088,18090-18093,18097,18099,18101-18105,18107-18110,18112-18116,18118-18121,18124,18128-18131,18133-18134,18136-18137,18139,18141,18143: Terminated
srun: error: frontier06267: tasks 14280,14289-14290,14320,14324-14326: Terminated
srun: error: frontier04986: tasks 11256,11258,11261-11262,11265,11267,11269,11272-11273,11276,11279-11280,11282,11284-11286,11288,11290,11297-11298,11305-11306,11308,11310: Terminated
srun: error: frontier00098: tasks 56,72,76,79,86,111: Terminated
srun: Force Terminated StepId=5137550.140
[... 443 further lines matching: srun: error: frontier#: tasks #-#: Terminated ...]
[... 440 further lines matching: srun: error: frontier#: task #: Terminated ...]
[... 20 further lines matching: srun: error: frontier#: tasks #,#: Terminated ...]
[... 19 further lines matching: srun: error: frontier#: tasks #-#,#-#: Terminated ...]
[... 9 further lines matching: srun: error: frontier#: tasks #,#,#,#: Terminated ...]
[... 8 further lines matching: srun: error: frontier#: tasks #-#,#-#,#-#,#-#: Terminated ...]
[... 3 further lines matching: srun: error: frontier#: tasks #-#,#-#,#-#,#-#,#-#: Terminated ...]
[... 3 further lines matching: srun: error: frontier#: tasks #,#,#: Terminated ...]
[... 3 further lines matching: srun: error: frontier#: tasks #,#,#,#,#: Terminated ...]
[... 2 further lines matching: srun: error: frontier#: tasks #-#,#-#,#-#: Terminated ...]
Running frontier nodes=512 ranks_per_node=56 dist=hierarchical_lockfree_rma mode=uniform expected_us=10000 max_upper_fanout=0
srun: Step created for StepId=5137550.141
RESULT distributor=hierarchical_lockfree_rma mode=uniform expected_us=10000 nodes=512 world_size=28672 max_upper_fanout=0 total_tasks=52718158 elapsed_s=20.0009 throughput_tasks_per_s=2.63579e+06
MPICH Notice [Rank 0] [job id 5137550.141] [Sun Aug  2 04:41:16 2026] [frontier00096] - Abort(0) (rank 0 in comm 0): application called MPI_Abort(MPI_COMM_WORLD, 0) - process 0
aborting job:
application called MPI_Abort(MPI_COMM_WORLD, 0) - process 0
srun: error: frontier00096: task 0: Exited with exit code 255
srun: Terminating StepId=5137550.141
[2026-08-02T04:41:21.587] error: *** STEP 5137550.141 ON frontier00096 CANCELLED AT 2026-08-02T04:41:21 DUE TO TASK FAILURE ***
srun: error: frontier09026: tasks 26209-26263: Terminated
srun: error: frontier04199: tasks 10081-10134: Terminated
srun: error: frontier08395: tasks 21954,21961,21974,21986: Terminated
srun: error: frontier04199: task 10135: Terminated
srun: error: frontier08309: task 21920: Terminated
srun: error: frontier00353: tasks 862,865: Terminated
srun: error: frontier09420: tasks 28170,28186,28192: Terminated
srun: error: frontier08395: tasks 21953,21955-21960,21962-21973,21975-21985,21987-22007: Terminated
srun: error: frontier07801: tasks 18821,18848,18855,18863: Terminated
srun: error: frontier03292: tasks 8289,8296: Terminated
srun: error: frontier06136: tasks 13889-13926,13928-13943: Terminated
srun: error: frontier08397: tasks 22019,22024-22025,22032,22040,22048-22049,22063: Terminated
srun: error: frontier08670: tasks 23871-23872,23876,23887-23888,23895-23896,23900,23903,23911: Terminated
srun: error: frontier08309: tasks 21897-21919,21921-21951: Terminated
srun: error: frontier00353: tasks 841-861,863-864,866-895: Terminated
srun: error: frontier09420: tasks 28169,28171-28185,28187-28191,28193-28223: Terminated
srun: error: frontier07801: tasks 18817-18820,18822-18847,18849-18854,18856-18862,18864-18871: Terminated
srun: error: frontier03292: tasks 8288,8290-8295,8297-8343: Terminated
srun: error: frontier04601: tasks 10887,10903,10919: Terminated
srun: error: frontier02523: tasks 4536,4538-4559,4561-4591: Terminated
srun: error: frontier07680: tasks 18314,18317,18328,18350,18354: Terminated
srun: error: frontier08397: tasks 22008-22018,22020-22023,22026-22031,22033-22039,22041-22047,22050-22062: Terminated
srun: error: frontier08670: tasks 23856-23870,23873-23875,23877-23886,23889-23894,23897-23899,23901-23902,23904-23910: Terminated
srun: error: frontier08023: tasks 19601-19610,19612-19653,19655: Terminated
srun: error: frontier03052: tasks 7170,7175-7177,7182-7185,7187,7191,7193,7198-7201,7203,7206-7208,7210,7215-7216,7223: Terminated
srun: error: frontier01534: tasks 2297,2302,2304,2317,2320,2322-2326,2344: Terminated
srun: error: frontier09176: tasks 27329,27331,27335,27345,27350,27380: Terminated
srun: error: frontier04601: tasks 10864-10886,10888-10902,10904-10918: Terminated
srun: error: frontier06896: tasks 16297,16312-16313,16344: Terminated
srun: error: frontier02791: tasks 5880-5890,5892-5898,5900-5906,5908-5935: Terminated
srun: error: frontier08300: tasks 21729-21730,21738,21742,21749,21761-21762,21764,21772,21777,21780,21783: Terminated
srun: error: frontier07909: tasks 19154,19160,19174,19176,19184,19186,19192,19198,19202: Terminated
srun: error: frontier07680: tasks 18312-18313,18315-18316,18318-18327,18329-18349,18351-18353,18355-18367: Terminated
srun: error: frontier03052: tasks 7168-7169,7171-7174,7178-7181,7186,7188-7190,7192,7194-7197,7202,7204-7205,7209,7211-7214,7217-7222: Terminated
srun: error: frontier05876: tasks 12995,13000,13003,13005-13006,13014,13016,13022,13024-13025,13028,13030,13040,13046: Terminated
srun: error: frontier00225: tasks 505,513,520,526,531-532,545,548: Terminated
srun: error: frontier06141: tasks 14000,14002-14055: Terminated
srun: error: frontier04986: tasks 11259-11260,11265,11268,11288-11289,11297: Terminated
srun: error: frontier03962: tasks 9688-9690,9692-9710,9712-9726,9728-9743: Terminated
srun: error: frontier01649: tasks 2409-2420,2422,2427-2428,2431-2432,2435-2436,2440-2441,2444,2447,2449,2452-2457,2460-2463: Terminated
srun: error: frontier00250: tasks 729,731-744,746-778,780-783: Terminated
srun: error: frontier05620: tasks 12208,12210-12263: Terminated
srun: error: frontier01137: tasks 1346,1351,1353,1363,1370-1371,1379-1381,1394-1395,1397,1399: Terminated
srun: error: frontier01534: tasks 2296,2298-2301,2303,2305-2316,2318-2319,2321,2327-2343,2345-2351: Terminated
srun: error: frontier09176: tasks 27328,27330,27332-27334,27336-27344,27346-27349,27351-27379,27381-27383: Terminated
srun: error: frontier00225: tasks 504,506-512,514-519,521-525,527-530,533-544,546-547,549-559: Terminated
srun: error: frontier07909: tasks 19152-19153,19155-19159,19161-19173,19175,19177-19183,19185,19187-19191,19193-19197,19199-19201,19203-19207: Terminated
srun: error: frontier08300: tasks 21728,21731-21737,21739-21741,21743-21748,21750-21760,21763,21765-21771,21773-21776,21778-21779,21781-21782: Terminated
srun: error: frontier05876: tasks 12992-12994,12996-12999,13001-13002,13004,13007-13013,13015,13017-13021,13023,13026-13027,13029,13031-13039,13041-13045,13047: Terminated
srun: error: frontier01649: tasks 2408,2421,2423-2426,2429-2430,2433-2434,2437-2439,2442-2443,2445-2446,2448,2450-2451,2458-2459: Terminated
srun: error: frontier06007: tasks 13160-13165,13167,13169-13191,13193-13202,13204-13215: Terminated
srun: error: frontier01137: tasks 1344-1345,1347-1350,1352,1354-1362,1364-1369,1372-1378,1382-1393,1396,1398: Terminated
srun: Force Terminated StepId=5137550.141
[... 471 further lines matching: srun: error: frontier#: task #: Terminated ...]
[... 453 further lines matching: srun: error: frontier#: tasks #-#: Terminated ...]
[... 17 further lines matching: srun: error: frontier#: tasks #,#: Terminated ...]
[... 14 further lines matching: srun: error: frontier#: tasks #-#,#-#: Terminated ...]
[... 5 further lines matching: srun: error: frontier#: tasks #,#-#: Terminated ...]
[... 4 further lines matching: srun: error: frontier#: tasks #,#,#: Terminated ...]
[... 4 further lines matching: srun: error: frontier#: tasks #,#,#,#: Terminated ...]
[... 3 further lines matching: srun: error: frontier#: tasks #-#,#-#,#-#: Terminated ...]
[... 3 further lines matching: srun: error: frontier#: tasks #,#-#,#-#,#-#: Terminated ...]
[... 2 further lines matching: srun: error: frontier#: tasks #,#-#,#-#: Terminated ...]
[... 1 further lines matching: srun: error: frontier#: tasks #-#,#-#,#-#,#-#: Terminated ...]
[... 1 further lines matching: srun: error: frontier#: tasks #-#,#-#,#-#,#-#,#-#,#-#: Terminated ...]
Running frontier nodes=512 ranks_per_node=56 dist=hierarchical_lockfree_rma mode=uniform expected_us=100000 max_upper_fanout=0
RESULT distributor=hierarchical_lockfree_rma mode=uniform expected_us=100000 nodes=512 world_size=28672 max_upper_fanout=0 total_tasks=5425439 elapsed_s=20.0015 throughput_tasks_per_s=271252
MPICH Notice [Rank 0] [job id 5137550.142] [Sun Aug  2 04:42:34 2026] [frontier00096] - Abort(0) (rank 0 in comm 0): application called MPI_Abort(MPI_COMM_WORLD, 0) - process 0
aborting job:
application called MPI_Abort(MPI_COMM_WORLD, 0) - process 0
srun: error: frontier00096: task 0: Exited with exit code 255
srun: Terminating StepId=5137550.142
[2026-08-02T04:42:39.613] error: *** STEP 5137550.142 ON frontier00096 CANCELLED AT 2026-08-02T04:42:39 DUE TO TASK FAILURE ***
srun: error: frontier09159: tasks 26881-26935: Terminated
srun: error: frontier09026: tasks 26209-26263: Terminated
srun: error: frontier01139: task 1400: Terminated
srun: error: frontier00102: task 168: Terminated
srun: error: frontier08786: tasks 24641-24645,24647-24655,24657-24695: Terminated
srun: error: frontier09289: tasks 27553-27559,27561-27567,27569-27584,27586-27607: Terminated
srun: error: frontier08672: tasks 23969-23974,23976-23979,23981-23985,23987-23995,23997-24019,24021-24023: Terminated
srun: error: frontier08673: tasks 24025-24056,24058-24079: Terminated
srun: error: frontier08438: tasks 22768,22776: Terminated
srun: error: frontier01140: tasks 1457-1483,1485-1511: Terminated
srun: error: frontier08026: tasks 19657,19659-19663,19665-19669,19671-19679,19681,19683-19686,19688-19697,19699-19705,19707,19709-19711: Terminated
srun: error: frontier03158: tasks 7787,7806,7815,7831-7832,7838-7839: Terminated
srun: error: frontier06266: tasks 14225-14238,14241-14253,14255-14277,14279: Terminated
srun: error: frontier03582: tasks 9073-9074,9076-9088,9090-9092,9094-9108,9110-9115,9117-9118,9120,9122-9123,9125-9127: Terminated
srun: error: frontier08902: tasks 25369-25374,25376-25398,25400-25402,25404-25423: Terminated
srun: error: frontier03584: tasks 9185-9211,9213-9219,9221-9239: Terminated
srun: error: frontier00368: tasks 955,976: Terminated
srun: error: frontier02511: tasks 4257-4268,4270,4272,4274-4284,4286-4294,4296-4305,4307-4311: Terminated
srun: error: frontier09289: tasks 27552,27560,27568,27585: Terminated
srun: error: frontier08786: tasks 24640,24646,24656: Terminated
srun: error: frontier03158: tasks 7784-7786,7788-7805,7807-7814,7816-7830,7833-7837: Terminated
srun: error: frontier08672: tasks 23968,23975,23980,23986,23996,24020: Terminated
srun: error: frontier03582: tasks 9072,9075,9089,9093,9109,9116,9119,9121,9124: Terminated
srun: error: frontier08026: tasks 19656,19658,19664,19670,19680,19682,19687,19698,19706,19708: Terminated
srun: error: frontier03304: tasks 8400,8417,8436: Terminated
srun: error: frontier06266: tasks 14224,14239-14240,14254,14278: Terminated
srun: error: frontier08902: tasks 25368,25375,25399,25403: Terminated
srun: error: frontier02511: tasks 4256,4269,4271,4273,4285,4295,4306: Terminated
srun: Force Terminated StepId=5137550.142
[... 482 further lines matching: srun: error: frontier#: tasks #-#: Terminated ...]
[... 482 further lines matching: srun: error: frontier#: task #: Terminated ...]
[... 14 further lines matching: srun: error: frontier#: tasks #,#: Terminated ...]
[... 10 further lines matching: srun: error: frontier#: tasks #-#,#-#: Terminated ...]
[... 6 further lines matching: srun: error: frontier#: tasks #-#,#-#,#-#: Terminated ...]
[... 2 further lines matching: srun: error: frontier#: tasks #,#,#: Terminated ...]
Running frontier nodes=512 ranks_per_node=56 dist=hierarchical_lockfree_rma mode=uniform expected_us=1000000 max_upper_fanout=0
RESULT distributor=hierarchical_lockfree_rma mode=uniform expected_us=1000000 nodes=512 world_size=28672 max_upper_fanout=0 total_tasks=502999 elapsed_s=20.0007 throughput_tasks_per_s=25149
MPICH Notice [Rank 0] [job id 5137550.143] [Sun Aug  2 04:44:01 2026] [frontier00096] - Abort(0) (rank 0 in comm 0): application called MPI_Abort(MPI_COMM_WORLD, 0) - process 0
aborting job:
application called MPI_Abort(MPI_COMM_WORLD, 0) - process 0
srun: error: frontier00096: task 0: Exited with exit code 255
srun: Terminating StepId=5137550.143
[2026-08-02T04:44:07.419] error: *** STEP 5137550.143 ON frontier00096 CANCELLED AT 2026-08-02T04:44:07 DUE TO TASK FAILURE ***
srun: error: frontier08801: tasks 25033-25087: Terminated
srun: error: frontier08395: tasks 21954,21960,21970,21974,21978,21986,21988,21992,22004: Terminated
srun: error: frontier09026: tasks 26209-26263: Terminated
srun: error: frontier06898: tasks 16353-16383,16385-16407: Terminated
srun: error: frontier07667: tasks 18201-18213,18215-18216,18218-18222,18224-18233,18235-18236,18238-18239,18241-18255: Terminated
srun: error: frontier06898: task 16384: Terminated
srun: error: frontier08395: tasks 21953,21955-21959,21961-21969,21971-21973,21975-21977,21979-21985,21987,21989-21991,21993-22003,22005-22007: Terminated
srun: error: frontier07667: tasks 18214,18217,18223,18234,18237,18240: Terminated
srun: error: frontier08801: task 25032: Terminated
srun: error: frontier08397: tasks 22009-22039,22041-22063: Terminated
srun: error: frontier07887: tasks 18929,18977: Terminated
srun: error: frontier08815: tasks 25145-25146,25157,25161,25169,25175-25176,25194,25196,25199: Terminated
srun: error: frontier08397: tasks 22008,22040: Terminated
srun: error: frontier06110: tasks 13441-13450,13452,13454-13458,13460,13463-13464,13466,13468-13469,13474,13476,13479-13481,13483-13484,13487,13489-13492: Terminated
srun: error: frontier07887: tasks 18928,18930-18976,18978-18983: Terminated
srun: error: frontier08815: tasks 25144,25147-25156,25158-25160,25162-25168,25170-25174,25177-25193,25195,25197-25198: Terminated
srun: error: frontier08899: tasks 25200,25203-25255: Terminated
srun: error: frontier06110: tasks 13440,13451,13453,13459,13461-13462,13465,13467,13470-13473,13475,13477-13478,13482,13485-13486,13488,13493-13495: Terminated
srun: Force Terminated StepId=5137550.143
[... 501 further lines matching: srun: error: frontier#: task #: Terminated ...]
[... 498 further lines matching: srun: error: frontier#: tasks #-#: Terminated ...]
[... 5 further lines matching: srun: error: frontier#: tasks #-#,#-#: Terminated ...]
[... 5 further lines matching: srun: error: frontier#: tasks #,#: Terminated ...]
