Running frontier nodes=2048 ranks_per_node=56 dist=hierarchical mode=fixed expected_us=100000 max_upper_fanout=-1
RESULT distributor=hierarchical mode=fixed expected_us=100000 nodes=2048 world_size=114688 max_upper_fanout=-1 total_tasks=23259940 elapsed_s=20.9751 throughput_tasks_per_s=1.10893e+06
MPICH Notice [Rank 0] [job id 5139162.0] [Sun Aug  2 05:06:36 2026] [frontier00019] - Abort(0) (rank 0 in comm 0): application called MPI_Abort(MPI_COMM_WORLD, 0) - process 0

aborting job:
application called MPI_Abort(MPI_COMM_WORLD, 0) - process 0
srun: error: Unknown: task 0: Exited with exit code 255
srun: Terminating StepId=5139162.0
[2026-08-02T05:06:37.200] error: *** STEP 5139162.0 ON frontier00019 CANCELLED AT 2026-08-02T05:06:37 DUE TO TASK FAILURE ***
srun: error: Unknown: task 3704: Terminated
srun: error: Unknown: tasks 4985,4988-4993,4996-5001,5003-5008,5011-5015,5017,5019-5025,5027,5029-5031,5033,5035-5037: Terminated
srun: error: Unknown: tasks 67657,67683,67694,67697: Terminated
srun: error: Unknown: task 80702: Terminated
srun: error: Unknown: tasks 27953,27965,27973: Terminated
srun: error: Unknown: tasks 13695,13697: Terminated
srun: error: Unknown: tasks 16191,16198-16199,16239: Terminated
srun: error: Unknown: tasks 78849,78873,78889: Terminated
srun: error: Unknown: task 4367: Terminated
srun: error: Unknown: tasks 83837,83845,83853,83861,83877: Terminated
srun: error: Unknown: task 67143: Terminated
srun: error: Unknown: tasks 84448-84472,84474-84493,84495-84503: Terminated
srun: error: Unknown: tasks 19827-19828,19841,19846-19847,19863,19866,19869-19870,19874: Terminated
srun: error: Unknown: tasks 27273,27283,27287,27300,27303,27307: Terminated
srun: error: Unknown: task 83782: Terminated
srun: error: Unknown: task 31135: Terminated
srun: error: Unknown: tasks 74540,74553,74569,74577,74582: Terminated
srun: error: Unknown: task 69625: Terminated
srun: error: Unknown: tasks 1-39,41-55: Terminated
srun: error: Unknown: tasks 105579,105581,105584,105597,105601,105608,105614: Terminated
srun: error: Unknown: tasks 90664-90673,90675,90677-90682,90685-90686,90690-90691,90693,90696-90701,90704-90707,90709-90714,90716,90718: Terminated
srun: error: Unknown: tasks 104890,104893-104894,104896,104898,104901-104903,104905-104906,104909-104914,104917-104922,104926-104928,104934-104935,104937-104938: Terminated
srun: error: Unknown: tasks 65143,65151,65158,65162,65165,65167,65173: Terminated
srun: error: Unknown: tasks 4874-4876,4878,4885-4888,4891,4900-4903,4906-4907,4911-4914,4917-4919,4922-4923,4926-4927: Terminated
srun: error: Unknown: tasks 47157,47159-47161,47163,47166-47167,47169,47171,47173,47175,47177,47179,47184-47185,47187-47192,47195-47196,47198-47200,47203-47204,47207: Terminated
srun: error: Unknown: tasks 85684-85685,85709,85719: Terminated
srun: error: Unknown: tasks 98063,98065,98067,98071-98072,98079-98080,98103,98105,98109: Terminated
srun: error: Unknown: tasks 99961,99965,99969,99971,99975,99983,99985,99987,99989,99993,99999-100001,100003,100007: Terminated
srun: error: Unknown: tasks 9298-9300,9302,9304,9308-9310,9312-9313,9316,9318-9320,9324,9326,9328-9330,9332,9336-9347,9350-9351: Terminated
srun: error: Unknown: tasks 3696-3703,3705-3751: Terminated
srun: error: Unknown: tasks 49681,49683,49689,49697,49702,49705,49720,49724: Terminated
srun: error: Unknown: tasks 34725,34727,34729,34731,34734-34735,34737,34743,34749,34755-34756,34759,34766,34775: Terminated
srun: error: Unknown: tasks 66532,66543,66550-66551,66553,66555,66575: Terminated
srun: error: Unknown: tasks 89380,89407,89412,89414,89422,89429: Terminated
srun: error: Unknown: tasks 19824-19826,19829-19840,19842-19845,19848-19862,19864-19865,19867-19868,19871-19873,19875-19879: Terminated
srun: error: Unknown: tasks 75152,75168,75177-75178,75191: Terminated
srun: error: Unknown: tasks 44072-44127: Terminated
srun: error: Unknown: tasks 43400-43455: Terminated
srun: error: Unknown: tasks 16072-16127: Terminated
srun: error: Unknown: tasks 72129,72161,72163-72164,72167,72171,72174,72177,72179,72183: Terminated
srun: error: Unknown: tasks 73313,73317,73321,73324,73329,73335,73340,73348,73350: Terminated
srun: error: Unknown: tasks 56504-56559: Terminated
srun: error: Unknown: tasks 52080-52135: Terminated
srun: error: Unknown: tasks 73808-73863: Terminated
srun: error: Unknown: tasks 104888-104889,104891-104892,104895,104897,104899-104900,104904,104907-104908,104915-104916,104923-104925,104929-104933,104936,104939-104943: Terminated
srun: error: Unknown: tasks 7415,7421,7447: Terminated
srun: error: Unknown: tasks 619,623,625,628,630-631,640,645,647,651,653,665,670: Terminated
srun: error: Unknown: tasks 104329,104332,104334-104335,104337-104343,104345-104346,104348-104351,104353-104355,104357,104359,104361-104363,104367,104370,104372,104375-104378,104380: Terminated
srun: error: Unknown: tasks 4872-4873,4877,4879-4884,4889-4890,4892-4899,4904-4905,4908-4910,4915-4916,4920-4921,4924-4925: Terminated
srun: error: Unknown: tasks 5544-5599: Terminated
srun: error: Unknown: tasks 78232-78287: Terminated
srun: error: Unknown: task 98800: Terminated
srun: error: Unknown: tasks 83832-83836,83838-83844,83846-83852,83854-83860,83862-83876,83878-83887: Terminated
srun: error: Unknown: tasks 94360-94415: Terminated
srun: error: Unknown: tasks 80080-80135: Terminated
srun: error: Unknown: tasks 14896-14951: Terminated
srun: error: Unknown: tasks 47152-47156,47158,47162,47164-47165,47168,47170,47172,47174,47176,47178,47180-47183,47186,47193-47194,47197,47201-47202,47205-47206: Terminated
srun: error: Unknown: tasks 25424-25479: Terminated
srun: error: Unknown: tasks 11144-11199: Terminated
srun: error: Unknown: tasks 72632-72687: Terminated
srun: error: Unknown: tasks 10472-10527: Terminated
srun: error: Unknown: tasks 32381,32389,32413: Terminated
srun: error: Unknown: tasks 9296-9297,9301,9303,9305-9307,9311,9314-9315,9317,9321-9323,9325,9327,9331,9333-9335,9348-9349: Terminated
srun: error: Unknown: tasks 88760-88815: Terminated
srun: error: Unknown: tasks 24193,24196-24197,24199-24201,24203,24206,24209,24211,24213-24214,24216-24217,24219,24222,24224-24233,24235-24237,24239-24240,24246-24247: Terminated
srun: error: Unknown: tasks 32872-32927: Terminated
srun: error: Unknown: tasks 32200-32255: Terminated
srun: error: Unknown: tasks 85008-85063: Terminated
srun: error: Unknown: task 37976: Terminated
srun: error: Unknown: tasks 27272,27274-27282,27284-27286,27288-27299,27301-27302,27304-27306,27308-27327: Terminated
srun: error: Unknown: tasks 41552-41607: Terminated
srun: error: Unknown: task 106951: Terminated
srun: error: Unknown: tasks 105560-105578,105580,105582-105583,105585-105596,105598-105600,105602-105607,105609-105613,105615: Terminated
srun: error: Unknown: tasks 79408-79463: Terminated
srun: error: Unknown: tasks 49000-49055: Terminated
srun: error: Unknown: tasks 31024-31079: Terminated
srun: error: Unknown: tasks 35952-36007: Terminated
srun: error: Unknown: tasks 52752-52807: Terminated
srun: error: Unknown: tasks 96880-96935: Terminated
srun: error: Unknown: tasks 57680-57735: Terminated
srun: error: Unknown: tasks 112336-112391: Terminated
srun: error: Unknown: tasks 16744-16799: Terminated
srun: error: Unknown: tasks 70728-70783: Terminated
srun: error: Unknown: tasks 41001,41009,41024,41027: Terminated
srun: error: Unknown: tasks 111160-111215: Terminated
srun: error: Unknown: tasks 102480-102535: Terminated
srun: error: Unknown: tasks 99960,99962-99964,99966-99968,99970,99972-99974,99976-99982,99984,99986,99988,99990-99992,99994-99998,100002,100004-100006,100008-100015: Terminated
srun: error: Unknown: tasks 6216-6271: Terminated
srun: error: Unknown: tasks 58352-58407: Terminated
srun: error: Unknown: tasks 112519,112540,112543,112552,112556,112559: Terminated
srun: error: Unknown: tasks 113008-113063: Terminated
srun: error: Unknown: tasks 69552-69607: Terminated
srun: error: Unknown: tasks 89432-89487: Terminated
srun: error: Unknown: tasks 31641,31645,31647,31649-31650,31652-31654,31659-31661,31666-31667,31669,31673,31675-31677,31679,31682-31683,31686-31689,31692: Terminated
srun: error: Unknown: tasks 110488-110543: Terminated
srun: error: Unknown: tasks 42224-42279: Terminated
srun: error: Unknown: tasks 29120-29175: Terminated
srun: error: Unknown: tasks 10585,10593,10601,10607,10609,10619,10623,10625,10629,10637-10638: Terminated
srun: error: Unknown: tasks 22961,22965,23011: Terminated
srun: error: Unknown: tasks 21672-21727: Terminated
srun: error: Unknown: tasks 54600-54655: Terminated
srun: error: Unknown: tasks 27944-27952,27954-27964,27966-27972,27974-27999: Terminated
srun: error: Unknown: tasks 106736-106791: Terminated
srun: error: Unknown: tasks 22344-22399: Terminated
srun: error: Unknown: tasks 103656-103711: Terminated
srun: error: Unknown: tasks 36624-36679: Terminated
srun: error: Unknown: tasks 26040-26095: Terminated
srun: error: Unknown: tasks 39144-39199: Terminated
srun: error: Unknown: tasks 93803,93807-93809,93811,93820,93823,93825-93826,93834,93839,93850: Terminated
srun: error: Unknown: tasks 65128-65142,65144-65150,65152-65157,65159-65161,65163-65164,65166,65168-65172,65174-65183: Terminated
srun: error: Unknown: tasks 95657-95658,95661,95663,95665-95667,95697: Terminated
srun: error: Unknown: tasks 68880-68935: Terminated
srun: error: Unknown: tasks 63280-63335: Terminated
srun: error: Unknown: tasks 111776-111831: Terminated
srun: error: Unknown: tasks 76328-76383: Terminated
srun: error: Unknown: tasks 82600-82655: Terminated
srun: error: Unknown: tasks 74480-74535: Terminated
srun: error: Unknown: tasks 37800-37855: Terminated
srun: error: Unknown: tasks 38472-38527: Terminated
srun: error: Unknown: tasks 60200-60255: Terminated
srun: error: Unknown: tasks 62048-62103: Terminated
srun: error: Unknown: tasks 47824-47879: Terminated
srun: error: Unknown: tasks 57120-57175: Terminated
srun: error: Unknown: tasks 68320-68375: Terminated
srun: error: Unknown: tasks 64574-64575,64583,64586,64589,64599,64601,64607,64612,64614,64616-64617: Terminated
srun: error: Unknown: tasks 55272-55327: Terminated
srun: error: Unknown: tasks 60872-60927: Terminated
srun: error: Unknown: tasks 77000-77055: Terminated
srun: error: Unknown: tasks 12992-13047: Terminated
srun: error: Unknown: tasks 65800-65855: Terminated
srun: error: Unknown: tasks 85680-85683,85686-85708,85710-85718,85720-85735: Terminated
srun: error: Unknown: tasks 91280-91335: Terminated
srun: error: Unknown: tasks 46592-46647: Terminated
srun: error: Unknown: tasks 96208-96263: Terminated
srun: error: Unknown: tasks 90608-90663: Terminated
srun: error: Unknown: tasks 109928-109983: Terminated
srun: error: Unknown: tasks 84473,84494: Terminated
srun: error: Unknown: tasks 72747,72752,72755: Terminated
srun: error: Unknown: tasks 63952-64007: Terminated
srun: error: Unknown: tasks 13664-13694,13696,13698-13719: Terminated
srun: error: Unknown: tasks 1792-1847: Terminated
srun: error: Unknown: tasks 101808-101863: Terminated
srun: error: Unknown: tasks 67648-67656,67658-67682,67684-67693,67695-67696,67698-67703: Terminated
srun: error: Unknown: tasks 33544-33599: Terminated
srun: error: Unknown: tasks 27440-27478,27480-27495: Terminated
srun: error: Unknown: tasks 108080-108135: Terminated
srun: error: Unknown: tasks 2464-2519: Terminated
srun: error: Unknown: tasks 86975,86979,86997,86999-87001,87005,87015,87019,87021: Terminated
srun: error: Unknown: tasks 4984,4986-4987,4994-4995,5002,5009-5010,5016,5018,5026,5028,5032,5034,5038-5039: Terminated
srun: error: Unknown: tasks 98056-98062,98064,98066,98068-98070,98073-98078,98081-98102,98104,98106-98108,98110-98111: Terminated
srun: error: Unknown: tasks 6836,6840,6857,6866,6869: Terminated
srun: error: Unknown: tasks 83776-83781,83783-83831: Terminated
srun: error: Unknown: tasks 71400-71455: Terminated
srun: error: Unknown: tasks 107408-107463: Terminated
srun: error: Unknown: tasks 1248,1270,1279: Terminated
srun: error: Unknown: tasks 76440-76495: Terminated
srun: error: Unknown: tasks 45361,45363,45365,45367,45375,45377,45379-45381,45383,45385,45393,45395-45397,45400,45402-45404,45406-45407,45409,45411: Terminated
srun: error: Unknown: tasks 29792-29847: Terminated
srun: error: Unknown: tasks 4312-4366: Terminated
srun: error: Unknown: tasks 87528-87583: Terminated
srun: error: Unknown: tasks 24864-24919: Terminated
srun: error: Unknown: tasks 52192-52247: Terminated
srun: error: Unknown: tasks 49672-49680,49682,49684-49688,49690-49696,49698-49701,49703-49704,49706-49719,49721-49723,49725-49727: Terminated
srun: error: Unknown: tasks 23520-23575: Terminated
srun: error: Unknown: tasks 47768-47823: Terminated
srun: error: Unknown: task 24816: Terminated
srun: error: Unknown: tasks 108027,108029,108031-108032,108035-108036,108039,108041,108043,108047-108049,108053,108056,108059,108063-108065,108067,108071,108073-108074,108077,108079: Terminated
srun: error: Unknown: tasks 94477-94479,94486-94487,94493-94495,94502-94503,94509-94511,94517-94519,94525-94527: Terminated
srun: error: Unknown: tasks 81928-81983: Terminated
srun: error: Unknown: tasks 78848,78850-78872,78874-78888,78890-78903: Terminated
srun: error: Unknown: tasks 40320-40375: Terminated
srun: error: Unknown: tasks 88200-88255: Terminated
srun: error: Unknown: tasks 616-618,620-622,624,626-627,629,632-639,641-644,646,648-650,652,654-664,666-669,671: Terminated
srun: error: Unknown: tasks 99400-99455: Terminated
srun: error: Unknown: tasks 34720-34724,34726,34728,34730,34732-34733,34736,34738-34742,34744-34748,34750-34754,34757-34758,34760-34765,34767-34774: Terminated
srun: error: Unknown: tasks 93128-93183: Terminated
srun: error: Unknown: tasks 39088-39143: Terminated
srun: error: Unknown: tasks 98728-98783: Terminated
srun: error: Unknown: tasks 14840-14895: Terminated
srun: error: Unknown: tasks 109256-109311: Terminated
srun: error: Unknown: tasks 19264-19319: Terminated
srun: error: Unknown: tasks 5667,5699: Terminated
srun: error: Unknown: tasks 66472-66527: Terminated
srun: error: Unknown: tasks 560-615: Terminated
srun: error: Unknown: tasks 75153-75167,75169-75176,75179-75190,75192-75207: Terminated
srun: error: Unknown: tasks 56448-56503: Terminated
srun: error: Unknown: tasks 8064-8119: Terminated
srun: error: Unknown: tasks 75804,75807: Terminated
srun: error: Unknown: tasks 80139,80145,80163-80164,80180: Terminated
srun: error: Unknown: tasks 77672-77696,77698-77727: Terminated
srun: error: Unknown: tasks 18592-18647: Terminated
srun: error: Unknown: tasks 50964,50967,50969,50977-50978,50980-50981,50984,50987-50988,50991,50995,50999,51001,51006,51010,51013: Terminated
srun: error: Unknown: tasks 45920-45975: Terminated
srun: error: Unknown: tasks 42840-42895: Terminated
srun: error: Unknown: tasks 3081-3083,3085-3086,3092-3093,3096-3097,3101,3104,3106,3113,3115-3119,3121-3124,3126,3128-3130,3132-3135: Terminated
srun: error: Unknown: tasks 94976-95031: Terminated
srun: error: Unknown: tasks 53368-53423: Terminated
srun: error: Unknown: tasks 11760-11815: Terminated
srun: error: Unknown: tasks 51520-51575: Terminated
srun: error: Unknown: tasks 7392-7414,7416-7420,7422-7446: Terminated
srun: error: Unknown: tasks 20440-20495: Terminated
srun: error: Unknown: tasks 6160-6215: Terminated
srun: error: Unknown: tasks 12432-12487: Terminated
srun: error: Unknown: tasks 37240-37295: Terminated
srun: error: Unknown: tasks 17360-17415: Terminated
srun: error: Unknown: tasks 41611,41615,41617,41619,41621,41623,41625,41631,41633,41635,41641,41645,41649,41651-41653,41655,41659-41660,41663: Terminated
srun: error: Unknown: tasks 52809,52811-52813,52815,52819-52825,52827-52828,52831,52833,52835-52837,52839,52841,52849,52856-52857,52859,52863: Terminated
srun: error: Unknown: tasks 34832-34887: Terminated
srun: error: Unknown: tasks 16184-16190,16192-16197,16200-16238: Terminated
srun: error: Unknown: tasks 106176-106231: Terminated
srun: error: Unknown: tasks 75096-75151: Terminated
srun: error: Unknown: tasks 14280-14335: Terminated
srun: error: Unknown: tasks 8680-8735: Terminated
srun: error: Unknown: tasks 80696-80701,80703-80751: Terminated
srun: error: Unknown: tasks 100576-100631: Terminated
srun: error: Unknown: tasks 73248-73303: Terminated
srun: error: Unknown: tasks 85120-85175: Terminated
srun: error: Unknown: tasks 28560-28615: Terminated
srun: error: Unknown: tasks 57792-57847: Terminated
srun: error: Unknown: tasks 15512-15567: Terminated
srun: error: Unknown: tasks 21112-21167: Terminated
srun: error: Unknown: tasks 9912-9967: Terminated
srun: error: Unknown: tasks 62720-62775: Terminated
srun: error: Unknown: tasks 57740,57749,57780: Terminated
srun: error: Unknown: tasks 35392-35447: Terminated
srun: error: Unknown: tasks 104328,104330-104331,104333,104336,104344,104347,104352,104356,104358,104360,104364-104366,104368-104369,104371,104373-104374,104379,104381-104383: Terminated
srun: error: Unknown: tasks 42168-42223: Terminated
srun: error: Unknown: tasks 106848-106903: Terminated
srun: error: Unknown: tasks 13721,13739,13765: Terminated
srun: error: Unknown: tasks 24192,24194-24195,24198,24202,24204-24205,24207-24208,24210,24212,24215,24218,24220-24221,24223,24234,24238,24241-24245: Terminated
srun: error: Unknown: tasks 108696-108751: Terminated
srun: error: Unknown: tasks 79520-79575: Terminated
srun: error: Unknown: tasks 26712-26767: Terminated
srun: error: Unknown: tasks 86296-86351: Terminated
srun: error: Unknown: tasks 89376-89379,89381-89406,89408-89411,89413,89415-89421,89423-89428,89430-89431: Terminated
srun: error: Unknown: task 40: Terminated
srun: error: Unknown: tasks 88816-88871: Terminated
srun: error: Unknown: tasks 50288-50343: Terminated
srun: error: Unknown: tasks 10528-10583: Terminated
srun: error: Unknown: tasks 47208-47263: Terminated
srun: error: Unknown: tasks 90048-90103: Terminated
srun: error: Unknown: tasks 73920-73975: Terminated
srun: error: Unknown: tasks 54109,54117,54135,54138: Terminated
srun: error: Unknown: tasks 101248-101303: Terminated
srun: error: Unknown: tasks 54040-54095: Terminated
srun: error: Unknown: tasks 97496-97551: Terminated
srun: error: Unknown: tasks 19880-19935: Terminated
srun: error: Unknown: tasks 66416-66471: Terminated
srun: error: Unknown: tasks 102424-102479: Terminated
srun: error: Unknown: tasks 18032-18087: Terminated
srun: error: Unknown: tasks 70168-70223: Terminated
srun: error: Unknown: task 35514: Terminated
srun: error: Unknown: tasks 49112-49167: Terminated
srun: error: Unknown: tasks 1904-1959: Terminated
srun: error: Unknown: tasks 64011,64021,64023,64025,64027,64032-64033,64039-64041,64043,64048-64049,64051-64057,64060,64062-64063: Terminated
srun: error: Unknown: tasks 59640-59695: Terminated
srun: error: Unknown: tasks 44688-44743: Terminated
srun: error: Unknown: tasks 58968-59023: Terminated
srun: error: Unknown: tasks 25480-25535: Terminated
srun: error: Unknown: tasks 78288-78343: Terminated
srun: error: Unknown: tasks 37912-37967: Terminated
srun: error: Unknown: tasks 7504-7559: Terminated
srun: error: Unknown: tasks 27348,27353,27367,27370,27374,27383: Terminated
srun: error: Unknown: tasks 11200-11255: Terminated
srun: error: Unknown: tasks 4379,4381,4385,4403-4405,4410,4417,4419: Terminated
srun: error: Unknown: tasks 55888-55943: Terminated
srun: error: Unknown: tasks 48440-48495: Terminated
srun: error: Unknown: tasks 65240-65295: Terminated
srun: error: Unknown: tasks 30408-30463: Terminated
srun: error: Unknown: tasks 114296-114351: Terminated
srun: error: Unknown: tasks 65857,65859,65861-65862,65865,65867,65875-65877,65881,65883,65885-65887,65891,65895-65896,65901,65905,65908: Terminated
srun: error: Unknown: tasks 49057,49061,49065,49071-49072,49076,49078,49086,49095-49097,49103-49104,49111: Terminated
srun: error: Unknown: tasks 67088-67142: Terminated
srun: error: Unknown: tasks 83431,83439: Terminated
srun: error: Unknown: tasks 81368-81423: Terminated
srun: error: Unknown: tasks 113624-113679: Terminated
srun: error: Unknown: tasks 72688-72743: Terminated
srun: error: Unknown: tasks 112448-112503: Terminated
srun: error: Unknown: tasks 33488-33543: Terminated
srun: error: Unknown: tasks 52136-52191: Terminated
srun: error: Unknown: tasks 91896-91951: Terminated
srun: error: Unknown: tasks 9352-9407: Terminated
srun: error: Unknown: tasks 62160-62215: Terminated
srun: error: Unknown: tasks 23632-23687: Terminated
srun: error: Unknown: tasks 93744-93799: Terminated
srun: error: Unknown: tasks 39760-39815: Terminated
srun: error: Unknown: tasks 3752-3807: Terminated
srun: error: Unknown: tasks 109368-109423: Terminated
srun: error: Unknown: tasks 32312-32367: Terminated
srun: error: Unknown: tasks 56560-56615: Terminated
srun: error: Unknown: tasks 43512-43567: Terminated
srun: error: Unknown: tasks 61488-61543: Terminated
srun: error: Unknown: tasks 34160-34215: Terminated
srun: error: Unknown: tasks 17443,17458-17459: Terminated
srun: error: Unknown: tasks 72016-72071: Terminated
srun: error: Unknown: tasks 92568-92623: Terminated
srun: error: Unknown: tasks 70840-70895: Terminated
srun: error: Unknown: tasks 31080-31134: Terminated
srun: error: Unknown: tasks 88259-88260,88266-88269,88271,88273-88274,88277,88289,88291,88293-88295,88297,88299-88300,88303-88308,88310: Terminated
srun: error: Unknown: tasks 94416-94471: Terminated
srun: error: Unknown: tasks 90674,90676,90683-90684,90687-90689,90692,90694-90695,90702-90703,90708,90715,90717,90719: Terminated
srun: error: Unknown: tasks 40992-41000,41002-41008,41010-41023,41025-41026,41028-41047: Terminated
srun: error: Unknown: tasks 98168-98223: Terminated
srun: error: Unknown: tasks 103768-103823: Terminated
srun: error: Unknown: tasks 26838-26839,26846,26863,26871,26879: Terminated
srun: error: Unknown: tasks 31640,31642-31644,31646,31648,31651,31655-31658,31662-31665,31668,31670-31672,31674,31678,31680-31681,31684-31685,31690-31691,31693-31695: Terminated
srun: error: Unknown: tasks 16800-16855: Terminated
srun: error: Unknown: tasks 104944-104999: Terminated
srun: error: Unknown: tasks 74536-74539,74541-74552,74554-74568,74570-74576,74578-74581,74583-74591: Terminated
srun: error: Unknown: tasks 83216-83271: Terminated
srun: error: Unknown: tasks 14952-15007: Terminated
srun: error: Unknown: tasks 101864-101919: Terminated
srun: error: Unknown: tasks 103096-103151: Terminated
srun: error: Unknown: tasks 21728-21783: Terminated
srun: error: Unknown: tasks 44128-44183: Terminated
srun: error: Unknown: tasks 26152-26207: Terminated
srun: error: Unknown: task 2014: Terminated
srun: error: Unknown: tasks 90834,90848,90850: Terminated
srun: error: Unknown: tasks 93800-93802,93804-93806,93810,93812-93819,93821-93822,93824,93827-93833,93835-93838,93840-93849,93851-93855: Terminated
srun: error: Unknown: tasks 87025,87027,87031,87033,87041,87044,87047-87048,87057-87060,87071-87073,87075,87077,87079: Terminated
srun: error: Unknown: tasks 101365,101367,101371,101373,101381-101382,101387,101389,101395,101403,101413: Terminated
srun: error: Unknown: tasks 54656-54711: Terminated
srun: error: Unknown: tasks 77616-77671: Terminated
srun: error: Unknown: tasks 36008-36063: Terminated
srun: error: Unknown: tasks 72076,72078-72079,72081,72084,72086,72093,72102,72105,72109,72115,72123: Terminated
srun: error: Unknown: tasks 58408-58463: Terminated
srun: error: Unknown: tasks 29232-29287: Terminated
srun: error: Unknown: tasks 89488-89543: Terminated
srun: error: Unknown: tasks 67760-67815: Terminated
srun: error: Unknown: tasks 16128-16183: Terminated
srun: error: Unknown: tasks 5600-5655: Terminated
srun: error: Unknown: tasks 100016-100071: Terminated
srun: error: Unknown: tasks 102536-102591: Terminated
srun: error: Unknown: tasks 75208-75263: Terminated
srun: error: Unknown: tasks 110544-110599: Terminated
srun: error: Unknown: tasks 63336-63391: Terminated
srun: error: Unknown: tasks 65297,65303,65308,65311,65321,65331,65334-65335,65340,65349: Terminated
srun: error: Unknown: tasks 8120-8175: Terminated
srun: error: Unknown: tasks 23018,23021,23027: Terminated
srun: error: Unknown: tasks 38528-38583: Terminated
srun: error: Unknown: tasks 43456-43511: Terminated
srun: error: Unknown: tasks 68936-68991: Terminated
srun: error: Unknown: tasks 69608-69624,69626-69663: Terminated
srun: error: Unknown: tasks 10584,10586-10592,10594-10600,10602-10606,10608,10610-10618,10620-10622,10624,10626-10628,10630-10636,10639: Terminated
srun: error: Unknown: tasks 36680-36735: Terminated
srun: error: Unknown: tasks 17472-17527: Terminated
srun: error: Unknown: tasks 95039,95041,95043,95045,95047,95049,95053,95059,95061,95067,95071: Terminated
srun: error: Unknown: tasks 86408-86463: Terminated
srun: error: Unknown: tasks 83888-83943: Terminated
srun: error: Unknown: tasks 24920-24975: Terminated
srun: error: Unknown: tasks 96264-96319: Terminated
srun: error: Unknown: tasks 5096-5104,5106-5151: Terminated
srun: error: Unknown: tasks 22400-22455: Terminated
srun: error: Unknown: tasks 99344-99399: Terminated
srun: error: Unknown: tasks 85064-85119: Terminated
srun: error: Unknown: tasks 107464-107519: Terminated
srun: error: Unknown: tasks 7448-7503: Terminated
srun: error: Unknown: tasks 95088-95143: Terminated
srun: error: Unknown: tasks 80808-80863: Terminated
srun: error: Unknown: tasks 11872-11927: Terminated
srun: error: Unknown: tasks 53480-53535: Terminated
srun: error: Unknown: tasks 20552-20607: Terminated
srun: error: Unknown: tasks 47880-47935: Terminated
srun: error: Unknown: tasks 60256-60311: Terminated
srun: error: Unknown: tasks 90107,90109-90111,90113,90115-90116,90119,90121,90123-90124,90127-90129,90135-90136,90142-90144,90147-90149,90153: Terminated
srun: error: Unknown: tasks 40376-40431: Terminated
srun: error: Unknown: tasks 96936-96991: Terminated
srun: error: Unknown: tasks 42280-42335: Terminated
srun: error: Unknown: tasks 86355,86361,86363,86367-86369,86373,86375-86376,86378-86379,86381-86385,86387,86391-86395,86398,86401,86403,86407: Terminated
srun: error: Unknown: tasks 111216-111271: Terminated
srun: error: Unknown: tasks 93184-93239: Terminated
srun: error: Unknown: tasks 95648-95656,95659-95660,95662,95664,95668-95696,95698-95703: Terminated
srun: error: Unknown: tasks 105616-105671: Terminated
srun: error: Unknown: tasks 672-727: Terminated
srun: error: Unknown: tasks 32928-32983: Terminated
srun: error: Unknown: task 41691: Terminated
srun: error: Unknown: tasks 54154-54159,54162-54167,54170,54172-54175,54178-54183,54186-54191,54194-54199,54202-54207: Terminated
srun: error: Unknown: tasks 55328-55383: Terminated
srun: error: Unknown: tasks 108136-108191: Terminated
srun: error: Unknown: tasks 3825,3835,3852-3855: Terminated
srun: error: Unknown: tasks 28000-28055: Terminated
srun: error: Unknown: tasks 78904-78959: Terminated
srun: error: Unknown: tasks 90776-90831: Terminated
srun: error: Unknown: tasks 13048-13103: Terminated
srun: error: Unknown: tasks 49728-49783: Terminated
srun: error: Unknown: tasks 24248-24303: Terminated
srun: error: Unknown: tasks 5045,5052: Terminated
srun: error: Unknown: tasks 112392-112447: Terminated
srun: error: Unknown: tasks 3192-3247: Terminated
srun: error: Unknown: tasks 85736-85791: Terminated
srun: error: Unknown: tasks 64568-64573,64576-64582,64584-64585,64587-64588,64590-64598,64600,64602-64606,64608-64611,64613,64615,64618-64623: Terminated
srun: error: Unknown: tasks 86493,86501: Terminated
srun: error: Unknown: tasks 23700,23705,23709,23717,23721,23726,23732-23735,23740,23743: Terminated
srun: error: Unknown: tasks 22960,22962-22964,22966-23010,23012-23015: Terminated
srun: error: Unknown: task 72812: Terminated
srun: error: Unknown: tasks 81427,81443,81447,81451,81453,81457,81459-81460,81463,81465,81468-81469,81473,81477: Terminated
srun: error: Unknown: tasks 71456-71511: Terminated
srun: error: Unknown: tasks 41048-41103: Terminated
srun: error: Unknown: tasks 60928-60983: Terminated
srun: error: Unknown: tasks 6272-6327: Terminated
srun: error: Unknown: tasks 34776-34831: Terminated
srun: error: Unknown: tasks 39200-39255: Terminated
srun: error: Unknown: tasks 68995,68997,69005,69007,69013,69026-69027,69031,69034,69036,69038-69039,69043-69044: Terminated
srun: error: Unknown: tasks 91336-91391: Terminated
srun: error: Unknown: tasks 81984-82039: Terminated
srun: error: Unknown: tasks 2520-2575: Terminated
srun: error: Unknown: tasks 68376-68431: Terminated
srun: error: Unknown: tasks 93856-93911: Terminated
srun: error: Unknown: task 55999: Terminated
srun: error: Unknown: tasks 7562,7575,7598,7611: Terminated
srun: error: Unknown: task 87129: Terminated
srun: error: Unknown: tasks 76384-76439: Terminated
srun: error: Unknown: tasks 87584-87639: Terminated
srun: error: Unknown: tasks 113064-113119: Terminated
srun: error: Unknown: tasks 33600-33655: Terminated
srun: error: Unknown: tasks 100632-100687: Terminated
srun: error: Unknown: tasks 36737,36745,36748,36753,36755,36761,36769,36771,36776,36779,36787-36788: Terminated
srun: error: Unknown: tasks 37296-37351: Terminated
srun: error: Unknown: tasks 109984-110039: Terminated
srun: error: Unknown: tasks 77728-77783: Terminated
srun: error: Unknown: tasks 113736-113791: Terminated
srun: error: Unknown: tasks 16240-16295: Terminated
srun: error: Unknown: tasks 1848-1903: Terminated
srun: error: Unknown: tasks 62104-62159: Terminated
srun: error: Unknown: tasks 57848-57903: Terminated
srun: error: Unknown: tasks 19320-19375: Terminated
srun: error: Unknown: tasks 45976-46031: Terminated
srun: error: Unknown: tasks 49168-49223: Terminated
srun: error: Unknown: tasks 44800-44855: Terminated
srun: error: Unknown: tasks 10640-10695: Terminated
srun: error: Unknown: tasks 105056-105111: Terminated
srun: error: Unknown: tasks 89615,89617,89619,89621,89637,89643,89655: Terminated
srun: error: Unknown: tasks 30520-30575: Terminated
srun: error: Unknown: tasks 67704-67759: Terminated
srun: error: Unknown: tasks 97558-97559,97562,97566-97567,97569,97576-97577,97584-97585,97590-97593,97597-97601,97606-97607: Terminated
srun: error: Unknown: tasks 109312-109367: Terminated
srun: error: Unknown: tasks 18648-18703: Terminated
srun: error: Unknown: tasks 56626,56629,56667: Terminated
srun: error: Unknown: tasks 47273,47279,47281-47282,47285,47294,47306-47307,47315: Terminated
srun: error: Unknown: tasks 1232-1247,1249-1269,1271-1278,1280-1287: Terminated
srun: error: Unknown: tasks 108024-108026,108028,108030,108033-108034,108037-108038,108040,108042,108044-108046,108050-108052,108054-108055,108057-108058,108060-108062,108066,108068-108070,108072,108075-108076,108078: Terminated
srun: error: Unknown: tasks 31696-31751: Terminated
srun: error: Unknown: tasks 104384-104439: Terminated
srun: error: Unknown: tasks 103712-103767: Terminated
srun: error: Unknown: tasks 57176-57231: Terminated
srun: error: Unknown: tasks 62776-62831: Terminated
srun: error: Unknown: tasks 6832-6835,6837-6839,6841-6856,6858-6865,6867-6868,6870-6887: Terminated
srun: error: Unknown: tasks 111832-111887: Terminated
srun: error: Unknown: tasks 54781,54819,54823: Terminated
srun: error: Unknown: tasks 35448-35503: Terminated
srun: error: Unknown: tasks 31871,31873,31881,31886-31887,31889,31895,31897,31911,31913,31919: Terminated
srun: error: Unknown: tasks 82656-82711: Terminated
srun: error: Unknown: tasks 64624-64679: Terminated
srun: error: Unknown: tasks 91952-92007: Terminated
srun: error: Unknown: tasks 16913,16917,16929,16949,16953: Terminated
srun: error: Unknown: tasks 53424-53479: Terminated
srun: error: Unknown: tasks 61560,61579,61585,61593: Terminated
srun: error: Unknown: tasks 86968-86974,86976-86978,86980-86996,86998,87002-87004,87006-87014,87016-87018,87020,87022-87023: Terminated
srun: error: Unknown: tasks 28616-28671: Terminated
srun: error: Unknown: tasks 15568-15623: Terminated
srun: error: Unknown: tasks 95172-95173,95187-95188,95191: Terminated
srun: error: Unknown: tasks 20496-20551: Terminated
srun: error: Unknown: tasks 51576-51631: Terminated
srun: error: Unknown: tasks 90751,90759: Terminated
srun: error: Unknown: tasks 52248-52303: Terminated
srun: error: Unknown: tasks 39816-39871: Terminated
srun: error: Unknown: tasks 19936-19991: Terminated
srun: error: Unknown: tasks 77056-77111: Terminated
srun: error: Unknown: tasks 66528-66531,66533-66542,66544-66549,66552,66554,66556-66574,66576-66583: Terminated
srun: error: Unknown: tasks 9968-10023: Terminated
srun: error: Unknown: tasks 14340,14343,14349-14351,14353,14357,14363-14364,14366,14369,14374,14377,14381-14382,14385,14387,14389: Terminated
srun: error: Unknown: tasks 46648-46703: Terminated
srun: error: Unknown: tasks 26096-26151: Terminated
srun: error: Unknown: tasks 84504-84559: Terminated
srun: error: Unknown: tasks 31137,31139,31142-31145,31147-31150,31153,31157-31159,31163,31165,31168-31169,31171-31172,31174-31177,31180,31185,31188-31189,31191: Terminated
srun: error: Unknown: tasks 45360,45362,45364,45366,45368-45374,45376,45378,45382,45384,45386-45392,45394,45398-45399,45401,45405,45408,45410,45412-45415: Terminated
srun: error: Unknown: tasks 36120-36175: Terminated
srun: error: Unknown: tasks 74592-74647: Terminated
srun: error: Unknown: tasks 59024-59079: Terminated
srun: error: Unknown: tasks 75768-75803,75805-75806,75808-75823: Terminated
srun: error: Unknown: tasks 21168-21223: Terminated
srun: error: Unknown: tasks 103152-103207: Terminated
srun: error: Unknown: tasks 42896-42951: Terminated
srun: error: Unknown: tasks 3080,3084,3087-3091,3094-3095,3098-3100,3102-3103,3105,3107-3112,3114,3120,3125,3127,3131: Terminated
srun: error: Unknown: tasks 106232-106287: Terminated
srun: error: Unknown: tasks 44744-44799: Terminated
srun: error: Unknown: tasks 99456-99511: Terminated
srun: error: Unknown: tasks 63448-63503: Terminated
srun: error: Unknown: task 74670: Terminated
srun: error: Unknown: tasks 29848-29903: Terminated
srun: error: Unknown: tasks 72128,72130-72160,72162,72165-72166,72168-72170,72172-72173,72175-72176,72178,72180-72182: Terminated
srun: error: Unknown: tasks 26768-26823: Terminated
srun: error: Unknown: tasks 73976-74031: Terminated
srun: error: Unknown: tasks 24808-24815,24817-24863: Terminated
srun: error: Unknown: tasks 73304-73312,73314-73316,73318-73320,73322-73323,73325-73328,73330-73334,73336-73339,73341-73347,73349,73351-73359: Terminated
srun: error: Unknown: tasks 92624-92679: Terminated
srun: error: Unknown: tasks 32987,32990,32993,32995,32997-32998,33003,33005-33006,33010-33012,33014-33015,33017-33019,33023,33025,33027-33030,33035,33038-33039: Terminated
srun: error: Unknown: tasks 80752-80807: Terminated
srun: error: Unknown: tasks 11816-11871: Terminated
srun: error: Unknown: tasks 73424,73427-73428,73461: Terminated
srun: error: Unknown: tasks 1288-1343: Terminated
srun: error: Unknown: tasks 95704-95759: Terminated
srun: error: Unknown: tasks 98224-98279: Terminated
srun: error: Unknown: tasks 101304-101359: Terminated
srun: error: Unknown: tasks 48496-48551: Terminated
srun: error: Unknown: tasks 82096-82151: Terminated
srun: error: Unknown: tasks 6888-6943: Terminated
srun: error: Unknown: tasks 34216-34271: Terminated
srun: error: Unknown: tasks 12488-12543: Terminated
srun: error: Unknown: tasks 16856-16911: Terminated
srun: error: Unknown: tasks 79576-79631: Terminated
srun: error: Unknown: tasks 50960-50963,50965-50966,50968,50970-50976,50979,50982-50983,50985-50986,50989-50990,50992-50994,50996-50998,51000,51002-51005,51007-51009,51011-51012,51014-51015: Terminated
srun: error: Unknown: tasks 46088-46143: Terminated
srun: error: Unknown: tasks 98784-98799,98801-98839: Terminated
srun: error: Unknown: tasks 44196,44208-44209: Terminated
srun: error: Unknown: tasks 70224-70279: Terminated
srun: error: Unknown: tasks 59696-59751: Terminated
srun: error: Unknown: tasks 96321-96322,96324-96327,96329,96331,96333-96335,96339-96341,96343,96345-96347,96349,96351,96353,96359-96364,96367,96369,96371,96373-96375: Terminated
srun: error: Unknown: tasks 27385,27395,27397,27404-27405,27407,27409,27411-27412,27423,27427,27429,27433,27435,27437: Terminated
srun: error: Unknown: tasks 51016-51071: Terminated
srun: error: Unknown: tasks 45416-45471: Terminated
srun: error: Unknown: tasks 114352-114407: Terminated
srun: error: Unknown: tasks 77168-77170,77173,77176-77179,77184-77185,77187-77188,77192-77193,77197,77200-77202,77204,77208-77210,77212-77214,77217-77223: Terminated
srun: error: Unknown: tasks 40488-40543: Terminated
srun: error: Unknown: tasks 85176-85231: Terminated
srun: error: Unknown: tasks 108752-108807: Terminated
srun: error: Unknown: tasks 44857,44859-44860,44863,44865,44868,44875,44877,44883,44887,44895,44900-44901,44907-44908: Terminated
srun: error: Unknown: tasks 43568-43623: Terminated
srun: error: Unknown: tasks 96376-96431: Terminated
srun: error: Unknown: tasks 10088,10096: Terminated
srun: error: Unknown: tasks 78967,78979,78983: Terminated
srun: error: Unknown: tasks 3305,3311,3315,3319,3321,3323,3329,3337,3341,3347-3350: Terminated
srun: error: Unknown: tasks 75824-75879: Terminated
srun: error: Unknown: tasks 36064-36119: Terminated
srun: error: Unknown: tasks 21840-21895: Terminated
srun: error: Unknown: tasks 46775,46789,46807,46813: Terminated
srun: error: Unknown: tasks 18088-18143: Terminated
srun: error: Unknown: tasks 82043,82046-82047,82049,82055,82063,82065,82068,82073,82075,82077,82079-82080,82083,82089,82091,82093-82095: Terminated
srun: error: Unknown: tasks 41608-41610,41612-41614,41616,41618,41620,41622,41624,41626-41630,41632,41634,41636-41640,41642-41644,41646-41648,41650,41654,41656-41658,41661-41662: Terminated
srun: error: Unknown: tasks 3136-3191: Terminated
srun: error: Unknown: tasks 47936-47991: Terminated
srun: error: Unknown: tasks 2576,2579,2583,2585,2592,2610,2613,2616,2619,2622-2623,2629: Terminated
srun: error: Unknown: tasks 21225,21228,21231-21234,21238-21239,21244,21248,21253-21259,21262,21265,21268-21270,21273,21276: Terminated
srun: error: Unknown: tasks 113680-113735: Terminated
srun: error: Unknown: tasks 22456-22511: Terminated
srun: error: Unknown: tasks 5171,5189: Terminated
srun: error: Unknown: tasks 87641,87643,87647-87648,87659,87673,87680,87686-87687,87693: Terminated
srun: error: Unknown: tasks 105672-105727: Terminated
srun: error: Unknown: tasks 76496-76551: Terminated
srun: error: Unknown: tasks 29288-29343: Terminated
srun: error: Unknown: tasks 9408-9463: Terminated
srun: error: Unknown: tasks 84636,84639,84645,84647,84649,84655,84659,84668: Terminated
srun: error: Unknown: tasks 67816-67871: Terminated
srun: error: Unknown: tasks 83272-83327: Terminated
srun: error: Unknown: tasks 66585,66587,66593,66601,66604,66617,66619-66622,66625,66627,66631,66635,66638: Terminated
srun: error: Unknown: task 19439: Terminated
srun: error: Unknown: tasks 4480-4535: Terminated
srun: error: Unknown: tasks 42336-42391: Terminated
srun: error: Unknown: tasks 91392-91447: Terminated
srun: error: Unknown: tasks 52808,52810,52814,52816-52818,52826,52829-52830,52832,52834,52838,52840,52842-52848,52850-52855,52858,52860-52862: Terminated
srun: error: Unknown: tasks 34888-34943: Terminated
srun: error: Unknown: tasks 8736-8791: Terminated
srun: error: Unknown: tasks 67144-67199: Terminated
srun: error: Unknown: tasks 96992-97047: Terminated
srun: error: Unknown: tasks 23129,23133,23137,23141,23145,23147,23153,23161,23163,23165,23167,23173,23176,23183: Terminated
srun: error: Unknown: tasks 38584-38639: Terminated
srun: error: Unknown: tasks 26903,26908,26926: Terminated
srun: error: Unknown: tasks 87696-87751: Terminated
srun: error: Unknown: tasks 83944-83999: Terminated
srun: error: Unknown: tasks 63392-63447: Terminated
srun: error: Unknown: tasks 81483,81489,81494,81497,81507,81512-81514,81516,81519,81522,81529,81531-81532: Terminated
srun: error: Unknown: tasks 20608-20663: Terminated
srun: error: Unknown: tasks 106293,106305,106313,106319,106325,106327,106329,106335-106336: Terminated
srun: error: Unknown: tasks 109424-109479: Terminated
srun: error: Unknown: tasks 80136-80138,80140-80144,80146-80162,80165-80179,80181-80191: Terminated
srun: error: Unknown: tasks 11256-11311: Terminated
srun: error: Unknown: tasks 105000-105055: Terminated
srun: error: Unknown: tasks 56-111: Terminated
srun: error: Unknown: tasks 57736-57739,57741-57748,57750-57779,57781-57791: Terminated
srun: error: Unknown: tasks 15008-15063: Terminated
srun: error: Unknown: tasks 52864-52919: Terminated
srun: error: Unknown: tasks 31808-31863: Terminated
srun: error: Unknown: tasks 18149,18173,18181,18193: Terminated
srun: error: Unknown: tasks 69664-69719: Terminated
srun: error: Unknown: tasks 25536-25591: Terminated
srun: error: Unknown: tasks 28056-28111: Terminated
srun: error: Unknown: tasks 728-783: Terminated
srun: error: Unknown: tasks 107520-107575: Terminated
srun: error: Unknown: tasks 30464-30519: Terminated
srun: error: Unknown: tasks 32368-32380,32382-32388,32390-32412,32414-32423: Terminated
srun: error: Unknown: tasks 58464-58519: Terminated
srun: error: Unknown: tasks 78344-78399: Terminated
srun: error: Unknown: tasks 70896-70951: Terminated
srun: error: Unknown: tasks 110600-110655: Terminated
srun: error: Unknown: tasks 103824-103879: Terminated
srun: error: Unknown: tasks 100744-100799: Terminated
srun: error: Unknown: tasks 88872-88927: Terminated
srun: error: Unknown: tasks 59136-59191: Terminated
srun: error: Unknown: tasks 60312-60367: Terminated
srun: error: Unknown: tasks 51632-51687: Terminated
srun: error: Unknown: tasks 62216-62271: Terminated
srun: error: Unknown: tasks 100072-100127: Terminated
srun: error: Unknown: tasks 111272-111327: Terminated
srun: error: Unknown: tasks 97664-97719: Terminated
srun: error: Unknown: tasks 85792-85847: Terminated
srun: error: Unknown: tasks 80864-80919: Terminated
srun: error: Unknown: tasks 3280,3290: Terminated
srun: error: Unknown: tasks 102592-102647: Terminated
srun: error: Unknown: tasks 28734-28736,28742-28743,28750,28759,28767,28783: Terminated
srun: error: Unknown: tasks 26208-26263: Terminated
srun: error: Unknown: tasks 54712-54767: Terminated
srun: error: Unknown: tasks 6328-6383: Terminated
srun: error: Unknown: task 27479: Terminated
srun: error: Unknown: tasks 52305-52311,52313,52315-52319,52321,52323-52324,52326,52331,52333-52334,52337-52340,52343,52345,52347-52348,52350-52351,52355-52359: Terminated
srun: error: Unknown: tasks 97608,97630,97637,97646,97663: Terminated
srun: error: Unknown: tasks 17528-17583: Terminated
srun: error: Unknown: tasks 37968-37975,37977-38023: Terminated
srun: error: Unknown: tasks 106904-106950,106952-106959: Terminated
srun: error: Unknown: tasks 50344-50399: Terminated
srun: error: Unknown: tasks 13160-13215: Terminated
srun: error: Unknown: task 23847: Terminated
srun: error: Unknown: tasks 90160-90215: Terminated
srun: error: Unknown: tasks 21784-21839: Terminated
srun: error: Unknown: tasks 33656-33711: Terminated
srun: error: Unknown: tasks 89544-89599: Terminated
srun: error: Unknown: tasks 113792-113847: Terminated
srun: error: Unknown: tasks 104440-104495: Terminated
srun: error: Unknown: tasks 113120-113175: Terminated
srun: error: Unknown: tasks 65912-65967: Terminated
srun: error: Unknown: tasks 4424-4479: Terminated
srun: error: Unknown: task 98375: Terminated
srun: error: Unknown: tasks 80192-80247: Terminated
srun: error: Unknown: tasks 13279,13299,13307,13313: Terminated
srun: error: Unknown: tasks 75264-75319: Terminated
srun: error: Unknown: tasks 39873-39877,39879-39881,39883-39885,39887-39889,39891-39892,39896-39897,39901,39906,39909,39912-39915,39920-39922,39925: Terminated
srun: error: Unknown: tasks 33115,33119,33123,33148: Terminated
srun: error: Unknown: tasks 3865,3868,3871,3877,3881,3883,3885,3887,3891,3895,3898,3901,3905,3909,3913-3914,3916,3918: Terminated
srun: error: Unknown: tasks 8848-8903: Terminated
srun: error: Unknown: tasks 71512-71567: Terminated
srun: error: Unknown: tasks 84561,84563-84564,84569,84573,84575,84579,84581,84583-84584,84587,84591,84599,84603,84608,84615: Terminated
srun: error: Unknown: tasks 2766,2782: Terminated
srun: error: Unknown: tasks 31193,31195-31196,31203,31207,31215,31217,31220,31222,31227,31230,31235,31238,31245: Terminated
srun: error: Unknown: tasks 64008-64010,64012-64020,64022,64024,64026,64028-64031,64034-64038,64042,64044-64047,64050,64058-64059,64061: Terminated
srun: error: Unknown: tasks 41104-41159: Terminated
srun: error: Unknown: tasks 77784-77839: Terminated
srun: error: Unknown: tasks 65354-65355,65360-65361,65367-65368,65370-65372,65380,65395,65401,65403: Terminated
srun: error: Unknown: tasks 112504-112518,112520-112539,112541-112542,112544-112551,112553-112555,112557-112558: Terminated
srun: error: Unknown: tasks 110040-110095: Terminated
srun: error: Unknown: tasks 105729,105735,105739,105749,105751,105761,105764-105765,105773,105780: Terminated
srun: error: Unknown: tasks 18704-18759: Terminated
srun: error: Unknown: tasks 74760-74791,74793-74815: Terminated
srun: error: Unknown: tasks 101920-101975: Terminated
srun: error: Unknown: tasks 3923,3931,3939,3947,3954,3962-3965,3970-3971: Terminated
srun: error: Unknown: tasks 13776-13831: Terminated
srun: error: Unknown: tasks 8176-8231: Terminated
srun: error: Unknown: task 78511: Terminated
srun: error: Unknown: tasks 36176-36231: Terminated
srun: error: Unknown: tasks 14448-14503: Terminated
srun: error: Unknown: tasks 64064-64119: Terminated
srun: error: Unknown: tasks 46704-46759: Terminated
srun: error: Unknown: tasks 13104-13159: Terminated
srun: error: Unknown: tasks 62832-62887: Terminated
srun: error: Unknown: tasks 11928-11983: Terminated
srun: error: Unknown: tasks 39256-39311: Terminated
srun: error: Unknown: tasks 53536-53591: Terminated
srun: error: Unknown: tasks 106344-106399: Terminated
srun: error: Unknown: tasks 50456-50511: Terminated
srun: error: Unknown: tasks 27328-27347,27349-27352,27354-27366,27368-27369,27371-27373,27375-27382: Terminated
srun: error: Unknown: tasks 24304-24359: Terminated
srun: error: Unknown: tasks 64736-64791: Terminated
srun: error: Unknown: tasks 15135,15143,15167,15175: Terminated
srun: error: Unknown: tasks 56056-56111: Terminated
srun: error: Unknown: tasks 49784-49839: Terminated
srun: error: Unknown: tasks 75890,75905: Terminated
srun: error: Unknown: tasks 49056,49058-49060,49062-49064,49066-49070,49073-49075,49077,49079-49085,49087-49094,49098-49102,49105-49110: Terminated
srun: error: Unknown: tasks 55384-55439: Terminated
srun: error: Unknown: tasks 72184-72239: Terminated
srun: error: Unknown: tasks 10024-10079: Terminated
srun: error: Unknown: tasks 40432-40487: Terminated
srun: error: Unknown: tasks 110712-110767: Terminated
srun: error: Unknown: tasks 46032-46087: Terminated
srun: error: Unknown: tasks 19376-19431: Terminated
srun: error: Unknown: tasks 96432,96434,96438,96441,96443-96444,96446,96450-96451,96456,96460-96461,96464,96468,96470,96472,96476,96484,96486: Terminated
srun: error: Unknown: tasks 23073,23078,23095,23098,23107,23109,23111,23114,23117-23118,23120,23122: Terminated
srun: error: Unknown: tasks 30576-30631: Terminated
srun: error: Unknown: task 77697: Terminated
srun: error: Unknown: tasks 34945,34947,34950-34951,34955-34957,34959-34960,34963,34966,34969,34971,34973,34976-34978,34981,34985,34989-34991,34995,34999: Terminated
srun: error: Unknown: tasks 44924,44932: Terminated
srun: error: Unknown: tasks 73360-73415: Terminated
srun: error: Unknown: tasks 57232-57287: Terminated
srun: error: Unknown: tasks 98840-98895: Terminated
srun: error: Unknown: tasks 88312-88367: Terminated
srun: error: Unknown: tasks 93240-93295: Terminated
srun: error: Unknown: tasks 12544-12599: Terminated
srun: error: Unknown: tasks 108192-108247: Terminated
srun: error: Unknown: tasks 92064-92119: Terminated
srun: error: Unknown: tasks 13720,13722-13738,13740-13764,13766-13775: Terminated
srun: error: Unknown: tasks 41776-41831: Terminated
srun: error: Unknown: tasks 65856,65858,65860,65863-65864,65866,65868-65874,65878-65880,65882,65884,65888-65890,65892-65894,65897-65900,65902-65904,65906-65907,65909-65911: Terminated
srun: error: Unknown: tasks 48060,48068: Terminated
srun: error: Unknown: tasks 28673,28675,28677,28681,28685,28687,28689,28691,28697,28699-28700,28708-28709,28720-28721,28723-28724,28726: Terminated
srun: error: Unknown: tasks 31929,31945,31953,31961,31966: Terminated
srun: error: Unknown: tasks 93912-93967: Terminated
srun: error: Unknown: tasks 5768-5823: Terminated
srun: error: Unknown: tasks 109481,109485,109490-109491,109504,109517,109519,109523,109527: Terminated
srun: error: Unknown: tasks 60984-61039: Terminated
srun: error: Unknown: tasks 63504-63559: Terminated
srun: error: Unknown: tasks 14393,14398,14403,14405-14407,14409,14412,14417,14421,14429,14431,14436-14437: Terminated
srun: error: Unknown: tasks 70280-70335: Terminated
srun: error: Unknown: tasks 20669,20693,20712,20718: Terminated
srun: error: Unknown: tasks 6944-6999: Terminated
srun: error: Unknown: tasks 111888-111943: Terminated
srun: error: Unknown: tasks 69104-69159: Terminated
srun: error: Unknown: tasks 29904-29959: Terminated
srun: error: Unknown: tasks 31752-31807: Terminated
srun: error: Unknown: tasks 21896-21951: Terminated
srun: error: Unknown: task 97159: Terminated
srun: error: Unknown: tasks 83329,83337,83340,83342,83349,83351: Terminated
srun: error: Unknown: tasks 37352-37407: Terminated
srun: error: Unknown: tasks 13221,13224,13233,13240,13261,13263,13267: Terminated
srun: error: Unknown: tasks 7616-7671: Terminated
srun: error: Unknown: tasks 36792-36847: Terminated
srun: error: Unknown: tasks 82712-82767: Terminated
srun: error: Unknown: tasks 45472-45527: Terminated
srun: error: Unknown: tasks 19992-20047: Terminated
srun: error: Unknown: tasks 77112-77167: Terminated
srun: error: Unknown: tasks 103208-103263: Terminated
srun: error: Unknown: tasks 59752-59807: Terminated
srun: error: Unknown: tasks 64680-64735: Terminated
srun: error: Unknown: tasks 24976-25031: Terminated
srun: error: Unknown: tasks 57904-57959: Terminated
srun: error: Unknown: tasks 88928-88983: Terminated
srun: error: Unknown: tasks 15624-15679: Terminated
srun: error: Unknown: tasks 74704-74759: Terminated
srun: error: Unknown: tasks 99512-99567: Terminated
srun: error: Unknown: tasks 74032-74087: Terminated
srun: error: Unknown: tasks 111329,111343,111345,111353,111356,111368,111378,111381: Terminated
srun: error: Unknown: tasks 68432-68487: Terminated
srun: error: Unknown: tasks 105112-105167: Terminated
srun: error: Unknown: tasks 100688-100743: Terminated
srun: error: Unknown: tasks 32424-32479: Terminated
srun: error: Unknown: tasks 67872-67927: Terminated
srun: error: Unknown: tasks 4368-4378,4380,4382-4384,4386-4402,4406-4409,4411-4416,4418,4420-4423: Terminated
srun: error: Unknown: tasks 72744-72746,72748-72751,72753-72754,72756-72799: Terminated
srun: error: Unknown: tasks 16296-16351: Terminated
srun: error: Unknown: tasks 48552-48607: Terminated
srun: error: Unknown: tasks 95760-95815: Terminated
srun: error: Unknown: tasks 18816-18871: Terminated
srun: error: Unknown: tasks 42952-43007: Terminated
srun: error: Unknown: tasks 85232-85287: Terminated
srun: error: Unknown: tasks 59080-59135: Terminated
srun: error: Unknown: tasks 168-223: Terminated
srun: error: Unknown: tasks 1344-1399: Terminated
srun: error: Unknown: tasks 27496-27551: Terminated
srun: error: Unknown: tasks 88256-88258,88261-88265,88270,88272,88275-88276,88278-88288,88290,88292,88296,88298,88301-88302,88309,88311: Terminated
srun: error: Unknown: tasks 28847-28848,28863-28864,28871,28878-28879,28886: Terminated
srun: error: Unknown: tasks 67200-67255: Terminated
srun: error: Unknown: tasks 10696-10751: Terminated
srun: error: Unknown: tasks 37465,37468-37469,37471-37473,37475-37477,37479,37487,37489,37491-37493,37495,37497,37499,37505,37507-37508,37511,37513,37515,37517,37519: Terminated
srun: error: Unknown: tasks 47993,47997,47999-48000,48002,48005-48006,48016-48017,48019,48022,48025,48027,48029,48038,48044,48047: Terminated
srun: error: Unknown: tasks 108808-108863: Terminated
srun: error: Unknown: tasks 79632-79687: Terminated
srun: error: Unknown: tasks 56672-56727: Terminated
srun: error: Unknown: tasks 30016,30024,30031-30032,30046,30048,30054-30056,30062-30063,30070: Terminated
srun: error: Unknown: tasks 94472-94476,94480-94485,94488-94492,94496-94501,94504-94508,94512-94516,94520-94524: Terminated
srun: error: Unknown: tasks 102032-102087: Terminated
srun: error: Unknown: tasks 92008-92063: Terminated
srun: error: Unknown: tasks 106960-107015: Terminated
srun: error: Unknown: tasks 49224-49279: Terminated
srun: error: Unknown: tasks 80248-80303: Terminated
srun: error: Unknown: tasks 37413,37417,37419,37429,37433,37436-37437,37439,37441,37457,37460,37463: Terminated
srun: error: Unknown: tasks 107632-107687: Terminated
srun: error: Unknown: tasks 76552-76607: Terminated
srun: error: Unknown: tasks 112560-112615: Terminated
srun: error: Unknown: tasks 61600-61655: Terminated
srun: error: Unknown: tasks 25135,25143: Terminated
srun: error: Unknown: tasks 92680-92735: Terminated
srun: error: Unknown: tasks 41720-41775: Terminated
srun: error: Unknown: tasks 54096-54108,54110-54116,54118-54134,54136-54137,54139-54151: Terminated
srun: error: Unknown: tasks 34272-34327: Terminated
srun: error: Unknown: tasks 43624-43679: Terminated
srun: error: Unknown: tasks 79072-79127: Terminated
srun: error: Unknown: tasks 29344-29399: Terminated
srun: error: Unknown: tasks 66697,66699,66701,66703,66705,66707,66709,66715,66719,66721,66723,66725,66727,66729,66731,66734-66735,66737-66743,66745,66747-66749,66751: Terminated
srun: error: Unknown: tasks 9464-9519: Terminated
srun: error: Unknown: tasks 70952-71007: Terminated
srun: error: Unknown: tasks 67401,67409: Terminated
srun: error: Unknown: tasks 51072-51127: Terminated
srun: error: Unknown: tasks 60424-60479: Terminated
srun: error: Unknown: tasks 93352-93407: Terminated
srun: error: Unknown: tasks 8792-8847: Terminated
srun: error: Unknown: tasks 77903,77905,77907,77909-77911,77919,77922-77923,77929,77931,77933,77935,77938,77949,77951: Terminated
srun: error: Unknown: tasks 2016-2071: Terminated
srun: error: Unknown: tasks 87752-87807: Terminated
srun: error: Unknown: tasks 50400-50455: Terminated
srun: error: Unknown: tasks 56000-56055: Terminated
srun: error: Unknown: tasks 51689,51692-51693,51695-51696,51699-51701,51703-51705,51708,51715,51719,51722-51723,51729,51732,51737,51739: Terminated
srun: error: Unknown: tasks 54824-54879: Terminated
srun: error: Unknown: tasks 82152-82207: Terminated
srun: error: Unknown: tasks 41170,41187,41204,41208-41209,41212: Terminated
srun: error: Unknown: tasks 23744-23799: Terminated
srun: error: Unknown: tasks 112009,112017-112018,112027,112033,112038,112042,112044,112049,112053,112055: Terminated
srun: error: Unknown: tasks 5656-5666,5668-5698,5700-5711: Terminated
srun: error: Unknown: tasks 66024-66079: Terminated
srun: error: Unknown: tasks 38024-38079: Terminated
srun: error: Unknown: tasks 65968-66023: Terminated
srun: error: Unknown: tasks 84000-84055: Terminated
srun: error: Unknown: tasks 64809,64817: Terminated
srun: error: Unknown: tasks 114408-114463: Terminated
srun: error: Unknown: tasks 103880-103935: Terminated
srun: error: Unknown: tasks 85848-85903: Terminated
srun: error: Unknown: tasks 52920-52975: Terminated
srun: error: Unknown: tasks 17416-17442,17444-17457,17460-17471: Terminated
srun: error: Unknown: tasks 98280-98335: Terminated
srun: error: Unknown: tasks 75320-75375: Terminated
srun: error: Unknown: tasks 46144-46199: Terminated
srun: error: Unknown: tasks 95032-95038,95040,95042,95044,95046,95048,95050-95052,95054-95058,95060,95062-95066,95068-95070,95072-95087: Terminated
srun: error: Unknown: tasks 94528-94583: Terminated
srun: error: Unknown: tasks 95200-95255: Terminated
srun: error: Unknown: tasks 69720-69775: Terminated
srun: error: Unknown: tasks 40544-40599: Terminated
srun: error: Unknown: tasks 23184-23239: Terminated
srun: error: Unknown: tasks 4536-4591: Terminated
srun: error: Unknown: tasks 26264-26319: Terminated
srun: error: Unknown: tasks 59281,59303: Terminated
srun: error: Unknown: tasks 13832-13887: Terminated
srun: error: Unknown: tasks 103356,103361: Terminated
srun: error: Unknown: tasks 47320-47375: Terminated
srun: error: Unknown: tasks 72254,72269: Terminated
srun: error: Unknown: tasks 50513,50515,50517,50520-50521,50525-50529,50533,50535-50536,50541,50543-50546,50552,50556,50559-50563: Terminated
srun: error: Unknown: tasks 70398-70399,70427,70431: Terminated
srun: error: Unknown: tasks 15064-15119: Terminated
srun: error: Unknown: tasks 5712-5767: Terminated
srun: error: Unknown: tasks 10136-10191: Terminated
srun: error: Unknown: tasks 784-839: Terminated
srun: error: Unknown: tasks 112-167: Terminated
srun: error: Unknown: tasks 101976-102031: Terminated
srun: error: Unknown: tasks 53055,53057,53063,53067,53080: Terminated
srun: error: Unknown: tasks 22009,22011,22013,22017,22021,22025,22028,22030-22031,22033,22037,22039,22049,22052,22058: Terminated
srun: error: Unknown: tasks 62272-62327: Terminated
srun: error: Unknown: tasks 74816,74818,74821,74824-74826,74832,74841,74852,74858,74860,74864-74866: Terminated
srun: error: Unknown: tasks 90104-90106,90108,90112,90114,90117-90118,90120,90122,90125-90126,90130-90134,90137-90141,90145-90146,90150-90152,90154-90159: Terminated
srun: error: Unknown: tasks 84672-84727: Terminated
srun: error: Unknown: tasks 44240-44295: Terminated
srun: error: Unknown: tasks 78400-78455: Terminated
srun: error: Unknown: task 100911: Terminated
srun: error: Unknown: tasks 51744-51799: Terminated
srun: error: Unknown: tasks 1456-1511: Terminated
srun: error: Unknown: tasks 107576-107631: Terminated
srun: error: Unknown: tasks 53592-53647: Terminated
srun: error: Unknown: tasks 8232-8287: Terminated
srun: error: Unknown: tasks 38640-38695: Terminated
srun: error: Unknown: tasks 100128-100183: Terminated
srun: error: Unknown: tasks 113848-113903: Terminated
srun: error: Unknown: tasks 65467,65470,65472,65478-65479,65481,65487-65488,65511,65519: Terminated
srun: error: Unknown: tasks 24416-24471: Terminated
srun: error: Unknown: tasks 21283,21306-21307,21315,21319,21322,21326,21331,21335: Terminated
srun: error: Unknown: tasks 2632-2687: Terminated
srun: error: Unknown: tasks 58520-58575: Terminated
srun: error: Unknown: tasks 55440-55495: Terminated
srun: error: Unknown: tasks 25592-25647: Terminated
srun: error: Unknown: tasks 42392-42447: Terminated
srun: error: Unknown: tasks 22512-22567: Terminated
srun: error: Unknown: tasks 59192-59247: Terminated
srun: error: Unknown: tasks 16408-16452,16454-16463: Terminated
srun: error: Unknown: tasks 57960-58015: Terminated
srun: error: Unknown: tasks 97048-97103: Terminated
srun: error: Unknown: tasks 113176-113231: Terminated
srun: error: Unknown: tasks 61040-61095: Terminated
srun: error: Unknown: tasks 87024,87026,87028-87030,87032,87034-87040,87042-87043,87045-87046,87049-87056,87061-87070,87074,87076,87078: Terminated
srun: error: Unknown: tasks 61713,61717-61721,61723,61725,61729-61732,61734,61738-61740,61744-61753,61756-61760,61762-61764,61766-61767: Terminated
srun: error: Unknown: tasks 86352-86354,86356-86360,86362,86364-86366,86370-86372,86374,86377,86380,86386,86388-86390,86396-86397,86399-86400,86402,86404-86406: Terminated
srun: error: Unknown: tasks 69048-69103: Terminated
srun: error: Unknown: tasks 110656-110711: Terminated
srun: error: Unknown: tasks 106400-106455: Terminated
srun: error: Unknown: tasks 73472-73527: Terminated
srun: error: Unknown: tasks 102648-102703: Terminated
srun: error: Unknown: tasks 33712-33767: Terminated
srun: error: Unknown: tasks 74088-74143: Terminated
srun: error: Unknown: tasks 100800-100855: Terminated
srun: error: Unknown: tasks 11312-11367: Terminated
srun: error: Unknown: tasks 71065,71067,71070-71071,71073,71075,71081-71082,71089,71091,71094,71097-71099,71105,71107-71108,71110,71114,71117: Terminated
srun: error: Unknown: tasks 5040-5044,5046-5051,5053-5095: Terminated
srun: error: Unknown: tasks 23016-23017,23019-23020,23022-23026,23028-23071: Terminated
srun: error: Unknown: tasks 25032-25087: Terminated
srun: error: Unknown: tasks 17584-17639: Terminated
srun: error: Unknown: tasks 24360-24415: Terminated
srun: error: Unknown: tasks 86520-86575: Terminated
srun: error: Unknown: tasks 64120-64175: Terminated
srun: error: Unknown: tasks 1960-2013,2015: Terminated
srun: error: Unknown: tasks 72072-72075,72077,72080,72082-72083,72085,72087-72092,72094-72101,72103-72104,72106-72108,72110-72114,72116-72122,72124-72127: Terminated
srun: error: Unknown: tasks 60368-60423: Terminated
srun: error: Unknown: tasks 65296,65298-65302,65304-65307,65309-65310,65312-65320,65322-65330,65332-65333,65336-65339,65341-65348,65350-65351: Terminated
srun: error: Unknown: tasks 92120-92175: Terminated
srun: error: Unknown: tasks 36863,36878,36888,36891,36893,36903: Terminated
srun: error: Unknown: tasks 33040-33095: Terminated
srun: error: Unknown: tasks 93296-93351: Terminated
srun: error: Unknown: tasks 99568-99623: Terminated
srun: error: Unknown: tasks 114465,114473,114477,114479,114481,114485-114487,114489,114492,114494,114496,114499-114501,114505,114507-114509,114511-114512,114514-114516,114518: Terminated
srun: error: Unknown: tasks 18929,18932,18935,18949,18953,18961,18964-18965,18967,18981: Terminated
srun: error: Unknown: tasks 6384-6439: Terminated
srun: error: Unknown: tasks 11984-12039: Terminated
srun: error: Unknown: tasks 9592-9593: Terminated
srun: error: Unknown: tasks 91448-91503: Terminated
srun: error: Unknown: tasks 39928,39932-39935,39937,39939,39942-39943,39945,39947,39953,39956-39959,39965,39967,39971-39972,39979-39980: Terminated
srun: error: Unknown: tasks 49840-49895: Terminated
srun: error: Unknown: tasks 75992-76047: Terminated
srun: error: Unknown: tasks 29960-30015: Terminated
srun: error: Unknown: tasks 71568-71623: Terminated
srun: error: Unknown: tasks 95816-95871: Terminated
srun: error: Unknown: tasks 43064-43119: Terminated
srun: error: Unknown: tasks 62888-62943: Terminated
srun: error: Unknown: tasks 51871,51887: Terminated
srun: error: Unknown: tasks 76664-76672,76674-76677,76679-76686,76688-76690,76692-76708,76710,76712-76713,76715-76719: Terminated
srun: error: Unknown: tasks 80920-80975: Terminated
srun: error: Unknown: tasks 93968-94023: Terminated
srun: error: Unknown: tasks 41832-41887: Terminated
srun: error: Unknown: tasks 108248-108303: Terminated
srun: error: Unknown: tasks 82768-82823: Terminated
srun: error: Unknown: tasks 39312-39367: Terminated
srun: error: Unknown: tasks 79688-79743: Terminated
srun: error: Unknown: tasks 38083,38085-38088,38094-38096,38099,38102-38104,38110,38117,38119,38135: Terminated
srun: error: Unknown: tasks 98896-98951: Terminated
srun: error: Unknown: tasks 28112-28167: Terminated
srun: error: Unknown: tasks 88989,88993-88994,88997,89001,89005-89006,89009,89014,89020,89026-89028,89033,89035,89039: Terminated
srun: error: Unknown: tasks 34384-34439: Terminated
srun: error: Unknown: tasks 104496-104551: Terminated
srun: error: Unknown: tasks 81424-81426,81428-81442,81444-81446,81448-81450,81452,81454-81456,81458,81461-81462,81464,81466-81467,81470-81472,81474-81476,81478-81479: Terminated
srun: error: Unknown: tasks 28784-28839: Terminated
srun: error: Unknown: tasks 100187,100191-100192,100195,100197-100198,100200,100204,100212,100219-100221,100235,100238: Terminated
srun: error: Unknown: tasks 112616-112671: Terminated
srun: error: Unknown: tasks 57288-57343: Terminated
srun: error: Unknown: tasks 16352-16407: Terminated
srun: error: Unknown: tasks 35560-35615: Terminated
srun: error: Unknown: tasks 73529-73530,73534-73539,73541,73543,73545,73549,73553,73569,73577,73580,73583: Terminated
srun: error: Unknown: tasks 95265,95271,95273,95280,95291,95309: Terminated
srun: error: Unknown: tasks 97720-97775: Terminated
srun: error: Unknown: tasks 103264-103319: Terminated
srun: error: Unknown: tasks 56112-56167: Terminated
srun: error: Unknown: tasks 77840-77895: Terminated
srun: error: Unknown: tasks 32480-32535: Terminated
srun: error: Unknown: tasks 92736-92791: Terminated
srun: error: Unknown: tasks 1400-1455: Terminated
srun: error: Unknown: tasks 83440-83495: Terminated
srun: error: Unknown: tasks 66640-66695: Terminated
srun: error: Unknown: tasks 8904-8959: Terminated
srun: error: Unknown: tasks 69160-69215: Terminated
srun: error: Unknown: tasks 52360-52415: Terminated
srun: error: Unknown: tasks 18760-18815: Terminated
srun: error: Unknown: tasks 79016-79071: Terminated
srun: error: Unknown: tasks 23688-23699,23701-23704,23706-23708,23710-23716,23718-23720,23722-23725,23727-23731,23736-23739,23741-23742: Terminated
srun: error: Unknown: tasks 224-279: Terminated
srun: error: Unknown: tasks 108979,108998,109017: Terminated
srun: error: Unknown: tasks 20104-20159: Terminated
srun: error: Unknown: tasks 54208-54263: Terminated
srun: error: Unknown: tasks 88368-88423: Terminated
srun: error: Unknown: tasks 30632-30687: Terminated
srun: error: Unknown: tasks 69777,69779-69781,69783-69785,69787,69789-69790,69792-69793,69795-69801,69805,69809,69811,69813-69815,69819,69821,69823,69825,69827,69829: Terminated
srun: error: Unknown: tasks 55944-55998: Terminated
srun: error: Unknown: tasks 94640-94695: Terminated
srun: error: Unknown: tasks 10752-10807: Terminated
srun: error: Unknown: tasks 97552-97557,97560-97561,97563-97565,97568,97570-97575,97578-97583,97586-97589,97594-97596,97602-97605: Terminated
srun: error: Unknown: tasks 3808-3824,3826-3834,3836-3851,3856-3863: Terminated
srun: error: Unknown: tasks 47432-47487: Terminated
srun: error: Unknown: tasks 110096-110151: Terminated
srun: error: Unknown: tasks 52976-53031: Terminated
srun: error: Unknown: tasks 20055-20057,20059,20063,20067,20069,20071-20073,20075-20078,20080,20083-20089,20092-20097,20099-20102: Terminated
srun: error: Unknown: tasks 15680-15735: Terminated
srun: error: Unknown: tasks 107688-107743: Terminated
srun: error: Unknown: tasks 59808-59863: Terminated
srun: error: Unknown: tasks 110768-110823: Terminated
srun: error: Unknown: tasks 77225,77241,77263,77275-77276: Terminated
srun: error: Unknown: tasks 41664-41690,41692-41719: Terminated
srun: error: Unknown: tasks 63560-63615: Terminated
srun: error: Unknown: tasks 68488-68543: Terminated
srun: error: Unknown: tasks 90216-90271: Terminated
srun: error: Unknown: tasks 35504-35513,35515-35559: Terminated
srun: error: Unknown: tasks 2072-2127: Terminated
srun: error: Unknown: task 86644: Terminated
srun: error: Unknown: tasks 91510,91513,91515,91523,91528,91537,91547: Terminated
srun: error: Unknown: tasks 14504-14559: Terminated
srun: error: Unknown: tasks 51128-51183: Terminated
srun: error: Unknown: tasks 90888-90943: Terminated
srun: error: Unknown: tasks 93408-93463: Terminated
srun: error: Unknown: tasks 26376-26386,26388-26390,26392-26394,26397-26403,26405,26407-26410,26412-26418,26421-26423,26425-26427,26430-26431: Terminated
srun: error: Unknown: tasks 848,857,863,872,875,884,889,892: Terminated
srun: error: Unknown: tasks 71008-71063: Terminated
srun: error: Unknown: tasks 61656-61711: Terminated
srun: error: Unknown: tasks 105168-105223: Terminated
srun: error: Unknown: tasks 11424-11479: Terminated
srun: error: Unknown: tasks 105784-105839: Terminated
srun: error: Unknown: tasks 92177,92193,92196,92213,92226: Terminated
srun: error: Unknown: tasks 5824-5879: Terminated
srun: error: Unknown: tasks 75936-75991: Terminated
srun: error: Unknown: task 76112: Terminated
srun: error: Unknown: tasks 38752-38807: Terminated
srun: error: Unknown: tasks 23251,23257,23267,23273,23277,23279,23281,23285,23287: Terminated
srun: error: Unknown: tasks 20720-20775: Terminated
srun: error: Unknown: tasks 36232-36287: Terminated
srun: error: Unknown: tasks 54768-54780,54782-54818,54820-54822: Terminated
srun: error: Unknown: task 66760: Terminated
srun: error: Unknown: tasks 108306,108309,108311,108313,108315-108316,108319,108321,108325,108327,108331-108332,108337-108339,108344-108345,108347,108350,108352-108353,108355-108356,108358: Terminated
srun: error: Unknown: tasks 68992-68994,68996,68998-69004,69006,69008-69012,69014-69025,69028-69030,69032-69033,69035,69037,69040-69042,69045-69047: Terminated
srun: error: Unknown: tasks 21952-22007: Terminated
srun: error: Unknown: tasks 34328-34383: Terminated
srun: error: Unknown: tasks 111944-111999: Terminated
srun: error: Unknown: tasks 33152-33207: Terminated
srun: error: Unknown: tasks 50631-50632,50639-50640,50663,50671,50679: Terminated
srun: error: Unknown: tasks 113288-113343: Terminated
srun: error: Unknown: tasks 96488-96543: Terminated
srun: error: Unknown: tasks 101416-101471: Terminated
srun: error: Unknown: tasks 7560-7561,7563-7574,7576-7597,7599-7610,7612-7615: Terminated
srun: error: Unknown: tasks 70336-70391: Terminated
srun: error: Unknown: tasks 49280-49335: Terminated
srun: error: Unknown: tasks 40104,40143: Terminated
srun: error: Unknown: tasks 47376-47431: Terminated
srun: error: Unknown: tasks 76608-76663: Terminated
srun: error: Unknown: tasks 45528-45583: Terminated
srun: error: Unknown: tasks 89040-89095: Terminated
srun: error: Unknown: tasks 50573,50575,50580-50581,50585,50604,50607,50613,50615,50617-50618: Terminated
srun: error: Unknown: task 5105: Terminated
srun: error: Unknown: tasks 43680-43735: Terminated
srun: error: Unknown: tasks 65408-65463: Terminated
srun: error: Unknown: tasks 87136-87191: Terminated
srun: error: Unknown: tasks 108864-108919: Terminated
srun: error: Unknown: tasks 36736,36738-36744,36746-36747,36749-36752,36754,36756-36760,36762-36768,36770,36772-36775,36777-36778,36780-36786,36789-36791: Terminated
srun: error: Unknown: tasks 94584-94639: Terminated
srun: error: Unknown: tasks 75376-75377,75380,75382,75400,75429: Terminated
srun: error: Unknown: tasks 80360-80415: Terminated
srun: error: Unknown: tasks 102088-102143: Terminated
srun: error: Unknown: tasks 44352-44407: Terminated
srun: error: Unknown: tasks 107016-107071: Terminated
srun: error: Unknown: tasks 56616-56625,56627-56628,56630-56666,56668-56671: Terminated
srun: error: Unknown: tasks 61544-61559,61561-61578,61580-61584,61586-61592,61594-61599: Terminated
srun: error: Unknown: tasks 83384-83430,83432-83438: Terminated
srun: error: Unknown: tasks 25648-25703: Terminated
srun: error: Unknown: tasks 6443,6447-6448,6452,6454,6456,6459-6461,6464,6467-6470,6472,6476,6478-6480,6482,6484-6487,6489,6491,6493-6494: Terminated
srun: error: Unknown: tasks 85960-86015: Terminated
srun: error: Unknown: tasks 14336-14339,14341-14342,14344-14348,14352,14354-14356,14358-14362,14365,14367-14368,14370-14373,14375-14376,14378-14380,14383-14384,14386,14388,14390-14391: Terminated
srun: error: Unknown: tasks 89097,89099,89101,89108,89120,89125,89127: Terminated
srun: error: Unknown: tasks 38696-38751: Terminated
srun: error: Unknown: tasks 60480-60535: Terminated
srun: error: Unknown: tasks 82208-82263: Terminated
srun: error: Unknown: tasks 48608-48663: Terminated
srun: error: Unknown: tasks 48737,48752,48758,48766: Terminated
srun: error: Unknown: tasks 72856-72911: Terminated
srun: error: Unknown: tasks 61096-61151: Terminated
srun: error: Unknown: tasks 85288-85343: Terminated
srun: error: Unknown: tasks 27552-27607: Terminated
srun: error: Unknown: tasks 85403,85455: Terminated
srun: error: Unknown: tasks 30072-30127: Terminated
srun: error: Unknown: tasks 10872,10880: Terminated
srun: error: Unknown: tasks 35000-35055: Terminated
srun: error: Unknown: tasks 18200-18255: Terminated
srun: error: Unknown: tasks 114580,114597,114603-114604,114608,114618-114619,114622,114630: Terminated
srun: error: Unknown: tasks 114634,114648,114671: Terminated
srun: error: Unknown: tasks 42448-42503: Terminated
srun: error: Unknown: task 25761: Terminated
srun: error: Unknown: tasks 88425-88427,88429,88431,88433-88435,88437,88439,88441-88442,88445-88446,88450-88451,88453,88461,88463-88464,88469-88470,88475,88479: Terminated
srun: error: Unknown: tasks 110155,110158,110187,110204,110207: Terminated
srun: error: Unknown: task 30779: Terminated
srun: error: Unknown: tasks 54880-54935: Terminated
srun: error: Unknown: tasks 18872-18927: Terminated
srun: error: Unknown: tasks 43008-43063: Terminated
srun: error: Unknown: tasks 62328-62383: Terminated
srun: error: Unknown: tasks 43120-43175: Terminated
srun: error: Unknown: tasks 31136,31138,31140-31141,31146,31151-31152,31154-31156,31160-31162,31164,31166-31167,31170,31173,31178-31179,31181-31184,31186-31187,31190: Terminated
srun: error: Unknown: tasks 9520-9575: Terminated
srun: error: Unknown: tasks 12040-12095: Terminated
srun: error: Unknown: tasks 72296-72351: Terminated
srun: error: Unknown: tasks 16968-17023: Terminated
srun: error: Unknown: task 91696: Terminated
srun: error: Unknown: tasks 101360-101364,101366,101368-101370,101372,101374-101380,101383-101386,101388,101390-101394,101396-101402,101404-101412,101414-101415: Terminated
srun: error: Unknown: tasks 99008-99063: Terminated
srun: error: Unknown: tasks 62945,62948-62949,62952-62953,62955,62957,62959,62961,62965,62967,62973,62975,62977-62980,62982,62984-62985,62987-62989,62991,62993,62997,62999: Terminated
srun: error: Unknown: tasks 103936-103991: Terminated
srun: error: Unknown: tasks 7672-7727: Terminated
srun: error: Unknown: tasks 29400-29455: Terminated
srun: error: Unknown: tasks 12600-12655: Terminated
srun: error: Unknown: tasks 111384-111439: Terminated
srun: error: Unknown: tasks 53648-53703: Terminated
srun: error: Unknown: tasks 72968-73023: Terminated
srun: error: Unknown: tasks 58576-58631: Terminated
srun: error: Unknown: tasks 80304-80359: Terminated
srun: error: Unknown: tasks 22568-22623: Terminated
srun: error: Unknown: tasks 82824-82879: Terminated
srun: error: Unknown: tasks 63616-63671: Terminated
srun: error: Unknown: tasks 66080-66135: Terminated
srun: error: Unknown: tasks 87808-87863: Terminated
srun: error: Unknown: tasks 109536-109591: Terminated
srun: error: Unknown: tasks 95144-95171,95174-95186,95189-95190,95192-95199: Terminated
srun: error: Unknown: tasks 112056-112111: Terminated
srun: error: Unknown: tasks 56728-56783: Terminated
srun: error: Unknown: tasks 37520-37575: Terminated
srun: error: Unknown: task 37631: Terminated
srun: error: Unknown: tasks 47264-47272,47274-47278,47280,47283-47284,47286-47293,47295-47305,47308-47314,47316-47319: Terminated
srun: error: Unknown: tasks 102704-102759: Terminated
srun: error: Unknown: tasks 90720-90750,90752-90758,90760-90775: Terminated
srun: error: Unknown: tasks 32984-32986,32988-32989,32991-32992,32994,32996,32999-33002,33004,33007-33009,33013,33016,33020-33022,33024,33026,33031-33034,33036-33037: Terminated
srun: error: Unknown: tasks 90832-90833,90835-90847,90849,90851-90887: Terminated
srun: error: Unknown: tasks 71624-71679: Terminated
srun: error: Unknown: tasks 71680-71735: Terminated
srun: error: Unknown: tasks 50065,50113: Terminated
srun: error: Unknown: tasks 95876,95878,95882,95885,95889-95890,95892,95896,95905,95913-95914,95918,95921: Terminated
srun: error: Unknown: tasks 57400-57455: Terminated
srun: error: Unknown: tasks 81536-81591: Terminated
srun: error: Unknown: tasks 21392-21447: Terminated
srun: error: Unknown: tasks 7000-7055: Terminated
srun: error: Unknown: tasks 67256-67311: Terminated
srun: error: Unknown: tasks 86576-86631: Terminated
srun: error: Unknown: tasks 31248-31303: Terminated
srun: error: Unknown: tasks 96320,96323,96328,96330,96332,96336-96338,96342,96344,96348,96350,96352,96354-96358,96365-96366,96368,96370,96372: Terminated
srun: error: Unknown: tasks 33768-33823: Terminated
srun: error: Unknown: tasks 14560-14615: Terminated
srun: error: Unknown: tasks 36288-36343: Terminated
srun: error: Unknown: tasks 19488-19543: Terminated
srun: error: Unknown: tasks 41216-41271: Terminated
srun: error: Unknown: tasks 26824-26837,26840-26845,26847-26862,26864-26870,26872-26878: Terminated
srun: error: Unknown: tasks 24472-24527: Terminated
srun: error: Unknown: tasks 46200-46255: Terminated
srun: error: Unknown: tasks 67928-67983: Terminated
srun: error: Unknown: tasks 89656-89711: Terminated
srun: error: Unknown: tasks 70448-70503: Terminated
srun: error: Unknown: tasks 12712-12767: Terminated
srun: error: Unknown: tasks 113904-113959: Terminated
srun: error: Unknown: tasks 17640-17695: Terminated
srun: error: Unknown: tasks 39368-39423: Terminated
srun: error: Unknown: tasks 27384,27386-27394,27396,27398-27403,27406,27408,27410,27413-27422,27424-27426,27428,27430-27432,27434,27436,27438-27439: Terminated
srun: error: Unknown: tasks 3360-3415: Terminated
srun: error: Unknown: tasks 104552-104607: Terminated
srun: error: Unknown: tasks 104608-104663: Terminated
srun: error: Unknown: tasks 66139,66141,66144,66148-66149,66151-66152,66157,66159,66161,66176,66183-66185,66187: Terminated
srun: error: Unknown: tasks 54152-54153,54160-54161,54168-54169,54171,54176-54177,54184-54185,54192-54193,54200-54201: Terminated
srun: error: Unknown: tasks 51800-51855: Terminated
srun: error: Unknown: tasks 15736-15791: Terminated
srun: error: Unknown: tasks 15792-15847: Terminated
srun: error: Unknown: tasks 76048-76103: Terminated
srun: error: Unknown: task 18359: Terminated
srun: error: Unknown: tasks 40054,40058-40059,40066,40081,40087-40088: Terminated
srun: error: Unknown: tasks 64176-64231: Terminated
srun: error: Unknown: tasks 83497,83500-83502,83505,83507-83508,83513,83515-83516,83519,83521,83523,83527,83529-83531,83535,83539,83541,83547,83549-83550: Terminated
srun: error: Unknown: tasks 105224-105279: Terminated
srun: error: Unknown: tasks 47489,47498,47510,47521: Terminated
srun: error: Unknown: tasks 30688-30743: Terminated
srun: error: Unknown: tasks 52424,52427,52429,52431,52435,52437,52447-52449,52451,52455,52457,52461,52463: Terminated
srun: error: Unknown: tasks 35616-35671: Terminated
srun: error: Unknown: tasks 57344-57399: Terminated
srun: error: Unknown: tasks 38144,38163,38172,38175,38182: Terminated
srun: error: Unknown: tasks 40600-40655: Terminated
srun: error: Unknown: tasks 81592-81647: Terminated
srun: error: Unknown: tasks 4592-4647: Terminated
srun: error: Unknown: tasks 64848-64903: Terminated
srun: error: Unknown: tasks 105849,105863,105867,105874,105879-105881,105884,105891: Terminated
srun: error: Unknown: task 84231: Terminated
srun: error: Unknown: tasks 31304-31359: Terminated
srun: error: Unknown: tasks 113232-113287: Terminated
srun: error: Unknown: tasks 91625,91627: Terminated
srun: error: Unknown: tasks 82040-82042,82044-82045,82048,82050-82054,82056-82062,82064,82066-82067,82069-82072,82074,82076,82078,82081-82082,82084-82088,82090,82092: Terminated
srun: error: Unknown: tasks 58016-58071: Terminated
srun: error: Unknown: tasks 280-335: Terminated
srun: error: Unknown: task 41318: Terminated
srun: error: Unknown: tasks 63000-63055: Terminated
srun: error: Unknown: tasks 84728-84783: Terminated
srun: error: Unknown: tasks 106456-106511: Terminated
srun: error: Unknown: tasks 29459,29463,29467-29468,29471,29478,29505: Terminated
srun: error: Unknown: tasks 12656-12711: Terminated
srun: error: Unknown: tasks 31985,31989,31993,31997,32009,32016,32019,32024: Terminated
srun: error: Unknown: tasks 34440-34495: Terminated
srun: error: Unknown: tasks 94696-94751: Terminated
srun: error: Unknown: tasks 44184-44195,44197-44207,44210-44239: Terminated
srun: error: Unknown: tasks 99624-99679: Terminated
srun: error: Unknown: tasks 44296-44351: Terminated
srun: error: Unknown: tasks 102144-102199: Terminated
srun: error: Unknown: tasks 8288-8343: Terminated
srun: error: Unknown: tasks 107072-107127: Terminated
srun: error: Unknown: tasks 73416-73423,73425-73426,73429-73460,73462-73471: Terminated
srun: error: Unknown: tasks 90328-90383: Terminated
srun: error: Unknown: tasks 13328-13383: Terminated
srun: error: Unknown: tasks 13384-13385,13390-13393,13397-13399,13401-13402,13406-13410,13412,13414-13416,13418,13420,13422-13423,13425-13428,13430-13434,13436,13438-13439: Terminated
srun: error: Unknown: tasks 18267,18270,18275,18308: Terminated
srun: error: Unknown: tasks 97776-97831: Terminated
srun: error: Unknown: tasks 1512-1567: Terminated
srun: error: Unknown: tasks 61768-61823: Terminated
srun: error: Unknown: tasks 85904-85959: Terminated
srun: error: Unknown: tasks 28168-28223: Terminated
srun: error: Unknown: tasks 11368-11423: Terminated
srun: error: Unknown: tasks 69216-69271: Terminated
srun: error: Unknown: tasks 50009,50011,50019,50031,50059: Terminated
srun: error: Unknown: tasks 33208-33263: Terminated
srun: error: Unknown: tasks 21224,21226-21227,21229-21230,21235-21237,21240-21243,21245-21247,21249-21252,21260-21261,21263-21264,21266-21267,21271-21272,21274-21275,21277-21279: Terminated
srun: error: Unknown: tasks 95928-95983: Terminated
srun: error: Unknown: tasks 79128-79183: Terminated
srun: error: Unknown: tasks 40656-40711: Terminated
srun: error: Unknown: tasks 86464-86492,86494-86500,86502-86519: Terminated
srun: error: Unknown: tasks 26320-26375: Terminated
srun: error: Unknown: tasks 7112-7167: Terminated
srun: error: Unknown: tasks 105896-105951: Terminated
srun: error: Unknown: tasks 69832-69887: Terminated
srun: error: Unknown: tasks 110824-110879: Terminated
srun: error: Unknown: tasks 55496-55551: Terminated
srun: error: Unknown: tasks 2577-2578,2580-2582,2584,2586-2591,2593-2609,2611-2612,2614-2615,2617-2618,2620-2621,2624-2628,2630-2631: Terminated
srun: error: Unknown: tasks 98952-99007: Terminated
srun: error: Unknown: tasks 38825,38863: Terminated
srun: error: Unknown: tasks 101472-101527: Terminated
srun: error: Unknown: tasks 5208-5263: Terminated
srun: error: Unknown: tasks 103992-104047: Terminated
srun: error: Unknown: tasks 48664-48719: Terminated
srun: error: Unknown: tasks 10192-10247: Terminated
srun: error: Unknown: tasks 89718,89727,89729,89733,89738-89739,89747,89751,89758,89761: Terminated
srun: error: Unknown: tasks 72912-72967: Terminated
srun: error: Unknown: tasks 15176-15231: Terminated
srun: error: Unknown: tasks 56168-56223: Terminated
srun: error: Unknown: tasks 58633-58634,58637,58661,58663,58667,58682: Terminated
srun: error: Unknown: tasks 20160-20215: Terminated
srun: error: Unknown: tasks 22636,22641,22645,22649,22658,22660,22663,22665-22666,22668-22670,22672-22673,22675: Terminated
srun: error: Unknown: tasks 22680-22735: Terminated
srun: error: Unknown: tasks 46816-46871: Terminated
srun: error: Unknown: tasks 68544-68599: Terminated
srun: error: Unknown: tasks 10808-10863: Terminated
srun: error: Unknown: task 8511: Terminated
srun: error: Unknown: task 107248: Terminated
srun: error: Unknown: tasks 54320-54375: Terminated
srun: error: Unknown: tasks 56784-56839: Terminated
srun: error: Unknown: tasks 23128,23130-23132,23134-23136,23138-23140,23142-23144,23146,23148-23152,23154-23160,23162,23164,23166,23168-23172,23174-23175,23177-23182: Terminated
srun: error: Unknown: tasks 80976-81031: Terminated
srun: error: Unknown: tasks 100296-100351: Terminated
srun: error: Unknown: tasks 44968-45023: Terminated
srun: error: Unknown: tasks 64288-64343: Terminated
srun: error: Unknown: tasks 8960-9015: Terminated
srun: error: Unknown: tasks 107744-107799: Terminated
srun: error: Unknown: tasks 13888-13943: Terminated
srun: error: Unknown: tasks 74144-74199: Terminated
srun: error: Unknown: tasks 54936-54991: Terminated
srun: error: Unknown: tasks 93528,93575: Terminated
srun: error: Unknown: tasks 21336-21391: Terminated
srun: error: Unknown: tasks 2128-2183: Terminated
srun: error: Unknown: tasks 84056-84111: Terminated
srun: error: Unknown: tasks 103376-103431: Terminated
srun: error: Unknown: tasks 103435,103439,103453,103455,103457,103459,103465,103467-103468,103474,103476,103478-103479,103484-103485: Terminated
srun: error: Unknown: tasks 64965,64999,65015: Terminated
srun: error: Unknown: tasks 74648-74669,74671-74703: Terminated
srun: error: Unknown: tasks 31360-31415: Terminated
srun: error: Unknown: tasks 94024-94079: Terminated
srun: error: Unknown: tasks 113344-113399: Terminated
srun: error: Unknown: tasks 96544-96599: Terminated
srun: error: Unknown: tasks 79744-79799: Terminated
srun: error: Unknown: tasks 99074,99080,99083,99104,99114: Terminated
srun: error: Unknown: tasks 87080-87128,87130-87135: Terminated
srun: error: Unknown: tasks 26936-26991: Terminated
srun: error: Unknown: tasks 84784-84839: Terminated
srun: error: Unknown: tasks 84852,84854,84860,84862,84868,84870,84876-84879,84883-84886,84891-84893,84895: Terminated
srun: error: Unknown: tasks 51184-51239: Terminated
srun: error: Unknown: tasks 111440-111495: Terminated
srun: error: Unknown: tasks 53704-53759: Terminated
srun: error: Unknown: tasks 75443,75453,75471: Terminated
srun: error: Unknown: tasks 3248-3279,3281-3289,3291-3303: Terminated
srun: error: Unknown: tasks 39425,39427,39429,39432-39435,39437,39441,39443,39445-39447,39449,39453,39457-39460,39463,39465,39468-39469,39471,39473,39475,39478-39479: Terminated
srun: error: Unknown: tasks 87640,87642,87644-87646,87649-87658,87660-87672,87674-87679,87681-87685,87688-87692,87694-87695: Terminated
srun: error: Unknown: tasks 3416-3471: Terminated
srun: error: Unknown: tasks 85344-85399: Terminated
srun: error: Unknown: tasks 27608-27663: Terminated
srun: error: Unknown: tasks 90272-90327: Terminated
srun: error: Unknown: tasks 32536-32591: Terminated
srun: error: Unknown: tasks 54264-54319: Terminated
srun: error: Unknown: tasks 114523,114525,114528,114532-114533,114535,114537,114540-114541,114549,114552-114553,114555-114556,114560,114563-114569,114571-114573: Terminated
srun: error: Unknown: tasks 95318-95319,95321,95323,95327-95328,95332,95339-95340,95343,95345-95348,95350,95360-95365,95367: Terminated
srun: error: Unknown: tasks 39984-40039: Terminated
srun: error: Unknown: tasks 20777,20779-20780,20786-20787,20789,20793,20795-20796,20799,20801,20803,20812-20814,20819,20823-20825: Terminated
srun: error: Unknown: tasks 66584,66586,66588-66592,66594-66600,66602-66603,66605-66616,66618,66623-66624,66626,66628-66630,66632-66634,66636-66637,66639: Terminated
srun: error: Unknown: task 42582: Terminated
srun: error: Unknown: task 20961: Terminated
srun: error: Unknown: tasks 49896-49951: Terminated
srun: error: Unknown: tasks 9032,9047,9054-9056,9059,9064,9070: Terminated
srun: error: Unknown: tasks 90944-90999: Terminated
srun: error: Unknown: tasks 78960-78966,78968-78978,78980-78982,78984-79015: Terminated
srun: error: Unknown: tasks 35681,35684,35687-35689,35691,35693,35697,35699,35707-35709,35713,35717,35719,35723,35727: Terminated
srun: error: Unknown: task 52631: Terminated
srun: error: Unknown: tasks 59864-59919: Terminated
srun: error: Unknown: tasks 57513,57535,57537,57539: Terminated
srun: error: Unknown: tasks 81648-81703: Terminated
srun: error: Unknown: tasks 45584-45639: Terminated
srun: error: Unknown: tasks 67312-67367: Terminated
srun: error: Unknown: tasks 48104-48159: Terminated
srun: error: Unknown: tasks 108360-108415: Terminated
srun: error: Unknown: tasks 12096-12151: Terminated
srun: error: Unknown: tasks 53088-53143: Terminated
srun: error: Unknown: tasks 17024-17079: Terminated
srun: error: Unknown: tasks 17080-17135: Terminated
srun: error: Unknown: tasks 2688-2743: Terminated
srun: error: Unknown: tasks 60536-60591: Terminated
srun: error: Unknown: tasks 43736-43791: Terminated
srun: error: Unknown: tasks 5277,5279,5299,5309: Terminated
srun: error: Unknown: tasks 87192-87247: Terminated
srun: error: Unknown: tasks 72800-72811,72813-72855: Terminated
srun: error: Unknown: tasks 48777-48781,48783,48785-48789,48791,48796-48799,48801-48803,48805,48807,48810-48811,48817-48819,48821-48825,48827-48828,48830-48831: Terminated
srun: error: Unknown: tasks 109032-109087: Terminated
srun: error: Unknown: tasks 92232-92287: Terminated
srun: error: Unknown: task 51368: Terminated
srun: error: Unknown: tasks 97160-97215: Terminated
srun: error: Unknown: tasks 58688-58743: Terminated
srun: error: Unknown: tasks 80416-80471: Terminated
srun: error: Unknown: tasks 41944-41999: Terminated
srun: error: Unknown: tasks 44408-44463: Terminated
srun: error: Unknown: tasks 104664-104719: Terminated
srun: error: Unknown: tasks 87864-87919: Terminated
srun: error: Unknown: tasks 109592-109647: Terminated
srun: error: Unknown: tasks 92792-92847: Terminated
srun: error: Unknown: tasks 35056-35111: Terminated
srun: error: Unknown: tasks 15848-15903: Terminated
srun: error: Unknown: tasks 78512-78567: Terminated
srun: error: Unknown: tasks 44856,44858,44861-44862,44864,44866-44867,44869-44874,44876,44878-44882,44884-44886,44888-44894,44896-44899,44902-44906,44909-44911: Terminated
srun: error: Unknown: tasks 1568-1623: Terminated
srun: error: Unknown: tasks 25704-25759: Terminated
srun: error: Unknown: tasks 45025,45027,45031-45032,45037,45039-45041,45043-45046,45048-45049,45051,45056-45057,45059-45063,45069-45071,45075-45076,45078: Terminated
srun: error: Unknown: tasks 6552-6571,6573,6576,6578-6581,6583-6591,6593-6597,6600-6606: Terminated
srun: error: Unknown: tasks 88480-88535: Terminated
srun: error: Unknown: tasks 11480-11535: Terminated
srun: error: Unknown: tasks 112672-112727: Terminated
srun: error: Unknown: tasks 93464-93519: Terminated
srun: error: Unknown: tasks 35728-35783: Terminated
srun: error: Unknown: tasks 98392-98447: Terminated
srun: error: Unknown: tasks 79184-79239: Terminated
srun: error: Unknown: tasks 62393,62395,62408,62420,62425,62428,62430,62435: Terminated
srun: error: Unknown: tasks 7056-7111: Terminated
srun: error: Unknown: tasks 64904-64959: Terminated
srun: error: Unknown: tasks 7168-7223: Terminated
srun: error: Unknown: tasks 28896-28951: Terminated
srun: error: Unknown: tasks 16912,16914-16916,16918-16928,16930-16948,16950-16952,16954-16967: Terminated
srun: error: Unknown: tasks 33824-33879: Terminated
srun: error: Unknown: tasks 14616-14671: Terminated
srun: error: Unknown: tasks 77280-77335: Terminated
srun: error: Unknown: task 55689: Terminated
srun: error: Unknown: tasks 106288-106292,106294-106304,106306-106312,106314-106318,106320-106324,106326,106328,106330-106334,106337-106343: Terminated
srun: error: Unknown: task 2807: Terminated
srun: error: Unknown: tasks 24528-24583: Terminated
srun: error: Unknown: tasks 89600-89614,89616,89618,89620,89622-89636,89638-89642,89644-89654: Terminated
srun: error: Unknown: tasks 108920-108975: Terminated
srun: error: Unknown: tasks 106597,106605: Terminated
srun: error: Unknown: tasks 70504-70559: Terminated
srun: error: Unknown: tasks 12768-12823: Terminated
srun: error: Unknown: tasks 36904-36959: Terminated
srun: error: Unknown: tasks 17696-17751: Terminated
srun: error: Unknown: tasks 37017,37025,37028,37041,37051-37052,37055,37060,37063,37067,37071: Terminated
srun: error: Unknown: tasks 41888-41943: Terminated
srun: error: Unknown: tasks 82880-82935: Terminated
srun: error: Unknown: tasks 5880-5935: Terminated
srun: error: Unknown: tasks 8344-8399: Terminated
srun: error: Unknown: tasks 49336-49391: Terminated
srun: error: Unknown: tasks 30128-30183: Terminated
srun: error: Unknown: tasks 10931,10947: Terminated
srun: error: Unknown: task 71191: Terminated
srun: error: Unknown: tasks 54376-54431: Terminated
srun: error: Unknown: tasks 3864,3866-3867,3869-3870,3872-3876,3878-3880,3882,3884,3886,3888-3890,3892-3894,3896-3897,3899-3900,3902-3904,3906-3908,3910-3912,3915,3917,3919: Terminated
srun: error: Unknown: tasks 59304-59359: Terminated
srun: error: Unknown: tasks 3976-4031: Terminated
srun: error: Unknown: tasks 64232-64287: Terminated
srun: error: Unknown: tasks 6496-6551: Terminated
srun: error: Unknown: tasks 86016-86071: Terminated
srun: error: Unknown: tasks 49952-50007: Terminated
srun: error: Unknown: task 88566: Terminated
srun: error: Unknown: tasks 110264-110319: Terminated
srun: error: Unknown: tasks 11603,11641: Terminated
srun: error: Unknown: tasks 81480-81482,81484-81488,81490-81493,81495-81496,81498-81506,81508-81511,81515,81517-81518,81520-81521,81523-81528,81530,81533-81535: Terminated
srun: error: Unknown: tasks 57456-57511: Terminated
srun: error: Unknown: tasks 59921,59925,59928-59929,59940,59942,59945,59956,59959,59961,59963,59972: Terminated
srun: error: Unknown: tasks 21448-21503: Terminated
srun: error: Unknown: tasks 4648-4703: Terminated
srun: error: Unknown: tasks 84172,84189,84195,84208,84222-84223: Terminated
srun: error: Unknown: tasks 45696-45751: Terminated
srun: error: Unknown: tasks 67424-67479: Terminated
srun: error: Unknown: tasks 89153,89155,89157,89159,89161,89163,89169,89171,89182,89185,89188,89193,89195,89199-89200,89207: Terminated
srun: error: Unknown: tasks 72352-72407: Terminated
srun: error: Unknown: tasks 53145,53149,53155-53156,53161-53162,53169,53175,53178,53184,53187-53188,53190,53193,53196: Terminated
srun: error: Unknown: tasks 36344-36399: Terminated
srun: error: Unknown: tasks 19549,19552,19559,19561,19565-19566,19568,19573,19576-19577,19579,19587,19589,19593,19596-19597,19599: Terminated
srun: error: Unknown: tasks 65352-65353,65356-65359,65362-65366,65369,65373-65379,65381-65394,65396-65400,65402,65404-65407: Terminated
srun: error: Unknown: tasks 41330-41331,41333,41335,41340-41341,41345,41347,41353,41358,41361,41367,41369,41371,41374,41377,41379,41382-41383: Terminated
srun: error: Unknown: tasks 63056-63111: Terminated
srun: error: Unknown: tasks 7728-7783: Terminated
srun: error: Unknown: tasks 27048-27103: Terminated
srun: error: Unknown: tasks 10248-10303: Terminated
srun: error: Unknown: tasks 51240-51295: Terminated
srun: error: Unknown: tasks 51296-51351: Terminated
srun: error: Unknown: tasks 113960-114015: Terminated
srun: error: Unknown: tasks 56224-56279: Terminated
srun: error: Unknown: tasks 896-951: Terminated
srun: error: Unknown: tasks 61152-61207: Terminated
srun: error: Unknown: task 39567: Terminated
srun: error: Unknown: tasks 82936-82991: Terminated
srun: error: Unknown: tasks 46872-46927: Terminated
srun: error: Unknown: tasks 8400-8455: Terminated
srun: error: Unknown: tasks 27756,27763,27767,27774-27775: Terminated
srun: error: Unknown: tasks 90384-90439: Terminated
srun: error: Unknown: tasks 73584-73639: Terminated
srun: error: Unknown: tasks 23072,23074-23077,23079-23094,23096-23097,23099-23106,23108,23110,23112-23113,23115-23116,23119,23121,23123-23127: Terminated
srun: error: Unknown: tasks 56840-56895: Terminated
srun: error: Unknown: tasks 100240-100295: Terminated
srun: error: Unknown: tasks 42504-42559: Terminated
srun: error: Unknown: tasks 23296-23351: Terminated
srun: error: Unknown: tasks 42616-42671: Terminated
srun: error: Unknown: tasks 52304,52312,52314,52320,52322,52325,52327-52330,52332,52335-52336,52341-52342,52344,52346,52349,52352-52354: Terminated
srun: error: Unknown: tasks 33096-33114,33116-33118,33120-33122,33124-33147,33149-33151: Terminated
srun: error: Unknown: tasks 28336,28339-28342,28344-28345,28349,28353,28355-28356,28358,28360,28362,28365,28373,28376-28377,28379,28385,28387: Terminated
srun: error: Unknown: tasks 71736-71791: Terminated
srun: error: Unknown: task 50175: Terminated
srun: error: Unknown: tasks 54993,54997-54998,55000-55001,55003-55004,55006,55011-55012,55015-55017,55020,55022,55024,55026-55030,55032,55034-55036,55038,55040-55041,55043,55046-55047: Terminated
srun: error: Unknown: tasks 95984-96039: Terminated
srun: error: Unknown: tasks 98448-98503: Terminated
srun: error: Unknown: tasks 100913,100919,100926,100929,100933,100936,100939,100943,100947-100948,100951,100953,100955,100957-100958,100961,100965: Terminated
srun: error: Unknown: tasks 84112-84167: Terminated
srun: error: Unknown: tasks 31192,31194,31197-31202,31204-31206,31208-31214,31216,31218-31219,31221,31223-31226,31228-31229,31231-31234,31236-31237,31239-31244,31246-31247: Terminated
srun: error: Unknown: tasks 14392,14394-14397,14399-14402,14404,14408,14410-14411,14413-14416,14418-14420,14422-14428,14430,14432-14435,14438-14447: Terminated
srun: error: Unknown: tasks 105952-106007: Terminated
srun: error: Unknown: tasks 91560-91615: Terminated
srun: error: Unknown: tasks 77171-77172,77174-77175,77180-77183,77186,77189-77191,77194-77196,77198-77199,77203,77205-77207,77211,77215-77216: Terminated
srun: error: Unknown: tasks 55552-55607: Terminated
srun: error: Unknown: tasks 74872-74927: Terminated
srun: error: Unknown: tasks 77336-77391: Terminated
srun: error: Unknown: tasks 79800-79855: Terminated
srun: error: Unknown: tasks 82264-82319: Terminated
srun: error: Unknown: tasks 60655,60661,60687,60700: Terminated
srun: error: Unknown: task 43895: Terminated
srun: error: Unknown: tasks 106512-106567: Terminated
srun: error: Unknown: tasks 87304-87359: Terminated
srun: error: Unknown: tasks 89775,89779,89782,89785,89787,89791,89797,89799-89801,89803-89805,89808,89812,89814,89816-89817,89820-89823: Terminated
srun: error: Unknown: tasks 87417,87439,87447,87454-87455: Terminated
srun: error: Unknown: tasks 34496-34551: Terminated
srun: error: Unknown: tasks 94752-94807: Terminated
srun: error: Unknown: tasks 77952-78007: Terminated
srun: error: Unknown: tasks 99680-99735: Terminated
srun: error: Unknown: tasks 80472-80527: Terminated
srun: error: Unknown: tasks 25158,25174,25178,25181,25185,25199: Terminated
srun: error: Unknown: tasks 44465,44467-44469,44472,44475,44481,44487,44491,44495,44497,44500,44504,44509-44510,44515,44519: Terminated
srun: error: Unknown: tasks 85479,85503,85511: Terminated
srun: error: Unknown: tasks 68656-68711: Terminated
srun: error: Unknown: tasks 18144-18148,18150-18172,18174-18180,18182-18192,18194-18199: Terminated
srun: error: Unknown: tasks 32648-32703: Terminated
srun: error: Unknown: tasks 92904-92959: Terminated
srun: error: Unknown: task 112269: Terminated
srun: error: Unknown: task 37649: Terminated
srun: error: Unknown: tasks 81032-81087: Terminated
srun: error: Unknown: tasks 102760-102815: Terminated
srun: error: Unknown: tasks 4088-4143: Terminated
srun: error: Unknown: tasks 28224-28279: Terminated
srun: error: Unknown: tasks 47544-47599: Terminated
srun: error: Unknown: tasks 110208-110263: Terminated
srun: error: Unknown: tasks 91000-91055: Terminated
srun: error: Unknown: tasks 112730-112733,112736,112738-112740,112747-112748,112750-112752,112758-112761,112763,112765,112768-112774,112777,112779-112780: Terminated
srun: error: Unknown: tasks 74256-74311: Terminated
srun: error: Unknown: task 14145: Terminated
srun: error: Unknown: tasks 18984-19039: Terminated
srun: error: Unknown: tasks 23856-23911: Terminated
srun: error: Unknown: tasks 43176-43231: Terminated
srun: error: Unknown: tasks 45640-45695: Terminated
srun: error: Unknown: tasks 26432-26487: Terminated
srun: error: Unknown: tasks 9637-9638,9649,9651,9655,9668,9675,9679,9683-9684: Terminated
srun: error: Unknown: tasks 9688-9743: Terminated
srun: error: Unknown: tasks 96433,96435-96437,96439-96440,96442,96445,96447-96449,96452-96455,96457-96459,96462-96463,96465-96467,96469,96471,96473-96475,96477-96483,96485,96487: Terminated
srun: error: Unknown: tasks 94080-94135: Terminated
srun: error: Unknown: tasks 113400-113455: Terminated
srun: error: Unknown: tasks 84560,84562,84565-84568,84570-84572,84574,84576-84578,84580,84582,84585-84586,84588-84590,84592-84598,84600-84602,84604-84607,84609-84614: Terminated
srun: error: Unknown: tasks 336-391: Terminated
srun: error: Unknown: task 38961: Terminated
srun: error: Unknown: tasks 101584-101639: Terminated
srun: error: Unknown: tasks 65521,65523,65527,65530,65533,65537,65539-65541,65555,65560,65563-65564,65566-65568,65571: Terminated
srun: error: Unknown: tasks 87263,87265,87287,87301: Terminated
srun: error: Unknown: tasks 27105,27121,27123,27125-27127,27131,27134-27137,27139-27142,27144-27151,27153-27155,27158: Terminated
srun: error: Unknown: tasks 48832-48887: Terminated
srun: error: Unknown: tasks 111496-111551: Terminated
srun: error: Unknown: tasks 111552-111607: Terminated
srun: error: Unknown: tasks 92381,92395: Terminated
srun: error: Unknown: tasks 3304,3306-3310,3312-3314,3316-3318,3320,3322,3324-3328,3330-3336,3338-3340,3342-3346,3351-3359: Terminated
srun: error: Unknown: tasks 58744-58799: Terminated
srun: error: Unknown: tasks 46760-46774,46776-46788,46790-46806,46808-46812,46814-46815: Terminated
srun: error: Unknown: tasks 22736-22791: Terminated
srun: error: Unknown: tasks 82992-83047: Terminated
srun: error: Unknown: tasks 27671,27678,27681,27686,27691,27697,27701,27703-27704,27714-27715,27718-27719: Terminated
srun: error: Unknown: tasks 75880-75889,75891-75904,75906-75935: Terminated
srun: error: Unknown: tasks 109667-109668,109673,109688,109701-109702: Terminated
srun: error: Unknown: tasks 39872,39878,39882,39886,39890,39893-39895,39898-39900,39902-39905,39907-39908,39910-39911,39916-39919,39923-39924,39926-39927: Terminated
srun: error: Unknown: tasks 35112-35167: Terminated
srun: error: Unknown: tasks 83328,83330-83336,83338-83339,83341,83343-83348,83350,83352-83383: Terminated
srun: error: Unknown: tasks 18368-18423: Terminated
srun: error: Unknown: tasks 78624-78679: Terminated
srun: error: Unknown: tasks 61824-61879: Terminated
srun: error: Unknown: tasks 83552-83607: Terminated
srun: error: Unknown: tasks 105280-105335: Terminated
srun: error: Unknown: tasks 86072-86127: Terminated
srun: error: Unknown: tasks 69272-69327: Terminated
srun: error: Unknown: tasks 13944-13999: Terminated
srun: error: Unknown: tasks 74200-74255: Terminated
srun: error: Unknown: tasks 16464-16519: Terminated
srun: error: Unknown: tasks 38196,38199,38201,38205-38206,38209-38210,38214,38217,38220,38222,38225-38226,38228,38230,38232,38243-38244,38246-38247: Terminated
srun: error: Unknown: tasks 96040-96095: Terminated
srun: error: Unknown: tasks 59976-60031: Terminated
srun: error: Unknown: tasks 81704-81759: Terminated
srun: error: Unknown: tasks 4704-4759: Terminated
srun: error: Unknown: tasks 24024-24079: Terminated
srun: error: Unknown: tasks 86693,86702,86705,86711,86713,86720,86724,86727,86732,86737,86742: Terminated
srun: error: Unknown: tasks 67483,67487,67489,67493-67495,67497-67498,67501,67507,67511,67518,67520,67522,67524: Terminated
srun: error: Unknown: tasks 31416-31471: Terminated
srun: error: Unknown: tasks 19432-19438,19440-19487: Terminated
srun: error: Unknown: tasks 14674-14676,14683-14684,14689,14694,14696,14698,14702,14707,14710,14714-14715,14720-14721,14723-14724,14726: Terminated
srun: error: Unknown: tasks 34005,34031: Terminated
srun: error: Unknown: tasks 77392-77447: Terminated
srun: error: Unknown: tasks 77491,77495,77503: Terminated
srun: error: Unknown: tasks 43825,43831,43841: Terminated
srun: error: Unknown: tasks 46256-46311: Terminated
srun: error: Unknown: tasks 31864-31870,31872,31874-31880,31882-31885,31888,31890-31894,31896,31898-31910,31912,31914-31918: Terminated
srun: error: Unknown: tasks 29512-29567: Terminated
srun: error: Unknown: tasks 10304-10359: Terminated
srun: error: Unknown: tasks 70560-70615: Terminated
srun: error: Unknown: tasks 73024-73079: Terminated
srun: error: Unknown: tasks 114016-114071: Terminated
srun: error: Unknown: task 114120: Terminated
srun: error: Unknown: tasks 20216-20271: Terminated
srun: error: Unknown: tasks 1008-1063: Terminated
srun: error: Unknown: tasks 102200-102255: Terminated
srun: error: Unknown: tasks 5936-5991: Terminated
srun: error: Unknown: tasks 68600-68655: Terminated
srun: error: Unknown: tasks 34944,34946,34948-34949,34952-34954,34958,34961-34962,34964-34965,34967-34968,34970,34972,34974-34975,34979-34980,34982-34984,34986-34988,34992-34994,34996-34998: Terminated
srun: error: Unknown: tasks 97609-97629,97631-97636,97638-97645,97647-97662: Terminated
srun: error: Unknown: tasks 112112-112167: Terminated
srun: error: Unknown: tasks 73640-73695: Terminated
srun: error: Unknown: tasks 15904-15959: Terminated
srun: error: Unknown: tasks 97832-97887: Terminated
srun: error: Unknown: tasks 20832-20887: Terminated
srun: error: Unknown: tasks 100352-100407: Terminated
srun: error: Unknown: tasks 81148-81151,81156-81159,81164-81167,81172-81175,81180-81183,81188-81191,81196-81199: Terminated
srun: error: Unknown: tasks 25816-25871: Terminated
srun: error: Unknown: tasks 105337,105343,105371,105382: Terminated
srun: error: Unknown: tasks 107800-107855: Terminated
srun: error: Unknown: tasks 52472-52527: Terminated
srun: error: Unknown: tasks 33264-33319: Terminated
srun: error: Unknown: tasks 14056-14111: Terminated
srun: error: Unknown: tasks 74324,74327,74335,74339-74340,74345,74347,74357,74361-74362: Terminated
srun: error: Unknown: tasks 23800-23846,23848-23855: Terminated
srun: error: Unknown: tasks 28672,28674,28676,28678-28680,28682-28684,28686,28688,28690,28692-28696,28698,28701-28707,28710-28719,28722,28725,28727: Terminated
srun: error: Unknown: tasks 23912-23967: Terminated
srun: error: Unknown: tasks 43232-43287: Terminated
srun: error: Unknown: tasks 103488-103543: Terminated
srun: error: Unknown: tasks 48160-48215: Terminated
srun: error: Unknown: tasks 108416-108471: Terminated
srun: error: Unknown: tasks 110880-110935: Terminated
srun: error: Unknown: tasks 72408-72463: Terminated
srun: error: Unknown: tasks 91740,91747,91765: Terminated
srun: error: Unknown: tasks 96600-96655: Terminated
srun: error: Unknown: tasks 38864-38919: Terminated
srun: error: Unknown: tasks 101528-101583: Terminated
srun: error: Unknown: tasks 82320-82375: Terminated
srun: error: Unknown: tasks 63113-63114,63117,63119-63121,63123-63124,63126-63127,63129-63133,63135-63136,63143,63147,63150-63151,63154-63158,63160,63163-63167: Terminated
srun: error: Unknown: tasks 67984-68039: Terminated
srun: error: Unknown: tasks 68040-68095: Terminated
srun: error: Unknown: tasks 87360-87415: Terminated
srun: error: Unknown: tasks 32032-32087: Terminated
srun: error: Unknown: tasks 68211,68225: Terminated
srun: error: Unknown: tasks 36960-37015: Terminated
srun: error: Unknown: tasks 56305,56313-56314,56316,56327: Terminated
srun: error: Unknown: tasks 97272-97327: Terminated
srun: error: Unknown: tasks 58800-58855: Terminated
srun: error: Unknown: tasks 63672-63727: Terminated
srun: error: Unknown: tasks 109480,109482-109484,109486-109489,109492-109503,109505-109516,109518,109520-109522,109524-109526,109528-109535: Terminated
srun: error: Unknown: tasks 107128-107183: Terminated
srun: error: Unknown: tasks 49392-49447: Terminated
srun: error: Unknown: tasks 30197,30202,30220,30225,30231,30237: Terminated
srun: error: Unknown: tasks 92848-92903: Terminated
srun: error: Unknown: tasks 20664-20668,20670-20692,20694-20711,20713-20717,20719: Terminated
srun: error: Unknown: tasks 95368-95423: Terminated
srun: error: Unknown: tasks 78568-78623: Terminated
srun: error: Unknown: tasks 35280-35322,35324-35335: Terminated
srun: error: Unknown: tasks 1631,1633,1642,1658-1659,1663,1668,1670: Terminated
srun: error: Unknown: tasks 23352-23407: Terminated
srun: error: Unknown: tasks 64344-64399: Terminated
srun: error: Unknown: tasks 28280-28335: Terminated
srun: error: Unknown: tasks 47609,47621,47623,47636,47638-47639,47641,47650: Terminated
srun: error: Unknown: tasks 11536-11591: Terminated
srun: error: Unknown: tasks 110320-110375: Terminated
srun: error: Unknown: tasks 112785,112793,112806,112813,112828,112833: Terminated
srun: error: Unknown: tasks 35788,35790,35795,35797,35799,35801,35811,35815,35824-35825,35830,35835,35837: Terminated
srun: error: Unknown: tasks 35863,35871: Terminated
srun: error: Unknown: tasks 105728,105730-105734,105736-105738,105740-105748,105750,105752-105760,105762-105763,105766-105772,105774-105779,105781-105783: Terminated
srun: error: Unknown: tasks 62440-62495: Terminated
srun: error: Unknown: tasks 81760-81815: Terminated
srun: error: Unknown: tasks 43292,43308,43321,43324,43327,43333,43337,43339-43340: Terminated
srun: error: Unknown: tasks 7224-7279: Terminated
srun: error: Unknown: tasks 69888-69943: Terminated
srun: error: Unknown: tasks 69944-69999: Terminated
srun: error: Unknown: tasks 33880-33935: Terminated
srun: error: Unknown: tasks 94136-94191: Terminated
srun: error: Unknown: tasks 58072-58127: Terminated
srun: error: Unknown: tasks 84616-84635,84637-84638,84640-84644,84646,84648,84650-84654,84656-84658,84660-84667,84669-84671: Terminated
srun: error: Unknown: tasks 22064-22119: Terminated
srun: error: Unknown: tasks 10080-10087,10089-10095,10097-10135: Terminated
srun: error: Unknown: tasks 26992-27047: Terminated
srun: error: Unknown: tasks 104110,104118: Terminated
srun: error: Unknown: tasks 65632-65687: Terminated
srun: error: Unknown: tasks 65689,65692,65705,65729,65737,65740,65743: Terminated
srun: error: Unknown: tasks 68157,68167,68169,68171,68175,68179,68181,68187,68193,68198,68201,68205: Terminated
srun: error: Unknown: tasks 15232-15287: Terminated
srun: error: Unknown: tasks 111613,111619,111625,111641,111647,111649,111655: Terminated
srun: error: Unknown: tasks 97216-97271: Terminated
srun: error: Unknown: tasks 952-1007: Terminated
srun: error: Unknown: tasks 61208-61263: Terminated
srun: error: Unknown: tasks 3476,3497,3503,3508,3511,3513,3524: Terminated
srun: error: Unknown: tasks 25200-25255: Terminated
srun: error: Unknown: tasks 13216-13220,13222-13223,13225-13232,13234-13239,13241-13260,13262,13264-13266,13268-13271: Terminated
srun: error: Unknown: tasks 87920-87975: Terminated
srun: error: Unknown: tasks 32592-32647: Terminated
srun: error: Unknown: tasks 51912-51967: Terminated
srun: error: Unknown: tasks 71232-71287: Terminated
srun: error: Unknown: tasks 54432-54487: Terminated
srun: error: Unknown: tasks 76160-76215: Terminated
srun: error: Unknown: tasks 59360-59415: Terminated
srun: error: Unknown: tasks 81088-81143: Terminated
srun: error: Unknown: tasks 102816-102871: Terminated
srun: error: Unknown: tasks 61944,61950,61952,61958,61967: Terminated
srun: error: Unknown: tasks 64401,64403-64404,64407,64409,64411,64413,64416,64421,64425,64430-64431,64434-64435,64439-64440,64442-64444,64447-64448,64453: Terminated
srun: error: Unknown: tasks 9072-9127: Terminated
srun: error: Unknown: tasks 30807,30811,30813,30815-30817,30832-30833,30835,30837,30840,30842,30846: Terminated
srun: error: Unknown: tasks 14000-14055: Terminated
srun: error: Unknown: tasks 98336-98374,98376-98391: Terminated
srun: error: Unknown: tasks 76720-76775: Terminated
srun: error: Unknown: tasks 38248-38303: Terminated
srun: error: Unknown: tasks 2184-2239: Terminated
srun: error: Unknown: tasks 21504-21559: Terminated
srun: error: Unknown: tasks 60106,60123,60125-60126,60129,60135,60142: Terminated
srun: error: Unknown: tasks 62552-62607: Terminated
srun: error: Unknown: tasks 84280-84335: Terminated
srun: error: Unknown: tasks 28952-29007: Terminated
srun: error: Unknown: task 74792: Terminated
srun: error: Unknown: tasks 110936-110991: Terminated
srun: error: Unknown: tasks 55608-55663: Terminated
srun: error: Unknown: tasks 17136-17191: Terminated
srun: error: Unknown: tasks 5152-5170,5172-5188,5190-5207: Terminated
srun: error: Unknown: tasks 60592-60647: Terminated
srun: error: Unknown: tasks 41384-41439: Terminated
srun: error: Unknown: tasks 104048-104103: Terminated
srun: error: Unknown: tasks 7784-7839: Terminated
srun: error: Unknown: tasks 104160-104215: Terminated
srun: error: Unknown: tasks 15120-15134,15136-15142,15144-15166,15168-15174: Terminated
srun: error: Unknown: tasks 109088-109143: Terminated
srun: error: Unknown: tasks 53760-53815: Terminated
srun: error: Unknown: tasks 75488-75543: Terminated
srun: error: Unknown: tasks 17752-17807: Terminated
srun: error: Unknown: tasks 75601,75604,75607,75612,75614-75615,75618,75620,75628,75652: Terminated
srun: error: Unknown: tasks 99736-99791: Terminated
srun: error: Unknown: tasks 20360,20368: Terminated
srun: error: Unknown: tasks 63728-63783: Terminated
srun: error: Unknown: tasks 66192-66247: Terminated
srun: error: Unknown: tasks 46984-47039: Terminated
srun: error: Unknown: tasks 71120-71175: Terminated
srun: error: Unknown: tasks 10976-11031: Terminated
srun: error: Unknown: tasks 32704-32759: Terminated
srun: error: Unknown: tasks 92960-93015: Terminated
srun: error: Unknown: task 73769: Terminated
srun: error: Unknown: tasks 97888-97943: Terminated
srun: error: Unknown: tasks 4032-4087: Terminated
srun: error: Unknown: tasks 100408-100463: Terminated
srun: error: Unknown: tasks 83612-83613,83617,83620,83626,83631,83633,83643,83647-83649,83652,83659-83661: Terminated
srun: error: Unknown: tasks 66808-66863: Terminated
srun: error: Unknown: tasks 66873,66875,66881,66884,66889,66891,66893,66895,66902,66905,66907,66913,66919: Terminated
srun: error: Unknown: tasks 88592-88647: Terminated
srun: error: Unknown: tasks 71792-71847: Terminated
srun: error: Unknown: tasks 33320-33375: Terminated
srun: error: Unknown: task 71939: Terminated
srun: error: Unknown: tasks 74368-74423: Terminated
srun: error: Unknown: tasks 79240-79295: Terminated
srun: error: Unknown: tasks 60032-60087: Terminated
srun: error: Unknown: tasks 23968-24023: Terminated
srun: error: Unknown: tasks 50512,50514,50516,50518-50519,50522-50524,50530-50532,50534,50537-50540,50542,50547-50551,50553-50555,50557-50558,50564-50567: Terminated
srun: error: Unknown: tasks 45752-45807: Terminated
srun: error: Unknown: tasks 106008-106063: Terminated
srun: error: Unknown: tasks 12152-12207: Terminated
srun: error: Unknown: tasks 70000-70055: Terminated
srun: error: Unknown: tasks 53200-53255: Terminated
srun: error: Unknown: task 72563: Terminated
srun: error: Unknown: tasks 19601,19603,19609-19611,19613-19614,19617,19619-19621,19623-19624,19627-19628,19633,19635-19636,19638,19640-19641,19643-19645,19647,19649,19651,19653-19655: Terminated
srun: error: Unknown: tasks 19656-19711: Terminated
srun: error: Unknown: tasks 2856-2911: Terminated
srun: error: Unknown: task 101671: Terminated
srun: error: Unknown: tasks 46312-46367: Terminated
srun: error: Unknown: tasks 7840-7895: Terminated
srun: error: Unknown: tasks 84961,84971,84991,85001: Terminated
srun: error: Unknown: tasks 29624-29679: Terminated
srun: error: Unknown: tasks 12824-12879: Terminated
srun: error: Unknown: tasks 34552-34607: Terminated
srun: error: Unknown: tasks 94808-94863: Terminated
srun: error: Unknown: tasks 53928-53969,53971-53972,53974-53977,53979-53982: Terminated
srun: error: Unknown: tasks 20272-20327: Terminated
srun: error: Unknown: tasks 61264-61319: Terminated
srun: error: Unknown: tasks 22792-22847: Terminated
srun: error: Unknown: tasks 104720-104775: Terminated
srun: error: Unknown: tasks 13272-13278,13280-13298,13300-13306,13308-13312,13314-13327: Terminated
srun: error: Unknown: tasks 68712-68767: Terminated
srun: error: Unknown: tasks 90440-90495: Terminated
srun: error: Unknown: tasks 112168-112223: Terminated
srun: error: Unknown: tasks 35168-35223: Terminated
srun: error: Unknown: tasks 56896-56951: Terminated
srun: error: Unknown: tasks 18424-18479: Terminated
srun: error: Unknown: tasks 78682,78687,78693,78695,78699-78703,78708-78709,78713-78715,78719,78722,78724-78726,78732: Terminated
srun: error: Unknown: tasks 61880-61935: Terminated
srun: error: Unknown: tasks 102872-102927: Terminated
srun: error: Unknown: tasks 25872-25927: Terminated
srun: error: Unknown: tasks 86128-86183: Terminated
srun: error: Unknown: tasks 69328-69383: Terminated
srun: error: Unknown: tasks 52528-52583: Terminated
srun: error: Unknown: task 88759: Terminated
srun: error: Unknown: tasks 112840-112895: Terminated
srun: error: Unknown: tasks 76776-76831: Terminated
srun: error: Unknown: tasks 40712-40767: Terminated
srun: error: Unknown: tasks 47992,47994-47996,47998,48001,48003-48004,48007-48015,48018,48020-48021,48023-48024,48026,48028,48030-48037,48039-48043,48045-48046: Terminated
srun: error: Unknown: tasks 62496-62551: Terminated
srun: error: Unknown: tasks 72240-72253,72255-72268,72270-72295: Terminated
srun: error: Unknown: tasks 48216-48271: Terminated
srun: error: Unknown: tasks 50680-50735: Terminated
srun: error: Unknown: tasks 108528-108583: Terminated
srun: error: Unknown: tasks 41160-41169,41171-41186,41188-41203,41205-41207,41210-41211,41213-41215: Terminated
srun: error: Unknown: tasks 94192-94247: Terminated
srun: error: Unknown: tasks 58128-58183: Terminated
srun: error: Unknown: tasks 26880-26902,26904-26907,26909-26925,26927-26935: Terminated
srun: error: Unknown: tasks 22125,22134,22141,22153,22155,22159,22161,22164,22169,22172: Terminated
srun: error: Unknown: tasks 24584-24639: Terminated
srun: error: Unknown: tasks 111328,111330-111342,111344,111346-111352,111354-111355,111357-111367,111369-111377,111379-111380,111382-111383: Terminated
srun: error: Unknown: tasks 84899-84903,84905-84909,84911,84913,84915-84916,84918-84920,84923-84925,84927,84929-84930,84933-84938,84943,84945,84947,84949: Terminated
srun: error: Unknown: tasks 29568-29623: Terminated
srun: error: Unknown: tasks 92288-92343: Terminated
srun: error: Unknown: tasks 73080-73135: Terminated
srun: error: Unknown: tasks 15344-15399: Terminated
srun: error: Unknown: tasks 39480-39535: Terminated
srun: error: Unknown: tasks 97328-97383: Terminated
srun: error: Unknown: tasks 1065,1071,1075,1079-1081,1087,1089,1091,1102,1107-1109,1111,1115: Terminated
srun: error: Unknown: tasks 51688,51690-51691,51694,51697-51698,51702,51706-51707,51709-51714,51716-51718,51720-51721,51724-51728,51730-51731,51733-51736,51738,51740-51743: Terminated
srun: error: Unknown: tasks 46928-46983: Terminated
srun: error: Unknown: tasks 104783,104785,104793,104806,104809-104810,104812,104814,104816,104818,104820,104826,104831: Terminated
srun: error: Unknown: tasks 87984-87985,87988,87992-87993,87998,88000,88003,88008,88010,88012,88014,88022-88023,88028: Terminated
srun: error: Unknown: tasks 37464,37466-37467,37470,37474,37478,37480-37486,37488,37490,37494,37496,37498,37500-37504,37506,37509-37510,37512,37514,37516,37518: Terminated
srun: error: Unknown: tasks 13440-13495: Terminated
srun: error: Unknown: tasks 73696-73751: Terminated
srun: error: Unknown: tasks 3920-3922,3924-3930,3932-3938,3940-3946,3948-3953,3955-3961,3966-3969,3972-3975: Terminated
srun: error: Unknown: tasks 44912-44923,44925-44931,44933-44967: Terminated
srun: error: Unknown: tasks 40153-40154,40162,40165,40169-40170,40172,40178,40180,40182,40185-40186,40198,40200,40202: Terminated
srun: error: Unknown: tasks 78747-78748,78773,78777,78779,78781,78783,78785,78787: Terminated
srun: error: Unknown: tasks 45080-45135: Terminated
srun: error: Unknown: task 6608: Terminated
srun: error: Unknown: tasks 6664-6719: Terminated
srun: error: Unknown: tasks 107856-107911: Terminated
srun: error: Unknown: tasks 66978-66983,66986,66988-66991,66994-66999,67002-67007,67010,67012-67015,67019-67024,67026-67031: Terminated
srun: error: Unknown: tasks 30912-30967: Terminated
srun: error: Unknown: tasks 93579,93596,93598,93601,93609,93612,93617,93619-93622: Terminated
srun: error: Unknown: task 96135: Terminated
srun: error: Unknown: tasks 28728-28733,28737-28741,28744-28749,28751-28758,28760-28766,28768-28782: Terminated
srun: error: Unknown: tasks 45855,45857: Terminated
srun: error: Unknown: tasks 48272-48327: Terminated
srun: error: Unknown: tasks 31472-31527: Terminated
srun: error: Unknown: tasks 113457,113479,113481,113495,113500,113511: Terminated
srun: error: Unknown: tasks 2744-2765,2767-2781,2783-2799: Terminated
srun: error: Unknown: tasks 99120-99175: Terminated
srun: error: Unknown: tasks 79912-79967: Terminated
srun: error: Unknown: task 2959: Terminated
srun: error: Unknown: tasks 5376-5431: Terminated
srun: error: Unknown: tasks 89880-89935: Terminated
srun: error: Unknown: tasks 15297,15304,15323,15343: Terminated
srun: error: Unknown: tasks 92400,92406-92410,92412-92415,92417-92418,92420,92424-92425,92428,92433,92436,92440-92441,92448-92449,92454: Terminated
srun: error: Unknown: tasks 78008-78063: Terminated
srun: error: Unknown: tasks 80528-80583: Terminated
srun: error: Unknown: tasks 102256-102311: Terminated
srun: error: Unknown: tasks 44520-44575: Terminated
srun: error: Unknown: tasks 66248-66303: Terminated
srun: error: Unknown: tasks 8513,8523,8525,8531,8533,8536,8545,8547,8561,8565: Terminated
srun: error: Unknown: tasks 68812,68817: Terminated
srun: error: Unknown: tasks 78456-78510: Terminated
srun: error: Unknown: tasks 95424-95479: Terminated
srun: error: Unknown: tasks 56952-57007: Terminated
srun: error: Unknown: tasks 76272-76278,76280-76284,76286-76301,76303-76319,76322-76327: Terminated
srun: error: Unknown: tasks 4144-4199: Terminated
srun: error: Unknown: tasks 102928-102983: Terminated
srun: error: Unknown: task 105496: Terminated
srun: error: Unknown: tasks 91056-91111: Terminated
srun: error: Unknown: tasks 71848-71903: Terminated
srun: error: Unknown: tasks 55048-55103: Terminated
srun: error: Unknown: tasks 98521,98527-98528,98531,98552: Terminated
srun: error: Unknown: tasks 98560-98615: Terminated
srun: error: Unknown: tasks 40881,40889,40891,40893,40895,40899,40903,40911,40913,40915,40919,40927,40929,40931,40935: Terminated
srun: error: Unknown: tasks 89208-89263: Terminated
srun: error: Unknown: tasks 36400-36455: Terminated
srun: error: Unknown: tasks 36499,36501: Terminated
srun: error: Unknown: tasks 79856-79911: Terminated
srun: error: Unknown: tasks 36575,36588,36591,36597-36598,36611,36615,36619: Terminated
srun: error: Unknown: tasks 82376-82431: Terminated
srun: error: Unknown: tasks 101705,101708,101736,101738,101747: Terminated
srun: error: Unknown: task 87478: Terminated
srun: error: Unknown: tasks 12880-12935: Terminated
srun: error: Unknown: tasks 37072-37127: Terminated
srun: error: Unknown: tasks 42000-42055: Terminated
srun: error: Unknown: tasks 3528-3583: Terminated
srun: error: Unknown: tasks 5992-6047: Terminated
srun: error: Unknown: tasks 112000-112008,112010-112016,112019-112026,112028-112032,112034-112037,112039-112041,112043,112045-112048,112050-112052,112054: Terminated
srun: error: Unknown: tasks 37408-37412,37414-37416,37418,37420-37428,37430-37432,37434-37435,37438,37440,37442-37456,37458-37459,37461-37462: Terminated
srun: error: Unknown: tasks 109704-109759: Terminated
srun: error: Unknown: tasks 61712,61714-61716,61722,61724,61726-61728,61733,61735-61737,61741-61743,61754-61755,61761,61765: Terminated
srun: error: Unknown: tasks 37706,37718,37732: Terminated
srun: error: Unknown: tasks 73872,73880: Terminated
srun: error: Unknown: tasks 42672-42727: Terminated
srun: error: Unknown: tasks 28392-28447: Terminated
srun: error: Unknown: tasks 9186,9212,9214,9218-9219,9225,9227,9235,9237-9238: Terminated
srun: error: Unknown: tasks 16520-16575: Terminated
srun: error: Unknown: tasks 38304-38359: Terminated
srun: error: Unknown: tasks 100968-101023: Terminated
srun: error: Unknown: tasks 48048-48059,48061-48067,48069-48103: Terminated
srun: error: Unknown: tasks 86807,86819,86827,86841,86843,86849: Terminated
srun: error: Unknown: tasks 74928-74983: Terminated
srun: error: Unknown: tasks 96656-96711: Terminated
srun: error: Unknown: tasks 392-447: Terminated
srun: error: Unknown: tasks 19712-19767: Terminated
srun: error: Unknown: tasks 5320-5375: Terminated
srun: error: Unknown: tasks 65576-65631: Terminated
srun: error: Unknown: tasks 68096-68151: Terminated
srun: error: Unknown: tasks 73192-73194,73196,73199-73202,73204-73210,73213-73218,73221,73224-73226,73229,73233-73234,73238,73240,73242,73244-73247: Terminated
srun: error: Unknown: tasks 39592-39647: Terminated
srun: error: Unknown: tasks 61320-61375: Terminated
srun: error: Unknown: tasks 107184-107239: Terminated
srun: error: Unknown: tasks 49448-49503: Terminated
srun: error: Unknown: tasks 30240-30295: Terminated
srun: error: Unknown: tasks 81203,81207,81216,81222,81237-81238,81243-81244,81247-81248,81250-81251: Terminated
srun: error: Unknown: tasks 66920-66975: Terminated
srun: error: Unknown: tasks 52640-52695: Terminated
srun: error: Unknown: tasks 64792-64808,64810-64816,64818-64847: Terminated
srun: error: Unknown: tasks 2240-2295: Terminated
srun: error: Unknown: tasks 9744-9799: Terminated
srun: error: Unknown: tasks 17192-17247: Terminated
srun: error: Unknown: tasks 99176-99231: Terminated
srun: error: Unknown: tasks 41440-41495: Terminated
srun: error: Unknown: tasks 70392-70397,70400-70426,70428-70430,70432-70447: Terminated
srun: error: Unknown: tasks 31920-31928,31930-31944,31946-31952,31954-31960,31962-31965,31967-31975: Terminated
srun: error: Unknown: tasks 6049,6053,6056-6058,6062-6063,6067,6070,6072,6085,6089,6093-6094,6103: Terminated
srun: error: Unknown: tasks 23409,23411,23413-23414,23416-23417,23419-23432,23434,23437,23443,23445-23446,23448-23449,23451,23453-23461: Terminated
srun: error: Unknown: tasks 57568-57623: Terminated
srun: error: Unknown: tasks 40768-40823: Terminated
srun: error: Unknown: task 14823: Terminated
srun: error: Unknown: tasks 24640-24695: Terminated
srun: error: Unknown: tasks 103320-103355,103357-103360,103362-103375: Terminated
srun: error: Unknown: tasks 79296-79351: Terminated
srun: error: Unknown: tasks 55720-55775: Terminated
srun: error: Unknown: tasks 19040-19095: Terminated
srun: error: Unknown: task 53359: Terminated
srun: error: Unknown: tasks 94248-94303: Terminated
srun: error: Unknown: tasks 32760-32815: Terminated
srun: error: Unknown: tasks 4760-4815: Terminated
srun: error: Unknown: tasks 2971,2987,2999,3009,3011,3017: Terminated
srun: error: Unknown: tasks 20888-20943: Terminated
srun: error: Unknown: tasks 42793,42801: Terminated
srun: error: Unknown: tasks 63168-63223: Terminated
srun: error: Unknown: tasks 75544-75599: Terminated
srun: error: Unknown: tasks 51968-52023: Terminated
srun: error: Unknown: tasks 65016-65071: Terminated
srun: error: Unknown: tasks 5432-5487: Terminated
srun: error: Unknown: tasks 88648-88703: Terminated
srun: error: Unknown: tasks 101024-101079: Terminated
srun: error: Unknown: task 49613: Terminated
srun: error: Unknown: tasks 108472-108527: Terminated
srun: error: Unknown: tasks 40211,40237,40247,40262: Terminated
srun: error: Unknown: task 22307: Terminated
srun: error: Unknown: tasks 83048-83103: Terminated
srun: error: Unknown: task 70151: Terminated
srun: error: Unknown: tasks 21560-21615: Terminated
srun: error: Unknown: tasks 25312-25367: Terminated
srun: error: Unknown: tasks 59416-59471: Terminated
srun: error: Unknown: tasks 21280-21282,21284-21305,21308-21314,21316-21318,21320-21321,21323-21325,21327-21330,21332-21334: Terminated
srun: error: Unknown: tasks 46368-46423: Terminated
srun: error: Unknown: tasks 79968-80023: Terminated
srun: error: Unknown: tasks 99793,99801,99803,99809,99813,99817,99819,99825,99828-99829,99833,99835-99836,99842,99844,99847: Terminated
srun: error: Unknown: tasks 89824-89879: Terminated
srun: error: Unknown: tasks 38360-38415: Terminated
srun: error: Unknown: tasks 7280-7335: Terminated
srun: error: Unknown: tasks 15960-16015: Terminated
srun: error: Unknown: tasks 99848-99903: Terminated
srun: error: Unknown: tasks 110376-110431: Terminated
srun: error: Unknown: tasks 55105,55107-55110,55113-55123,55126-55127,55129,55131-55133,55135,55137-55138,55140-55141,55143,55146,55148,55150,55152,55155,55157: Terminated
srun: error: Unknown: tasks 53032-53054,53056,53058-53062,53064-53066,53068-53079,53081-53087: Terminated
srun: error: Unknown: tasks 32088-32143: Terminated
srun: error: Unknown: tasks 43912,43929: Terminated
srun: error: Unknown: tasks 6725-6727,6729,6733-6734,6739,6742,6745,6751,6753,6767,6769,6772,6775: Terminated
srun: error: Unknown: tasks 10360-10415: Terminated
srun: error: Unknown: tasks 8580-8581,8588,8610,8615,8618: Terminated
srun: error: Unknown: tasks 17984,18031: Terminated
srun: error: Unknown: tasks 86185,86189-86190,86198-86199,86201,86203,86205,86209,86211,86217,86223,86225,86227-86228,86231,86235: Terminated
srun: error: Unknown: tasks 78064-78119: Terminated
srun: error: Unknown: tasks 89992-89996,89998-90000,90004-90008,90010-90011,90013-90014,90016-90035,90037,90040-90047: Terminated
srun: error: Unknown: tasks 85568-85623: Terminated
srun: error: Unknown: tasks 53816-53871: Terminated
srun: error: Unknown: tasks 109144-109199: Terminated
srun: error: Unknown: tasks 43960-44015: Terminated
srun: error: Unknown: tasks 98616-98671: Terminated
srun: error: Unknown: tasks 39727,39743,39751: Terminated
srun: error: Unknown: tasks 49504,49554,49558-49559: Terminated
srun: error: Unknown: tasks 86744-86799: Terminated
srun: error: Unknown: tasks 65185,65187,65198,65201,65217,65225,65227,65229,65231,65235,65237-65239: Terminated
srun: error: Unknown: tasks 107296-107351: Terminated
srun: error: Unknown: tasks 72464-72519: Terminated
srun: error: Unknown: tasks 106624-106679: Terminated
srun: error: Unknown: tasks 89936-89991: Terminated
srun: error: Unknown: tasks 97104-97158: Terminated
srun: error: Unknown: tasks 33936-33991: Terminated
srun: error: Unknown: tasks 7952-8007: Terminated
srun: error: Unknown: tasks 84339-84340,84348,84363,84365,84369-84370,84374,84387,84390-84391: Terminated
srun: error: Unknown: tasks 48888-48943: Terminated
srun: error: Unknown: tasks 90496-90551: Terminated
srun: error: Unknown: tasks 26488-26543: Terminated
srun: error: Unknown: tasks 37129,37169-37170,37177,37179-37180: Terminated
srun: error: Unknown: tasks 12208-12263: Terminated
srun: error: Unknown: tasks 76888-76943: Terminated
srun: error: Unknown: tasks 112896-112951: Terminated
srun: error: Unknown: tasks 35897,35899,35901,35904-35905,35907-35910,35913,35917-35920,35923-35924,35929,35933,35935-35936,35941,35945-35946,35951: Terminated
srun: error: Unknown: tasks 109816-109871: Terminated
srun: error: Unknown: tasks 97944-97999: Terminated
srun: error: Unknown: tasks 11032-11087: Terminated
srun: error: Unknown: tasks 16632-16687: Terminated
srun: error: Unknown: tasks 4200-4255: Terminated
srun: error: Unknown: tasks 18480-18535: Terminated
srun: error: Unknown: tasks 24755,24769,24774,24785,24788,24795-24797,24801,24807: Terminated
srun: error: Unknown: tasks 103544-103599: Terminated
srun: error: Unknown: tasks 72577,72585,72587,72602,72619,72623,72627-72628,72630: Terminated
srun: error: Unknown: tasks 17808-17863: Terminated
srun: error: Unknown: tasks 47040-47095: Terminated
srun: error: Unknown: tasks 27160-27215: Terminated
srun: error: Unknown: tasks 91168-91223: Terminated
srun: error: Unknown: tasks 16576-16631: Terminated
srun: error: Unknown: tasks 54488-54543: Terminated
srun: error: Unknown: tasks 56336-56391: Terminated
srun: error: Unknown: tasks 76216-76271: Terminated
srun: error: Unknown: tasks 70616-70671: Terminated
srun: error: Unknown: tasks 21000-21055: Terminated
srun: error: Unknown: tasks 27779,27787-27788,27791,27794,27796,27799,27802,27808,27811-27812,27816-27819,27821,27823-27824,27826,27831: Terminated
srun: error: Unknown: tasks 85512-85567: Terminated
srun: error: Unknown: tasks 64456-64511: Terminated
srun: error: Unknown: tasks 73136-73191: Terminated
srun: error: Unknown: tasks 45136-45191: Terminated
srun: error: Unknown: tasks 50736-50791: Terminated
srun: error: Unknown: tasks 81816-81871: Terminated
srun: error: Unknown: tasks 2352-2407: Terminated
srun: error: Unknown: tasks 51408-51463: Terminated
srun: error: Unknown: tasks 30856-30911: Terminated
srun: error: Unknown: tasks 24080-24135: Terminated
srun: error: Unknown: tasks 80584-80639: Terminated
srun: error: Unknown: tasks 58240-58295: Terminated
srun: error: Unknown: tasks 38080-38082,38084,38089-38093,38097-38098,38100-38101,38105-38109,38111-38116,38118,38120-38134: Terminated
srun: error: Unknown: tasks 28840-28846,28849-28862,28865-28870,28872-28877,28880-28885,28887-28895: Terminated
srun: error: Unknown: tasks 71288-71343: Terminated
srun: error: Unknown: tasks 39929-39931,39936,39938,39940-39941,39944,39946,39948-39952,39954-39955,39960-39964,39966,39968-39970,39973-39978,39981-39983: Terminated
srun: error: Unknown: tasks 62608-62663: Terminated
srun: error: Unknown: tasks 38976-39031: Terminated
srun: error: Unknown: tasks 25928-25983: Terminated
srun: error: Unknown: tasks 1680-1735: Terminated
srun: error: Unknown: tasks 28448-28503: Terminated
srun: error: Unknown: tasks 114464,114466-114472,114474-114476,114478,114480,114482-114484,114488,114490-114491,114493,114495,114497-114498,114502-114504,114506,114510,114513,114517,114519: Terminated
srun: error: Unknown: tasks 58856-58911: Terminated
srun: error: Unknown: tasks 30017-30023,30025-30030,30033-30045,30047,30049-30053,30057-30061,30064-30069,30071: Terminated
srun: error: Unknown: tasks 9128-9183: Terminated
srun: error: Unknown: tasks 9800-9855: Terminated
srun: error: Unknown: tasks 25256-25311: Terminated
srun: error: Unknown: tasks 29008-29063: Terminated
srun: error: Unknown: tasks 13496-13551: Terminated
srun: error: Unknown: tasks 101136-101191: Terminated
srun: error: Unknown: tasks 47656-47711: Terminated
srun: error: Unknown: tasks 10417,10423-10425,10427,10429-10430,10432-10433,10437-10438,10440-10441,10446,10448-10449,10451-10458,10460,10462-10465,10467-10469,10471: Terminated
srun: error: Unknown: tasks 34608-34663: Terminated
srun: error: Unknown: tasks 29680-29735: Terminated
srun: error: Unknown: tasks 26558,26588,26595: Terminated
srun: error: Unknown: tasks 82488-82543: Terminated
srun: error: Unknown: tasks 67536-67591: Terminated
srun: error: Unknown: tasks 66696,66698,66700,66702,66704,66706,66708,66710-66714,66716-66718,66720,66722,66724,66726,66728,66730,66732-66733,66736,66744,66746,66750: Terminated
srun: error: Unknown: tasks 14728-14783: Terminated
srun: error: Unknown: tasks 110448,110457,110467,110487: Terminated
srun: error: Unknown: tasks 57008-57063: Terminated
srun: error: Unknown: tasks 104216-104271: Terminated
srun: error: Unknown: tasks 110992-111047: Terminated
srun: error: Unknown: tasks 63784-63839: Terminated
srun: error: Unknown: tasks 93016-93071: Terminated
srun: error: Unknown: tasks 2296-2351: Terminated
srun: error: Unknown: tasks 74984-75039: Terminated
srun: error: Unknown: tasks 15400-15455: Terminated
srun: error: Unknown: tasks 58184-58239: Terminated
srun: error: Unknown: tasks 91112-91167: Terminated
srun: error: Unknown: tasks 42728-42783: Terminated
srun: error: Unknown: tasks 22176-22231: Terminated
srun: error: Unknown: tasks 93666,93672,93686: Terminated
srun: error: Unknown: tasks 5491-5493,5497,5500-5501,5504-5505,5513,5535,5538-5539,5543: Terminated
srun: error: Unknown: tasks 100464-100519: Terminated
srun: error: Unknown: tasks 83664-83719: Terminated
srun: error: Unknown: tasks 76949,76967,76980,76987,76993,76996: Terminated
srun: error: Unknown: tasks 75656-75711: Terminated
srun: error: Unknown: tasks 48328-48383: Terminated
srun: error: Unknown: tasks 42056-42111: Terminated
srun: error: Unknown: tasks 35224-35279: Terminated
srun: error: Unknown: tasks 31528-31583: Terminated
srun: error: Unknown: tasks 25088-25134,25136-25142: Terminated
srun: error: Unknown: tasks 89264-89319: Terminated
srun: error: Unknown: tasks 45248-45303: Terminated
srun: error: Unknown: tasks 17248-17303: Terminated
srun: error: Unknown: tasks 59248-59280,59282-59302: Terminated
srun: error: Unknown: tasks 100856-100910: Terminated
srun: error: Unknown: tasks 448-503: Terminated
srun: error: Unknown: tasks 105392-105447: Terminated
srun: error: Unknown: tasks 94864-94919: Terminated
srun: error: Unknown: tasks 106064-106119: Terminated
srun: error: Unknown: tasks 26600-26655: Terminated
srun: error: Unknown: tasks 88984-88988,88990-88992,88995-88996,88998-89000,89002-89004,89007-89008,89010-89013,89015-89019,89021-89025,89029-89032,89034,89036-89038: Terminated
srun: error: Unknown: tasks 102984-103039: Terminated
srun: error: Unknown: tasks 77896-77902,77904,77906,77908,77912-77918,77920-77921,77924-77928,77930,77932,77934,77936-77937,77939-77948,77950: Terminated
srun: error: Unknown: tasks 36848-36862,36864-36877,36879-36887,36889-36890,36892,36894-36902: Terminated
srun: error: Unknown: tasks 111664-111719: Terminated
srun: error: Unknown: tasks 9241,9245,9247,9249,9251-9253,9255,9257-9258,9263,9267,9269,9271,9273,9275-9279,9281-9283,9285-9286,9288-9289,9293-9295: Terminated
srun: error: Unknown: tasks 53256-53311: Terminated
srun: error: Unknown: tasks 107912-107967: Terminated
srun: error: Unknown: tasks 83104-83159: Terminated
srun: error: Unknown: tasks 3601,3604,3615,3628,3637: Terminated
srun: error: Unknown: tasks 63247,63271: Terminated
srun: error: Unknown: tasks 34048-34103: Terminated
srun: error: Unknown: tasks 12320-12375: Terminated
srun: error: Unknown: tasks 86856-86911: Terminated
srun: error: Unknown: tasks 66304-66359: Terminated
srun: error: Unknown: tasks 70056-70111: Terminated
srun: error: Unknown: tasks 18538,18540,18545,18548,18550,18552,18555,18567,18572-18576,18580,18582-18583,18585,18588-18590: Terminated
srun: error: Unknown: tasks 95536-95591: Terminated
srun: error: Unknown: tasks 50176-50231: Terminated
srun: error: Unknown: tasks 67368-67400,67402-67408,67410-67423: Terminated
srun: error: Unknown: tasks 11648-11703: Terminated
srun: error: Unknown: tasks 59528-59583: Terminated
srun: error: Unknown: tasks 111105,111111,111113,111115-111119,111121,111124,111131-111133,111137-111143,111145-111150,111153,111156,111158: Terminated
srun: error: Unknown: tasks 96712-96767: Terminated
srun: error: Unknown: tasks 69384-69439: Terminated
srun: error: Unknown: tasks 20048-20054,20058,20060-20062,20064-20066,20068,20070,20074,20079,20081-20082,20090-20091,20098,20103: Terminated
srun: error: Unknown: tasks 22848-22903: Terminated
srun: error: Unknown: tasks 100184-100186,100188-100190,100193-100194,100196,100199,100201-100203,100205-100211,100213-100218,100222-100234,100236-100237,100239: Terminated
srun: error: Unknown: tasks 97384-97439: Terminated
srun: error: Unknown: tasks 33376-33431: Terminated
srun: error: Unknown: tasks 55776-55831: Terminated
srun: error: Unknown: tasks 82432-82487: Terminated
srun: error: Unknown: tasks 1120-1175: Terminated
srun: error: Unknown: tasks 58296-58351: Terminated
srun: error: Unknown: tasks 95480-95535: Terminated
srun: error: Unknown: tasks 57624-57679: Terminated
srun: error: Unknown: tasks 90552-90607: Terminated
srun: error: Unknown: tasks 41496-41551: Terminated
srun: error: Unknown: tasks 24696-24751: Terminated
srun: error: Unknown: tasks 52024-52079: Terminated
srun: error: Unknown: tasks 102312-102367: Terminated
srun: error: Unknown: tasks 17920-17975: Terminated
srun: error: Unknown: tasks 30296-30351: Terminated
srun: error: Unknown: tasks 105504-105559: Terminated
srun: error: Unknown: tasks 44576-44631: Terminated
srun: error: Unknown: tasks 73528,73531-73533,73540,73542,73544,73546-73548,73550-73552,73554-73568,73570-73576,73578-73579,73581-73582: Terminated
srun: error: Unknown: task 16453: Terminated
srun: error: Unknown: tasks 59472-59527: Terminated
srun: error: Unknown: tasks 94921,94929,94933,94935,94938,94955,94958,94968,94973: Terminated
srun: error: Unknown: tasks 60704-60759: Terminated
srun: error: Unknown: tasks 91784-91839: Terminated
srun: error: Unknown: tasks 76832-76887: Terminated
srun: error: Unknown: tasks 12264-12319: Terminated
srun: error: Unknown: tasks 113512-113567: Terminated
srun: error: Unknown: tasks 19096-19151: Terminated
srun: error: Unknown: tasks 7896-7951: Terminated
srun: error: Unknown: tasks 48944-48999: Terminated
srun: error: Unknown: tasks 24136-24191: Terminated
srun: error: Unknown: tasks 21616-21671: Terminated
srun: error: Unknown: tasks 79352-79407: Terminated
srun: error: Unknown: tasks 50848-50903: Terminated
srun: error: Unknown: tasks 46424-46479: Terminated
srun: error: Unknown: tasks 114184-114239: Terminated
srun: error: Unknown: tasks 99232-99287: Terminated
srun: error: Unknown: tasks 95256-95264,95266-95270,95272,95274-95279,95281-95290,95292-95308,95310-95311: Terminated
srun: error: Unknown: tasks 2408-2463: Terminated
srun: error: Unknown: tasks 4816-4871: Terminated
srun: error: Unknown: tasks 68824-68879: Terminated
srun: error: Unknown: tasks 14168-14223: Terminated
srun: error: Unknown: tasks 106680-106735: Terminated
srun: error: Unknown: tasks 88032-88087: Terminated
srun: error: Unknown: tasks 61376-61431: Terminated
srun: error: Unknown: tasks 16016-16071: Terminated
srun: error: Unknown: tasks 108584-108639: Terminated
srun: error: Unknown: tasks 40824-40879: Terminated
srun: error: Unknown: tasks 104832-104887: Terminated
srun: error: Unknown: tasks 96152-96207: Terminated
srun: error: Unknown: tasks 109760-109815: Terminated
srun: error: Unknown: tasks 69776,69778,69782,69786,69788,69791,69794,69802-69804,69806-69808,69810,69812,69816-69818,69820,69822,69824,69826,69828,69830-69831: Terminated
srun: error: Unknown: tasks 77504-77559: Terminated
srun: error: Unknown: tasks 81256-81311: Terminated
srun: error: Unknown: tasks 3640-3695: Terminated
srun: error: Unknown: tasks 25368-25423: Terminated
srun: error: Unknown: tasks 19768-19823: Terminated
srun: error: Unknown: tasks 65072-65127: Terminated
srun: error: Unknown: tasks 85624-85679: Terminated
srun: error: Unknown: tasks 92456-92511: Terminated
srun: error: Unknown: tasks 60816-60871: Terminated
srun: error: Unknown: tasks 101080-101135: Terminated
srun: error: Unknown: tasks 11088-11143: Terminated
srun: error: Unknown: tasks 99904-99959: Terminated
srun: error: Unknown: tasks 93073,93075,93079-93080,93083,93086,93088-93089,93091,93093-93097,93101,93104-93113,93116,93118,93120-93121,93123-93124,93126: Terminated
srun: error: Unknown: tasks 80024-80079: Terminated
srun: error: Unknown: tasks 56392-56447: Terminated
srun: error: Unknown: tasks 47096-47151: Terminated
srun: error: Unknown: tasks 112280-112335: Terminated
srun: error: Unknown: tasks 30968-31023: Terminated
srun: error: Unknown: tasks 74817,74819-74820,74822-74823,74827-74831,74833-74840,74842-74851,74853-74857,74859,74861-74863,74867-74871: Terminated
srun: error: Unknown: tasks 9856-9911: Terminated
srun: error: Unknown: tasks 91224-91279: Terminated
srun: error: Unknown: tasks 52696-52751: Terminated
srun: error: Unknown: tasks 54544-54599: Terminated
srun: error: Unknown: tasks 69443,69446-69447,69451,69459,69461,69477,69494: Terminated
srun: error: Unknown: tasks 32816-32871: Terminated
srun: error: Unknown: tasks 43344-43399: Terminated
srun: error: Unknown: tasks 55163,55165,55173-55174,55179-55181,55185,55193,55196,55201,55207,55215: Terminated
srun: error: Unknown: tasks 53872-53927: Terminated
srun: error: Unknown: tasks 45192-45247: Terminated
srun: error: Unknown: tasks 78176-78231: Terminated
srun: error: Unknown: tasks 840-847,849-856,858-862,864-871,873-874,876-883,885-888,890-891,893-895: Terminated
srun: error: Unknown: tasks 35336-35391: Terminated
srun: error: Unknown: tasks 4263,4277,4302,4309-4311: Terminated
srun: error: Unknown: tasks 96768-96823: Terminated
srun: error: Unknown: tasks 91504-91509,91511-91512,91514,91516-91522,91524-91527,91529-91536,91538-91546,91548-91559: Terminated
srun: error: Unknown: tasks 39648-39703: Terminated
srun: error: Unknown: tasks 65744-65799: Terminated
srun: error: Unknown: tasks 113571-113572,113577,113585,113589-113590,113593,113601-113602,113604,113608,113617,113620-113621,113623: Terminated
srun: error: Unknown: tasks 37744-37799: Terminated
srun: error: Unknown: tasks 70672-70727: Terminated
srun: error: Unknown: tasks 96824-96879: Terminated
srun: error: Unknown: tasks 60144-60199: Terminated
srun: error: Unknown: tasks 74424-74479: Terminated
srun: error: Unknown: tasks 65464-65466,65468-65469,65471,65473-65477,65480,65482-65486,65489-65510,65512-65518: Terminated
srun: error: Unknown: tasks 34664-34719: Terminated
srun: error: Unknown: tasks 16688-16743: Terminated
srun: error: Unknown: tasks 44016-44071: Terminated
srun: error: Unknown: tasks 78120-78175: Terminated
srun: error: Unknown: tasks 94304-94359: Terminated
srun: error: Unknown: tasks 12936-12991: Terminated
srun: error: Unknown: tasks 49616-49671: Terminated
srun: error: Unknown: tasks 7336-7391: Terminated
srun: error: Unknown: tasks 69496-69551: Terminated
srun: error: Unknown: tasks 27216-27271: Terminated
srun: error: Unknown: tasks 103041,103051,103060,103069-103070,103072: Terminated
srun: error: Unknown: tasks 29736-29791: Terminated
srun: error: Unknown: tasks 112952-113007: Terminated
srun: error: Unknown: tasks 22008,22010,22012,22014-22016,22018-22020,22022-22024,22026-22027,22029,22032,22034-22036,22038,22040-22048,22050-22051,22053-22057,22059-22063: Terminated
srun: error: Unknown: tasks 32144-32199: Terminated
srun: error: Unknown: tasks 50792-50847: Terminated
srun: error: Unknown: tasks 101752-101807: Terminated
srun: error: Unknown: tasks 51464-51519: Terminated
srun: error: Unknown: tasks 40264-40319: Terminated
srun: error: Unknown: tasks 59585,59591,59595-59596,59599,59603,59606,59608,59617,59627,59633: Terminated
srun: error: Unknown: tasks 23464-23519: Terminated
srun: error: Unknown: tasks 57064-57119: Terminated
srun: error: Unknown: tasks 8008-8063: Terminated
srun: error: Unknown: tasks 63896-63951: Terminated
srun: error: Unknown: tasks 36512-36567: Terminated
srun: error: Unknown: tasks 68264-68319: Terminated
srun: error: Unknown: tasks 77224,77226-77240,77242-77262,77264-77274,77277-77279: Terminated
srun: error: Unknown: tasks 15456-15511: Terminated
srun: error: Unknown: tasks 107352-107407: Terminated
srun: error: Unknown: tasks 108304-108305,108307-108308,108310,108312,108314,108317-108318,108320,108322-108324,108326,108328-108330,108333-108336,108340-108343,108346,108348-108349,108351,108354,108357,108359: Terminated
srun: error: Unknown: tasks 98000-98055: Terminated
srun: error: Unknown: tasks 71064,71066,71068-71069,71072,71074,71076-71080,71083-71088,71090,71092-71093,71095-71096,71100-71104,71106,71109,71111-71113,71115-71116,71118-71119: Terminated
srun: error: Unknown: tasks 38416-38471: Terminated
srun: error: Unknown: tasks 71979,72001,72003-72004: Terminated
srun: error: Unknown: tasks 22904-22959: Terminated
srun: error: Unknown: tasks 1736-1791: Terminated
srun: error: Unknown: tasks 104272-104327: Terminated
srun: error: Unknown: tasks 23240-23250,23252-23256,23258-23266,23268-23272,23274-23276,23278,23280,23282-23284,23286,23288-23295: Terminated
srun: error: Unknown: tasks 92176,92178-92192,92194-92195,92197-92212,92214-92225,92227-92231: Terminated
srun: error: Unknown: tasks 55216-55271: Terminated
srun: error: Unknown: tasks 1176-1231: Terminated
srun: error: Unknown: tasks 108976-108978,108980-108997,108999-109016,109018-109031: Terminated
srun: error: Unknown: tasks 17864-17919: Terminated
srun: error: Unknown: tasks 91846,91852,91872,91874: Terminated
srun: error: Unknown: tasks 98672-98727: Terminated
srun: error: Unknown: tasks 84392-84447: Terminated
srun: error: Unknown: tasks 89320-89375: Terminated
srun: error: Unknown: tasks 114128-114183: Terminated
srun: error: Unknown: tasks 55837,55841,55845-55847,55849,55855,55861,55868-55870,55873,55885-55886: Terminated
srun: error: Unknown: tasks 40936-40991: Terminated
srun: error: Unknown: tasks 81872-81927: Terminated
srun: error: Unknown: tasks 76673,76678,76687,76691,76709,76711,76714: Terminated
srun: error: Unknown: tasks 28504-28559: Terminated
srun: error: Unknown: tasks 46536-46591: Terminated
srun: error: Unknown: tasks 3029,3039,3051,3059,3065: Terminated
srun: error: Unknown: tasks 77569,77573,77579,77581,77585,77589,77593,77595-77596,77599,77609,77611-77613,77615: Terminated
srun: error: Unknown: tasks 19208-19263: Terminated
srun: error: Unknown: tasks 13608-13663: Terminated
srun: error: Unknown: tasks 67592-67647: Terminated
srun: error: Unknown: tasks 71344-71399: Terminated
srun: error: Unknown: tasks 11704-11759: Terminated
srun: error: Unknown: tasks 61992-62047: Terminated
srun: error: Unknown: tasks 109200-109255: Terminated
srun: error: Unknown: tasks 29064-29119: Terminated
srun: error: Unknown: tasks 82544-82599: Terminated
srun: error: Unknown: tasks 45864-45919: Terminated
srun: error: Unknown: tasks 60760-60815: Terminated
srun: error: Unknown: tasks 75378-75379,75381,75383-75399,75401-75428,75430-75431: Terminated
srun: error: Unknown: tasks 25984-26039: Terminated
srun: error: Unknown: tasks 6440-6442,6444-6446,6449-6451,6453,6455,6457-6458,6462-6463,6465-6466,6471,6473-6475,6477,6481,6483,6488,6490,6492,6495: Terminated
srun: error: Unknown: tasks 103600-103655: Terminated
srun: error: Unknown: tasks 27888-27943: Terminated
srun: error: Unknown: tasks 88144-88199: Terminated
srun: error: Unknown: tasks 47712-47767: Terminated
srun: error: Unknown: tasks 31584-31639: Terminated
srun: error: Unknown: tasks 4928-4983: Terminated
srun: error: Unknown: tasks 111720-111775: Terminated
srun: error: Unknown: tasks 83720-83775: Terminated
srun: error: Unknown: tasks 64512-64567: Terminated
srun: error: Unknown: tasks 101192-101247: Terminated
srun: error: Unknown: tasks 18928,18930-18931,18933-18934,18936-18948,18950-18952,18954-18960,18962-18963,18966,18968-18980,18982-18983: Terminated
srun: error: Unknown: tasks 42112-42167: Terminated
srun: error: Unknown: tasks 109872-109927: Terminated
srun: error: Unknown: tasks 95592-95647: Terminated
srun: error: Unknown: tasks 30384-30385,30387,30393,30399,30401: Terminated
srun: error: Unknown: tasks 75712-75767: Terminated
srun: error: Unknown: tasks 53984-54039: Terminated
srun: error: Unknown: tasks 50568-50572,50574,50576-50579,50582-50584,50586-50603,50605-50606,50608-50612,50614,50616,50619-50623: Terminated
srun: error: Unknown: tasks 21056-21111: Terminated
srun: error: Unknown: tasks 62664-62719: Terminated
srun: error: Unknown: tasks 20384-20439: Terminated
srun: error: Unknown: tasks 63840-63895: Terminated
srun: error: Unknown: tasks 100520-100575: Terminated
srun: error: Unknown: tasks 48384-48439: Terminated
srun: error: Unknown: tasks 78792-78847: Terminated
srun: error: Unknown: tasks 26656-26711: Terminated
srun: error: Unknown: tasks 111048-111103: Terminated
srun: error: Unknown: tasks 106792-106847: Terminated
srun: error: Unknown: tasks 19152-19207: Terminated
srun: error: Unknown: tasks 9576-9591,9594-9631: Terminated
srun: error: Unknown: tasks 45304-45359: Terminated
srun: error: Unknown: tasks 80640-80695: Terminated
srun: error: Unknown: tasks 23576-23631: Terminated
srun: error: Unknown: tasks 81312-81367: Terminated
srun: error: Unknown: tasks 102368-102423: Terminated
srun: error: Unknown: tasks 37184-37239: Terminated
srun: error: Unknown: tasks 86240-86295: Terminated
srun: error: Unknown: tasks 67032-67087: Terminated
srun: error: Unknown: tasks 22232-22287: Terminated
srun: error: Unknown: tasks 75040-75095: Terminated
srun: error: Unknown: tasks 32256-32311: Terminated
srun: error: Unknown: tasks 79464-79519: Terminated
srun: error: Unknown: tasks 58912-58967: Terminated
srun: error: Unknown: tasks 29176-29231: Terminated
srun: error: Unknown: tasks 33432-33487: Terminated
srun: error: Unknown: tasks 48720-48736,48738-48751,48753-48757,48759-48765,48767-48775: Terminated
srun: error: Unknown: tasks 37856-37911: Terminated
srun: error: Unknown: tasks 14224-14279: Terminated
srun: error: Unknown: tasks 27832-27887: Terminated
srun: error: Unknown: tasks 17304-17359: Terminated
srun: error: Unknown: tasks 106120-106175: Terminated
srun: error: Unknown: tasks 51856-51870,51872-51886,51888-51911: Terminated
srun: error: Unknown: tasks 6104-6159: Terminated
srun: error: Unknown: tasks 12376-12431: Terminated
srun: error: Unknown: tasks 6776-6831: Terminated
srun: error: Unknown: tasks 70784-70839: Terminated
srun: error: Unknown: tasks 44632-44687: Terminated
srun: error: Unknown: tasks 46480-46535: Terminated
srun: error: Unknown: tasks 107968-108023: Terminated
srun: error: Unknown: tasks 504-559: Terminated
srun: error: Unknown: tasks 34104-34159: Terminated
srun: error: Unknown: tasks 39032-39087: Terminated
srun: error: Unknown: tasks 86912-86967: Terminated
srun: error: Unknown: tasks 108640-108695: Terminated
srun: error: Unknown: tasks 83160-83215: Terminated
srun: error: Unknown: tasks 8624-8679: Terminated
srun: error: Unknown: tasks 50232-50287: Terminated
srun: error: Unknown: tasks 93688-93743: Terminated
srun: error: Unknown: tasks 13552-13607: Terminated
srun: error: Unknown: tasks 89096,89098,89100,89102-89107,89109-89119,89121-89124,89126,89128-89151: Terminated
srun: error: Unknown: tasks 92512-92567: Terminated
srun: error: Unknown: tasks 97440-97495: Terminated
srun: error: Unknown: tasks 26387,26391,26395-26396,26404,26406,26411,26419-26420,26424,26428-26429: Terminated
srun: error: Unknown: tasks 66360-66415: Terminated
srun: error: Unknown: tasks 50904-50959: Terminated
srun: error: Unknown: tasks 99288-99343: Terminated
srun: error: Unknown: tasks 98112-98167: Terminated
srun: error: Unknown: tasks 88088-88143: Terminated
srun: error: Unknown: tasks 114240-114295: Terminated
srun: error: Unknown: tasks 88424,88428,88430,88432,88436,88438,88440,88443-88444,88447-88449,88452,88454-88460,88462,88465-88468,88471-88474,88476-88478: Terminated
srun: error: Unknown: tasks 114576-114579,114581-114596,114598-114602,114605-114607,114609-114617,114620-114621,114623-114629,114631: Terminated
srun: error: Unknown: tasks 61432-61487: Terminated
srun: error: Unknown: tasks 110152-110154,110156-110157,110159-110186,110188-110203,110205-110206: Terminated
srun: error: Unknown: tasks 25760,25762-25815: Terminated
srun: error: Unknown: tasks 86632-86643,86645-86687: Terminated
srun: error: Unknown: tasks 76104-76111,76113-76159: Terminated
srun: error: Unknown: tasks 66752-66759,66761-66807: Terminated
srun: error: Unknown: tasks 50624-50630,50633-50638,50641-50662,50664-50670,50672-50678: Terminated
srun: error: Unknown: tasks 62944,62946-62947,62950-62951,62954,62956,62958,62960,62962-62964,62966,62968-62972,62974,62976,62981,62983,62986,62990,62992,62994-62996,62998: Terminated
srun: error: Unknown: tasks 40096-40103,40105-40142,40144-40151: Terminated
srun: error: Unknown: tasks 114632-114633,114635-114647,114649-114670,114672-114687: Terminated
srun: error: Unknown: tasks 10864-10871,10873-10879,10881-10919: Terminated
srun: error: Unknown: tasks 85400-85402,85404-85454: Terminated
srun: error: Unknown: tasks 30744-30778,30780-30799: Terminated
srun: error: Unknown: tasks 95872-95875,95877,95879-95881,95883-95884,95886-95888,95891,95893-95895,95897-95904,95906-95912,95915-95917,95919-95920,95922-95927: Terminated
srun: error: Unknown: tasks 91672-91695,91697-91727: Terminated
srun: error: Unknown: tasks 37576-37630: Terminated
srun: error: Unknown: tasks 40040-40053,40055-40057,40060-40065,40067-40080,40082-40086,40089-40095: Terminated
srun: error: Unknown: tasks 83496,83498-83499,83503-83504,83506,83509-83512,83514,83517-83518,83520,83522,83524-83526,83528,83532-83534,83536-83538,83540,83542-83546,83548,83551: Terminated
srun: error: Unknown: tasks 52416-52423,52425-52426,52428,52430,52432-52434,52436,52438-52446,52450,52452-52454,52456,52458-52460,52462,52464-52471: Terminated
srun: error: Unknown: tasks 47488,47490-47497,47499-47509,47511-47520,47522-47543: Terminated
srun: error: Unknown: tasks 66136-66138,66140,66142-66143,66145-66147,66150,66153-66156,66158,66160,66162-66175,66177-66182,66186,66188-66191: Terminated
srun: error: Unknown: tasks 38136-38143,38145-38162,38164-38171,38173-38174,38176-38181,38183-38191: Terminated
srun: error: Unknown: tasks 91616-91624,91626,91628-91671: Terminated
srun: error: Unknown: tasks 18256-18266,18268-18269,18271-18274,18276-18307,18309-18311: Terminated
srun: error: Unknown: tasks 50064,50066-50112,50114-50119: Terminated
srun: error: Unknown: tasks 29456-29458,29460-29462,29464-29466,29469-29470,29472-29477,29479-29504,29506-29511: Terminated
srun: error: Unknown: tasks 38808-38824,38826-38862: Terminated
srun: error: Unknown: tasks 114520-114522,114524,114526-114527,114529-114531,114534,114536,114538-114539,114542-114548,114550-114551,114554,114557-114559,114561-114562,114570,114574-114575: Terminated
srun: error: Unknown: tasks 50008,50010,50012-50018,50020-50030,50032-50058,50060-50063: Terminated
srun: error: Unknown: tasks 105840-105848,105850-105862,105864-105866,105868-105873,105875-105878,105882-105883,105885-105890,105892-105895: Terminated
srun: error: Unknown: tasks 2800-2806,2808-2855: Terminated
srun: error: Unknown: tasks 62384-62392,62394,62396-62407,62409-62419,62421-62424,62426-62427,62429,62431-62434,62436-62439: Terminated
srun: error: Unknown: tasks 99064-99073,99075-99079,99081-99082,99084-99103,99105-99113,99115-99119: Terminated
srun: error: Unknown: tasks 20776,20778,20781-20785,20788,20790-20792,20794,20797-20798,20800,20802,20804-20811,20815-20818,20820-20822,20826-20831: Terminated
srun: error: Unknown: tasks 89712-89717,89719-89726,89728,89730-89732,89734-89737,89740-89746,89748-89750,89752-89757,89759-89760,89762-89767: Terminated
srun: error: Unknown: tasks 31976-31984,31986-31988,31990-31992,31994-31996,31998-32008,32010-32015,32017-32018,32020-32023,32025-32031: Terminated
srun: error: Unknown: tasks 95312-95317,95320,95322,95324-95326,95329-95331,95333-95338,95341-95342,95344,95349,95351-95359,95366: Terminated
srun: error: Unknown: tasks 41328-41329,41332,41334,41336-41339,41342-41344,41346,41348-41352,41354-41357,41359-41360,41362-41366,41368,41370,41372-41373,41375-41376,41378,41380-41381: Terminated
srun: error: Unknown: tasks 58632,58635-58636,58638-58660,58662,58664-58666,58668-58681,58683-58687: Terminated
srun: error: Unknown: tasks 22624-22635,22637-22640,22642-22644,22646-22648,22650-22657,22659,22661-22662,22664,22667,22671,22674,22676-22679: Terminated
srun: error: Unknown: tasks 100912,100914-100918,100920-100925,100927-100928,100930-100932,100934-100935,100937-100938,100940-100942,100944-100946,100949-100950,100952,100954,100956,100959-100960,100962-100964,100966-100967: Terminated
srun: error: Unknown: tasks 48776,48782,48784,48790,48792-48795,48800,48804,48806,48808-48809,48812-48816,48820,48826,48829: Terminated
srun: error: Unknown: tasks 75432-75442,75444-75452,75454-75470,75472-75487: Terminated
srun: error: Unknown: tasks 39424,39426,39428,39430-39431,39436,39438-39440,39442,39444,39448,39450-39452,39454-39456,39461-39462,39464,39466-39467,39470,39472,39474,39476-39477: Terminated
srun: error: Unknown: tasks 45024,45026,45028-45030,45033-45036,45038,45042,45047,45050,45052-45055,45058,45064-45068,45072-45074,45077,45079: Terminated
srun: error: Unknown: tasks 103432-103434,103436-103438,103440-103452,103454,103456,103458,103460-103464,103466,103469-103473,103475,103477,103480-103483,103486-103487: Terminated
srun: error: Unknown: tasks 41272-41317,41319-41327: Terminated
srun: error: Unknown: tasks 35672-35680,35682-35683,35685-35686,35690,35692,35694-35696,35698,35700-35706,35710-35712,35714-35716,35718,35720-35722,35724-35726: Terminated
srun: error: Unknown: tasks 19544-19548,19550-19551,19553-19558,19560,19562-19564,19567,19569-19572,19574-19575,19578,19580-19586,19588,19590-19592,19594-19595,19598: Terminated
srun: error: Unknown: tasks 9016-9031,9033-9046,9048-9053,9057-9058,9060-9063,9065-9069,9071: Terminated
srun: error: Unknown: tasks 18312-18358,18360-18367: Terminated
srun: error: Unknown: tasks 84224-84230,84232-84279: Terminated
srun: error: Unknown: tasks 25144-25157,25159-25173,25175-25177,25179-25180,25182-25184,25186-25198: Terminated
srun: error: Unknown: tasks 89152,89154,89156,89158,89160,89162,89164-89168,89170,89172-89181,89183-89184,89186-89187,89189-89192,89194,89196-89198,89201-89206: Terminated
srun: error: Unknown: tasks 5264-5276,5278,5280-5298,5300-5308,5310-5319: Terminated
srun: error: Unknown: tasks 53144,53146-53148,53150-53154,53157-53160,53163-53168,53170-53174,53176-53177,53179-53183,53185-53186,53189,53191-53192,53194-53195,53197-53199: Terminated
srun: error: Unknown: tasks 37016,37018-37024,37026-37027,37029-37040,37042-37050,37053-37054,37056-37059,37061-37062,37064-37066,37068-37070: Terminated
srun: error: Unknown: tasks 13386-13389,13394-13396,13400,13403-13405,13411,13413,13417,13419,13421,13424,13429,13435,13437: Terminated
srun: error: Unknown: tasks 38192-38195,38197-38198,38200,38202-38204,38207-38208,38211-38213,38215-38216,38218-38219,38221,38223-38224,38227,38229,38231,38233-38242,38245: Terminated
srun: error: Unknown: tasks 112728-112729,112734-112735,112737,112741-112746,112749,112753-112757,112762,112764,112766-112767,112775-112776,112778,112781-112783: Terminated
srun: error: Unknown: tasks 59920,59922-59924,59926-59927,59930-59939,59941,59943-59944,59946-59955,59957-59958,59960,59962,59964-59971,59973-59975: Terminated
srun: error: Unknown: tasks 54992,54994-54996,54999,55002,55005,55007-55010,55013-55014,55018-55019,55021,55023,55025,55031,55033,55037,55039,55042,55044-55045: Terminated
srun: error: Unknown: tasks 27664-27670,27672-27677,27679-27680,27682-27685,27687-27690,27692-27696,27698-27700,27702,27705-27713,27716-27717: Terminated
srun: error: Unknown: tasks 65520,65522,65524-65526,65528-65529,65531-65532,65534-65536,65538,65542-65554,65556-65559,65561-65562,65565,65569-65570,65572-65575: Terminated
srun: error: Unknown: tasks 43792-43824,43826-43830,43832-43840,43842-43847: Terminated
srun: error: Unknown: tasks 28337-28338,28343,28346-28348,28350-28352,28354,28357,28359,28361,28363-28364,28366-28372,28374-28375,28378,28380-28384,28386,28388-28391: Terminated
srun: error: Unknown: tasks 44464,44466,44470-44471,44473-44474,44476-44480,44482-44486,44488-44490,44492-44494,44496,44498-44499,44501-44503,44505-44508,44511-44514,44516-44518: Terminated
srun: error: Unknown: tasks 87248-87262,87264,87266-87286,87288-87300,87302-87303: Terminated
srun: error: Unknown: tasks 8456-8510: Terminated
srun: error: Unknown: tasks 55664-55688,55690-55719: Terminated
srun: error: Unknown: tasks 93520-93527,93529-93574: Terminated
srun: error: Unknown: tasks 9632-9636,9639-9648,9650,9652-9654,9656-9667,9669-9674,9676-9678,9680-9682,9685-9687: Terminated
srun: error: Unknown: tasks 109648-109666,109669-109672,109674-109687,109689-109700,109703: Terminated
srun: error: Unknown: tasks 89768-89774,89776-89778,89780-89781,89783-89784,89786,89788-89790,89792-89796,89798,89802,89806-89807,89809-89811,89813,89815,89818-89819: Terminated
srun: error: Unknown: tasks 84168-84171,84173-84188,84190-84194,84196-84207,84209-84221: Terminated
srun: error: Unknown: tasks 6572,6574-6575,6577,6582,6592,6598-6599,6607: Terminated
srun: error: Unknown: tasks 57512,57514-57534,57536,57538,57540-57567: Terminated
srun: error: Unknown: tasks 84840-84851,84853,84855-84859,84861,84863-84867,84869,84871-84875,84880-84882,84887-84890,84894: Terminated
srun: error: Unknown: tasks 35784-35787,35789,35791-35794,35796,35798,35800,35802-35810,35812-35814,35816-35823,35826-35829,35831-35834,35836,35838-35839: Terminated
srun: error: Unknown: tasks 63112,63115-63116,63118,63122,63125,63128,63134,63137-63142,63144-63146,63148-63149,63152-63153,63159,63161-63162: Terminated
srun: error: Unknown: tasks 42560-42581,42583-42615: Terminated
srun: error: Unknown: tasks 52584-52630,52632-52639: Terminated
srun: error: Unknown: tasks 27104,27106-27120,27122,27124,27128-27130,27132-27133,27138,27143,27152,27156-27157,27159: Terminated
srun: error: Unknown: tasks 106568-106596,106598-106604,106606-106623: Terminated
srun: error: Unknown: tasks 37632-37648,37650-37687: Terminated
srun: error: Unknown: tasks 74312-74323,74325-74326,74328-74334,74336-74338,74341-74344,74346,74348-74356,74358-74360,74363-74367: Terminated
srun: error: Unknown: tasks 64960-64964,64966-64998,65000-65014: Terminated
srun: error: Unknown: tasks 30184-30196,30198-30201,30203-30219,30221-30224,30226-30230,30232-30236,30238-30239: Terminated
srun: error: Unknown: tasks 107240-107247,107249-107295: Terminated
srun: error: Unknown: tasks 86688-86692,86694-86701,86703-86704,86706-86710,86712,86714-86719,86721-86723,86725-86726,86728-86731,86733-86736,86738-86741,86743: Terminated
srun: error: Unknown: tasks 1624-1630,1632,1634-1641,1643-1657,1660-1662,1664-1667,1669,1671-1679: Terminated
srun: error: Unknown: tasks 101640-101670,101672-101695: Terminated
srun: error: Unknown: tasks 88536-88565,88567-88591: Terminated
srun: error: Unknown: tasks 3472-3475,3477-3496,3498-3502,3504-3507,3509-3510,3512,3514-3523,3525-3527: Terminated
srun: error: Unknown: tasks 14672-14673,14677-14682,14685-14688,14690-14693,14695,14697,14699-14701,14703-14706,14708-14709,14711-14713,14716-14719,14722,14725,14727: Terminated
srun: error: Unknown: tasks 56280-56304,56306-56312,56315,56317-56326,56328-56335: Terminated
srun: error: Unknown: tasks 40152,40155-40161,40163-40164,40166-40168,40171,40173-40177,40179,40181,40183-40184,40187-40197,40199,40201,40203-40207: Terminated
srun: error: Unknown: tasks 51352-51367,51369-51407: Terminated
srun: error: Unknown: tasks 67480-67482,67484-67486,67488,67490-67492,67496,67499-67500,67502-67506,67508-67510,67512-67517,67519,67521,67523,67525-67535: Terminated
srun: error: Unknown: tasks 30800-30806,30808-30810,30812,30814,30818-30831,30834,30836,30838-30839,30841,30843-30845,30847-30855: Terminated
srun: error: Unknown: tasks 83608-83611,83614-83616,83618-83619,83621-83625,83627-83630,83632,83634-83642,83644-83646,83650-83651,83653-83658,83662-83663: Terminated
srun: error: Unknown: tasks 19600,19602,19604-19608,19612,19615-19616,19618,19622,19625-19626,19629-19632,19634,19637,19639,19642,19646,19648,19650,19652: Terminated
srun: error: Unknown: tasks 105336,105338-105342,105344-105370,105372-105381,105383-105391: Terminated
srun: error: Unknown: tasks 10920-10930,10932-10946,10948-10975: Terminated
srun: error: Unknown: tasks 78680-78681,78683-78686,78688-78692,78694,78696-78698,78704-78707,78710-78712,78716-78718,78720-78721,78723,78727-78731,78733-78735: Terminated
srun: error: Unknown: tasks 20944-20960,20962-20999: Terminated
srun: error: Unknown: tasks 47600-47608,47610-47620,47622,47624-47635,47637,47640,47642-47649,47651-47655: Terminated
srun: error: Unknown: tasks 85456-85478,85480-85502,85504-85510: Terminated
srun: error: Unknown: tasks 27720-27755,27757-27762,27764-27766,27768-27773: Terminated
srun: error: Unknown: tasks 11592-11602,11604-11640,11642-11647: Terminated
srun: error: Unknown: tasks 64400,64402,64405-64406,64408,64410,64412,64414-64415,64417-64420,64422-64424,64426-64429,64432-64433,64436-64438,64441,64445-64446,64449-64452,64454-64455: Terminated
srun: error: Unknown: tasks 43848-43894,43896-43903: Terminated
srun: error: Unknown: tasks 22120-22124,22126-22133,22135-22140,22142-22152,22154,22156-22158,22160,22162-22163,22165-22168,22170-22171,22173-22175: Terminated
srun: error: Unknown: tasks 111608-111612,111614-111618,111620-111624,111626-111640,111642-111646,111648,111650-111654,111656-111663: Terminated
srun: error: Unknown: tasks 112784,112786-112792,112794-112805,112807-112812,112814-112827,112829-112832,112834-112839: Terminated
srun: error: Unknown: tasks 71176-71190,71192-71231: Terminated
srun: error: Unknown: tasks 1064,1066-1070,1072-1074,1076-1078,1082-1086,1088,1090,1092-1101,1103-1106,1110,1112-1114,1116-1119: Terminated
srun: error: Unknown: tasks 38920-38960,38962-38975: Terminated
srun: error: Unknown: tasks 91728-91739,91741-91746,91748-91764,91766-91783: Terminated
srun: error: Unknown: tasks 75600,75602-75603,75605-75606,75608-75611,75613,75616-75617,75619,75621-75627,75629-75651,75653-75655: Terminated
srun: error: Unknown: tasks 50120-50174: Terminated
srun: error: Unknown: tasks 33992-34004,34006-34030,34032-34047: Terminated
srun: error: Unknown: tasks 113456,113458-113478,113480,113482-113494,113496-113499,113501-113510: Terminated
srun: error: Unknown: tasks 81200-81202,81204-81206,81208-81215,81217-81221,81223-81236,81239-81242,81245-81246,81249,81252-81255: Terminated
srun: error: Unknown: tasks 87976-87983,87986-87987,87989-87991,87994-87997,87999,88001-88002,88004-88007,88009,88011,88013,88015-88021,88024-88027,88029-88031: Terminated
srun: error: Unknown: tasks 98504-98520,98522-98526,98529-98530,98532-98551,98553-98559: Terminated
srun: error: Unknown: tasks 104104-104109,104111-104117,104119-104159: Terminated
srun: error: Unknown: tasks 77448-77490,77492-77494,77496-77502: Terminated
srun: error: Unknown: tasks 14112-14144,14146-14167: Terminated
srun: error: Unknown: tasks 2912-2958,2960-2967: Terminated
srun: error: Unknown: tasks 93576-93578,93580-93595,93597,93599-93600,93602-93608,93610-93611,93613-93616,93618,93623-93631: Terminated
srun: error: Unknown: tasks 8512,8514-8522,8524,8526-8530,8532,8534-8535,8537-8544,8546,8548-8560,8562-8564,8566-8567: Terminated
srun: error: Unknown: tasks 60648-60654,60656-60660,60662-60686,60688-60699,60701-60703: Terminated
srun: error: Unknown: tasks 35840-35862,35864-35870,35872-35895: Terminated
srun: error: Unknown: tasks 104776-104782,104784,104786-104792,104794-104805,104807-104808,104811,104813,104815,104817,104819,104821-104825,104827-104830: Terminated
srun: error: Unknown: tasks 15288-15296,15298-15303,15305-15322,15324-15342: Terminated
srun: error: Unknown: tasks 84896-84898,84904,84910,84912,84914,84917,84921-84922,84926,84928,84931-84932,84939-84942,84944,84946,84948,84950-84951: Terminated
srun: error: Unknown: tasks 72520-72562,72564-72575: Terminated
srun: error: Unknown: tasks 81144-81147,81152-81155,81160-81163,81168-81171,81176-81179,81184-81187,81192-81195: Terminated
srun: error: Unknown: task 35323: Terminated
srun: error: Unknown: tasks 43288-43291,43293-43307,43309-43320,43322-43323,43325-43326,43328-43332,43334-43336,43338,43341-43343: Terminated
srun: error: Unknown: tasks 112224-112268,112270-112279: Terminated
srun: error: Unknown: tasks 68768-68811,68813-68816,68818-68823: Terminated
srun: error: Unknown: tasks 6609-6663: Terminated
srun: error: Unknown: tasks 39536-39566,39568-39591: Terminated
srun: error: Unknown: tasks 23408,23410,23412,23415,23418,23433,23435-23436,23438-23442,23444,23447,23450,23452,23462-23463: Terminated
srun: error: Unknown: tasks 96096-96134,96136-96151: Terminated
srun: error: Unknown: tasks 92344-92380,92382-92394,92396-92399: Terminated
srun: error: Unknown: tasks 101696-101704,101706-101707,101709-101735,101737,101739-101746,101748-101751: Terminated
srun: error: Unknown: tasks 60088-60105,60107-60122,60124,60127-60128,60130-60134,60136-60141,60143: Terminated
srun: error: Unknown: tasks 87416,87418-87438,87440-87446,87448-87453,87456-87471: Terminated
srun: error: Unknown: tasks 114072-114119,114121-114127: Terminated
srun: error: Unknown: tasks 65688,65690-65691,65693-65704,65706-65728,65730-65736,65738-65739,65741-65742: Terminated
srun: error: Unknown: tasks 66864-66872,66874,66876-66880,66882-66883,66885-66888,66890,66892,66894,66896-66901,66903-66904,66906,66908-66912,66914-66918: Terminated
srun: error: Unknown: tasks 37688-37705,37707-37717,37719-37731,37733-37743: Terminated
srun: error: Unknown: tasks 61936-61943,61945-61949,61951,61953-61957,61959-61966,61968-61991: Terminated
srun: error: Unknown: tasks 49560-49612,49614-49615: Terminated
srun: error: Unknown: tasks 45808-45854,45856,45858-45863: Terminated
srun: error: Unknown: tasks 40208-40210,40212-40236,40238-40246,40248-40261,40263: Terminated
srun: error: Unknown: tasks 20328-20359,20361-20367,20369-20383: Terminated
srun: error: Unknown: tasks 40880,40882-40888,40890,40892,40894,40896-40898,40900-40902,40904-40910,40912,40914,40916-40918,40920-40926,40928,40930,40932-40934: Terminated
srun: error: Unknown: tasks 36456-36498,36500,36502-36511: Terminated
srun: error: Unknown: tasks 78736-78746,78749-78772,78774-78776,78778,78780,78782,78784,78786,78788-78791: Terminated
srun: error: Unknown: tasks 68208-68210,68212-68224,68226-68263: Terminated
srun: error: Unknown: tasks 99792,99794-99800,99802,99804-99808,99810-99812,99814-99816,99818,99820-99824,99826-99827,99830-99832,99834,99837-99841,99843,99845-99846: Terminated
srun: error: Unknown: tasks 53970,53973,53978,53983: Terminated
srun: error: Unknown: tasks 6048,6050-6052,6054-6055,6059-6061,6064-6066,6068-6069,6071,6073-6084,6086-6088,6090-6092,6095-6102: Terminated
srun: error: Unknown: tasks 55104,55106,55111-55112,55124-55125,55128,55130,55134,55136,55139,55142,55144-55145,55147,55149,55151,55153-55154,55156,55158-55159: Terminated
srun: error: Unknown: tasks 84336-84338,84341-84347,84349-84362,84364,84366-84368,84371-84373,84375-84386,84388-84389: Terminated
srun: error: Unknown: tasks 66976-66977,66984-66985,66987,66992-66993,67000-67001,67008-67009,67011,67016-67018,67025: Terminated
srun: error: Unknown: tasks 43904-43911,43913-43928,43930-43959: Terminated
srun: error: Unknown: tasks 37128,37130-37168,37171-37176,37178,37181-37183: Terminated
srun: error: Unknown: tasks 86184,86186-86188,86191-86197,86200,86202,86204,86206-86208,86210,86212-86216,86218-86222,86224,86226,86229-86230,86232-86234,86236-86239: Terminated
srun: error: Unknown: tasks 71904-71938,71940-71959: Terminated
srun: error: Unknown: tasks 6720-6724,6728,6730-6732,6735-6738,6740-6741,6743-6744,6746-6750,6752,6754-6766,6768,6770-6771,6773-6774: Terminated
srun: error: Unknown: tasks 2968-2970,2972-2986,2988-2998,3000-3008,3010,3012-3016,3018-3023: Terminated
srun: error: Unknown: tasks 68152-68156,68158-68166,68168,68170,68172-68174,68176-68178,68180,68182-68186,68188-68192,68194-68197,68199-68200,68202-68204,68206-68207: Terminated
srun: error: Unknown: tasks 49505-49553,49555-49557: Terminated
srun: error: Unknown: tasks 27776-27778,27780-27786,27789-27790,27792-27793,27795,27797-27798,27800-27801,27803-27807,27809-27810,27813-27815,27820,27822,27825,27827-27830: Terminated
srun: error: Unknown: tasks 88704-88758: Terminated
srun: error: Unknown: tasks 73752-73768,73770-73807: Terminated
srun: error: Unknown: tasks 84952-84960,84962-84970,84972-84990,84992-85000,85002-85007: Terminated
srun: error: Unknown: tasks 8568-8579,8582-8587,8589-8609,8611-8614,8616-8617,8619-8623: Terminated
srun: error: Unknown: tasks 36568-36574,36576-36587,36589-36590,36592-36596,36599-36610,36612-36614,36616-36618,36620-36623: Terminated
srun: error: Unknown: tasks 76279,76285,76302,76320-76321: Terminated
srun: error: Unknown: tasks 35896,35898,35900,35902-35903,35906,35911-35912,35914-35916,35921-35922,35925-35928,35930-35932,35934,35937-35940,35942-35944,35947-35950: Terminated
srun: error: Unknown: tasks 92401-92405,92411,92416,92419,92421-92423,92426-92427,92429-92432,92434-92435,92437-92439,92442-92447,92450-92453,92455: Terminated
srun: error: Unknown: tasks 86800-86806,86808-86818,86820-86826,86828-86840,86842,86844-86848,86850-86855: Terminated
srun: error: Unknown: tasks 72576,72578-72584,72586,72588-72601,72603-72618,72620-72622,72624-72626,72629,72631: Terminated
srun: error: Unknown: tasks 22288-22306,22308-22343: Terminated
srun: error: Unknown: tasks 87472-87477,87479-87527: Terminated
srun: error: Unknown: tasks 9184-9185,9187-9211,9213,9215-9217,9220-9224,9226,9228-9234,9236,9239: Terminated
srun: error: Unknown: tasks 73195,73197-73198,73203,73211-73212,73219-73220,73222-73223,73227-73228,73230-73232,73235-73237,73239,73241,73243: Terminated
srun: error: Unknown: tasks 14784-14822,14824-14839: Terminated
srun: error: Unknown: tasks 10416,10418-10422,10426,10428,10431,10434-10436,10439,10442-10445,10447,10450,10459,10461,10466,10470: Terminated
srun: error: Unknown: tasks 105448-105495,105497-105503: Terminated
srun: error: Unknown: tasks 93632-93665,93667-93671,93673-93685,93687: Terminated
srun: error: Unknown: tasks 110432-110447,110449-110456,110458-110466,110468-110486: Terminated
srun: error: Unknown: tasks 26544-26557,26559-26587,26589-26594,26596-26599: Terminated
srun: error: Unknown: tasks 53312-53358,53360-53367: Terminated
srun: error: Unknown: tasks 73864-73871,73873-73879,73881-73919: Terminated
srun: error: Unknown: tasks 9240,9242-9244,9246,9248,9250,9254,9256,9259-9262,9264-9266,9268,9270,9272,9274,9280,9284,9287,9290-9292: Terminated
srun: error: Unknown: tasks 89997,90001-90003,90009,90012,90015,90036,90038-90039: Terminated
srun: error: Unknown: tasks 42784-42792,42794-42800,42802-42839: Terminated
srun: error: Unknown: tasks 5488-5490,5494-5496,5498-5499,5502-5503,5506-5512,5514-5534,5536-5537,5540-5542: Terminated
srun: error: Unknown: tasks 70112-70150,70152-70167: Terminated
srun: error: Unknown: tasks 63224-63246,63248-63270,63272-63279: Terminated
srun: error: Unknown: tasks 111104,111106-111110,111112,111114,111120,111122-111123,111125-111130,111134-111136,111144,111151-111152,111154-111155,111157,111159: Terminated
srun: error: Unknown: tasks 65184,65186,65188-65197,65199-65200,65202-65216,65218-65224,65226,65228,65230,65232-65234,65236: Terminated
srun: error: Unknown: tasks 17976-17983,17985-18030: Terminated
srun: error: Unknown: tasks 76944-76948,76950-76966,76968-76979,76981-76986,76988-76992,76994-76995,76997-76999: Terminated
srun: error: Unknown: tasks 18536-18537,18539,18541-18544,18546-18547,18549,18551,18553-18554,18556-18566,18568-18571,18577-18579,18581,18584,18586-18587,18591: Terminated
srun: error: Unknown: tasks 39704-39726,39728-39742,39744-39750,39752-39759: Terminated
srun: error: Unknown: tasks 3584-3600,3602-3603,3605-3614,3616-3627,3629-3636,3638-3639: Terminated
srun: error: Unknown: tasks 24752-24754,24756-24768,24770-24773,24775-24784,24786-24787,24789-24794,24798-24800,24802-24806: Terminated
srun: error: Unknown: tasks 93072,93074,93076-93078,93081-93082,93084-93085,93087,93090,93092,93098-93100,93102-93103,93114-93115,93117,93119,93122,93125,93127: Terminated
srun: error: Unknown: tasks 94920,94922-94928,94930-94932,94934,94936-94937,94939-94954,94956-94957,94959-94967,94969-94972,94974-94975: Terminated
srun: error: Unknown: tasks 4256-4262,4264-4276,4278-4301,4303-4308: Terminated
srun: error: Unknown: tasks 69440-69442,69444-69445,69448-69450,69452-69458,69460,69462-69476,69478-69493,69495: Terminated
srun: error: Unknown: tasks 55160-55162,55164,55166-55172,55175-55178,55182-55184,55186-55192,55194-55195,55197-55200,55202-55206,55208-55214: Terminated
srun: error: Unknown: tasks 113568-113570,113573-113576,113578-113584,113586-113588,113591-113592,113594-113600,113603,113605-113607,113609-113616,113618-113619,113622: Terminated
srun: error: Unknown: tasks 59584,59586-59590,59592-59594,59597-59598,59600-59602,59604-59605,59607,59609-59616,59618-59626,59628-59632,59634-59639: Terminated
srun: error: Unknown: tasks 103040,103042-103050,103052-103059,103061-103068,103071,103073-103095: Terminated
srun: error: Unknown: tasks 91840-91845,91847-91851,91853-91871,91873,91875-91895: Terminated
srun: error: Unknown: tasks 71960-71978,71980-72000,72002,72005-72015: Terminated
srun: error: Unknown: tasks 55832-55836,55838-55840,55842-55844,55848,55850-55854,55856-55860,55862-55867,55871-55872,55874-55884,55887: Terminated
srun: error: Unknown: tasks 3024-3028,3030-3038,3040-3050,3052-3058,3060-3064,3066-3079: Terminated
srun: error: Unknown: tasks 77560-77568,77570-77572,77574-77578,77580,77582-77584,77586-77588,77590-77592,77594,77597-77598,77600-77608,77610,77614: Terminated
srun: error: Unknown: tasks 30352-30383,30386,30388-30392,30394-30398,30400,30402-30407: Terminated
srun: Force Terminated StepId=5139162.0
