Running frontier nodes=1024 ranks_per_node=56 dist=hierarchical_lockfree_rma mode=uniform expected_us=1000 max_upper_fanout=-1
RESULT distributor=hierarchical_lockfree_rma mode=uniform expected_us=1000 nodes=1024 world_size=57344 max_upper_fanout=-1 total_tasks=499999999 elapsed_s=16.3395 throughput_tasks_per_s=3.06007e+07
MPICH Notice [Rank 0] [job id 5143949.0] [Sun Aug  2 22:46:06 2026] [frontier00016] - Abort(0) (rank 0 in comm 0): application called MPI_Abort(MPI_COMM_WORLD, 0) - process 0

aborting job:
application called MPI_Abort(MPI_COMM_WORLD, 0) - process 0
srun: error: frontier00016: task 0: Exited with exit code 255
srun: Terminating StepId=5143949.0
[2026-08-02T22:46:11.195] error: *** STEP 5143949.0 ON frontier00016 CANCELLED AT 2026-08-02T22:46:11 DUE TO TASK FAILURE ***
srun: error: frontier09111: tasks 54825,54838-54840,54847-54848,54854-54855,54870-54872,54879: Terminated
srun: error: frontier05021: tasks 30017-30018,30020-30021,30023-30024,30026,30029-30034,30037-30038,30040,30042,30044,30048-30049,30053-30054,30056-30057,30061-30062,30064,30066,30070-30071: Terminated
srun: error: frontier06429: tasks 38697-38717,38719-38727,38729-38751: Terminated
srun: error: frontier04766: tasks 28169-28174,28176-28193,28195-28223: Terminated
srun: error: frontier01077: task 6388: Terminated
srun: error: frontier08093: task 48669: Terminated
srun: error: frontier04159: tasks 25089-25142: Terminated
srun: error: frontier07188: tasks 43065-43066,43068,43070,43074,43076,43078,43083,43086,43088,43096,43098,43100-43101,43104,43106-43108,43110,43112,43115-43116,43118: Terminated
srun: error: frontier07063: tasks 42393-42395,42401-42403,42407,42414-42415,42417-42418,42422,42425,42427,42429,42441,42447: Terminated
srun: error: frontier03645: tasks 21897-21951: Terminated
srun: error: frontier00415: tasks 2129-2130,2132,2136-2137,2140-2142,2144,2148-2149,2152,2168-2170,2177,2180,2182: Terminated
srun: error: frontier02455: task 14505: Terminated
srun: error: frontier00410: tasks 2017-2071: Terminated
srun: error: frontier00192: tasks 1457-1464,1466-1469,1471-1474,1476-1511: Terminated
srun: error: frontier01032: tasks 5769-5823: Terminated
srun: error: frontier05669: tasks 33769-33823: Terminated
srun: error: frontier07065: tasks 42449-42503: Terminated
srun: error: frontier05532: tasks 33097-33151: Terminated
srun: error: frontier08597: tasks 51747,51750-51752,51754,51759-51760,51762,51764,51767-51768,51771,51773-51774,51777-51782,51787-51788,51790,51795-51797: Terminated
srun: error: frontier10126: tasks 56786,56788,56797,56809,56817,56820,56826: Terminated
srun: error: frontier01311: tasks 7617-7671: Terminated
srun: error: frontier01166: tasks 6441-6495: Terminated
srun: error: frontier06429: tasks 38718,38728: Terminated
srun: error: frontier09111: tasks 54826-54837,54841-54846,54849-54853,54856-54869,54873-54878: Terminated
srun: error: frontier00147: tasks 841-895: Terminated
srun: error: frontier06314: tasks 38025-38079: Terminated
srun: error: frontier07964: tasks 47993-48047: Terminated
srun: error: frontier07966: tasks 48049-48103: Terminated
srun: error: frontier02720: tasks 16354,16359: Terminated
srun: error: frontier04634: tasks 27497-27551: Terminated
srun: error: frontier05267: tasks 31305,31318: Terminated
srun: error: frontier08473: tasks 51073-51127: Terminated
srun: error: frontier08230: tasks 49897-49951: Terminated
srun: error: frontier01586: tasks 9465-9519: Terminated
srun: error: frontier01431: tasks 8289-8343: Terminated
srun: error: frontier04897: tasks 29345-29399: Terminated
srun: error: frontier04766: tasks 28175,28194: Terminated
srun: error: frontier08196: tasks 49225-49279: Terminated
srun: error: frontier09232: tasks 55497-55551: Terminated
srun: error: frontier00534: tasks 2689-2743: Terminated
srun: error: frontier01937: tasks 11369-11423: Terminated
srun: error: frontier03995: tasks 23745-23799: Terminated
srun: error: frontier03382: tasks 20105-20106,20108-20109,20111-20113,20115,20119,20121-20122,20124-20125,20127-20129,20131,20134,20136-20137,20139-20140,20142-20143,20145-20147,20149,20151-20156,20158-20159: Terminated
srun: error: frontier05021: tasks 30019,30022,30025,30027-30028,30035-30036,30039,30041,30043,30045-30047,30050-30052,30055,30058-30060,30063,30065,30067-30069: Terminated
srun: error: frontier07209: tasks 43625-43679: Terminated
srun: error: frontier06822: tasks 41217-41271: Terminated
srun: error: frontier02205: tasks 13217-13271: Terminated
srun: error: frontier03483: tasks 20665-20719: Terminated
srun: error: frontier05147: tasks 30633-30634,30636-30638,30640-30645,30648-30649,30651-30652,30654,30657,30661-30663,30665-30666,30672-30673,30675-30676,30678,30681,30684,30686-30687: Terminated
srun: error: frontier07325: tasks 44297-44351: Terminated
srun: error: frontier10116: tasks 56673-56727: Terminated
srun: error: frontier02580: tasks 15065-15119: Terminated
srun: error: frontier03171: tasks 18817-18871: Terminated
srun: error: frontier03765: tasks 22569-22623: Terminated
srun: error: frontier05796: tasks 34945-34999: Terminated
srun: error: frontier06273: tasks 37465-37519: Terminated
srun: error: frontier07697: tasks 46145-46199: Terminated
srun: error: frontier00799: tasks 4537-4591: Terminated
srun: error: frontier01212: tasks 7057-7063,7067-7068,7071-7077,7079-7087,7089-7097,7099-7101,7103-7111: Terminated
srun: error: frontier02849: tasks 16969-17023: Terminated
srun: error: frontier03277: tasks 19489-19543: Terminated
srun: error: frontier04256: tasks 25705,25712-25713,25715,25717,25720-25723,25726,25728-25729,25731,25736-25737,25742,25750,25753: Terminated
srun: error: frontier06759: tasks 40545-40599: Terminated
srun: error: frontier06790: task 40601: Terminated
srun: error: frontier06567: tasks 39430,39440,39464,39469: Terminated
srun: error: frontier08988: tasks 54265-54319: Terminated
srun: error: frontier01077: tasks 6385-6387,6389-6439: Terminated
srun: error: frontier01694: tasks 10137-10191: Terminated
srun: error: frontier02330: tasks 13889-13943: Terminated
srun: error: frontier04427: tasks 26265-26319: Terminated
srun: error: frontier04159: task 25143: Terminated
srun: error: frontier07063: tasks 42396-42400,42404-42406,42408-42413,42416,42419-42421,42423-42424,42426,42428,42430-42440,42442-42446: Terminated
srun: error: frontier08878: tasks 53593-53647: Terminated
srun: error: frontier08720: tasks 52417-52471: Terminated
srun: error: frontier00146: tasks 785-839: Terminated
srun: error: frontier00654: tasks 3305-3359: Terminated
srun: error: frontier00148: tasks 897-941,943-951: Terminated
srun: error: frontier02685: tasks 15737-15791: Terminated
srun: error: frontier04047: tasks 24417-24471: Terminated
srun: error: frontier04522: tasks 26937-26991: Terminated
srun: error: frontier05926: tasks 35617-35671: Terminated
srun: error: frontier06320: tasks 38137-38191: Terminated
srun: error: frontier07718: tasks 46817-46871: Terminated
srun: error: frontier08214: task 49440: Terminated
srun: error: frontier00023: tasks 225-279: Terminated
srun: error: frontier00535: tasks 2745-2746,2748,2750-2756,2758,2760-2762,2764,2766,2768-2771,2774,2778-2780,2782,2784-2786,2788,2790,2792-2798: Terminated
srun: error: frontier02981: tasks 17585-17639: Terminated
srun: error: frontier03601: tasks 21337-21391: Terminated
srun: error: frontier05668: tasks 33713-33767: Terminated
srun: error: frontier05409: tasks 32537-32591: Terminated
srun: error: frontier06670: tasks 39985-40039: Terminated
srun: error: frontier06823: tasks 41273,41281,41286,41289,41293-41294,41299,41304-41305,41307,41309-41313,41315-41319,41321,41323,41327: Terminated
srun: error: frontier08475: tasks 51185-51239: Terminated
srun: error: frontier09366: tasks 56169,56177,56204,56206,56217: Terminated
srun: error: frontier00410: task 2016: Terminated
srun: error: frontier01032: task 5768: Terminated
srun: error: frontier02064: tasks 11985-12039: Terminated
srun: error: frontier01822: tasks 10809-10863: Terminated
srun: error: frontier03871: tasks 23185-23239: Terminated
srun: error: frontier05285: tasks 31865-31919: Terminated
srun: error: frontier05774: tasks 34385-34439: Terminated
srun: error: frontier07188: tasks 43067,43069,43071-43073,43075,43077,43079-43082,43084-43085,43087,43089-43095,43097,43099,43102-43103,43105,43109,43111,43113-43114,43117,43119: Terminated
srun: error: frontier08597: tasks 51745-51746,51748-51749,51753,51755-51758,51761,51763,51765-51766,51769-51770,51772,51775-51776,51783-51786,51789,51791-51794,51798-51799: Terminated
srun: error: frontier08847: tasks 53033-53087: Terminated
srun: error: frontier09233: tasks 55553-55607: Terminated
srun: error: frontier10128: task 56841: Terminated
srun: error: frontier00192: tasks 1465,1470,1475: Terminated
srun: error: frontier00930: tasks 5209-5263: Terminated
srun: error: frontier02111: tasks 12657-12711: Terminated
srun: error: frontier02724: tasks 16409-16463: Terminated
srun: error: frontier03997: tasks 23857-23911: Terminated
srun: error: frontier06429: task 38696: Terminated
srun: error: frontier05813: tasks 35057-35111: Terminated
srun: error: frontier08093: tasks 48665-48668,48670-48719: Terminated
srun: error: frontier09363: tasks 56113-56167: Terminated
srun: error: frontier00147: task 840: Terminated
srun: error: frontier01819: tasks 10753-10807: Terminated
srun: error: frontier03275: tasks 19433-19487: Terminated
srun: error: frontier01826: task 10914: Terminated
srun: error: frontier06314: task 38024: Terminated
srun: error: frontier06564: tasks 39313-39367: Terminated
srun: error: frontier06167: tasks 36905-36959: Terminated
srun: error: frontier08355: tasks 50513-50567: Terminated
srun: error: frontier07967: tasks 48105-48159: Terminated
srun: error: frontier10126: tasks 56785,56787,56789-56796,56798-56808,56810-56816,56818-56819,56821-56825,56827-56839: Terminated
srun: error: frontier01311: task 7616: Terminated
srun: error: frontier01554: tasks 8905-8959: Terminated
srun: error: frontier01941: tasks 11425-11479: Terminated
srun: error: frontier04154: tasks 25033-25087: Terminated
srun: error: frontier04822: tasks 28785-28839: Terminated
srun: error: frontier05669: task 33768: Terminated
srun: error: frontier07065: task 42448: Terminated
srun: error: frontier07313: tasks 43737-43791: Terminated
srun: error: frontier09112: tasks 54881-54935: Terminated
srun: error: frontier08972: tasks 53705-53759: Terminated
srun: error: frontier00146: task 784: Terminated
srun: error: frontier01586: task 9464: Terminated
srun: error: frontier01431: task 8288: Terminated
srun: error: frontier03645: task 21896: Terminated
srun: error: frontier03090: tasks 18257-18311: Terminated
srun: error: frontier05532: task 33096: Terminated
srun: error: frontier04536: tasks 26993-27006,27008-27011,27013,27015-27022,27024-27027,27029,27032-27042,27044-27047: Terminated
srun: error: frontier08196: task 49224: Terminated
srun: error: frontier07966: task 48048: Terminated
srun: error: frontier09232: task 55496: Terminated
srun: error: frontier00534: task 2688: Terminated
srun: error: frontier00670: tasks 3977-4031: Terminated
srun: error: frontier03995: task 23744: Terminated
srun: error: frontier02582: tasks 15177-15231: Terminated
srun: error: frontier04639: tasks 27553-27607: Terminated
srun: error: frontier06041: tasks 36233-36287: Terminated
srun: error: frontier07452: tasks 44913-44967: Terminated
srun: error: frontier09111: task 54824: Terminated
srun: error: frontier07454: tasks 45025-45079: Terminated
srun: error: frontier08726: tasks 52473-52527: Terminated
srun: error: frontier00799: task 4536: Terminated
srun: error: frontier00415: tasks 2131,2133-2135,2138-2139,2143,2145-2147,2150-2151,2153-2167,2171-2176,2178-2179,2181,2183: Terminated
srun: error: frontier01667: tasks 9577-9631: Terminated
srun: error: frontier04897: task 29344: Terminated
srun: error: frontier04766: task 28168: Terminated
srun: error: frontier04901: tasks 29457-29511: Terminated
srun: error: frontier06948: tasks 41833-41887: Terminated
srun: error: frontier07577: tasks 45585-45639: Terminated
srun: error: frontier07823: tasks 46873-46927: Terminated
srun: error: frontier08989: tasks 54321-54375: Terminated
srun: error: frontier01077: task 6384: Terminated
srun: error: frontier00274: tasks 1513,1517-1519,1525,1549,1555-1556,1564,1566: Terminated
srun: error: frontier03171: task 18816: Terminated
srun: error: frontier04634: task 27496: Terminated
srun: error: frontier05796: task 34944: Terminated
srun: error: frontier04452: tasks 26377-26431: Terminated
srun: error: frontier07210: tasks 43681-43735: Terminated
srun: error: frontier08718: tasks 52361-52415: Terminated
srun: error: frontier08231: tasks 49953-50007: Terminated
srun: error: frontier08479: tasks 51241-51295: Terminated
srun: error: frontier00413: tasks 2073-2127: Terminated
srun: error: frontier01040: tasks 5825-5879: Terminated
srun: error: frontier02207: tasks 13273-13327: Terminated
srun: error: frontier03646: tasks 21953-22007: Terminated
srun: error: frontier03873: tasks 23241-23245,23247-23248,23250-23260,23262-23266,23268,23270,23272-23274,23276,23279,23282-23285,23287-23290,23292-23294: Terminated
srun: error: frontier04277: tasks 25761,25801: Terminated
srun: error: frontier07325: task 44296: Terminated
srun: error: frontier07326: tasks 44353-44407: Terminated
srun: error: frontier08598: tasks 51801-51855: Terminated
srun: error: frontier08849: tasks 53089-53143: Terminated
srun: error: frontier00192: task 1456: Terminated
srun: error: frontier01166: task 6440: Terminated
srun: error: frontier02330: task 13888: Terminated
srun: error: frontier03765: task 22568: Terminated
srun: error: frontier03768: tasks 22625-22679: Terminated
srun: error: frontier07209: task 43624: Terminated
srun: error: frontier08473: task 51072: Terminated
srun: error: frontier08230: task 49896: Terminated
srun: error: frontier08720: task 52416: Terminated
srun: error: frontier07704: tasks 46313-46367: Terminated
srun: error: frontier09115: tasks 54993-55047: Terminated
srun: error: frontier00654: task 3304: Terminated
srun: error: frontier00655: tasks 3361-3362,3364-3365,3369,3372,3376,3379,3390,3392,3395,3400-3403,3407-3409: Terminated
srun: error: frontier02849: task 16968: Terminated
srun: error: frontier03277: task 19488: Terminated
srun: error: frontier03486: tasks 20777-20831: Terminated
srun: error: frontier06759: task 40544: Terminated
srun: error: frontier07964: task 47992: Terminated
srun: error: frontier10116: task 56672: Terminated
srun: error: frontier08988: task 54264: Terminated
srun: error: frontier07971: tasks 48161-48215: Terminated
srun: error: frontier00023: task 224: Terminated
srun: error: frontier01314: tasks 7673-7727: Terminated
srun: error: frontier01167: tasks 6497-6551: Terminated
srun: error: frontier04427: task 26264: Terminated
srun: error: frontier05021: task 30016: Terminated
srun: error: frontier05022: tasks 30073-30127: Terminated
srun: error: frontier06431: tasks 38753-38807: Terminated
srun: error: frontier07066: tasks 42505-42559: Terminated
srun: error: frontier08885: tasks 53649-53703: Terminated
srun: error: frontier02205: task 13216: Terminated
srun: error: frontier03483: task 20664: Terminated
srun: error: frontier02066: tasks 12097-12151: Terminated
srun: error: frontier03312: tasks 19545-19599: Terminated
srun: error: frontier05534: tasks 33153-33207: Terminated
srun: error: frontier05149: tasks 30745-30799: Terminated
srun: error: frontier08206: tasks 49281-49335: Terminated
srun: error: frontier08357: tasks 50569-50623: Terminated
srun: error: frontier08599: tasks 51857-51911: Terminated
srun: error: frontier09235: tasks 55609-55663: Terminated
srun: error: frontier01937: task 11368: Terminated
srun: error: frontier01721: tasks 10193-10247: Terminated
srun: error: frontier03176: tasks 18873-18927: Terminated
srun: error: frontier04428: tasks 26321-26375: Terminated
srun: error: frontier05811: tasks 35001-35055: Terminated
srun: error: frontier07697: task 46144: Terminated
srun: error: frontier07873: tasks 47433-47487: Terminated
srun: error: frontier08094: tasks 48721-48775: Terminated
srun: error: frontier08336: tasks 50009-50063: Terminated
srun: error: frontier08973: tasks 53761-53815: Terminated
srun: error: frontier09380: tasks 56281-56335: Terminated
srun: error: frontier00802: tasks 4593-4647: Terminated
srun: error: frontier02455: tasks 14506-14559: Terminated
srun: error: frontier04047: task 24416: Terminated
srun: error: frontier03647: tasks 22055,22063: Terminated
srun: error: frontier04767: tasks 28225-28279: Terminated
srun: error: frontier05928: tasks 35673-35727: Terminated
srun: error: frontier05380: tasks 32033-32054,32056-32087: Terminated
srun: error: frontier07583: tasks 45641-45695: Terminated
srun: error: frontier10126: task 56784: Terminated
srun: error: frontier08362: tasks 50681-50735: Terminated
srun: error: frontier02580: task 15064: Terminated
srun: error: frontier02720: tasks 16353,16355-16358,16360-16407: Terminated
srun: error: frontier02331: tasks 13945-13999: Terminated
srun: error: frontier03605: tasks 21393-21447: Terminated
srun: error: frontier07063: task 42392: Terminated
srun: error: frontier05670: tasks 33825-33879: Terminated
srun: error: frontier07698: tasks 46201-46255: Terminated
srun: error: frontier07314: tasks 43793-43847: Terminated
srun: error: frontier09113: tasks 54937-54991: Terminated
srun: error: frontier08727: tasks 52529-52583: Terminated
srun: error: frontier09116: tasks 55049-55103: Terminated
srun: error: frontier01212: tasks 7056,7064-7066,7069-7070,7078,7088,7098,7102: Terminated
srun: error: frontier01434: tasks 8345-8399: Terminated
srun: error: frontier02850: tasks 17025-17079: Terminated
srun: error: frontier04900: tasks 29401-29455: Terminated
srun: error: frontier05926: task 35616: Terminated
srun: error: frontier06320: task 38136: Terminated
srun: error: frontier07718: task 46816: Terminated
srun: error: frontier07327: tasks 44409-44463: Terminated
srun: error: frontier05780: task 34609: Terminated
srun: error: frontier09005: tasks 54377-54431: Terminated
srun: error: frontier09091: tasks 54435,54456: Terminated
srun: error: frontier01694: task 10136: Terminated
srun: error: frontier02981: task 17584: Terminated
srun: error: frontier03382: tasks 20107,20110,20114,20116-20118,20120,20123,20126,20130,20132-20133,20135,20138,20141,20144,20148,20150,20157: Terminated
srun: error: frontier03191: tasks 18930,18935,18943,18945,18961-18962,18967,18970-18972,18975,18983: Terminated
srun: error: frontier04162: tasks 25145-25199: Terminated
srun: error: frontier06291: tasks 37521-37575: Terminated
srun: error: frontier08878: task 53592: Terminated
srun: error: frontier07067: tasks 42561-42615: Terminated
srun: error: frontier07455: tasks 45081-45135: Terminated
srun: error: frontier08480: tasks 51297-51351: Terminated
srun: error: frontier08728: tasks 52585-52586,52588-52592,52595-52616,52618-52628,52631-52639: Terminated
srun: error: frontier02064: task 11984: Terminated
srun: error: frontier00656: tasks 3417-3471: Terminated
srun: error: frontier01669: tasks 9633-9671,9673-9687: Terminated
srun: error: frontier04111: tasks 24473-24527: Terminated
srun: error: frontier05306: tasks 31921-31975: Terminated
srun: error: frontier05775: tasks 34441-34495: Terminated
srun: error: frontier08597: task 51744: Terminated
srun: error: frontier06796: tasks 40713-40767: Terminated
srun: error: frontier06959: tasks 42001-42055: Terminated
srun: error: frontier08215: tasks 49449-49503: Terminated
srun: error: frontier08602: tasks 51969-52023: Terminated
srun: error: frontier00930: task 5208: Terminated
srun: error: frontier00931: tasks 5265-5319: Terminated
srun: error: frontier03601: task 21336: Terminated
srun: error: frontier02727: tasks 16465-16519: Terminated
srun: error: frontier06273: task 37464: Terminated
srun: error: frontier05411: tasks 32593-32647: Terminated
srun: error: frontier06044: tasks 36345-36399: Terminated
srun: error: frontier08475: task 51184: Terminated
srun: error: frontier06294: tasks 37689-37690,37695,37697-37699,37702-37703,37705-37706,37708,37711,37717,37719,37722,37724-37728,37730-37731,37733,37735-37737,37739: Terminated
srun: error: frontier09371: tasks 56225-56279: Terminated
srun: error: frontier08974: tasks 53817-53871: Terminated
srun: error: frontier00148: tasks 896,942: Terminated
srun: error: frontier02065: tasks 12041-12095: Terminated
srun: error: frontier03485: tasks 20721-20775: Terminated
srun: error: frontier04522: task 26936: Terminated
srun: error: frontier03648: tasks 22065-22119: Terminated
srun: error: frontier06565: tasks 39369-39423: Terminated
srun: error: frontier06321: tasks 38193-38247: Terminated
srun: error: frontier06571: tasks 39481-39535: Terminated
srun: error: frontier07839: tasks 46929-46983: Terminated
srun: error: frontier06960: tasks 42057-42061,42063-42071,42073-42077,42079-42097,42099-42102,42104-42107,42109-42111: Terminated
srun: error: frontier10129: tasks 56897-56951: Terminated
srun: error: frontier00024: tasks 281-335: Terminated
srun: error: frontier01556: tasks 8961-9015: Terminated
srun: error: frontier02982: tasks 17641-17695: Terminated
srun: error: frontier05668: task 33712: Terminated
srun: error: frontier03769: tasks 22681,22683-22687,22689,22691-22697,22699-22701,22703-22705,22708-22713,22715-22718,22720-22721,22723,22725-22726,22728-22730,22732-22733: Terminated
srun: error: frontier04163: tasks 25201-25202,25205,25207,25209,25211,25213-25217,25221,25223,25225,25237-25239,25248-25249,25251,25253,25255: Terminated
srun: error: frontier07453: tasks 44969-45023: Terminated
srun: error: frontier07874: tasks 47489-47543: Terminated
srun: error: frontier08095: tasks 48777-48831: Terminated
srun: error: frontier07705: tasks 46369-46423: Terminated
srun: error: frontier00413: task 2072: Terminated
srun: error: frontier00415: task 2128: Terminated
srun: error: frontier02685: task 15736: Terminated
srun: error: frontier02686: tasks 15793-15847: Terminated
srun: error: frontier05147: tasks 30632,30635,30639,30646-30647,30650,30653,30655-30656,30658-30660,30664,30667-30671,30674,30677,30679-30680,30682-30683,30685: Terminated
srun: error: frontier05774: task 34384: Terminated
srun: error: frontier07188: task 43064: Terminated
srun: error: frontier07189: tasks 43121-43175: Terminated
srun: error: frontier05539: tasks 33321-33324,33326-33327,33330-33333,33336-33339,33342-33343,33345-33351,33353-33360,33363,33365,33368-33375: Terminated
srun: error: frontier08358: tasks 50625-50679: Terminated
srun: error: frontier08856: tasks 53145-53199: Terminated
srun: error: frontier08363: tasks 50737-50791: Terminated
srun: error: frontier01554: task 8904: Terminated
srun: error: frontier02111: task 12656: Terminated
srun: error: frontier01326: tasks 7785-7839: Terminated
srun: error: frontier03383: tasks 20161-20215: Terminated
srun: error: frontier05267: tasks 31306-31317,31319-31359: Terminated
srun: error: frontier05269: tasks 31361-31415: Terminated
srun: error: frontier05902: tasks 35113-35167: Terminated
srun: error: frontier09363: task 56112: Terminated
srun: error: frontier07315: tasks 43849-43903: Terminated
srun: error: frontier07464: tasks 45137-45191: Terminated
srun: error: frontier07950: tasks 47657-47711: Terminated
srun: error: frontier01819: task 10752: Terminated
srun: error: frontier01261: tasks 7113-7167: Terminated
srun: error: frontier02457: tasks 14561-14615: Terminated
srun: error: frontier03096: tasks 18313-18367: Terminated
srun: error: frontier05148: tasks 30689-30743: Terminated
srun: error: frontier04923: tasks 29513-29567: Terminated
srun: error: frontier06950: tasks 41889-41943: Terminated
srun: error: frontier08210: tasks 49337-49391: Terminated
srun: error: frontier06797: tasks 40769-40823: Terminated
srun: error: frontier07973: tasks 48217-48271: Terminated
srun: error: frontier09239: tasks 55665-55719: Terminated
srun: error: frontier00535: tasks 2744,2747,2749,2757,2759,2763,2765,2767,2772-2773,2775-2777,2781,2783,2787,2789,2791,2799: Terminated
srun: error: frontier00694: tasks 4033-4087: Terminated
srun: error: frontier02192: tasks 12713-12767: Terminated
srun: error: frontier02583: tasks 15233-15287: Terminated
srun: error: frontier03998: tasks 23913-23967: Terminated
srun: error: frontier06670: task 39984: Terminated
srun: error: frontier06671: tasks 40041-40095: Terminated
srun: error: frontier07702: tasks 46257-46311: Terminated
srun: error: frontier08972: task 53704: Terminated
srun: error: frontier08337: tasks 50065-50119: Terminated
srun: error: frontier08343: tasks 50147,50155,50163,50171: Terminated
srun: error: frontier01040: task 5824: Terminated
srun: error: frontier00416: tasks 2185-2239: Terminated
srun: error: frontier00825: tasks 4705-4759: Terminated
srun: error: frontier05285: task 31864: Terminated
srun: error: frontier06564: task 39312: Terminated
srun: error: frontier05537: tasks 33209-33263: Terminated
srun: error: frontier06168: tasks 36961-37015: Terminated
srun: error: frontier08847: task 53032: Terminated
srun: error: frontier07586: tasks 45697-45751: Terminated
srun: error: frontier07198: tasks 43289-43343: Terminated
srun: error: frontier08866: tasks 53201-53229,53231-53255: Terminated
srun: error: frontier00670: task 3976: Terminated
srun: error: frontier01322: tasks 7729-7783: Terminated
srun: error: frontier02724: task 16408: Terminated
srun: error: frontier03997: task 23856: Terminated
srun: error: frontier04879: tasks 28841-28895: Terminated
srun: error: frontier04463: tasks 26433-26487: Terminated
srun: error: frontier08093: task 48664: Terminated
srun: error: frontier06825: tasks 41329-41383: Terminated
srun: error: frontier07880: tasks 47545-47599: Terminated
srun: error: frontier07070: task 42674: Terminated
srun: error: frontier08483: tasks 51353-51407: Terminated
srun: error: frontier08975: tasks 53873,53875-53889,53891,53893,53896-53897,53899-53907,53909-53927: Terminated
srun: error: frontier01045: tasks 5881-5935: Terminated
srun: error: frontier03871: task 23184: Terminated
srun: error: frontier02236: tasks 13385-13439: Terminated
srun: error: frontier03101: tasks 18369-18374,18376,18378-18380,18382,18384-18389,18391-18397,18401-18405,18407,18410-18412,18414,18417-18420,18422-18423: Terminated
srun: error: frontier04768: tasks 28281-28335: Terminated
srun: error: frontier08355: task 50512: Terminated
srun: error: frontier05396: task 32135: Terminated
srun: error: frontier09233: task 55552: Terminated
srun: error: frontier07440: task 44521: Terminated
srun: error: frontier07442: tasks 44577-44631: Terminated
srun: error: frontier08869: tasks 53258,53286,53292,53299-53300,53310: Terminated
srun: error: frontier00537: tasks 2801-2855: Terminated
srun: error: frontier01558: tasks 9055,9060,9063,9071: Terminated
srun: error: frontier04159: task 25088: Terminated
srun: error: frontier05409: task 32536: Terminated
srun: error: frontier06043: tasks 36289-36343: Terminated
srun: error: frontier06437: tasks 38809-38863: Terminated
srun: error: frontier06045: tasks 36401-36455: Terminated
srun: error: frontier07068: tasks 42617-42671: Terminated
srun: error: frontier06296: tasks 37745-37746,37748,37754,37756,37759,37761-37762,37764,37766,37769-37771,37778-37779,37781-37784,37786-37794,37797-37798: Terminated
srun: error: frontier06682: tasks 40265-40267,40269-40319: Terminated
srun: error: frontier09382: tasks 56337-56391: Terminated
srun: error: frontier01822: task 10808: Terminated
srun: error: frontier00424: task 2241: Terminated
srun: error: frontier04256: tasks 25704,25706-25711,25714,25716,25718-25719,25724-25725,25727,25730,25732-25735,25738-25741,25743-25749,25751-25752,25754-25759: Terminated
srun: error: frontier03506: tasks 20833-20887: Terminated
srun: error: frontier03877: tasks 23353-23407: Terminated
srun: error: frontier06567: tasks 39425-39429,39431-39439,39441-39463,39465-39468,39470-39479: Terminated
srun: error: frontier07190: tasks 43177-43231: Terminated
srun: error: frontier06572: tasks 39537-39591: Terminated
srun: error: frontier08600: tasks 51913-51967: Terminated
srun: error: frontier08217: tasks 49505-49559: Terminated
srun: error: frontier08604: task 52026: Terminated
srun: error: frontier01941: task 11424: Terminated
srun: error: frontier01943: tasks 11481-11535: Terminated
srun: error: frontier04822: task 28784: Terminated
srun: error: frontier04640: tasks 27609-27663: Terminated
srun: error: frontier04641: task 27665: Terminated
srun: error: frontier05672: tasks 33881-33935: Terminated
srun: error: frontier06677: tasks 40097-40151: Terminated
srun: error: frontier05905: tasks 35228,35241,35266,35273: Terminated
srun: error: frontier08096: tasks 48833-48887: Terminated
srun: error: frontier07706: tasks 46425-46479: Terminated
srun: error: frontier09120: tasks 55105-55159: Terminated
srun: error: frontier00149: tasks 953-1007: Terminated
srun: error: frontier01435: tasks 8401-8455: Terminated
srun: error: frontier02067: tasks 12153-12207: Terminated
srun: error: frontier04114: tasks 24529-24583: Terminated
srun: error: frontier06790: tasks 40600,40602-40655: Terminated
srun: error: frontier06793: tasks 40657-40711: Terminated
srun: error: frontier07967: task 48104: Terminated
srun: error: frontier08214: tasks 49392-49439,49441-49447: Terminated
srun: error: frontier10128: tasks 56840,56842-56895: Terminated
srun: error: frontier07974: tasks 48273-48327: Terminated
srun: error: frontier01314: task 7672: Terminated
srun: error: frontier00294: tasks 1569-1623: Terminated
srun: error: frontier01169: tasks 6553-6607: Terminated
srun: error: frontier01561: tasks 9073-9127: Terminated
srun: error: frontier02998: tasks 17753-17807: Terminated
srun: error: frontier05813: task 35056: Terminated
srun: error: frontier07313: task 43736: Terminated
srun: error: frontier09112: task 54880: Terminated
srun: error: frontier09366: tasks 56168,56170-56176,56178-56203,56205,56207-56216,56218-56223: Terminated
srun: error: frontier07316: tasks 43905-43959: Terminated
srun: error: frontier07465: tasks 45193-45247: Terminated
srun: error: frontier00802: task 4592: Terminated
srun: error: frontier03275: task 19432: Terminated
srun: error: frontier00657: tasks 3473-3527: Terminated
srun: error: frontier02864: tasks 17081-17135: Terminated
srun: error: frontier03313: tasks 19601-19655: Terminated
srun: error: frontier06167: task 36904: Terminated
srun: error: frontier05155: tasks 30801-30855: Terminated
srun: error: frontier06417: tasks 38249-38303: Terminated
srun: error: frontier07336: tasks 44465-44519: Terminated
srun: error: frontier07842: tasks 46985-47039: Terminated
srun: error: frontier07199: tasks 43345-43399: Terminated
srun: error: frontier09092: tasks 54490,54504: Terminated
srun: error: frontier00026: tasks 337-391: Terminated
srun: error: frontier01723: tasks 10249-10303: Terminated
srun: error: frontier02332: tasks 14001-14055: Terminated
srun: error: frontier06041: task 36232: Terminated
srun: error: frontier05023: tasks 30129-30183: Terminated
srun: error: frontier06292: tasks 37577-37631: Terminated
srun: error: frontier05903: tasks 35169-35223: Terminated
srun: error: frontier06921: tasks 41385-41439: Terminated
srun: error: frontier06444: tasks 38977-39031: Terminated
srun: error: frontier07071: tasks 42730,42733-42736,42742-42744,42750-42752,42758-42762,42766-42768,42770,42773-42776,42781-42783: Terminated
srun: error: frontier00655: tasks 3360,3363,3366-3368,3370-3371,3373-3375,3377-3378,3380-3389,3391,3393-3394,3396-3399,3404-3406,3410-3415: Terminated
srun: error: frontier00823: tasks 4649-4703: Terminated
srun: error: frontier02212: tasks 13329-13383: Terminated
srun: error: frontier02704: tasks 15849-15903: Terminated
srun: error: frontier02459: tasks 14673-14727: Terminated
srun: error: frontier05379: tasks 31977-32031: Terminated
srun: error: frontier05929: tasks 35729-35783: Terminated
srun: error: frontier06951: tasks 41945-41999: Terminated
srun: error: frontier08989: task 54320: Terminated
srun: error: frontier06798: tasks 40825-40879: Terminated
srun: error: frontier06962: tasks 42113-42167: Terminated
srun: error: frontier00274: tasks 1512,1514-1516,1520-1524,1526-1548,1550-1554,1557-1563,1565,1567: Terminated
srun: error: frontier01167: task 6496: Terminated
srun: error: frontier04154: task 25032: Terminated
srun: error: frontier02193: tasks 12769-12823: Terminated
srun: error: frontier03610: tasks 21449-21503: Terminated
srun: error: frontier06822: task 41216: Terminated
srun: error: frontier04642: tasks 27721-27775: Terminated
srun: error: frontier07454: task 45024: Terminated
srun: error: frontier08726: task 52472: Terminated
srun: error: frontier09115: task 54992: Terminated
srun: error: frontier05522: tasks 32873,32878,32884: Terminated
srun: error: frontier08103: tasks 48945-48999: Terminated
srun: error: frontier01667: task 9576: Terminated
srun: error: frontier03090: task 18256: Terminated
srun: error: frontier01835: tasks 10921-10975: Terminated
srun: error: frontier02708: task 15905: Terminated
srun: error: frontier03314: tasks 19657,19661,19663,19665,19667,19670-19671,19674,19678-19681,19687,19689,19694-19696,19698,19702,19705,19710-19711: Terminated
srun: error: frontier05777: tasks 34497-34551: Terminated
srun: error: frontier06171: tasks 37017-37071: Terminated
srun: error: frontier07193: tasks 43233-43287: Terminated
srun: error: frontier07587: tasks 45753-45807: Terminated
srun: error: frontier07851: tasks 47041-47095: Terminated
srun: error: frontier10131: tasks 56953-57007: Terminated
srun: error: frontier02720: task 16352: Terminated
srun: error: frontier00932: tasks 5321-5375: Terminated
srun: error: frontier02997: tasks 17697-17751: Terminated
srun: error: frontier02745: tasks 16521-16575: Terminated
srun: error: frontier07452: task 44912: Terminated
srun: error: frontier05433: tasks 32649-32703: Terminated
srun: error: frontier06438: tasks 38865-38919: Terminated
srun: error: frontier06046: tasks 36457-36511: Terminated
srun: error: frontier07893: tasks 47601-47655: Terminated
srun: error: frontier08102: tasks 48889-48943: Terminated
srun: error: frontier08729: tasks 52641-52695: Terminated
srun: error: frontier02207: task 13272: Terminated
srun: error: frontier01264: tasks 7169-7223: Terminated
srun: error: frontier01680: tasks 9689-9743: Terminated
srun: error: frontier04901: task 29456: Terminated
srun: error: frontier04543: tasks 27049-27103: Terminated
srun: error: frontier07577: task 45584: Terminated
srun: error: frontier05930: tasks 35785-35839: Terminated
srun: error: frontier06418: tasks 38305-38359: Terminated
srun: error: frontier06573: tasks 39593-39647: Terminated
srun: error: frontier06800: tasks 40881-40935: Terminated
srun: error: frontier09240: tasks 55721-55775: Terminated
srun: error: frontier01721: task 10192: Terminated
srun: error: frontier02582: task 15176: Terminated
srun: error: frontier04639: task 27552: Terminated
srun: error: frontier02584: tasks 15289-15343: Terminated
srun: error: frontier04880: tasks 28897-28951: Terminated
srun: error: frontier06823: tasks 41272,41274-41280,41282-41285,41287-41288,41290-41292,41295-41298,41300-41303,41306,41308,41314,41320,41322,41324-41326: Terminated
srun: error: frontier08231: task 49952: Terminated
srun: error: frontier08479: task 51240: Terminated
srun: error: frontier06922: tasks 41441-41495: Terminated
srun: error: frontier07318: tasks 43961-44015: Terminated
srun: error: frontier06925: tasks 41553-41600,41602-41607: Terminated
srun: error: frontier02455: task 14504: Terminated
srun: error: frontier01046: tasks 5937-5991: Terminated
srun: error: frontier02458: tasks 14617-14671: Terminated
srun: error: frontier03876: tasks 23297-23351: Terminated
srun: error: frontier03732: tasks 22121-22175: Terminated
srun: error: frontier05538: tasks 33265-33268,33270-33277,33279-33280,33283-33285,33287-33289,33291,33294-33295,33297-33298,33302-33306,33308,33310,33312-33315,33318-33319: Terminated
srun: error: frontier05162: tasks 30857-30911: Terminated
srun: error: frontier05559: tasks 33377-33431: Terminated
srun: error: frontier05784: tasks 34665-34719: Terminated
srun: error: frontier07588: tasks 45809-45863: Terminated
srun: error: frontier08453: tasks 50793-50847: Terminated
srun: error: frontier08870: tasks 53313,53315-53320,53322-53329,53332-53337,53341-53344,53347-53353,53355-53362,53364-53367: Terminated
srun: error: frontier00027: tasks 393-447: Terminated
srun: error: frontier01328: tasks 7841-7895: Terminated
srun: error: frontier01795: tasks 10361-10415: Terminated
srun: error: frontier03225: tasks 19041-19095: Terminated
srun: error: frontier05270: tasks 31417-31471: Terminated
srun: error: frontier05674: tasks 33937-33991: Terminated
srun: error: frontier06679: tasks 40153-40207: Terminated
srun: error: frontier06047: tasks 36513-36567: Terminated
srun: error: frontier06531: tasks 39033-39087: Terminated
srun: error: frontier08345: task 50177: Terminated
srun: error: frontier01434: task 8344: Terminated
srun: error: frontier00150: tasks 1009-1063: Terminated
srun: error: frontier00870: tasks 4761-4815: Terminated
srun: error: frontier02237: tasks 13441-13495: Terminated
srun: error: frontier06948: task 41832: Terminated
srun: error: frontier04925: tasks 29569-29623: Terminated
srun: error: frontier07823: task 46872: Terminated
srun: error: frontier05397: tasks 32145-32199: Terminated
srun: error: frontier04611: tasks 27273-27284,27286-27296,27298,27300-27321,27324-27327: Terminated
srun: error: frontier05565: tasks 33489-33491,33501-33502,33509,33513,33525-33526,33534,33537-33538,33540: Terminated
srun: error: frontier08218: tasks 49561-49615: Terminated
srun: error: frontier10133: tasks 57009,57039,57047,57063: Terminated
srun: error: frontier00784: tasks 4089-4143: Terminated
srun: error: frontier01170: tasks 6609-6663: Terminated
srun: error: frontier04452: task 26376: Terminated
srun: error: frontier02747: tasks 16577,16584: Terminated
srun: error: frontier08718: task 52360: Terminated
srun: error: frontier05436: tasks 32705-32759: Terminated
srun: error: frontier05058: tasks 30297-30351: Terminated
srun: error: frontier06681: tasks 40209-40263: Terminated
srun: error: frontier09380: task 56280: Terminated
srun: error: frontier07951: tasks 47713-47767: Terminated
srun: error: frontier09383: tasks 56393-56447: Terminated
srun: error: frontier03646: task 21952: Terminated
srun: error: frontier01438: tasks 8457-8511: Terminated
srun: error: frontier02068: tasks 12209-12263: Terminated
srun: error: frontier04284: tasks 25817-25871: Terminated
srun: error: frontier03735: tasks 22177,22184,22201: Terminated
srun: error: frontier08598: task 51800: Terminated
srun: error: frontier06173: tasks 37073-37127: Terminated
srun: error: frontier06420: tasks 38361-38415: Terminated
srun: error: frontier04794: tasks 28562,28570,28578,28585,28594,28600-28602,28610: Terminated
srun: error: frontier07445: tasks 44633-44687: Terminated
srun: error: frontier09101: tasks 54545-54599: Terminated
srun: error: frontier00538: tasks 2857-2911: Terminated
srun: error: frontier00312: tasks 1681-1735: Terminated
srun: error: frontier03385: tasks 20217-20271: Terminated
srun: error: frontier03770: tasks 22737-22791: Terminated
srun: error: frontier04496: tasks 26489-26543: Terminated
srun: error: frontier04889: tasks 29009-29063: Terminated
srun: error: frontier07704: task 46312: Terminated
srun: error: frontier08973: task 53760: Terminated
srun: error: frontier06298: tasks 37801-37855: Terminated
srun: error: frontier08484: tasks 51409-51463: Terminated
srun: error: frontier00656: task 3416: Terminated
srun: error: frontier01826: tasks 10864-10913,10915-10919: Terminated
srun: error: frontier03486: task 20776: Terminated
srun: error: frontier02874: tasks 17137-17191: Terminated
srun: error: frontier03507: tasks 20889-20943: Terminated
srun: error: frontier04117: tasks 24641-24695: Terminated
srun: error: frontier05006: tasks 29625-29679: Terminated
srun: error: frontier08849: task 53088: Terminated
srun: error: frontier04357: tasks 26043,26048,26067,26086: Terminated
srun: error: frontier06030: tasks 35953-36007: Terminated
srun: error: frontier07976: tasks 48329-48383: Terminated
srun: error: frontier00931: task 5264: Terminated
srun: error: frontier00311: tasks 1625-1679: Terminated
srun: error: frontier01946: tasks 11537-11591: Terminated
srun: error: frontier03223: tasks 18985-19039: Terminated
srun: error: frontier04021: tasks 23969-24023: Terminated
srun: error: frontier07066: task 42504: Terminated
srun: error: frontier06293: tasks 37633-37687: Terminated
srun: error: frontier06443: tasks 38921-38975: Terminated
srun: error: frontier05273: tasks 31585-31639: Terminated
srun: error: frontier06048: tasks 36569-36623: Terminated
srun: error: frontier07707: tasks 46481-46535: Terminated
srun: error: frontier09218: tasks 55161-55215: Terminated
srun: error: frontier02066: task 12096: Terminated
srun: error: frontier00658: tasks 3529-3583: Terminated
srun: error: frontier04536: tasks 26992,27007,27012,27014,27023,27028,27030-27031,27043: Terminated
srun: error: frontier04116: tasks 24585-24639: Terminated
srun: error: frontier04769: tasks 28337-28391: Terminated
srun: error: frontier05779: tasks 34553-34607: Terminated
srun: error: frontier05934: tasks 35841-35895: Terminated
srun: error: frontier09235: task 55608: Terminated
srun: error: frontier05786: tasks 34721-34775: Terminated
srun: error: frontier07202: tasks 43401-43455: Terminated
srun: error: frontier08620: tasks 52081-52135: Terminated
srun: error: frontier03176: task 18872: Terminated
srun: error: frontier00933: tasks 5377-5431: Terminated
srun: error: frontier02333: tasks 14057-14111: Terminated
srun: error: frontier07210: task 43680: Terminated
srun: error: frontier03389: tasks 20329-20383: Terminated
srun: error: frontier04644: tasks 27777-27831: Terminated
srun: error: frontier05675: tasks 33993-34047: Terminated
srun: error: frontier05906: tasks 35281-35335: Terminated
srun: error: frontier04038: task 24296: Terminated
srun: error: frontier06299: tasks 37858,37870,37878: Terminated
srun: error: frontier08346: tasks 50233-50287: Terminated
srun: error: frontier02850: task 17024: Terminated
srun: error: frontier00432: tasks 2297-2351: Terminated
srun: error: frontier01841: tasks 10977-11031: Terminated
srun: error: frontier02460: tasks 14729-14783: Terminated
srun: error: frontier07326: task 44352: Terminated
srun: error: frontier04119: tasks 24697-24751: Terminated
srun: error: frontier07971: task 48160: Terminated
srun: error: frontier05562: tasks 33433-33487: Terminated
srun: error: frontier06175: tasks 37185-37230,37232-37239: Terminated
srun: error: frontier07853: tasks 47097-47151: Terminated
srun: error: frontier07590: tasks 45921-45975: Terminated
srun: error: frontier03382: task 20104: Terminated
srun: error: frontier03768: task 22624: Terminated
srun: error: frontier01562: tasks 9129-9183: Terminated
srun: error: frontier03001: tasks 17809-17863: Terminated
srun: error: frontier05024: tasks 30185-30239: Terminated
srun: error: frontier08885: task 53648: Terminated
srun: error: frontier04891: tasks 29065-29119: Terminated
srun: error: frontier05691: tasks 34049-34103: Terminated
srun: error: frontier06923: tasks 41497-41551: Terminated
srun: error: frontier06683: tasks 40321-40375: Terminated
srun: error: frontier02065: task 12040: Terminated
srun: error: frontier09384: tasks 56449,56456,56462,56474: Terminated
srun: error: frontier01285: tasks 7225-7279: Terminated
srun: error: frontier05534: task 33152: Terminated
srun: error: frontier03107: tasks 18425-18479: Terminated
srun: error: frontier03509: tasks 20945-20946,20948,20950,20952-20953,20955,20957,20959-20960,20962,20965-20966,20968-20970,20976,20978-20981,20983-20992,20994,20998: Terminated
srun: error: frontier04787: tasks 28393-28447: Terminated
srun: error: frontier05163: tasks 30913-30967: Terminated
srun: error: frontier05165: tasks 30969,30974-30975,30978,30981,30984-30985,30988,30993,31002,31006,31012-31013,31016: Terminated
srun: error: frontier06574: tasks 39649-39703: Terminated
srun: error: frontier07058: tasks 42169-42223: Terminated
srun: error: frontier01556: task 8960: Terminated
srun: error: frontier02331: task 13944: Terminated
srun: error: frontier00028: tasks 449-503: Terminated
srun: error: frontier05022: task 30072: Terminated
srun: error: frontier06431: task 38752: Terminated
srun: error: frontier04229: tasks 25257-25311: Terminated
srun: error: frontier03613: tasks 21617-21671: Terminated
srun: error: frontier03614: tasks 21673,21679,21681,21695-21696,21698,21700,21702-21703,21706,21708-21709,21716-21719,21721,21724,21726-21727: Terminated
srun: error: frontier05060: tasks 30353-30407: Terminated
srun: error: frontier05912: tasks 35337-35391: Terminated
srun: error: frontier07468: tasks 45249-45303: Terminated
srun: error: frontier08976: tasks 53929-53983: Terminated
srun: error: frontier03485: task 20720: Terminated
srun: error: frontier03312: task 19544: Terminated
srun: error: frontier01050: tasks 6049-6103: Terminated
srun: error: frontier05149: task 30744: Terminated
srun: error: frontier03897: tasks 23409-23463: Terminated
srun: error: frontier08357: task 50568: Terminated
srun: error: frontier04300: tasks 25985-26039: Terminated
srun: error: frontier05400: tasks 32201-32255: Terminated
srun: error: frontier06422: tasks 38417-38471: Terminated
srun: error: frontier00024: task 280: Terminated
srun: error: frontier09241: tasks 55777-55831: Terminated
srun: error: frontier02982: task 17640: Terminated
srun: error: frontier01724: tasks 10305-10359: Terminated
srun: error: frontier02196: tasks 12825-12879: Terminated
srun: error: frontier03611: tasks 21505-21559: Terminated
srun: error: frontier07873: task 47432: Terminated
srun: error: frontier04505: tasks 26545-26599: Terminated
srun: error: frontier04668: tasks 27833-27887: Terminated
srun: error: frontier03862: tasks 22961,22963-22966,22969-22970,22972-22978,22980-22985,22987,22989-22990,22992,22994,22996-22999,23002,23004-23006,23008-23009,23012-23015: Terminated
srun: error: frontier05274: tasks 31641-31695: Terminated
srun: error: frontier07320: tasks 44017-44071: Terminated
srun: error: frontier07076: tasks 42843,42845-42847,42849-42851,42853-42855,42858-42859,42861-42863,42865-42867,42869-42873,42875-42880,42882,42884,42886-42890,42894-42895: Terminated
srun: error: frontier02686: task 15792: Terminated
srun: error: frontier01049: tasks 5993-6047: Terminated
srun: error: frontier01439: tasks 8513-8514,8516,8519-8525,8527,8530-8532,8534-8535,8537,8539,8543-8547,8549-8550,8552-8559,8563,8565-8567: Terminated
srun: error: frontier02320: tasks 13497-13551: Terminated
srun: error: frontier08206: task 49280: Terminated
srun: error: frontier03899: tasks 23465-23519: Terminated
srun: error: frontier05010: tasks 29681-29735: Terminated
srun: error: frontier08362: task 50680: Terminated
srun: error: frontier05401: tasks 32257-32311: Terminated
srun: error: frontier06176: tasks 37241-37295: Terminated
srun: error: frontier08464: tasks 50849-50903: Terminated
srun: error: frontier09102: tasks 54601-54655: Terminated
srun: error: frontier00785: tasks 4145-4199: Terminated
srun: error: frontier01330: tasks 7897-7951: Terminated
srun: error: frontier01950: tasks 11649-11703: Terminated
srun: error: frontier04888: tasks 28953-29007: Terminated
srun: error: frontier05271: tasks 31473-31527: Terminated
srun: error: frontier08336: task 50008: Terminated
srun: error: frontier04892: tasks 29121-29175: Terminated
srun: error: frontier09116: task 55048: Terminated
srun: error: frontier06542: tasks 39089-39143: Terminated
srun: error: frontier08105: tasks 49001-49055: Terminated
srun: error: frontier01669: tasks 9632,9672: Terminated
srun: error: frontier03873: tasks 23240,23246,23249,23261,23267,23269,23271,23275,23277-23278,23280-23281,23286,23291,23295: Terminated
srun: error: frontier01682: tasks 9745-9799: Terminated
srun: error: frontier05928: task 35672: Terminated
srun: error: frontier04554: tasks 27105-27159: Terminated
srun: error: frontier03736: tasks 22233-22287: Terminated
srun: error: frontier08599: task 51856: Terminated
srun: error: frontier06174: tasks 37129-37183: Terminated
srun: error: frontier04626: tasks 27329-27383: Terminated
srun: error: frontier05018: tasks 29856,29861,29901: Terminated
srun: error: frontier06177: task 37297: Terminated
srun: error: frontier07858: tasks 47209-47211,47216,47225-47226,47228,47232-47234,47240,47242,47246,47248-47250,47252,47257-47258: Terminated
srun: error: frontier04428: task 26320: Terminated
srun: error: frontier05811: task 35000: Terminated
srun: error: frontier03388: tasks 20273-20327: Terminated
srun: error: frontier04023: tasks 24025-24079: Terminated
srun: error: frontier08094: task 48720: Terminated
srun: error: frontier03856: tasks 22905-22959: Terminated
srun: error: frontier08727: task 52528: Terminated
srun: error: frontier05133: tasks 30409-30463: Terminated
srun: error: frontier07074: tasks 42785-42839: Terminated
srun: error: frontier01261: task 7112: Terminated
srun: error: frontier08581: tasks 51521-51575: Terminated
srun: error: frontier04900: task 29400: Terminated
srun: error: frontier04767: task 28224: Terminated
srun: error: frontier02074: tasks 12265-12319: Terminated
srun: error: frontier02710: tasks 16017-16071: Terminated
srun: error: frontier07583: task 45640: Terminated
srun: error: frontier04790: tasks 28449-28503: Terminated
srun: error: frontier06019: tasks 35897-35951: Terminated
srun: error: frontier08602: task 51968: Terminated
srun: error: frontier07589: tasks 45865-45919: Terminated
srun: error: frontier08219: tasks 49617-49671: Terminated
srun: error: frontier01326: task 7784: Terminated
srun: error: frontier00539: tasks 2913-2967: Terminated
srun: error: frontier00540: tasks 2969-3023: Terminated
srun: error: frontier01796: tasks 10417-10471: Terminated
srun: error: frontier02831: tasks 16633,16636,16645,16647-16649,16655,16657-16658,16660,16662,16667-16669,16673,16677,16680,16684-16685,16687: Terminated
srun: error: frontier05052: tasks 30241-30295: Terminated
srun: error: frontier05516: tasks 32761-32815: Terminated
srun: error: frontier05521: tasks 32817-32871: Terminated
srun: error: frontier05694: tasks 34105-34159: Terminated
srun: error: frontier05523: tasks 32929-32983: Terminated
srun: error: frontier08730: tasks 52697-52751: Terminated
srun: error: frontier09219: tasks 55217-55271: Terminated
srun: error: frontier00151: tasks 1065-1119: Terminated
srun: error: frontier00876: tasks 4817-4871: Terminated
srun: error: frontier02875: tasks 17193-17247: Terminated
srun: error: frontier04297: tasks 25873-25927: Terminated
srun: error: frontier04568: tasks 27161-27215: Terminated
srun: error: frontier04120: tasks 24753-24807: Terminated
srun: error: frontier09005: task 54376: Terminated
srun: error: frontier05166: tasks 31025-31079: Terminated
srun: error: frontier06802: tasks 40937-40991: Terminated
srun: error: frontier07446: tasks 44689-44743: Terminated
srun: error: frontier08872: tasks 53369-53423: Terminated
srun: error: frontier03605: task 21392: Terminated
srun: error: frontier01175: tasks 6665-6719: Terminated
srun: error: frontier02585: tasks 15345-15399: Terminated
srun: error: frontier03251: tasks 19097-19151: Terminated
srun: error: frontier03390: tasks 20385-20439: Terminated
srun: error: frontier09113: task 54936: Terminated
srun: error: frontier04243: task 25425: Terminated
srun: error: frontier04893: tasks 29177-29231: Terminated
srun: error: frontier04245: tasks 25537-25543,25545-25546,25548-25562,25565-25571,25573-25574,25577-25580,25582-25585,25587-25591: Terminated
srun: error: frontier07953: tasks 47769-47823: Terminated
srun: error: frontier02457: task 14560: Terminated
srun: error: frontier04111: task 24472: Terminated
srun: error: frontier04277: tasks 25760,25762-25800,25802-25815: Terminated
srun: error: frontier01298: tasks 7337-7391: Terminated
srun: error: frontier02461: tasks 14785-14839: Terminated
srun: error: frontier02877: tasks 17305-17359: Terminated
srun: error: frontier03138: tasks 18593-18647: Terminated
srun: error: frontier04122: tasks 24809-24863: Terminated
srun: error: frontier10129: task 56896: Terminated
srun: error: frontier06031: tasks 36009-36063: Terminated
srun: error: frontier00694: task 4032: Terminated
srun: error: frontier02192: task 12712: Terminated
srun: error: frontier02727: task 16464: Terminated
srun: error: frontier00399: tasks 1737-1791: Terminated
srun: error: frontier05670: task 33824: Terminated
srun: error: frontier03777: tasks 22793-22847: Terminated
srun: error: frontier04241: tasks 25313-25367: Terminated
srun: error: frontier05272: tasks 31529-31583: Terminated
srun: error: frontier02593: tasks 15569,15612: Terminated
srun: error: frontier08974: task 53816: Terminated
srun: error: frontier05920: tasks 35396,35398-35400,35404,35407-35408,35411,35413-35417,35419-35420,35423-35426,35429-35433,35435,35437,35439-35440,35445-35446: Terminated
srun: error: frontier08485: tasks 51465-51519: Terminated
srun: error: frontier08347: tasks 50289-50343: Terminated
srun: error: frontier03647: tasks 22008-22054,22056-22062: Terminated
srun: error: frontier00659: tasks 3585-3639: Terminated
srun: error: frontier02709: tasks 15961-16015: Terminated
srun: error: frontier02876: tasks 17249,17253,17277: Terminated
srun: error: frontier04299: tasks 25929-25983: Terminated
srun: error: frontier03900: tasks 23521-23575: Terminated
srun: error: frontier05013: tasks 29737-29791: Terminated
srun: error: frontier04376: tasks 26097-26151: Terminated
srun: error: frontier06576: tasks 39705-39759: Terminated
srun: error: frontier06425: tasks 38529-38583: Terminated
srun: error: frontier08621: tasks 52137-52191: Terminated
srun: error: frontier03191: tasks 18928-18929,18931-18934,18936-18942,18944,18946-18960,18963-18966,18968-18969,18973-18974,18976-18982: Terminated
srun: error: frontier01947: tasks 11593-11647: Terminated
srun: error: frontier02197: tasks 12881-12935: Terminated
srun: error: frontier03003: tasks 17865-17919: Terminated
srun: error: frontier07314: task 43792: Terminated
srun: error: frontier04032: tasks 24137,24141,24144-24146,24149,24151-24154,24158-24161,24165-24169,24172-24174,24176-24177,24181,24183-24185: Terminated
srun: error: frontier04671: tasks 27889-27943: Terminated
srun: error: frontier03863: tasks 23017-23071: Terminated
srun: error: frontier05275: tasks 31697-31751: Terminated
srun: error: frontier07321: tasks 44073,44094-44095,44113: Terminated
srun: error: frontier08980: tasks 53985-54039: Terminated
srun: error: frontier03096: task 18312: Terminated
srun: error: frontier05306: task 31920: Terminated
srun: error: frontier01842: tasks 11033-11087: Terminated
srun: error: frontier03317: tasks 19713-19767: Terminated
srun: error: frontier03517: tasks 21001-21055: Terminated
srun: error: frontier04572: tasks 27217-27271: Terminated
srun: error: frontier08215: task 49448: Terminated
srun: error: frontier03907: tasks 23633-23640,23642-23645,23647-23654,23656-23657,23659-23674,23676-23680,23682-23687: Terminated
srun: error: frontier04628: tasks 27386,27439: Terminated
srun: error: frontier07977: tasks 48385-48439: Terminated
srun: error: frontier10134: tasks 57065-57119: Terminated
srun: error: frontier09345: tasks 55889-55943: Terminated
srun: error: frontier04162: task 25144: Terminated
srun: error: frontier02334: tasks 14113-14167: Terminated
srun: error: frontier07698: task 46200: Terminated
srun: error: frontier03254: tasks 19153-19207: Terminated
srun: error: frontier04508: tasks 26601-26655: Terminated
srun: error: frontier08480: task 51296: Terminated
srun: error: frontier04679: tasks 27945-27999: Terminated
srun: error: frontier06049: tasks 36625-36679: Terminated
srun: error: frontier00416: task 2184: Terminated
srun: error: frontier00825: task 4704: Terminated
srun: error: frontier09220: tasks 55277,55293,55301: Terminated
srun: error: frontier01295: tasks 7281-7335: Terminated
srun: error: frontier01459: tasks 8569-8570,8572,8577,8579,8587-8589,8591-8595,8597,8600-8607,8609-8610,8613-8614,8617-8621: Terminated
srun: error: frontier01460: tasks 8625-8679: Terminated
srun: error: frontier02711: tasks 16073-16127: Terminated
srun: error: frontier03737: tasks 22289-22343: Terminated
srun: error: frontier03354: tasks 19881-19935: Terminated
srun: error: frontier03576: tasks 21169-21223: Terminated
srun: error: frontier05787: tasks 34777-34831: Terminated
srun: error: frontier07203: tasks 43457-43511: Terminated
srun: error: frontier09242: tasks 55833-55887: Terminated
srun: error: frontier03383: task 20160: Terminated
srun: error: frontier00955: tasks 5433-5487: Terminated
srun: error: frontier06291: task 37520: Terminated
srun: error: frontier02198: tasks 12937-12991: Terminated
srun: error: frontier04024: tasks 24081-24135: Terminated
srun: error: frontier04242: tasks 25369-25423: Terminated
srun: error: frontier04511: tasks 26657-26711: Terminated
srun: error: frontier08728: tasks 52584,52587,52593-52594,52617,52629-52630: Terminated
srun: error: frontier05138: tasks 30465-30519: Terminated
srun: error: frontier07708: tasks 46537-46591: Terminated
srun: error: frontier08106: tasks 49057-49111: Terminated
srun: error: frontier08585: tasks 51577-51631: Terminated
srun: error: frontier00444: tasks 2353-2407: Terminated
srun: error: frontier01053: tasks 6105-6159: Terminated
srun: error: frontier03120: tasks 18481-18535: Terminated
srun: error: frontier06796: task 40712: Terminated
srun: error: frontier06959: task 42000: Terminated
srun: error: frontier04793: tasks 28505-28559: Terminated
srun: error: frontier04125: tasks 24865-24919: Terminated
srun: error: frontier06423: tasks 38473-38527: Terminated
srun: error: frontier01322: task 7728: Terminated
srun: error: frontier07591: tasks 45977-46031: Terminated
srun: error: frontier02583: task 15232: Terminated
srun: error: frontier00070: tasks 505-559: Terminated
srun: error: frontier01563: tasks 9185-9239: Terminated
srun: error: frontier01957: tasks 11705-11759: Terminated
srun: error: frontier07067: task 42560: Terminated
srun: error: frontier07455: task 45080: Terminated
srun: error: frontier03617: tasks 21729-21783: Terminated
srun: error: frontier04514: tasks 26713-26767: Terminated
srun: error: frontier03864: tasks 23073-23077,23080-23084,23088-23090,23092,23094,23096-23097,23100,23102,23104-23105,23107-23110,23115-23117,23119-23121,23123-23124,23126: Terminated
srun: error: frontier06926: tasks 41609-41663: Terminated
srun: error: frontier07954: tasks 47825-47879: Terminated
srun: error: frontier02236: task 13384: Terminated
srun: error: frontier03648: task 22064: Terminated
srun: error: frontier05775: task 34440: Terminated
srun: error: frontier02321: tasks 13553-13607: Terminated
srun: error: frontier07327: task 44408: Terminated
srun: error: frontier02880: tasks 17361-17415: Terminated
srun: error: frontier03904: tasks 23577-23631: Terminated
srun: error: frontier05017: tasks 29793-29847: Terminated
srun: error: frontier05202: tasks 31081-31082,31084,31090-31096,31098,31103,31106,31109-31110,31113,31115-31116,31118-31119,31122-31124,31126,31128-31130,31132-31135: Terminated
srun: error: frontier05792: tasks 34833,34856-34857,34873: Terminated
srun: error: frontier08466: tasks 50905-50959: Terminated
srun: error: frontier09107: tasks 54657-54711: Terminated
srun: error: frontier05267: task 31304: Terminated
srun: error: frontier05411: task 32592: Terminated
srun: error: frontier03612: tasks 21561-21615: Terminated
srun: error: frontier03780: tasks 22849-22903: Terminated
srun: error: frontier03392: tasks 20441-20495: Terminated
srun: error: frontier09371: task 56224: Terminated
srun: error: frontier03268: tasks 19321,19324-19328,19334-19335,19339-19340,19342,19347,19349,19352,19356,19358-19360,19363-19365,19367,19371,19374: Terminated
srun: error: frontier05703: tasks 34161-34215: Terminated
srun: error: frontier06553: tasks 39145,39147-39148,39150-39157,39159-39161,39164-39168,39170-39180,39182,39184-39194,39197-39199: Terminated
srun: error: frontier08731: tasks 52753-52807: Terminated
srun: error: frontier09385: tasks 56505-56559: Terminated
srun: error: frontier00152: tasks 1121-1175: Terminated
srun: error: frontier01683: tasks 9801-9855: Terminated
srun: error: frontier05380: tasks 32032,32055: Terminated
srun: error: frontier02462: tasks 14841-14895: Terminated
srun: error: frontier07839: task 46928: Terminated
srun: error: frontier03141: tasks 18649-18703: Terminated
srun: error: frontier09091: tasks 54432-54434,54436-54455,54457-54487: Terminated
srun: error: frontier05653: tasks 33545-33599: Terminated
srun: error: frontier07854: tasks 47153-47207: Terminated
srun: error: frontier01943: task 11480: Terminated
srun: error: frontier08875: tasks 53425-53479: Terminated
srun: error: frontier00786: tasks 4201-4255: Terminated
srun: error: frontier00541: tasks 3025-3079: Terminated
srun: error: frontier06044: task 36344: Terminated
srun: error: frontier03004: tasks 17921-17975: Terminated
srun: error: frontier03260: tasks 19209-19263: Terminated
srun: error: frontier02449: task 14339: Terminated
srun: error: frontier03639: tasks 21785-21839: Terminated
srun: error: frontier04515: tasks 26773,26777-26779,26784-26785,26787,26793,26798,26800,26802-26803,26807,26809-26812,26815,26817-26819: Terminated
srun: error: frontier07569: tasks 45305-45359: Terminated
srun: error: frontier07077: tasks 42897-42951: Terminated
srun: error: frontier08348: tasks 50345-50399: Terminated
srun: error: frontier05148: task 30688: Terminated
srun: error: frontier00912: tasks 4873-4927: Terminated
srun: error: frontier01055: tasks 6190,6194: Terminated
srun: error: frontier03344: tasks 19769-19823: Terminated
srun: error: frontier01927: tasks 11201-11255: Terminated
srun: error: frontier02963: tasks 17417-17471: Terminated
srun: error: frontier02096: task 12546: Terminated
srun: error: frontier04795: tasks 28617-28671: Terminated
srun: error: frontier07059: tasks 42225-42279: Terminated
srun: error: frontier08223: tasks 49673-49727: Terminated
srun: error: frontier08087: tasks 48497-48551: Terminated
srun: error: frontier10138: task 57177: Terminated
srun: error: frontier01397: tasks 7953-8007: Terminated
srun: error: frontier01808: tasks 10473-10527: Terminated
srun: error: frontier02199: tasks 12993-13047: Terminated
srun: error: frontier02448: tasks 14281-14335: Terminated
srun: error: frontier03393: tasks 20497-20551: Terminated
srun: error: frontier02846: tasks 16857-16911: Terminated
srun: error: frontier04894: tasks 29233-29287: Terminated
srun: error: frontier01045: task 5880: Terminated
srun: error: frontier05922: tasks 35505,35507,35509-35510,35512,35520,35522,35528,35530-35531,35533,35539,35543-35544,35547,35550-35551: Terminated
srun: error: frontier02067: task 12152: Terminated
srun: error: frontier03506: task 20832: Terminated
srun: error: frontier06565: task 39368: Terminated
srun: error: frontier02076: tasks 12321-12375: Terminated
srun: error: frontier01687: tasks 9913-9967: Terminated
srun: error: frontier02712: tasks 16129-16183: Terminated
srun: error: frontier08856: task 53144: Terminated
srun: error: frontier03355: tasks 19937-19991: Terminated
srun: error: frontier03577: tasks 21225-21258,21260-21279: Terminated
srun: error: frontier00537: task 2800: Terminated
srun: error: frontier07449: tasks 44745-44799: Terminated
srun: error: frontier10136: tasks 57121-57175: Terminated
srun: error: frontier03998: task 23912: Terminated
srun: error: frontier01176: tasks 6721-6775: Terminated
srun: error: frontier02586: tasks 15401-15455: Terminated
srun: error: frontier07874: task 47488: Terminated
srun: error: frontier08095: task 48776: Terminated
srun: error: frontier07705: task 46368: Terminated
srun: error: frontier07950: task 47656: Terminated
srun: error: frontier04040: tasks 24305-24359: Terminated
srun: error: frontier06684: tasks 40377-40431: Terminated
srun: error: frontier06929: tasks 41665-41719: Terminated
srun: error: frontier08108: tasks 49113-49167: Terminated
srun: error: frontier08595: tasks 51633,51635-51639,51643,51645-51647,51649,51651-51652,51655-51657,51661-51666,51668-51669,51673-51674,51677,51679,51681-51682,51684,51686-51687: Terminated
srun: error: frontier00660: tasks 3641-3695: Terminated
srun: error: frontier06321: task 38192: Terminated
srun: error: frontier02325: tasks 13609-13663: Terminated
srun: error: frontier03527: tasks 21057-21111: Terminated
srun: error: frontier03738: tasks 22345-22399: Terminated
srun: error: frontier08363: task 50736: Terminated
srun: error: frontier05402: tasks 32313-32367: Terminated
srun: error: frontier06032: tasks 36065-36119: Terminated
srun: error: frontier06178: tasks 37353-37360,37362,37364,37367,37369-37372,37376-37386,37388,37391-37394,37396,37399,37401-37404,37406-37407: Terminated
srun: error: frontier07859: tasks 47265-47319: Terminated
srun: error: frontier03769: tasks 22680,22682,22688,22690,22698,22702,22706-22707,22714,22719,22722,22724,22727,22731,22734-22735: Terminated
srun: error: frontier00400: tasks 1793-1847: Terminated
srun: error: frontier07453: task 44968: Terminated
srun: error: frontier02834: tasks 16689-16743: Terminated
srun: error: frontier03020: tasks 17977-18031: Terminated
srun: error: frontier04036: tasks 24193-24247: Terminated
srun: error: frontier04244: tasks 25481-25535: Terminated
srun: error: frontier04680: tasks 28001-28055: Terminated
srun: error: frontier06300: tasks 37913-37967: Terminated
srun: error: frontier07711: tasks 46593-46647: Terminated
srun: error: frontier08984: tasks 54041-54095: Terminated
srun: error: frontier08733: tasks 52865-52919: Terminated
srun: error: frontier00447: tasks 2409-2463: Terminated
srun: error: frontier07189: task 43120: Terminated
srun: error: frontier01463: tasks 8681-8684,8687-8717,8719-8724,8728-8734: Terminated
srun: error: frontier08358: task 50624: Terminated
srun: error: frontier03563: tasks 21113-21167: Terminated
srun: error: frontier09239: task 55664: Terminated
srun: error: frontier04399: tasks 26153-26207: Terminated
srun: error: frontier06577: tasks 39761-39815: Terminated
srun: error: frontier06658: tasks 39817-39871: Terminated
srun: error: frontier08622: tasks 52193-52247: Terminated
srun: error: frontier04879: task 28840: Terminated
srun: error: frontier00071: tasks 561-615: Terminated
srun: error: frontier02364: tasks 14169-14223: Terminated
srun: error: frontier01970: tasks 11761-11815: Terminated
srun: error: frontier02835: tasks 16745-16799: Terminated
srun: error: frontier03263: tasks 19265-19319: Terminated
srun: error: frontier03474: tasks 20553-20607: Terminated
srun: error: frontier03052: tasks 18145-18199: Terminated
srun: error: frontier00149: task 952: Terminated
srun: error: frontier01435: task 8400: Terminated
srun: error: frontier02864: task 17080: Terminated
srun: error: frontier04114: task 24528: Terminated
srun: error: frontier04923: task 29512: Terminated
srun: error: frontier01299: tasks 7393-7447: Terminated
srun: error: frontier06571: task 39480: Terminated
srun: error: frontier02463: tasks 14897-14951: Terminated
srun: error: frontier02713: tasks 16185-16239: Terminated
srun: error: frontier03158: tasks 18705-18759: Terminated
srun: error: frontier03740: tasks 22457,22464: Terminated
srun: error: frontier05659: tasks 33601-33653,33655: Terminated
srun: error: frontier07206: tasks 43513-43567: Terminated
srun: error: frontier08471: tasks 50961-51015: Terminated
srun: error: frontier04640: task 27608: Terminated
srun: error: frontier00991: tasks 5489-5543: Terminated
srun: error: frontier00789: tasks 4313-4367: Terminated
srun: error: frontier02587: tasks 15457-15511: Terminated
srun: error: frontier07315: task 43848: Terminated
srun: error: frontier07464: task 45136: Terminated
srun: error: frontier02617: tasks 15625-15679: Terminated
srun: error: frontier09382: task 56336: Terminated
srun: error: frontier05704: tasks 34217-34271: Terminated
srun: error: frontier07570: tasks 45361-45415: Terminated
srun: error: frontier07323: tasks 44185-44239: Terminated
srun: error: frontier03101: tasks 18368,18375,18377,18381,18383,18390,18398-18400,18406,18408-18409,18413,18415-18416,18421: Terminated
srun: error: frontier00153: tasks 1177-1231: Terminated
srun: error: frontier01848: tasks 11089-11143: Terminated
srun: error: frontier03123: tasks 18537-18591: Terminated
srun: error: frontier03353: tasks 19825-19879: Terminated
srun: error: frontier07973: task 48216: Terminated
srun: error: frontier03739: tasks 22401-22455: Terminated
srun: error: frontier04147: tasks 24921-24975: Terminated
srun: error: frontier06803: tasks 40993-41047: Terminated
srun: error: frontier08068: tasks 48441-48495: Terminated
srun: error: frontier01561: task 9072: Terminated
srun: error: frontier09358: tasks 55945-55999: Terminated
srun: error: frontier05269: task 31360: Terminated
srun: error: frontier01565: tasks 9241-9295: Terminated
srun: error: frontier01809: tasks 10529-10583: Terminated
srun: error: frontier01974: tasks 11817-11871: Terminated
srun: error: frontier02203: tasks 13105-13159: Terminated
srun: error: frontier02052: tasks 11930,11932,11934-11935,11937-11938,11940-11941,11943-11949,11951-11954,11957-11959,11961-11962,11964,11966-11970,11972-11978,11980-11981,11983: Terminated
srun: error: frontier03644: tasks 21841-21895: Terminated
srun: error: frontier05145: tasks 30521,30523,30526-30527,30529,30531-30537,30543,30547,30550-30553,30558-30559,30561,30566-30569,30572-30575: Terminated
srun: error: frontier06685: tasks 40433-40487: Terminated
srun: error: frontier08732: tasks 52809-52863: Terminated
srun: error: frontier09386: tasks 56561-56615: Terminated
srun: error: frontier05537: task 33208: Terminated
srun: error: frontier00914: tasks 4929-4983: Terminated
srun: error: frontier02077: tasks 12377-12431: Terminated
srun: error: frontier05780: tasks 34608,34610-34663: Terminated
srun: error: frontier06960: tasks 42056,42062,42072,42078,42098,42103,42108: Terminated
srun: error: frontier00929: tasks 5154,5160,5162,5170,5178,5182,5186,5192,5203: Terminated
srun: error: frontier02967: task 17575: Terminated
srun: error: frontier05019: tasks 29905-29959: Terminated
srun: error: frontier01169: task 6552: Terminated
srun: error: frontier07594: tasks 46033-46087: Terminated
srun: error: frontier08088: tasks 48553-48558,48560-48565,48567-48582,48584-48585,48588-48589,48591-48592,48595-48603,48605-48607: Terminated
srun: error: frontier00788: tasks 4257-4311: Terminated
srun: error: frontier05902: task 35112: Terminated
srun: error: frontier00568: task 3138: Terminated
srun: error: frontier02200: tasks 13049-13103: Terminated
srun: error: frontier03024: tasks 18033-18087: Terminated
srun: error: frontier02450: tasks 14393-14447: Terminated
srun: error: frontier02848: tasks 16913-16967: Terminated
srun: error: frontier05525: tasks 32985-33039: Terminated
srun: error: frontier00657: task 3472: Terminated
srun: error: frontier07959: tasks 47881-47935: Terminated
srun: error: frontier03313: task 19600: Terminated
srun: error: frontier04768: task 28280: Terminated
srun: error: frontier00154: tasks 1233-1287: Terminated
srun: error: frontier08210: task 49336: Terminated
srun: error: frontier01688: tasks 9969-10023: Terminated
srun: error: frontier01935: tasks 11257-11311: Terminated
srun: error: frontier02966: tasks 17473-17527: Terminated
srun: error: frontier03356: tasks 19993-20047: Terminated
srun: error: frontier04797: tasks 28673-28727: Terminated
srun: error: frontier06426: tasks 38585-38639: Terminated
srun: error: frontier02332: task 14000: Terminated
srun: error: frontier09108: tasks 54713-54767: Terminated
srun: error: frontier04163: tasks 25200,25203-25204,25206,25208,25210,25212,25218-25220,25222,25224,25226-25236,25240-25247,25250,25252,25254: Terminated
srun: error: frontier01413: tasks 8009-8063: Terminated
srun: error: frontier01011: tasks 5601-5655: Terminated
srun: error: frontier06294: tasks 37688,37691-37694,37696,37700-37701,37704,37707,37709-37710,37712-37716,37718,37720-37721,37723,37729,37732,37734,37738,37740-37743: Terminated
srun: error: frontier08337: task 50064: Terminated
srun: error: frontier01430: tasks 8233-8238,8240-8245,8247-8249,8251-8260,8263-8268,8270,8272,8274-8277,8279-8285: Terminated
srun: error: frontier09120: task 55104: Terminated
srun: error: frontier04516: tasks 26825-26879: Terminated
srun: error: frontier02212: task 13328: Terminated
srun: error: frontier07186: tasks 42953-43007: Terminated
srun: error: frontier07573: tasks 45473-45527: Terminated
srun: error: frontier03877: task 23352: Terminated
srun: error: frontier01684: tasks 9857-9911: Terminated
srun: error: frontier01301: tasks 7449-7503: Terminated
srun: error: frontier02326: tasks 13665-13719: Terminated
srun: error: frontier02079: tasks 12489,12492,12501,12505-12506,12522,12524-12526,12529-12530,12542: Terminated
srun: error: frontier02718: tasks 16241-16295: Terminated
srun: error: frontier02329: tasks 13833-13887: Terminated
srun: error: frontier00294: task 1568: Terminated
srun: error: frontier07060: tasks 42281-42335: Terminated
srun: error: frontier07061: task 42375: Terminated
srun: error: frontier02998: task 17752: Terminated
srun: error: frontier04463: task 26432: Terminated
srun: error: frontier06671: task 40040: Terminated
srun: error: frontier01567: tasks 9297-9351: Terminated
srun: error: frontier01181: tasks 6889-6943: Terminated
srun: error: frontier01428: tasks 8177-8231: Terminated
srun: error: frontier01210: tasks 7001-7027,7029-7055: Terminated
srun: error: frontier03475: tasks 20609-20663: Terminated
srun: error: frontier05276: tasks 31753-31807: Terminated
srun: error: frontier07322: tasks 44129-44183: Terminated
srun: error: frontier02704: task 15848: Terminated
srun: error: frontier09229: tasks 55329-55383: Terminated
srun: error: frontier08986: tasks 54153-54207: Terminated
srun: error: frontier06950: task 41888: Terminated
srun: error: frontier01056: tasks 6217-6271: Terminated
srun: error: frontier06797: task 40768: Terminated
srun: error: frontier07198: task 43288: Terminated
srun: error: frontier01936: tasks 11313-11367: Terminated
srun: error: frontier03170: tasks 18761-18815: Terminated
srun: error: frontier04400: tasks 26209,26211-26225,26227-26228,26230-26239,26241-26242,26244-26245,26247-26263: Terminated
srun: error: frontier01558: tasks 9016-9054,9056-9059,9061-9062,9064-9070: Terminated
srun: error: frontier07450: tasks 44801-44855: Terminated
srun: error: frontier08228: tasks 49785-49839: Terminated
srun: error: frontier06043: task 36288: Terminated
srun: error: frontier00565: tasks 3081-3135: Terminated
srun: error: frontier02366: tasks 14225-14279: Terminated
srun: error: frontier02590: tasks 15513-15567: Terminated
srun: error: frontier01187: tasks 6945-6999: Terminated
srun: error: frontier03025: tasks 18089-18143: Terminated
srun: error: frontier02619: tasks 15681-15735: Terminated
srun: error: frontier06160: tasks 36681-36735: Terminated
srun: error: frontier00424: tasks 2240,2242-2295: Terminated
srun: error: frontier07712: tasks 46649-46703: Terminated
srun: error: frontier02459: task 14672: Terminated
srun: error: frontier08734: tasks 52921-52975: Terminated
srun: error: frontier06567: task 39424: Terminated
srun: error: frontier05539: tasks 33320,33325,33328-33329,33334-33335,33340-33341,33344,33352,33361-33362,33364,33366-33367: Terminated
srun: error: frontier01507: tasks 8737-8791: Terminated
srun: error: frontier01690: tasks 10025-10079: Terminated
srun: error: frontier02328: tasks 13777-13826,13828-13831: Terminated
srun: error: frontier03992: tasks 23689-23743: Terminated
srun: error: frontier05403: tasks 32369-32423: Terminated
srun: error: frontier01723: task 10248: Terminated
srun: error: frontier06662: tasks 39873-39927: Terminated
srun: error: frontier08876: tasks 53481-53535: Terminated
srun: error: frontier10139: tasks 57233-57287: Terminated
srun: error: frontier01178: tasks 6777-6831: Terminated
srun: error: frontier07702: task 46256: Terminated
srun: error: frontier01810: tasks 10585-10639: Terminated
srun: error: frontier02837: tasks 16801-16855: Terminated
srun: error: frontier08483: task 51352: Terminated
srun: error: frontier08975: tasks 53872,53874,53890,53892,53894-53895,53898,53908: Terminated
srun: error: frontier00823: task 4648: Terminated
srun: error: frontier05724: tasks 34273-34327: Terminated
srun: error: frontier06930: tasks 41721-41775: Terminated
srun: error: frontier08351: tasks 50401-50455: Terminated
srun: error: frontier05379: task 31976: Terminated
srun: error: frontier00016: tasks 2-55: Terminated
srun: error: frontier01925: tasks 11145-11199: Terminated
srun: error: frontier07586: task 45696: Terminated
srun: error: frontier02485: tasks 14953-15007: Terminated
srun: error: frontier07442: task 44576: Terminated
srun: error: frontier08869: tasks 53256-53257,53259-53285,53287-53291,53293-53298,53301-53309,53311: Terminated
srun: error: frontier03756: tasks 22513-22567: Terminated
srun: error: frontier05662: tasks 33658,33701: Terminated
srun: error: frontier08226: tasks 49729-49783: Terminated
srun: error: frontier07860: tasks 47321-47375: Terminated
srun: error: frontier05023: task 30128: Terminated
srun: error: frontier00402: tasks 1849-1903: Terminated
srun: error: frontier01424: tasks 8065-8119: Terminated
srun: error: frontier01027: tasks 5657-5711: Terminated
srun: error: frontier01984: tasks 11873-11927: Terminated
srun: error: frontier02204: tasks 13161-13215: Terminated
srun: error: frontier03274: tasks 19377-19431: Terminated
srun: error: frontier05921: tasks 35449-35503: Terminated
srun: error: frontier06559: tasks 39201-39255: Terminated
srun: error: frontier01835: task 10920: Terminated
srun: error: frontier08129: tasks 49169-49223: Terminated
srun: error: frontier09230: tasks 55389-55390,55398,55403-55405,55413,55421-55423,55427-55429,55435-55436: Terminated
srun: error: frontier06168: task 36960: Terminated
srun: error: frontier00155: tasks 1289-1343: Terminated
srun: error: frontier02078: tasks 12433-12487: Terminated
srun: error: frontier00531: tasks 2633,2671: Terminated
srun: error: frontier00669: tasks 3921,3925,3928,3931-3932,3934,3936-3944,3946,3948,3952-3954,3956,3958,3961-3963,3965,3968-3971: Terminated
srun: error: frontier02107: tasks 12601-12655: Terminated
srun: error: frontier00026: task 336: Terminated
srun: error: frontier06811: tasks 41049-41103: Terminated
srun: error: frontier06428: tasks 38641-38695: Terminated
srun: error: frontier08707: tasks 52249-52303: Terminated
srun: error: frontier09360: tasks 56001-56055: Terminated
srun: error: frontier00072: tasks 617-671: Terminated
srun: error: frontier00793: tasks 4369-4423: Terminated
srun: error: frontier01568: tasks 9353-9407: Terminated
srun: error: frontier01029: tasks 5713-5767: Terminated
srun: error: frontier08343: tasks 50120-50146,50148-50154,50156-50162,50164-50170,50172-50175: Terminated
srun: error: frontier02453: tasks 14449-14503: Terminated
srun: error: frontier04246: tasks 25593-25647: Terminated
srun: error: frontier06302: tasks 37969-38023: Terminated
srun: error: frontier06687: tasks 40489-40543: Terminated
srun: error: frontier08985: tasks 54097-54151: Terminated
srun: error: frontier08354: tasks 50457,50466,50485,50494: Terminated
srun: error: frontier00661: tasks 3697-3751: Terminated
srun: error: frontier00918: tasks 4985-5039: Terminated
srun: error: frontier00530: tasks 2577-2631: Terminated
srun: error: frontier02327: tasks 13721-13775: Terminated
srun: error: frontier02487: tasks 15009-15063: Terminated
srun: error: frontier08604: tasks 52024-52025,52027-52079: Terminated
srun: error: frontier04629: tasks 27441-27495: Terminated
srun: error: frontier03996: tasks 23801,23810,23821,23850: Terminated
srun: error: frontier07208: tasks 43569-43623: Terminated
srun: error: frontier03610: task 21448: Terminated
srun: error: frontier04641: tasks 27664,27666-27719: Terminated
srun: error: frontier01003: tasks 5545-5599: Terminated
srun: error: frontier06825: task 41328: Terminated
srun: error: frontier07880: task 47544: Terminated
srun: error: frontier00622: tasks 3249,3255-3256,3263-3264,3270,3279-3280,3287-3289,3294-3296,3303: Terminated
srun: error: frontier07706: task 46424: Terminated
srun: error: frontier01587: tasks 9521-9575: Terminated
srun: error: frontier04896: tasks 29289-29343: Terminated
srun: error: frontier05529: tasks 33041-33095: Terminated
srun: error: frontier06165: tasks 36793-36847: Terminated
srun: error: frontier07715: tasks 46705-46737,46739-46759: Terminated
srun: error: frontier04543: task 27048: Terminated
srun: error: frontier00489: tasks 2465-2519: Terminated
srun: error: frontier00662: tasks 3753-3807: Terminated
srun: error: frontier01302: tasks 7505-7559: Terminated
srun: error: frontier01539: tasks 8793-8847: Terminated
srun: error: frontier08217: task 49504: Terminated
srun: error: frontier02719: tasks 16297-16351: Terminated
srun: error: frontier05205: tasks 31137-31191: Terminated
srun: error: frontier06033: tasks 36121-36175: Terminated
srun: error: frontier02193: task 12768: Terminated
srun: error: frontier08472: tasks 51017-51071: Terminated
srun: error: frontier09110: tasks 54769-54823: Terminated
srun: error: frontier06437: task 38808: Terminated
srun: error: frontier06045: task 36400: Terminated
srun: error: frontier00795: tasks 4425-4479: Terminated
srun: error: frontier01813: tasks 10641-10695: Terminated
srun: error: frontier01814: tasks 10697-10751: Terminated
srun: error: frontier08103: task 48944: Terminated
srun: error: frontier04046: tasks 24361-24415: Terminated
srun: error: frontier06162: tasks 36737-36791: Terminated
srun: error: frontier05925: tasks 35561-35615: Terminated
srun: error: frontier07962: tasks 47937-47991: Terminated
srun: error: frontier08596: tasks 51689-51743: Terminated
srun: error: frontier06793: task 40656: Terminated
srun: error: frontier07190: task 43176: Terminated
srun: error: frontier01060: tasks 6273-6327: Terminated
srun: error: frontier00665: tasks 3865-3919: Terminated
srun: error: frontier08866: tasks 53200,53230: Terminated
srun: error: frontier10131: task 56952: Terminated
srun: error: frontier03582: tasks 21281-21335: Terminated
srun: error: frontier05251: tasks 31193-31247: Terminated
srun: error: frontier02997: task 17696: Terminated
srun: error: frontier02745: task 16520: Terminated
srun: error: frontier07862: tasks 47377-47379,47382,47385-47387,47389,47391,47393-47394,47397,47399,47401-47402,47407-47415,47417-47418,47421-47422,47424-47430: Terminated
srun: error: frontier05672: task 33880: Terminated
srun: error: frontier00407: tasks 1905-1959: Terminated
srun: error: frontier00409: tasks 1961,1963,1974,1993,2001,2005,2009: Terminated
srun: error: frontier08096: task 48832: Terminated
srun: error: frontier06682: tasks 40264,40268: Terminated
srun: error: frontier08729: task 52640: Terminated
srun: error: frontier04755: tasks 28057-28111: Terminated
srun: error: frontier04762: tasks 28113-28167: Terminated
srun: error: frontier07572: tasks 45417-45471: Terminated
srun: error: frontier07324: tasks 44241-44295: Terminated
srun: error: frontier10114: tasks 56617-56671: Terminated
srun: error: frontier05155: task 30800: Terminated
srun: error: frontier00018: tasks 57-111: Terminated
srun: error: frontier00663: tasks 3809-3829,3831-3863: Terminated
srun: error: frontier08600: task 51912: Terminated
srun: error: frontier01693: tasks 10081-10135: Terminated
srun: error: frontier09092: tasks 54488-54489,54491-54503,54505-54543: Terminated
srun: error: frontier04149: tasks 24977-25031: Terminated
srun: error: frontier00932: task 5320: Terminated
srun: error: frontier05408: tasks 32481-32535: Terminated
srun: error: frontier07684: tasks 46089-46143: Terminated
srun: error: frontier08229: tasks 49841-49895: Terminated
srun: error: frontier06292: task 37576: Terminated
srun: error: frontier01179: tasks 6833-6887: Terminated
srun: error: frontier07068: task 42616: Terminated
srun: error: frontier01584: tasks 9409-9463: Terminated
srun: error: frontier07465: task 45192: Terminated
srun: error: frontier07951: task 47712: Terminated
srun: error: frontier03089: tasks 18201-18255: Terminated
srun: error: frontier01264: task 7168: Terminated
srun: error: frontier05764: tasks 34329-34383: Terminated
srun: error: frontier06317: tasks 38081-38135: Terminated
srun: error: frontier07717: tasks 46761-46815: Terminated
srun: error: frontier05929: task 35728: Terminated
srun: error: frontier00529: tasks 2521-2575: Terminated
srun: error: frontier00158: tasks 1345-1399: Terminated
srun: error: frontier00928: task 5118: Terminated
srun: error: frontier01540: tasks 8849-8903: Terminated
srun: error: frontier09240: task 55720: Terminated
srun: error: frontier03381: tasks 20049-20103: Terminated
srun: error: frontier05020: tasks 29961-30015: Terminated
srun: error: frontier06179: tasks 37409-37463: Terminated
srun: error: frontier06815: tasks 41161-41215: Terminated
srun: error: frontier08877: tasks 53537-53591: Terminated
srun: error: frontier08474: tasks 51136,51148: Terminated
srun: error: frontier06677: task 40096: Terminated
srun: error: frontier01426: tasks 8121-8175: Terminated
srun: error: frontier00797: tasks 4481-4535: Terminated
srun: error: frontier08102: task 48888: Terminated
srun: error: frontier06925: tasks 41552,41601: Terminated
srun: error: frontier03865: tasks 23129-23183: Terminated
srun: error: frontier05277: tasks 31809-31863: Terminated
srun: error: frontier06563: tasks 39257-39311: Terminated
srun: error: frontier07187: tasks 43009-43063: Terminated
srun: error: frontier03732: task 22120: Terminated
srun: error: frontier08987: tasks 54209,54212,54216,54232,54238,54248,54254,54260,54262: Terminated
srun: error: frontier06417: task 38248: Terminated
srun: error: frontier06572: task 39536: Terminated
srun: error: frontier01306: tasks 7561-7615: Terminated
srun: error: frontier07974: task 48272: Terminated
srun: error: frontier08453: task 50792: Terminated
srun: error: frontier02581: tasks 15121-15175: Terminated
srun: error: frontier05795: tasks 34889-34943: Terminated
srun: error: frontier06814: tasks 41105-41159: Terminated
srun: error: frontier07451: tasks 44857-44911: Terminated
srun: error: frontier08089: tasks 48609-48663: Terminated
srun: error: frontier04642: task 27720: Terminated
srun: error: frontier00073: tasks 673-727: Terminated
srun: error: frontier00569: tasks 3193-3247: Terminated
srun: error: frontier07070: tasks 42672-42673,42675-42727: Terminated
srun: error: frontier07071: tasks 42728-42729,42731-42732,42737-42741,42745-42749,42753-42757,42763-42765,42769,42771-42772,42777-42780: Terminated
srun: error: frontier08484: task 51408: Terminated
srun: error: frontier09383: task 56392: Terminated
srun: error: frontier04517: tasks 26881-26935: Terminated
srun: error: frontier01680: task 9688: Terminated
srun: error: frontier03876: task 23296: Terminated
srun: error: frontier07574: tasks 45529-45583: Terminated
srun: error: frontier09231: tasks 55441-55495: Terminated
srun: error: frontier05396: tasks 32088-32134,32136-32143: Terminated
srun: error: frontier00926: tasks 5041-5095: Terminated
srun: error: frontier01072: tasks 6329-6383: Terminated
srun: error: frontier07199: task 43344: Terminated
srun: error: frontier08218: task 49560: Terminated
srun: error: frontier09101: task 54544: Terminated
srun: error: frontier05406: tasks 32430-32431,32434-32440,32442-32446,32448-32449,32452-32459,32462-32464,32466-32467,32470-32473,32475,32478-32479: Terminated
srun: error: frontier01328: task 7840: Terminated
srun: error: frontier06669: tasks 39929-39983: Terminated
srun: error: frontier04880: task 28896: Terminated
srun: error: frontier05433: task 32648: Terminated
srun: error: frontier05903: task 35168: Terminated
srun: error: frontier00144: tasks 729-783: Terminated
srun: error: frontier07316: task 43904: Terminated
srun: error: frontier07318: task 43960: Terminated
srun: error: frontier08345: tasks 50176,50178-50231: Terminated
srun: error: frontier09218: task 55160: Terminated
srun: error: frontier05146: tasks 30577-30631: Terminated
srun: error: frontier02458: task 14616: Terminated
srun: error: frontier06939: tasks 41777-41831: Terminated
srun: error: frontier03314: tasks 19656,19658-19660,19662,19664,19666,19668-19669,19672-19673,19675-19677,19682-19686,19688,19690-19693,19697,19699-19701,19703-19704,19706-19709: Terminated
srun: error: frontier05777: task 34496: Terminated
srun: error: frontier06951: task 41944: Terminated
srun: error: frontier00020: tasks 113-167: Terminated
srun: error: frontier07842: task 46984: Terminated
srun: error: frontier06962: task 42112: Terminated
srun: error: frontier07445: task 44632: Terminated
srun: error: frontier08870: tasks 53312,53314,53321,53330-53331,53338-53340,53345-53346,53354,53363: Terminated
srun: error: frontier04807: tasks 28729-28783: Terminated
srun: error: frontier06038: tasks 36177-36231: Terminated
srun: error: frontier02584: task 15288: Terminated
srun: error: frontier03225: task 19040: Terminated
srun: error: frontier10140: tasks 57289-57343: Terminated
srun: error: frontier06438: task 38864: Terminated
srun: error: frontier06921: task 41384: Terminated
srun: error: frontier06296: tasks 37744,37747,37749-37753,37755,37757-37758,37760,37763,37765,37767-37768,37772-37777,37780,37785,37795-37796,37799: Terminated
srun: error: frontier05522: tasks 32872,32874-32877,32879-32883,32885-32927: Terminated
srun: error: frontier07707: task 46480: Terminated
srun: error: frontier08346: task 50232: Terminated
srun: error: frontier04247: tasks 25649-25703: Terminated
srun: error: frontier00870: task 4760: Terminated
srun: error: frontier06166: tasks 36849-36903: Terminated
srun: error: frontier04284: task 25816: Terminated
srun: error: frontier08846: tasks 52977-53031: Terminated
srun: error: frontier06171: task 37016: Terminated
srun: error: frontier07336: task 44464: Terminated
srun: error: frontier00159: tasks 1401-1455: Terminated
srun: error: frontier07851: task 47040: Terminated
srun: error: frontier07976: task 48328: Terminated
srun: error: frontier10133: tasks 57008,57010-57038,57040-57046,57048-57062: Terminated
srun: error: frontier00027: task 392: Terminated
srun: error: frontier05252: tasks 31249-31303: Terminated
srun: error: frontier01795: task 10360: Terminated
srun: error: frontier08709: tasks 52305-52359: Terminated
srun: error: frontier09362: tasks 56057-56111: Terminated
srun: error: frontier05674: task 33936: Terminated
srun: error: frontier05905: tasks 35224-35227,35229-35240,35242-35265,35267-35272,35274-35279: Terminated
srun: error: frontier06444: task 38976: Terminated
srun: error: frontier06531: task 39032: Terminated
srun: error: frontier06683: task 40320: Terminated
srun: error: frontier08976: task 53928: Terminated
srun: error: frontier01046: task 5936: Terminated
srun: error: frontier01438: task 8456: Terminated
srun: error: frontier02237: task 13440: Terminated
srun: error: frontier03507: task 20888: Terminated
srun: error: frontier04925: task 29568: Terminated
srun: error: frontier10125: tasks 56729-56783: Terminated
srun: error: frontier07193: task 43232: Terminated
srun: error: frontier00021: tasks 169-223: Terminated
srun: error: frontier06800: task 40880: Terminated
srun: error: frontier07202: task 43400: Terminated
srun: error: frontier08620: task 52080: Terminated
srun: error: frontier00784: task 4088: Terminated
srun: error: frontier01170: task 6608: Terminated
srun: error: frontier03385: task 20216: Terminated
srun: error: frontier04021: task 23968: Terminated
srun: error: frontier05270: task 31416: Terminated
srun: error: frontier04889: task 29008: Terminated
srun: error: frontier06046: task 36456: Terminated
srun: error: frontier07893: task 47600: Terminated
srun: error: frontier06298: task 37800: Terminated
srun: error: frontier07468: task 45248: Terminated
srun: error: frontier08105: task 49000: Terminated
srun: error: frontier00150: task 1008: Terminated
srun: error: frontier00658: task 3528: Terminated
srun: error: frontier02708: tasks 15904,15906-15959: Terminated
srun: error: frontier04116: task 24584: Terminated
srun: error: frontier05538: tasks 33264,33269,33278,33281-33282,33286,33290,33292-33293,33296,33299-33301,33307,33309,33311,33316-33317: Terminated
srun: error: frontier05930: task 35784: Terminated
srun: error: frontier06418: task 38304: Terminated
srun: error: frontier07440: tasks 44520,44522-44575: Terminated
srun: error: frontier07588: task 45808: Terminated
srun: error: frontier07853: task 47096: Terminated
srun: error: frontier07590: task 45920: Terminated
srun: error: frontier00538: task 2856: Terminated
srun: error: frontier00312: task 1680: Terminated
srun: error: frontier03223: task 18984: Terminated
srun: error: frontier03770: task 22736: Terminated
srun: error: frontier04496: task 26488: Terminated
srun: error: frontier05436: task 32704: Terminated
srun: error: frontier06679: task 40152: Terminated
srun: error: frontier06922: task 41440: Terminated
srun: error: frontier06048: task 36568: Terminated
srun: error: frontier07320: task 44016: Terminated
srun: error: frontier07076: tasks 42840-42842,42844,42848,42852,42856-42857,42860,42864,42868,42874,42881,42883,42885,42891-42893: Terminated
srun: error: frontier09384: tasks 56448,56450-56455,56457-56461,56463-56473,56475-56503: Terminated
srun: error: frontier00432: task 2296: Terminated
srun: error: frontier02068: task 12208: Terminated
srun: error: frontier02460: task 14728: Terminated
srun: error: frontier04117: task 24640: Terminated
srun: error: frontier05162: task 30856: Terminated
srun: error: frontier05559: task 33376: Terminated
srun: error: frontier06798: task 40824: Terminated
srun: error: frontier06030: task 35952: Terminated
srun: error: frontier07058: task 42168: Terminated
srun: error: frontier09241: task 55776: Terminated
srun: error: frontier00311: task 1624: Terminated
srun: error: frontier01946: task 11536: Terminated
srun: error: frontier02333: task 14056: Terminated
srun: error: frontier02747: tasks 16576,16578-16583,16585-16631: Terminated
srun: error: frontier03389: task 20328: Terminated
srun: error: frontier06293: task 37632: Terminated
srun: error: frontier05058: task 30296: Terminated
srun: error: frontier06047: task 36512: Terminated
srun: error: frontier06923: task 41496: Terminated
srun: error: frontier06299: tasks 37856-37857,37859-37869,37871-37877,37879-37911: Terminated
srun: error: frontier08730: task 52696: Terminated
srun: error: frontier08581: task 51520: Terminated
srun: error: frontier01285: task 7224: Terminated
srun: error: frontier02874: task 17136: Terminated
srun: error: frontier03107: task 18424: Terminated
srun: error: frontier04769: task 28336: Terminated
srun: error: frontier05006: task 29624: Terminated
srun: error: frontier05397: task 32144: Terminated
srun: error: frontier07587: task 45752: Terminated
srun: error: frontier05565: tasks 33488,33492-33500,33503-33508,33510-33512,33514-33524,33527-33533,33535-33536,33539,33541-33543: Terminated
srun: error: frontier06176: task 37240: Terminated
srun: error: frontier08464: task 50848: Terminated
srun: error: frontier09102: task 54600: Terminated
srun: error: frontier00933: task 5376: Terminated
srun: error: frontier01562: task 9128: Terminated
srun: error: frontier03001: task 17808: Terminated
srun: error: frontier05024: task 30184: Terminated
srun: error: frontier04644: task 27776: Terminated
srun: error: frontier06443: task 38920: Terminated
srun: error: frontier05273: task 31584: Terminated
srun: error: frontier05274: task 31640: Terminated
srun: error: frontier06542: task 39088: Terminated
srun: error: frontier07953: task 47768: Terminated
srun: error: frontier09219: task 55216: Terminated
srun: error: frontier01049: task 5992: Terminated
srun: error: frontier01841: task 10976: Terminated
srun: error: frontier02320: task 13496: Terminated
srun: error: frontier03735: tasks 22176,22178-22183,22185-22200,22202-22231: Terminated
srun: error: frontier05779: task 34552: Terminated
srun: error: frontier06173: task 37072: Terminated
srun: error: frontier06573: task 39592: Terminated
srun: error: frontier05786: task 34720: Terminated
srun: error: frontier07589: task 45864: Terminated
srun: error: frontier08219: task 49616: Terminated
srun: error: frontier08872: task 53368: Terminated
srun: error: frontier00028: task 448: Terminated
srun: error: frontier02196: task 12824: Terminated
srun: error: frontier03611: task 21504: Terminated
srun: error: frontier04229: task 25256: Terminated
srun: error: frontier03613: task 21616: Terminated
srun: error: frontier05675: task 33992: Terminated
srun: error: frontier06681: task 40208: Terminated
srun: error: frontier05912: task 35336: Terminated
srun: error: frontier07074: task 42784: Terminated
srun: error: frontier08485: task 51464: Terminated
srun: error: frontier08347: task 50288: Terminated
srun: error: frontier00151: task 1064: Terminated
srun: error: frontier01050: task 6048: Terminated
srun: error: frontier02074: task 12264: Terminated
srun: error: frontier03897: task 23408: Terminated
srun: error: frontier04119: task 24696: Terminated
srun: error: frontier05934: task 35840: Terminated
srun: error: frontier05784: task 34664: Terminated
srun: error: frontier04794: tasks 28560-28561,28563-28569,28571-28577,28579-28584,28586-28593,28595-28599,28603-28609,28611-28615: Terminated
srun: error: frontier06802: task 40936: Terminated
srun: error: frontier07446: task 44688: Terminated
srun: error: frontier07858: tasks 47208,47212-47215,47217-47224,47227,47229-47231,47235-47239,47241,47243-47245,47247,47251,47253-47256,47259-47263: Terminated
srun: error: frontier01724: task 10304: Terminated
srun: error: frontier01330: task 7896: Terminated
srun: error: frontier01950: task 11648: Terminated
srun: error: frontier04888: task 28952: Terminated
srun: error: frontier04505: task 26544: Terminated
srun: error: frontier04891: task 29064: Terminated
srun: error: frontier05906: task 35280: Terminated
srun: error: frontier04038: tasks 24248-24295,24297-24303: Terminated
srun: error: frontier05523: task 32928: Terminated
srun: error: frontier07708: task 46536: Terminated
srun: error: frontier08980: task 53984: Terminated
srun: error: frontier01682: task 9744: Terminated
srun: error: frontier02875: task 17192: Terminated
srun: error: frontier03509: tasks 20944,20947,20949,20951,20954,20956,20958,20961,20963-20964,20967,20971-20975,20977,20982,20993,20995-20997,20999: Terminated
srun: error: frontier04787: task 28392: Terminated
srun: error: frontier05163: task 30912: Terminated
srun: error: frontier06420: task 38360: Terminated
srun: error: frontier06574: task 39648: Terminated
srun: error: frontier06031: task 36008: Terminated
srun: error: frontier06177: tasks 37296,37298-37351: Terminated
srun: error: frontier08621: task 52136: Terminated
srun: error: frontier00785: task 4144: Terminated
srun: error: frontier00540: task 2968: Terminated
srun: error: frontier03388: task 20272: Terminated
srun: error: frontier04023: task 24024: Terminated
srun: error: frontier05271: task 31472: Terminated
srun: error: frontier04668: task 27832: Terminated
srun: error: frontier05060: task 30352: Terminated
srun: error: frontier05133: task 30408: Terminated
srun: error: frontier05275: task 31696: Terminated
srun: error: frontier01439: tasks 8512,8515,8517-8518,8526,8528-8529,8533,8536,8538,8540-8542,8548,8551,8560-8562,8564: Terminated
srun: error: frontier01298: task 7336: Terminated
srun: error: frontier04554: task 27104: Terminated
srun: error: frontier03899: task 23464: Terminated
srun: error: frontier04300: task 25984: Terminated
srun: error: frontier04611: tasks 27272,27285,27297,27299,27322-27323: Terminated
srun: error: frontier06422: task 38416: Terminated
srun: error: frontier05018: tasks 29848-29855,29857-29860,29862-29900,29902-29903: Terminated
srun: error: frontier06425: task 38528: Terminated
srun: error: frontier10134: task 57064: Terminated
srun: error: frontier00539: task 2912: Terminated
srun: error: frontier01175: task 6664: Terminated
srun: error: frontier01796: task 10416: Terminated
srun: error: frontier03251: task 19096: Terminated
srun: error: frontier05052: task 30240: Terminated
srun: error: frontier03614: tasks 21672,21674-21678,21680,21682-21694,21697,21699,21701,21704-21705,21707,21710-21715,21720,21722-21723,21725: Terminated
srun: error: frontier05691: task 34048: Terminated
srun: error: frontier05694: task 34104: Terminated
srun: error: frontier04245: tasks 25536,25544,25547,25563-25564,25572,25575-25576,25581,25586: Terminated
srun: error: frontier00876: task 4816: Terminated
srun: error: frontier02709: task 15960: Terminated
srun: error: frontier02710: task 16016: Terminated
srun: error: frontier03736: task 22232: Terminated
srun: error: frontier05010: task 29680: Terminated
srun: error: frontier05562: task 33432: Terminated
srun: error: frontier06175: tasks 37184,37231: Terminated
srun: error: frontier06576: task 39704: Terminated
srun: error: frontier07977: task 48384: Terminated
srun: error: frontier09242: task 55832: Terminated
srun: error: frontier09345: task 55888: Terminated
srun: error: frontier00399: task 1736: Terminated
srun: error: frontier02585: task 15344: Terminated
srun: error: frontier03777: task 22792: Terminated
srun: error: frontier03390: task 20384: Terminated
srun: error: frontier03856: task 22904: Terminated
srun: error: frontier04892: task 29120: Terminated
srun: error: frontier04893: task 29176: Terminated
srun: error: frontier06049: task 36624: Terminated
srun: error: frontier08106: task 49056: Terminated
srun: error: frontier00659: task 3584: Terminated
srun: error: frontier01842: task 11032: Terminated
srun: error: frontier04297: task 25872: Terminated
srun: error: frontier04568: task 27160: Terminated
srun: error: frontier04790: task 28448: Terminated
srun: error: frontier04357: tasks 26040-26042,26044-26047,26049-26066,26068-26085,26087-26095: Terminated
srun: error: frontier05401: task 32256: Terminated
srun: error: frontier05787: task 34776: Terminated
srun: error: frontier07203: task 43456: Terminated
srun: error: frontier01947: task 11592: Terminated
srun: error: frontier02334: task 14112: Terminated
srun: error: frontier02831: tasks 16632,16634-16635,16637-16644,16646,16650-16654,16656,16659,16661,16663-16666,16670-16672,16674-16676,16678-16679,16681-16683,16686: Terminated
srun: error: frontier04241: task 25312: Terminated
srun: error: frontier05516: task 32760: Terminated
srun: error: frontier03862: tasks 22960,22962,22967-22968,22971,22979,22986,22988,22991,22993,22995,23000-23001,23003,23007,23010-23011: Terminated
srun: error: frontier03863: task 23016: Terminated
srun: error: frontier01295: task 7280: Terminated
srun: error: frontier01053: task 6104: Terminated
srun: error: frontier02461: task 14784: Terminated
srun: error: frontier02877: task 17304: Terminated
srun: error: frontier04120: task 24752: Terminated
srun: error: frontier05400: task 32200: Terminated
srun: error: frontier04626: task 27328: Terminated
srun: error: frontier00955: task 5432: Terminated
srun: error: frontier02197: task 12880: Terminated
srun: error: frontier03003: task 17864: Terminated
srun: error: frontier03254: task 19152: Terminated
srun: error: frontier05272: task 31528: Terminated
srun: error: frontier05521: task 32816: Terminated
srun: error: frontier05920: tasks 35392-35395,35397,35401-35403,35405-35406,35409-35410,35412,35418,35421-35422,35427-35428,35434,35436,35438,35441-35444,35447: Terminated
srun: error: frontier06926: task 41608: Terminated
srun: error: frontier00444: task 2352: Terminated
srun: error: frontier01459: tasks 8568,8571,8573-8576,8578,8580-8586,8590,8596,8598-8599,8608,8611-8612,8615-8616,8622-8623: Terminated
srun: error: frontier03317: task 19712: Terminated
srun: error: frontier04299: task 25928: Terminated
srun: error: frontier03138: task 18592: Terminated
srun: error: frontier06174: task 37128: Terminated
srun: error: frontier05166: task 31024: Terminated
srun: error: frontier00070: task 504: Terminated
srun: error: frontier01563: task 9184: Terminated
srun: error: frontier02198: task 12936: Terminated
srun: error: frontier04024: task 24080: Terminated
srun: error: frontier04508: task 26600: Terminated
srun: error: frontier04671: task 27888: Terminated
srun: error: frontier00152: task 1120: Terminated
srun: error: frontier01683: task 9800: Terminated
srun: error: frontier01460: task 8624: Terminated
srun: error: frontier03517: task 21000: Terminated
srun: error: frontier03900: task 23520: Terminated
srun: error: frontier05165: tasks 30968,30970-30973,30976-30977,30979-30980,30982-30983,30986-30987,30989-30992,30994-31001,31003-31005,31007-31011,31014-31015,31017-31023: Terminated
srun: error: frontier04376: task 26096: Terminated
srun: error: frontier00786: task 4200: Terminated
srun: error: frontier00541: task 3024: Terminated
srun: error: frontier01957: task 11704: Terminated
srun: error: frontier03780: task 22848: Terminated
srun: error: frontier04242: task 25368: Terminated
srun: error: frontier04243: tasks 25424,25426-25479: Terminated
srun: error: frontier00912: task 4872: Terminated
srun: error: frontier02876: tasks 17248,17250-17252,17254-17276,17278-17303: Terminated
srun: error: frontier02711: task 16072: Terminated
srun: error: frontier04572: task 27216: Terminated
srun: error: frontier06019: task 35896: Terminated
srun: error: frontier01397: task 7952: Terminated
srun: error: frontier03612: task 21560: Terminated
srun: error: frontier03004: task 17920: Terminated
srun: error: frontier04032: tasks 24136,24138-24140,24142-24143,24147-24148,24150,24155-24157,24162-24164,24170-24171,24175,24178-24180,24182,24186-24191: Terminated
srun: error: frontier04511: task 26656: Terminated
srun: error: frontier03120: task 18480: Terminated
srun: error: frontier02462: task 14840: Terminated
srun: error: frontier03737: task 22288: Terminated
srun: error: frontier04122: task 24808: Terminated
srun: error: frontier01176: task 6720: Terminated
srun: error: frontier01808: task 10472: Terminated
srun: error: frontier02199: task 12992: Terminated
srun: error: frontier03392: task 20440: Terminated
srun: error: frontier02593: tasks 15568,15570-15611,15613-15623: Terminated
srun: error: frontier04679: task 27944: Terminated
srun: error: frontier02321: task 13552: Terminated
srun: error: frontier03344: task 19768: Terminated
srun: error: frontier02880: task 17360: Terminated
srun: error: frontier05013: task 29736: Terminated
srun: error: frontier02586: task 15400: Terminated
srun: error: frontier03617: task 21728: Terminated
srun: error: frontier02076: task 12320: Terminated
srun: error: frontier03354: task 19880: Terminated
srun: error: frontier04793: task 28504: Terminated
srun: error: frontier03576: task 21168: Terminated
srun: error: frontier08585: task 51576: Terminated
srun: error: frontier07321: tasks 44072,44074-44093,44096-44112,44114-44127: Terminated
srun: error: frontier03260: task 19208: Terminated
srun: error: frontier07591: task 45976: Terminated
srun: error: frontier01687: task 9912: Terminated
srun: error: frontier03904: task 23576: Terminated
srun: error: frontier00400: task 1792: Terminated
srun: error: frontier09107: task 54656: Terminated
srun: error: frontier00660: task 3640: Terminated
srun: error: frontier08466: task 50904: Terminated
srun: error: frontier06423: task 38472: Terminated
srun: error: frontier01055: tasks 6160-6189,6191-6193,6195-6215: Terminated
srun: error: frontier09220: tasks 55272-55276,55278-55292,55294-55300,55302-55327: Terminated
srun: error: frontier07954: task 47824: Terminated
srun: error: frontier09385: task 56504: Terminated
srun: error: frontier02448: task 14280: Terminated
srun: error: frontier03141: task 18648: Terminated
srun: error: frontier05138: task 30464: Terminated
srun: error: frontier08731: task 52752: Terminated
srun: error: frontier01927: task 11200: Terminated
srun: error: frontier02834: task 16688: Terminated
srun: error: frontier04125: task 24864: Terminated
srun: error: frontier02364: task 14168: Terminated
srun: error: frontier07569: task 45304: Terminated
srun: error: frontier03907: tasks 23632,23641,23646,23655,23658,23675,23681: Terminated
srun: error: frontier01299: task 7392: Terminated
srun: error: frontier07854: task 47152: Terminated
srun: error: frontier02325: task 13608: Terminated
srun: error: frontier04628: tasks 27384-27385,27387-27438: Terminated
srun: error: frontier02712: task 16128: Terminated
srun: error: frontier05017: task 29792: Terminated
srun: error: frontier08875: task 53424: Terminated
srun: error: frontier04514: task 26712: Terminated
srun: error: frontier00071: task 560: Terminated
srun: error: frontier03527: task 21056: Terminated
srun: error: frontier00447: task 2408: Terminated
srun: error: frontier05653: task 33544: Terminated
srun: error: frontier01970: task 11760: Terminated
srun: error: frontier07059: task 42224: Terminated
srun: error: frontier07077: task 42896: Terminated
srun: error: frontier00789: task 4312: Terminated
srun: error: frontier00991: task 5488: Terminated
srun: error: frontier06553: tasks 39144,39146,39149,39158,39162-39163,39169,39181,39183,39195-39196: Terminated
srun: error: frontier03393: task 20496: Terminated
srun: error: frontier02963: task 17416: Terminated
srun: error: frontier01565: task 9240: Terminated
srun: error: frontier01848: task 11088: Terminated
srun: error: frontier06684: task 40376: Terminated
srun: error: frontier08087: task 48496: Terminated
srun: error: frontier08223: task 49672: Terminated
srun: error: frontier08348: task 50344: Terminated
srun: error: frontier04795: task 28616: Terminated
srun: error: frontier03020: task 17976: Terminated
srun: error: frontier01463: tasks 8680,8685-8686,8718,8725-8727,8735: Terminated
srun: error: frontier05703: task 34160: Terminated
srun: error: frontier10138: tasks 57176,57178-57231: Terminated
srun: error: frontier03123: task 18536: Terminated
srun: error: frontier03639: task 21784: Terminated
srun: error: frontier02587: task 15456: Terminated
srun: error: frontier07449: task 44744: Terminated
srun: error: frontier03738: task 22344: Terminated
srun: error: frontier05792: tasks 34832,34834-34855,34858-34872,34874-34887: Terminated
srun: error: frontier10136: task 57120: Terminated
srun: error: frontier03355: task 19936: Terminated
srun: error: frontier00153: task 1176: Terminated
srun: error: frontier02449: tasks 14336-14338,14340-14391: Terminated
srun: error: frontier02846: task 16856: Terminated
srun: error: frontier04036: task 24192: Terminated
srun: error: frontier01809: task 10528: Terminated
srun: error: frontier05202: tasks 31080,31083,31085-31089,31097,31099-31102,31104-31105,31107-31108,31111-31112,31114,31117,31120-31121,31125,31127,31131: Terminated
srun: error: frontier03864: tasks 23072,23078-23079,23085-23087,23091,23093,23095,23098-23099,23101,23103,23106,23111-23114,23118,23122,23125,23127: Terminated
srun: error: frontier06929: task 41664: Terminated
srun: error: frontier00154: task 1232: Terminated
srun: error: frontier02463: task 14896: Terminated
srun: error: frontier00788: task 4256: Terminated
srun: error: frontier04894: task 29232: Terminated
srun: error: frontier02835: task 16744: Terminated
srun: error: frontier00914: task 4928: Terminated
srun: error: frontier06032: task 36064: Terminated
srun: error: frontier05402: task 32312: Terminated
srun: error: frontier03353: task 19824: Terminated
srun: error: frontier07859: task 47264: Terminated
srun: error: frontier08108: task 49112: Terminated
srun: error: frontier07711: task 46592: Terminated
srun: error: frontier01413: task 8008: Terminated
srun: error: frontier06658: task 39816: Terminated
srun: error: frontier02077: task 12376: Terminated
srun: error: frontier03268: tasks 19320,19322-19323,19329-19333,19336-19338,19341,19343-19346,19348,19350-19351,19353-19355,19357,19361-19362,19366,19368-19370,19372-19373,19375: Terminated
srun: error: frontier04040: task 24304: Terminated
srun: error: frontier03563: task 21112: Terminated
srun: error: frontier03263: task 19264: Terminated
srun: error: frontier06300: task 37912: Terminated
srun: error: frontier08622: task 52192: Terminated
srun: error: frontier08733: task 52864: Terminated
srun: error: frontier08984: task 54040: Terminated
srun: error: frontier01684: task 9856: Terminated
srun: error: frontier02200: task 13048: Terminated
srun: error: frontier05922: tasks 35504,35506,35508,35511,35513-35519,35521,35523-35527,35529,35532,35534-35538,35540-35542,35545-35546,35548-35549,35552-35559: Terminated
srun: error: frontier05704: task 34216: Terminated
srun: error: frontier01011: task 5600: Terminated
srun: error: frontier04244: task 25480: Terminated
srun: error: frontier01974: task 11816: Terminated
srun: error: frontier06577: task 39760: Terminated
srun: error: frontier03577: tasks 21224,21259: Terminated
srun: error: frontier02713: task 16184: Terminated
srun: error: frontier08595: tasks 51632,51634,51640-51642,51644,51648,51650,51653-51654,51658-51660,51667,51670-51672,51675-51676,51678,51680,51683,51685: Terminated
srun: error: frontier02096: tasks 12544-12545,12547-12599: Terminated
srun: error: frontier00565: task 3080: Terminated
srun: error: frontier06803: task 40992: Terminated
srun: error: frontier09358: task 55944: Terminated
srun: error: frontier07206: task 43512: Terminated
srun: error: frontier04515: tasks 26768-26772,26774-26776,26780-26783,26786,26788-26792,26794-26797,26799,26801,26804-26806,26808,26813-26814,26816,26820-26823: Terminated
srun: error: frontier01301: task 7448: Terminated
srun: error: frontier01688: task 9968: Terminated
srun: error: frontier04399: task 26152: Terminated
srun: error: frontier04680: task 28000: Terminated
srun: error: frontier03158: task 18704: Terminated
srun: error: frontier06178: tasks 37352,37361,37363,37365-37366,37368,37373-37375,37387,37389-37390,37395,37397-37398,37400,37405: Terminated
srun: error: frontier08068: task 48440: Terminated
srun: error: frontier08471: task 50960: Terminated
srun: error: frontier03474: task 20552: Terminated
srun: error: frontier07323: task 44184: Terminated
srun: error: frontier07570: task 45360: Terminated
srun: error: frontier01567: task 9296: Terminated
srun: error: frontier02366: task 14224: Terminated
srun: error: frontier02617: task 15624: Terminated
srun: error: frontier02203: task 13104: Terminated
srun: error: frontier01178: task 6776: Terminated
srun: error: frontier03052: task 18144: Terminated
srun: error: frontier00016: task 1: Terminated
srun: error: frontier02326: task 13664: Terminated
srun: error: frontier00568: tasks 3136-3137,3139-3191: Terminated
srun: error: frontier06685: task 40432: Terminated
srun: error: frontier01181: task 6888: Terminated
srun: error: frontier01056: task 6216: Terminated
srun: error: frontier03024: task 18032: Terminated
srun: error: frontier09386: task 56560: Terminated
srun: error: frontier05525: task 32984: Terminated
srun: error: frontier03739: task 22400: Terminated
srun: error: frontier01935: task 11256: Terminated
srun: error: frontier05659: tasks 33600,33654: Terminated
srun: error: frontier08732: task 52808: Terminated
srun: error: frontier05019: task 29904: Terminated
srun: error: frontier07594: task 46032: Terminated
srun: error: frontier06426: task 38584: Terminated
srun: error: frontier00402: task 1848: Terminated
srun: error: frontier09108: task 54712: Terminated
srun: error: frontier04147: task 24920: Terminated
srun: error: frontier07959: task 47880: Terminated
srun: error: frontier01925: task 11144: Terminated
srun: error: frontier02590: task 15512: Terminated
srun: error: frontier01507: task 8736: Terminated
srun: error: frontier02966: task 17472: Terminated
srun: error: frontier01428: task 8176: Terminated
srun: error: frontier08088: tasks 48552,48559,48566,48583,48586-48587,48590,48593-48594,48604: Terminated
srun: error: frontier03644: task 21840: Terminated
srun: error: frontier04516: task 26824: Terminated
srun: error: frontier07060: task 42280: Terminated
srun: error: frontier07186: task 42952: Terminated
srun: error: frontier04797: task 28672: Terminated
srun: error: frontier02450: task 14392: Terminated
srun: error: frontier00793: task 4368: Terminated
srun: error: frontier05145: tasks 30520,30522,30524-30525,30528,30530,30538-30542,30544-30546,30548-30549,30554-30557,30560,30562-30565,30570-30571: Terminated
srun: error: frontier01424: task 8064: Terminated
srun: error: frontier08228: task 49784: Terminated
srun: error: frontier00661: task 3696: Terminated
srun: error: frontier01810: task 10584: Terminated
srun: error: frontier00155: task 1288: Terminated
srun: error: frontier00072: task 616: Terminated
srun: error: frontier05276: task 31752: Terminated
srun: error: frontier03356: task 19992: Terminated
srun: error: frontier07322: task 44128: Terminated
srun: error: frontier07573: task 45472: Terminated
srun: error: frontier02848: task 16912: Terminated
srun: error: frontier06160: task 36680: Terminated
srun: error: frontier09229: task 55328: Terminated
srun: error: frontier08986: task 54152: Terminated
srun: error: frontier01027: task 5656: Terminated
srun: error: frontier03740: tasks 22456,22458-22463,22465-22511: Terminated
srun: error: frontier01690: task 10024: Terminated
srun: error: frontier07450: task 44800: Terminated
srun: error: frontier02718: task 16240: Terminated
srun: error: frontier10139: task 57232: Terminated
srun: error: frontier01003: task 5544: Terminated
srun: error: frontier01187: task 6944: Terminated
srun: error: frontier02078: task 12432: Terminated
srun: error: frontier08876: task 53480: Terminated
srun: error: frontier02485: task 14952: Terminated
srun: error: frontier02837: task 16800: Terminated
srun: error: frontier00489: task 2464: Terminated
srun: error: frontier00918: task 4984: Terminated
srun: error: frontier02052: tasks 11928-11929,11931,11933,11936,11939,11942,11950,11955-11956,11960,11963,11965,11971,11979,11982: Terminated
srun: error: frontier07712: task 46648: Terminated
srun: error: frontier01936: task 11312: Terminated
srun: error: frontier06662: task 39872: Terminated
srun: error: frontier02329: task 13832: Terminated
srun: error: frontier00929: tasks 5152-5153,5155-5159,5161,5163-5169,5171-5177,5179-5181,5183-5185,5187-5191,5193-5202,5204-5207: Terminated
srun: error: frontier02079: tasks 12488,12490-12491,12493-12500,12502-12504,12507-12521,12523,12527-12528,12531-12541,12543: Terminated
srun: error: frontier01430: tasks 8232,8239,8246,8250,8261-8262,8269,8271,8273,8278,8286-8287: Terminated
srun: error: frontier05724: task 34272: Terminated
srun: error: frontier08226: task 49728: Terminated
srun: error: frontier08351: task 50400: Terminated
srun: error: frontier01568: task 9352: Terminated
srun: error: frontier01984: task 11872: Terminated
srun: error: frontier08734: task 52920: Terminated
srun: error: frontier03170: task 18760: Terminated
srun: error: frontier03025: task 18088: Terminated
srun: error: frontier02967: tasks 17528-17574,17576-17583: Terminated
srun: error: frontier05403: task 32368: Terminated
srun: error: frontier03475: task 20608: Terminated
srun: error: frontier00530: task 2576: Terminated
srun: error: frontier06559: task 39200: Terminated
srun: error: frontier06930: task 41720: Terminated
srun: error: frontier05921: task 35448: Terminated
srun: error: frontier03992: task 23688: Terminated
srun: error: frontier01302: task 7504: Terminated
srun: error: frontier07860: task 47320: Terminated
srun: error: frontier00662: task 3752: Terminated
srun: error: frontier07061: tasks 42336-42374,42376-42391: Terminated
srun: error: frontier06811: task 41048: Terminated
srun: error: frontier09360: task 56000: Terminated
srun: error: frontier02619: task 15680: Terminated
srun: error: frontier04400: tasks 26208,26210,26226,26229,26240,26243,26246: Terminated
srun: error: frontier03756: task 22512: Terminated
srun: error: frontier01210: tasks 7000,7028: Terminated
srun: error: frontier08707: task 52248: Terminated
srun: error: frontier00018: task 56: Terminated
srun: error: frontier00407: task 1904: Terminated
srun: error: frontier02327: task 13720: Terminated
srun: error: frontier00795: task 4424: Terminated
srun: error: frontier08129: task 49168: Terminated
srun: error: frontier02204: task 13160: Terminated
srun: error: frontier04246: task 25592: Terminated
srun: error: frontier01179: task 6832: Terminated
srun: error: frontier01029: task 5712: Terminated
srun: error: frontier06428: task 38640: Terminated
srun: error: frontier06302: task 37968: Terminated
srun: error: frontier08985: task 54096: Terminated
srun: error: frontier01060: task 6272: Terminated
srun: error: frontier01539: task 8792: Terminated
srun: error: frontier02328: tasks 13776,13827: Terminated
srun: error: frontier04629: task 27440: Terminated
srun: error: frontier06165: task 36792: Terminated
srun: error: frontier06033: task 36120: Terminated
srun: error: frontier06687: task 40488: Terminated
srun: error: frontier05529: task 33040: Terminated
srun: error: frontier00531: tasks 2632,2634-2670,2672-2687: Terminated
srun: error: frontier01813: task 10640: Terminated
srun: error: frontier07208: task 43568: Terminated
srun: error: frontier04896: task 29288: Terminated
srun: error: frontier03274: task 19376: Terminated
srun: error: frontier02487: task 15008: Terminated
srun: error: frontier00665: task 3864: Terminated
srun: error: frontier02107: task 12600: Terminated
srun: error: frontier05662: tasks 33656-33657,33659-33700,33702-33711: Terminated
srun: error: frontier09110: task 54768: Terminated
srun: error: frontier05251: task 31192: Terminated
srun: error: frontier00158: task 1344: Terminated
srun: error: frontier00529: task 2520: Terminated
srun: error: frontier08472: task 51016: Terminated
srun: error: frontier09230: tasks 55384-55388,55391-55397,55399-55402,55406-55412,55414-55420,55424-55426,55430-55434,55437-55439: Terminated
srun: error: frontier05205: task 31136: Terminated
srun: error: frontier04046: task 24360: Terminated
srun: error: frontier01426: task 8120: Terminated
srun: error: frontier02453: task 14448: Terminated
srun: error: frontier04762: task 28112: Terminated
srun: error: frontier05925: task 35560: Terminated
srun: error: frontier06162: task 36736: Terminated
srun: error: frontier07324: task 44240: Terminated
srun: error: frontier00669: tasks 3920,3922-3924,3926-3927,3929-3930,3933,3935,3945,3947,3949-3951,3955,3957,3959-3960,3964,3966-3967,3972-3975: Terminated
srun: error: frontier07572: task 45416: Terminated
srun: error: frontier08596: task 51688: Terminated
srun: error: frontier07962: task 47936: Terminated
srun: error: frontier00073: task 672: Terminated
srun: error: frontier10114: task 56616: Terminated
srun: error: frontier08229: task 49840: Terminated
srun: error: frontier00569: task 3192: Terminated
srun: error: frontier08354: tasks 50456,50458-50465,50467-50484,50486-50493,50495-50511: Terminated
srun: error: frontier03582: task 21280: Terminated
srun: error: frontier00409: tasks 1960,1962,1964-1973,1975-1992,1994-2000,2002-2004,2006-2008,2010-2015: Terminated
srun: error: frontier01587: task 9520: Terminated
srun: error: frontier07684: task 46088: Terminated
srun: error: frontier01584: task 9408: Terminated
srun: error: frontier01693: task 10080: Terminated
srun: error: frontier00663: tasks 3808,3830: Terminated
srun: error: frontier04755: task 28056: Terminated
srun: error: frontier00622: tasks 3248,3250-3254,3257-3262,3265-3269,3271-3278,3281-3286,3290-3293,3297-3302: Terminated
srun: error: frontier03996: tasks 23800,23802-23809,23811-23820,23822-23849,23851-23855: Terminated
srun: error: frontier07715: tasks 46704,46738: Terminated
srun: error: frontier02719: task 16296: Terminated
srun: error: frontier05020: task 29960: Terminated
srun: error: frontier01306: task 7560: Terminated
srun: error: frontier01814: task 10696: Terminated
srun: error: frontier07717: task 46760: Terminated
srun: error: frontier05408: task 32480: Terminated
srun: error: frontier06815: task 41160: Terminated
srun: error: frontier05795: task 34888: Terminated
srun: error: frontier00797: task 4480: Terminated
srun: error: frontier00926: task 5040: Terminated
srun: error: frontier00020: task 112: Terminated
srun: error: frontier06179: task 37408: Terminated
srun: error: frontier06317: task 38080: Terminated
srun: error: frontier08877: task 53536: Terminated
srun: error: frontier04149: task 24976: Terminated
srun: error: frontier05277: task 31808: Terminated
srun: error: frontier03089: task 18200: Terminated
srun: error: frontier05764: task 34328: Terminated
srun: error: frontier09231: task 55440: Terminated
srun: error: frontier07187: task 43008: Terminated
srun: error: frontier03865: task 23128: Terminated
srun: error: frontier01540: task 8848: Terminated
srun: error: frontier07862: tasks 47376,47380-47381,47383-47384,47388,47390,47392,47395-47396,47398,47400,47403-47406,47416,47419-47420,47423,47431: Terminated
srun: error: frontier06563: task 39256: Terminated
srun: error: frontier08089: task 48608: Terminated
srun: error: frontier03381: task 20048: Terminated
srun: error: frontier04517: task 26880: Terminated
srun: error: frontier07451: task 44856: Terminated
srun: error: frontier01072: task 6328: Terminated
srun: error: frontier00144: task 728: Terminated
srun: error: frontier10140: task 57288: Terminated
srun: error: frontier06814: task 41104: Terminated
srun: error: frontier08987: tasks 54208,54210-54211,54213-54215,54217-54231,54233-54237,54239-54247,54249-54253,54255-54259,54261,54263: Terminated
srun: error: frontier02581: task 15120: Terminated
srun: error: frontier07574: task 45528: Terminated
srun: error: frontier06669: task 39928: Terminated
srun: error: frontier08474: tasks 51128-51135,51137-51147,51149-51183: Terminated
srun: error: frontier04807: task 28728: Terminated
srun: error: frontier00159: task 1400: Terminated
srun: error: frontier05146: task 30576: Terminated
srun: error: frontier00928: tasks 5096-5117,5119-5151: Terminated
srun: error: frontier06939: task 41776: Terminated
srun: error: frontier06038: task 36176: Terminated
srun: error: frontier09362: task 56056: Terminated
srun: error: frontier04247: task 25648: Terminated
srun: error: frontier08709: task 52304: Terminated
srun: error: frontier05406: tasks 32424-32429,32432-32433,32441,32447,32450-32451,32460-32461,32465,32468-32469,32474,32476-32477: Terminated
srun: error: frontier06166: task 36848: Terminated
srun: error: frontier08846: task 52976: Terminated
srun: error: frontier05252: task 31248: Terminated
srun: error: frontier10125: task 56728: Terminated
srun: error: frontier00021: task 168: Terminated
srun: Force Terminated StepId=5143949.0
