Running frontier nodes=64 ranks_per_node=9 dist=hierarchical mode=fixed expected_us=10 max_upper_fanout=4
RESULT distributor=hierarchical mode=fixed expected_us=10 nodes=64 world_size=576 max_upper_fanout=4 total_tasks=20596826 elapsed_s=20.0014 throughput_tasks_per_s=1.02977e+06
MPICH Notice [Rank 0] [job id 5138959.0] [Sun Aug  2 04:25:39 2026] [frontier03200] - Abort(0) (rank 0 in comm 0): application called MPI_Abort(MPI_COMM_WORLD, 0) - process 0

aborting job:
application called MPI_Abort(MPI_COMM_WORLD, 0) - process 0
srun: error: frontier03200: task 0: Exited with exit code 255
srun: Terminating StepId=5138959.0
[2026-08-02T04:25:39.689] error: *** STEP 5138959.0 ON frontier03200 CANCELLED AT 2026-08-02T04:25:39 DUE TO TASK FAILURE ***
srun: error: frontier03200: tasks 1-8: Terminated
srun: error: frontier05498: tasks 117-125: Terminated
srun: error: frontier04845: tasks 54-62: Terminated
srun: error: frontier08956: tasks 513-521: Terminated
srun: error: frontier05495: tasks 108-116: Terminated
srun: error: frontier05886: tasks 171-179: Terminated
srun: error: frontier08044: tasks 414-422: Terminated
srun: error: frontier09211: tasks 549-557: Terminated
srun: error: frontier04222: tasks 18-26: Terminated
srun: error: frontier05372: tasks 99-107: Terminated
srun: error: frontier07262: tasks 324-332: Terminated
srun: error: frontier06899: tasks 279-287: Terminated
srun: error: frontier06010: tasks 180-188: Terminated
srun: error: frontier06382: tasks 225-233: Terminated
srun: error: frontier05370: tasks 90-98: Terminated
srun: error: frontier06655: tasks 243-251: Terminated
srun: error: frontier09192: tasks 540-548: Terminated
srun: error: frontier07676: tasks 387-395: Terminated
srun: error: frontier07648: tasks 378-386: Terminated
srun: error: frontier08190: tasks 441-449: Terminated
srun: error: frontier07137: tasks 306-314: Terminated
srun: error: frontier07423: tasks 351-359: Terminated
srun: error: frontier07932: tasks 396-404: Terminated
srun: error: frontier09084: tasks 531-539: Terminated
srun: error: frontier06630: tasks 234-242: Terminated
srun: error: frontier05760: tasks 153-161: Terminated
srun: error: frontier05884: tasks 162-170: Terminated
srun: error: frontier05630: tasks 135-143: Terminated
srun: error: frontier05101: tasks 72-80: Terminated
srun: error: frontier04599: tasks 45-53: Terminated
srun: error: frontier07520: tasks 360-368: Terminated
srun: error: frontier08830: tasks 495-503: Terminated
srun: error: frontier05759: tasks 144-152: Terminated
srun: error: frontier07036: tasks 297-305: Terminated
srun: error: frontier08954: tasks 504-512: Terminated
srun: error: frontier07162: tasks 315-323: Terminated
srun: error: frontier08571: tasks 450-458: Terminated
srun: error: frontier04475: tasks 27-35: Terminated
srun: error: frontier08700: tasks 468-476: Terminated
srun: error: frontier08701: tasks 477-485: Terminated
srun: error: frontier09331: tasks 558-566: Terminated
srun: error: frontier04218: tasks 9-17: Terminated
srun: error: frontier06371: tasks 216-224: Terminated
srun: error: frontier05102: tasks 81-89: Terminated
srun: error: frontier06748: tasks 252-260: Terminated
srun: error: frontier06014: tasks 189-197: Terminated
srun: error: frontier09083: tasks 522-530: Terminated
srun: error: frontier07292: tasks 333-341: Terminated
srun: error: frontier06897: tasks 270-278: Terminated
srun: error: frontier06767: tasks 261-269: Terminated
srun: error: frontier08189: tasks 432-440: Terminated
srun: error: frontier06260: tasks 207-215: Terminated
srun: error: frontier04577: tasks 36-44: Terminated
srun: error: frontier09442: tasks 567-575: Terminated
srun: error: frontier07422: tasks 342-350: Terminated
srun: error: frontier08063: tasks 423-431: Terminated
srun: error: frontier07002: tasks 288-296: Terminated
srun: error: frontier07545: tasks 369-377: Terminated
srun: error: frontier06231: tasks 198-206: Terminated
srun: error: frontier08572: tasks 459-467: Terminated
srun: error: frontier05629: tasks 126-134: Terminated
srun: error: frontier07933: tasks 405-413: Terminated
srun: error: frontier04846: tasks 63-71: Terminated
srun: error: frontier08829: tasks 486-494: Terminated
srun: Force Terminated StepId=5138959.0
Running frontier nodes=64 ranks_per_node=9 dist=hierarchical mode=fixed expected_us=100 max_upper_fanout=4
srun: Step created for StepId=5138959.1
RESULT distributor=hierarchical mode=fixed expected_us=100 nodes=64 world_size=576 max_upper_fanout=4 total_tasks=15577558 elapsed_s=20.0024 throughput_tasks_per_s=778783
MPICH Notice [Rank 0] [job id 5138959.1] [Sun Aug  2 04:26:00 2026] [frontier03200] - Abort(0) (rank 0 in comm 0): application called MPI_Abort(MPI_COMM_WORLD, 0) - process 0

aborting job:
application called MPI_Abort(MPI_COMM_WORLD, 0) - process 0
srun: error: frontier03200: task 0: Exited with exit code 255
srun: Terminating StepId=5138959.1
[2026-08-02T04:26:00.949] error: *** STEP 5138959.1 ON frontier03200 CANCELLED AT 2026-08-02T04:26:00 DUE TO TASK FAILURE ***
srun: error: frontier03200: tasks 1-8: Terminated
srun: error: frontier05886: tasks 171-179: Terminated
srun: error: frontier08572: tasks 459-467: Terminated
srun: error: frontier04222: tasks 18-26: Terminated
srun: error: frontier06382: tasks 225-233: Terminated
srun: error: frontier09192: tasks 540-548: Terminated
srun: error: frontier06899: tasks 279-287: Terminated
srun: error: frontier05101: tasks 72-80: Terminated
srun: error: frontier08956: tasks 513-521: Terminated
srun: error: frontier04577: tasks 36-44: Terminated
srun: error: frontier07162: tasks 315-323: Terminated
srun: error: frontier06010: tasks 180-188: Terminated
srun: error: frontier07423: tasks 351-359: Terminated
srun: error: frontier07520: tasks 360-368: Terminated
srun: error: frontier06655: tasks 243-251: Terminated
srun: error: frontier05370: tasks 90-98: Terminated
srun: error: frontier09211: tasks 549-557: Terminated
srun: error: frontier07932: tasks 396-404: Terminated
srun: error: frontier07933: tasks 405-413: Terminated
srun: error: frontier05884: tasks 162-170: Terminated
srun: error: frontier09084: tasks 531-539: Terminated
srun: error: frontier06630: tasks 234-242: Terminated
srun: error: frontier05102: tasks 81-89: Terminated
srun: error: frontier06748: tasks 252-260: Terminated
srun: error: frontier05630: tasks 135-143: Terminated
srun: error: frontier08571: tasks 450-458: Terminated
srun: error: frontier08190: tasks 441-449: Terminated
srun: error: frontier05759: tasks 144-152: Terminated
srun: error: frontier04599: tasks 45-53: Terminated
srun: error: frontier08044: tasks 414-422: Terminated
srun: error: frontier04475: tasks 27-35: Terminated
srun: error: frontier08189: tasks 432-440: Terminated
srun: error: frontier06260: tasks 207-215: Terminated
srun: error: frontier06897: tasks 270-278: Terminated
srun: error: frontier06014: tasks 189-197: Terminated
srun: error: frontier07137: tasks 306-314: Terminated
srun: error: frontier08701: tasks 477-485: Terminated
srun: error: frontier09083: tasks 522-530: Terminated
srun: error: frontier04846: tasks 63-71: Terminated
srun: error: frontier08954: tasks 504-512: Terminated
srun: error: frontier05760: tasks 153-161: Terminated
srun: error: frontier07002: tasks 288-296: Terminated
srun: error: frontier05372: tasks 99-107: Terminated
srun: error: frontier07422: tasks 342-350: Terminated
srun: error: frontier04218: tasks 9-17: Terminated
srun: error: frontier06231: tasks 198-206: Terminated
srun: error: frontier08830: tasks 495-503: Terminated
srun: error: frontier08829: tasks 486-494: Terminated
srun: error: frontier06767: tasks 261-269: Terminated
srun: error: frontier06371: tasks 216-224: Terminated
srun: error: frontier07292: tasks 333-341: Terminated
srun: error: frontier05629: tasks 126-134: Terminated
srun: error: frontier07036: tasks 297-305: Terminated
srun: error: frontier09331: tasks 558-566: Terminated
srun: error: frontier08063: tasks 423-431: Terminated
srun: error: frontier07648: tasks 378-386: Terminated
srun: error: frontier05498: tasks 117-125: Terminated
srun: error: frontier04845: tasks 54-62: Terminated
srun: error: frontier07545: tasks 369-377: Terminated
srun: error: frontier07262: tasks 324-332: Terminated
srun: error: frontier05495: tasks 108-116: Terminated
srun: error: frontier08700: tasks 468-476: Terminated
srun: error: frontier07676: tasks 387-395: Terminated
srun: error: frontier09442: tasks 567-575: Terminated
srun: Force Terminated StepId=5138959.1
Running frontier nodes=64 ranks_per_node=9 dist=hierarchical mode=fixed expected_us=1000 max_upper_fanout=4
RESULT distributor=hierarchical mode=fixed expected_us=1000 nodes=64 world_size=576 max_upper_fanout=4 total_tasks=10189062 elapsed_s=20.0096 throughput_tasks_per_s=509209
MPICH Notice [Rank 0] [job id 5138959.2] [Sun Aug  2 04:26:32 2026] [frontier03200] - Abort(0) (rank 0 in comm 0): application called MPI_Abort(MPI_COMM_WORLD, 0) - process 0

aborting job:
application called MPI_Abort(MPI_COMM_WORLD, 0) - process 0
srun: error: frontier03200: task 0: Exited with exit code 255
srun: Terminating StepId=5138959.2
[2026-08-02T04:26:32.569] error: *** STEP 5138959.2 ON frontier03200 CANCELLED AT 2026-08-02T04:26:32 DUE TO TASK FAILURE ***
srun: error: frontier03200: tasks 1-8: Terminated
srun: error: frontier04222: tasks 18-26: Terminated
srun: error: frontier06231: tasks 198-206: Terminated
srun: error: frontier08190: tasks 441-449: Terminated
srun: error: frontier07162: tasks 315-323: Terminated
srun: error: frontier07932: tasks 396-404: Terminated
srun: error: frontier08830: tasks 495-503: Terminated
srun: error: frontier04577: tasks 36-44: Terminated
srun: error: frontier04218: tasks 9-17: Terminated
srun: error: frontier06010: tasks 180-188: Terminated
srun: error: frontier05886: tasks 171-179: Terminated
srun: error: frontier06630: tasks 234-242: Terminated
srun: error: frontier09084: tasks 531-539: Terminated
srun: error: frontier06748: tasks 252-260: Terminated
srun: error: frontier05630: tasks 135-143: Terminated
srun: error: frontier05101: tasks 72-80: Terminated
srun: error: frontier06767: tasks 261-269: Terminated
srun: error: frontier08954: tasks 504-512: Terminated
srun: error: frontier07423: tasks 351-359: Terminated
srun: error: frontier05884: tasks 162-170: Terminated
srun: error: frontier06014: tasks 189-197: Terminated
srun: error: frontier04845: tasks 54-62: Terminated
srun: error: frontier08956: tasks 513-521: Terminated
srun: error: frontier09331: tasks 558-566: Terminated
srun: error: frontier06260: tasks 207-215: Terminated
srun: error: frontier07036: tasks 297-305: Terminated
srun: error: frontier09442: tasks 567-575: Terminated
srun: error: frontier05760: tasks 153-161: Terminated
srun: error: frontier06371: tasks 216-224: Terminated
srun: error: frontier05372: tasks 99-107: Terminated
srun: error: frontier09083: tasks 522-530: Terminated
srun: error: frontier08063: tasks 423-431: Terminated
srun: error: frontier07262: tasks 324-332: Terminated
srun: error: frontier07676: tasks 387-395: Terminated
srun: error: frontier05498: tasks 117-125: Terminated
srun: error: frontier04599: tasks 45-53: Terminated
srun: error: frontier07292: tasks 333-341: Terminated
srun: error: frontier07002: tasks 288-296: Terminated
srun: error: frontier08701: tasks 477-485: Terminated
srun: error: frontier05629: tasks 126-134: Terminated
srun: error: frontier04846: tasks 63-71: Terminated
srun: error: frontier08700: tasks 468-476: Terminated
srun: error: frontier07545: tasks 369-377: Terminated
srun: error: frontier08571: tasks 450-458: Terminated
srun: error: frontier09192: tasks 540-548: Terminated
srun: error: frontier08044: tasks 414-422: Terminated
srun: error: frontier04475: tasks 27-35: Terminated
srun: error: frontier05495: tasks 108-116: Terminated
srun: error: frontier05102: tasks 81-89: Terminated
srun: error: frontier06655: tasks 243-251: Terminated
srun: error: frontier05370: tasks 90-98: Terminated
srun: error: frontier07137: tasks 306-314: Terminated
srun: error: frontier05759: tasks 144-152: Terminated
srun: error: frontier08572: tasks 459-467: Terminated
srun: error: frontier08189: tasks 432-440: Terminated
srun: error: frontier06899: tasks 279-287: Terminated
srun: error: frontier08829: tasks 486-494: Terminated
srun: error: frontier09211: tasks 549-557: Terminated
srun: error: frontier07648: tasks 378-386: Terminated
srun: error: frontier06382: tasks 225-233: Terminated
srun: error: frontier07933: tasks 405-413: Terminated
srun: error: frontier07520: tasks 360-368: Terminated
srun: error: frontier06897: tasks 270-278: Terminated
srun: error: frontier07422: tasks 342-350: Terminated
srun: Force Terminated StepId=5138959.2
Running frontier nodes=64 ranks_per_node=9 dist=hierarchical mode=uniform expected_us=10 max_upper_fanout=4
srun: Step created for StepId=5138959.3
RESULT distributor=hierarchical mode=uniform expected_us=10 nodes=64 world_size=576 max_upper_fanout=4 total_tasks=20444404 elapsed_s=20.0022 throughput_tasks_per_s=1.02211e+06
MPICH Notice [Rank 0] [job id 5138959.3] [Sun Aug  2 04:26:55 2026] [frontier03200] - Abort(0) (rank 0 in comm 0): application called MPI_Abort(MPI_COMM_WORLD, 0) - process 0

aborting job:
application called MPI_Abort(MPI_COMM_WORLD, 0) - process 0
srun: error: frontier03200: task 0: Exited with exit code 255
srun: Terminating StepId=5138959.3
[2026-08-02T04:26:55.414] error: *** STEP 5138959.3 ON frontier03200 CANCELLED AT 2026-08-02T04:26:55 DUE TO TASK FAILURE ***
srun: error: frontier04577: tasks 36-44: Terminated
srun: error: frontier07423: tasks 351-359: Terminated
srun: error: frontier05101: tasks 72-80: Terminated
srun: error: frontier06655: tasks 243-251: Terminated
srun: error: frontier07932: tasks 396-404: Terminated
srun: error: frontier07292: tasks 333-341: Terminated
srun: error: frontier06371: tasks 216-224: Terminated
srun: error: frontier06014: tasks 189-197: Terminated
srun: error: frontier03200: tasks 1-8: Terminated
srun: error: frontier08830: tasks 495-503: Terminated
srun: error: frontier05759: tasks 144-152: Terminated
srun: error: frontier04599: tasks 45-53: Terminated
srun: error: frontier07520: tasks 360-368: Terminated
srun: error: frontier06260: tasks 207-215: Terminated
srun: error: frontier09331: tasks 558-566: Terminated
srun: error: frontier06382: tasks 225-233: Terminated
srun: error: frontier08189: tasks 432-440: Terminated
srun: error: frontier05102: tasks 81-89: Terminated
srun: error: frontier06748: tasks 252-260: Terminated
srun: error: frontier05498: tasks 117-125: Terminated
srun: error: frontier07137: tasks 306-314: Terminated
srun: error: frontier05760: tasks 153-161: Terminated
srun: error: frontier07422: tasks 342-350: Terminated
srun: error: frontier09211: tasks 549-557: Terminated
srun: error: frontier05884: tasks 162-170: Terminated
srun: error: frontier09442: tasks 567-575: Terminated
srun: error: frontier06231: tasks 198-206: Terminated
srun: error: frontier07162: tasks 315-323: Terminated
srun: error: frontier08700: tasks 468-476: Terminated
srun: error: frontier07545: tasks 369-377: Terminated
srun: error: frontier05886: tasks 171-179: Terminated
srun: error: frontier09084: tasks 531-539: Terminated
srun: error: frontier04218: tasks 9-17: Terminated
srun: error: frontier07676: tasks 387-395: Terminated
srun: error: frontier07648: tasks 378-386: Terminated
srun: error: frontier08572: tasks 459-467: Terminated
srun: error: frontier06010: tasks 180-188: Terminated
srun: error: frontier08190: tasks 441-449: Terminated
srun: error: frontier08956: tasks 513-521: Terminated
srun: error: frontier08701: tasks 477-485: Terminated
srun: error: frontier07933: tasks 405-413: Terminated
srun: error: frontier08063: tasks 423-431: Terminated
srun: error: frontier09083: tasks 522-530: Terminated
srun: error: frontier07036: tasks 297-305: Terminated
srun: error: frontier05629: tasks 126-134: Terminated
srun: error: frontier06899: tasks 279-287: Terminated
srun: error: frontier05370: tasks 90-98: Terminated
srun: error: frontier08954: tasks 504-512: Terminated
srun: error: frontier08829: tasks 486-494: Terminated
srun: error: frontier07262: tasks 324-332: Terminated
srun: error: frontier06897: tasks 270-278: Terminated
srun: error: frontier04846: tasks 63-71: Terminated
srun: error: frontier05630: tasks 135-143: Terminated
srun: error: frontier06630: tasks 234-242: Terminated
srun: error: frontier07002: tasks 288-296: Terminated
srun: error: frontier05372: tasks 99-107: Terminated
srun: error: frontier04222: tasks 18-26: Terminated
srun: error: frontier06767: tasks 261-269: Terminated
srun: error: frontier04845: tasks 54-62: Terminated
srun: error: frontier09192: tasks 540-548: Terminated
srun: error: frontier08571: tasks 450-458: Terminated
srun: error: frontier05495: tasks 108-116: Terminated
srun: error: frontier04475: tasks 27-35: Terminated
srun: error: frontier08044: tasks 414-422: Terminated
srun: Force Terminated StepId=5138959.3
Running frontier nodes=64 ranks_per_node=9 dist=hierarchical mode=uniform expected_us=100 max_upper_fanout=4
srun: Step created for StepId=5138959.4
RESULT distributor=hierarchical mode=uniform expected_us=100 nodes=64 world_size=576 max_upper_fanout=4 total_tasks=17571532 elapsed_s=20.0025 throughput_tasks_per_s=878466
MPICH Notice [Rank 0] [job id 5138959.4] [Sun Aug  2 04:27:16 2026] [frontier03200] - Abort(0) (rank 0 in comm 0): application called MPI_Abort(MPI_COMM_WORLD, 0) - process 0

aborting job:
application called MPI_Abort(MPI_COMM_WORLD, 0) - process 0
srun: error: frontier03200: task 0: Exited with exit code 255
srun: Terminating StepId=5138959.4
[2026-08-02T04:27:16.868] error: *** STEP 5138959.4 ON frontier03200 CANCELLED AT 2026-08-02T04:27:16 DUE TO TASK FAILURE ***
srun: error: frontier03200: tasks 1-8: Terminated
srun: error: frontier05495: tasks 108-116: Terminated
srun: error: frontier04222: tasks 18-26: Terminated
srun: error: frontier07162: tasks 315-323: Terminated
srun: error: frontier05884: tasks 162-170: Terminated
srun: error: frontier07676: tasks 387-395: Terminated
srun: error: frontier06010: tasks 180-188: Terminated
srun: error: frontier05760: tasks 153-161: Terminated
srun: error: frontier07648: tasks 378-386: Terminated
srun: error: frontier05886: tasks 171-179: Terminated
srun: error: frontier06231: tasks 198-206: Terminated
srun: error: frontier06382: tasks 225-233: Terminated
srun: error: frontier08044: tasks 414-422: Terminated
srun: error: frontier05372: tasks 99-107: Terminated
srun: error: frontier06897: tasks 270-278: Terminated
srun: error: frontier06014: tasks 189-197: Terminated
srun: error: frontier05759: tasks 144-152: Terminated
srun: error: frontier07545: tasks 369-377: Terminated
srun: error: frontier07002: tasks 288-296: Terminated
srun: error: frontier09211: tasks 549-557: Terminated
srun: error: frontier06630: tasks 234-242: Terminated
srun: error: frontier05102: tasks 81-89: Terminated
srun: error: frontier08954: tasks 504-512: Terminated
srun: error: frontier09084: tasks 531-539: Terminated
srun: error: frontier07932: tasks 396-404: Terminated
srun: error: frontier07423: tasks 351-359: Terminated
srun: error: frontier05370: tasks 90-98: Terminated
srun: error: frontier06655: tasks 243-251: Terminated
srun: error: frontier07520: tasks 360-368: Terminated
srun: error: frontier05630: tasks 135-143: Terminated
srun: error: frontier05101: tasks 72-80: Terminated
srun: error: frontier08956: tasks 513-521: Terminated
srun: error: frontier08829: tasks 486-494: Terminated
srun: error: frontier04599: tasks 45-53: Terminated
srun: error: frontier04577: tasks 36-44: Terminated
srun: error: frontier06260: tasks 207-215: Terminated
srun: error: frontier06748: tasks 252-260: Terminated
srun: error: frontier09442: tasks 567-575: Terminated
srun: error: frontier08700: tasks 468-476: Terminated
srun: error: frontier06767: tasks 261-269: Terminated
srun: error: frontier08571: tasks 450-458: Terminated
srun: error: frontier05498: tasks 117-125: Terminated
srun: error: frontier07137: tasks 306-314: Terminated
srun: error: frontier04218: tasks 9-17: Terminated
srun: error: frontier09083: tasks 522-530: Terminated
srun: error: frontier04475: tasks 27-35: Terminated
srun: error: frontier04845: tasks 54-62: Terminated
srun: error: frontier07036: tasks 297-305: Terminated
srun: error: frontier09331: tasks 558-566: Terminated
srun: error: frontier08063: tasks 423-431: Terminated
srun: error: frontier07262: tasks 324-332: Terminated
srun: error: frontier06899: tasks 279-287: Terminated
srun: error: frontier08190: tasks 441-449: Terminated
srun: error: frontier05629: tasks 126-134: Terminated
srun: error: frontier07933: tasks 405-413: Terminated
srun: error: frontier08830: tasks 495-503: Terminated
srun: error: frontier08572: tasks 459-467: Terminated
srun: error: frontier09192: tasks 540-548: Terminated
srun: error: frontier08189: tasks 432-440: Terminated
srun: error: frontier06371: tasks 216-224: Terminated
srun: error: frontier07422: tasks 342-350: Terminated
srun: error: frontier04846: tasks 63-71: Terminated
srun: error: frontier08701: tasks 477-485: Terminated
srun: error: frontier07292: tasks 333-341: Terminated
srun: Force Terminated StepId=5138959.4
Running frontier nodes=64 ranks_per_node=9 dist=hierarchical mode=uniform expected_us=1000 max_upper_fanout=4
srun: Step created for StepId=5138959.5
RESULT distributor=hierarchical mode=uniform expected_us=1000 nodes=64 world_size=576 max_upper_fanout=4 total_tasks=10186038 elapsed_s=20.0103 throughput_tasks_per_s=509039
MPICH Notice [Rank 0] [job id 5138959.5] [Sun Aug  2 04:27:43 2026] [frontier03200] - Abort(0) (rank 0 in comm 0): application called MPI_Abort(MPI_COMM_WORLD, 0) - process 0

aborting job:
application called MPI_Abort(MPI_COMM_WORLD, 0) - process 0
srun: error: frontier03200: task 0: Exited with exit code 255
srun: Terminating StepId=5138959.5
[2026-08-02T04:27:44.613] error: *** STEP 5138959.5 ON frontier03200 CANCELLED AT 2026-08-02T04:27:44 DUE TO TASK FAILURE ***
srun: error: frontier08063: tasks 423-431: Terminated
srun: error: frontier03200: tasks 1-8: Terminated
srun: error: frontier08190: tasks 441-449: Terminated
srun: error: frontier04577: tasks 36-44: Terminated
srun: error: frontier06899: tasks 279-287: Terminated
srun: error: frontier04222: tasks 18-26: Terminated
srun: error: frontier06382: tasks 225-233: Terminated
srun: error: frontier06010: tasks 180-188: Terminated
srun: error: frontier09084: tasks 531-539: Terminated
srun: error: frontier05101: tasks 72-80: Terminated
srun: error: frontier05886: tasks 171-179: Terminated
srun: error: frontier07648: tasks 378-386: Terminated
srun: error: frontier06655: tasks 243-251: Terminated
srun: error: frontier09192: tasks 540-548: Terminated
srun: error: frontier06014: tasks 189-197: Terminated
srun: error: frontier07932: tasks 396-404: Terminated
srun: error: frontier07423: tasks 351-359: Terminated
srun: error: frontier08044: tasks 414-422: Terminated
srun: error: frontier09442: tasks 567-575: Terminated
srun: error: frontier08954: tasks 504-512: Terminated
srun: error: frontier09211: tasks 549-557: Terminated
srun: error: frontier09083: tasks 522-530: Terminated
srun: error: frontier06260: tasks 207-215: Terminated
srun: error: frontier06371: tasks 216-224: Terminated
srun: error: frontier08701: tasks 477-485: Terminated
srun: error: frontier08829: tasks 486-494: Terminated
srun: error: frontier07292: tasks 333-341: Terminated
srun: error: frontier07002: tasks 288-296: Terminated
srun: error: frontier04846: tasks 63-71: Terminated
srun: error: frontier08571: tasks 450-458: Terminated
srun: error: frontier08956: tasks 513-521: Terminated
srun: error: frontier04845: tasks 54-62: Terminated
srun: error: frontier08830: tasks 495-503: Terminated
srun: error: frontier09331: tasks 558-566: Terminated
srun: error: frontier07162: tasks 315-323: Terminated
srun: error: frontier06748: tasks 252-260: Terminated
srun: error: frontier07545: tasks 369-377: Terminated
srun: error: frontier05884: tasks 162-170: Terminated
srun: error: frontier04218: tasks 9-17: Terminated
srun: error: frontier08700: tasks 468-476: Terminated
srun: error: frontier05498: tasks 117-125: Terminated
srun: error: frontier07262: tasks 324-332: Terminated
srun: error: frontier04475: tasks 27-35: Terminated
srun: error: frontier05629: tasks 126-134: Terminated
srun: error: frontier05372: tasks 99-107: Terminated
srun: error: frontier05760: tasks 153-161: Terminated
srun: error: frontier07036: tasks 297-305: Terminated
srun: error: frontier06767: tasks 261-269: Terminated
srun: error: frontier05102: tasks 81-89: Terminated
srun: error: frontier06630: tasks 234-242: Terminated
srun: error: frontier04599: tasks 45-53: Terminated
srun: error: frontier05495: tasks 108-116: Terminated
srun: error: frontier08189: tasks 432-440: Terminated
srun: error: frontier07676: tasks 387-395: Terminated
srun: error: frontier05630: tasks 135-143: Terminated
srun: error: frontier06231: tasks 198-206: Terminated
srun: error: frontier08572: tasks 459-467: Terminated
srun: error: frontier05759: tasks 144-152: Terminated
srun: error: frontier07137: tasks 306-314: Terminated
srun: error: frontier05370: tasks 90-98: Terminated
srun: error: frontier07520: tasks 360-368: Terminated
srun: error: frontier07933: tasks 405-413: Terminated
srun: error: frontier06897: tasks 270-278: Terminated
srun: error: frontier07422: tasks 342-350: Terminated
srun: Force Terminated StepId=5138959.5
Running frontier nodes=64 ranks_per_node=9 dist=hierarchical_lockfree_rma mode=fixed expected_us=10 max_upper_fanout=4
srun: Step created for StepId=5138959.6
RESULT distributor=hierarchical_lockfree_rma mode=fixed expected_us=10 nodes=64 world_size=576 max_upper_fanout=4 total_tasks=17855808 elapsed_s=20.0001 throughput_tasks_per_s=892787
MPICH Notice [Rank 0] [job id 5138959.6] [Sun Aug  2 04:28:30 2026] [frontier03200] - Abort(0) (rank 0 in comm 0): application called MPI_Abort(MPI_COMM_WORLD, 0) - process 0

aborting job:
application called MPI_Abort(MPI_COMM_WORLD, 0) - process 0
srun: error: frontier03200: task 0: Exited with exit code 255
srun: Terminating StepId=5138959.6
[2026-08-02T04:28:31.446] error: *** STEP 5138959.6 ON frontier03200 CANCELLED AT 2026-08-02T04:28:31 DUE TO TASK FAILURE ***
srun: error: frontier04577: tasks 37-44: Terminated
srun: error: frontier07520: tasks 361-368: Terminated
srun: error: frontier04475: tasks 28-32,34: Terminated
srun: error: frontier05101: tasks 73-80: Terminated
srun: error: frontier06260: tasks 209-212,214-215: Terminated
srun: error: frontier08044: tasks 415-417,420-422: Terminated
srun: error: frontier07292: tasks 334-341: Terminated
srun: error: frontier07422: tasks 343-350: Terminated
srun: error: frontier05102: tasks 82-89: Terminated
srun: error: frontier08700: tasks 469-476: Terminated
srun: error: frontier06382: tasks 226-233: Terminated
srun: error: frontier04845: tasks 55-62: Terminated
srun: error: frontier06767: tasks 262-269: Terminated
srun: error: frontier07262: tasks 325-330,332: Terminated
srun: error: frontier08830: tasks 496-503: Terminated
srun: error: frontier05759: tasks 145-152: Terminated
srun: error: frontier04599: tasks 46-47,49-51,53: Terminated
srun: error: frontier07932: tasks 397-404: Terminated
srun: error: frontier07162: tasks 316-323: Terminated
srun: error: frontier08189: tasks 433-440: Terminated
srun: error: frontier06655: tasks 244-251: Terminated
srun: error: frontier05495: tasks 109-116: Terminated
srun: error: frontier08956: tasks 514-521: Terminated
srun: error: frontier06748: tasks 253-260: Terminated
srun: error: frontier07423: tasks 352-359: Terminated
srun: error: frontier09331: tasks 559-566: Terminated
srun: error: frontier04218: tasks 10-17: Terminated
srun: error: frontier07137: tasks 307,309-314: Terminated
srun: error: frontier08190: tasks 442-448: Terminated
srun: error: frontier06010: tasks 182-188: Terminated
srun: error: frontier08063: tasks 424-431: Terminated
srun: error: frontier06630: tasks 235-242: Terminated
srun: error: frontier07545: tasks 370-371,373-375,377: Terminated
srun: error: frontier07002: tasks 289-296: Terminated
srun: error: frontier05372: tasks 100-107: Terminated
srun: error: frontier08829: tasks 487-494: Terminated
srun: error: frontier08572: tasks 460-467: Terminated
srun: error: frontier06897: tasks 271-278: Terminated
srun: error: frontier07676: tasks 388-395: Terminated
srun: error: frontier07648: tasks 379-386: Terminated
srun: error: frontier05886: tasks 172-179: Terminated
srun: error: frontier08571: tasks 451-458: Terminated
srun: error: frontier04846: tasks 64-71: Terminated
srun: error: frontier06371: tasks 217-224: Terminated
srun: error: frontier09084: tasks 532-538: Terminated
srun: error: frontier09083: tasks 523-530: Terminated
srun: error: frontier08701: tasks 478-485: Terminated
srun: error: frontier09192: tasks 541-547: Terminated
srun: error: frontier05498: tasks 118-120,122-125: Terminated
srun: error: frontier04222: tasks 19-26: Terminated
srun: error: frontier07933: tasks 406-413: Terminated
srun: error: frontier05370: tasks 91-98: Terminated
srun: error: frontier06899: tasks 280-287: Terminated
srun: error: frontier03200: tasks 2-8: Terminated
srun: error: frontier05630: tasks 136-143: Terminated
srun: error: frontier08954: tasks 505-512: Terminated
srun: error: frontier06014: tasks 190-197: Terminated
srun: error: frontier06231: tasks 199-206: Terminated
srun: error: frontier09211: tasks 550-557: Terminated
srun: error: frontier05629: tasks 127-134: Terminated
srun: error: frontier07036: tasks 298-305: Terminated
srun: error: frontier05884: tasks 163-170: Terminated
srun: error: frontier05760: tasks 154-161: Terminated
srun: error: frontier08044: tasks 418-419: Terminated
srun: error: frontier09442: tasks 568-575: Terminated
srun: error: frontier04475: tasks 33,35: Terminated
srun: error: frontier06260: tasks 208,213: Terminated
srun: error: frontier07262: task 331: Terminated
srun: error: frontier04599: tasks 48,52: Terminated
srun: error: frontier07137: task 308: Terminated
srun: error: frontier08190: task 449: Terminated
srun: error: frontier06010: task 181: Terminated
srun: error: frontier07545: tasks 372,376: Terminated
srun: error: frontier09084: task 539: Terminated
srun: error: frontier09192: task 548: Terminated
srun: error: frontier05498: task 121: Terminated
srun: error: frontier06630: task 234: Terminated
srun: error: frontier07162: task 315: Terminated
srun: error: frontier06897: task 270: Terminated
srun: error: frontier09331: task 558: Terminated
srun: error: frontier06767: task 261: Terminated
srun: error: frontier06382: task 225: Terminated
srun: error: frontier05102: task 81: Terminated
srun: error: frontier07423: task 351: Terminated
srun: error: frontier06014: task 189: Terminated
srun: error: frontier05372: task 99: Terminated
srun: error: frontier04845: task 54: Terminated
srun: error: frontier08701: task 477: Terminated
srun: error: frontier06655: task 243: Terminated
srun: error: frontier04218: task 9: Terminated
srun: error: frontier08956: task 513: Terminated
srun: error: frontier07648: task 378: Terminated
srun: error: frontier07292: task 333: Terminated
srun: error: frontier07137: task 306: Terminated
srun: error: frontier04846: task 63: Terminated
srun: error: frontier07676: task 387: Terminated
srun: error: frontier09083: task 522: Terminated
srun: error: frontier08829: task 486: Terminated
srun: error: frontier04222: task 18: Terminated
srun: error: frontier07036: task 297: Terminated
srun: error: frontier06899: task 279: Terminated
srun: error: frontier05886: task 171: Terminated
srun: error: frontier05760: task 153: Terminated
srun: error: frontier08830: task 495: Terminated
srun: error: frontier05498: task 117: Terminated
srun: error: frontier08572: task 459: Terminated
srun: error: frontier09211: task 549: Terminated
srun: error: frontier06231: task 198: Terminated
srun: error: frontier05629: task 126: Terminated
srun: error: frontier05630: task 135: Terminated
srun: error: frontier07933: task 405: Terminated
srun: error: frontier07422: task 342: Terminated
srun: error: frontier05370: task 90: Terminated
srun: error: frontier08063: task 423: Terminated
srun: error: frontier07545: task 369: Terminated
srun: error: frontier04599: task 45: Terminated
srun: error: frontier08571: task 450: Terminated
srun: error: frontier09084: task 531: Terminated
srun: error: frontier06260: task 207: Terminated
srun: error: frontier04475: task 27: Terminated
srun: error: frontier05884: task 162: Terminated
srun: error: frontier08044: task 414: Terminated
srun: error: frontier08190: task 441: Terminated
srun: error: frontier09442: task 567: Terminated
srun: error: frontier07520: task 360: Terminated
srun: error: frontier05495: task 108: Terminated
srun: error: frontier04577: task 36: Terminated
srun: error: frontier06748: task 252: Terminated
srun: error: frontier07262: task 324: Terminated
srun: error: frontier05101: task 72: Terminated
srun: error: frontier08700: task 468: Terminated
srun: error: frontier08954: task 504: Terminated
srun: error: frontier07932: task 396: Terminated
srun: error: frontier06371: task 216: Terminated
srun: error: frontier09192: task 540: Terminated
srun: error: frontier06010: task 180: Terminated
srun: error: frontier08189: task 432: Terminated
srun: error: frontier07002: task 288: Terminated
srun: error: frontier03200: task 1: Terminated
srun: error: frontier05759: task 144: Terminated
srun: Force Terminated StepId=5138959.6
Running frontier nodes=64 ranks_per_node=9 dist=hierarchical_lockfree_rma mode=fixed expected_us=100 max_upper_fanout=4
srun: Step created for StepId=5138959.7
RESULT distributor=hierarchical_lockfree_rma mode=fixed expected_us=100 nodes=64 world_size=576 max_upper_fanout=4 total_tasks=15219487 elapsed_s=20.0003 throughput_tasks_per_s=760964
MPICH Notice [Rank 0] [job id 5138959.7] [Sun Aug  2 04:29:38 2026] [frontier03200] - Abort(0) (rank 0 in comm 0): application called MPI_Abort(MPI_COMM_WORLD, 0) - process 0

aborting job:
application called MPI_Abort(MPI_COMM_WORLD, 0) - process 0
srun: error: frontier03200: task 0: Exited with exit code 255
srun: Terminating StepId=5138959.7
[2026-08-02T04:29:39.419] error: *** STEP 5138959.7 ON frontier03200 CANCELLED AT 2026-08-02T04:29:39 DUE TO TASK FAILURE ***
srun: error: frontier07002: tasks 289-296: Terminated
srun: error: frontier06748: tasks 253-260: Terminated
srun: error: frontier08700: tasks 469-476: Terminated
srun: error: frontier06897: tasks 271-278: Terminated
srun: error: frontier05495: tasks 109-116: Terminated
srun: error: frontier08956: tasks 514-521: Terminated
srun: error: frontier09083: tasks 523-530: Terminated
srun: error: frontier06014: tasks 190-197: Terminated
srun: error: frontier09331: tasks 559-566: Terminated
srun: error: frontier07292: tasks 334-341: Terminated
srun: error: frontier04577: tasks 37-44: Terminated
srun: error: frontier06767: tasks 262-269: Terminated
srun: error: frontier05370: tasks 91-98: Terminated
srun: error: frontier08063: tasks 424-431: Terminated
srun: error: frontier09192: tasks 541-548: Terminated
srun: error: frontier08830: tasks 496-503: Terminated
srun: error: frontier04845: tasks 55-62: Terminated
srun: error: frontier07933: tasks 406-413: Terminated
srun: error: frontier07262: tasks 325-332: Terminated
srun: error: frontier06655: tasks 244-251: Terminated
srun: error: frontier03200: tasks 2-8: Terminated
srun: error: frontier06260: tasks 208-215: Terminated
srun: error: frontier06630: tasks 235-242: Terminated
srun: error: frontier06382: tasks 226-233: Terminated
srun: error: frontier07422: tasks 343-350: Terminated
srun: error: frontier04475: tasks 28-35: Terminated
srun: error: frontier07932: tasks 397-404: Terminated
srun: error: frontier08701: tasks 478-485: Terminated
srun: error: frontier07137: tasks 307-314: Terminated
srun: error: frontier05372: tasks 100-107: Terminated
srun: error: frontier06899: tasks 280-287: Terminated
srun: error: frontier04599: tasks 46-53: Terminated
srun: error: frontier05102: tasks 82-89: Terminated
srun: error: frontier07520: tasks 361-368: Terminated
srun: error: frontier09084: tasks 532-539: Terminated
srun: error: frontier09442: tasks 568-575: Terminated
srun: error: frontier04846: tasks 64-71: Terminated
srun: error: frontier07545: tasks 370-377: Terminated
srun: error: frontier05498: tasks 118-125: Terminated
srun: error: frontier05630: tasks 136-143: Terminated
srun: error: frontier06371: tasks 217-224: Terminated
srun: error: frontier04222: tasks 19-26: Terminated
srun: error: frontier05629: tasks 127-134: Terminated
srun: error: frontier04218: tasks 10-17: Terminated
srun: error: frontier05759: tasks 145-152: Terminated
srun: error: frontier06010: tasks 181-188: Terminated
srun: error: frontier08954: tasks 505-512: Terminated
srun: error: frontier06231: tasks 199-206: Terminated
srun: error: frontier05760: tasks 154-161: Terminated
srun: error: frontier07648: tasks 379-386: Terminated
srun: error: frontier09211: tasks 550-557: Terminated
srun: error: frontier08572: tasks 460-467: Terminated
srun: error: frontier05101: tasks 73-80: Terminated
srun: error: frontier07162: tasks 316-323: Terminated
srun: error: frontier05884: tasks 163-170: Terminated
srun: error: frontier08189: tasks 433-440: Terminated
srun: error: frontier08571: tasks 451-458: Terminated
srun: error: frontier08829: tasks 487-494: Terminated
srun: error: frontier07036: tasks 298-305: Terminated
srun: error: frontier07676: tasks 388-395: Terminated
srun: error: frontier08044: tasks 415-422: Terminated
srun: error: frontier08190: tasks 442-449: Terminated
srun: error: frontier07423: tasks 352-359: Terminated
srun: error: frontier05886: tasks 172-179: Terminated
srun: error: frontier06014: task 189: Terminated
srun: error: frontier06897: task 270: Terminated
srun: error: frontier08190: task 441: Terminated
srun: error: frontier08830: task 495: Terminated
srun: error: frontier07137: task 306: Terminated
srun: error: frontier07292: task 333: Terminated
srun: error: frontier08063: task 423: Terminated
srun: error: frontier06630: task 234: Terminated
srun: error: frontier04599: task 45: Terminated
srun: error: frontier06382: task 225: Terminated
srun: error: frontier04475: task 27: Terminated
srun: error: frontier09331: task 558: Terminated
srun: error: frontier07933: task 405: Terminated
srun: error: frontier07423: task 351: Terminated
srun: error: frontier06231: task 198: Terminated
srun: error: frontier05760: task 153: Terminated
srun: error: frontier08956: task 513: Terminated
srun: error: frontier05370: task 90: Terminated
srun: error: frontier05630: task 135: Terminated
srun: error: frontier09084: task 531: Terminated
srun: error: frontier05102: task 81: Terminated
srun: error: frontier04845: task 54: Terminated
srun: error: frontier05372: task 99: Terminated
srun: error: frontier05629: task 126: Terminated
srun: error: frontier06767: task 261: Terminated
srun: error: frontier07162: task 315: Terminated
srun: error: frontier04846: task 63: Terminated
srun: error: frontier08701: task 477: Terminated
srun: error: frontier09211: task 549: Terminated
srun: error: frontier04218: task 9: Terminated
srun: error: frontier07422: task 342: Terminated
srun: error: frontier06899: task 279: Terminated
srun: error: frontier09083: task 522: Terminated
srun: error: frontier04222: task 18: Terminated
srun: error: frontier07648: task 378: Terminated
srun: error: frontier09442: task 567: Terminated
srun: error: frontier06260: task 207: Terminated
srun: error: frontier07036: task 297: Terminated
srun: error: frontier07676: task 387: Terminated
srun: error: frontier07545: task 369: Terminated
srun: error: frontier05498: task 117: Terminated
srun: error: frontier08044: task 414: Terminated
srun: error: frontier08829: task 486: Terminated
srun: error: frontier06655: task 243: Terminated
srun: error: frontier05886: task 171: Terminated
srun: error: frontier05884: task 162: Terminated
srun: error: frontier08571: task 450: Terminated
srun: error: frontier08572: task 459: Terminated
srun: error: frontier08954: task 504: Terminated
srun: error: frontier05495: task 108: Terminated
srun: error: frontier08700: task 468: Terminated
srun: error: frontier07262: task 324: Terminated
srun: error: frontier09192: task 540: Terminated
srun: error: frontier07520: task 360: Terminated
srun: error: frontier04577: task 36: Terminated
srun: error: frontier06371: task 216: Terminated
srun: error: frontier07932: task 396: Terminated
srun: error: frontier06010: task 180: Terminated
srun: error: frontier05101: task 72: Terminated
srun: error: frontier06748: task 252: Terminated
srun: error: frontier07002: task 288: Terminated
srun: error: frontier08189: task 432: Terminated
srun: error: frontier03200: task 1: Terminated
srun: error: frontier05759: task 144: Terminated
srun: Force Terminated StepId=5138959.7
Running frontier nodes=64 ranks_per_node=9 dist=hierarchical_lockfree_rma mode=fixed expected_us=1000 max_upper_fanout=4
RESULT distributor=hierarchical_lockfree_rma mode=fixed expected_us=1000 nodes=64 world_size=576 max_upper_fanout=4 total_tasks=3867816 elapsed_s=20.0003 throughput_tasks_per_s=193388
MPICH Notice [Rank 0] [job id 5138959.8] [Sun Aug  2 04:30:30 2026] [frontier03200] - Abort(0) (rank 0 in comm 0): application called MPI_Abort(MPI_COMM_WORLD, 0) - process 0

aborting job:
application called MPI_Abort(MPI_COMM_WORLD, 0) - process 0
srun: error: frontier03200: task 0: Exited with exit code 255
srun: Terminating StepId=5138959.8
[2026-08-02T04:30:33.645] error: *** STEP 5138959.8 ON frontier03200 CANCELLED AT 2026-08-02T04:30:33 DUE TO TASK FAILURE ***
srun: error: frontier04222: tasks 19-26: Terminated
srun: error: frontier06767: tasks 262-269: Terminated
srun: error: frontier07002: tasks 289-296: Terminated
srun: error: frontier07036: tasks 298-305: Terminated
srun: error: frontier07137: tasks 307-314: Terminated
srun: error: frontier06899: tasks 280-287: Terminated
srun: error: frontier06231: tasks 199-206: Terminated
srun: error: frontier09442: tasks 568-575: Terminated
srun: error: frontier04845: tasks 55-62: Terminated
srun: error: frontier08190: tasks 442-449: Terminated
srun: error: frontier04577: tasks 37-44: Terminated
srun: error: frontier07545: tasks 370-377: Terminated
srun: error: frontier05101: tasks 73-80: Terminated
srun: error: frontier06382: tasks 226-233: Terminated
srun: error: frontier03200: tasks 2-8: Terminated
srun: error: frontier09211: tasks 550-557: Terminated
srun: error: frontier06748: tasks 253-260: Terminated
srun: error: frontier07423: tasks 352-359: Terminated
srun: error: frontier06010: tasks 181-188: Terminated
srun: error: frontier07676: tasks 388-395: Terminated
srun: error: frontier05495: tasks 109-116: Terminated
srun: error: frontier05372: tasks 100-107: Terminated
srun: error: frontier06371: tasks 217-224: Terminated
srun: error: frontier05102: tasks 82-89: Terminated
srun: error: frontier07648: tasks 379-386: Terminated
srun: error: frontier05630: tasks 136-143: Terminated
srun: error: frontier09331: tasks 559-566: Terminated
srun: error: frontier08572: tasks 460-467: Terminated
srun: error: frontier09192: tasks 541-548: Terminated
srun: error: frontier07933: tasks 406-413: Terminated
srun: error: frontier08189: tasks 433-440: Terminated
srun: error: frontier06014: tasks 190-197: Terminated
srun: error: frontier07520: tasks 361-368: Terminated
srun: error: frontier06655: tasks 244-251: Terminated
srun: error: frontier05884: tasks 163-170: Terminated
srun: error: frontier06260: tasks 208-215: Terminated
srun: error: frontier06897: tasks 271-278: Terminated
srun: error: frontier08956: tasks 514-521: Terminated
srun: error: frontier07422: tasks 343-350: Terminated
srun: error: frontier04218: tasks 10-17: Terminated
srun: error: frontier05370: tasks 91-98: Terminated
srun: error: frontier07162: tasks 316-323: Terminated
srun: error: frontier09084: tasks 532-539: Terminated
srun: error: frontier04475: tasks 28-35: Terminated
srun: error: frontier07292: tasks 334-341: Terminated
srun: error: frontier08571: tasks 451-458: Terminated
srun: error: frontier05498: tasks 118-125: Terminated
srun: error: frontier08829: tasks 487-494: Terminated
srun: error: frontier08701: tasks 478-485: Terminated
srun: error: frontier07932: tasks 397-404: Terminated
srun: error: frontier08830: tasks 496-503: Terminated
srun: error: frontier07262: tasks 325-332: Terminated
srun: error: frontier04846: tasks 64-71: Terminated
srun: error: frontier05759: tasks 145-152: Terminated
srun: error: frontier05629: tasks 127-134: Terminated
srun: error: frontier06630: tasks 235-242: Terminated
srun: error: frontier08700: tasks 469-476: Terminated
srun: error: frontier09083: tasks 523-530: Terminated
srun: error: frontier05760: tasks 154-161: Terminated
srun: error: frontier05886: tasks 172-179: Terminated
srun: error: frontier08044: tasks 415-422: Terminated
srun: error: frontier04599: tasks 46-53: Terminated
srun: error: frontier08063: tasks 424-431: Terminated
srun: error: frontier08954: tasks 505-512: Terminated
srun: error: frontier06897: task 270: Terminated
srun: error: frontier08190: task 441: Terminated
srun: error: frontier07648: task 378: Terminated
srun: error: frontier06899: task 279: Terminated
srun: error: frontier07137: task 306: Terminated
srun: error: frontier08063: task 423: Terminated
srun: error: frontier06014: task 189: Terminated
srun: error: frontier09442: task 567: Terminated
srun: error: frontier09211: task 549: Terminated
srun: error: frontier07036: task 297: Terminated
srun: error: frontier06382: task 225: Terminated
srun: error: frontier06231: task 198: Terminated
srun: error: frontier05630: task 135: Terminated
srun: error: frontier09331: task 558: Terminated
srun: error: frontier05372: task 99: Terminated
srun: error: frontier07292: task 333: Terminated
srun: error: frontier08830: task 495: Terminated
srun: error: frontier07162: task 315: Terminated
srun: error: frontier05760: task 153: Terminated
srun: error: frontier05370: task 90: Terminated
srun: error: frontier06630: task 234: Terminated
srun: error: frontier07676: task 387: Terminated
srun: error: frontier09084: task 531: Terminated
srun: error: frontier05102: task 81: Terminated
srun: error: frontier08829: task 486: Terminated
srun: error: frontier08956: task 513: Terminated
srun: error: frontier04846: task 63: Terminated
srun: error: frontier04599: task 45: Terminated
srun: error: frontier05629: task 126: Terminated
srun: error: frontier07933: task 405: Terminated
srun: error: frontier06655: task 243: Terminated
srun: error: frontier08701: task 477: Terminated
srun: error: frontier07545: task 369: Terminated
srun: error: frontier04475: task 27: Terminated
srun: error: frontier06260: task 207: Terminated
srun: error: frontier05884: task 162: Terminated
srun: error: frontier04222: task 18: Terminated
srun: error: frontier09083: task 522: Terminated
srun: error: frontier04218: task 9: Terminated
srun: error: frontier04845: task 54: Terminated
srun: error: frontier06767: task 261: Terminated
srun: error: frontier07422: task 342: Terminated
srun: error: frontier08571: task 450: Terminated
srun: error: frontier05498: task 117: Terminated
srun: error: frontier07423: task 351: Terminated
srun: error: frontier05886: task 171: Terminated
srun: error: frontier08572: task 459: Terminated
srun: error: frontier08044: task 414: Terminated
srun: error: frontier05495: task 108: Terminated
srun: error: frontier04577: task 36: Terminated
srun: error: frontier06748: task 252: Terminated
srun: error: frontier07520: task 360: Terminated
srun: error: frontier07262: task 324: Terminated
srun: error: frontier05101: task 72: Terminated
srun: error: frontier06371: task 216: Terminated
srun: error: frontier09192: task 540: Terminated
srun: error: frontier07932: task 396: Terminated
srun: error: frontier08700: task 468: Terminated
srun: error: frontier06010: task 180: Terminated
srun: error: frontier08954: task 504: Terminated
srun: error: frontier07002: task 288: Terminated
srun: error: frontier05759: task 144: Terminated
srun: error: frontier03200: task 1: Terminated
srun: error: frontier08189: task 432: Terminated
srun: Force Terminated StepId=5138959.8
Running frontier nodes=64 ranks_per_node=9 dist=hierarchical_lockfree_rma mode=uniform expected_us=10 max_upper_fanout=4
srun: Step created for StepId=5138959.9
RESULT distributor=hierarchical_lockfree_rma mode=uniform expected_us=10 nodes=64 world_size=576 max_upper_fanout=4 total_tasks=17809168 elapsed_s=20.0005 throughput_tasks_per_s=890436
MPICH Notice [Rank 0] [job id 5138959.9] [Sun Aug  2 04:31:27 2026] [frontier03200] - Abort(0) (rank 0 in comm 0): application called MPI_Abort(MPI_COMM_WORLD, 0) - process 0

aborting job:
application called MPI_Abort(MPI_COMM_WORLD, 0) - process 0
srun: error: frontier03200: task 0: Exited with exit code 255
srun: Terminating StepId=5138959.9
[2026-08-02T04:31:28.906] error: *** STEP 5138959.9 ON frontier03200 CANCELLED AT 2026-08-02T04:31:28 DUE TO TASK FAILURE ***
srun: error: frontier03200: tasks 2-8: Terminated
srun: error: frontier08701: tasks 478-485: Terminated
srun: error: frontier08829: tasks 487-494: Terminated
srun: error: frontier04577: tasks 37-44: Terminated
srun: error: frontier08189: tasks 433-440: Terminated
srun: error: frontier05101: tasks 73-80: Terminated
srun: error: frontier08956: tasks 514-521: Terminated
srun: error: frontier09083: tasks 523-530: Terminated
srun: error: frontier08954: tasks 505-512: Terminated
srun: error: frontier06260: tasks 208-215: Terminated
srun: error: frontier09192: tasks 541-548: Terminated
srun: error: frontier05630: tasks 136-143: Terminated
srun: error: frontier06010: tasks 181-188: Terminated
srun: error: frontier08190: tasks 442-449: Terminated
srun: error: frontier07162: tasks 316-323: Terminated
srun: error: frontier04218: tasks 10-17: Terminated
srun: error: frontier05495: tasks 109-116: Terminated
srun: error: frontier06748: tasks 253-260: Terminated
srun: error: frontier07545: tasks 370-377: Terminated
srun: error: frontier08571: tasks 451-458: Terminated
srun: error: frontier06014: tasks 190-197: Terminated
srun: error: frontier09331: tasks 559-566: Terminated
srun: error: frontier07423: tasks 352-359: Terminated
srun: error: frontier05629: tasks 127-134: Terminated
srun: error: frontier04475: tasks 28-35: Terminated
srun: error: frontier04846: tasks 64-71: Terminated
srun: error: frontier06630: tasks 235-242: Terminated
srun: error: frontier05760: tasks 154-161: Terminated
srun: error: frontier05884: tasks 163-170: Terminated
srun: error: frontier06767: tasks 262-269: Terminated
srun: error: frontier08044: tasks 415-422: Terminated
srun: error: frontier07002: tasks 289-296: Terminated
srun: error: frontier09442: tasks 568-575: Terminated
srun: error: frontier08830: tasks 496-503: Terminated
srun: error: frontier06371: tasks 217-224: Terminated
srun: error: frontier04599: tasks 46-53: Terminated
srun: error: frontier06231: tasks 199-206: Terminated
srun: error: frontier08063: tasks 424-431: Terminated
srun: error: frontier07648: tasks 379-386: Terminated
srun: error: frontier07036: tasks 298-305: Terminated
srun: error: frontier06899: tasks 280-287: Terminated
srun: error: frontier06382: tasks 226-233: Terminated
srun: error: frontier08572: tasks 460-467: Terminated
srun: error: frontier04845: tasks 55-62: Terminated
srun: error: frontier05886: tasks 172-179: Terminated
srun: error: frontier09211: tasks 550-557: Terminated
srun: error: frontier05372: tasks 100-107: Terminated
srun: error: frontier07262: tasks 325-332: Terminated
srun: error: frontier07292: tasks 334-341: Terminated
srun: error: frontier08700: tasks 469-476: Terminated
srun: error: frontier07676: tasks 388-395: Terminated
srun: error: frontier09084: tasks 532-539: Terminated
srun: error: frontier04222: tasks 19-26: Terminated
srun: error: frontier07932: tasks 397-404: Terminated
srun: error: frontier05498: tasks 118-125: Terminated
srun: error: frontier05102: tasks 82-89: Terminated
srun: error: frontier06655: tasks 244-251: Terminated
srun: error: frontier05370: tasks 91-98: Terminated
srun: error: frontier05759: tasks 145-152: Terminated
srun: error: frontier07137: tasks 307-314: Terminated
srun: error: frontier07520: tasks 361-368: Terminated
srun: error: frontier07422: tasks 343-350: Terminated
srun: error: frontier07933: tasks 406-413: Terminated
srun: error: frontier06897: tasks 271-278: Terminated
srun: error: frontier05760: task 153: Terminated
srun: error: frontier06014: task 189: Terminated
srun: error: frontier06630: task 234: Terminated
srun: error: frontier07423: task 351: Terminated
srun: error: frontier08190: task 441: Terminated
srun: error: frontier06231: task 198: Terminated
srun: error: frontier04475: task 27: Terminated
srun: error: frontier09083: task 522: Terminated
srun: error: frontier04599: task 45: Terminated
srun: error: frontier07292: task 333: Terminated
srun: error: frontier05630: task 135: Terminated
srun: error: frontier06899: task 279: Terminated
srun: error: frontier06767: task 261: Terminated
srun: error: frontier05629: task 126: Terminated
srun: error: frontier06382: task 225: Terminated
srun: error: frontier08701: task 477: Terminated
srun: error: frontier09331: task 558: Terminated
srun: error: frontier04846: task 63: Terminated
srun: error: frontier09211: task 549: Terminated
srun: error: frontier08956: task 513: Terminated
srun: error: frontier09442: task 567: Terminated
srun: error: frontier07036: task 297: Terminated
srun: error: frontier05372: task 99: Terminated
srun: error: frontier08044: task 414: Terminated
srun: error: frontier08830: task 495: Terminated
srun: error: frontier08063: task 423: Terminated
srun: error: frontier06260: task 207: Terminated
srun: error: frontier04845: task 54: Terminated
srun: error: frontier07545: task 369: Terminated
srun: error: frontier07162: task 315: Terminated
srun: error: frontier07676: task 387: Terminated
srun: error: frontier05884: task 162: Terminated
srun: error: frontier08571: task 450: Terminated
srun: error: frontier08829: task 486: Terminated
srun: error: frontier09084: task 531: Terminated
srun: error: frontier04218: task 9: Terminated
srun: error: frontier05886: task 171: Terminated
srun: error: frontier04222: task 18: Terminated
srun: error: frontier08572: task 459: Terminated
srun: error: frontier06655: task 243: Terminated
srun: error: frontier05102: task 81: Terminated
srun: error: frontier07648: task 378: Terminated
srun: error: frontier05498: task 117: Terminated
srun: error: frontier07137: task 306: Terminated
srun: error: frontier05370: task 90: Terminated
srun: error: frontier06897: task 270: Terminated
srun: error: frontier07933: task 405: Terminated
srun: error: frontier07422: task 342: Terminated
srun: error: frontier08954: task 504: Terminated
srun: error: frontier06748: task 252: Terminated
srun: error: frontier06371: task 216: Terminated
srun: error: frontier09192: task 540: Terminated
srun: error: frontier05101: task 72: Terminated
srun: error: frontier05495: task 108: Terminated
srun: error: frontier07932: task 396: Terminated
srun: error: frontier04577: task 36: Terminated
srun: error: frontier07262: task 324: Terminated
srun: error: frontier08700: task 468: Terminated
srun: error: frontier07520: task 360: Terminated
srun: error: frontier06010: task 180: Terminated
srun: error: frontier08189: task 432: Terminated
srun: error: frontier07002: task 288: Terminated
srun: error: frontier05759: task 144: Terminated
srun: error: frontier03200: task 1: Terminated
srun: Force Terminated StepId=5138959.9
Running frontier nodes=64 ranks_per_node=9 dist=hierarchical_lockfree_rma mode=uniform expected_us=100 max_upper_fanout=4
srun: Step created for StepId=5138959.10
RESULT distributor=hierarchical_lockfree_rma mode=uniform expected_us=100 nodes=64 world_size=576 max_upper_fanout=4 total_tasks=15215966 elapsed_s=20.0002 throughput_tasks_per_s=760790
MPICH Notice [Rank 0] [job id 5138959.10] [Sun Aug  2 04:32:14 2026] [frontier03200] - Abort(0) (rank 0 in comm 0): application called MPI_Abort(MPI_COMM_WORLD, 0) - process 0

aborting job:
application called MPI_Abort(MPI_COMM_WORLD, 0) - process 0
srun: error: frontier03200: task 0: Exited with exit code 255
srun: Terminating StepId=5138959.10
[2026-08-02T04:32:17.071] error: *** STEP 5138959.10 ON frontier03200 CANCELLED AT 2026-08-02T04:32:17 DUE TO TASK FAILURE ***
srun: error: frontier03200: tasks 2-8: Terminated
srun: error: frontier08954: tasks 505-512: Terminated
srun: error: frontier04845: tasks 55-62: Terminated
srun: error: frontier09084: tasks 532-539: Terminated
srun: error: frontier04846: tasks 64-71: Terminated
srun: error: frontier08829: tasks 487-494: Terminated
srun: error: frontier06231: tasks 199-206: Terminated
srun: error: frontier06371: tasks 217-224: Terminated
srun: error: frontier06748: tasks 253-260: Terminated
srun: error: frontier08572: tasks 460-467: Terminated
srun: error: frontier06897: tasks 271-278: Terminated
srun: error: frontier06767: tasks 262-269: Terminated
srun: error: frontier05629: tasks 127-134: Terminated
srun: error: frontier05498: tasks 118-125: Terminated
srun: error: frontier04577: tasks 37-44: Terminated
srun: error: frontier08063: tasks 424-431: Terminated
srun: error: frontier06630: tasks 235-242: Terminated
srun: error: frontier06014: tasks 190-197: Terminated
srun: error: frontier07002: tasks 289-296: Terminated
srun: error: frontier08830: tasks 496-503: Terminated
srun: error: frontier08956: tasks 514-521: Terminated
srun: error: frontier06655: tasks 244-251: Terminated
srun: error: frontier07676: tasks 388-395: Terminated
srun: error: frontier06010: tasks 181-188: Terminated
srun: error: frontier05372: tasks 100-107: Terminated
srun: error: frontier05370: tasks 91-98: Terminated
srun: error: frontier07545: tasks 370-377: Terminated
srun: error: frontier07520: tasks 361-368: Terminated
srun: error: frontier08701: tasks 478-485: Terminated
srun: error: frontier05495: tasks 109-116: Terminated
srun: error: frontier05630: tasks 136-143: Terminated
srun: error: frontier07422: tasks 343-350: Terminated
srun: error: frontier05102: tasks 82-89: Terminated
srun: error: frontier04599: tasks 46-53: Terminated
srun: error: frontier07933: tasks 406-413: Terminated
srun: error: frontier07648: tasks 379-386: Terminated
srun: error: frontier09442: tasks 568-575: Terminated
srun: error: frontier04475: tasks 28-35: Terminated
srun: error: frontier07162: tasks 316-323: Terminated
srun: error: frontier05101: tasks 73-80: Terminated
srun: error: frontier06382: tasks 226-233: Terminated
srun: error: frontier04218: tasks 10-17: Terminated
srun: error: frontier07292: tasks 334-341: Terminated
srun: error: frontier06260: tasks 208-215: Terminated
srun: error: frontier05760: tasks 154-161: Terminated
srun: error: frontier09211: tasks 550-557: Terminated
srun: error: frontier07423: tasks 352-359: Terminated
srun: error: frontier07932: tasks 397-404: Terminated
srun: error: frontier08190: tasks 442-449: Terminated
srun: error: frontier09083: tasks 523-530: Terminated
srun: error: frontier05886: tasks 172-179: Terminated
srun: error: frontier05759: tasks 145-152: Terminated
srun: error: frontier05884: tasks 163-170: Terminated
srun: error: frontier07137: tasks 307-314: Terminated
srun: error: frontier04222: tasks 19-26: Terminated
srun: error: frontier08571: tasks 451-458: Terminated
srun: error: frontier06899: tasks 280-287: Terminated
srun: error: frontier09192: tasks 541-548: Terminated
srun: error: frontier08044: tasks 415-422: Terminated
srun: error: frontier07262: tasks 325-332: Terminated
srun: error: frontier08700: tasks 469-476: Terminated
srun: error: frontier07036: tasks 298-305: Terminated
srun: error: frontier08189: tasks 433-440: Terminated
srun: error: frontier09331: tasks 559-566: Terminated
srun: error: frontier06231: task 198: Terminated
srun: error: frontier08830: task 495: Terminated
srun: error: frontier06014: task 189: Terminated
srun: error: frontier06630: task 234: Terminated
srun: error: frontier05370: task 90: Terminated
srun: error: frontier06897: task 270: Terminated
srun: error: frontier07292: task 333: Terminated
srun: error: frontier05629: task 126: Terminated
srun: error: frontier08190: task 441: Terminated
srun: error: frontier08044: task 414: Terminated
srun: error: frontier04599: task 45: Terminated
srun: error: frontier09331: task 558: Terminated
srun: error: frontier05372: task 99: Terminated
srun: error: frontier07137: task 306: Terminated
srun: error: frontier05760: task 153: Terminated
srun: error: frontier07422: task 342: Terminated
srun: error: frontier09442: task 567: Terminated
srun: error: frontier04222: task 18: Terminated
srun: error: frontier08956: task 513: Terminated
srun: error: frontier07648: task 378: Terminated
srun: error: frontier07676: task 387: Terminated
srun: error: frontier04845: task 54: Terminated
srun: error: frontier04846: task 63: Terminated
srun: error: frontier09083: task 522: Terminated
srun: error: frontier07162: task 315: Terminated
srun: error: frontier05884: task 162: Terminated
srun: error: frontier08063: task 423: Terminated
srun: error: frontier08829: task 486: Terminated
srun: error: frontier06767: task 261: Terminated
srun: error: frontier08571: task 450: Terminated
srun: error: frontier04475: task 27: Terminated
srun: error: frontier09211: task 549: Terminated
srun: error: frontier05102: task 81: Terminated
srun: error: frontier07423: task 351: Terminated
srun: error: frontier05630: task 135: Terminated
srun: error: frontier06382: task 225: Terminated
srun: error: frontier07933: task 405: Terminated
srun: error: frontier06655: task 243: Terminated
srun: error: frontier08701: task 477: Terminated
srun: error: frontier07545: task 369: Terminated
srun: error: frontier04218: task 9: Terminated
srun: error: frontier09084: task 531: Terminated
srun: error: frontier07036: task 297: Terminated
srun: error: frontier05886: task 171: Terminated
srun: error: frontier06260: task 207: Terminated
srun: error: frontier08572: task 459: Terminated
srun: error: frontier05498: task 117: Terminated
srun: error: frontier06899: task 279: Terminated
srun: error: frontier08954: task 504: Terminated
srun: error: frontier06371: task 216: Terminated
srun: error: frontier07520: task 360: Terminated
srun: error: frontier05495: task 108: Terminated
srun: error: frontier06748: task 252: Terminated
srun: error: frontier04577: task 36: Terminated
srun: error: frontier07262: task 324: Terminated
srun: error: frontier05101: task 72: Terminated
srun: error: frontier08700: task 468: Terminated
srun: error: frontier07932: task 396: Terminated
srun: error: frontier06010: task 180: Terminated
srun: error: frontier09192: task 540: Terminated
srun: error: frontier07002: task 288: Terminated
srun: error: frontier08189: task 432: Terminated
srun: error: frontier05759: task 144: Terminated
srun: error: frontier03200: task 1: Terminated
srun: Force Terminated StepId=5138959.10
Running frontier nodes=64 ranks_per_node=9 dist=hierarchical_lockfree_rma mode=uniform expected_us=1000 max_upper_fanout=4
srun: Step created for StepId=5138959.11
RESULT distributor=hierarchical_lockfree_rma mode=uniform expected_us=1000 nodes=64 world_size=576 max_upper_fanout=4 total_tasks=3468455 elapsed_s=20.0001 throughput_tasks_per_s=173422
MPICH Notice [Rank 0] [job id 5138959.11] [Sun Aug  2 04:33:03 2026] [frontier03200] - Abort(0) (rank 0 in comm 0): application called MPI_Abort(MPI_COMM_WORLD, 0) - process 0

aborting job:
application called MPI_Abort(MPI_COMM_WORLD, 0) - process 0
srun: error: frontier03200: task 0: Exited with exit code 255
srun: Terminating StepId=5138959.11
[2026-08-02T04:33:05.502] error: *** STEP 5138959.11 ON frontier03200 CANCELLED AT 2026-08-02T04:33:05 DUE TO TASK FAILURE ***
srun: error: frontier09331: tasks 559-566: Terminated
srun: error: frontier08954: tasks 505-512: Terminated
srun: error: frontier05886: tasks 172-179: Terminated
srun: error: frontier07932: tasks 397-404: Terminated
srun: error: frontier07162: tasks 316-323: Terminated
srun: error: frontier06010: tasks 181-188: Terminated
srun: error: frontier06655: tasks 244-251: Terminated
srun: error: frontier06371: tasks 217-224: Terminated
srun: error: frontier06014: tasks 190-197: Terminated
srun: error: frontier05629: tasks 127-134: Terminated
srun: error: frontier05102: tasks 82-89: Terminated
srun: error: frontier05884: tasks 163-170: Terminated
srun: error: frontier08830: tasks 496-503: Terminated
srun: error: frontier04577: tasks 37-44: Terminated
srun: error: frontier04599: tasks 46-53: Terminated
srun: error: frontier07262: tasks 325-332: Terminated
srun: error: frontier07423: tasks 352-359: Terminated
srun: error: frontier07137: tasks 307-314: Terminated
srun: error: frontier09084: tasks 532-539: Terminated
srun: error: frontier08189: tasks 433-440: Terminated
srun: error: frontier07036: tasks 298-305: Terminated
srun: error: frontier08829: tasks 487-494: Terminated
srun: error: frontier05760: tasks 154-161: Terminated
srun: error: frontier07648: tasks 379-386: Terminated
srun: error: frontier07545: tasks 370-377: Terminated
srun: error: frontier09331: task 558: Terminated
srun: error: frontier06382: tasks 226-233: Terminated
srun: error: frontier07520: tasks 361-368: Terminated
srun: error: frontier08572: tasks 460-467: Terminated
srun: error: frontier06897: tasks 271-278: Terminated
srun: error: frontier09211: tasks 550-557: Terminated
srun: error: frontier07422: tasks 343-350: Terminated
srun: error: frontier06899: tasks 280-287: Terminated
srun: error: frontier03200: tasks 2-8: Terminated
srun: error: frontier07933: tasks 406-413: Terminated
srun: error: frontier06231: tasks 199-206: Terminated
srun: error: frontier05498: tasks 118-125: Terminated
srun: error: frontier08700: tasks 469-476: Terminated
srun: error: frontier06260: tasks 208-215: Terminated
srun: error: frontier05629: task 126: Terminated
srun: error: frontier09442: tasks 568-575: Terminated
srun: error: frontier05884: task 162: Terminated
srun: error: frontier08063: tasks 424-431: Terminated
srun: error: frontier08829: task 486: Terminated
srun: error: frontier07676: tasks 388-395: Terminated
srun: error: frontier07648: task 378: Terminated
srun: error: frontier07292: tasks 334-341: Terminated
srun: error: frontier05886: task 171: Terminated
srun: error: frontier07162: task 315: Terminated
srun: error: frontier06655: task 243: Terminated
srun: error: frontier06014: task 189: Terminated
srun: error: frontier05102: task 81: Terminated
srun: error: frontier08830: task 495: Terminated
srun: error: frontier04599: task 45: Terminated
srun: error: frontier07423: task 351: Terminated
srun: error: frontier09084: task 531: Terminated
srun: error: frontier07036: task 297: Terminated
srun: error: frontier05760: task 153: Terminated
srun: error: frontier06382: task 225: Terminated
srun: error: frontier07545: task 369: Terminated
srun: error: frontier08572: task 459: Terminated
srun: error: frontier09211: task 549: Terminated
srun: error: frontier06899: task 279: Terminated
srun: error: frontier08701: tasks 478-485: Terminated
srun: error: frontier08956: tasks 514-521: Terminated
srun: error: frontier04846: tasks 64-71: Terminated
srun: error: frontier08190: tasks 442-449: Terminated
srun: error: frontier05101: tasks 73-80: Terminated
srun: error: frontier09083: tasks 523-530: Terminated
srun: error: frontier04218: tasks 10-17: Terminated
srun: error: frontier06748: tasks 253-260: Terminated
srun: error: frontier07137: task 306: Terminated
srun: error: frontier08954: task 504: Terminated
srun: error: frontier04577: task 36: Terminated
srun: error: frontier07932: task 396: Terminated
srun: error: frontier06010: task 180: Terminated
srun: error: frontier09442: task 567: Terminated
srun: error: frontier08063: task 423: Terminated
srun: error: frontier06231: task 198: Terminated
srun: error: frontier06260: task 207: Terminated
srun: error: frontier05498: task 117: Terminated
srun: error: frontier05759: tasks 145-152: Terminated
srun: error: frontier07292: task 333: Terminated
srun: error: frontier07676: task 387: Terminated
srun: error: frontier07262: task 324: Terminated
srun: error: frontier05370: tasks 91-98: Terminated
srun: error: frontier08190: task 441: Terminated
srun: error: frontier04846: task 63: Terminated
srun: error: frontier08956: task 513: Terminated
srun: error: frontier08701: task 477: Terminated
srun: error: frontier06897: task 270: Terminated
srun: error: frontier07933: task 405: Terminated
srun: error: frontier07422: task 342: Terminated
srun: error: frontier09083: task 522: Terminated
srun: error: frontier04218: task 9: Terminated
srun: error: frontier04475: tasks 28-35: Terminated
srun: error: frontier05495: tasks 109-116: Terminated
srun: error: frontier08571: tasks 451-458: Terminated
srun: error: frontier09192: tasks 541-548: Terminated
srun: error: frontier08044: tasks 415-422: Terminated
srun: error: frontier06630: tasks 235-242: Terminated
srun: error: frontier07002: tasks 289-296: Terminated
srun: error: frontier05630: tasks 136-143: Terminated
srun: error: frontier04222: tasks 19-26: Terminated
srun: error: frontier05372: tasks 100-107: Terminated
srun: error: frontier04845: tasks 55-62: Terminated
srun: error: frontier06767: tasks 262-269: Terminated
srun: error: frontier08700: task 468: Terminated
srun: error: frontier05370: task 90: Terminated
srun: error: frontier08189: task 432: Terminated
srun: error: frontier06371: task 216: Terminated
srun: error: frontier07520: task 360: Terminated
srun: error: frontier06630: task 234: Terminated
srun: error: frontier05630: task 135: Terminated
srun: error: frontier05101: task 72: Terminated
srun: error: frontier05372: task 99: Terminated
srun: error: frontier06748: task 252: Terminated
srun: error: frontier04222: task 18: Terminated
srun: error: frontier04845: task 54: Terminated
srun: error: frontier06767: task 261: Terminated
srun: error: frontier04475: task 27: Terminated
srun: error: frontier08044: task 414: Terminated
srun: error: frontier08571: task 450: Terminated
srun: error: frontier03200: task 1: Terminated
srun: error: frontier09192: task 540: Terminated
srun: error: frontier05495: task 108: Terminated
srun: error: frontier05759: task 144: Terminated
srun: error: frontier07002: task 288: Terminated
srun: Force Terminated StepId=5138959.11
Running frontier nodes=64 ranks_per_node=56 dist=hierarchical mode=fixed expected_us=10 max_upper_fanout=4
srun: Step created for StepId=5138959.12
RESULT distributor=hierarchical mode=fixed expected_us=10 nodes=64 world_size=3584 max_upper_fanout=4 total_tasks=34917776 elapsed_s=20.0095 throughput_tasks_per_s=1.74506e+06
MPICH Notice [Rank 0] [job id 5138959.12] [Sun Aug  2 04:33:30 2026] [frontier03200] - Abort(0) (rank 0 in comm 0): application called MPI_Abort(MPI_COMM_WORLD, 0) - process 0

aborting job:
application called MPI_Abort(MPI_COMM_WORLD, 0) - process 0
srun: error: frontier03200: task 0: Exited with exit code 255
srun: Terminating StepId=5138959.12
[2026-08-02T04:33:30.903] error: *** STEP 5138959.12 ON frontier03200 CANCELLED AT 2026-08-02T04:33:30 DUE TO TASK FAILURE ***
srun: error: frontier03200: tasks 1-55: Terminated
srun: error: frontier06014: tasks 1176-1231: Terminated
srun: error: frontier05886: tasks 1064-1119: Terminated
srun: error: frontier08829: tasks 3024-3079: Terminated
srun: error: frontier04222: tasks 112-167: Terminated
srun: error: frontier05498: tasks 728-783: Terminated
srun: error: frontier07648: tasks 2352-2407: Terminated
srun: error: frontier07036: tasks 1848-1903: Terminated
srun: error: frontier09192: tasks 3360-3415: Terminated
srun: error: frontier05372: tasks 616-671: Terminated
srun: error: frontier04845: tasks 336-391: Terminated
srun: error: frontier05760: tasks 952-1007: Terminated
srun: error: frontier04577: tasks 224-279: Terminated
srun: error: frontier06260: tasks 1288-1343: Terminated
srun: error: frontier06630: tasks 1456-1511: Terminated
srun: error: frontier06767: tasks 1624-1679: Terminated
srun: error: frontier05629: tasks 784-839: Terminated
srun: error: frontier06899: tasks 1736-1791: Terminated
srun: error: frontier07262: tasks 2016-2071: Terminated
srun: error: frontier04475: tasks 168-223: Terminated
srun: error: frontier06010: tasks 1120-1175: Terminated
srun: error: frontier09442: tasks 3528-3583: Terminated
srun: error: frontier05759: tasks 896-951: Terminated
srun: error: frontier07545: tasks 2296-2351: Terminated
srun: error: frontier08044: tasks 2576-2631: Terminated
srun: error: frontier08572: tasks 2856-2911: Terminated
srun: error: frontier08189: tasks 2688-2743: Terminated
srun: error: frontier04599: tasks 280-335: Terminated
srun: error: frontier08954: tasks 3136-3191: Terminated
srun: error: frontier07162: tasks 1960-2015: Terminated
srun: error: frontier05495: tasks 672-727: Terminated
srun: error: frontier07292: tasks 2072-2127: Terminated
srun: error: frontier07520: tasks 2240-2295: Terminated
srun: error: frontier06655: tasks 1512-1567: Terminated
srun: error: frontier07932: tasks 2464-2519: Terminated
srun: error: frontier05102: tasks 504-559: Terminated
srun: error: frontier06371: tasks 1344-1399: Terminated
srun: error: frontier08956: tasks 3192-3247: Terminated
srun: error: frontier05884: tasks 1008-1063: Terminated
srun: error: frontier09211: tasks 3416-3471: Terminated
srun: error: frontier08700: tasks 2912-2967: Terminated
srun: error: frontier04846: tasks 392-447: Terminated
srun: error: frontier06748: tasks 1568-1623: Terminated
srun: error: frontier04218: tasks 56-111: Terminated
srun: error: frontier05101: tasks 448-503: Terminated
srun: error: frontier08190: tasks 2744-2799: Terminated
srun: error: frontier06897: tasks 1680-1735: Terminated
srun: error: frontier08063: tasks 2632-2687: Terminated
srun: error: frontier08571: tasks 2800-2855: Terminated
srun: error: frontier08701: tasks 2968-3023: Terminated
srun: error: frontier09331: tasks 3472-3527: Terminated
srun: error: frontier07676: tasks 2408-2463: Terminated
srun: error: frontier07422: tasks 2128-2183: Terminated
srun: error: frontier09084: tasks 3304-3359: Terminated
srun: error: frontier05370: tasks 560-615: Terminated
srun: error: frontier07933: tasks 2520-2575: Terminated
srun: error: frontier09083: tasks 3248-3303: Terminated
srun: error: frontier05630: tasks 840-895: Terminated
srun: error: frontier07002: tasks 1792-1847: Terminated
srun: error: frontier06382: tasks 1400-1455: Terminated
srun: error: frontier08830: tasks 3080-3135: Terminated
srun: error: frontier07423: tasks 2184-2239: Terminated
srun: error: frontier07137: tasks 1904-1959: Terminated
srun: error: frontier06231: tasks 1232-1287: Terminated
srun: Force Terminated StepId=5138959.12
Running frontier nodes=64 ranks_per_node=56 dist=hierarchical mode=fixed expected_us=100 max_upper_fanout=4
srun: Step created for StepId=5138959.13
RESULT distributor=hierarchical mode=fixed expected_us=100 nodes=64 world_size=3584 max_upper_fanout=4 total_tasks=24459938 elapsed_s=20.0132 throughput_tasks_per_s=1.22219e+06
MPICH Notice [Rank 0] [job id 5138959.13] [Sun Aug  2 04:34:09 2026] [frontier03200] - Abort(0) (rank 0 in comm 0): application called MPI_Abort(MPI_COMM_WORLD, 0) - process 0

aborting job:
application called MPI_Abort(MPI_COMM_WORLD, 0) - process 0
srun: error: frontier03200: task 0: Exited with exit code 255
srun: Terminating StepId=5138959.13
[2026-08-02T04:34:10.593] error: *** STEP 5138959.13 ON frontier03200 CANCELLED AT 2026-08-02T04:34:10 DUE TO TASK FAILURE ***
srun: error: frontier03200: tasks 1-55: Terminated
srun: error: frontier05886: tasks 1064-1119: Terminated
srun: error: frontier07932: tasks 2464-2519: Terminated
srun: error: frontier05372: tasks 616-671: Terminated
srun: error: frontier06260: tasks 1288-1343: Terminated
srun: error: frontier08063: tasks 2632-2687: Terminated
srun: error: frontier08954: tasks 3136-3191: Terminated
srun: error: frontier08190: tasks 2744-2799: Terminated
srun: error: frontier05759: tasks 896-951: Terminated
srun: error: frontier09442: tasks 3528-3583: Terminated
srun: error: frontier05370: tasks 560-615: Terminated
srun: error: frontier06630: tasks 1456-1511: Terminated
srun: error: frontier07933: tasks 2520-2575: Terminated
srun: error: frontier07422: tasks 2128-2183: Terminated
srun: error: frontier06767: tasks 1624-1679: Terminated
srun: error: frontier05495: tasks 672-727: Terminated
srun: error: frontier05630: tasks 840-895: Terminated
srun: error: frontier06897: tasks 1680-1735: Terminated
srun: error: frontier07162: tasks 1960-2015: Terminated
srun: error: frontier04222: tasks 112-167: Terminated
srun: error: frontier08830: tasks 3080-3135: Terminated
srun: error: frontier09192: tasks 3360-3415: Terminated
srun: error: frontier04599: tasks 280-335: Terminated
srun: error: frontier05101: tasks 448-503: Terminated
srun: error: frontier06655: tasks 1512-1567: Terminated
srun: error: frontier06010: tasks 1120-1175: Terminated
srun: error: frontier07423: tasks 2184-2239: Terminated
srun: error: frontier07520: tasks 2240-2295: Terminated
srun: error: frontier04218: tasks 56-111: Terminated
srun: error: frontier06231: tasks 1232-1287: Terminated
srun: error: frontier08701: tasks 2968-3023: Terminated
srun: error: frontier07648: tasks 2352-2407: Terminated
srun: error: frontier09211: tasks 3416-3471: Terminated
srun: error: frontier05884: tasks 1008-1063: Terminated
srun: error: frontier05760: tasks 952-1007: Terminated
srun: error: frontier04577: tasks 224-279: Terminated
srun: error: frontier06382: tasks 1400-1455: Terminated
srun: error: frontier07262: tasks 2016-2071: Terminated
srun: error: frontier06014: tasks 1176-1231: Terminated
srun: error: frontier08571: tasks 2800-2855: Terminated
srun: error: frontier09084: tasks 3304-3359: Terminated
srun: error: frontier07137: tasks 1904-1959: Terminated
srun: error: frontier04475: tasks 168-223: Terminated
srun: error: frontier08044: tasks 2576-2631: Terminated
srun: error: frontier07545: tasks 2296-2351: Terminated
srun: error: frontier08829: tasks 3024-3079: Terminated
srun: error: frontier06899: tasks 1736-1791: Terminated
srun: error: frontier07002: tasks 1792-1847: Terminated
srun: error: frontier08572: tasks 2856-2911: Terminated
srun: error: frontier09083: tasks 3248-3303: Terminated
srun: error: frontier07292: tasks 2072-2127: Terminated
srun: error: frontier09331: tasks 3472-3527: Terminated
srun: error: frontier08956: tasks 3192-3247: Terminated
srun: error: frontier08700: tasks 2912-2967: Terminated
srun: error: frontier04846: tasks 392-447: Terminated
srun: error: frontier08189: tasks 2688-2743: Terminated
srun: error: frontier07676: tasks 2408-2463: Terminated
srun: error: frontier06748: tasks 1568-1623: Terminated
srun: error: frontier07036: tasks 1848-1903: Terminated
srun: error: frontier05629: tasks 784-839: Terminated
srun: error: frontier05498: tasks 728-783: Terminated
srun: error: frontier06371: tasks 1344-1399: Terminated
srun: error: frontier05102: tasks 504-559: Terminated
srun: error: frontier04845: tasks 336-391: Terminated
srun: Force Terminated StepId=5138959.13
Running frontier nodes=64 ranks_per_node=56 dist=hierarchical mode=fixed expected_us=1000 max_upper_fanout=4
srun: Step created for StepId=5138959.14
RESULT distributor=hierarchical mode=fixed expected_us=1000 nodes=64 world_size=3584 max_upper_fanout=4 total_tasks=69605022 elapsed_s=20.0141 throughput_tasks_per_s=3.4778e+06
MPICH Notice [Rank 0] [job id 5138959.14] [Sun Aug  2 04:34:33 2026] [frontier03200] - Abort(0) (rank 0 in comm 0): application called MPI_Abort(MPI_COMM_WORLD, 0) - process 0

aborting job:
application called MPI_Abort(MPI_COMM_WORLD, 0) - process 0
srun: error: frontier03200: task 0: Exited with exit code 255
srun: Terminating StepId=5138959.14
[2026-08-02T04:34:37.935] error: *** STEP 5138959.14 ON frontier03200 CANCELLED AT 2026-08-02T04:34:37 DUE TO TASK FAILURE ***
srun: error: frontier03200: tasks 1-55: Terminated
srun: error: frontier06371: tasks 1344-1399: Terminated
srun: error: frontier04222: tasks 112-167: Terminated
srun: error: frontier07262: tasks 2016-2071: Terminated
srun: error: frontier06014: tasks 1176-1231: Terminated
srun: error: frontier07648: tasks 2352-2407: Terminated
srun: error: frontier07002: tasks 1792-1847: Terminated
srun: error: frontier07137: tasks 1904-1959: Terminated
srun: error: frontier05372: tasks 616-671: Terminated
srun: error: frontier04845: tasks 336-391: Terminated
srun: error: frontier08830: tasks 3080-3135: Terminated
srun: error: frontier05495: tasks 672-727: Terminated
srun: error: frontier04475: tasks 168-223: Terminated
srun: error: frontier04577: tasks 224-279: Terminated
srun: error: frontier08572: tasks 2856-2911: Terminated
srun: error: frontier06897: tasks 1680-1735: Terminated
srun: error: frontier08190: tasks 2744-2799: Terminated
srun: error: frontier09083: tasks 3248-3303: Terminated
srun: error: frontier06899: tasks 1736-1791: Terminated
srun: error: frontier08571: tasks 2800-2855: Terminated
srun: error: frontier08063: tasks 2632-2687: Terminated
srun: error: frontier06748: tasks 1568-1623: Terminated
srun: error: frontier04218: tasks 56-111: Terminated
srun: error: frontier05370: tasks 560-615: Terminated
srun: error: frontier05760: tasks 952-1007: Terminated
srun: error: frontier07520: tasks 2240-2295: Terminated
srun: error: frontier07036: tasks 1848-1903: Terminated
srun: error: frontier08700: tasks 2912-2967: Terminated
srun: error: frontier07292: tasks 2072-2127: Terminated
srun: error: frontier06630: tasks 1456-1511: Terminated
srun: error: frontier08701: tasks 2968-3023: Terminated
srun: error: frontier06231: tasks 1232-1287: Terminated
srun: error: frontier08956: tasks 3192-3247: Terminated
srun: error: frontier06010: tasks 1120-1175: Terminated
srun: error: frontier05498: tasks 728-783: Terminated
srun: error: frontier05629: tasks 784-839: Terminated
srun: error: frontier07676: tasks 2408-2463: Terminated
srun: error: frontier07422: tasks 2128-2183: Terminated
srun: error: frontier07423: tasks 2184-2239: Terminated
srun: error: frontier08189: tasks 2688-2743: Terminated
srun: error: frontier06767: tasks 1624-1679: Terminated
srun: error: frontier09331: tasks 3472-3527: Terminated
srun: error: frontier07545: tasks 2296-2351: Terminated
srun: error: frontier04846: tasks 392-447: Terminated
srun: error: frontier04599: tasks 280-335: Terminated
srun: error: frontier06655: tasks 1512-1567: Terminated
srun: error: frontier05886: tasks 1064-1119: Terminated
srun: error: frontier07162: tasks 1960-2015: Terminated
srun: error: frontier09442: tasks 3528-3583: Terminated
srun: error: frontier07933: tasks 2520-2575: Terminated
srun: error: frontier09211: tasks 3416-3471: Terminated
srun: error: frontier08044: tasks 2576-2631: Terminated
srun: error: frontier05630: tasks 840-895: Terminated
srun: error: frontier05759: tasks 896-951: Terminated
srun: error: frontier06382: tasks 1400-1455: Terminated
srun: error: frontier05101: tasks 448-503: Terminated
srun: error: frontier05102: tasks 504-559: Terminated
srun: error: frontier07932: tasks 2464-2519: Terminated
srun: error: frontier09084: tasks 3304-3359: Terminated
srun: error: frontier08954: tasks 3136-3191: Terminated
srun: error: frontier06260: tasks 1288-1343: Terminated
srun: error: frontier08829: tasks 3024-3079: Terminated
srun: error: frontier09192: tasks 3360-3415: Terminated
srun: error: frontier05884: tasks 1008-1063: Terminated
srun: Force Terminated StepId=5138959.14
Running frontier nodes=64 ranks_per_node=56 dist=hierarchical mode=uniform expected_us=10 max_upper_fanout=4
srun: Step created for StepId=5138959.15
RESULT distributor=hierarchical mode=uniform expected_us=10 nodes=64 world_size=3584 max_upper_fanout=4 total_tasks=35200404 elapsed_s=20.0088 throughput_tasks_per_s=1.75924e+06
MPICH Notice [Rank 0] [job id 5138959.15] [Sun Aug  2 04:35:00 2026] [frontier03200] - Abort(0) (rank 0 in comm 0): application called MPI_Abort(MPI_COMM_WORLD, 0) - process 0

aborting job:
application called MPI_Abort(MPI_COMM_WORLD, 0) - process 0
srun: error: frontier03200: task 0: Exited with exit code 255
srun: Terminating StepId=5138959.15
[2026-08-02T04:35:00.666] error: *** STEP 5138959.15 ON frontier03200 CANCELLED AT 2026-08-02T04:35:00 DUE TO TASK FAILURE ***
srun: error: frontier03200: tasks 1-55: Terminated
srun: error: frontier07520: tasks 2240-2295: Terminated
srun: error: frontier05370: tasks 560-615: Terminated
srun: error: frontier05495: tasks 672-727: Terminated
srun: error: frontier07036: tasks 1848-1903: Terminated
srun: error: frontier07262: tasks 2016-2071: Terminated
srun: error: frontier04475: tasks 168-223: Terminated
srun: error: frontier06231: tasks 1232-1287: Terminated
srun: error: frontier08956: tasks 3192-3247: Terminated
srun: error: frontier08571: tasks 2800-2855: Terminated
srun: error: frontier07545: tasks 2296-2351: Terminated
srun: error: frontier06897: tasks 1680-1735: Terminated
srun: error: frontier07933: tasks 2520-2575: Terminated
srun: error: frontier06748: tasks 1568-1623: Terminated
srun: error: frontier05498: tasks 728-783: Terminated
srun: error: frontier08044: tasks 2576-2631: Terminated
srun: error: frontier07292: tasks 2072-2127: Terminated
srun: error: frontier08700: tasks 2912-2967: Terminated
srun: error: frontier06260: tasks 1288-1343: Terminated
srun: error: frontier09083: tasks 3248-3303: Terminated
srun: error: frontier08701: tasks 2968-3023: Terminated
srun: error: frontier08189: tasks 2688-2743: Terminated
srun: error: frontier08063: tasks 2632-2687: Terminated
srun: error: frontier06630: tasks 1456-1511: Terminated
srun: error: frontier08190: tasks 2744-2799: Terminated
srun: error: frontier07648: tasks 2352-2407: Terminated
srun: error: frontier06767: tasks 1624-1679: Terminated
srun: error: frontier04577: tasks 224-279: Terminated
srun: error: frontier08572: tasks 2856-2911: Terminated
srun: error: frontier08954: tasks 3136-3191: Terminated
srun: error: frontier05372: tasks 616-671: Terminated
srun: error: frontier04222: tasks 112-167: Terminated
srun: error: frontier06899: tasks 1736-1791: Terminated
srun: error: frontier09331: tasks 3472-3527: Terminated
srun: error: frontier04599: tasks 280-335: Terminated
srun: error: frontier06371: tasks 1344-1399: Terminated
srun: error: frontier06382: tasks 1400-1455: Terminated
srun: error: frontier07002: tasks 1792-1847: Terminated
srun: error: frontier08830: tasks 3080-3135: Terminated
srun: error: frontier05629: tasks 784-839: Terminated
srun: error: frontier04846: tasks 392-447: Terminated
srun: error: frontier05759: tasks 896-951: Terminated
srun: error: frontier04218: tasks 56-111: Terminated
srun: error: frontier07422: tasks 2128-2183: Terminated
srun: error: frontier07676: tasks 2408-2463: Terminated
srun: error: frontier06010: tasks 1120-1175: Terminated
srun: error: frontier05760: tasks 952-1007: Terminated
srun: error: frontier04845: tasks 336-391: Terminated
srun: error: frontier09084: tasks 3304-3359: Terminated
srun: error: frontier07137: tasks 1904-1959: Terminated
srun: error: frontier07423: tasks 2184-2239: Terminated
srun: error: frontier06655: tasks 1512-1567: Terminated
srun: error: frontier09211: tasks 3416-3471: Terminated
srun: error: frontier09192: tasks 3360-3415: Terminated
srun: error: frontier05630: tasks 840-895: Terminated
srun: error: frontier08829: tasks 3024-3079: Terminated
srun: error: frontier06014: tasks 1176-1231: Terminated
srun: error: frontier05101: tasks 448-503: Terminated
srun: error: frontier05102: tasks 504-559: Terminated
srun: error: frontier07932: tasks 2464-2519: Terminated
srun: error: frontier07162: tasks 1960-2015: Terminated
srun: error: frontier05884: tasks 1008-1063: Terminated
srun: error: frontier05886: tasks 1064-1119: Terminated
srun: error: frontier09442: tasks 3528-3583: Terminated
srun: Force Terminated StepId=5138959.15
Running frontier nodes=64 ranks_per_node=56 dist=hierarchical mode=uniform expected_us=100 max_upper_fanout=4
srun: Step created for StepId=5138959.16
RESULT distributor=hierarchical mode=uniform expected_us=100 nodes=64 world_size=3584 max_upper_fanout=4 total_tasks=24555894 elapsed_s=20.0118 throughput_tasks_per_s=1.22707e+06
MPICH Notice [Rank 0] [job id 5138959.16] [Sun Aug  2 04:35:44 2026] [frontier03200] - Abort(0) (rank 0 in comm 0): application called MPI_Abort(MPI_COMM_WORLD, 0) - process 0

aborting job:
application called MPI_Abort(MPI_COMM_WORLD, 0) - process 0
srun: error: frontier03200: task 0: Exited with exit code 255
srun: Terminating StepId=5138959.16
[2026-08-02T04:35:46.560] error: *** STEP 5138959.16 ON frontier03200 CANCELLED AT 2026-08-02T04:35:46 DUE TO TASK FAILURE ***
srun: error: frontier03200: tasks 1-55: Terminated
srun: error: frontier08063: tasks 2632-2687: Terminated
srun: error: frontier04222: tasks 112-167: Terminated
srun: error: frontier05498: tasks 728-783: Terminated
srun: error: frontier07648: tasks 2352-2407: Terminated
srun: error: frontier05760: tasks 952-1007: Terminated
srun: error: frontier06630: tasks 1456-1511: Terminated
srun: error: frontier07423: tasks 2184-2239: Terminated
srun: error: frontier08571: tasks 2800-2855: Terminated
srun: error: frontier05630: tasks 840-895: Terminated
srun: error: frontier05370: tasks 560-615: Terminated
srun: error: frontier09211: tasks 3416-3471: Terminated
srun: error: frontier06897: tasks 1680-1735: Terminated
srun: error: frontier06382: tasks 1400-1455: Terminated
srun: error: frontier05629: tasks 784-839: Terminated
srun: error: frontier06899: tasks 1736-1791: Terminated
srun: error: frontier04577: tasks 224-279: Terminated
srun: error: frontier07545: tasks 2296-2351: Terminated
srun: error: frontier05495: tasks 672-727: Terminated
srun: error: frontier06014: tasks 1176-1231: Terminated
srun: error: frontier06010: tasks 1120-1175: Terminated
srun: error: frontier05886: tasks 1064-1119: Terminated
srun: error: frontier08044: tasks 2576-2631: Terminated
srun: error: frontier08830: tasks 3080-3135: Terminated
srun: error: frontier07262: tasks 2016-2071: Terminated
srun: error: frontier07292: tasks 2072-2127: Terminated
srun: error: frontier06231: tasks 1232-1287: Terminated
srun: error: frontier08956: tasks 3192-3247: Terminated
srun: error: frontier05759: tasks 896-951: Terminated
srun: error: frontier08701: tasks 2968-3023: Terminated
srun: error: frontier04845: tasks 336-391: Terminated
srun: error: frontier05102: tasks 504-559: Terminated
srun: error: frontier08954: tasks 3136-3191: Terminated
srun: error: frontier04599: tasks 280-335: Terminated
srun: error: frontier09083: tasks 3248-3303: Terminated
srun: error: frontier08190: tasks 2744-2799: Terminated
srun: error: frontier07932: tasks 2464-2519: Terminated
srun: error: frontier09084: tasks 3304-3359: Terminated
srun: error: frontier09192: tasks 3360-3415: Terminated
srun: error: frontier07162: tasks 1960-2015: Terminated
srun: error: frontier08572: tasks 2856-2911: Terminated
srun: error: frontier06371: tasks 1344-1399: Terminated
srun: error: frontier05372: tasks 616-671: Terminated
srun: error: frontier06767: tasks 1624-1679: Terminated
srun: error: frontier07422: tasks 2128-2183: Terminated
srun: error: frontier07676: tasks 2408-2463: Terminated
srun: error: frontier06260: tasks 1288-1343: Terminated
srun: error: frontier07520: tasks 2240-2295: Terminated
srun: error: frontier09442: tasks 3528-3583: Terminated
srun: error: frontier07002: tasks 1792-1847: Terminated
srun: error: frontier05884: tasks 1008-1063: Terminated
srun: error: frontier04846: tasks 392-447: Terminated
srun: error: frontier09331: tasks 3472-3527: Terminated
srun: error: frontier04218: tasks 56-111: Terminated
srun: error: frontier08700: tasks 2912-2967: Terminated
srun: error: frontier06655: tasks 1512-1567: Terminated
srun: error: frontier08829: tasks 3024-3079: Terminated
srun: error: frontier04475: tasks 168-223: Terminated
srun: error: frontier05101: tasks 448-503: Terminated
srun: error: frontier08189: tasks 2688-2743: Terminated
srun: error: frontier07137: tasks 1904-1959: Terminated
srun: error: frontier06748: tasks 1568-1623: Terminated
srun: error: frontier07036: tasks 1848-1903: Terminated
srun: error: frontier07933: tasks 2520-2575: Terminated
srun: Force Terminated StepId=5138959.16
Running frontier nodes=64 ranks_per_node=56 dist=hierarchical mode=uniform expected_us=1000 max_upper_fanout=4
RESULT distributor=hierarchical mode=uniform expected_us=1000 nodes=64 world_size=3584 max_upper_fanout=4 total_tasks=68976594 elapsed_s=20.0153 throughput_tasks_per_s=3.44619e+06
MPICH Notice [Rank 0] [job id 5138959.17] [Sun Aug  2 04:36:10 2026] [frontier03200] - Abort(0) (rank 0 in comm 0): application called MPI_Abort(MPI_COMM_WORLD, 0) - process 0

aborting job:
application called MPI_Abort(MPI_COMM_WORLD, 0) - process 0
srun: error: frontier03200: task 0: Exited with exit code 255
srun: Terminating StepId=5138959.17
[2026-08-02T04:36:10.586] error: *** STEP 5138959.17 ON frontier03200 CANCELLED AT 2026-08-02T04:36:10 DUE TO TASK FAILURE ***
srun: error: frontier03200: tasks 1-55: Terminated
srun: error: frontier06767: tasks 1624-1679: Terminated
srun: error: frontier06630: tasks 1456-1511: Terminated
srun: error: frontier05760: tasks 952-1007: Terminated
srun: error: frontier05372: tasks 616-671: Terminated
srun: error: frontier05759: tasks 896-951: Terminated
srun: error: frontier07933: tasks 2520-2575: Terminated
srun: error: frontier06748: tasks 1568-1623: Terminated
srun: error: frontier05370: tasks 560-615: Terminated
srun: error: frontier09083: tasks 3248-3303: Terminated
srun: error: frontier06897: tasks 1680-1735: Terminated
srun: error: frontier04222: tasks 112-167: Terminated
srun: error: frontier07932: tasks 2464-2519: Terminated
srun: error: frontier08829: tasks 3024-3079: Terminated
srun: error: frontier05498: tasks 728-783: Terminated
srun: error: frontier07648: tasks 2352-2407: Terminated
srun: error: frontier08572: tasks 2856-2911: Terminated
srun: error: frontier05495: tasks 672-727: Terminated
srun: error: frontier06382: tasks 1400-1455: Terminated
srun: error: frontier05101: tasks 448-503: Terminated
srun: error: frontier07545: tasks 2296-2351: Terminated
srun: error: frontier06010: tasks 1120-1175: Terminated
srun: error: frontier09442: tasks 3528-3583: Terminated
srun: error: frontier04577: tasks 224-279: Terminated
srun: error: frontier06260: tasks 1288-1343: Terminated
srun: error: frontier06231: tasks 1232-1287: Terminated
srun: error: frontier07676: tasks 2408-2463: Terminated
srun: error: frontier06371: tasks 1344-1399: Terminated
srun: error: frontier07292: tasks 2072-2127: Terminated
srun: error: frontier08571: tasks 2800-2855: Terminated
srun: error: frontier08701: tasks 2968-3023: Terminated
srun: error: frontier07262: tasks 2016-2071: Terminated
srun: error: frontier06655: tasks 1512-1567: Terminated
srun: error: frontier05884: tasks 1008-1063: Terminated
srun: error: frontier07036: tasks 1848-1903: Terminated
srun: error: frontier07422: tasks 2128-2183: Terminated
srun: error: frontier08830: tasks 3080-3135: Terminated
srun: error: frontier09331: tasks 3472-3527: Terminated
srun: error: frontier06014: tasks 1176-1231: Terminated
srun: error: frontier08954: tasks 3136-3191: Terminated
srun: error: frontier08190: tasks 2744-2799: Terminated
srun: error: frontier07002: tasks 1792-1847: Terminated
srun: error: frontier04475: tasks 168-223: Terminated
srun: error: frontier07520: tasks 2240-2295: Terminated
srun: error: frontier05630: tasks 840-895: Terminated
srun: error: frontier08189: tasks 2688-2743: Terminated
srun: error: frontier04599: tasks 280-335: Terminated
srun: error: frontier07137: tasks 1904-1959: Terminated
srun: error: frontier07423: tasks 2184-2239: Terminated
srun: error: frontier09084: tasks 3304-3359: Terminated
srun: error: frontier07162: tasks 1960-2015: Terminated
srun: error: frontier08700: tasks 2912-2967: Terminated
srun: error: frontier08956: tasks 3192-3247: Terminated
srun: error: frontier04846: tasks 392-447: Terminated
srun: error: frontier08044: tasks 2576-2631: Terminated
srun: error: frontier05886: tasks 1064-1119: Terminated
srun: error: frontier05629: tasks 784-839: Terminated
srun: error: frontier04218: tasks 56-111: Terminated
srun: error: frontier04845: tasks 336-391: Terminated
srun: error: frontier05102: tasks 504-559: Terminated
srun: error: frontier08063: tasks 2632-2687: Terminated
srun: error: frontier06899: tasks 1736-1791: Terminated
srun: error: frontier09192: tasks 3360-3415: Terminated
srun: error: frontier09211: tasks 3416-3471: Terminated
srun: Force Terminated StepId=5138959.17
Running frontier nodes=64 ranks_per_node=56 dist=hierarchical_lockfree_rma mode=fixed expected_us=10 max_upper_fanout=4
srun: Step created for StepId=5138959.18
RESULT distributor=hierarchical_lockfree_rma mode=fixed expected_us=10 nodes=64 world_size=3584 max_upper_fanout=4 total_tasks=55573829 elapsed_s=20.0017 throughput_tasks_per_s=2.77845e+06
MPICH Notice [Rank 0] [job id 5138959.18] [Sun Aug  2 04:37:21 2026] [frontier03200] - Abort(0) (rank 0 in comm 0): application called MPI_Abort(MPI_COMM_WORLD, 0) - process 0

aborting job:
application called MPI_Abort(MPI_COMM_WORLD, 0) - process 0
srun: error: frontier03200: task 0: Exited with exit code 255
srun: Terminating StepId=5138959.18
[2026-08-02T04:37:22.927] error: *** STEP 5138959.18 ON frontier03200 CANCELLED AT 2026-08-02T04:37:22 DUE TO TASK FAILURE ***
srun: error: frontier06630: tasks 1457-1511: Terminated
srun: error: frontier07545: tasks 2297-2351: Terminated
srun: error: frontier06010: tasks 1121-1175: Terminated
srun: error: frontier04577: tasks 225-279: Terminated
srun: error: frontier05629: tasks 785-839: Terminated
srun: error: frontier06260: tasks 1289-1343: Terminated
srun: error: frontier03200: tasks 2-55: Terminated
srun: error: frontier07423: tasks 2185-2239: Terminated
srun: error: frontier07162: tasks 1961-2015: Terminated
srun: error: frontier04599: tasks 281-335: Terminated
srun: error: frontier07648: tasks 2353-2407: Terminated
srun: error: frontier08830: tasks 3081-3135: Terminated
srun: error: frontier09192: tasks 3361-3415: Terminated
srun: error: frontier08701: tasks 2969-3023: Terminated
srun: error: frontier08829: tasks 3025-3079: Terminated
srun: error: frontier07262: tasks 2017-2071: Terminated
srun: error: frontier08063: tasks 2633-2687: Terminated
srun: error: frontier04222: tasks 113-167: Terminated
srun: error: frontier09331: tasks 3473-3527: Terminated
srun: error: frontier06382: tasks 1401-1455: Terminated
srun: error: frontier07932: tasks 2465-2519: Terminated
srun: error: frontier06767: tasks 1625-1679: Terminated
srun: error: frontier06231: tasks 1233-1287: Terminated
srun: error: frontier08044: tasks 2577-2631: Terminated
srun: error: frontier05760: tasks 953-1007: Terminated
srun: error: frontier06897: tasks 1681-1735: Terminated
srun: error: frontier05630: tasks 841-895: Terminated
srun: error: frontier06371: tasks 1345-1399: Terminated
srun: error: frontier05498: tasks 729-783: Terminated
srun: error: frontier05759: tasks 897-951: Terminated
srun: error: frontier04846: tasks 393-447: Terminated
srun: error: frontier05370: tasks 561-615: Terminated
srun: error: frontier06655: tasks 1513-1567: Terminated
srun: error: frontier06748: tasks 1569-1623: Terminated
srun: error: frontier04218: tasks 57-111: Terminated
srun: error: frontier07422: tasks 2129-2183: Terminated
srun: error: frontier05372: tasks 617-671: Terminated
srun: error: frontier09083: tasks 3249-3303: Terminated
srun: error: frontier05102: tasks 505-559: Terminated
srun: error: frontier08189: tasks 2689-2743: Terminated
srun: error: frontier07292: tasks 2073-2127: Terminated
srun: error: frontier05884: tasks 1009-1063: Terminated
srun: error: frontier04475: tasks 169-223: Terminated
srun: error: frontier08571: tasks 2801-2855: Terminated
srun: error: frontier08956: tasks 3193-3247: Terminated
srun: error: frontier04845: tasks 337-391: Terminated
srun: error: frontier05495: tasks 673-727: Terminated
srun: error: frontier09211: tasks 3417-3471: Terminated
srun: error: frontier08572: tasks 2857-2911: Terminated
srun: error: frontier08190: tasks 2745-2799: Terminated
srun: error: frontier07002: tasks 1793-1847: Terminated
srun: error: frontier09084: tasks 3305-3359: Terminated
srun: error: frontier07676: tasks 2409-2463: Terminated
srun: error: frontier08954: tasks 3137-3191: Terminated
srun: error: frontier07137: tasks 1905-1959: Terminated
srun: error: frontier07933: tasks 2521-2575: Terminated
srun: error: frontier05886: tasks 1065-1119: Terminated
srun: error: frontier05101: tasks 449-503: Terminated
srun: error: frontier06014: tasks 1177-1231: Terminated
srun: error: frontier09442: tasks 3529-3583: Terminated
srun: error: frontier07520: tasks 2241-2295: Terminated
srun: error: frontier07036: tasks 1849-1903: Terminated
srun: error: frontier06899: tasks 1737-1791: Terminated
srun: error: frontier08700: tasks 2913-2967: Terminated
srun: error: frontier06630: task 1456: Terminated
srun: error: frontier07545: task 2296: Terminated
srun: error: frontier07423: task 2184: Terminated
srun: error: frontier07648: task 2352: Terminated
srun: error: frontier05629: task 784: Terminated
srun: error: frontier06897: task 1680: Terminated
srun: error: frontier08830: task 3080: Terminated
srun: error: frontier06382: task 1400: Terminated
srun: error: frontier06260: task 1288: Terminated
srun: error: frontier05760: task 952: Terminated
srun: error: frontier07162: task 1960: Terminated
srun: error: frontier04222: task 112: Terminated
srun: error: frontier07292: task 2072: Terminated
srun: error: frontier08701: task 2968: Terminated
srun: error: frontier08829: task 3024: Terminated
srun: error: frontier08063: task 2632: Terminated
srun: error: frontier04218: task 56: Terminated
srun: error: frontier05630: task 840: Terminated
srun: error: frontier09331: task 3472: Terminated
srun: error: frontier06231: task 1232: Terminated
srun: error: frontier06767: task 1624: Terminated
srun: error: frontier05370: task 560: Terminated
srun: error: frontier09083: task 3248: Terminated
srun: error: frontier04846: task 392: Terminated
srun: error: frontier05372: task 616: Terminated
srun: error: frontier07422: task 2128: Terminated
srun: error: frontier05102: task 504: Terminated
srun: error: frontier06655: task 1512: Terminated
srun: error: frontier05498: task 728: Terminated
srun: error: frontier08044: task 2576: Terminated
srun: error: frontier08190: task 2744: Terminated
srun: error: frontier04845: task 336: Terminated
srun: error: frontier04475: task 168: Terminated
srun: error: frontier07137: task 1904: Terminated
srun: error: frontier06014: task 1176: Terminated
srun: error: frontier09211: task 3416: Terminated
srun: error: frontier08956: task 3192: Terminated
srun: error: frontier05884: task 1008: Terminated
srun: error: frontier08571: task 2800: Terminated
srun: error: frontier07036: task 1848: Terminated
srun: error: frontier07933: task 2520: Terminated
srun: error: frontier09442: task 3528: Terminated
srun: error: frontier06899: task 1736: Terminated
srun: error: frontier09084: task 3304: Terminated
srun: error: frontier07676: task 2408: Terminated
srun: error: frontier08572: task 2856: Terminated
srun: error: frontier05886: task 1064: Terminated
srun: error: frontier04599: task 280: Terminated
srun: error: frontier04577: task 224: Terminated
srun: error: frontier07262: task 2016: Terminated
srun: error: frontier06010: task 1120: Terminated
srun: error: frontier09192: task 3360: Terminated
srun: error: frontier06371: task 1344: Terminated
srun: error: frontier06748: task 1568: Terminated
srun: error: frontier08954: task 3136: Terminated
srun: error: frontier07520: task 2240: Terminated
srun: error: frontier05495: task 672: Terminated
srun: error: frontier07932: task 2464: Terminated
srun: error: frontier08700: task 2912: Terminated
srun: error: frontier05101: task 448: Terminated
srun: error: frontier08189: task 2688: Terminated
srun: error: frontier07002: task 1792: Terminated
srun: error: frontier03200: task 1: Terminated
srun: error: frontier05759: task 896: Terminated
srun: Force Terminated StepId=5138959.18
Running frontier nodes=64 ranks_per_node=56 dist=hierarchical_lockfree_rma mode=fixed expected_us=100 max_upper_fanout=4
srun: Step created for StepId=5138959.19
RESULT distributor=hierarchical_lockfree_rma mode=fixed expected_us=100 nodes=64 world_size=3584 max_upper_fanout=4 total_tasks=58309637 elapsed_s=20.0003 throughput_tasks_per_s=2.91543e+06
MPICH Notice [Rank 0] [job id 5138959.19] [Sun Aug  2 04:38:34 2026] [frontier03200] - Abort(0) (rank 0 in comm 0): application called MPI_Abort(MPI_COMM_WORLD, 0) - process 0

aborting job:
application called MPI_Abort(MPI_COMM_WORLD, 0) - process 0
srun: error: frontier03200: task 0: Exited with exit code 255
srun: Terminating StepId=5138959.19
[2026-08-02T04:38:35.642] error: *** STEP 5138959.19 ON frontier03200 CANCELLED AT 2026-08-02T04:38:35 DUE TO TASK FAILURE ***
srun: error: frontier05102: tasks 505-559: Terminated
srun: error: frontier07262: tasks 2017-2071: Terminated
srun: error: frontier06382: tasks 1401-1455: Terminated
srun: error: frontier07545: tasks 2297-2351: Terminated
srun: error: frontier06010: tasks 1121-1175: Terminated
srun: error: frontier04577: tasks 225-279: Terminated
srun: error: frontier03200: tasks 2-55: Terminated
srun: error: frontier05372: tasks 617-671: Terminated
srun: error: frontier06655: tasks 1513-1567: Terminated
srun: error: frontier08954: tasks 3137-3191: Terminated
srun: error: frontier08044: tasks 2577-2631: Terminated
srun: error: frontier06630: tasks 1457-1511: Terminated
srun: error: frontier07422: tasks 2129-2183: Terminated
srun: error: frontier08956: tasks 3193-3247: Terminated
srun: error: frontier08829: tasks 3025-3079: Terminated
srun: error: frontier09084: tasks 3305-3359: Terminated
srun: error: frontier09211: tasks 3417-3471: Terminated
srun: error: frontier05498: tasks 729-783: Terminated
srun: error: frontier06014: tasks 1177-1231: Terminated
srun: error: frontier08063: tasks 2633-2687: Terminated
srun: error: frontier07932: tasks 2465-2519: Terminated
srun: error: frontier05630: tasks 841-895: Terminated
srun: error: frontier06748: tasks 1569-1623: Terminated
srun: error: frontier06767: tasks 1625-1679: Terminated
srun: error: frontier05760: tasks 953-1007: Terminated
srun: error: frontier07137: tasks 1905-1959: Terminated
srun: error: frontier06231: tasks 1233-1287: Terminated
srun: error: frontier06371: tasks 1345-1399: Terminated
srun: error: frontier04475: tasks 169-223: Terminated
srun: error: frontier09083: tasks 3249-3303: Terminated
srun: error: frontier04846: tasks 393-447: Terminated
srun: error: frontier05101: tasks 449-503: Terminated
srun: error: frontier04599: tasks 281-335: Terminated
srun: error: frontier05495: tasks 673-727: Terminated
srun: error: frontier07933: tasks 2521-2575: Terminated
srun: error: frontier05759: tasks 897-951: Terminated
srun: error: frontier06260: tasks 1289-1343: Terminated
srun: error: frontier07648: tasks 2353-2407: Terminated
srun: error: frontier08830: tasks 3081-3135: Terminated
srun: error: frontier08700: tasks 2913-2967: Terminated
srun: error: frontier09442: tasks 3529-3583: Terminated
srun: error: frontier09331: tasks 3473-3527: Terminated
srun: error: frontier08701: tasks 2969-3023: Terminated
srun: error: frontier07676: tasks 2409-2463: Terminated
srun: error: frontier05629: tasks 785-839: Terminated
srun: error: frontier07162: tasks 1961-2015: Terminated
srun: error: frontier06899: tasks 1737-1791: Terminated
srun: error: frontier07036: tasks 1849-1903: Terminated
srun: error: frontier05884: tasks 1009-1063: Terminated
srun: error: frontier04218: tasks 57-111: Terminated
srun: error: frontier04222: tasks 113-167: Terminated
srun: error: frontier05886: tasks 1065-1119: Terminated
srun: error: frontier08189: tasks 2689-2743: Terminated
srun: error: frontier08190: tasks 2745-2799: Terminated
srun: error: frontier06897: tasks 1681-1735: Terminated
srun: error: frontier08572: tasks 2857-2911: Terminated
srun: error: frontier07520: tasks 2241-2295: Terminated
srun: error: frontier05370: tasks 561-615: Terminated
srun: error: frontier08571: tasks 2801-2855: Terminated
srun: error: frontier04845: tasks 337-391: Terminated
srun: error: frontier07292: tasks 2073-2127: Terminated
srun: error: frontier09192: tasks 3361-3415: Terminated
srun: error: frontier07423: tasks 2185-2239: Terminated
srun: error: frontier07002: tasks 1793-1847: Terminated
srun: error: frontier06382: task 1400: Terminated
srun: error: frontier05102: task 504: Terminated
srun: error: frontier06630: task 1456: Terminated
srun: error: frontier06014: task 1176: Terminated
srun: error: frontier09211: task 3416: Terminated
srun: error: frontier08044: task 2576: Terminated
srun: error: frontier08956: task 3192: Terminated
srun: error: frontier05630: task 840: Terminated
srun: error: frontier08063: task 2632: Terminated
srun: error: frontier09084: task 3304: Terminated
srun: error: frontier07422: task 2128: Terminated
srun: error: frontier06767: task 1624: Terminated
srun: error: frontier05760: task 952: Terminated
srun: error: frontier04599: task 280: Terminated
srun: error: frontier06655: task 1512: Terminated
srun: error: frontier05372: task 616: Terminated
srun: error: frontier07137: task 1904: Terminated
srun: error: frontier07648: task 2352: Terminated
srun: error: frontier09083: task 3248: Terminated
srun: error: frontier05498: task 728: Terminated
srun: error: frontier08829: task 3024: Terminated
srun: error: frontier08830: task 3080: Terminated
srun: error: frontier06231: task 1232: Terminated
srun: error: frontier04475: task 168: Terminated
srun: error: frontier07676: task 2408: Terminated
srun: error: frontier09331: task 3472: Terminated
srun: error: frontier05629: task 784: Terminated
srun: error: frontier04846: task 392: Terminated
srun: error: frontier08701: task 2968: Terminated
srun: error: frontier07933: task 2520: Terminated
srun: error: frontier09442: task 3528: Terminated
srun: error: frontier06260: task 1288: Terminated
srun: error: frontier07036: task 1848: Terminated
srun: error: frontier07162: task 1960: Terminated
srun: error: frontier04218: task 56: Terminated
srun: error: frontier04222: task 112: Terminated
srun: error: frontier08190: task 2744: Terminated
srun: error: frontier05886: task 1064: Terminated
srun: error: frontier05884: task 1008: Terminated
srun: error: frontier07292: task 2072: Terminated
srun: error: frontier06897: task 1680: Terminated
srun: error: frontier06899: task 1736: Terminated
srun: error: frontier07423: task 2184: Terminated
srun: error: frontier05370: task 560: Terminated
srun: error: frontier04845: task 336: Terminated
srun: error: frontier08572: task 2856: Terminated
srun: error: frontier08571: task 2800: Terminated
srun: error: frontier07545: task 2296: Terminated
srun: error: frontier07262: task 2016: Terminated
srun: error: frontier04577: task 224: Terminated
srun: error: frontier08954: task 3136: Terminated
srun: error: frontier06010: task 1120: Terminated
srun: error: frontier06748: task 1568: Terminated
srun: error: frontier06371: task 1344: Terminated
srun: error: frontier07932: task 2464: Terminated
srun: error: frontier08700: task 2912: Terminated
srun: error: frontier05495: task 672: Terminated
srun: error: frontier05101: task 448: Terminated
srun: error: frontier07520: task 2240: Terminated
srun: error: frontier09192: task 3360: Terminated
srun: error: frontier03200: task 1: Terminated
srun: error: frontier07002: task 1792: Terminated
srun: error: frontier05759: task 896: Terminated
srun: error: frontier08189: task 2688: Terminated
srun: Force Terminated StepId=5138959.19
Running frontier nodes=64 ranks_per_node=56 dist=hierarchical_lockfree_rma mode=fixed expected_us=1000 max_upper_fanout=4
RESULT distributor=hierarchical_lockfree_rma mode=fixed expected_us=1000 nodes=64 world_size=3584 max_upper_fanout=4 total_tasks=25240017 elapsed_s=20.0013 throughput_tasks_per_s=1.26192e+06
MPICH Notice [Rank 0] [job id 5138959.20] [Sun Aug  2 04:39:54 2026] [frontier03200] - Abort(0) (rank 0 in comm 0): application called MPI_Abort(MPI_COMM_WORLD, 0) - process 0

aborting job:
application called MPI_Abort(MPI_COMM_WORLD, 0) - process 0
srun: error: frontier03200: task 0: Exited with exit code 255
srun: Terminating StepId=5138959.20
[2026-08-02T04:39:55.529] error: *** STEP 5138959.20 ON frontier03200 CANCELLED AT 2026-08-02T04:39:55 DUE TO TASK FAILURE ***
srun: error: frontier04577: tasks 225-279: Terminated
srun: error: frontier08063: tasks 2633-2687: Terminated
srun: error: frontier07648: tasks 2353-2407: Terminated
srun: error: frontier03200: tasks 2-55: Terminated
srun: error: frontier08044: tasks 2577-2631: Terminated
srun: error: frontier05498: tasks 729-783: Terminated
srun: error: frontier09084: tasks 3305-3359: Terminated
srun: error: frontier06748: tasks 1569-1623: Terminated
srun: error: frontier06897: tasks 1681-1735: Terminated
srun: error: frontier06655: tasks 1513-1567: Terminated
srun: error: frontier08700: tasks 2913-2967: Terminated
srun: error: frontier07262: tasks 2017-2071: Terminated
srun: error: frontier07933: tasks 2521-2575: Terminated
srun: error: frontier09083: tasks 3249-3303: Terminated
srun: error: frontier05102: tasks 505-559: Terminated
srun: error: frontier05629: tasks 785-839: Terminated
srun: error: frontier08830: tasks 3081-3135: Terminated
srun: error: frontier06382: tasks 1401-1455: Terminated
srun: error: frontier06014: tasks 1177-1231: Terminated
srun: error: frontier04222: tasks 113-167: Terminated
srun: error: frontier05759: tasks 897-951: Terminated
srun: error: frontier04846: tasks 393-447: Terminated
srun: error: frontier05886: tasks 1065-1119: Terminated
srun: error: frontier06371: tasks 1345-1399: Terminated
srun: error: frontier08701: tasks 2969-3023: Terminated
srun: error: frontier05101: tasks 449-503: Terminated
srun: error: frontier05630: tasks 841-895: Terminated
srun: error: frontier07932: tasks 2465-2519: Terminated
srun: error: frontier05372: tasks 617-671: Terminated
srun: error: frontier08954: tasks 3137-3191: Terminated
srun: error: frontier04475: tasks 169-223: Terminated
srun: error: frontier04845: tasks 337-391: Terminated
srun: error: frontier06767: tasks 1625-1679: Terminated
srun: error: frontier07520: tasks 2241-2295: Terminated
srun: error: frontier06899: tasks 1737-1791: Terminated
srun: error: frontier06231: tasks 1233-1287: Terminated
srun: error: frontier08956: tasks 3193-3247: Terminated
srun: error: frontier07422: tasks 2129-2183: Terminated
srun: error: frontier04218: tasks 57-111: Terminated
srun: error: frontier08829: tasks 3025-3079: Terminated
srun: error: frontier07545: tasks 2297-2351: Terminated
srun: error: frontier08571: tasks 2801-2855: Terminated
srun: error: frontier09211: tasks 3417-3471: Terminated
srun: error: frontier07162: tasks 1961-2015: Terminated
srun: error: frontier05370: tasks 561-615: Terminated
srun: error: frontier09442: tasks 3529-3583: Terminated
srun: error: frontier07137: tasks 1905-1959: Terminated
srun: error: frontier07036: tasks 1849-1903: Terminated
srun: error: frontier07002: tasks 1793-1847: Terminated
srun: error: frontier06010: tasks 1121-1175: Terminated
srun: error: frontier05884: tasks 1009-1063: Terminated
srun: error: frontier06630: tasks 1457-1511: Terminated
srun: error: frontier07292: tasks 2073-2127: Terminated
srun: error: frontier09331: tasks 3473-3527: Terminated
srun: error: frontier04599: tasks 281-335: Terminated
srun: error: frontier09192: tasks 3361-3415: Terminated
srun: error: frontier06260: tasks 1289-1343: Terminated
srun: error: frontier08190: tasks 2745-2799: Terminated
srun: error: frontier07423: tasks 2185-2239: Terminated
srun: error: frontier08189: tasks 2689-2743: Terminated
srun: error: frontier07676: tasks 2409-2463: Terminated
srun: error: frontier08572: tasks 2857-2911: Terminated
srun: error: frontier05495: tasks 673-727: Terminated
srun: error: frontier05760: tasks 953-1007: Terminated
srun: error: frontier07648: task 2352: Terminated
srun: error: frontier09084: task 3304: Terminated
srun: error: frontier08044: task 2576: Terminated
srun: error: frontier06897: task 1680: Terminated
srun: error: frontier06014: task 1176: Terminated
srun: error: frontier08063: task 2632: Terminated
srun: error: frontier08830: task 3080: Terminated
srun: error: frontier06382: task 1400: Terminated
srun: error: frontier05102: task 504: Terminated
srun: error: frontier05498: task 728: Terminated
srun: error: frontier05629: task 784: Terminated
srun: error: frontier07933: task 2520: Terminated
srun: error: frontier09083: task 3248: Terminated
srun: error: frontier04846: task 392: Terminated
srun: error: frontier04222: task 112: Terminated
srun: error: frontier06655: task 1512: Terminated
srun: error: frontier04475: task 168: Terminated
srun: error: frontier08701: task 2968: Terminated
srun: error: frontier09211: task 3416: Terminated
srun: error: frontier04218: task 56: Terminated
srun: error: frontier05630: task 840: Terminated
srun: error: frontier06231: task 1232: Terminated
srun: error: frontier05886: task 1064: Terminated
srun: error: frontier07162: task 1960: Terminated
srun: error: frontier06767: task 1624: Terminated
srun: error: frontier08829: task 3024: Terminated
srun: error: frontier04845: task 336: Terminated
srun: error: frontier07545: task 2296: Terminated
srun: error: frontier07422: task 2128: Terminated
srun: error: frontier08956: task 3192: Terminated
srun: error: frontier05372: task 616: Terminated
srun: error: frontier09442: task 3528: Terminated
srun: error: frontier06899: task 1736: Terminated
srun: error: frontier05370: task 560: Terminated
srun: error: frontier07036: task 1848: Terminated
srun: error: frontier05760: task 952: Terminated
srun: error: frontier07137: task 1904: Terminated
srun: error: frontier06630: task 1456: Terminated
srun: error: frontier07292: task 2072: Terminated
srun: error: frontier04599: task 280: Terminated
srun: error: frontier08190: task 2744: Terminated
srun: error: frontier07423: task 2184: Terminated
srun: error: frontier08571: task 2800: Terminated
srun: error: frontier09331: task 3472: Terminated
srun: error: frontier07676: task 2408: Terminated
srun: error: frontier05884: task 1008: Terminated
srun: error: frontier06260: task 1288: Terminated
srun: error: frontier08572: task 2856: Terminated
srun: error: frontier04577: task 224: Terminated
srun: error: frontier06748: task 1568: Terminated
srun: error: frontier08700: task 2912: Terminated
srun: error: frontier07262: task 2016: Terminated
srun: error: frontier06371: task 1344: Terminated
srun: error: frontier08954: task 3136: Terminated
srun: error: frontier07520: task 2240: Terminated
srun: error: frontier05495: task 672: Terminated
srun: error: frontier07932: task 2464: Terminated
srun: error: frontier05101: task 448: Terminated
srun: error: frontier09192: task 3360: Terminated
srun: error: frontier06010: task 1120: Terminated
srun: error: frontier03200: task 1: Terminated
srun: error: frontier05759: task 896: Terminated
srun: error: frontier07002: task 1792: Terminated
srun: error: frontier08189: task 2688: Terminated
srun: Force Terminated StepId=5138959.20
Running frontier nodes=64 ranks_per_node=56 dist=hierarchical_lockfree_rma mode=uniform expected_us=10 max_upper_fanout=4
srun: Step created for StepId=5138959.21
RESULT distributor=hierarchical_lockfree_rma mode=uniform expected_us=10 nodes=64 world_size=3584 max_upper_fanout=4 total_tasks=55492264 elapsed_s=20.0016 throughput_tasks_per_s=2.7744e+06
MPICH Notice [Rank 0] [job id 5138959.21] [Sun Aug  2 04:40:46 2026] [frontier03200] - Abort(0) (rank 0 in comm 0): application called MPI_Abort(MPI_COMM_WORLD, 0) - process 0

aborting job:
application called MPI_Abort(MPI_COMM_WORLD, 0) - process 0
srun: error: frontier03200: task 0: Exited with exit code 255
srun: Terminating StepId=5138959.21
[2026-08-02T04:40:47.360] error: *** STEP 5138959.21 ON frontier03200 CANCELLED AT 2026-08-02T04:40:47 DUE TO TASK FAILURE ***
srun: error: frontier07648: tasks 2353-2407: Terminated
srun: error: frontier05630: tasks 841-895: Terminated
srun: error: frontier08829: tasks 3025-3079: Terminated
srun: error: frontier06630: tasks 1457-1511: Terminated
srun: error: frontier05498: tasks 729-783: Terminated
srun: error: frontier07423: tasks 2185-2239: Terminated
srun: error: frontier06371: tasks 1345-1399: Terminated
srun: error: frontier07676: tasks 2409-2463: Terminated
srun: error: frontier03200: tasks 2-55: Terminated
srun: error: frontier09083: tasks 3249-3303: Terminated
srun: error: frontier07520: tasks 2241-2295: Terminated
srun: error: frontier05629: tasks 785-839: Terminated
srun: error: frontier06655: tasks 1513-1567: Terminated
srun: error: frontier05101: tasks 449-503: Terminated
srun: error: frontier07002: tasks 1793-1847: Terminated
srun: error: frontier06899: tasks 1737-1791: Terminated
srun: error: frontier07545: tasks 2297-2351: Terminated
srun: error: frontier08956: tasks 3193-3247: Terminated
srun: error: frontier05102: tasks 505-559: Terminated
srun: error: frontier06767: tasks 1625-1679: Terminated
srun: error: frontier06897: tasks 1681-1735: Terminated
srun: error: frontier04846: tasks 393-447: Terminated
srun: error: frontier05759: tasks 897-951: Terminated
srun: error: frontier09084: tasks 3305-3359: Terminated
srun: error: frontier05370: tasks 561-615: Terminated
srun: error: frontier04577: tasks 225-279: Terminated
srun: error: frontier08701: tasks 2969-3023: Terminated
srun: error: frontier08189: tasks 2689-2743: Terminated
srun: error: frontier06260: tasks 1289-1343: Terminated
srun: error: frontier07932: tasks 2465-2519: Terminated
srun: error: frontier05886: tasks 1065-1119: Terminated
srun: error: frontier08954: tasks 3137-3191: Terminated
srun: error: frontier04599: tasks 281-335: Terminated
srun: error: frontier09192: tasks 3361-3415: Terminated
srun: error: frontier08830: tasks 3081-3135: Terminated
srun: error: frontier06748: tasks 1569-1623: Terminated
srun: error: frontier05372: tasks 617-671: Terminated
srun: error: frontier05495: tasks 673-727: Terminated
srun: error: frontier07933: tasks 2521-2575: Terminated
srun: error: frontier07422: tasks 2129-2183: Terminated
srun: error: frontier09442: tasks 3529-3583: Terminated
srun: error: frontier06010: tasks 1121-1175: Terminated
srun: error: frontier04845: tasks 337-391: Terminated
srun: error: frontier08700: tasks 2913-2967: Terminated
srun: error: frontier05760: tasks 953-1007: Terminated
srun: error: frontier07162: tasks 1961-2015: Terminated
srun: error: frontier05884: tasks 1009-1063: Terminated
srun: error: frontier04475: tasks 169-223: Terminated
srun: error: frontier04222: tasks 113-167: Terminated
srun: error: frontier07036: tasks 1849-1903: Terminated
srun: error: frontier07137: tasks 1905-1959: Terminated
srun: error: frontier08572: tasks 2857-2911: Terminated
srun: error: frontier08571: tasks 2801-2855: Terminated
srun: error: frontier06014: tasks 1177-1231: Terminated
srun: error: frontier06231: tasks 1233-1287: Terminated
srun: error: frontier08063: tasks 2633-2687: Terminated
srun: error: frontier09211: tasks 3417-3471: Terminated
srun: error: frontier08190: tasks 2745-2799: Terminated
srun: error: frontier06382: tasks 1401-1455: Terminated
srun: error: frontier04218: tasks 57-111: Terminated
srun: error: frontier07292: tasks 2073-2127: Terminated
srun: error: frontier08044: tasks 2577-2631: Terminated
srun: error: frontier07262: tasks 2017-2071: Terminated
srun: error: frontier09331: tasks 3473-3527: Terminated
srun: error: frontier06630: task 1456: Terminated
srun: error: frontier05630: task 840: Terminated
srun: error: frontier07648: task 2352: Terminated
srun: error: frontier07423: task 2184: Terminated
srun: error: frontier08829: task 3024: Terminated
srun: error: frontier06655: task 1512: Terminated
srun: error: frontier08956: task 3192: Terminated
srun: error: frontier05102: task 504: Terminated
srun: error: frontier06897: task 1680: Terminated
srun: error: frontier09083: task 3248: Terminated
srun: error: frontier07545: task 2296: Terminated
srun: error: frontier07676: task 2408: Terminated
srun: error: frontier06899: task 1736: Terminated
srun: error: frontier06767: task 1624: Terminated
srun: error: frontier05629: task 784: Terminated
srun: error: frontier04599: task 280: Terminated
srun: error: frontier08830: task 3080: Terminated
srun: error: frontier08701: task 2968: Terminated
srun: error: frontier05498: task 728: Terminated
srun: error: frontier04846: task 392: Terminated
srun: error: frontier09442: task 3528: Terminated
srun: error: frontier07933: task 2520: Terminated
srun: error: frontier04845: task 336: Terminated
srun: error: frontier07422: task 2128: Terminated
srun: error: frontier05886: task 1064: Terminated
srun: error: frontier06260: task 1288: Terminated
srun: error: frontier05370: task 560: Terminated
srun: error: frontier09084: task 3304: Terminated
srun: error: frontier05372: task 616: Terminated
srun: error: frontier08190: task 2744: Terminated
srun: error: frontier07162: task 1960: Terminated
srun: error: frontier07036: task 1848: Terminated
srun: error: frontier04475: task 168: Terminated
srun: error: frontier07137: task 1904: Terminated
srun: error: frontier06014: task 1176: Terminated
srun: error: frontier04222: task 112: Terminated
srun: error: frontier06231: task 1232: Terminated
srun: error: frontier06382: task 1400: Terminated
srun: error: frontier05884: task 1008: Terminated
srun: error: frontier09211: task 3416: Terminated
srun: error: frontier07292: task 2072: Terminated
srun: error: frontier08044: task 2576: Terminated
srun: error: frontier08571: task 2800: Terminated
srun: error: frontier09331: task 3472: Terminated
srun: error: frontier05760: task 952: Terminated
srun: error: frontier04218: task 56: Terminated
srun: error: frontier08063: task 2632: Terminated
srun: error: frontier08572: task 2856: Terminated
srun: error: frontier06371: task 1344: Terminated
srun: error: frontier08954: task 3136: Terminated
srun: error: frontier06748: task 1568: Terminated
srun: error: frontier05101: task 448: Terminated
srun: error: frontier04577: task 224: Terminated
srun: error: frontier05495: task 672: Terminated
srun: error: frontier06010: task 1120: Terminated
srun: error: frontier08700: task 2912: Terminated
srun: error: frontier07932: task 2464: Terminated
srun: error: frontier07262: task 2016: Terminated
srun: error: frontier09192: task 3360: Terminated
srun: error: frontier07520: task 2240: Terminated
srun: error: frontier03200: task 1: Terminated
srun: error: frontier08189: task 2688: Terminated
srun: error: frontier07002: task 1792: Terminated
srun: error: frontier05759: task 896: Terminated
srun: Force Terminated StepId=5138959.21
Running frontier nodes=64 ranks_per_node=56 dist=hierarchical_lockfree_rma mode=uniform expected_us=100 max_upper_fanout=4
srun: Step created for StepId=5138959.22
RESULT distributor=hierarchical_lockfree_rma mode=uniform expected_us=100 nodes=64 world_size=3584 max_upper_fanout=4 total_tasks=55397053 elapsed_s=20.0016 throughput_tasks_per_s=2.76964e+06
MPICH Notice [Rank 0] [job id 5138959.22] [Sun Aug  2 04:41:50 2026] [frontier03200] - Abort(0) (rank 0 in comm 0): application called MPI_Abort(MPI_COMM_WORLD, 0) - process 0

aborting job:
application called MPI_Abort(MPI_COMM_WORLD, 0) - process 0
srun: error: frontier03200: task 0: Exited with exit code 255
srun: Terminating StepId=5138959.22
[2026-08-02T04:41:51.510] error: *** STEP 5138959.22 ON frontier03200 CANCELLED AT 2026-08-02T04:41:51 DUE TO TASK FAILURE ***
srun: error: frontier07545: tasks 2297-2351: Terminated
srun: error: frontier07932: tasks 2465-2519: Terminated
srun: error: frontier05630: tasks 841-895: Terminated
srun: error: frontier06630: tasks 1457-1511: Terminated
srun: error: frontier06260: tasks 1289-1343: Terminated
srun: error: frontier03200: tasks 2-55: Terminated
srun: error: frontier08956: tasks 3193-3247: Terminated
srun: error: frontier07262: tasks 2017-2071: Terminated
srun: error: frontier06767: tasks 1625-1679: Terminated
srun: error: frontier07648: tasks 2353-2407: Terminated
srun: error: frontier08829: tasks 3025-3079: Terminated
srun: error: frontier09083: tasks 3249-3303: Terminated
srun: error: frontier08701: tasks 2969-3023: Terminated
srun: error: frontier08189: tasks 2689-2743: Terminated
srun: error: frontier07292: tasks 2073-2127: Terminated
srun: error: frontier06748: tasks 1569-1623: Terminated
srun: error: frontier05495: tasks 673-727: Terminated
srun: error: frontier04218: tasks 57-111: Terminated
srun: error: frontier09211: tasks 3417-3471: Terminated
srun: error: frontier05629: tasks 785-839: Terminated
srun: error: frontier05372: tasks 617-671: Terminated
srun: error: frontier04577: tasks 225-279: Terminated
srun: error: frontier07423: tasks 2185-2239: Terminated
srun: error: frontier06010: tasks 1121-1175: Terminated
srun: error: frontier08700: tasks 2913-2967: Terminated
srun: error: frontier06231: tasks 1233-1287: Terminated
srun: error: frontier05101: tasks 449-503: Terminated
srun: error: frontier09442: tasks 3529-3583: Terminated
srun: error: frontier06371: tasks 1345-1399: Terminated
srun: error: frontier07676: tasks 2409-2463: Terminated
srun: error: frontier08954: tasks 3137-3191: Terminated
srun: error: frontier07162: tasks 1961-2015: Terminated
srun: error: frontier04845: tasks 337-391: Terminated
srun: error: frontier09084: tasks 3305-3359: Terminated
srun: error: frontier07036: tasks 1849-1903: Terminated
srun: error: frontier08571: tasks 2801-2855: Terminated
srun: error: frontier04599: tasks 281-335: Terminated
srun: error: frontier05760: tasks 953-1007: Terminated
srun: error: frontier04222: tasks 113-167: Terminated
srun: error: frontier05886: tasks 1065-1119: Terminated
srun: error: frontier08190: tasks 2745-2799: Terminated
srun: error: frontier05884: tasks 1009-1063: Terminated
srun: error: frontier08572: tasks 2857-2911: Terminated
srun: error: frontier06014: tasks 1177-1231: Terminated
srun: error: frontier07002: tasks 1793-1847: Terminated
srun: error: frontier08063: tasks 2633-2687: Terminated
srun: error: frontier08830: tasks 3081-3135: Terminated
srun: error: frontier06899: tasks 1737-1791: Terminated
srun: error: frontier09331: tasks 3473-3527: Terminated
srun: error: frontier05498: tasks 729-783: Terminated
srun: error: frontier05759: tasks 897-951: Terminated
srun: error: frontier05102: tasks 505-559: Terminated
srun: error: frontier06382: tasks 1401-1455: Terminated
srun: error: frontier04846: tasks 393-447: Terminated
srun: error: frontier08044: tasks 2577-2631: Terminated
srun: error: frontier06655: tasks 1513-1567: Terminated
srun: error: frontier09192: tasks 3361-3415: Terminated
srun: error: frontier07137: tasks 1905-1959: Terminated
srun: error: frontier04475: tasks 169-223: Terminated
srun: error: frontier05370: tasks 561-615: Terminated
srun: error: frontier07933: tasks 2521-2575: Terminated
srun: error: frontier06897: tasks 1681-1735: Terminated
srun: error: frontier07520: tasks 2241-2295: Terminated
srun: error: frontier07422: tasks 2129-2183: Terminated
srun: error: frontier08956: task 3192: Terminated
srun: error: frontier07545: task 2296: Terminated
srun: error: frontier06630: task 1456: Terminated
srun: error: frontier06767: task 1624: Terminated
srun: error: frontier06655: task 1512: Terminated
srun: error: frontier05372: task 616: Terminated
srun: error: frontier09083: task 3248: Terminated
srun: error: frontier05629: task 784: Terminated
srun: error: frontier08701: task 2968: Terminated
srun: error: frontier06231: task 1232: Terminated
srun: error: frontier06260: task 1288: Terminated
srun: error: frontier04218: task 56: Terminated
srun: error: frontier07292: task 2072: Terminated
srun: error: frontier07648: task 2352: Terminated
srun: error: frontier09442: task 3528: Terminated
srun: error: frontier07676: task 2408: Terminated
srun: error: frontier04599: task 280: Terminated
srun: error: frontier04845: task 336: Terminated
srun: error: frontier07423: task 2184: Terminated
srun: error: frontier05760: task 952: Terminated
srun: error: frontier06014: task 1176: Terminated
srun: error: frontier08190: task 2744: Terminated
srun: error: frontier09211: task 3416: Terminated
srun: error: frontier07162: task 1960: Terminated
srun: error: frontier05884: task 1008: Terminated
srun: error: frontier07036: task 1848: Terminated
srun: error: frontier04222: task 112: Terminated
srun: error: frontier07137: task 1904: Terminated
srun: error: frontier05886: task 1064: Terminated
srun: error: frontier08830: task 3080: Terminated
srun: error: frontier09084: task 3304: Terminated
srun: error: frontier05102: task 504: Terminated
srun: error: frontier04846: task 392: Terminated
srun: error: frontier06897: task 1680: Terminated
srun: error: frontier09331: task 3472: Terminated
srun: error: frontier08063: task 2632: Terminated
srun: error: frontier08829: task 3024: Terminated
srun: error: frontier07933: task 2520: Terminated
srun: error: frontier05498: task 728: Terminated
srun: error: frontier08571: task 2800: Terminated
srun: error: frontier05630: task 840: Terminated
srun: error: frontier08572: task 2856: Terminated
srun: error: frontier07422: task 2128: Terminated
srun: error: frontier05370: task 560: Terminated
srun: error: frontier06382: task 1400: Terminated
srun: error: frontier08044: task 2576: Terminated
srun: error: frontier06899: task 1736: Terminated
srun: error: frontier04475: task 168: Terminated
srun: error: frontier07932: task 2464: Terminated
srun: error: frontier06748: task 1568: Terminated
srun: error: frontier08954: task 3136: Terminated
srun: error: frontier06371: task 1344: Terminated
srun: error: frontier04577: task 224: Terminated
srun: error: frontier05101: task 448: Terminated
srun: error: frontier08700: task 2912: Terminated
srun: error: frontier06010: task 1120: Terminated
srun: error: frontier05495: task 672: Terminated
srun: error: frontier07262: task 2016: Terminated
srun: error: frontier09192: task 3360: Terminated
srun: error: frontier07520: task 2240: Terminated
srun: error: frontier03200: task 1: Terminated
srun: error: frontier05759: task 896: Terminated
srun: error: frontier07002: task 1792: Terminated
srun: error: frontier08189: task 2688: Terminated
srun: Force Terminated StepId=5138959.22
Running frontier nodes=64 ranks_per_node=56 dist=hierarchical_lockfree_rma mode=uniform expected_us=1000 max_upper_fanout=4
RESULT distributor=hierarchical_lockfree_rma mode=uniform expected_us=1000 nodes=64 world_size=3584 max_upper_fanout=4 total_tasks=22994910 elapsed_s=20.0011 throughput_tasks_per_s=1.14968e+06
MPICH Notice [Rank 0] [job id 5138959.23] [Sun Aug  2 04:43:05 2026] [frontier03200] - Abort(0) (rank 0 in comm 0): application called MPI_Abort(MPI_COMM_WORLD, 0) - process 0

aborting job:
application called MPI_Abort(MPI_COMM_WORLD, 0) - process 0
srun: error: frontier03200: task 0: Exited with exit code 255
srun: Terminating StepId=5138959.23
[2026-08-02T04:43:07.831] error: *** STEP 5138959.23 ON frontier03200 CANCELLED AT 2026-08-02T04:43:07 DUE TO TASK FAILURE ***
srun: error: frontier09331: tasks 3473-3527: Terminated
srun: error: frontier03200: tasks 2-55: Terminated
srun: error: frontier06655: tasks 1513-1567: Terminated
srun: error: frontier07648: tasks 2353-2407: Terminated
srun: error: frontier04599: tasks 281-335: Terminated
srun: error: frontier04577: tasks 225-279: Terminated
srun: error: frontier08701: tasks 2969-3023: Terminated
srun: error: frontier05629: tasks 785-839: Terminated
srun: error: frontier07933: tasks 2521-2575: Terminated
srun: error: frontier09192: tasks 3361-3363,3365-3367,3369-3390,3392-3410,3412-3415: Terminated
srun: error: frontier06382: tasks 1401-1455: Terminated
srun: error: frontier09083: tasks 3249-3303: Terminated
srun: error: frontier05498: tasks 729-750,752-762,764-773,775-781,783: Terminated
srun: error: frontier05759: tasks 897-951: Terminated
srun: error: frontier05886: tasks 1065-1119: Terminated
srun: error: frontier06630: tasks 1457-1511: Terminated
srun: error: frontier05102: tasks 505-559: Terminated
srun: error: frontier05370: tasks 561-615: Terminated
srun: error: frontier09084: tasks 3305-3359: Terminated
srun: error: frontier06371: tasks 1345-1399: Terminated
srun: error: frontier06767: tasks 1625-1679: Terminated
srun: error: frontier07137: tasks 1905-1959: Terminated
srun: error: frontier05372: tasks 617-671: Terminated
srun: error: frontier04845: tasks 337-391: Terminated
srun: error: frontier07423: tasks 2185-2239: Terminated
srun: error: frontier08189: tasks 2689-2743: Terminated
srun: error: frontier05630: tasks 841-895: Terminated
srun: error: frontier08954: tasks 3137-3191: Terminated
srun: error: frontier06899: tasks 1737-1791: Terminated
srun: error: frontier05495: tasks 673-727: Terminated
srun: error: frontier08572: tasks 2857-2911: Terminated
srun: error: frontier06748: tasks 1569-1623: Terminated
srun: error: frontier04475: tasks 169-223: Terminated
srun: error: frontier05101: tasks 449-503: Terminated
srun: error: frontier07036: tasks 1849-1903: Terminated
srun: error: frontier07422: tasks 2129-2183: Terminated
srun: error: frontier09442: tasks 3529-3583: Terminated
srun: error: frontier08700: tasks 2913-2967: Terminated
srun: error: frontier08063: tasks 2633-2687: Terminated
srun: error: frontier08571: tasks 2801,2803,2805-2810,2812-2813,2815,2819,2823-2824,2826-2827,2830-2831,2834,2836-2841,2844-2845,2848-2850,2852,2854: Terminated
srun: error: frontier07676: tasks 2409-2463: Terminated
srun: error: frontier04222: tasks 113-167: Terminated
srun: error: frontier07545: tasks 2297-2351: Terminated
srun: error: frontier05884: tasks 1009-1063: Terminated
srun: error: frontier08956: tasks 3193-3247: Terminated
srun: error: frontier07520: tasks 2241-2295: Terminated
srun: error: frontier04218: tasks 57-111: Terminated
srun: error: frontier07932: tasks 2465-2519: Terminated
srun: error: frontier06260: tasks 1289-1295,1297-1321,1323-1334,1336-1343: Terminated
srun: error: frontier06010: tasks 1121-1175: Terminated
srun: error: frontier06014: tasks 1177-1231: Terminated
srun: error: frontier08044: tasks 2577-2595,2597-2599,2601-2605,2607-2617,2620-2621,2623-2628,2630-2631: Terminated
srun: error: frontier04846: tasks 393-447: Terminated
srun: error: frontier07262: tasks 2017-2071: Terminated
srun: error: frontier08190: tasks 2745-2799: Terminated
srun: error: frontier06897: tasks 1681-1735: Terminated
srun: error: frontier08830: tasks 3081-3135: Terminated
srun: error: frontier07002: tasks 1793-1847: Terminated
srun: error: frontier07292: tasks 2073-2127: Terminated
srun: error: frontier08829: tasks 3025-3079: Terminated
srun: error: frontier05760: tasks 953-1007: Terminated
srun: error: frontier06231: tasks 1233-1287: Terminated
srun: error: frontier09211: tasks 3417-3471: Terminated
srun: error: frontier09192: tasks 3364,3368,3391,3411: Terminated
srun: error: frontier07162: tasks 1961-2015: Terminated
srun: error: frontier07648: task 2352: Terminated
srun: error: frontier05498: tasks 751,763,774,782: Terminated
srun: error: frontier09331: task 3472: Terminated
srun: error: frontier06382: task 1400: Terminated
srun: error: frontier06630: task 1456: Terminated
srun: error: frontier04599: task 280: Terminated
srun: error: frontier05629: task 784: Terminated
srun: error: frontier08701: task 2968: Terminated
srun: error: frontier09083: task 3248: Terminated
srun: error: frontier05372: task 616: Terminated
srun: error: frontier04845: task 336: Terminated
srun: error: frontier05886: task 1064: Terminated
srun: error: frontier07137: task 1904: Terminated
srun: error: frontier09084: task 3304: Terminated
srun: error: frontier05370: task 560: Terminated
srun: error: frontier07423: task 2184: Terminated
srun: error: frontier07422: task 2128: Terminated
srun: error: frontier06767: task 1624: Terminated
srun: error: frontier04222: task 112: Terminated
srun: error: frontier06655: task 1512: Terminated
srun: error: frontier05884: task 1008: Terminated
srun: error: frontier05102: task 504: Terminated
srun: error: frontier06897: task 1680: Terminated
srun: error: frontier05630: task 840: Terminated
srun: error: frontier08829: task 3024: Terminated
srun: error: frontier07933: task 2520: Terminated
srun: error: frontier06231: task 1232: Terminated
srun: error: frontier06899: task 1736: Terminated
srun: error: frontier08572: task 2856: Terminated
srun: error: frontier07036: task 1848: Terminated
srun: error: frontier09442: task 3528: Terminated
srun: error: frontier08063: task 2632: Terminated
srun: error: frontier07676: task 2408: Terminated
srun: error: frontier07545: task 2296: Terminated
srun: error: frontier08956: task 3192: Terminated
srun: error: frontier04218: task 56: Terminated
srun: error: frontier06014: task 1176: Terminated
srun: error: frontier04846: task 392: Terminated
srun: error: frontier08190: task 2744: Terminated
srun: error: frontier04475: task 168: Terminated
srun: error: frontier08830: task 3080: Terminated
srun: error: frontier07292: task 2072: Terminated
srun: error: frontier05760: task 952: Terminated
srun: error: frontier09211: task 3416: Terminated
srun: error: frontier07162: task 1960: Terminated
srun: error: frontier05498: task 728: Terminated
srun: error: frontier06260: tasks 1288,1296,1322,1335: Terminated
srun: error: frontier08571: tasks 2802,2804,2811,2814,2816-2818,2820-2822,2825,2828-2829,2832-2833,2835,2842-2843,2846-2847,2851,2853,2855: Terminated
srun: error: frontier08044: tasks 2576,2596,2600,2606,2618-2619,2622,2629: Terminated
srun: error: frontier08571: task 2800: Terminated
srun: error: frontier04577: task 224: Terminated
srun: error: frontier06371: task 1344: Terminated
srun: error: frontier08954: task 3136: Terminated
srun: error: frontier06748: task 1568: Terminated
srun: error: frontier08700: task 2912: Terminated
srun: error: frontier05101: task 448: Terminated
srun: error: frontier07932: task 2464: Terminated
srun: error: frontier06010: task 1120: Terminated
srun: error: frontier07262: task 2016: Terminated
srun: error: frontier05495: task 672: Terminated
srun: error: frontier07520: task 2240: Terminated
srun: error: frontier09192: task 3360: Terminated
srun: error: frontier08189: task 2688: Terminated
srun: error: frontier05759: task 896: Terminated
srun: error: frontier03200: task 1: Terminated
srun: error: frontier07002: task 1792: Terminated
srun: Force Terminated StepId=5138959.23
