system,distributor,mode,expected_us,duration_s,nodes,world_size,workers,max_upper_fanout,total_tasks,elapsed_s,throughput_tasks_per_s,job_id
aurora,hierarchical,fixed,10,20,1,102,101,-1,16180208,20.1192,804219,8722229
aurora,hierarchical,fixed,10,20,1,102,101,0,16364408,20.0006,818197,8722229
aurora,hierarchical,fixed,10,20,1,7,6,-1,7381768,20.0001,369087,8726784
aurora,hierarchical,fixed,10,20,1,7,6,0,7373048,20.0001,368651,8726784
aurora,hierarchical,fixed,10,20,1024,104448,104447,-1,24392896,20.5793,1.18531e+06,8716882
aurora,hierarchical,fixed,10,20,1024,104448,104447,0,26489858,20.6794,1.28098e+06,8716882
aurora,hierarchical,fixed,10,20,1024,7168,7167,-1,49577222,20.0109,2.47752e+06,8725867
aurora,hierarchical,fixed,10,20,1024,7168,7167,0,32913490,20.0177,1.64422e+06,8725867
aurora,hierarchical,fixed,10,20,128,13056,13055,-1,26653734,20.4534,1.30315e+06,8722487
aurora,hierarchical,fixed,10,20,128,13056,13055,0,30572830,20.3937,1.49913e+06,8722487
aurora,hierarchical,fixed,10,20,128,896,895,-1,49014160,20.0015,2.45052e+06,8726988
aurora,hierarchical,fixed,10,20,128,896,895,0,33520246,20.0025,1.6758e+06,8726988
aurora,hierarchical,fixed,10,20,16,112,111,-1,33348902,20.0003,1.66742e+06,8726922
aurora,hierarchical,fixed,10,20,16,112,111,0,33133228,20.0004,1.65663e+06,8726922
aurora,hierarchical,fixed,10,20,16,1632,1631,-1,26499464,20.2949,1.30572e+06,8722441
aurora,hierarchical,fixed,10,20,16,1632,1631,0,26549822,20.2387,1.31184e+06,8722441
aurora,hierarchical,fixed,10,20,2,14,13,-1,18223578,20.0001,911173,8726784
aurora,hierarchical,fixed,10,20,2,14,13,0,18188948,20.0001,909442,8726784
aurora,hierarchical,fixed,10,20,2,204,203,-1,14661646,20.0011,733042,8722229
aurora,hierarchical,fixed,10,20,2,204,203,0,14684050,20.0011,734164,8722229
aurora,hierarchical,fixed,10,20,2048,14336,14335,-1,52221302,20.0171,2.60884e+06,8727256
aurora,hierarchical,fixed,10,20,2048,14336,14335,0,32653312,20.045,1.629e+06,8727256
aurora,hierarchical,fixed,10,20,2048,208896,208895,-1,22427992,21.0745,1.06423e+06,8716881
aurora,hierarchical,fixed,10,20,2048,208896,208895,0,25536460,21.1364,1.20817e+06,8716881
aurora,hierarchical,fixed,10,20,256,1792,1791,-1,49487090,20.0021,2.4741e+06,8717252
aurora,hierarchical,fixed,10,20,256,1792,1791,0,32801040,20.0043,1.6397e+06,8717252
aurora,hierarchical,fixed,10,20,256,26112,26111,-1,24474632,20.5131,1.19312e+06,8716884
aurora,hierarchical,fixed,10,20,256,26112,26111,0,25653426,20.7143,1.23844e+06,8716884
aurora,hierarchical,fixed,10,20,32,224,223,-1,33202602,20.0006,1.66008e+06,8726922
aurora,hierarchical,fixed,10,20,32,224,223,0,32946626,20.0006,1.64728e+06,8726922
aurora,hierarchical,fixed,10,20,32,3264,3263,-1,26779314,20.3642,1.31502e+06,8722441
aurora,hierarchical,fixed,10,20,32,3264,3263,0,26701940,20.5599,1.29874e+06,8722441
aurora,hierarchical,fixed,10,20,4,28,27,-1,37976198,20.0001,1.8988e+06,8726840
aurora,hierarchical,fixed,10,20,4,28,27,0,37916452,20.0001,1.89581e+06,8726840
aurora,hierarchical,fixed,10,20,4,408,407,-1,21244028,20.0016,1.06212e+06,8722331
aurora,hierarchical,fixed,10,20,4,408,407,0,21211444,20.2917,1.04533e+06,8722331
aurora,hierarchical,fixed,10,20,512,3584,3583,-1,49539016,20.0062,2.47619e+06,8717251
aurora,hierarchical,fixed,10,20,512,3584,3583,0,33480866,20.0116,1.67308e+06,8717251
aurora,hierarchical,fixed,10,20,512,52224,52223,-1,25842664,20.4035,1.26658e+06,8716883
aurora,hierarchical,fixed,10,20,512,52224,52223,0,29461228,20.412,1.44333e+06,8716883
aurora,hierarchical,fixed,10,20,64,448,447,-1,46751098,20.0009,2.33745e+06,8726988
aurora,hierarchical,fixed,10,20,64,448,447,0,33308684,20.0011,1.66534e+06,8726988
aurora,hierarchical,fixed,10,20,64,6528,6527,-1,28012938,20.034,1.39827e+06,8722487
aurora,hierarchical,fixed,10,20,64,6528,6527,0,30781828,20.2549,1.51972e+06,8722487
aurora,hierarchical,fixed,10,20,8,56,55,-1,35335980,20.0002,1.76678e+06,8726840
aurora,hierarchical,fixed,10,20,8,56,55,0,33268080,20.0002,1.66339e+06,8726840
aurora,hierarchical,fixed,10,20,8,816,815,-1,30857342,20.0681,1.53763e+06,8722331
aurora,hierarchical,fixed,10,20,8,816,815,0,30176570,20.1592,1.49691e+06,8722331
aurora,hierarchical,fixed,100,20,1,102,101,-1,16925608,20.0004,846264,8722229
aurora,hierarchical,fixed,100,20,1,102,101,0,16453808,20.0005,822670,8722229
aurora,hierarchical,fixed,100,20,1,7,6,-1,966368,20.0006,48316.9,8726784
aurora,hierarchical,fixed,100,20,1,7,6,0,966448,20.0004,48321.4,8726784
aurora,hierarchical,fixed,100,20,1024,104448,104447,-1,25597846,20.7444,1.23397e+06,8716882
aurora,hierarchical,fixed,100,20,1024,104448,104447,0,29539780,20.6386,1.43129e+06,8716882
aurora,hierarchical,fixed,100,20,1024,7168,7167,-1,52653926,20.0076,2.6317e+06,8725867
aurora,hierarchical,fixed,100,20,1024,7168,7167,0,28540068,20.0227,1.42538e+06,8725867
aurora,hierarchical,fixed,100,20,128,13056,13055,-1,29339696,20.1603,1.45532e+06,8722487
aurora,hierarchical,fixed,100,20,128,13056,13055,0,32068684,20.3682,1.57445e+06,8722487
aurora,hierarchical,fixed,100,20,128,896,895,-1,149792130,20.0014,7.48909e+06,8726988
aurora,hierarchical,fixed,100,20,128,896,895,0,28747744,20.0035,1.43713e+06,8726988
aurora,hierarchical,fixed,100,20,16,112,111,-1,18608214,20.0009,930370,8726922
aurora,hierarchical,fixed,100,20,16,112,111,0,18606552,20.0008,930290,8726922
aurora,hierarchical,fixed,100,20,16,1632,1631,-1,28675768,20.5091,1.3982e+06,8722441
aurora,hierarchical,fixed,100,20,16,1632,1631,0,28912106,20.4295,1.41521e+06,8722441
aurora,hierarchical,fixed,100,20,2,14,13,-1,2154796,20.0008,107736,8726784
aurora,hierarchical,fixed,100,20,2,14,13,0,2155244,20.0009,107758,8726784
aurora,hierarchical,fixed,100,20,2,204,203,-1,19014752,20.3703,933455,8722229
aurora,hierarchical,fixed,100,20,2,204,203,0,18738614,20.001,936886,8722229
aurora,hierarchical,fixed,100,20,2048,14336,14335,-1,55465274,20.0208,2.77038e+06,8727256
aurora,hierarchical,fixed,100,20,2048,14336,14335,0,27749584,20.0549,1.38368e+06,8727256
aurora,hierarchical,fixed,100,20,2048,208896,208895,-1,23428670,21.1012,1.1103e+06,8716881
aurora,hierarchical,fixed,100,20,2048,208896,208895,0,27958060,21.0385,1.3289e+06,8716881
aurora,hierarchical,fixed,100,20,256,1792,1791,-1,46516390,20.0031,2.32546e+06,8717252
aurora,hierarchical,fixed,100,20,256,1792,1791,0,28476082,20.0058,1.42339e+06,8717252
aurora,hierarchical,fixed,100,20,256,26112,26111,-1,27267144,20.4225,1.33515e+06,8716884
aurora,hierarchical,fixed,100,20,256,26112,26111,0,28661922,20.4117,1.40419e+06,8716884
aurora,hierarchical,fixed,100,20,32,224,223,-1,37403944,20.0008,1.87013e+06,8726922
aurora,hierarchical,fixed,100,20,32,224,223,0,37412314,20.0009,1.87053e+06,8726922
aurora,hierarchical,fixed,100,20,32,3264,3263,-1,29029502,20.5834,1.41033e+06,8722441
aurora,hierarchical,fixed,100,20,32,3264,3263,0,28521410,20.36,1.40085e+06,8722441
aurora,hierarchical,fixed,100,20,4,28,27,-1,4505968,20.0008,225289,8726840
aurora,hierarchical,fixed,100,20,4,28,27,0,4505978,20.0007,225291,8726840
aurora,hierarchical,fixed,100,20,4,408,407,-1,27425966,20.3351,1.3487e+06,8722331
aurora,hierarchical,fixed,100,20,4,408,407,0,27731616,20.0176,1.38536e+06,8722331
aurora,hierarchical,fixed,100,20,512,3584,3583,-1,52964452,20.0048,2.64759e+06,8717251
aurora,hierarchical,fixed,100,20,512,3584,3583,0,28396854,20.0119,1.419e+06,8717251
aurora,hierarchical,fixed,100,20,512,52224,52223,-1,29959804,20.6392,1.4516e+06,8716883
aurora,hierarchical,fixed,100,20,512,52224,52223,0,33641804,20.396,1.64943e+06,8716883
aurora,hierarchical,fixed,100,20,64,448,447,-1,74981846,20.001,3.74891e+06,8726988
aurora,hierarchical,fixed,100,20,64,448,447,0,28763412,20.0017,1.43805e+06,8726988
aurora,hierarchical,fixed,100,20,64,6528,6527,-1,31211646,20.373,1.53201e+06,8722487
aurora,hierarchical,fixed,100,20,64,6528,6527,0,32705324,20.3643,1.60601e+06,8722487
aurora,hierarchical,fixed,100,20,8,56,55,-1,9207286,20.0009,460343,8726840
aurora,hierarchical,fixed,100,20,8,56,55,0,9207918,20.0008,460378,8726840
aurora,hierarchical,fixed,100,20,8,816,815,-1,35335898,20.1444,1.75413e+06,8722331
aurora,hierarchical,fixed,100,20,8,816,815,0,35061272,20.094,1.74486e+06,8722331
aurora,hierarchical,fixed,1000,20,1,102,101,-1,1890608,20.0393,94345.1,8722229
aurora,hierarchical,fixed,1000,20,1,102,101,0,1912208,20.0045,95588.9,8722229
aurora,hierarchical,fixed,1000,20,1,7,6,-1,99668,20.0044,4982.29,8726784
aurora,hierarchical,fixed,1000,20,1,7,6,0,99668,20.0038,4982.46,8726784
aurora,hierarchical,fixed,1000,20,1024,104448,104447,-1,42913772,20.4952,2.09385e+06,8716882
aurora,hierarchical,fixed,1000,20,1024,104448,104447,0,19696368,20.6726,952775,8716882
aurora,hierarchical,fixed,1000,20,1024,7168,7167,-1,76949112,20.0112,3.8453e+06,8725867
aurora,hierarchical,fixed,1000,20,1024,7168,7167,0,27627336,20.0251,1.37964e+06,8725867
aurora,hierarchical,fixed,1000,20,128,13056,13055,-1,87014620,20.0855,4.33222e+06,8722487
aurora,hierarchical,fixed,1000,20,128,13056,13055,0,21809454,20.3816,1.07006e+06,8722487
aurora,hierarchical,fixed,1000,20,128,896,895,-1,15312842,20.0101,765255,8726988
aurora,hierarchical,fixed,1000,20,128,896,895,0,15312628,20.0083,765315,8726988
aurora,hierarchical,fixed,1000,20,16,112,111,-1,1896618,20.0082,94792,8726922
aurora,hierarchical,fixed,1000,20,16,112,111,0,1896616,20.0081,94792.5,8726922
aurora,hierarchical,fixed,1000,20,16,1632,1631,-1,17233864,20.5,840676,8722441
aurora,hierarchical,fixed,1000,20,16,1632,1631,0,16908044,20.6282,819659,8722441
aurora,hierarchical,fixed,1000,20,2,14,13,-1,219606,20.0074,10976.3,8726784
aurora,hierarchical,fixed,1000,20,2,14,13,0,219606,20.0073,10976.3,8726784
aurora,hierarchical,fixed,1000,20,2,204,203,-1,2627808,20.0067,131347,8722229
aurora,hierarchical,fixed,1000,20,2,204,203,0,2609632,20.116,129729,8722229
aurora,hierarchical,fixed,1000,20,2048,14336,14335,-1,43463028,20.0245,2.17049e+06,8727256
aurora,hierarchical,fixed,1000,20,2048,14336,14335,0,27491890,20.0424,1.37169e+06,8727256
aurora,hierarchical,fixed,1000,20,2048,208896,208895,-1,35623052,21.0319,1.69376e+06,8716881
aurora,hierarchical,fixed,1000,20,2048,208896,208895,0,18897072,21.2685,888500,8716881
aurora,hierarchical,fixed,1000,20,256,1792,1791,-1,30637260,20.0086,1.53121e+06,8717252
aurora,hierarchical,fixed,1000,20,256,1792,1791,0,30639990,20.008,1.53138e+06,8717252
aurora,hierarchical,fixed,1000,20,256,26112,26111,-1,42399320,20.6497,2.05326e+06,8716884
aurora,hierarchical,fixed,1000,20,256,26112,26111,0,18729560,20.6231,908185,8716884
aurora,hierarchical,fixed,1000,20,32,224,223,-1,3813172,20.0083,190579,8726922
aurora,hierarchical,fixed,1000,20,32,224,223,0,3812726,20.0085,190556,8726922
aurora,hierarchical,fixed,1000,20,32,3264,3263,-1,24165936,20.3733,1.18616e+06,8722441
aurora,hierarchical,fixed,1000,20,32,3264,3263,0,22120498,20.251,1.09231e+06,8722441
aurora,hierarchical,fixed,1000,20,4,28,27,-1,459184,20.0074,22950.7,8726840
aurora,hierarchical,fixed,1000,20,4,28,27,0,459184,20.0079,22950.2,8726840
aurora,hierarchical,fixed,1000,20,4,408,407,-1,5073670,20.0079,253583,8722331
aurora,hierarchical,fixed,1000,20,4,408,407,0,4994274,20.2178,247024,8722331
aurora,hierarchical,fixed,1000,20,512,3584,3583,-1,61266908,20.01,3.06181e+06,8717251
aurora,hierarchical,fixed,1000,20,512,3584,3583,0,28542702,20.0172,1.42591e+06,8717251
aurora,hierarchical,fixed,1000,20,512,52224,52223,-1,56190198,20.4143,2.75249e+06,8716883
aurora,hierarchical,fixed,1000,20,512,52224,52223,0,22548510,20.464,1.10186e+06,8716883
aurora,hierarchical,fixed,1000,20,64,448,447,-1,7645692,20.0086,382120,8726988
aurora,hierarchical,fixed,1000,20,64,448,447,0,7646332,20.0086,382153,8726988
aurora,hierarchical,fixed,1000,20,64,6528,6527,-1,75120388,20.1813,3.72228e+06,8722487
aurora,hierarchical,fixed,1000,20,64,6528,6527,0,52233708,20.2474,2.57978e+06,8722487
aurora,hierarchical,fixed,1000,20,8,56,55,-1,938320,20.008,46897.2,8726840
aurora,hierarchical,fixed,1000,20,8,56,55,0,938320,20.0081,46897.1,8726840
aurora,hierarchical,fixed,1000,20,8,816,815,-1,10840876,20.0093,541793,8722331
aurora,hierarchical,fixed,1000,20,8,816,815,0,10776044,20.0771,536732,8722331
aurora,hierarchical,fixed,10000,20,1,102,101,-1,188608,20.065,9399.85,8722229
aurora,hierarchical,fixed,10000,20,1,102,101,0,190008,20.0497,9476.86,8722229
aurora,hierarchical,fixed,10000,20,1,7,6,-1,10028,20.068,499.701,8726784
aurora,hierarchical,fixed,10000,20,1,7,6,0,10028,20.0681,499.697,8726784
aurora,hierarchical,fixed,10000,20,1024,104448,104447,-1,60323306,20.7151,2.91205e+06,8716882
aurora,hierarchical,fixed,10000,20,1024,104448,104447,0,19385738,20.9744,924258,8716882
aurora,hierarchical,fixed,10000,20,1024,7168,7167,-1,12334562,20.1069,613450,8725867
aurora,hierarchical,fixed,10000,20,1024,7168,7167,0,12332398,20.0908,613835,8725867
aurora,hierarchical,fixed,10000,20,128,13056,13055,-1,15323720,20.7109,739888,8722487
aurora,hierarchical,fixed,10000,20,128,13056,13055,0,17599142,20.4348,861234,8722487
aurora,hierarchical,fixed,10000,20,128,896,895,-1,1538770,20.0861,76608.9,8726988
aurora,hierarchical,fixed,10000,20,128,896,895,0,1538998,20.0862,76619.8,8726988
aurora,hierarchical,fixed,10000,20,16,112,111,-1,190666,20.0862,9492.38,8726922
aurora,hierarchical,fixed,10000,20,16,112,111,0,190666,20.0861,9492.45,8726922
aurora,hierarchical,fixed,10000,20,16,1632,1631,-1,1879900,20.5587,91440.4,8722441
aurora,hierarchical,fixed,10000,20,16,1632,1631,0,1876136,20.4165,91893.1,8722441
aurora,hierarchical,fixed,10000,20,2,14,13,-1,22068,20.0758,1099.23,8726784
aurora,hierarchical,fixed,10000,20,2,14,13,0,22068,20.0758,1099.24,8726784
aurora,hierarchical,fixed,10000,20,2,204,203,-1,291850,20.3936,14310.8,8722229
aurora,hierarchical,fixed,10000,20,2,204,203,0,299068,20.0544,14912.9,8722229
aurora,hierarchical,fixed,10000,20,2048,14336,14335,-1,24662836,20.0968,1.2272e+06,8727256
aurora,hierarchical,fixed,10000,20,2048,14336,14335,0,24666840,20.0959,1.22746e+06,8727256
aurora,hierarchical,fixed,10000,20,2048,208896,208895,-1,48224688,20.8588,2.31196e+06,8716881
aurora,hierarchical,fixed,10000,20,2048,208896,208895,0,17977014,21.5985,832326,8716881
aurora,hierarchical,fixed,10000,20,256,1792,1791,-1,3081048,20.0962,153315,8717252
aurora,hierarchical,fixed,10000,20,256,1792,1791,0,3080578,20.0866,153365,8717252
aurora,hierarchical,fixed,10000,20,256,26112,26111,-1,23549302,20.6456,1.14065e+06,8716884
aurora,hierarchical,fixed,10000,20,256,26112,26111,0,28545264,20.5096,1.3918e+06,8716884
aurora,hierarchical,fixed,10000,20,32,224,223,-1,383314,20.0864,19083.3,8726922
aurora,hierarchical,fixed,10000,20,32,224,223,0,383326,20.0864,19083.8,8726922
aurora,hierarchical,fixed,10000,20,32,3264,3263,-1,3749494,20.3431,184313,8722441
aurora,hierarchical,fixed,10000,20,32,3264,3263,0,3793322,20.4081,185873,8722441
aurora,hierarchical,fixed,10000,20,4,28,27,-1,46162,20.0865,2298.16,8726840
aurora,hierarchical,fixed,10000,20,4,28,27,0,46162,20.0862,2298.19,8726840
aurora,hierarchical,fixed,10000,20,4,408,407,-1,581276,20.0934,28928.7,8722331
aurora,hierarchical,fixed,10000,20,4,408,407,0,588138,20.2361,29063.8,8722331
aurora,hierarchical,fixed,10000,20,512,3584,3583,-1,6160222,20.0865,306684,8717251
aurora,hierarchical,fixed,10000,20,512,3584,3583,0,6163138,20.0873,306818,8717251
aurora,hierarchical,fixed,10000,20,512,52224,52223,-1,50779470,20.6673,2.457e+06,8716883
aurora,hierarchical,fixed,10000,20,512,52224,52223,0,23356408,20.4233,1.14362e+06,8716883
aurora,hierarchical,fixed,10000,20,64,448,447,-1,768692,20.0964,38250.3,8726988
aurora,hierarchical,fixed,10000,20,64,448,447,0,768502,20.086,38260.6,8726988
aurora,hierarchical,fixed,10000,20,64,6528,6527,-1,8415530,20.4131,412261,8722487
aurora,hierarchical,fixed,10000,20,64,6528,6527,0,9223910,20.539,449093,8722487
aurora,hierarchical,fixed,10000,20,8,56,55,-1,94318,20.0864,4695.61,8726840
aurora,hierarchical,fixed,10000,20,8,56,55,0,94318,20.0862,4695.66,8726840
aurora,hierarchical,fixed,10000,20,8,816,815,-1,1237892,20.3164,60930.7,8722331
aurora,hierarchical,fixed,10000,20,8,816,815,0,1230850,20.0722,61321.1,8722331
aurora,hierarchical,fixed,100000,20,1,102,101,-1,20404,20.6287,989.105,8722229
aurora,hierarchical,fixed,100000,20,1,102,101,0,20404,20.6412,988.508,8722229
aurora,hierarchical,fixed,100000,20,1,7,6,-1,1034,20.7018,49.9473,8726784
aurora,hierarchical,fixed,100000,20,1,7,6,0,1034,20.7018,49.9473,8726784
aurora,hierarchical,fixed,100000,20,1024,104448,104447,-1,15192622,21.5325,705567,8716882
aurora,hierarchical,fixed,100000,20,1024,104448,104447,0,19132696,21.1501,904616,8716882
aurora,hierarchical,fixed,100000,20,1024,7168,7167,-1,1275968,21.001,60757.4,8725867
aurora,hierarchical,fixed,100000,20,1024,7168,7167,0,1269554,20.803,61027.5,8725867
aurora,hierarchical,fixed,100000,20,128,13056,13055,-1,2220486,21.1482,104996,8722487
aurora,hierarchical,fixed,100000,20,128,13056,13055,0,2429572,21.1268,114999,8722487
aurora,hierarchical,fixed,100000,20,128,896,895,-1,158900,20.9009,7602.53,8726988
aurora,hierarchical,fixed,100000,20,128,896,895,0,158514,20.8018,7620.22,8726988
aurora,hierarchical,fixed,100000,20,16,112,111,-1,19634,20.801,943.897,8726922
aurora,hierarchical,fixed,100000,20,16,112,111,0,19634,20.8011,943.894,8726922
aurora,hierarchical,fixed,100000,20,16,1632,1631,-1,295420,21.15,13967.9,8722441
aurora,hierarchical,fixed,100000,20,16,1632,1631,0,296016,21.0627,14054.1,8722441
aurora,hierarchical,fixed,100000,20,2,14,13,-1,2274,20.8009,109.322,8726784
aurora,hierarchical,fixed,100000,20,2,14,13,0,2274,20.8008,109.322,8726784
aurora,hierarchical,fixed,100000,20,2,204,203,-1,37578,20.8545,1801.91,8722229
aurora,hierarchical,fixed,100000,20,2,204,203,0,37174,20.6291,1802.02,8722229
aurora,hierarchical,fixed,100000,20,2048,14336,14335,-1,2549950,20.9023,121994,8727256
aurora,hierarchical,fixed,100000,20,2048,14336,14335,0,2539314,20.8052,122052,8727256
aurora,hierarchical,fixed,100000,20,2048,208896,208895,-1,25740828,21.3251,1.20707e+06,8716881
aurora,hierarchical,fixed,100000,20,2048,208896,208895,0,37350532,21.1232,1.76823e+06,8716881
aurora,hierarchical,fixed,100000,20,256,1792,1791,-1,319100,21.0009,15194.6,8717252
aurora,hierarchical,fixed,100000,20,256,1792,1791,0,317234,20.8013,15250.7,8717252
aurora,hierarchical,fixed,100000,20,256,26112,26111,-1,4042758,21.4081,188842,8716884
aurora,hierarchical,fixed,100000,20,256,26112,26111,0,4755316,21.1889,224425,8716884
aurora,hierarchical,fixed,100000,20,32,224,223,-1,39474,20.8011,1897.69,8726922
aurora,hierarchical,fixed,100000,20,32,224,223,0,39474,20.8009,1897.71,8726922
aurora,hierarchical,fixed,100000,20,32,3264,3263,-1,600286,20.8677,28766.3,8722441
aurora,hierarchical,fixed,100000,20,32,3264,3263,0,603516,21.0521,28667.8,8722441
aurora,hierarchical,fixed,100000,20,4,28,27,-1,4754,20.8009,228.547,8726840
aurora,hierarchical,fixed,100000,20,4,28,27,0,4754,20.8009,228.547,8726840
aurora,hierarchical,fixed,100000,20,4,408,407,-1,77176,20.7769,3714.51,8722331
aurora,hierarchical,fixed,100000,20,4,408,407,0,78186,20.9637,3729.58,8722331
aurora,hierarchical,fixed,100000,20,512,3584,3583,-1,638256,21.0012,30391.5,8717251
aurora,hierarchical,fixed,100000,20,512,3584,3583,0,634674,20.802,30510.3,8717251
aurora,hierarchical,fixed,100000,20,512,52224,52223,-1,8857062,21.2843,416130,8716883
aurora,hierarchical,fixed,100000,20,512,52224,52223,0,9758242,21.1413,461573,8716883
aurora,hierarchical,fixed,100000,20,64,448,447,-1,79332,20.9011,3795.59,8726988
aurora,hierarchical,fixed,100000,20,64,448,447,0,79154,20.801,3805.3,8726988
aurora,hierarchical,fixed,100000,20,64,6528,6527,-1,1140184,21.2143,53745.9,8722487
aurora,hierarchical,fixed,100000,20,64,6528,6527,0,1214282,21.0313,57736.9,8722487
aurora,hierarchical,fixed,100000,20,8,56,55,-1,9714,20.8009,466.999,8726840
aurora,hierarchical,fixed,100000,20,8,56,55,0,9714,20.8009,466.998,8726840
aurora,hierarchical,fixed,100000,20,8,816,815,-1,155568,21.0208,7400.67,8722331
aurora,hierarchical,fixed,100000,20,8,816,815,0,156174,20.9162,7466.64,8722331
aurora,hierarchical,fixed,1000000,20,1,102,101,-1,2604,27.0007,96.442,8722229
aurora,hierarchical,fixed,1000000,20,1,102,101,0,2604,27.0014,96.4395,8722229
aurora,hierarchical,fixed,1000000,20,1,7,6,-1,134,27.0012,4.96275,8726784
aurora,hierarchical,fixed,1000000,20,1,7,6,0,134,27.0012,4.96275,8726784
aurora,hierarchical,fixed,1000000,20,1024,104448,104447,-1,2713250,29.5053,91958.1,8716882
aurora,hierarchical,fixed,1000000,20,1024,104448,104447,0,2898324,30.1063,96269.7,8716882
aurora,hierarchical,fixed,1000000,20,1024,7168,7167,-1,166782,29.0019,5750.72,8725867
aurora,hierarchical,fixed,1000000,20,1024,7168,7167,0,163814,28.0024,5849.99,8725867
aurora,hierarchical,fixed,1000000,20,128,13056,13055,-1,339818,29.4287,11547.2,8722487
aurora,hierarchical,fixed,1000000,20,128,13056,13055,0,362266,30.002,12074.7,8722487
aurora,hierarchical,fixed,1000000,20,128,896,895,-1,20862,29.0005,719.367,8726988
aurora,hierarchical,fixed,1000000,20,128,896,895,0,20454,28.001,730.474,8726988
aurora,hierarchical,fixed,1000000,20,16,112,111,-1,2534,28.0006,90.4981,8726922
aurora,hierarchical,fixed,1000000,20,16,112,111,0,2534,28.0006,90.4982,8726922
aurora,hierarchical,fixed,1000000,20,16,1632,1631,-1,44276,28.6006,1548.08,8722441
aurora,hierarchical,fixed,1000000,20,16,1632,1631,0,44678,28.6713,1558.28,8722441
aurora,hierarchical,fixed,1000000,20,2,14,13,-1,294,28.0002,10.4999,8726784
aurora,hierarchical,fixed,1000000,20,2,14,13,0,294,28.0002,10.4999,8726784
aurora,hierarchical,fixed,1000000,20,2,204,203,-1,5436,28.0016,194.132,8722229
aurora,hierarchical,fixed,1000000,20,2,204,203,0,5436,28.0026,194.125,8722229
aurora,hierarchical,fixed,1000000,20,2048,14336,14335,-1,336896,29.0017,11616.4,8727256
aurora,hierarchical,fixed,1000000,20,2048,14336,14335,0,327654,28.0048,11699.9,8727256
aurora,hierarchical,fixed,1000000,20,2048,208896,208895,-1,5499174,29.1969,188348,8716881
aurora,hierarchical,fixed,1000000,20,2048,208896,208895,0,5799504,30.2134,191951,8716881
aurora,hierarchical,fixed,1000000,20,256,1792,1791,-1,41962,29.0004,1446.94,8717252
aurora,hierarchical,fixed,1000000,20,256,1792,1791,0,40934,28.0009,1461.88,8717252
aurora,hierarchical,fixed,1000000,20,256,26112,26111,-1,676568,29.1132,23239.2,8716884
aurora,hierarchical,fixed,1000000,20,256,26112,26111,0,724762,30.0945,24082.9,8716884
aurora,hierarchical,fixed,1000000,20,32,224,223,-1,5094,28.0003,181.927,8726922
aurora,hierarchical,fixed,1000000,20,32,224,223,0,5094,28.0003,181.927,8726922
aurora,hierarchical,fixed,1000000,20,32,3264,3263,-1,89990,28.7215,3133.2,8722441
aurora,hierarchical,fixed,1000000,20,32,3264,3263,0,90394,28.7821,3140.63,8722441
aurora,hierarchical,fixed,1000000,20,4,28,27,-1,614,28.0006,21.9281,8726840
aurora,hierarchical,fixed,1000000,20,4,28,27,0,614,28.0003,21.9283,8726840
aurora,hierarchical,fixed,1000000,20,4,408,407,-1,11098,28.7365,386.199,8722331
aurora,hierarchical,fixed,1000000,20,4,408,407,0,11098,28.279,392.447,8722331
aurora,hierarchical,fixed,1000000,20,512,3584,3583,-1,83404,30.0004,2780.1,8717251
aurora,hierarchical,fixed,1000000,20,512,3584,3583,0,81894,28.0013,2924.65,8717251
aurora,hierarchical,fixed,1000000,20,512,52224,52223,-1,1357272,29.2905,46338.3,8716883
aurora,hierarchical,fixed,1000000,20,512,52224,52223,0,1449552,30.1248,48118.2,8716883
aurora,hierarchical,fixed,1000000,20,64,448,447,-1,10358,29.0003,357.168,8726988
aurora,hierarchical,fixed,1000000,20,64,448,447,0,10214,28.0008,364.775,8726988
aurora,hierarchical,fixed,1000000,20,64,6528,6527,-1,169798,29.9093,5677.1,8722487
aurora,hierarchical,fixed,1000000,20,64,6528,6527,0,181018,29.0271,6236.17,8722487
aurora,hierarchical,fixed,1000000,20,8,56,55,-1,1254,28.0006,44.7847,8726840
aurora,hierarchical,fixed,1000000,20,8,56,55,0,1254,28.0006,44.7848,8726840
aurora,hierarchical,fixed,1000000,20,8,816,815,-1,22224,28.7446,773.155,8722331
aurora,hierarchical,fixed,1000000,20,8,816,815,0,21820,28.7112,759.983,8722331
aurora,hierarchical,random,10,20,1,102,101,-1,16282608,20.0005,814108,8720105
aurora,hierarchical,random,10,20,1,102,101,0,16524608,20.1229,821184,8720105
aurora,hierarchical,random,10,20,1,7,6,-1,7253768,20.0001,362687,8726413
aurora,hierarchical,random,10,20,1,7,6,0,7254368,20.0001,362717,8726413
aurora,hierarchical,random,10,20,1024,104448,104447,-1,25814566,20.741,1.24461e+06,8716877
aurora,hierarchical,random,10,20,1024,104448,104447,0,29565014,20.6344,1.4328e+06,8716877
aurora,hierarchical,random,10,20,1024,7168,7167,-1,48525024,20.0091,2.42514e+06,8717246
aurora,hierarchical,random,10,20,1024,7168,7167,0,32741444,20.0214,1.63532e+06,8717246
aurora,hierarchical,random,10,20,128,13056,13055,-1,25323208,20.8075,1.21702e+06,8722053
aurora,hierarchical,random,10,20,128,13056,13055,0,29458288,20.6309,1.42787e+06,8722053
aurora,hierarchical,random,10,20,128,896,895,-1,48457102,20.0012,2.42271e+06,8726685
aurora,hierarchical,random,10,20,128,896,895,0,33048812,20.0028,1.65221e+06,8726685
aurora,hierarchical,random,10,20,16,112,111,-1,33139202,20.0004,1.65693e+06,8726596
aurora,hierarchical,random,10,20,16,112,111,0,32913210,20.0003,1.64563e+06,8726596
aurora,hierarchical,random,10,20,16,1632,1631,-1,31656096,20.179,1.56877e+06,8721974
aurora,hierarchical,random,10,20,16,1632,1631,0,31443498,20.2641,1.55168e+06,8721974
aurora,hierarchical,random,10,20,2,14,13,-1,17690288,20.0001,884510,8726413
aurora,hierarchical,random,10,20,2,14,13,0,17747108,20.0001,887350,8726413
aurora,hierarchical,random,10,20,2,204,203,-1,14167696,20.0013,708340,8720105
aurora,hierarchical,random,10,20,2,204,203,0,14022106,20.0019,701038,8720105
aurora,hierarchical,random,10,20,2048,14336,14335,-1,51243184,20.0159,2.56012e+06,8727255
aurora,hierarchical,random,10,20,2048,14336,14335,0,32510090,20.0342,1.62273e+06,8727255
aurora,hierarchical,random,10,20,2048,208896,208895,-1,25094906,21.304,1.17795e+06,8716876
aurora,hierarchical,random,10,20,2048,208896,208895,0,28559470,21.1098,1.3529e+06,8716876
aurora,hierarchical,random,10,20,256,1792,1791,-1,48696912,20.0027,2.43452e+06,8717248
aurora,hierarchical,random,10,20,256,1792,1791,0,32252410,20.0054,1.61218e+06,8717248
aurora,hierarchical,random,10,20,256,26112,26111,-1,23489020,20.2708,1.15876e+06,8725864
aurora,hierarchical,random,10,20,256,26112,26111,0,32309840,20.4881,1.57701e+06,8724299
aurora,hierarchical,random,10,20,32,224,223,-1,32677778,20.0008,1.63383e+06,8726596
aurora,hierarchical,random,10,20,32,224,223,0,32784070,20.0006,1.63915e+06,8726596
aurora,hierarchical,random,10,20,32,3264,3263,-1,30991402,20.2868,1.52766e+06,8721974
aurora,hierarchical,random,10,20,32,3264,3263,0,31172706,20.3205,1.53405e+06,8721974
aurora,hierarchical,random,10,20,4,28,27,-1,36880948,20.0001,1.84404e+06,8726516
aurora,hierarchical,random,10,20,4,28,27,0,36962432,20.0001,1.84811e+06,8726516
aurora,hierarchical,random,10,20,4,408,407,-1,22485528,20.0305,1.12257e+06,8720342
aurora,hierarchical,random,10,20,4,408,407,0,22913730,20.2319,1.13256e+06,8720342
aurora,hierarchical,random,10,20,512,3584,3583,-1,48881726,20.005,2.44347e+06,8717247
aurora,hierarchical,random,10,20,512,3584,3583,0,33007742,20.0116,1.64943e+06,8717247
aurora,hierarchical,random,10,20,512,52224,52223,-1,25771058,20.4711,1.2589e+06,8716878
aurora,hierarchical,random,10,20,512,52224,52223,0,28445460,20.4803,1.38891e+06,8716878
aurora,hierarchical,random,10,20,64,448,447,-1,46718718,20.0007,2.33586e+06,8726685
aurora,hierarchical,random,10,20,64,448,447,0,32431360,20.0014,1.62146e+06,8726685
aurora,hierarchical,random,10,20,64,6528,6527,-1,28295106,20.4498,1.38364e+06,8722053
aurora,hierarchical,random,10,20,64,6528,6527,0,29847512,20.254,1.47366e+06,8722053
aurora,hierarchical,random,10,20,8,56,55,-1,56707116,20.0001,2.83534e+06,8726516
aurora,hierarchical,random,10,20,8,56,55,0,56776000,20.0002,2.83878e+06,8726516
aurora,hierarchical,random,10,20,8,816,815,-1,28947418,20.2473,1.42969e+06,8720342
aurora,hierarchical,random,10,20,8,816,815,0,29439830,20.0083,1.47138e+06,8720342
aurora,hierarchical,random,10,30,128,13056,13055,16,37184866,30.2974,1.22733e+06,8712613
aurora,hierarchical,random,10,30,128,13056,13055,2,28737636,30.5082,941965,8712613
aurora,hierarchical,random,10,30,128,13056,13055,32,32040089,30.4952,1.05066e+06,8712613
aurora,hierarchical,random,10,30,128,13056,13055,4,28818123,30.6557,940059,8712613
aurora,hierarchical,random,10,30,128,13056,13055,64,27109827,30.3593,892966,8712613
aurora,hierarchical,random,10,30,128,13056,13055,8,28360057,30.1735,939898,8712613
aurora,hierarchical,random,100,20,1,102,101,-1,15751008,20.0008,787518,8720105
aurora,hierarchical,random,100,20,1,102,101,0,15899208,20.0715,792130,8720105
aurora,hierarchical,random,100,20,1,7,6,-1,967348,20.0009,48365.2,8726413
aurora,hierarchical,random,100,20,1,7,6,0,966308,20.0005,48314.1,8726413
aurora,hierarchical,random,100,20,1024,104448,104447,-1,27450274,20.6066,1.33211e+06,8716877
aurora,hierarchical,random,100,20,1024,104448,104447,0,33183860,20.5242,1.61682e+06,8716877
aurora,hierarchical,random,100,20,1024,7168,7167,-1,63238968,20.0075,3.16077e+06,8717246
aurora,hierarchical,random,100,20,1024,7168,7167,0,27780126,20.0202,1.38761e+06,8717246
aurora,hierarchical,random,100,20,128,13056,13055,-1,28970690,20.5006,1.41317e+06,8722053
aurora,hierarchical,random,100,20,128,13056,13055,0,32128482,20.3854,1.57605e+06,8722053
aurora,hierarchical,random,100,20,128,896,895,-1,149222726,20.0015,7.46059e+06,8726685
aurora,hierarchical,random,100,20,128,896,895,0,27997340,20.0036,1.39962e+06,8726685
aurora,hierarchical,random,100,20,16,112,111,-1,18620094,20.0008,930966,8726596
aurora,hierarchical,random,100,20,16,112,111,0,18616848,20.001,930797,8726596
aurora,hierarchical,random,100,20,16,1632,1631,-1,33131416,20.2724,1.63431e+06,8721974
aurora,hierarchical,random,100,20,16,1632,1631,0,33275652,20.29,1.64e+06,8721974
aurora,hierarchical,random,100,20,2,14,13,-1,2155590,20.0007,107776,8726413
aurora,hierarchical,random,100,20,2,14,13,0,2154932,20.0006,107743,8726413
aurora,hierarchical,random,100,20,2,204,203,-1,19299494,20.0007,964939,8720105
aurora,hierarchical,random,100,20,2,204,203,0,19117318,20.0156,955123,8720105
aurora,hierarchical,random,100,20,2048,14336,14335,-1,54267094,20.0206,2.71056e+06,8727255
aurora,hierarchical,random,100,20,2048,14336,14335,0,27549542,20.0451,1.37438e+06,8727255
aurora,hierarchical,random,100,20,2048,208896,208895,-1,25123712,21.1125,1.18999e+06,8716876
aurora,hierarchical,random,100,20,2048,208896,208895,0,30459108,20.97,1.45251e+06,8716876
aurora,hierarchical,random,100,20,256,1792,1791,-1,45447884,20.0023,2.27213e+06,8717248
aurora,hierarchical,random,100,20,256,1792,1791,0,28022094,20.0064,1.40066e+06,8717248
aurora,hierarchical,random,100,20,256,26112,26111,-1,26441058,20.2559,1.30535e+06,8725864
aurora,hierarchical,random,100,20,256,26112,26111,0,28621722,20.5882,1.3902e+06,8725864
aurora,hierarchical,random,100,20,32,224,223,-1,37419464,20.001,1.87088e+06,8726596
aurora,hierarchical,random,100,20,32,224,223,0,37419550,20.0009,1.87089e+06,8726596
aurora,hierarchical,random,100,20,32,3264,3263,-1,32740264,20.2259,1.61873e+06,8721974
aurora,hierarchical,random,100,20,32,3264,3263,0,32621568,20.2417,1.6116e+06,8721974
aurora,hierarchical,random,100,20,4,28,27,-1,4508152,20.0009,225397,8726516
aurora,hierarchical,random,100,20,4,28,27,0,4507790,20.001,225379,8726516
aurora,hierarchical,random,100,20,4,408,407,-1,30793122,20.1431,1.52872e+06,8720342
aurora,hierarchical,random,100,20,4,408,407,0,30727622,20.188,1.52208e+06,8720342
aurora,hierarchical,random,100,20,512,3584,3583,-1,63439558,20.0055,3.17111e+06,8717247
aurora,hierarchical,random,100,20,512,3584,3583,0,28181678,20.0096,1.40841e+06,8717247
aurora,hierarchical,random,100,20,512,52224,52223,-1,28571186,20.4628,1.39625e+06,8716878
aurora,hierarchical,random,100,20,512,52224,52223,0,31333862,20.4219,1.53433e+06,8716878
aurora,hierarchical,random,100,20,64,448,447,-1,74998844,20.001,3.74975e+06,8726685
aurora,hierarchical,random,100,20,64,448,447,0,27959206,20.0018,1.39784e+06,8726685
aurora,hierarchical,random,100,20,64,6528,6527,-1,30486660,20.5225,1.48552e+06,8722053
aurora,hierarchical,random,100,20,64,6528,6527,0,31958954,20.3558,1.57002e+06,8722053
aurora,hierarchical,random,100,20,8,56,55,-1,9211736,20.0008,460569,8726516
aurora,hierarchical,random,100,20,8,56,55,0,9210824,20.001,460518,8726516
aurora,hierarchical,random,100,20,8,816,815,-1,31982100,20.2572,1.5788e+06,8720342
aurora,hierarchical,random,100,20,8,816,815,0,32111870,20.1239,1.59571e+06,8720342
aurora,hierarchical,random,1000,20,1,102,101,-1,1834008,20.0081,91663.3,8720105
aurora,hierarchical,random,1000,20,1,102,101,0,1832608,20.0051,91606.9,8720105
aurora,hierarchical,random,1000,20,1,7,6,-1,99728,20.0079,4984.43,8726413
aurora,hierarchical,random,1000,20,1,7,6,0,99488,20.0049,4973.19,8726413
aurora,hierarchical,random,1000,20,1024,104448,104447,-1,44979892,20.7766,2.16493e+06,8716877
aurora,hierarchical,random,1000,20,1024,104448,104447,0,22180002,20.6471,1.07424e+06,8716877
aurora,hierarchical,random,1000,20,1024,7168,7167,-1,81104312,20.0146,4.05225e+06,8717246
aurora,hierarchical,random,1000,20,1024,7168,7167,0,27036614,20.0252,1.35013e+06,8717246
aurora,hierarchical,random,1000,20,128,13056,13055,-1,97783140,20.7538,4.71158e+06,8722053
aurora,hierarchical,random,1000,20,128,13056,13055,0,21051586,20.4878,1.02752e+06,8722053
aurora,hierarchical,random,1000,20,128,896,895,-1,15313920,20.0099,765319,8726685
aurora,hierarchical,random,1000,20,128,896,895,0,15314420,20.0094,765360,8726685
aurora,hierarchical,random,1000,20,16,112,111,-1,1895466,20.0109,94721.7,8726596
aurora,hierarchical,random,1000,20,16,112,111,0,1896838,20.0095,94796.9,8726596
aurora,hierarchical,random,1000,20,16,1632,1631,-1,19746328,20.2424,975492,8721974
aurora,hierarchical,random,1000,20,16,1632,1631,0,19896340,20.1866,985620,8721974
aurora,hierarchical,random,1000,20,2,14,13,-1,219434,20.0102,10966.1,8726413
aurora,hierarchical,random,1000,20,2,14,13,0,219988,20.0073,10995.4,8726413
aurora,hierarchical,random,1000,20,2,204,203,-1,2628364,20.2106,130049,8720105
aurora,hierarchical,random,1000,20,2,204,203,0,2588684,20.0078,129384,8720105
aurora,hierarchical,random,1000,20,2048,14336,14335,-1,93011370,20.0161,4.64683e+06,8727255
aurora,hierarchical,random,1000,20,2048,14336,14335,0,26777002,20.0459,1.33578e+06,8727255
aurora,hierarchical,random,1000,20,2048,208896,208895,-1,42772880,20.9957,2.03722e+06,8716876
aurora,hierarchical,random,1000,20,2048,208896,208895,0,20784132,21.337,974089,8716876
aurora,hierarchical,random,1000,20,256,1792,1791,-1,30644194,20.0124,1.53126e+06,8717248
aurora,hierarchical,random,1000,20,256,1792,1791,0,30636416,20.011,1.53098e+06,8717248
aurora,hierarchical,random,1000,20,256,26112,26111,-1,37987040,20.4594,1.8567e+06,8725864
aurora,hierarchical,random,1000,20,256,26112,26111,0,18444242,20.3328,907118,8725864
aurora,hierarchical,random,1000,20,32,224,223,-1,3812326,20.0087,190534,8726596
aurora,hierarchical,random,1000,20,32,224,223,0,3813562,20.0107,190576,8726596
aurora,hierarchical,random,1000,20,32,3264,3263,-1,25782124,20.1097,1.28207e+06,8721974
aurora,hierarchical,random,1000,20,32,3264,3263,0,23594032,20.304,1.16204e+06,8721974
aurora,hierarchical,random,1000,20,4,28,27,-1,459542,20.0074,22968.7,8726516
aurora,hierarchical,random,1000,20,4,28,27,0,459704,20.0094,22974.5,8726516
aurora,hierarchical,random,1000,20,4,408,407,-1,5115442,20.0848,254692,8720342
aurora,hierarchical,random,1000,20,4,408,407,0,5114896,20.0528,255071,8720342
aurora,hierarchical,random,1000,20,512,3584,3583,-1,61276948,20.0102,3.06229e+06,8717247
aurora,hierarchical,random,1000,20,512,3584,3583,0,27749508,20.0148,1.38645e+06,8717247
aurora,hierarchical,random,1000,20,512,52224,52223,-1,53558856,20.5047,2.61203e+06,8716878
aurora,hierarchical,random,1000,20,512,52224,52223,0,21097978,20.564,1.02597e+06,8716878
aurora,hierarchical,random,1000,20,64,448,447,-1,7644246,20.0113,381997,8726685
aurora,hierarchical,random,1000,20,64,448,447,0,7645434,20.0107,382068,8726685
aurora,hierarchical,random,1000,20,64,6528,6527,-1,63861706,20.2848,3.14825e+06,8722053
aurora,hierarchical,random,1000,20,64,6528,6527,0,21310608,20.345,1.04746e+06,8722053
aurora,hierarchical,random,1000,20,8,56,55,-1,938170,20.0083,46889.1,8726516
aurora,hierarchical,random,1000,20,8,56,55,0,937484,20.0081,46855.2,8726516
aurora,hierarchical,random,1000,20,8,816,815,-1,9683750,20.3918,474884,8720342
aurora,hierarchical,random,1000,20,8,816,815,0,9789964,20.1199,486581,8720342
aurora,hierarchical,random,1000,30,128,13056,13055,16,132163874,30.6514,4.31184e+06,8712613
aurora,hierarchical,random,1000,30,128,13056,13055,2,89419736,30.6937,2.91329e+06,8712613
aurora,hierarchical,random,1000,30,128,13056,13055,32,152402158,30.455,5.00417e+06,8712613
aurora,hierarchical,random,1000,30,128,13056,13055,4,93983302,30.5272,3.07868e+06,8712613
aurora,hierarchical,random,1000,30,128,13056,13055,64,92949463,30.6292,3.03467e+06,8712613
aurora,hierarchical,random,1000,30,128,13056,13055,8,93934246,30.5919,3.07056e+06,8712613
aurora,hierarchical,random,10000,20,1,102,101,-1,182408,20.0675,9089.73,8720105
aurora,hierarchical,random,10000,20,1,102,101,0,183408,20.0594,9143.25,8720105
aurora,hierarchical,random,10000,20,1,7,6,-1,10028,20.0655,499.763,8726413
aurora,hierarchical,random,10000,20,1,7,6,0,10008,20.0889,498.186,8726413
aurora,hierarchical,random,10000,20,1024,104448,104447,-1,67442026,20.6317,3.26885e+06,8716877
aurora,hierarchical,random,10000,20,1024,104448,104447,0,20956108,20.9545,1.00008e+06,8716877
aurora,hierarchical,random,10000,20,1024,7168,7167,-1,12336114,20.1188,613163,8717246
aurora,hierarchical,random,10000,20,1024,7168,7167,0,12332428,20.1131,613155,8717246
aurora,hierarchical,random,10000,20,128,13056,13055,-1,13009150,20.6728,629289,8722053
aurora,hierarchical,random,10000,20,128,13056,13055,0,16506046,20.4388,807585,8722053
aurora,hierarchical,random,10000,20,128,896,895,-1,1539556,20.1134,76543.8,8726685
aurora,hierarchical,random,10000,20,128,896,895,0,1539014,20.0875,76615.3,8726685
aurora,hierarchical,random,10000,20,16,112,111,-1,190662,20.093,9488.99,8726596
aurora,hierarchical,random,10000,20,16,112,111,0,190880,20.0891,9501.68,8726596
aurora,hierarchical,random,10000,20,16,1632,1631,-1,2199896,20.3376,108169,8721974
aurora,hierarchical,random,10000,20,16,1632,1631,0,2208728,20.1548,109588,8721974
aurora,hierarchical,random,10000,20,2,14,13,-1,22040,20.0744,1097.92,8726413
aurora,hierarchical,random,10000,20,2,14,13,0,22070,20.0819,1099,8726413
aurora,hierarchical,random,10000,20,2,204,203,-1,274752,20.0607,13696,8720105
aurora,hierarchical,random,10000,20,2,204,203,0,271936,20.0676,13551,8720105
aurora,hierarchical,random,10000,20,2048,14336,14335,-1,24664622,20.1134,1.22628e+06,8727255
aurora,hierarchical,random,10000,20,2048,14336,14335,0,24666826,20.1125,1.22644e+06,8727255
aurora,hierarchical,random,10000,20,2048,208896,208895,-1,62426774,20.8269,2.99741e+06,8716876
aurora,hierarchical,random,10000,20,2048,208896,208895,0,19758328,21.3751,924364,8716876
aurora,hierarchical,random,10000,20,256,1792,1791,-1,3084362,20.117,153321,8717248
aurora,hierarchical,random,10000,20,256,1792,1791,0,3080584,20.101,153255,8717248
aurora,hierarchical,random,10000,20,256,26112,26111,-1,25592546,20.5167,1.2474e+06,8725864
aurora,hierarchical,random,10000,20,256,26112,26111,0,25060720,20.5368,1.22028e+06,8725864
aurora,hierarchical,random,10000,20,32,224,223,-1,382880,20.0917,19056.6,8726596
aurora,hierarchical,random,10000,20,32,224,223,0,383292,20.097,19072.1,8726596
aurora,hierarchical,random,10000,20,32,3264,3263,-1,4400804,20.4449,215252,8721974
aurora,hierarchical,random,10000,20,32,3264,3263,0,4402346,20.4405,215374,8721974
aurora,hierarchical,random,10000,20,4,28,27,-1,45982,20.0883,2288.99,8726516
aurora,hierarchical,random,10000,20,4,28,27,0,46278,20.0974,2302.68,8726516
aurora,hierarchical,random,10000,20,4,408,407,-1,543062,20.1376,26967.6,8720342
aurora,hierarchical,random,10000,20,4,408,407,0,544456,20.1597,27007.2,8720342
aurora,hierarchical,random,10000,20,512,3584,3583,-1,6160912,20.1033,306463,8717247
aurora,hierarchical,random,10000,20,512,3584,3583,0,6163166,20.1042,306562,8717247
aurora,hierarchical,random,10000,20,512,52224,52223,-1,45024726,20.8744,2.15693e+06,8716878
aurora,hierarchical,random,10000,20,512,52224,52223,0,19683354,20.6869,951491,8716878
aurora,hierarchical,random,10000,20,64,448,447,-1,769254,20.1192,38234.8,8726685
aurora,hierarchical,random,10000,20,64,448,447,0,767590,20.0909,38205.9,8726685
aurora,hierarchical,random,10000,20,64,6528,6527,-1,7147102,20.4854,348888,8722053
aurora,hierarchical,random,10000,20,64,6528,6527,0,8381550,20.4964,408928,8722053
aurora,hierarchical,random,10000,20,8,56,55,-1,94426,20.0979,4698.3,8726516
aurora,hierarchical,random,10000,20,8,56,55,0,94566,20.077,4710.16,8726516
aurora,hierarchical,random,10000,20,8,816,815,-1,1023472,20.2819,50462.2,8720342
aurora,hierarchical,random,10000,20,8,816,815,0,1026070,20.3794,50348.4,8720342
aurora,hierarchical,random,100000,20,1,102,101,-1,19404,20.6749,938.529,8720105
aurora,hierarchical,random,100000,20,1,102,101,0,19804,20.7455,954.615,8720105
aurora,hierarchical,random,100000,20,1,7,6,-1,1048,20.7777,50.4387,8726413
aurora,hierarchical,random,100000,20,1,7,6,0,1014,20.6925,49.0033,8726413
aurora,hierarchical,random,100000,20,1024,104448,104447,-1,17548026,21.4664,817466,8716877
aurora,hierarchical,random,100000,20,1024,104448,104447,0,19250454,21.3784,900465,8716877
aurora,hierarchical,random,100000,20,1024,7168,7167,-1,1276030,21.1137,60436,8717246
aurora,hierarchical,random,100000,20,1024,7168,7167,0,1276722,21.0979,60514.1,8717246
aurora,hierarchical,random,100000,20,128,13056,13055,-1,2163322,21.2784,101667,8722053
aurora,hierarchical,random,100000,20,128,13056,13055,0,2370582,21.2226,111701,8722053
aurora,hierarchical,random,100000,20,128,896,895,-1,159098,21.0085,7573.05,8726685
aurora,hierarchical,random,100000,20,128,896,895,0,160014,21.0617,7597.38,8726685
aurora,hierarchical,random,100000,20,16,112,111,-1,19770,20.9241,944.842,8726596
aurora,hierarchical,random,100000,20,16,112,111,0,19848,21.0772,941.679,8726596
aurora,hierarchical,random,100000,20,16,1632,1631,-1,308114,21.0615,14629.3,8721974
aurora,hierarchical,random,100000,20,16,1632,1631,0,308516,21.1616,14579.1,8721974
aurora,hierarchical,random,100000,20,2,14,13,-1,2322,20.8157,111.551,8726413
aurora,hierarchical,random,100000,20,2,14,13,0,2266,20.7899,108.995,8726413
aurora,hierarchical,random,100000,20,2,204,203,-1,39200,20.8459,1880.46,8720105
aurora,hierarchical,random,100000,20,2,204,203,0,39000,20.8001,1874.99,8720105
aurora,hierarchical,random,100000,20,2048,14336,14335,-1,2556302,21.1367,120942,8727255
aurora,hierarchical,random,100000,20,2048,14336,14335,0,2550522,21.0705,121047,8727255
aurora,hierarchical,random,100000,20,2048,208896,208895,-1,27574404,21.2905,1.29515e+06,8716876
aurora,hierarchical,random,100000,20,2048,208896,208895,0,38508182,21.3283,1.8055e+06,8716876
aurora,hierarchical,random,100000,20,256,1792,1791,-1,318724,21.1083,15099.5,8717248
aurora,hierarchical,random,100000,20,256,1792,1791,0,319196,21.0932,15132.6,8717248
aurora,hierarchical,random,100000,20,256,26112,26111,-1,4248460,21.5864,196812,8725864
aurora,hierarchical,random,100000,20,256,26112,26111,0,4798124,21.1931,226400,8725864
aurora,hierarchical,random,100000,20,32,224,223,-1,39370,20.9668,1877.73,8726596
aurora,hierarchical,random,100000,20,32,224,223,0,39636,20.9535,1891.61,8726596
aurora,hierarchical,random,100000,20,32,3264,3263,-1,613600,21.0446,29157.1,8721974
aurora,hierarchical,random,100000,20,32,3264,3263,0,613804,20.9357,29318.5,8721974
aurora,hierarchical,random,100000,20,4,28,27,-1,4820,20.8341,231.351,8726516
aurora,hierarchical,random,100000,20,4,28,27,0,4806,20.8891,230.072,8726516
aurora,hierarchical,random,100000,20,4,408,407,-1,80010,20.9727,3814.96,8720342
aurora,hierarchical,random,100000,20,4,408,407,0,80012,20.8391,3839.51,8720342
aurora,hierarchical,random,100000,20,512,3584,3583,-1,638334,21.0934,30262.3,8717247
aurora,hierarchical,random,100000,20,512,3584,3583,0,637468,21.0573,30273.1,8717247
aurora,hierarchical,random,100000,20,512,52224,52223,-1,8471946,21.5051,393951,8716878
aurora,hierarchical,random,100000,20,512,52224,52223,0,9671182,21.2894,454271,8716878
aurora,hierarchical,random,100000,20,64,448,447,-1,79868,21.1281,3780.17,8726685
aurora,hierarchical,random,100000,20,64,448,447,0,80020,21.0161,3807.56,8726685
aurora,hierarchical,random,100000,20,64,6528,6527,-1,1148174,21.5243,53343,8722053
aurora,hierarchical,random,100000,20,64,6528,6527,0,1189840,21.0258,56589.6,8722053
aurora,hierarchical,random,100000,20,8,56,55,-1,9820,21.0278,467.001,8726516
aurora,hierarchical,random,100000,20,8,56,55,0,9768,20.9111,467.121,8726516
aurora,hierarchical,random,100000,20,8,816,815,-1,152346,21.0746,7228.88,8720342
aurora,hierarchical,random,100000,20,8,816,815,0,153558,20.9704,7322.59,8720342
aurora,hierarchical,random,1000000,20,1,102,101,-1,2604,27.7966,93.6806,8720105
aurora,hierarchical,random,1000000,20,1,102,101,0,2604,27.276,95.4685,8720105
aurora,hierarchical,random,1000000,20,1,7,6,-1,134,26.0823,5.13759,8726413
aurora,hierarchical,random,1000000,20,1,7,6,0,134,27.7677,4.82575,8726413
aurora,hierarchical,random,1000000,20,1024,104448,104447,-1,2743866,30.3533,90397.6,8716877
aurora,hierarchical,random,1000000,20,1024,104448,104447,0,2881154,30.5974,94163.5,8716877
aurora,hierarchical,random,1000000,20,1024,7168,7167,-1,176910,31.7337,5574.83,8717246
aurora,hierarchical,random,1000000,20,1024,7168,7167,0,174420,31.5125,5534.95,8717246
aurora,hierarchical,random,1000000,20,128,13056,13055,-1,341442,30.241,11290.7,8722053
aurora,hierarchical,random,1000000,20,128,13056,13055,0,360246,30.2349,11914.9,8722053
aurora,hierarchical,random,1000000,20,128,896,895,-1,21738,31.2208,696.266,8726685
aurora,hierarchical,random,1000000,20,128,896,895,0,21712,31.2769,694.186,8726685
aurora,hierarchical,random,1000000,20,16,112,111,-1,2690,29.9351,89.8609,8726596
aurora,hierarchical,random,1000000,20,16,112,111,0,2666,30.1456,88.4375,8726596
aurora,hierarchical,random,1000000,20,16,1632,1631,-1,44072,29.6995,1483.93,8721974
aurora,hierarchical,random,1000000,20,16,1632,1631,0,44476,29.5572,1504.74,8721974
aurora,hierarchical,random,1000000,20,2,14,13,-1,306,28.2653,10.826,8726413
aurora,hierarchical,random,1000000,20,2,14,13,0,284,27.1129,10.4747,8726413
aurora,hierarchical,random,1000000,20,2,204,203,-1,5436,29.0068,187.405,8720105
aurora,hierarchical,random,1000000,20,2,204,203,0,5434,29.4096,184.77,8720105
aurora,hierarchical,random,1000000,20,2048,14336,14335,-1,352622,32.1919,10953.7,8727255
aurora,hierarchical,random,1000000,20,2048,14336,14335,0,348364,31.679,10996.7,8727255
aurora,hierarchical,random,1000000,20,2048,208896,208895,-1,5563776,30.4054,182986,8716876
aurora,hierarchical,random,1000000,20,2048,208896,208895,0,5750216,30.3282,189599,8716876
aurora,hierarchical,random,1000000,20,256,1792,1791,-1,43552,31.8546,1367.21,8717248
aurora,hierarchical,random,1000000,20,256,1792,1791,0,43546,31.7736,1370.51,8717248
aurora,hierarchical,random,1000000,20,256,26112,26111,-1,678794,29.7876,22787.8,8725864
aurora,hierarchical,random,1000000,20,256,26112,26111,0,723146,30.2903,23873.8,8725864
aurora,hierarchical,random,1000000,20,32,224,223,-1,5344,30.3125,176.297,8726596
aurora,hierarchical,random,1000000,20,32,224,223,0,5308,30.0137,176.853,8726596
aurora,hierarchical,random,1000000,20,32,3264,3263,-1,89788,29.992,2993.73,8721974
aurora,hierarchical,random,1000000,20,32,3264,3263,0,89788,29.9472,2998.21,8721974
aurora,hierarchical,random,1000000,20,4,28,27,-1,602,29.1577,20.6464,8726516
aurora,hierarchical,random,1000000,20,4,28,27,0,648,28.7066,22.5732,8726516
aurora,hierarchical,random,1000000,20,4,408,407,-1,10898,29.4373,370.211,8720342
aurora,hierarchical,random,1000000,20,4,408,407,0,11100,29.2066,380.05,8720342
aurora,hierarchical,random,1000000,20,512,3584,3583,-1,88278,31.8857,2768.57,8717247
aurora,hierarchical,random,1000000,20,512,3584,3583,0,87294,31.6897,2754.65,8717247
aurora,hierarchical,random,1000000,20,512,52224,52223,-1,1376000,30.5091,45101.3,8716878
aurora,hierarchical,random,1000000,20,512,52224,52223,0,1435614,30.0805,47725.8,8716878
aurora,hierarchical,random,1000000,20,64,448,447,-1,10974,32.0048,342.886,8726685
aurora,hierarchical,random,1000000,20,64,448,447,0,10896,30.7422,354.432,8726685
aurora,hierarchical,random,1000000,20,64,6528,6527,-1,172172,30.2616,5689.45,8722053
aurora,hierarchical,random,1000000,20,64,6528,6527,0,179806,29.9475,6004.03,8722053
aurora,hierarchical,random,1000000,20,8,56,55,-1,1324,30.0697,44.031,8726516
aurora,hierarchical,random,1000000,20,8,56,55,0,1324,29.2629,45.245,8726516
aurora,hierarchical,random,1000000,20,8,816,815,-1,22426,29.9015,749.997,8720342
aurora,hierarchical,random,1000000,20,8,816,815,0,22226,29.7877,746.146,8720342
aurora,hierarchical_lockfree_rma,fixed,10,20,1,102,101,-1,1826400,20.0001,91319.7,8722229
aurora,hierarchical_lockfree_rma,fixed,10,20,1,102,101,0,1835300,20.0001,91764.5,8722229
aurora,hierarchical_lockfree_rma,fixed,10,20,1,7,6,-1,388380,20.0001,19418.9,8726784
aurora,hierarchical_lockfree_rma,fixed,10,20,1,7,6,0,385945,20,19297.2,8726784
aurora,hierarchical_lockfree_rma,fixed,10,20,1024,104448,104447,-1,367377045,20.0012,1.83677e+07,8716882
aurora,hierarchical_lockfree_rma,fixed,10,20,1024,104448,104447,0,190808527,20.0007,9.54008e+06,8716882
aurora,hierarchical_lockfree_rma,fixed,10,20,1024,7168,7167,-1,301406973,20.0009,1.50697e+07,8725867
aurora,hierarchical_lockfree_rma,fixed,10,20,1024,7168,7167,0,37119156,20.0021,1.85576e+06,8725867
aurora,hierarchical_lockfree_rma,fixed,10,20,128,13056,13055,-1,64387190,20.0005,3.21928e+06,8722487
aurora,hierarchical_lockfree_rma,fixed,10,20,128,13056,13055,0,258742193,20.0007,1.29366e+07,8722487
aurora,hierarchical_lockfree_rma,fixed,10,20,128,896,895,-1,52694553,20.0005,2.63466e+06,8726988
aurora,hierarchical_lockfree_rma,fixed,10,20,128,896,895,0,30800991,20.0004,1.54002e+06,8726988
aurora,hierarchical_lockfree_rma,fixed,10,20,16,112,111,-1,13044637,20,652231,8726922
aurora,hierarchical_lockfree_rma,fixed,10,20,16,112,111,0,12996541,20.0001,649824,8726922
aurora,hierarchical_lockfree_rma,fixed,10,20,16,1632,1631,-1,32321054,20.0022,1.61587e+06,8722441
aurora,hierarchical_lockfree_rma,fixed,10,20,16,1632,1631,0,32188373,20.0012,1.60932e+06,8722441
aurora,hierarchical_lockfree_rma,fixed,10,20,2,14,13,-1,1609258,20,80462.8,8726784
aurora,hierarchical_lockfree_rma,fixed,10,20,2,14,13,0,1592889,20.0001,79644.2,8726784
aurora,hierarchical_lockfree_rma,fixed,10,20,2,204,203,-1,4727503,20.0001,236374,8722229
aurora,hierarchical_lockfree_rma,fixed,10,20,2,204,203,0,4667615,20.0002,233378,8722229
aurora,hierarchical_lockfree_rma,fixed,10,20,2048,14336,14335,-1,398000000,20.0041,1.98959e+07,8727256
aurora,hierarchical_lockfree_rma,fixed,10,20,2048,14336,14335,0,32636038,20.0005,1.63176e+06,8727256
aurora,hierarchical_lockfree_rma,fixed,10,20,2048,208896,208895,-1,341822656,20.0028,1.70887e+07,8716881
aurora,hierarchical_lockfree_rma,fixed,10,20,2048,208896,208895,0,88000000,20.0026,4.39944e+06,8716881
aurora,hierarchical_lockfree_rma,fixed,10,20,256,1792,1791,-1,111131510,20.0001,5.55655e+06,8727074
aurora,hierarchical_lockfree_rma,fixed,10,20,256,1792,1791,0,38055805,20.0004,1.90276e+06,8717252
aurora,hierarchical_lockfree_rma,fixed,10,20,256,26112,26111,-1,124140427,20.0002,6.20697e+06,8716884
aurora,hierarchical_lockfree_rma,fixed,10,20,256,26112,26111,0,322896637,20.0013,1.61438e+07,8716884
aurora,hierarchical_lockfree_rma,fixed,10,20,32,224,223,-1,17625841,20,881291,8726922
aurora,hierarchical_lockfree_rma,fixed,10,20,32,224,223,0,17700922,20.0001,885042,8726922
aurora,hierarchical_lockfree_rma,fixed,10,20,32,3264,3263,-1,77919845,20.0017,3.89567e+06,8722441
aurora,hierarchical_lockfree_rma,fixed,10,20,32,3264,3263,0,77931434,20.0016,3.89625e+06,8722441
aurora,hierarchical_lockfree_rma,fixed,10,20,4,28,27,-1,3127626,20,156381,8726840
aurora,hierarchical_lockfree_rma,fixed,10,20,4,28,27,0,3144081,20,157204,8726840
aurora,hierarchical_lockfree_rma,fixed,10,20,4,408,407,-1,9008316,20.0001,450414,8722331
aurora,hierarchical_lockfree_rma,fixed,10,20,4,408,407,0,8946722,20.0004,447327,8722331
aurora,hierarchical_lockfree_rma,fixed,10,20,512,3584,3583,-1,152221010,20.0001,7.611e+06,8717251
aurora,hierarchical_lockfree_rma,fixed,10,20,512,3584,3583,0,41252540,20.0016,2.06246e+06,8717251
aurora,hierarchical_lockfree_rma,fixed,10,20,512,52224,52223,-1,223268787,20.0013,1.11627e+07,8716883
aurora,hierarchical_lockfree_rma,fixed,10,20,512,52224,52223,0,254490216,20.0004,1.27242e+07,8716883
aurora,hierarchical_lockfree_rma,fixed,10,20,64,448,447,-1,34111811,20.0001,1.70558e+06,8726988
aurora,hierarchical_lockfree_rma,fixed,10,20,64,448,447,0,22114485,20.0003,1.10571e+06,8726988
aurora,hierarchical_lockfree_rma,fixed,10,20,64,6528,6527,-1,36679589,20.0005,1.83393e+06,8727900
aurora,hierarchical_lockfree_rma,fixed,10,20,64,6528,6527,0,175379009,20.0012,8.76841e+06,8722487
aurora,hierarchical_lockfree_rma,fixed,10,20,8,56,55,-1,6704811,20,335240,8726840
aurora,hierarchical_lockfree_rma,fixed,10,20,8,56,55,0,6708102,20.0001,335404,8726840
aurora,hierarchical_lockfree_rma,fixed,10,20,8,816,815,-1,17232807,20.0001,861635,8722331
aurora,hierarchical_lockfree_rma,fixed,10,20,8,816,815,0,17181930,20.0001,859093,8722331
aurora,hierarchical_lockfree_rma,fixed,100,20,1,102,101,-1,2057600,20.0001,102879,8722229
aurora,hierarchical_lockfree_rma,fixed,100,20,1,102,101,0,2132500,20.0001,106624,8722229
aurora,hierarchical_lockfree_rma,fixed,100,20,1,7,6,-1,431685,20,21584.2,8726784
aurora,hierarchical_lockfree_rma,fixed,100,20,1,7,6,0,427155,20,21357.7,8726784
aurora,hierarchical_lockfree_rma,fixed,100,20,1024,104448,104447,-1,378773010,20.001,1.89377e+07,8716882
aurora,hierarchical_lockfree_rma,fixed,100,20,1024,104448,104447,0,197582404,20.0014,9.87842e+06,8716882
aurora,hierarchical_lockfree_rma,fixed,100,20,1024,7168,7167,-1,292162532,20.0001,1.4608e+07,8725867
aurora,hierarchical_lockfree_rma,fixed,100,20,1024,7168,7167,0,37421232,20.0011,1.87096e+06,8725867
aurora,hierarchical_lockfree_rma,fixed,100,20,128,13056,13055,-1,62968242,20.0009,3.14827e+06,8722487
aurora,hierarchical_lockfree_rma,fixed,100,20,128,13056,13055,0,267456488,20.0014,1.33719e+07,8722487
aurora,hierarchical_lockfree_rma,fixed,100,20,128,896,895,-1,51182663,20.0001,2.55912e+06,8726988
aurora,hierarchical_lockfree_rma,fixed,100,20,128,896,895,0,30465059,20.0001,1.52324e+06,8726988
aurora,hierarchical_lockfree_rma,fixed,100,20,16,112,111,-1,12463928,20.0001,623194,8726922
aurora,hierarchical_lockfree_rma,fixed,100,20,16,112,111,0,12486603,20.0001,624328,8726922
aurora,hierarchical_lockfree_rma,fixed,100,20,16,1632,1631,-1,33192473,20.0005,1.65958e+06,8722441
aurora,hierarchical_lockfree_rma,fixed,100,20,16,1632,1631,0,33322238,20.0007,1.66605e+06,8722441
aurora,hierarchical_lockfree_rma,fixed,100,20,2,14,13,-1,1620594,20,81029.7,8726784
aurora,hierarchical_lockfree_rma,fixed,100,20,2,14,13,0,1586441,20.0001,79321.7,8726784
aurora,hierarchical_lockfree_rma,fixed,100,20,2,204,203,-1,5018768,20.0002,250936,8722229
aurora,hierarchical_lockfree_rma,fixed,100,20,2,204,203,0,5025305,20.0002,251263,8722229
aurora,hierarchical_lockfree_rma,fixed,100,20,2048,14336,14335,-1,397509752,20.001,1.98745e+07,8727256
aurora,hierarchical_lockfree_rma,fixed,100,20,2048,14336,14335,0,32661839,20.0005,1.63305e+06,8727256
aurora,hierarchical_lockfree_rma,fixed,100,20,2048,208896,208895,-1,344439488,20.0005,1.72215e+07,8716881
aurora,hierarchical_lockfree_rma,fixed,100,20,2048,208896,208895,0,92874680,20.0008,4.64355e+06,8716881
aurora,hierarchical_lockfree_rma,fixed,100,20,256,1792,1791,-1,106109709,20.0003,5.30541e+06,8727074
aurora,hierarchical_lockfree_rma,fixed,100,20,256,1792,1791,0,38811134,20.001,1.94046e+06,8717252
aurora,hierarchical_lockfree_rma,fixed,100,20,256,26112,26111,-1,124909587,20.0012,6.2451e+06,8716884
aurora,hierarchical_lockfree_rma,fixed,100,20,256,26112,26111,0,321889373,20.0016,1.60932e+07,8716884
aurora,hierarchical_lockfree_rma,fixed,100,20,32,224,223,-1,14595701,20.0002,729779,8726922
aurora,hierarchical_lockfree_rma,fixed,100,20,32,224,223,0,14628396,20.0001,731415,8726922
aurora,hierarchical_lockfree_rma,fixed,100,20,32,3264,3263,-1,82067708,20.0002,4.10334e+06,8722441
aurora,hierarchical_lockfree_rma,fixed,100,20,32,3264,3263,0,81749799,20.0016,4.08715e+06,8722441
aurora,hierarchical_lockfree_rma,fixed,100,20,4,28,27,-1,2606716,20.0001,130335,8726840
aurora,hierarchical_lockfree_rma,fixed,100,20,4,28,27,0,2619981,20,130999,8726840
aurora,hierarchical_lockfree_rma,fixed,100,20,4,408,407,-1,9338775,20.0004,466930,8722331
aurora,hierarchical_lockfree_rma,fixed,100,20,4,408,407,0,9399329,20.0001,469965,8722331
aurora,hierarchical_lockfree_rma,fixed,100,20,512,3584,3583,-1,162000000,20.0034,8.09863e+06,8717251
aurora,hierarchical_lockfree_rma,fixed,100,20,512,3584,3583,0,40930176,20.0007,2.04643e+06,8717251
aurora,hierarchical_lockfree_rma,fixed,100,20,512,52224,52223,-1,232952715,20.0012,1.16469e+07,8716883
aurora,hierarchical_lockfree_rma,fixed,100,20,512,52224,52223,0,251196446,20.001,1.25592e+07,8716883
aurora,hierarchical_lockfree_rma,fixed,100,20,64,448,447,-1,31381696,20.0001,1.56908e+06,8726988
aurora,hierarchical_lockfree_rma,fixed,100,20,64,448,447,0,22445223,20.0001,1.12226e+06,8726988
aurora,hierarchical_lockfree_rma,fixed,100,20,64,6528,6527,-1,34842507,20.0007,1.74207e+06,8727900
aurora,hierarchical_lockfree_rma,fixed,100,20,64,6528,6527,0,181539910,20.0015,9.07634e+06,8722487
aurora,hierarchical_lockfree_rma,fixed,100,20,8,56,55,-1,6383558,20,319177,8726840
aurora,hierarchical_lockfree_rma,fixed,100,20,8,56,55,0,6409131,20,320456,8726840
aurora,hierarchical_lockfree_rma,fixed,100,20,8,816,815,-1,18414683,20.0004,920714,8722331
aurora,hierarchical_lockfree_rma,fixed,100,20,8,816,815,0,18396229,20.0005,919788,8722331
aurora,hierarchical_lockfree_rma,fixed,1000,20,1,102,101,-1,1504879,20.0001,75243.6,8722229
aurora,hierarchical_lockfree_rma,fixed,1000,20,1,102,101,0,1510360,20.0002,75517.4,8722229
aurora,hierarchical_lockfree_rma,fixed,1000,20,1,7,6,-1,95100,20.0001,4754.98,8726784
aurora,hierarchical_lockfree_rma,fixed,1000,20,1,7,6,0,95070,20.0001,4753.48,8726784
aurora,hierarchical_lockfree_rma,fixed,1000,20,1024,104448,104447,-1,440487766,20.0005,2.20238e+07,8716882
aurora,hierarchical_lockfree_rma,fixed,1000,20,1024,104448,104447,0,207924615,20.0026,1.03949e+07,8716882
aurora,hierarchical_lockfree_rma,fixed,1000,20,1024,7168,7167,-1,106864809,20.0006,5.34309e+06,8725867
aurora,hierarchical_lockfree_rma,fixed,1000,20,1024,7168,7167,0,43178544,20.0017,2.15874e+06,8725867
aurora,hierarchical_lockfree_rma,fixed,1000,20,128,13056,13055,-1,81830273,20.0016,4.09119e+06,8722487
aurora,hierarchical_lockfree_rma,fixed,1000,20,128,13056,13055,0,205153811,20.001,1.02572e+07,8722487
aurora,hierarchical_lockfree_rma,fixed,1000,20,128,896,895,-1,13902046,20.0004,695090,8726988
aurora,hierarchical_lockfree_rma,fixed,1000,20,128,896,895,0,14393621,20.0002,719673,8726988
aurora,hierarchical_lockfree_rma,fixed,1000,20,16,112,111,-1,1823636,20,91181.6,8726922
aurora,hierarchical_lockfree_rma,fixed,1000,20,16,112,111,0,1821980,20.0001,91098.7,8726922
aurora,hierarchical_lockfree_rma,fixed,1000,20,16,1632,1631,-1,28348454,20.0005,1.41738e+06,8722441
aurora,hierarchical_lockfree_rma,fixed,1000,20,16,1632,1631,0,28355480,20.0007,1.41773e+06,8722441
aurora,hierarchical_lockfree_rma,fixed,1000,20,2,14,13,-1,198206,20.0001,9910.25,8726784
aurora,hierarchical_lockfree_rma,fixed,1000,20,2,14,13,0,198474,20,9923.69,8726784
aurora,hierarchical_lockfree_rma,fixed,1000,20,2,204,203,-1,3751082,20.0001,187553,8722229
aurora,hierarchical_lockfree_rma,fixed,1000,20,2,204,203,0,3747318,20.0001,187365,8722229
aurora,hierarchical_lockfree_rma,fixed,1000,20,2048,14336,14335,-1,204729982,20.0005,1.02362e+07,8727256
aurora,hierarchical_lockfree_rma,fixed,1000,20,2048,14336,14335,0,39508538,20.0012,1.97531e+06,8727256
aurora,hierarchical_lockfree_rma,fixed,1000,20,2048,208896,208895,-1,341816192,20.0044,1.70871e+07,8716881
aurora,hierarchical_lockfree_rma,fixed,1000,20,2048,208896,208895,0,105878711,20.0016,5.2935e+06,8716881
aurora,hierarchical_lockfree_rma,fixed,1000,20,256,1792,1791,-1,27659252,20.0006,1.38292e+06,8727074
aurora,hierarchical_lockfree_rma,fixed,1000,20,256,1792,1791,0,29692578,20.001,1.48455e+06,8717252
aurora,hierarchical_lockfree_rma,fixed,1000,20,256,26112,26111,-1,142418143,20.0004,7.12077e+06,8716884
aurora,hierarchical_lockfree_rma,fixed,1000,20,256,26112,26111,0,244000000,20.0095,1.21942e+07,8716884
aurora,hierarchical_lockfree_rma,fixed,1000,20,32,224,223,-1,3586024,20,179301,8726922
aurora,hierarchical_lockfree_rma,fixed,1000,20,32,224,223,0,3598169,20,179908,8726922
aurora,hierarchical_lockfree_rma,fixed,1000,20,32,3264,3263,-1,59278454,20.0012,2.96375e+06,8722441
aurora,hierarchical_lockfree_rma,fixed,1000,20,32,3264,3263,0,59277668,20.0012,2.96371e+06,8722441
aurora,hierarchical_lockfree_rma,fixed,1000,20,4,28,27,-1,434782,20.0001,21739,8726840
aurora,hierarchical_lockfree_rma,fixed,1000,20,4,28,27,0,434603,20.0001,21730.1,8726840
aurora,hierarchical_lockfree_rma,fixed,1000,20,4,408,407,-1,7416223,20.0002,370808,8722331
aurora,hierarchical_lockfree_rma,fixed,1000,20,4,408,407,0,7414885,20.0002,370741,8722331
aurora,hierarchical_lockfree_rma,fixed,1000,20,512,3584,3583,-1,54708909,20.0006,2.73536e+06,8717251
aurora,hierarchical_lockfree_rma,fixed,1000,20,512,3584,3583,0,43080475,20.0009,2.15393e+06,8717251
aurora,hierarchical_lockfree_rma,fixed,1000,20,512,52224,52223,-1,316610553,20.0006,1.583e+07,8716883
aurora,hierarchical_lockfree_rma,fixed,1000,20,512,52224,52223,0,300052422,20.0006,1.50022e+07,8716883
aurora,hierarchical_lockfree_rma,fixed,1000,20,64,448,447,-1,7004098,20.0003,350200,8726988
aurora,hierarchical_lockfree_rma,fixed,1000,20,64,448,447,0,7270359,20.0002,363515,8726988
aurora,hierarchical_lockfree_rma,fixed,1000,20,64,6528,6527,-1,46874025,20.0006,2.34364e+06,8727900
aurora,hierarchical_lockfree_rma,fixed,1000,20,64,6528,6527,0,116978444,20.0008,5.84868e+06,8722487
aurora,hierarchical_lockfree_rma,fixed,1000,20,8,56,55,-1,875264,20.0001,43763,8726840
aurora,hierarchical_lockfree_rma,fixed,1000,20,8,56,55,0,876761,20,43838,8726840
aurora,hierarchical_lockfree_rma,fixed,1000,20,8,816,815,-1,14590888,20.0007,729519,8722331
aurora,hierarchical_lockfree_rma,fixed,1000,20,8,816,815,0,14551913,20.0006,727573,8722331
aurora,hierarchical_lockfree_rma,fixed,10000,20,1,102,101,-1,161700,20.0001,8084.98,8722229
aurora,hierarchical_lockfree_rma,fixed,10000,20,1,102,101,0,160400,20.0001,8019.96,8722229
aurora,hierarchical_lockfree_rma,fixed,10000,20,1,7,6,-1,9940,20,496.999,8726784
aurora,hierarchical_lockfree_rma,fixed,10000,20,1,7,6,0,9940,20,497,8726784
aurora,hierarchical_lockfree_rma,fixed,10000,20,1024,104448,104447,-1,167757657,20.0019,8.38709e+06,8716882
aurora,hierarchical_lockfree_rma,fixed,10000,20,1024,104448,104447,0,174104230,20.0015,8.70457e+06,8716882
aurora,hierarchical_lockfree_rma,fixed,10000,20,1024,7168,7167,-1,12053523,20.0002,602671,8725867
aurora,hierarchical_lockfree_rma,fixed,10000,20,1024,7168,7167,0,12122856,20.0008,606118,8725867
aurora,hierarchical_lockfree_rma,fixed,10000,20,128,13056,13055,-1,24749487,20.0007,1.23743e+06,8722487
aurora,hierarchical_lockfree_rma,fixed,10000,20,128,13056,13055,0,25173076,20.0012,1.25858e+06,8722487
aurora,hierarchical_lockfree_rma,fixed,10000,20,128,896,895,-1,1511326,20.0006,75564,8726988
aurora,hierarchical_lockfree_rma,fixed,10000,20,128,896,895,0,1524265,20.0007,76210.7,8726988
aurora,hierarchical_lockfree_rma,fixed,10000,20,16,112,111,-1,188417,20.0001,9420.78,8726922
aurora,hierarchical_lockfree_rma,fixed,10000,20,16,112,111,0,188378,20.0001,9418.84,8726922
aurora,hierarchical_lockfree_rma,fixed,10000,20,16,1632,1631,-1,3179749,20.0014,158976,8722441
aurora,hierarchical_lockfree_rma,fixed,10000,20,16,1632,1631,0,3179783,20.0014,158978,8722441
aurora,hierarchical_lockfree_rma,fixed,10000,20,2,14,13,-1,21830,20,1091.5,8726784
aurora,hierarchical_lockfree_rma,fixed,10000,20,2,14,13,0,21830,20.0001,1091.5,8726784
aurora,hierarchical_lockfree_rma,fixed,10000,20,2,204,203,-1,395920,20.0002,19795.8,8722229
aurora,hierarchical_lockfree_rma,fixed,10000,20,2,204,203,0,395373,20.0002,19768.4,8722229
aurora,hierarchical_lockfree_rma,fixed,10000,20,2048,14336,14335,-1,23864454,20.0015,1.19313e+06,8727256
aurora,hierarchical_lockfree_rma,fixed,10000,20,2048,14336,14335,0,24000000,20.001,1.19994e+06,8727256
aurora,hierarchical_lockfree_rma,fixed,10000,20,2048,208896,208895,-1,262801266,20.0014,1.31391e+07,8716881
aurora,hierarchical_lockfree_rma,fixed,10000,20,2048,208896,208895,0,196724969,20.0018,9.83538e+06,8716881
aurora,hierarchical_lockfree_rma,fixed,10000,20,256,1792,1791,-1,3023334,20.0011,151159,8727074
aurora,hierarchical_lockfree_rma,fixed,10000,20,256,1792,1791,0,3048177,20.001,152401,8717252
aurora,hierarchical_lockfree_rma,fixed,10000,20,256,26112,26111,-1,47971799,20.0017,2.39839e+06,8716884
aurora,hierarchical_lockfree_rma,fixed,10000,20,256,26112,26111,0,49446440,20.0014,2.47215e+06,8716884
aurora,hierarchical_lockfree_rma,fixed,10000,20,32,224,223,-1,379116,20.0002,18955.6,8726922
aurora,hierarchical_lockfree_rma,fixed,10000,20,32,224,223,0,379122,20.0002,18955.9,8726922
aurora,hierarchical_lockfree_rma,fixed,10000,20,32,3264,3263,-1,6357116,20.0004,317850,8722441
aurora,hierarchical_lockfree_rma,fixed,10000,20,32,3264,3263,0,6357276,20.0004,317858,8722441
aurora,hierarchical_lockfree_rma,fixed,10000,20,4,28,27,-1,45673,20.0001,2283.64,8726840
aurora,hierarchical_lockfree_rma,fixed,10000,20,4,28,27,0,45684,20,2284.2,8726840
aurora,hierarchical_lockfree_rma,fixed,10000,20,4,408,407,-1,794145,20.0004,39706.5,8722331
aurora,hierarchical_lockfree_rma,fixed,10000,20,4,408,407,0,793917,20.0004,39695.1,8722331
aurora,hierarchical_lockfree_rma,fixed,10000,20,512,3584,3583,-1,6036055,20.0001,301801,8717251
aurora,hierarchical_lockfree_rma,fixed,10000,20,512,3584,3583,0,6082911,20.0005,304138,8717251
aurora,hierarchical_lockfree_rma,fixed,10000,20,512,52224,52223,-1,91508309,20.0013,4.57512e+06,8716883
aurora,hierarchical_lockfree_rma,fixed,10000,20,512,52224,52223,0,95809848,20.002,4.79002e+06,8716883
aurora,hierarchical_lockfree_rma,fixed,10000,20,64,448,447,-1,756078,20.0004,37803.2,8726988
aurora,hierarchical_lockfree_rma,fixed,10000,20,64,448,447,0,760942,20.0003,38046.5,8726988
aurora,hierarchical_lockfree_rma,fixed,10000,20,64,6528,6527,-1,12554584,20.0004,627717,8727900
aurora,hierarchical_lockfree_rma,fixed,10000,20,64,6528,6527,0,12691243,20.0007,634539,8722487
aurora,hierarchical_lockfree_rma,fixed,10000,20,8,56,55,-1,93347,20,4667.34,8726840
aurora,hierarchical_lockfree_rma,fixed,10000,20,8,56,55,0,93358,20,4667.89,8726840
aurora,hierarchical_lockfree_rma,fixed,10000,20,8,816,815,-1,1584068,20.0007,79200.8,8722331
aurora,hierarchical_lockfree_rma,fixed,10000,20,8,816,815,0,1583522,20.0007,79173.4,8722331
aurora,hierarchical_lockfree_rma,fixed,100000,20,1,102,101,-1,18089,20.0001,904.447,8724299
aurora,hierarchical_lockfree_rma,fixed,100000,20,1,102,101,0,18266,20.0001,913.295,8724299
aurora,hierarchical_lockfree_rma,fixed,100000,20,1,7,6,-1,995,20.0001,49.7499,8726784
aurora,hierarchical_lockfree_rma,fixed,100000,20,1,7,6,0,995,20,49.75,8726784
aurora,hierarchical_lockfree_rma,fixed,100000,20,1024,104448,104447,-1,19528217,20.0014,976345,8716882
aurora,hierarchical_lockfree_rma,fixed,100000,20,1024,104448,104447,0,19654685,20.0029,982592,8716882
aurora,hierarchical_lockfree_rma,fixed,100000,20,1024,7168,7167,-1,1220768,20.0011,61035.1,8725867
aurora,hierarchical_lockfree_rma,fixed,100000,20,1024,7168,7167,0,1222457,20.0024,61115.5,8725867
aurora,hierarchical_lockfree_rma,fixed,100000,20,128,13056,13055,-1,2553559,20.0005,127675,8722487
aurora,hierarchical_lockfree_rma,fixed,100000,20,128,13056,13055,0,2562476,20.0005,128120,8722487
aurora,hierarchical_lockfree_rma,fixed,100000,20,128,896,895,-1,151808,20.0002,7590.32,8726988
aurora,hierarchical_lockfree_rma,fixed,100000,20,128,896,895,0,152633,20.0001,7631.6,8726988
aurora,hierarchical_lockfree_rma,fixed,100000,20,16,112,111,-1,18905,20.0001,945.246,8726922
aurora,hierarchical_lockfree_rma,fixed,100000,20,16,112,111,0,18905,20,945.249,8726922
aurora,hierarchical_lockfree_rma,fixed,100000,20,16,1632,1631,-1,321385,20.0011,16068.4,8724299
aurora,hierarchical_lockfree_rma,fixed,100000,20,16,1632,1631,0,321385,20.0003,16069,8724299
aurora,hierarchical_lockfree_rma,fixed,100000,20,2,14,13,-1,2189,20,109.45,8726784
aurora,hierarchical_lockfree_rma,fixed,100000,20,2,14,13,0,2189,20,109.45,8726784
aurora,hierarchical_lockfree_rma,fixed,100000,20,2,204,203,-1,39999,20.0001,1999.94,8724299
aurora,hierarchical_lockfree_rma,fixed,100000,20,2,204,203,0,39999,20.0001,1999.94,8724299
aurora,hierarchical_lockfree_rma,fixed,100000,20,2048,14336,14335,-1,2428814,20.0005,121438,8727256
aurora,hierarchical_lockfree_rma,fixed,100000,20,2048,14336,14335,0,2442329,20.0026,122100,8727256
aurora,hierarchical_lockfree_rma,fixed,100000,20,2048,208896,208895,-1,34535608,20.0018,1.72662e+06,8716881
aurora,hierarchical_lockfree_rma,fixed,100000,20,2048,208896,208895,0,38206846,20.0053,1.90984e+06,8716881
aurora,hierarchical_lockfree_rma,fixed,100000,20,256,1792,1791,-1,304320,20.0003,15215.8,8727074
aurora,hierarchical_lockfree_rma,fixed,100000,20,256,1792,1791,0,305465,20.0005,15272.8,8717252
aurora,hierarchical_lockfree_rma,fixed,100000,20,256,26112,26111,-1,5084236,20.0011,254198,8716884
aurora,hierarchical_lockfree_rma,fixed,100000,20,256,26112,26111,0,5090044,20.0009,254490,8716884
aurora,hierarchical_lockfree_rma,fixed,100000,20,32,224,223,-1,38009,20.0001,1900.44,8726922
aurora,hierarchical_lockfree_rma,fixed,100000,20,32,224,223,0,38009,20.0002,1900.43,8726922
aurora,hierarchical_lockfree_rma,fixed,100000,20,32,3264,3263,-1,642969,20.0006,32147.4,8722441
aurora,hierarchical_lockfree_rma,fixed,100000,20,32,3264,3263,0,642969,20.0007,32147.4,8722441
aurora,hierarchical_lockfree_rma,fixed,100000,20,4,28,27,-1,4577,20.0001,228.849,8726840
aurora,hierarchical_lockfree_rma,fixed,100000,20,4,28,27,0,4577,20.0001,228.849,8726840
aurora,hierarchical_lockfree_rma,fixed,100000,20,4,408,407,-1,80197,20.0001,4009.82,8724299
aurora,hierarchical_lockfree_rma,fixed,100000,20,4,408,407,0,80197,20.0001,4009.82,8724299
aurora,hierarchical_lockfree_rma,fixed,100000,20,512,3584,3583,-1,608800,20.0006,30439.1,8717251
aurora,hierarchical_lockfree_rma,fixed,100000,20,512,3584,3583,0,611129,20.0017,30553.8,8717251
aurora,hierarchical_lockfree_rma,fixed,100000,20,512,52224,52223,-1,10005755,20,500287,8716883
aurora,hierarchical_lockfree_rma,fixed,100000,20,512,52224,52223,0,10052820,20.0005,502628,8716883
aurora,hierarchical_lockfree_rma,fixed,100000,20,64,448,447,-1,75944,20.0003,3797.15,8726988
aurora,hierarchical_lockfree_rma,fixed,100000,20,64,448,447,0,76217,20.0002,3810.81,8726988
aurora,hierarchical_lockfree_rma,fixed,100000,20,64,6528,6527,-1,1285544,20.0015,64272.5,8727900
aurora,hierarchical_lockfree_rma,fixed,100000,20,64,6528,6527,0,1286137,20.0012,64303.1,8722487
aurora,hierarchical_lockfree_rma,fixed,100000,20,8,56,55,-1,9353,20.0001,467.649,8726840
aurora,hierarchical_lockfree_rma,fixed,100000,20,8,56,55,0,9353,20.0001,467.648,8726840
aurora,hierarchical_lockfree_rma,fixed,100000,20,8,816,815,-1,160593,20.0002,8029.56,8724299
aurora,hierarchical_lockfree_rma,fixed,100000,20,8,816,815,0,160593,20.0006,8029.42,8724299
aurora,hierarchical_lockfree_rma,fixed,1000000,20,1,102,101,-1,1900,20,94.9998,8724299
aurora,hierarchical_lockfree_rma,fixed,1000000,20,1,102,101,0,1900,20.0001,94.9997,8724299
aurora,hierarchical_lockfree_rma,fixed,1000000,20,1,7,6,-1,95,20.0001,4.74998,8726784
aurora,hierarchical_lockfree_rma,fixed,1000000,20,1,7,6,0,95,20,4.75,8726784
aurora,hierarchical_lockfree_rma,fixed,1000000,20,1024,104448,104447,-1,1861485,20.0017,93066.3,8716882
aurora,hierarchical_lockfree_rma,fixed,1000000,20,1024,104448,104447,0,1861694,20.1582,92354,8716882
aurora,hierarchical_lockfree_rma,fixed,1000000,20,1024,7168,7167,-1,116288,20.0001,5814.37,8725867
aurora,hierarchical_lockfree_rma,fixed,1000000,20,1024,7168,7167,0,116717,20.0013,5835.48,8725867
aurora,hierarchical_lockfree_rma,fixed,1000000,20,128,13056,13055,-1,232673,20.0003,11633.5,8724299
aurora,hierarchical_lockfree_rma,fixed,1000000,20,128,13056,13055,0,233152,20.0004,11657.4,8724299
aurora,hierarchical_lockfree_rma,fixed,1000000,20,128,896,895,-1,14448,20.0001,722.398,8726988
aurora,hierarchical_lockfree_rma,fixed,1000000,20,128,896,895,0,14573,20.0001,728.648,8726988
aurora,hierarchical_lockfree_rma,fixed,1000000,20,16,112,111,-1,1805,20.0001,90.2497,8726922
aurora,hierarchical_lockfree_rma,fixed,1000000,20,16,112,111,0,1805,20.0001,90.2497,8726922
aurora,hierarchical_lockfree_rma,fixed,1000000,20,16,1632,1631,-1,30685,20.0001,1534.24,8724299
aurora,hierarchical_lockfree_rma,fixed,1000000,20,16,1632,1631,0,30685,20.0002,1534.24,8724299
aurora,hierarchical_lockfree_rma,fixed,1000000,20,2,14,13,-1,209,20.0001,10.45,8726784
aurora,hierarchical_lockfree_rma,fixed,1000000,20,2,14,13,0,209,20,10.45,8726784
aurora,hierarchical_lockfree_rma,fixed,1000000,20,2,204,203,-1,3819,20.0001,190.949,8724299
aurora,hierarchical_lockfree_rma,fixed,1000000,20,2,204,203,0,3780,20.0001,188.999,8724299
aurora,hierarchical_lockfree_rma,fixed,1000000,20,2048,14336,14335,-1,232576,20.0003,11628.6,8727256
aurora,hierarchical_lockfree_rma,fixed,1000000,20,2048,14336,14335,0,233453,20.0023,11671.3,8727256
aurora,hierarchical_lockfree_rma,fixed,1000000,20,2048,208896,208895,-1,2937093,20.0018,146841,8716881
aurora,hierarchical_lockfree_rma,fixed,1000000,20,2048,208896,208895,0,3654683,20.0014,182721,8716881
aurora,hierarchical_lockfree_rma,fixed,1000000,20,256,1792,1791,-1,28960,20,1448,8727074
aurora,hierarchical_lockfree_rma,fixed,1000000,20,256,1792,1791,0,29165,20.0002,1458.24,8724299
aurora,hierarchical_lockfree_rma,fixed,1000000,20,256,26112,26111,-1,465397,20.0006,23269.2,8716884
aurora,hierarchical_lockfree_rma,fixed,1000000,20,256,26112,26111,0,465550,20.001,23276.4,8716884
aurora,hierarchical_lockfree_rma,fixed,1000000,20,32,224,223,-1,3629,20.0001,181.449,8726922
aurora,hierarchical_lockfree_rma,fixed,1000000,20,32,224,223,0,3629,20.0001,181.45,8726922
aurora,hierarchical_lockfree_rma,fixed,1000000,20,32,3264,3263,-1,60131,20.0002,3006.52,8724299
aurora,hierarchical_lockfree_rma,fixed,1000000,20,32,3264,3263,0,58436,20.0001,2921.79,8724299
aurora,hierarchical_lockfree_rma,fixed,1000000,20,4,28,27,-1,437,20,21.85,8726840
aurora,hierarchical_lockfree_rma,fixed,1000000,20,4,28,27,0,437,20.0001,21.8499,8726840
aurora,hierarchical_lockfree_rma,fixed,1000000,20,4,408,407,-1,7657,20.0001,382.848,8724299
aurora,hierarchical_lockfree_rma,fixed,1000000,20,4,408,407,0,7657,20.0001,382.849,8724299
aurora,hierarchical_lockfree_rma,fixed,1000000,20,512,3584,3583,-1,58000,20.0001,2899.98,8717251
aurora,hierarchical_lockfree_rma,fixed,1000000,20,512,3584,3583,0,58349,20.0002,2917.42,8717251
aurora,hierarchical_lockfree_rma,fixed,1000000,20,512,52224,52223,-1,930379,20.0011,46516.3,8716883
aurora,hierarchical_lockfree_rma,fixed,1000000,20,512,52224,52223,0,932365,20.0015,46614.7,8716883
aurora,hierarchical_lockfree_rma,fixed,1000000,20,64,448,447,-1,7184,20.0001,359.199,8726988
aurora,hierarchical_lockfree_rma,fixed,1000000,20,64,448,447,0,7277,20.0001,363.848,8726988
aurora,hierarchical_lockfree_rma,fixed,1000000,20,64,6528,6527,-1,116233,20.0001,5811.61,8727900
aurora,hierarchical_lockfree_rma,fixed,1000000,20,64,6528,6527,0,117127,20.0001,5856.31,8724299
aurora,hierarchical_lockfree_rma,fixed,1000000,20,8,56,55,-1,893,20.0001,44.6498,8726840
aurora,hierarchical_lockfree_rma,fixed,1000000,20,8,56,55,0,893,20.0001,44.6498,8726840
aurora,hierarchical_lockfree_rma,fixed,1000000,20,8,816,815,-1,14580,20.0001,728.998,8724299
aurora,hierarchical_lockfree_rma,fixed,1000000,20,8,816,815,0,14884,20.0001,744.196,8724299
aurora,hierarchical_lockfree_rma,random,10,20,1,102,101,-1,1836300,20.0001,91814.8,8720105
aurora,hierarchical_lockfree_rma,random,10,20,1,102,101,0,1835800,20.0001,91789.6,8720105
aurora,hierarchical_lockfree_rma,random,10,20,1,7,6,-1,387560,20.0001,19377.9,8726413
aurora,hierarchical_lockfree_rma,random,10,20,1,7,6,0,379895,20,18994.7,8726413
aurora,hierarchical_lockfree_rma,random,10,20,1024,104448,104447,-1,368190656,20.0006,1.8409e+07,8716877
aurora,hierarchical_lockfree_rma,random,10,20,1024,104448,104447,0,199565055,20.0014,9.97756e+06,8716877
aurora,hierarchical_lockfree_rma,random,10,20,1024,7168,7167,-1,298775532,20.0005,1.49384e+07,8717246
aurora,hierarchical_lockfree_rma,random,10,20,1024,7168,7167,0,36684889,20.0005,1.8342e+06,8717246
aurora,hierarchical_lockfree_rma,random,10,20,128,13056,13055,-1,62981126,20.0009,3.14892e+06,8722053
aurora,hierarchical_lockfree_rma,random,10,20,128,13056,13055,0,254000000,20.0001,1.26999e+07,8722053
aurora,hierarchical_lockfree_rma,random,10,20,128,896,895,-1,53907452,20.0001,2.69535e+06,8726685
aurora,hierarchical_lockfree_rma,random,10,20,128,896,895,0,30602814,20.0001,1.53013e+06,8726685
aurora,hierarchical_lockfree_rma,random,10,20,16,112,111,-1,12961786,20.0001,648086,8726596
aurora,hierarchical_lockfree_rma,random,10,20,16,112,111,0,12977000,20.0001,648847,8726596
aurora,hierarchical_lockfree_rma,random,10,20,16,1632,1631,-1,31364644,20.0003,1.56821e+06,8721974
aurora,hierarchical_lockfree_rma,random,10,20,16,1632,1631,0,31507361,20.0005,1.57533e+06,8721974
aurora,hierarchical_lockfree_rma,random,10,20,2,14,13,-1,1299804,20.0001,64990,8726413
aurora,hierarchical_lockfree_rma,random,10,20,2,14,13,0,1299075,20.0001,64953.4,8726413
aurora,hierarchical_lockfree_rma,random,10,20,2,204,203,-1,4614333,20.0002,230714,8720105
aurora,hierarchical_lockfree_rma,random,10,20,2,204,203,0,4659822,20.0002,232989,8720105
aurora,hierarchical_lockfree_rma,random,10,20,2048,14336,14335,-1,398100794,20.0001,1.9905e+07,8727255
aurora,hierarchical_lockfree_rma,random,10,20,2048,14336,14335,0,32230919,20.0013,1.61144e+06,8727255
aurora,hierarchical_lockfree_rma,random,10,20,2048,208896,208895,-1,328936950,20.003,1.64443e+07,8716876
aurora,hierarchical_lockfree_rma,random,10,20,2048,208896,208895,0,95798981,20.0018,4.78952e+06,8716876
aurora,hierarchical_lockfree_rma,random,10,20,256,1792,1791,-1,110690088,20.0009,5.53424e+06,8727074
aurora,hierarchical_lockfree_rma,random,10,20,256,1792,1791,0,37858283,20.0005,1.89286e+06,8717248
aurora,hierarchical_lockfree_rma,random,10,20,256,26112,26111,-1,122681366,20.0007,6.13384e+06,8725864
aurora,hierarchical_lockfree_rma,random,10,20,256,26112,26111,0,322695227,20.001,1.6134e+07,8725864
aurora,hierarchical_lockfree_rma,random,10,20,32,224,223,-1,14058941,20,702946,8726596
aurora,hierarchical_lockfree_rma,random,10,20,32,224,223,0,14127665,20.0001,706381,8726596
aurora,hierarchical_lockfree_rma,random,10,20,32,3264,3263,-1,80375535,20.0004,4.01869e+06,8721974
aurora,hierarchical_lockfree_rma,random,10,20,32,3264,3263,0,80480561,20.0005,4.02393e+06,8721974
aurora,hierarchical_lockfree_rma,random,10,20,4,28,27,-1,3472125,20.0001,173605,8726516
aurora,hierarchical_lockfree_rma,random,10,20,4,28,27,0,3469335,20.0001,173466,8726516
aurora,hierarchical_lockfree_rma,random,10,20,4,408,407,-1,8947912,20.0004,447387,8720342
aurora,hierarchical_lockfree_rma,random,10,20,4,408,407,0,8952704,20.0004,447627,8720342
aurora,hierarchical_lockfree_rma,random,10,20,512,3584,3583,-1,152046605,20.0001,7.60229e+06,8717247
aurora,hierarchical_lockfree_rma,random,10,20,512,3584,3583,0,39909245,20.0018,1.99528e+06,8717247
aurora,hierarchical_lockfree_rma,random,10,20,512,52224,52223,-1,225102775,20.0011,1.12545e+07,8716878
aurora,hierarchical_lockfree_rma,random,10,20,512,52224,52223,0,252807944,20.0012,1.26396e+07,8716878
aurora,hierarchical_lockfree_rma,random,10,20,64,448,447,-1,34098096,20.0001,1.7049e+06,8726685
aurora,hierarchical_lockfree_rma,random,10,20,64,448,447,0,21980368,20,1.09902e+06,8726685
aurora,hierarchical_lockfree_rma,random,10,20,64,6528,6527,-1,37041917,20.0007,1.85203e+06,8727900
aurora,hierarchical_lockfree_rma,random,10,20,64,6528,6527,0,170800247,20.0007,8.53972e+06,8722053
aurora,hierarchical_lockfree_rma,random,10,20,8,56,55,-1,6897717,20,344885,8726516
aurora,hierarchical_lockfree_rma,random,10,20,8,56,55,0,6902563,20.0001,345126,8726516
aurora,hierarchical_lockfree_rma,random,10,20,8,816,815,-1,17902178,20.0007,895079,8720342
aurora,hierarchical_lockfree_rma,random,10,20,8,816,815,0,17812071,20.0006,890575,8720342
aurora,hierarchical_lockfree_rma,random,10,30,128,13056,13055,16,74930366,31.0943,2.40978e+06,8712100
aurora,hierarchical_lockfree_rma,random,10,30,128,13056,13055,2,2939921,30.0453,97849.7,8712100
aurora,hierarchical_lockfree_rma,random,10,30,128,13056,13055,32,74930455,31.1542,2.40515e+06,8712100
aurora,hierarchical_lockfree_rma,random,10,30,128,13056,13055,4,6898694,30.1014,229182,8712100
aurora,hierarchical_lockfree_rma,random,10,30,128,13056,13055,64,46914614,30.8098,1.52272e+06,8712100
aurora,hierarchical_lockfree_rma,random,10,30,128,13056,13055,8,12245022,30.1774,405768,8712100
aurora,hierarchical_lockfree_rma,random,100,20,1,102,101,-1,1956599,20.0001,97829.6,8720105
aurora,hierarchical_lockfree_rma,random,100,20,1,102,101,0,1963592,20.0001,98179.1,8720105
aurora,hierarchical_lockfree_rma,random,100,20,1,7,6,-1,404600,20,20230,8726413
aurora,hierarchical_lockfree_rma,random,100,20,1,7,6,0,386710,20.0001,19335.4,8726413
aurora,hierarchical_lockfree_rma,random,100,20,1024,104448,104447,-1,378988536,20.0009,1.89486e+07,8716877
aurora,hierarchical_lockfree_rma,random,100,20,1024,104448,104447,0,195878613,20.0018,9.79304e+06,8716877
aurora,hierarchical_lockfree_rma,random,100,20,1024,7168,7167,-1,286000000,20.0112,1.4292e+07,8727075
aurora,hierarchical_lockfree_rma,random,100,20,1024,7168,7167,0,36147304,20.0014,1.80724e+06,8717246
aurora,hierarchical_lockfree_rma,random,100,20,128,13056,13055,-1,61371831,20.0013,3.06839e+06,8722053
aurora,hierarchical_lockfree_rma,random,100,20,128,13056,13055,0,266000000,20.0066,1.32956e+07,8722053
aurora,hierarchical_lockfree_rma,random,100,20,128,896,895,-1,50209326,20.0001,2.51045e+06,8726685
aurora,hierarchical_lockfree_rma,random,100,20,128,896,895,0,31032683,20.0005,1.5516e+06,8726685
aurora,hierarchical_lockfree_rma,random,100,20,16,112,111,-1,12010549,20.0001,600525,8726596
aurora,hierarchical_lockfree_rma,random,100,20,16,112,111,0,12013456,20.0001,600671,8726596
aurora,hierarchical_lockfree_rma,random,100,20,16,1632,1631,-1,31316612,20.0003,1.56581e+06,8721974
aurora,hierarchical_lockfree_rma,random,100,20,16,1632,1631,0,31474451,20.0006,1.57368e+06,8721974
aurora,hierarchical_lockfree_rma,random,100,20,2,14,13,-1,1303033,20,65151.6,8726413
aurora,hierarchical_lockfree_rma,random,100,20,2,14,13,0,1300410,20.0001,65020.2,8726413
aurora,hierarchical_lockfree_rma,random,100,20,2,204,203,-1,4786958,20.0002,239345,8720105
aurora,hierarchical_lockfree_rma,random,100,20,2,204,203,0,4871283,20.0003,243561,8720105
aurora,hierarchical_lockfree_rma,random,100,20,2048,14336,14335,-1,395897487,20.0012,1.97936e+07,8727255
aurora,hierarchical_lockfree_rma,random,100,20,2048,14336,14335,0,33271344,20.0031,1.66331e+06,8727255
aurora,hierarchical_lockfree_rma,random,100,20,2048,208896,208895,-1,346000000,20.0143,1.72876e+07,8716876
aurora,hierarchical_lockfree_rma,random,100,20,2048,208896,208895,0,102650730,20.0006,5.13238e+06,8716876
aurora,hierarchical_lockfree_rma,random,100,20,256,1792,1791,-1,102087000,20.0067,5.10264e+06,8727074
aurora,hierarchical_lockfree_rma,random,100,20,256,1792,1791,0,38830868,20.0011,1.94143e+06,8717248
aurora,hierarchical_lockfree_rma,random,100,20,256,26112,26111,-1,122873650,20.0009,6.14341e+06,8725864
aurora,hierarchical_lockfree_rma,random,100,20,256,26112,26111,0,321856103,20.0016,1.60915e+07,8725864
aurora,hierarchical_lockfree_rma,random,100,20,32,224,223,-1,14477013,20.0001,723846,8726596
aurora,hierarchical_lockfree_rma,random,100,20,32,224,223,0,14455565,20.0001,722773,8726596
aurora,hierarchical_lockfree_rma,random,100,20,32,3264,3263,-1,84723271,20.0007,4.23601e+06,8721974
aurora,hierarchical_lockfree_rma,random,100,20,32,3264,3263,0,84067840,20.0001,4.20338e+06,8721974
aurora,hierarchical_lockfree_rma,random,100,20,4,28,27,-1,3211975,20.0001,160598,8726516
aurora,hierarchical_lockfree_rma,random,100,20,4,28,27,0,3224474,20.0001,161223,8726516
aurora,hierarchical_lockfree_rma,random,100,20,4,408,407,-1,9126754,20.0002,456333,8720342
aurora,hierarchical_lockfree_rma,random,100,20,4,408,407,0,9098173,20.0002,454903,8720342
aurora,hierarchical_lockfree_rma,random,100,20,512,3584,3583,-1,152997281,20.0008,7.64957e+06,8717247
aurora,hierarchical_lockfree_rma,random,100,20,512,3584,3583,0,43023297,20.0009,2.15107e+06,8717247
aurora,hierarchical_lockfree_rma,random,100,20,512,52224,52223,-1,234000000,20.0096,1.16944e+07,8716878
aurora,hierarchical_lockfree_rma,random,100,20,512,52224,52223,0,257194222,20.001,1.28591e+07,8716878
aurora,hierarchical_lockfree_rma,random,100,20,64,448,447,-1,31432375,20.0001,1.57161e+06,8726685
aurora,hierarchical_lockfree_rma,random,100,20,64,448,447,0,21858251,20.0004,1.09289e+06,8726685
aurora,hierarchical_lockfree_rma,random,100,20,64,6528,6527,-1,34229935,20.0002,1.71148e+06,8727900
aurora,hierarchical_lockfree_rma,random,100,20,64,6528,6527,0,177169137,20.0011,8.85796e+06,8722053
aurora,hierarchical_lockfree_rma,random,100,20,8,56,55,-1,6684359,20,334217,8726516
aurora,hierarchical_lockfree_rma,random,100,20,8,56,55,0,6681267,20.0001,334062,8726516
aurora,hierarchical_lockfree_rma,random,100,20,8,816,815,-1,18627996,20.0007,931367,8720342
aurora,hierarchical_lockfree_rma,random,100,20,8,816,815,0,18700841,20.0007,935012,8720342
aurora,hierarchical_lockfree_rma,random,1000,20,1,102,101,-1,1461762,20.0001,73087.6,8720105
aurora,hierarchical_lockfree_rma,random,1000,20,1,102,101,0,1438122,20.0001,71905.9,8720105
aurora,hierarchical_lockfree_rma,random,1000,20,1,7,6,-1,95118,20,4755.9,8726413
aurora,hierarchical_lockfree_rma,random,1000,20,1,7,6,0,95031,20,4751.54,8726413
aurora,hierarchical_lockfree_rma,random,1000,20,1024,104448,104447,-1,386222805,20.0005,1.93107e+07,8716877
aurora,hierarchical_lockfree_rma,random,1000,20,1024,104448,104447,0,223895542,20.0027,1.11933e+07,8716877
aurora,hierarchical_lockfree_rma,random,1000,20,1024,7168,7167,-1,107378412,20.0011,5.36863e+06,8727075
aurora,hierarchical_lockfree_rma,random,1000,20,1024,7168,7167,0,42000000,20.0146,2.09847e+06,8717246
aurora,hierarchical_lockfree_rma,random,1000,20,128,13056,13055,-1,61050571,20.001,3.05237e+06,8722053
aurora,hierarchical_lockfree_rma,random,1000,20,128,13056,13055,0,213034368,20.001,1.06512e+07,8722053
aurora,hierarchical_lockfree_rma,random,1000,20,128,896,895,-1,14145712,20.0006,707264,8726685
aurora,hierarchical_lockfree_rma,random,1000,20,128,896,895,0,14832009,20.0006,741579,8726685
aurora,hierarchical_lockfree_rma,random,1000,20,16,112,111,-1,1804227,20.0001,90210.8,8726596
aurora,hierarchical_lockfree_rma,random,1000,20,16,112,111,0,1803636,20.0001,90181.2,8726596
aurora,hierarchical_lockfree_rma,random,1000,20,16,1632,1631,-1,27716064,20.0014,1.3857e+06,8721974
aurora,hierarchical_lockfree_rma,random,1000,20,16,1632,1631,0,27714972,20.0015,1.38565e+06,8721974
aurora,hierarchical_lockfree_rma,random,1000,20,2,14,13,-1,208863,20.0001,10443.1,8726413
aurora,hierarchical_lockfree_rma,random,1000,20,2,14,13,0,208819,20.0001,10440.9,8726413
aurora,hierarchical_lockfree_rma,random,1000,20,2,204,203,-1,3670337,20.0001,183516,8720105
aurora,hierarchical_lockfree_rma,random,1000,20,2,204,203,0,3681593,20.0001,184079,8720105
aurora,hierarchical_lockfree_rma,random,1000,20,2048,14336,14335,-1,203026912,20.0007,1.0151e+07,8727255
aurora,hierarchical_lockfree_rma,random,1000,20,2048,14336,14335,0,39397876,20.0027,1.96963e+06,8727255
aurora,hierarchical_lockfree_rma,random,1000,20,2048,208896,208895,-1,338400704,20.0008,1.69193e+07,8716876
aurora,hierarchical_lockfree_rma,random,1000,20,2048,208896,208895,0,94620639,20.0016,4.73065e+06,8716876
aurora,hierarchical_lockfree_rma,random,1000,20,256,1792,1791,-1,28191601,20.0011,1.4095e+06,8727074
aurora,hierarchical_lockfree_rma,random,1000,20,256,1792,1791,0,29611057,20.0008,1.4805e+06,8717248
aurora,hierarchical_lockfree_rma,random,1000,20,256,26112,26111,-1,114219174,20.0005,5.71082e+06,8725864
aurora,hierarchical_lockfree_rma,random,1000,20,256,26112,26111,0,242666906,20.0007,1.21329e+07,8725864
aurora,hierarchical_lockfree_rma,random,1000,20,32,224,223,-1,3648458,20.0002,182421,8726596
aurora,hierarchical_lockfree_rma,random,1000,20,32,224,223,0,3648763,20.0002,182436,8726596
aurora,hierarchical_lockfree_rma,random,1000,20,32,3264,3263,-1,59514435,20.0014,2.97552e+06,8721974
aurora,hierarchical_lockfree_rma,random,1000,20,32,3264,3263,0,59525038,20.0014,2.97604e+06,8721974
aurora,hierarchical_lockfree_rma,random,1000,20,4,28,27,-1,432867,20,21643.3,8726516
aurora,hierarchical_lockfree_rma,random,1000,20,4,28,27,0,432781,20.0001,21639,8726516
aurora,hierarchical_lockfree_rma,random,1000,20,4,408,407,-1,6963587,20.0001,348177,8720342
aurora,hierarchical_lockfree_rma,random,1000,20,4,408,407,0,6979272,20.0001,348962,8720342
aurora,hierarchical_lockfree_rma,random,1000,20,512,3584,3583,-1,55665077,20.0013,2.78307e+06,8717247
aurora,hierarchical_lockfree_rma,random,1000,20,512,3584,3583,0,43874183,20.0015,2.19355e+06,8717247
aurora,hierarchical_lockfree_rma,random,1000,20,512,52224,52223,-1,254713856,20.001,1.2735e+07,8716878
aurora,hierarchical_lockfree_rma,random,1000,20,512,52224,52223,0,320000000,20.0159,1.59873e+07,8716878
aurora,hierarchical_lockfree_rma,random,1000,20,64,448,447,-1,7108900,20.0003,355439,8726685
aurora,hierarchical_lockfree_rma,random,1000,20,64,448,447,0,7366959,20.0002,368345,8726685
aurora,hierarchical_lockfree_rma,random,1000,20,64,6528,6527,-1,36296896,20.0003,1.81482e+06,8727900
aurora,hierarchical_lockfree_rma,random,1000,20,64,6528,6527,0,117089009,20.001,5.85415e+06,8722053
aurora,hierarchical_lockfree_rma,random,1000,20,8,56,55,-1,885911,20,44295.5,8726516
aurora,hierarchical_lockfree_rma,random,1000,20,8,56,55,0,886107,20,44305.3,8726516
aurora,hierarchical_lockfree_rma,random,1000,20,8,816,815,-1,13456324,20.0004,672804,8720342
aurora,hierarchical_lockfree_rma,random,1000,20,8,816,815,0,13443894,20.0004,672181,8720342
aurora,hierarchical_lockfree_rma,random,1000,30,128,13056,13055,16,74905238,31.1069,2.408e+06,8712100
aurora,hierarchical_lockfree_rma,random,1000,30,128,13056,13055,2,2893198,30.0461,96291.9,8712100
aurora,hierarchical_lockfree_rma,random,1000,30,128,13056,13055,32,74836678,31.1547,2.4021e+06,8712100
aurora,hierarchical_lockfree_rma,random,1000,30,128,13056,13055,4,7516856,30.1065,249675,8712100
aurora,hierarchical_lockfree_rma,random,1000,30,128,13056,13055,64,51934464,30.8426,1.68385e+06,8712100
aurora,hierarchical_lockfree_rma,random,1000,30,128,13056,13055,8,13822927,30.2025,457676,8712100
aurora,hierarchical_lockfree_rma,random,10000,20,1,102,101,-1,154825,20.0001,7741.22,8720105
aurora,hierarchical_lockfree_rma,random,10000,20,1,102,101,0,154337,20.1771,7649.1,8720105
aurora,hierarchical_lockfree_rma,random,10000,20,1,7,6,-1,9862,20.0001,493.098,8726413
aurora,hierarchical_lockfree_rma,random,10000,20,1,7,6,0,9851,20,492.549,8726413
aurora,hierarchical_lockfree_rma,random,10000,20,1024,104448,104447,-1,158000000,20.0018,7.89928e+06,8716877
aurora,hierarchical_lockfree_rma,random,10000,20,1024,104448,104447,0,143312833,20.0014,7.16515e+06,8716877
aurora,hierarchical_lockfree_rma,random,10000,20,1024,7168,7167,-1,11904517,20.0016,595177,8727075
aurora,hierarchical_lockfree_rma,random,10000,20,1024,7168,7167,0,12009142,20.0006,600440,8717246
aurora,hierarchical_lockfree_rma,random,10000,20,128,13056,13055,-1,24781066,20.0008,1.239e+06,8722053
aurora,hierarchical_lockfree_rma,random,10000,20,128,13056,13055,0,25003655,20.0012,1.25011e+06,8722053
aurora,hierarchical_lockfree_rma,random,10000,20,128,896,895,-1,1503485,20.0006,75172.1,8726685
aurora,hierarchical_lockfree_rma,random,10000,20,128,896,895,0,1519848,20.0006,75990.2,8726685
aurora,hierarchical_lockfree_rma,random,10000,20,16,112,111,-1,188724,20.0001,9436.15,8726596
aurora,hierarchical_lockfree_rma,random,10000,20,16,112,111,0,188323,20.0001,9416.08,8726596
aurora,hierarchical_lockfree_rma,random,10000,20,16,1632,1631,-1,3191567,20.0014,159567,8721974
aurora,hierarchical_lockfree_rma,random,10000,20,16,1632,1631,0,3191792,20.0015,159578,8721974
aurora,hierarchical_lockfree_rma,random,10000,20,2,14,13,-1,21907,20.0001,1095.35,8726413
aurora,hierarchical_lockfree_rma,random,10000,20,2,14,13,0,21862,20.0001,1093.1,8726413
aurora,hierarchical_lockfree_rma,random,10000,20,2,204,203,-1,397765,20.0003,19888,8720105
aurora,hierarchical_lockfree_rma,random,10000,20,2,204,203,0,397064,20.0002,19853,8720105
aurora,hierarchical_lockfree_rma,random,10000,20,2048,14336,14335,-1,23168369,20.001,1.15836e+06,8727255
aurora,hierarchical_lockfree_rma,random,10000,20,2048,14336,14335,0,23580622,20.002,1.17891e+06,8727255
aurora,hierarchical_lockfree_rma,random,10000,20,2048,208896,208895,-1,244584019,20.0009,1.22286e+07,8716876
aurora,hierarchical_lockfree_rma,random,10000,20,2048,208896,208895,0,174000000,20.0018,8.69921e+06,8716876
aurora,hierarchical_lockfree_rma,random,10000,20,256,1792,1791,-1,3016064,20.001,150796,8727074
aurora,hierarchical_lockfree_rma,random,10000,20,256,1792,1791,0,3046040,20.0013,152292,8717248
aurora,hierarchical_lockfree_rma,random,10000,20,256,26112,26111,-1,47787500,20.0016,2.38918e+06,8725864
aurora,hierarchical_lockfree_rma,random,10000,20,256,26112,26111,0,48699088,20.0008,2.43486e+06,8725864
aurora,hierarchical_lockfree_rma,random,10000,20,32,224,223,-1,378441,20.0002,18921.9,8726596
aurora,hierarchical_lockfree_rma,random,10000,20,32,224,223,0,378187,20.0002,18909.1,8726596
aurora,hierarchical_lockfree_rma,random,10000,20,32,3264,3263,-1,6364475,20.0004,318217,8721974
aurora,hierarchical_lockfree_rma,random,10000,20,32,3264,3263,0,6365602,20.0004,318274,8721974
aurora,hierarchical_lockfree_rma,random,10000,20,4,28,27,-1,45539,20,2276.95,8726516
aurora,hierarchical_lockfree_rma,random,10000,20,4,28,27,0,45540,20.0001,2276.99,8726516
aurora,hierarchical_lockfree_rma,random,10000,20,4,408,407,-1,796176,20.0005,39807.8,8720342
aurora,hierarchical_lockfree_rma,random,10000,20,4,408,407,0,797100,20.0004,39854.2,8720342
aurora,hierarchical_lockfree_rma,random,10000,20,512,3584,3583,-1,6000190,20.0001,300008,8717247
aurora,hierarchical_lockfree_rma,random,10000,20,512,3584,3583,0,6061147,20.0001,303056,8717247
aurora,hierarchical_lockfree_rma,random,10000,20,512,52224,52223,-1,89921853,20.0017,4.49572e+06,8716878
aurora,hierarchical_lockfree_rma,random,10000,20,512,52224,52223,0,92156585,20.0007,4.60767e+06,8716878
aurora,hierarchical_lockfree_rma,random,10000,20,64,448,447,-1,754451,20.0003,37722,8726685
aurora,hierarchical_lockfree_rma,random,10000,20,64,448,447,0,759531,20.0003,37976,8726685
aurora,hierarchical_lockfree_rma,random,10000,20,64,6528,6527,-1,12601905,20.0005,630080,8727900
aurora,hierarchical_lockfree_rma,random,10000,20,64,6528,6527,0,12662542,20.0006,633109,8722053
aurora,hierarchical_lockfree_rma,random,10000,20,8,56,55,-1,93029,20.0001,4651.43,8726516
aurora,hierarchical_lockfree_rma,random,10000,20,8,56,55,0,92927,20.0001,4646.33,8726516
aurora,hierarchical_lockfree_rma,random,10000,20,8,816,815,-1,1592041,20.001,79598.2,8720342
aurora,hierarchical_lockfree_rma,random,10000,20,8,816,815,0,1592646,20.0007,79629.5,8720342
aurora,hierarchical_lockfree_rma,random,100000,20,1,102,101,-1,18126,20,906.299,8724299
aurora,hierarchical_lockfree_rma,random,100000,20,1,102,101,0,18244,20.0002,912.193,8724299
aurora,hierarchical_lockfree_rma,random,100000,20,1,7,6,-1,970,20.0001,48.4997,8726413
aurora,hierarchical_lockfree_rma,random,100000,20,1,7,6,0,1011,20,50.5499,8726413
aurora,hierarchical_lockfree_rma,random,100000,20,1024,104448,104447,-1,17873664,20.0018,893601,8716877
aurora,hierarchical_lockfree_rma,random,100000,20,1024,104448,104447,0,18009150,20.002,900366,8716877
aurora,hierarchical_lockfree_rma,random,100000,20,1024,7168,7167,-1,1190868,20.001,59540.4,8727075
aurora,hierarchical_lockfree_rma,random,100000,20,1024,7168,7167,0,1206066,20.002,60297.3,8717246
aurora,hierarchical_lockfree_rma,random,100000,20,128,13056,13055,-1,2516378,20.0005,125816,8722053
aurora,hierarchical_lockfree_rma,random,100000,20,128,13056,13055,0,2524241,20.0007,126207,8722053
aurora,hierarchical_lockfree_rma,random,100000,20,128,896,895,-1,149229,20.0004,7461.32,8726685
aurora,hierarchical_lockfree_rma,random,100000,20,128,896,895,0,150291,20.0004,7514.39,8726685
aurora,hierarchical_lockfree_rma,random,100000,20,16,112,111,-1,18879,20,943.949,8726596
aurora,hierarchical_lockfree_rma,random,100000,20,16,112,111,0,18524,20.0001,926.194,8726596
aurora,hierarchical_lockfree_rma,random,100000,20,16,1632,1631,-1,319465,20.0004,15973,8724299
aurora,hierarchical_lockfree_rma,random,100000,20,16,1632,1631,0,319657,20.0004,15982.6,8724299
aurora,hierarchical_lockfree_rma,random,100000,20,2,14,13,-1,2203,20.0001,110.15,8726413
aurora,hierarchical_lockfree_rma,random,100000,20,2,14,13,0,2166,20.0001,108.299,8726413
aurora,hierarchical_lockfree_rma,random,100000,20,2,204,203,-1,39778,20.0002,1988.88,8724299
aurora,hierarchical_lockfree_rma,random,100000,20,2,204,203,0,39506,20.0001,1975.29,8724299
aurora,hierarchical_lockfree_rma,random,100000,20,2048,14336,14335,-1,2310001,20.0003,115498,8727255
aurora,hierarchical_lockfree_rma,random,100000,20,2048,14336,14335,0,2361721,20.0024,118072,8727255
aurora,hierarchical_lockfree_rma,random,100000,20,2048,208896,208895,-1,31589871,20.002,1.57933e+06,8716876
aurora,hierarchical_lockfree_rma,random,100000,20,2048,208896,208895,0,32415163,20.0024,1.62056e+06,8716876
aurora,hierarchical_lockfree_rma,random,100000,20,256,1792,1791,-1,297810,20.0003,14890.3,8727074
aurora,hierarchical_lockfree_rma,random,100000,20,256,1792,1791,0,302037,20.0003,15101.6,8717248
aurora,hierarchical_lockfree_rma,random,100000,20,256,26112,26111,-1,4944663,20.0011,247220,8725864
aurora,hierarchical_lockfree_rma,random,100000,20,256,26112,26111,0,4991149,20.0014,249539,8725864
aurora,hierarchical_lockfree_rma,random,100000,20,32,224,223,-1,37543,20.0001,1877.14,8726596
aurora,hierarchical_lockfree_rma,random,100000,20,32,224,223,0,37861,20.0002,1893.03,8726596
aurora,hierarchical_lockfree_rma,random,100000,20,32,3264,3263,-1,639632,20.0007,31980.5,8721974
aurora,hierarchical_lockfree_rma,random,100000,20,32,3264,3263,0,638499,20.0007,31923.8,8721974
aurora,hierarchical_lockfree_rma,random,100000,20,4,28,27,-1,4541,20,227.05,8726516
aurora,hierarchical_lockfree_rma,random,100000,20,4,28,27,0,4610,20.0001,230.499,8726516
aurora,hierarchical_lockfree_rma,random,100000,20,4,408,407,-1,79893,20.0001,3994.63,8724299
aurora,hierarchical_lockfree_rma,random,100000,20,4,408,407,0,79770,20.0001,3988.48,8724299
aurora,hierarchical_lockfree_rma,random,100000,20,512,3584,3583,-1,594360,20.0005,29717.3,8717247
aurora,hierarchical_lockfree_rma,random,100000,20,512,3584,3583,0,604344,20.0011,30215.6,8717247
aurora,hierarchical_lockfree_rma,random,100000,20,512,52224,52223,-1,9608288,20.0017,480374,8716878
aurora,hierarchical_lockfree_rma,random,100000,20,512,52224,52223,0,9726659,20.0017,486292,8716878
aurora,hierarchical_lockfree_rma,random,100000,20,64,448,447,-1,75084,20.0002,3754.17,8726685
aurora,hierarchical_lockfree_rma,random,100000,20,64,448,447,0,74824,20.0003,3741.15,8726685
aurora,hierarchical_lockfree_rma,random,100000,20,64,6528,6527,-1,1273200,20.0012,63656.3,8727900
aurora,hierarchical_lockfree_rma,random,100000,20,64,6528,6527,0,1277552,20.0013,63873.5,8722053
aurora,hierarchical_lockfree_rma,random,100000,20,8,56,55,-1,9330,20.0001,466.498,8726516
aurora,hierarchical_lockfree_rma,random,100000,20,8,56,55,0,9347,20,467.35,8726516
aurora,hierarchical_lockfree_rma,random,100000,20,8,816,815,-1,159679,20.0003,7983.85,8724299
aurora,hierarchical_lockfree_rma,random,100000,20,8,816,815,0,159470,20.0002,7973.42,8724299
aurora,hierarchical_lockfree_rma,random,1000000,20,1,102,101,-1,1840,20.0001,91.9996,8724299
aurora,hierarchical_lockfree_rma,random,1000000,20,1,102,101,0,1862,20,93.0998,8724299
aurora,hierarchical_lockfree_rma,random,1000000,20,1,7,6,-1,101,20.0001,5.04998,8726413
aurora,hierarchical_lockfree_rma,random,1000000,20,1,7,6,0,106,20,5.29999,8726413
aurora,hierarchical_lockfree_rma,random,1000000,20,1024,104448,104447,-1,1760787,20.0016,88032.2,8716877
aurora,hierarchical_lockfree_rma,random,1000000,20,1024,104448,104447,0,1837669,20.0019,91874.8,8716877
aurora,hierarchical_lockfree_rma,random,1000000,20,1024,7168,7167,-1,96779,20.0001,4838.93,8727075
aurora,hierarchical_lockfree_rma,random,1000000,20,1024,7168,7167,0,102738,20.0004,5136.79,8717246
aurora,hierarchical_lockfree_rma,random,1000000,20,128,13056,13055,-1,230692,20.0003,11534.4,8724299
aurora,hierarchical_lockfree_rma,random,1000000,20,128,13056,13055,0,228644,20.0004,11431.9,8724299
aurora,hierarchical_lockfree_rma,random,1000000,20,128,896,895,-1,12404,20,620.199,8726685
aurora,hierarchical_lockfree_rma,random,1000000,20,128,896,895,0,12801,20,640.049,8726685
aurora,hierarchical_lockfree_rma,random,1000000,20,16,112,111,-1,1745,20.0001,87.2498,8726596
aurora,hierarchical_lockfree_rma,random,1000000,20,16,112,111,0,1805,20.0001,90.2496,8726596
aurora,hierarchical_lockfree_rma,random,1000000,20,16,1632,1631,-1,29265,20.0001,1463.24,8724299
aurora,hierarchical_lockfree_rma,random,1000000,20,16,1632,1631,0,29263,20.0001,1463.14,8724299
aurora,hierarchical_lockfree_rma,random,1000000,20,2,14,13,-1,204,20.0001,10.2,8726413
aurora,hierarchical_lockfree_rma,random,1000000,20,2,14,13,0,230,20,11.5,8726413
aurora,hierarchical_lockfree_rma,random,1000000,20,2,204,203,-1,3782,20.0001,189.099,8724299
aurora,hierarchical_lockfree_rma,random,1000000,20,2,204,203,0,3816,20.0001,190.799,8724299
aurora,hierarchical_lockfree_rma,random,1000000,20,2048,14336,14335,-1,193647,20.0003,9682.22,8727255
aurora,hierarchical_lockfree_rma,random,1000000,20,2048,14336,14335,0,206971,20.0007,10348.2,8727255
aurora,hierarchical_lockfree_rma,random,1000000,20,2048,208896,208895,-1,2760166,20.0021,137993,8716876
aurora,hierarchical_lockfree_rma,random,1000000,20,2048,208896,208895,0,2621918,20.0031,131075,8716876
aurora,hierarchical_lockfree_rma,random,1000000,20,256,1792,1791,-1,24909,20,1245.45,8727074
aurora,hierarchical_lockfree_rma,random,1000000,20,256,1792,1791,0,26441,20.0001,1322.04,8724299
aurora,hierarchical_lockfree_rma,random,1000000,20,256,26112,26111,-1,457031,20.0006,22850.9,8725864
aurora,hierarchical_lockfree_rma,random,1000000,20,256,26112,26111,0,456802,20.001,22839,8725864
aurora,hierarchical_lockfree_rma,random,1000000,20,32,224,223,-1,3421,20,171.05,8726596
aurora,hierarchical_lockfree_rma,random,1000000,20,32,224,223,0,3335,20.0001,166.749,8726596
aurora,hierarchical_lockfree_rma,random,1000000,20,32,3264,3263,-1,58249,20.0001,2912.44,8724299
aurora,hierarchical_lockfree_rma,random,1000000,20,32,3264,3263,0,57542,20.0002,2877.07,8724299
aurora,hierarchical_lockfree_rma,random,1000000,20,4,28,27,-1,424,20,21.2,8726516
aurora,hierarchical_lockfree_rma,random,1000000,20,4,28,27,0,414,20.0001,20.6999,8726516
aurora,hierarchical_lockfree_rma,random,1000000,20,4,408,407,-1,7308,20.0001,365.398,8724299
aurora,hierarchical_lockfree_rma,random,1000000,20,4,408,407,0,7338,20.0001,366.899,8724299
aurora,hierarchical_lockfree_rma,random,1000000,20,512,3584,3583,-1,48196,20.0001,2409.79,8717247
aurora,hierarchical_lockfree_rma,random,1000000,20,512,3584,3583,0,51807,20.0006,2590.27,8717247
aurora,hierarchical_lockfree_rma,random,1000000,20,512,52224,52223,-1,884884,20.0012,44241.7,8716878
aurora,hierarchical_lockfree_rma,random,1000000,20,512,52224,52223,0,912797,20.0018,45635.8,8716878
aurora,hierarchical_lockfree_rma,random,1000000,20,64,448,447,-1,6340,20.0001,316.999,8726685
aurora,hierarchical_lockfree_rma,random,1000000,20,64,448,447,0,6700,20.0001,334.997,8726685
aurora,hierarchical_lockfree_rma,random,1000000,20,64,6528,6527,-1,116391,20.0002,5819.5,8727900
aurora,hierarchical_lockfree_rma,random,1000000,20,64,6528,6527,0,116430,20.0001,5821.46,8724299
aurora,hierarchical_lockfree_rma,random,1000000,20,8,56,55,-1,835,20.0001,41.7498,8726516
aurora,hierarchical_lockfree_rma,random,1000000,20,8,56,55,0,876,20,43.7999,8726516
aurora,hierarchical_lockfree_rma,random,1000000,20,8,816,815,-1,14714,20.0001,735.698,8724299
aurora,hierarchical_lockfree_rma,random,1000000,20,8,816,815,0,14714,20,735.698,8724299
aurora,lockfree_rma,fixed,10,20,1,102,101,-1,113875,20,5693.74,8722229
aurora,lockfree_rma,fixed,10,20,1,7,6,-1,184188,20.0001,9209.35,8726784
aurora,lockfree_rma,fixed,10,20,1024,104448,104447,0,417613,20.2291,20644.2,8716882
aurora,lockfree_rma,fixed,10,20,1024,7168,7167,-1,7234110,20.0092,361539,8725867
aurora,lockfree_rma,fixed,10,20,128,13056,13055,-1,3236521,20.0037,161796,8722487
aurora,lockfree_rma,fixed,10,20,128,896,895,-1,7805502,20.0012,390251,8726988
aurora,lockfree_rma,fixed,10,20,16,112,111,-1,5028300,20.0002,251412,8726922
aurora,lockfree_rma,fixed,10,20,16,1632,1631,-1,4413584,20.0026,220651,8722441
aurora,lockfree_rma,fixed,10,20,2,14,13,-1,1065057,20,53252.8,8726784
aurora,lockfree_rma,fixed,10,20,2,204,203,-1,3769960,20.0003,188495,8722229
aurora,lockfree_rma,fixed,10,20,2048,14336,14335,-1,7124235,20.0121,355996,8727256
aurora,lockfree_rma,fixed,10,20,2048,208896,208895,0,1271109,20.4645,62113,8716881
aurora,lockfree_rma,fixed,10,20,256,1792,1791,0,7262671,20.001,363115,8717252
aurora,lockfree_rma,fixed,10,20,256,26112,26111,0,2045258,20.1255,101625,8716884
aurora,lockfree_rma,fixed,10,20,32,224,223,-1,6438575,20.0002,321926,8726922
aurora,lockfree_rma,fixed,10,20,32,3264,3263,-1,4214141,20.0056,210648,8722441
aurora,lockfree_rma,fixed,10,20,4,28,27,-1,2442400,20.0001,122120,8726840
aurora,lockfree_rma,fixed,10,20,4,408,407,-1,4935928,20.0003,246792,8722331
aurora,lockfree_rma,fixed,10,20,512,3584,3583,0,7204854,20.0012,360221,8717251
aurora,lockfree_rma,fixed,10,20,512,52224,52223,0,2092229,20.0442,104381,8716883
aurora,lockfree_rma,fixed,10,20,64,448,447,-1,7486715,20.0006,374325,8726988
aurora,lockfree_rma,fixed,10,20,64,6528,6527,-1,3902831,20.0165,194981,8722487
aurora,lockfree_rma,fixed,10,20,8,56,55,-1,3527935,20.0001,176396,8726840
aurora,lockfree_rma,fixed,10,20,8,816,815,-1,5141996,20.0003,257097,8722331
aurora,lockfree_rma,fixed,100,20,1,102,101,-1,120061,20,6003.04,8722229
aurora,lockfree_rma,fixed,100,20,1,7,6,-1,179616,20,8980.78,8726784
aurora,lockfree_rma,fixed,100,20,1024,104448,104447,0,104697,20.3675,5140.39,8716882
aurora,lockfree_rma,fixed,100,20,1024,7168,7167,-1,7404586,20.0039,370157,8725867
aurora,lockfree_rma,fixed,100,20,128,13056,13055,-1,3179265,20.0254,158762,8722487
aurora,lockfree_rma,fixed,100,20,128,896,895,-1,7857674,20.0016,392853,8726988
aurora,lockfree_rma,fixed,100,20,16,112,111,-1,4885815,20,244291,8726922
aurora,lockfree_rma,fixed,100,20,16,1632,1631,-1,4287049,20.0049,214300,8722441
aurora,lockfree_rma,fixed,100,20,2,14,13,-1,877820,20,43891,8726784
aurora,lockfree_rma,fixed,100,20,2,204,203,-1,3857101,20.0002,192853,8722229
aurora,lockfree_rma,fixed,100,20,2048,14336,14335,-1,6929168,20.0093,346297,8727256
aurora,lockfree_rma,fixed,100,20,2048,208896,208895,0,1404856,20.4168,68808.7,8716881
aurora,lockfree_rma,fixed,100,20,256,1792,1791,0,7347724,20.0019,367351,8717252
aurora,lockfree_rma,fixed,100,20,256,26112,26111,0,2129649,20.008,106440,8716884
aurora,lockfree_rma,fixed,100,20,32,224,223,-1,6530322,20.0002,326512,8726922
aurora,lockfree_rma,fixed,100,20,32,3264,3263,-1,4268975,20.0016,213432,8722441
aurora,lockfree_rma,fixed,100,20,4,28,27,-1,1903873,20,95193.6,8726840
aurora,lockfree_rma,fixed,100,20,4,408,407,-1,4875088,20.0006,243747,8722331
aurora,lockfree_rma,fixed,100,20,512,3584,3583,0,7154398,20.0052,357627,8717251
aurora,lockfree_rma,fixed,100,20,512,52224,52223,0,2103787,20.0881,104728,8716883
aurora,lockfree_rma,fixed,100,20,64,448,447,-1,7629567,20.0001,381477,8726988
aurora,lockfree_rma,fixed,100,20,64,6528,6527,-1,3914647,20.0058,195676,8722487
aurora,lockfree_rma,fixed,100,20,8,56,55,-1,3143887,20.0001,157194,8726840
aurora,lockfree_rma,fixed,100,20,8,816,815,-1,5253001,20.0008,262639,8722331
aurora,lockfree_rma,fixed,1000,20,1,102,101,-1,109233,20.0001,5461.63,8722229
aurora,lockfree_rma,fixed,1000,20,1,7,6,-1,92712,20.0001,4635.59,8726784
aurora,lockfree_rma,fixed,1000,20,1024,104448,104447,0,781830,20.3559,38408,8716882
aurora,lockfree_rma,fixed,1000,20,1024,7168,7167,-1,7077993,20.0059,353795,8725867
aurora,lockfree_rma,fixed,1000,20,128,13056,13055,-1,3614229,20.0361,180385,8722487
aurora,lockfree_rma,fixed,1000,20,128,896,895,-1,7277192,20.0007,363847,8726988
aurora,lockfree_rma,fixed,1000,20,16,112,111,-1,2010197,20,100510,8726922
aurora,lockfree_rma,fixed,1000,20,16,1632,1631,-1,4318108,20.0037,215865,8722441
aurora,lockfree_rma,fixed,1000,20,2,14,13,-1,226933,20.0001,11346.6,8726784
aurora,lockfree_rma,fixed,1000,20,2,204,203,-1,1756973,20.0002,87847.6,8722229
aurora,lockfree_rma,fixed,1000,20,2048,14336,14335,-1,6814140,20.0007,340696,8727256
aurora,lockfree_rma,fixed,1000,20,2048,208896,208895,0,1402610,20.1093,69749.5,8716881
aurora,lockfree_rma,fixed,1000,20,256,1792,1791,0,6587968,20.001,329382,8717252
aurora,lockfree_rma,fixed,1000,20,256,26112,26111,0,2084073,20.0423,103984,8716884
aurora,lockfree_rma,fixed,1000,20,32,224,223,-1,3515024,20.0003,175749,8726922
aurora,lockfree_rma,fixed,1000,20,32,3264,3263,-1,4251916,20.0004,212592,8722441
aurora,lockfree_rma,fixed,1000,20,4,28,27,-1,473021,20.0001,23651,8726840
aurora,lockfree_rma,fixed,1000,20,4,408,407,-1,3856043,20.0003,192799,8722331
aurora,lockfree_rma,fixed,1000,20,512,3584,3583,0,6904625,20.0047,345149,8717251
aurora,lockfree_rma,fixed,1000,20,512,52224,52223,0,2156254,20.0104,107757,8716883
aurora,lockfree_rma,fixed,1000,20,64,448,447,-1,5932000,20.0003,296596,8726988
aurora,lockfree_rma,fixed,1000,20,64,6528,6527,-1,3988594,20.0084,199346,8722487
aurora,lockfree_rma,fixed,1000,20,8,56,55,-1,956426,20.0001,47821.1,8726840
aurora,lockfree_rma,fixed,1000,20,8,816,815,-1,5017100,20.0005,250849,8722331
aurora,lockfree_rma,fixed,10000,20,1,102,101,-1,132486,20.0001,6624.25,8722229
aurora,lockfree_rma,fixed,10000,20,1,7,6,-1,11789,20,589.45,8726784
aurora,lockfree_rma,fixed,10000,20,1024,104448,104447,0,655770,20.1636,32522.5,8716882
aurora,lockfree_rma,fixed,10000,20,1024,7168,7167,-1,6311890,20.0022,315560,8725867
aurora,lockfree_rma,fixed,10000,20,128,13056,13055,-1,3519062,20.0209,175769,8722487
aurora,lockfree_rma,fixed,10000,20,128,896,895,-1,1679234,20.0007,83958.8,8726988
aurora,lockfree_rma,fixed,10000,20,16,112,111,-1,219801,20.0002,10990,8726922
aurora,lockfree_rma,fixed,10000,20,16,1632,1631,-1,2354925,20.0007,117742,8722441
aurora,lockfree_rma,fixed,10000,20,2,14,13,-1,25653,20.0001,1282.65,8726784
aurora,lockfree_rma,fixed,10000,20,2,204,203,-1,361025,20.0003,18051,8722229
aurora,lockfree_rma,fixed,10000,20,2048,14336,14335,-1,6344187,20.011,317035,8727256
aurora,lockfree_rma,fixed,10000,20,2048,208896,208895,0,1281636,20.3556,62962.4,8716881
aurora,lockfree_rma,fixed,10000,20,256,1792,1791,0,2933888,20.0009,146688,8717252
aurora,lockfree_rma,fixed,10000,20,256,26112,26111,0,2034811,20.0434,101520,8716884
aurora,lockfree_rma,fixed,10000,20,32,224,223,-1,441575,20.0003,22078.4,8726922
aurora,lockfree_rma,fixed,10000,20,32,3264,3263,-1,3950056,20.0037,197467,8722441
aurora,lockfree_rma,fixed,10000,20,4,28,27,-1,53299,20.0001,2664.93,8726840
aurora,lockfree_rma,fixed,10000,20,4,408,407,-1,732521,20.0005,36625.2,8722331
aurora,lockfree_rma,fixed,10000,20,512,3584,3583,0,5287224,20.0017,264339,8717251
aurora,lockfree_rma,fixed,10000,20,512,52224,52223,0,2031891,20.0557,101312,8716883
aurora,lockfree_rma,fixed,10000,20,64,448,447,-1,881739,20.0004,44086.2,8726988
aurora,lockfree_rma,fixed,10000,20,64,6528,6527,-1,3861221,20.0081,192983,8722487
aurora,lockfree_rma,fixed,10000,20,8,56,55,-1,108585,20.0001,5429.23,8726840
aurora,lockfree_rma,fixed,10000,20,8,816,815,-1,1455875,20.0006,72791.6,8722331
aurora,lockfree_rma,fixed,100000,20,1,102,101,-1,17789,20,889.449,8724299
aurora,lockfree_rma,fixed,100000,20,1,7,6,-1,1194,20.0001,59.6997,8726784
aurora,lockfree_rma,fixed,100000,20,1024,104448,104447,0,251011,20.0791,12501.1,8716882
aurora,lockfree_rma,fixed,100000,20,1024,7168,7167,-1,1386890,20.0007,69342.2,8725867
aurora,lockfree_rma,fixed,100000,20,128,13056,13055,-1,1994349,20.0192,99621.9,8722487
aurora,lockfree_rma,fixed,100000,20,128,896,895,-1,178105,20.0001,8905.2,8726988
aurora,lockfree_rma,fixed,100000,20,16,112,111,-1,22089,20.0001,1104.45,8726922
aurora,lockfree_rma,fixed,100000,20,16,1632,1631,-1,324478,20.0002,16223.8,8724299
aurora,lockfree_rma,fixed,100000,20,2,14,13,-1,2587,20.0001,129.35,8726784
aurora,lockfree_rma,fixed,100000,20,2,204,203,-1,40397,20.0001,2019.84,8724299
aurora,lockfree_rma,fixed,100000,20,2048,14336,14335,-1,2562493,20.0005,128122,8727256
aurora,lockfree_rma,fixed,100000,20,2048,208896,208895,0,1401912,20.3256,68972.8,8716881
aurora,lockfree_rma,fixed,100000,20,256,1792,1791,0,356409,20.0002,17820.3,8717252
aurora,lockfree_rma,fixed,100000,20,256,26112,26111,0,3439940,20.003,171971,8716884
aurora,lockfree_rma,fixed,100000,20,32,224,223,-1,44377,20.0001,2218.84,8726922
aurora,lockfree_rma,fixed,100000,20,32,3264,3263,-1,644780,20.0006,32238.1,8722441
aurora,lockfree_rma,fixed,100000,20,4,28,27,-1,5373,20,268.649,8726840
aurora,lockfree_rma,fixed,100000,20,4,408,407,-1,80993,20.0001,4049.63,8724299
aurora,lockfree_rma,fixed,100000,20,512,3584,3583,0,709146,20.0003,35456.7,8717251
aurora,lockfree_rma,fixed,100000,20,512,52224,52223,0,2085742,20.078,103882,8716883
aurora,lockfree_rma,fixed,100000,20,64,448,447,-1,88953,20.0001,4447.63,8726988
aurora,lockfree_rma,fixed,100000,20,64,6528,6527,-1,1203036,20.0008,60149.3,8722487
aurora,lockfree_rma,fixed,100000,20,8,56,55,-1,10945,20.0001,547.248,8726840
aurora,lockfree_rma,fixed,100000,20,8,816,815,-1,162164,20.0001,8108.17,8724299
aurora,lockfree_rma,fixed,1000000,20,1,102,101,-1,1919,20.0001,95.9497,8724299
aurora,lockfree_rma,fixed,1000000,20,1,7,6,-1,114,20.0001,5.69998,8726784
aurora,lockfree_rma,fixed,1000000,20,1024,104448,104447,0,1849087,20.0009,92450.1,8716882
aurora,lockfree_rma,fixed,1000000,20,1024,7168,7167,-1,136173,20.0001,6808.61,8725867
aurora,lockfree_rma,fixed,1000000,20,128,13056,13055,-1,243914,20.0002,12195.6,8724299
aurora,lockfree_rma,fixed,1000000,20,128,896,895,-1,17005,20,850.248,8726988
aurora,lockfree_rma,fixed,1000000,20,16,112,111,-1,2109,20.0001,105.449,8726922
aurora,lockfree_rma,fixed,1000000,20,16,1632,1631,-1,30849,20,1542.45,8724299
aurora,lockfree_rma,fixed,1000000,20,2,14,13,-1,247,20,12.35,8726784
aurora,lockfree_rma,fixed,1000000,20,2,204,203,-1,3814,20.0106,190.599,8724299
aurora,lockfree_rma,fixed,1000000,20,2048,14336,14335,-1,272365,20.0001,13618.2,8727256
aurora,lockfree_rma,fixed,1000000,20,2048,208896,208895,0,606257,20.3085,29852.3,8716881
aurora,lockfree_rma,fixed,1000000,20,256,1792,1791,0,34029,20,1701.45,8717252
aurora,lockfree_rma,fixed,1000000,20,256,26112,26111,0,479433,20.0002,23971.4,8716884
aurora,lockfree_rma,fixed,1000000,20,32,224,223,-1,4237,20,211.85,8726922
aurora,lockfree_rma,fixed,1000000,20,32,3264,3263,-1,61212,20,3060.59,8724299
aurora,lockfree_rma,fixed,1000000,20,4,28,27,-1,513,20.0001,25.6499,8726840
aurora,lockfree_rma,fixed,1000000,20,4,408,407,-1,7706,20.0001,385.299,8724299
aurora,lockfree_rma,fixed,1000000,20,512,3584,3583,0,68077,20.0001,3403.83,8717251
aurora,lockfree_rma,fixed,1000000,20,512,52224,52223,0,960329,20.0006,48015.1,8716883
aurora,lockfree_rma,fixed,1000000,20,64,448,447,-1,8493,20.0001,424.648,8726988
aurora,lockfree_rma,fixed,1000000,20,64,6528,6527,-1,122870,20.0002,6143.45,8724299
aurora,lockfree_rma,fixed,1000000,20,8,56,55,-1,1045,20.0001,52.2498,8726840
aurora,lockfree_rma,fixed,1000000,20,8,816,815,-1,15396,20,769.799,8724299
aurora,lockfree_rma,random,10,20,1,102,101,-1,124581,20.0001,6229.03,8720105
aurora,lockfree_rma,random,10,20,1,7,6,-1,167543,20,8377.14,8726413
aurora,lockfree_rma,random,10,20,1024,104448,104447,0,104700,20.069,5216.99,8716877
aurora,lockfree_rma,random,10,20,1024,7168,7167,0,7377092,20.002,368818,8717246
aurora,lockfree_rma,random,10,20,128,13056,13055,-1,3237890,20.0024,161875,8722053
aurora,lockfree_rma,random,10,20,128,896,895,-1,7709339,20.001,385447,8726685
aurora,lockfree_rma,random,10,20,16,112,111,-1,5031112,20.0002,251553,8726596
aurora,lockfree_rma,random,10,20,16,1632,1631,-1,4562679,20.0055,228072,8721974
aurora,lockfree_rma,random,10,20,2,14,13,-1,902590,20,45129.5,8726413
aurora,lockfree_rma,random,10,20,2,204,203,-1,3669183,20.0003,183457,8720105
aurora,lockfree_rma,random,10,20,2048,14336,14335,-1,7190835,20.0154,359265,8727255
aurora,lockfree_rma,random,10,20,2048,208896,208895,0,1280290,20.2404,63254.3,8716876
aurora,lockfree_rma,random,10,20,256,1792,1791,0,7380878,20.0024,369000,8717248
aurora,lockfree_rma,random,10,20,256,26112,26111,-1,2026238,20.041,101105,8725864
aurora,lockfree_rma,random,10,20,32,224,223,-1,6456781,20.0004,322833,8726596
aurora,lockfree_rma,random,10,20,32,3264,3263,-1,4530134,20.0035,226467,8721974
aurora,lockfree_rma,random,10,20,4,28,27,-1,2615592,20,130779,8726516
aurora,lockfree_rma,random,10,20,4,408,407,-1,4797000,20.0009,239839,8720342
aurora,lockfree_rma,random,10,20,512,3584,3583,0,7443486,20.0033,372113,8717247
aurora,lockfree_rma,random,10,20,512,52224,52223,0,2098974,20.0395,104742,8716878
aurora,lockfree_rma,random,10,20,64,448,447,-1,7486169,20.0004,374302,8726685
aurora,lockfree_rma,random,10,20,64,6528,6527,-1,3627909,20.003,181368,8722053
aurora,lockfree_rma,random,10,20,8,56,55,-1,3667351,20.0001,183367,8726516
aurora,lockfree_rma,random,10,20,8,816,815,-1,4947890,20.0001,247393,8720342
aurora,lockfree_rma,random,100,20,1,102,101,-1,115731,20.0001,5786.52,8720105
aurora,lockfree_rma,random,100,20,1,7,6,-1,175681,20,8784.03,8726413
aurora,lockfree_rma,random,100,20,1024,104448,104447,0,626177,20.2722,30888.4,8716877
aurora,lockfree_rma,random,100,20,1024,7168,7167,0,7031621,20.0103,351400,8717246
aurora,lockfree_rma,random,100,20,128,13056,13055,-1,3005776,20.0269,150087,8722053
aurora,lockfree_rma,random,100,20,128,896,895,-1,7701964,20.0011,385077,8726685
aurora,lockfree_rma,random,100,20,16,112,111,-1,4601941,20,230097,8726596
aurora,lockfree_rma,random,100,20,16,1632,1631,-1,4643273,20.0017,232144,8721974
aurora,lockfree_rma,random,100,20,2,14,13,-1,727957,20,36397.8,8726413
aurora,lockfree_rma,random,100,20,2,204,203,-1,3627616,20.0004,181377,8720105
aurora,lockfree_rma,random,100,20,2048,14336,14335,-1,6831208,20.0013,341538,8727625
aurora,lockfree_rma,random,100,20,2048,208896,208895,0,1121531,20.4898,54736.1,8716876
aurora,lockfree_rma,random,100,20,256,1792,1791,0,7220345,20.0001,361015,8717248
aurora,lockfree_rma,random,100,20,256,26112,26111,-1,2114698,20.1001,105208,8725864
aurora,lockfree_rma,random,100,20,32,224,223,-1,6358033,20.0003,317897,8726596
aurora,lockfree_rma,random,100,20,32,3264,3263,-1,4374744,20.0058,218673,8721974
aurora,lockfree_rma,random,100,20,4,28,27,-1,1779629,20,88981.3,8726516
aurora,lockfree_rma,random,100,20,4,408,407,-1,4772335,20.0009,238605,8720342
aurora,lockfree_rma,random,100,20,512,3584,3583,0,7321127,20.0047,365971,8717247
aurora,lockfree_rma,random,100,20,512,52224,52223,0,2100099,20.1012,104477,8716878
aurora,lockfree_rma,random,100,20,64,448,447,-1,7581930,20.0007,379083,8726685
aurora,lockfree_rma,random,100,20,64,6528,6527,-1,3609587,20.0057,180428,8722053
aurora,lockfree_rma,random,100,20,8,56,55,-1,2979078,20.0001,148953,8726516
aurora,lockfree_rma,random,100,20,8,816,815,-1,4858479,20.0017,242903,8720342
aurora,lockfree_rma,random,1000,20,1,102,101,-1,101096,20.0001,5054.77,8720105
aurora,lockfree_rma,random,1000,20,1,7,6,-1,90847,20.0001,4542.34,8726413
aurora,lockfree_rma,random,1000,20,1024,104448,104447,0,521762,20.0108,26074,8716877
aurora,lockfree_rma,random,1000,20,1024,7168,7167,0,7055552,20.0102,352598,8717246
aurora,lockfree_rma,random,1000,20,128,13056,13055,-1,3057390,20.0641,152381,8722053
aurora,lockfree_rma,random,1000,20,128,896,895,-1,7346022,20.0005,367292,8726685
aurora,lockfree_rma,random,1000,20,16,112,111,-1,1905083,20.0001,95253.5,8726596
aurora,lockfree_rma,random,1000,20,16,1632,1631,-1,4515760,20.0032,225752,8721974
aurora,lockfree_rma,random,1000,20,2,14,13,-1,212580,20.0001,10629,8726413
aurora,lockfree_rma,random,1000,20,2,204,203,-1,1718886,20.0002,85943.4,8720105
aurora,lockfree_rma,random,1000,20,2048,14336,14335,-1,6731967,20.0019,336566,8727255
aurora,lockfree_rma,random,1000,20,2048,208896,208895,0,1244021,20.3221,61215.3,8716876
aurora,lockfree_rma,random,1000,20,256,1792,1791,0,7163521,20.0018,358144,8717248
aurora,lockfree_rma,random,1000,20,256,26112,26111,-1,2143825,20.0182,107094,8725864
aurora,lockfree_rma,random,1000,20,32,224,223,-1,3433069,20.0001,171653,8726596
aurora,lockfree_rma,random,1000,20,32,3264,3263,-1,4267792,20.0028,213360,8721974
aurora,lockfree_rma,random,1000,20,4,28,27,-1,464432,20.0001,23221.5,8726516
aurora,lockfree_rma,random,1000,20,4,408,407,-1,3792248,20.0002,189611,8720342
aurora,lockfree_rma,random,1000,20,512,3584,3583,0,7246487,20.0024,362280,8717247
aurora,lockfree_rma,random,1000,20,512,52224,52223,0,2307093,20.0004,115352,8716878
aurora,lockfree_rma,random,1000,20,64,448,447,-1,5733332,20.0005,286660,8726685
aurora,lockfree_rma,random,1000,20,64,6528,6527,-1,3595150,20.0053,179710,8722053
aurora,lockfree_rma,random,1000,20,8,56,55,-1,969255,20.0001,48462.6,8726516
aurora,lockfree_rma,random,1000,20,8,816,815,-1,4881897,20.0014,244078,8720342
aurora,lockfree_rma,random,10000,20,1,102,101,-1,88041,20.0167,4398.38,8720105
aurora,lockfree_rma,random,10000,20,1,7,6,-1,11815,20,590.75,8726413
aurora,lockfree_rma,random,10000,20,1024,104448,104447,0,730134,20.1435,36246.6,8716877
aurora,lockfree_rma,random,10000,20,1024,7168,7167,0,6575869,20.0063,328689,8717246
aurora,lockfree_rma,random,10000,20,128,13056,13055,-1,3101757,20.0253,154892,8722053
aurora,lockfree_rma,random,10000,20,128,896,895,-1,1736448,20.0007,86819.3,8726685
aurora,lockfree_rma,random,10000,20,16,112,111,-1,218179,20.0002,10908.9,8726596
aurora,lockfree_rma,random,10000,20,16,1632,1631,-1,2913425,20.0012,145662,8721974
aurora,lockfree_rma,random,10000,20,2,14,13,-1,25348,20,1267.4,8726413
aurora,lockfree_rma,random,10000,20,2,204,203,-1,307192,20.0002,15359.5,8720105
aurora,lockfree_rma,random,10000,20,2048,14336,14335,-1,6638690,20.0034,331877,8727255
aurora,lockfree_rma,random,10000,20,2048,208896,208895,0,1122780,20.4377,54936.7,8716876
aurora,lockfree_rma,random,10000,20,256,1792,1791,0,3186169,20.0012,159299,8717248
aurora,lockfree_rma,random,10000,20,256,26112,26111,-1,2130082,20.1426,105750,8725864
aurora,lockfree_rma,random,10000,20,32,224,223,-1,436643,20.0002,21831.9,8726596
aurora,lockfree_rma,random,10000,20,32,3264,3263,-1,4140869,20.0004,207039,8721974
aurora,lockfree_rma,random,10000,20,4,28,27,-1,52985,20,2649.24,8726516
aurora,lockfree_rma,random,10000,20,4,408,407,-1,696517,20.0004,34825.2,8720342
aurora,lockfree_rma,random,10000,20,512,3584,3583,0,5817805,20.0017,290866,8717247
aurora,lockfree_rma,random,10000,20,512,52224,52223,0,2252927,20.0911,112136,8716878
aurora,lockfree_rma,random,10000,20,64,448,447,-1,877599,20.0005,43878.8,8726685
aurora,lockfree_rma,random,10000,20,64,6528,6527,-1,3875931,20.004,193758,8722053
aurora,lockfree_rma,random,10000,20,8,56,55,-1,107366,20.0001,5368.27,8726516
aurora,lockfree_rma,random,10000,20,8,816,815,-1,1458274,20.0006,72911.5,8720342
aurora,lockfree_rma,random,100000,20,1,102,101,-1,18046,20,902.298,8724299
aurora,lockfree_rma,random,100000,20,1,7,6,-1,1171,20.0001,58.5498,8726413
aurora,lockfree_rma,random,100000,20,1024,104448,104447,0,570128,20.2951,28091.9,8716877
aurora,lockfree_rma,random,100000,20,1024,7168,7167,0,1414841,20.0006,70740.1,8717246
aurora,lockfree_rma,random,100000,20,128,13056,13055,-1,2290937,20.0003,114545,8722053
aurora,lockfree_rma,random,100000,20,128,896,895,-1,177443,20.0001,8872.12,8726685
aurora,lockfree_rma,random,100000,20,16,112,111,-1,22038,20,1101.9,8726596
aurora,lockfree_rma,random,100000,20,16,1632,1631,-1,323205,20.0002,16160.1,8724299
aurora,lockfree_rma,random,100000,20,2,14,13,-1,2575,20.0001,128.749,8726413
aurora,lockfree_rma,random,100000,20,2,204,203,-1,40192,20,2009.6,8724299
aurora,lockfree_rma,random,100000,20,2048,14336,14335,-1,2789165,20.0008,139453,8727255
aurora,lockfree_rma,random,100000,20,2048,208896,208895,0,1288454,20.1202,64037.8,8716876
aurora,lockfree_rma,random,100000,20,256,1792,1791,0,354739,20.0002,17736.8,8717248
aurora,lockfree_rma,random,100000,20,256,26112,26111,-1,2829131,20.0189,141323,8725864
aurora,lockfree_rma,random,100000,20,32,224,223,-1,44260,20,2213,8726596
aurora,lockfree_rma,random,100000,20,32,3264,3263,-1,646379,20.0003,32318.4,8721974
aurora,lockfree_rma,random,100000,20,4,28,27,-1,5410,20.0001,270.499,8726516
aurora,lockfree_rma,random,100000,20,4,408,407,-1,80745,20.0001,4037.23,8724299
aurora,lockfree_rma,random,100000,20,512,3584,3583,0,709092,20.0003,35454,8717247
aurora,lockfree_rma,random,100000,20,512,52224,52223,0,1972235,20.0322,98453.3,8716878
aurora,lockfree_rma,random,100000,20,64,448,447,-1,88564,20.0001,4428.17,8726685
aurora,lockfree_rma,random,100000,20,64,6528,6527,-1,1287352,20.0006,64365.6,8722053
aurora,lockfree_rma,random,100000,20,8,56,55,-1,10882,20,544.1,8726516
aurora,lockfree_rma,random,100000,20,8,816,815,-1,161750,20.0002,8087.43,8724299
aurora,lockfree_rma,random,1000000,20,1,102,101,-1,1884,20,94.1999,8724299
aurora,lockfree_rma,random,1000000,20,1,7,6,-1,117,20.0001,5.84998,8726413
aurora,lockfree_rma,random,1000000,20,1024,104448,104447,0,1801083,20.0413,89868.8,8716877
aurora,lockfree_rma,random,1000000,20,1024,7168,7167,0,133177,20.0001,6658.83,8717246
aurora,lockfree_rma,random,1000000,20,128,13056,13055,-1,239121,20.0829,11906.7,8724299
aurora,lockfree_rma,random,1000000,20,128,896,895,-1,16692,20.0001,834.598,8726685
aurora,lockfree_rma,random,1000000,20,16,112,111,-1,2106,20.0001,105.299,8726596
aurora,lockfree_rma,random,1000000,20,16,1632,1631,-1,29998,20,1499.9,8724299
aurora,lockfree_rma,random,1000000,20,2,14,13,-1,260,20.0001,12.9999,8726413
aurora,lockfree_rma,random,1000000,20,2,204,203,-1,3762,20,188.1,8724299
aurora,lockfree_rma,random,1000000,20,2048,14336,14335,-1,266461,20.0001,13323,8727255
aurora,lockfree_rma,random,1000000,20,2048,208896,208895,0,483668,20.0138,24166.7,8716876
aurora,lockfree_rma,random,1000000,20,256,1792,1791,0,33435,20.0001,1671.74,8717248
aurora,lockfree_rma,random,1000000,20,256,26112,26111,-1,469432,20.0003,23471.3,8725864
aurora,lockfree_rma,random,1000000,20,32,224,223,-1,4202,20,210.1,8726596
aurora,lockfree_rma,random,1000000,20,32,3264,3263,-1,59369,20.0001,2968.44,8724299
aurora,lockfree_rma,random,1000000,20,4,28,27,-1,499,20,24.95,8726516
aurora,lockfree_rma,random,1000000,20,4,408,407,-1,7648,20.0001,382.399,8724299
aurora,lockfree_rma,random,1000000,20,512,3584,3583,0,66553,20.0001,3327.63,8717247
aurora,lockfree_rma,random,1000000,20,512,52224,52223,0,933379,20.086,46469,8716878
aurora,lockfree_rma,random,1000000,20,64,448,447,-1,8372,20.0001,418.598,8726685
aurora,lockfree_rma,random,1000000,20,64,6528,6527,-1,119523,20.0001,5976.12,8724299
aurora,lockfree_rma,random,1000000,20,8,56,55,-1,1038,20.0001,51.8997,8726516
aurora,lockfree_rma,random,1000000,20,8,816,815,-1,15060,20.0066,752.751,8724299
aurora,naive,fixed,10,20,1,102,101,-1,11673719,20.0006,583669,8722229
aurora,naive,fixed,10,20,1,7,6,-1,8857489,20.0001,442873,8726784
aurora,naive,fixed,10,20,1024,104448,104447,0,14396285,20.8167,691574,8716882
aurora,naive,fixed,10,20,1024,7168,7167,0,15266901,20.0412,761775,8717250
aurora,naive,fixed,10,20,128,13056,13055,-1,10004231,20.0413,499180,8722487
aurora,naive,fixed,10,20,128,896,895,-1,15537525,20.0041,776718,8726988
aurora,naive,fixed,10,20,16,112,111,-1,15145036,20.0004,757235,8726922
aurora,naive,fixed,10,20,16,1632,1631,-1,6344501,20.335,311999,8722441
aurora,naive,fixed,10,20,2,14,13,-1,15635648,20.0001,781780,8726784
aurora,naive,fixed,10,20,2,204,203,-1,8441013,20.0007,422036,8722229
aurora,naive,fixed,10,20,2048,14336,14335,0,15260756,20.0746,760201,8717249
aurora,naive,fixed,10,20,2048,208896,208895,0,11360584,22.6162,502322,8716881
aurora,naive,fixed,10,20,256,1792,1791,0,15705665,20.0102,784882,8717252
aurora,naive,fixed,10,20,256,26112,26111,0,12171966,20.5208,593153,8716884
aurora,naive,fixed,10,20,32,224,223,-1,15441327,20.0013,772014,8726922
aurora,naive,fixed,10,20,32,3264,3263,-1,6979242,20.3676,342663,8722441
aurora,naive,fixed,10,20,4,28,27,-1,15528857,20.0001,776438,8726840
aurora,naive,fixed,10,20,4,408,407,-1,8775521,20.0642,437373,8722331
aurora,naive,fixed,10,20,512,3584,3583,0,15137544,20.0191,756157,8717251
aurora,naive,fixed,10,20,512,52224,52223,0,13801592,20.3913,676839,8716883
aurora,naive,fixed,10,20,64,448,447,-1,15385246,20.0017,769196,8726988
aurora,naive,fixed,10,20,64,6528,6527,-1,9387609,20.0126,469085,8722487
aurora,naive,fixed,10,20,8,56,55,-1,15432445,20.0002,771614,8726840
aurora,naive,fixed,10,20,8,816,815,-1,10097478,20.002,504824,8722331
aurora,naive,fixed,100,20,1,102,101,-1,11814794,20.0004,590727,8722229
aurora,naive,fixed,100,20,1,7,6,-1,1160055,20.0003,58001.8,8726784
aurora,naive,fixed,100,20,1024,104448,104447,0,12006303,20.8161,576780,8716882
aurora,naive,fixed,100,20,1024,7168,7167,-1,13654013,20.03,681679,8725867
aurora,naive,fixed,100,20,128,13056,13055,-1,10928945,20.0402,545352,8722487
aurora,naive,fixed,100,20,128,896,895,-1,13895990,20.0051,694624,8726988
aurora,naive,fixed,100,20,16,112,111,-1,13915375,20.0006,695748,8726922
aurora,naive,fixed,100,20,16,1632,1631,-1,7104032,20.0049,355115,8722441
aurora,naive,fixed,100,20,2,14,13,-1,2483528,20.0004,124174,8726784
aurora,naive,fixed,100,20,2,204,203,-1,8855340,20.0006,442754,8722229
aurora,naive,fixed,100,20,2048,14336,14335,-1,13521228,20.0597,674050,8727256
aurora,naive,fixed,100,20,2048,208896,208895,0,10991934,21.9934,499782,8716881
aurora,naive,fixed,100,20,256,1792,1791,0,13980169,20.0076,698742,8717252
aurora,naive,fixed,100,20,256,26112,26111,0,10740453,20.1568,532845,8716884
aurora,naive,fixed,100,20,32,224,223,-1,13883699,20.0013,694138,8726922
aurora,naive,fixed,100,20,32,3264,3263,-1,7287772,20.0289,363862,8722441
aurora,naive,fixed,100,20,4,28,27,-1,4975172,20.0004,248754,8726840
aurora,naive,fixed,100,20,4,408,407,-1,10169145,20.0009,508433,8722331
aurora,naive,fixed,100,20,512,3584,3583,0,13970981,20.0141,698058,8717251
aurora,naive,fixed,100,20,512,52224,52223,0,13570917,20.4755,662789,8716883
aurora,naive,fixed,100,20,64,448,447,-1,13952728,20.0025,697549,8726988
aurora,naive,fixed,100,20,64,6528,6527,-1,9877168,20.0166,493450,8722487
aurora,naive,fixed,100,20,8,56,55,-1,10011206,20.0004,500551,8726840
aurora,naive,fixed,100,20,8,816,815,-1,11700874,20.0049,584899,8722331
aurora,naive,fixed,1000,20,1,102,101,-1,1472247,20.0042,73597.1,8722229
aurora,naive,fixed,1000,20,1,7,6,-1,119597,20.0024,5979.13,8726784
aurora,naive,fixed,1000,20,1024,104448,104447,0,7338647,21.2423,345474,8716882
aurora,naive,fixed,1000,20,1024,7168,7167,-1,13495570,20.0294,673787,8725867
aurora,naive,fixed,1000,20,128,13056,13055,-1,7784549,20.0909,387466,8722487
aurora,naive,fixed,1000,20,128,896,895,-1,13600865,20.0037,679917,8726988
aurora,naive,fixed,1000,20,16,112,111,-1,2205406,20.0045,110245,8726922
aurora,naive,fixed,1000,20,16,1632,1631,-1,6017531,20.2801,296721,8722441
aurora,naive,fixed,1000,20,2,14,13,-1,258858,20.0046,12939.9,8726784
aurora,naive,fixed,1000,20,2,204,203,-1,2983905,20.099,148460,8722229
aurora,naive,fixed,1000,20,2048,14336,14335,-1,13202539,20.0832,657393,8727256
aurora,naive,fixed,1000,20,2048,208896,208895,0,7190531,23.3809,307539,8716881
aurora,naive,fixed,1000,20,256,1792,1791,0,13703329,20.0112,684782,8717252
aurora,naive,fixed,1000,20,256,26112,26111,0,6855026,20.1682,339894,8716884
aurora,naive,fixed,1000,20,32,224,223,-1,4429699,20.0036,221446,8726922
aurora,naive,fixed,1000,20,32,3264,3263,-1,6140915,20.0202,306736,8722441
aurora,naive,fixed,1000,20,4,28,27,-1,535620,20.0045,26775,8726840
aurora,naive,fixed,1000,20,4,408,407,-1,6282574,20.0412,313483,8722331
aurora,naive,fixed,1000,20,512,3584,3583,0,13561920,20.0176,677500,8717251
aurora,naive,fixed,1000,20,512,52224,52223,0,8240105,20.5335,401300,8716883
aurora,naive,fixed,1000,20,64,448,447,-1,8846947,20.0039,442260,8726988
aurora,naive,fixed,1000,20,64,6528,6527,-1,7639718,20.0335,381348,8722487
aurora,naive,fixed,1000,20,8,56,55,-1,1090019,20.0049,54487.6,8726840
aurora,naive,fixed,1000,20,8,816,815,-1,8718312,20.0046,435814,8722331
aurora,naive,fixed,10000,20,1,102,101,-1,170953,20.0366,8532.05,8722229
aurora,naive,fixed,10000,20,1,7,6,-1,12017,20.0371,599.738,8726784
aurora,naive,fixed,10000,20,1024,104448,104447,0,7070439,21.2313,333019,8716882
aurora,naive,fixed,10000,20,1024,7168,7167,-1,13582209,20.0437,677631,8725867
aurora,naive,fixed,10000,20,128,13056,13055,-1,7565664,20.364,371522,8722487
aurora,naive,fixed,10000,20,128,896,895,-1,1790906,20.0383,89374,8726988
aurora,naive,fixed,10000,20,16,112,111,-1,222338,20.0481,11090.2,8726922
aurora,naive,fixed,10000,20,16,1632,1631,-1,2023327,20.0503,100913,8722441
aurora,naive,fixed,10000,20,2,14,13,-1,26044,20.0476,1299.11,8726784
aurora,naive,fixed,10000,20,2,204,203,-1,308743,20.0321,15412.5,8722229
aurora,naive,fixed,10000,20,2048,14336,14335,-1,13226954,20.0777,658787,8727256
aurora,naive,fixed,10000,20,2048,208896,208895,0,6909168,23.2681,296938,8716881
aurora,naive,fixed,10000,20,256,1792,1791,0,3584371,20.0456,178811,8717252
aurora,naive,fixed,10000,20,256,26112,26111,0,6704171,20.3136,330033,8716884
aurora,naive,fixed,10000,20,32,224,223,-1,446228,20.03,22278,8726922
aurora,naive,fixed,10000,20,32,3264,3263,-1,4007963,20.041,199989,8722441
aurora,naive,fixed,10000,20,4,28,27,-1,54041,20.0468,2695.75,8726840
aurora,naive,fixed,10000,20,4,408,407,-1,645613,20.0386,32218.4,8722331
aurora,naive,fixed,10000,20,512,3584,3583,0,7168020,20.039,357704,8717251
aurora,naive,fixed,10000,20,512,52224,52223,0,7979762,20.6188,387014,8716883
aurora,naive,fixed,10000,20,64,448,447,-1,894458,20.0381,44637.9,8726988
aurora,naive,fixed,10000,20,64,6528,6527,-1,7295849,20.0577,363743,8722487
aurora,naive,fixed,10000,20,8,56,55,-1,110072,20.047,5490.69,8726840
aurora,naive,fixed,10000,20,8,816,815,-1,1367313,20.0255,68278.5,8722331
aurora,naive,fixed,100000,20,1,102,101,-1,20218,20.4127,990.463,8722229
aurora,naive,fixed,100000,20,1,7,6,-1,1218,20.3014,59.996,8726784
aurora,naive,fixed,100000,20,1024,104448,104447,0,7412033,21.5402,344103,8716882
aurora,naive,fixed,100000,20,1024,7168,7167,-1,1454901,20.3193,71601.9,8725867
aurora,naive,fixed,100000,20,128,13056,13055,-1,2111884,20.597,102534,8722487
aurora,naive,fixed,100000,20,128,896,895,-1,181685,20.3046,8947.95,8726988
aurora,naive,fixed,100000,20,16,112,111,-1,22533,20.3026,1109.86,8726922
aurora,naive,fixed,100000,20,16,1632,1631,-1,237204,20.7429,11435.4,8722441
aurora,naive,fixed,100000,20,2,14,13,-1,2639,20.3026,129.983,8726784
aurora,naive,fixed,100000,20,2,204,203,-1,37758,20.4708,1844.48,8722229
aurora,naive,fixed,100000,20,2048,14336,14335,-1,2909978,20.402,142632,8727256
aurora,naive,fixed,100000,20,2048,208896,208895,0,6983322,23.2298,300620,8716881
aurora,naive,fixed,100000,20,256,1792,1791,0,363573,20.3124,17899.1,8717252
aurora,naive,fixed,100000,20,256,26112,26111,0,3676424,20.5818,178625,8716884
aurora,naive,fixed,100000,20,32,224,223,-1,45269,20.3031,2229.66,8726922
aurora,naive,fixed,100000,20,32,3264,3263,-1,467686,20.4458,22874.4,8722441
aurora,naive,fixed,100000,20,4,28,27,-1,5481,20.3045,269.94,8726840
aurora,naive,fixed,100000,20,4,408,407,-1,78869,20.3788,3870.15,8722331
aurora,naive,fixed,100000,20,512,3584,3583,0,727349,20.313,35807.1,8717251
aurora,naive,fixed,100000,20,512,52224,52223,0,8185383,20.5609,398104,8716883
aurora,naive,fixed,100000,20,64,448,447,-1,90741,20.3039,4469.14,8726988
aurora,naive,fixed,100000,20,64,6528,6527,-1,1061112,20.4015,52011.6,8722487
aurora,naive,fixed,100000,20,8,56,55,-1,11165,20.3045,549.877,8726840
aurora,naive,fixed,100000,20,8,816,815,-1,163690,20.466,7998.16,8722331
aurora,naive,fixed,1000000,20,1,102,101,-1,2323,23.0605,100.735,8722229
aurora,naive,fixed,1000000,20,1,7,6,-1,138,23.0002,5.99994,8726784
aurora,naive,fixed,1000000,20,1024,104448,104447,0,2495309,25.0057,99789.6,8716882
aurora,naive,fixed,1000000,20,1024,7168,7167,-1,164841,23.014,7162.66,8725867
aurora,naive,fixed,1000000,20,128,13056,13055,-1,313156,25.3189,12368.5,8722487
aurora,naive,fixed,1000000,20,128,896,895,-1,20585,23.0025,894.901,8726988
aurora,naive,fixed,1000000,20,16,112,111,-1,2553,23.0009,110.996,8726922
aurora,naive,fixed,1000000,20,16,1632,1631,-1,39063,25.0532,1559.2,8722441
aurora,naive,fixed,1000000,20,2,14,13,-1,299,23.0006,12.9996,8726784
aurora,naive,fixed,1000000,20,2,204,203,-1,4863,25.1794,193.134,8722229
aurora,naive,fixed,1000000,20,2048,14336,14335,-1,343991,24.1024,14272.1,8727256
aurora,naive,fixed,1000000,20,2048,208896,208895,0,5009380,25.6741,195114,8716881
aurora,naive,fixed,1000000,20,256,1792,1791,0,41193,23.0043,1790.67,8717252
aurora,naive,fixed,1000000,20,256,26112,26111,0,620375,25.1994,24618.7,8716884
aurora,naive,fixed,1000000,20,32,224,223,-1,5129,23.0011,222.989,8726922
aurora,naive,fixed,1000000,20,32,3264,3263,-1,78274,25.2784,3096.48,8722441
aurora,naive,fixed,1000000,20,4,28,27,-1,621,23.0009,26.9989,8726840
aurora,naive,fixed,1000000,20,4,408,407,-1,9724,24.4986,396.921,8722331
aurora,naive,fixed,1000000,20,512,3584,3583,0,82409,23.0067,3581.95,8717251
aurora,naive,fixed,1000000,20,512,52224,52223,0,1252784,25.4026,49317.2,8716883
aurora,naive,fixed,1000000,20,64,448,447,-1,10281,23.0018,446.966,8726988
aurora,naive,fixed,1000000,20,64,6528,6527,-1,156560,25.0964,6238.35,8722487
aurora,naive,fixed,1000000,20,8,56,55,-1,1265,23.0022,54.9948,8726840
aurora,naive,fixed,1000000,20,8,816,815,-1,19542,24.8227,787.262,8722331
aurora,naive,random,10,20,1,102,101,-1,10671994,20.0005,533587,8720105
aurora,naive,random,10,20,1,7,6,-1,8648658,20,432432,8726413
aurora,naive,random,10,20,1024,104448,104447,0,13850629,20.7102,668782,8716877
aurora,naive,random,10,20,1024,7168,7167,0,15270494,20.04,762001,8717246
aurora,naive,random,10,20,128,13056,13055,-1,10028250,20.0862,499260,8722053
aurora,naive,random,10,20,128,896,895,-1,15709393,20.0045,785291,8726685
aurora,naive,random,10,20,16,112,111,-1,15634414,20.0006,781698,8726596
aurora,naive,random,10,20,16,1632,1631,-1,8946748,20.0028,447274,8721974
aurora,naive,random,10,20,2,14,13,-1,14756132,20.0001,737803,8726413
aurora,naive,random,10,20,2,204,203,-1,8417266,20.0008,420846,8720105
aurora,naive,random,10,20,2048,14336,14335,0,15689764,20.0541,782373,8717245
aurora,naive,random,10,20,2048,208896,208895,0,14932618,22.1401,674459,8716876
aurora,naive,random,10,20,256,1792,1791,0,15558743,20.0076,777643,8717248
aurora,naive,random,10,20,256,26112,26111,-1,13353693,20.1139,663904,8724299
aurora,naive,random,10,20,32,224,223,-1,15560546,20.0013,777978,8726596
aurora,naive,random,10,20,32,3264,3263,-1,9189165,20.0099,459231,8721974
aurora,naive,random,10,20,4,28,27,-1,15752965,20.0001,787644,8726516
aurora,naive,random,10,20,4,408,407,-1,8527288,20.0008,426348,8720342
aurora,naive,random,10,20,512,3584,3583,0,15607194,20.0203,779567,8717247
aurora,naive,random,10,20,512,52224,52223,0,13931947,20.6308,675300,8716878
aurora,naive,random,10,20,64,448,447,-1,15955611,20.0017,797714,8726685
aurora,naive,random,10,20,64,6528,6527,-1,8935907,20.0189,446372,8722053
aurora,naive,random,10,20,8,56,55,-1,15941401,20.0002,797061,8726516
aurora,naive,random,10,20,8,816,815,-1,8692282,20.0835,432807,8720342
aurora,naive,random,100,20,1,102,101,-1,11153362,20.0005,557654,8720105
aurora,naive,random,100,20,1,7,6,-1,1159846,20.0004,57991,8726413
aurora,naive,random,100,20,1024,104448,104447,0,13164765,20.8439,631590,8716877
aurora,naive,random,100,20,1024,7168,7167,0,13803913,20.0308,689134,8717246
aurora,naive,random,100,20,128,13056,13055,-1,10667322,20.1771,528686,8722053
aurora,naive,random,100,20,128,896,895,-1,14290006,20.0053,714311,8726685
aurora,naive,random,100,20,16,112,111,-1,14137368,20.0007,706844,8726596
aurora,naive,random,100,20,16,1632,1631,-1,10521764,20.0072,525900,8721974
aurora,naive,random,100,20,2,14,13,-1,2443245,20.0006,122159,8726413
aurora,naive,random,100,20,2,204,203,-1,10448093,20.2225,516658,8720105
aurora,naive,random,100,20,2048,14336,14335,-1,13495926,20.0629,672681,8727255
aurora,naive,random,100,20,2048,208896,208895,0,12935122,21.7047,595959,8716876
aurora,naive,random,100,20,256,1792,1791,0,14038487,20.0082,701636,8717248
aurora,naive,random,100,20,256,26112,26111,-1,10487779,20.191,519428,8725864
aurora,naive,random,100,20,32,224,223,-1,14015445,20.0011,700733,8726596
aurora,naive,random,100,20,32,3264,3263,-1,10970807,20.1102,545534,8721974
aurora,naive,random,100,20,4,28,27,-1,5095733,20.0005,254781,8726516
aurora,naive,random,100,20,4,408,407,-1,10332925,20.143,512978,8720342
aurora,naive,random,100,20,512,3584,3583,0,13955609,20.0187,697128,8717247
aurora,naive,random,100,20,512,52224,52223,0,12160590,20.6736,588217,8716878
aurora,naive,random,100,20,64,448,447,-1,14041512,20.0026,701985,8726685
aurora,naive,random,100,20,64,6528,6527,-1,10426423,20.026,520644,8722053
aurora,naive,random,100,20,8,56,55,-1,10170508,20.0004,508515,8726516
aurora,naive,random,100,20,8,816,815,-1,9607138,20.001,480334,8720342
aurora,naive,random,1000,20,1,102,101,-1,1464851,20.1802,72588.4,8720105
aurora,naive,random,1000,20,1,7,6,-1,119380,20.0035,5967.96,8726413
aurora,naive,random,1000,20,1024,104448,104447,0,8128228,21.2594,382335,8716877
aurora,naive,random,1000,20,1024,7168,7167,0,13531407,20.0322,675483,8717246
aurora,naive,random,1000,20,128,13056,13055,-1,7469350,20.2967,368008,8722053
aurora,naive,random,1000,20,128,896,895,-1,13866478,20.007,693081,8726685
aurora,naive,random,1000,20,16,112,111,-1,2199125,20.004,109934,8726596
aurora,naive,random,1000,20,16,1632,1631,-1,7667684,20.01,383192,8721974
aurora,naive,random,1000,20,2,14,13,-1,258244,20.0038,12909.7,8726413
aurora,naive,random,1000,20,2,204,203,-1,3042207,20.0042,152078,8720105
aurora,naive,random,1000,20,2048,14336,14335,-1,13387260,20.0841,666561,8727255
aurora,naive,random,1000,20,2048,208896,208895,0,7680733,22.8526,336099,8716876
aurora,naive,random,1000,20,256,1792,1791,0,13796546,20.0096,689496,8717248
aurora,naive,random,1000,20,256,26112,26111,-1,6779090,20.635,328523,8725864
aurora,naive,random,1000,20,32,224,223,-1,4416741,20.0058,220773,8726596
aurora,naive,random,1000,20,32,3264,3263,-1,7668113,20.0222,382980,8721974
aurora,naive,random,1000,20,4,28,27,-1,537164,20.0056,26850.7,8726516
aurora,naive,random,1000,20,4,408,407,-1,5802143,20.0057,290024,8720342
aurora,naive,random,1000,20,512,3584,3583,0,13727156,20.0199,685677,8717247
aurora,naive,random,1000,20,512,52224,52223,0,7748581,20.4862,378235,8716878
aurora,naive,random,1000,20,64,448,447,-1,8837595,20.0051,441768,8726685
aurora,naive,random,1000,20,64,6528,6527,-1,7455704,20.0512,371833,8722053
aurora,naive,random,1000,20,8,56,55,-1,1093391,20.0038,54659.1,8726516
aurora,naive,random,1000,20,8,816,815,-1,7310994,20.0692,364290,8720342
aurora,naive,random,10000,20,1,102,101,-1,166988,20.0471,8329.79,8720105
aurora,naive,random,10000,20,1,7,6,-1,11982,20.057,597.397,8726413
aurora,naive,random,10000,20,1024,104448,104447,0,7900203,21.2708,371411,8716877
aurora,naive,random,10000,20,1024,7168,7167,0,13657101,20.0435,681374,8717246
aurora,naive,random,10000,20,128,13056,13055,-1,7195996,20.333,353908,8722053
aurora,naive,random,10000,20,128,896,895,-1,1789874,20.0486,89277,8726685
aurora,naive,random,10000,20,16,112,111,-1,222061,20.0505,11075.1,8726596
aurora,naive,random,10000,20,16,1632,1631,-1,2530812,20.1821,125399,8721974
aurora,naive,random,10000,20,2,14,13,-1,26198,20.0523,1306.48,8726413
aurora,naive,random,10000,20,2,204,203,-1,309843,20.0513,15452.5,8720105
aurora,naive,random,10000,20,2048,14336,14335,-1,13145736,20.0652,655150,8727255
aurora,naive,random,10000,20,2048,208896,208895,0,7673358,23.0654,332678,8716876
aurora,naive,random,10000,20,256,1792,1791,0,3584588,20.0495,178787,8717248
aurora,naive,random,10000,20,256,26112,26111,-1,6632700,20.2218,327998,8725864
aurora,naive,random,10000,20,32,224,223,-1,446573,20.0518,22271,8726596
aurora,naive,random,10000,20,32,3264,3263,-1,5002932,20.0547,249464,8721974
aurora,naive,random,10000,20,4,28,27,-1,54166,20.0506,2701.46,8726516
aurora,naive,random,10000,20,4,408,407,-1,602334,20.0517,30039,8720342
aurora,naive,random,10000,20,512,3584,3583,0,7173367,20.0587,357619,8717247
aurora,naive,random,10000,20,512,52224,52223,0,7463861,20.6303,361792,8716878
aurora,naive,random,10000,20,64,448,447,-1,895470,20.0538,44653.5,8726685
aurora,naive,random,10000,20,64,6528,6527,-1,7236554,20.323,356077,8722053
aurora,naive,random,10000,20,8,56,55,-1,109996,20.0444,5487.61,8726516
aurora,naive,random,10000,20,8,816,815,-1,1224324,20.2941,60329,8720342
aurora,naive,random,100000,20,1,102,101,-1,19764,20.5019,964.006,8720105
aurora,naive,random,100000,20,1,7,6,-1,1237,20.4922,60.3646,8726413
aurora,naive,random,100000,20,1024,104448,104447,0,7998121,21.3911,373899,8716877
aurora,naive,random,100000,20,1024,7168,7167,0,1459832,20.5125,71168,8717246
aurora,naive,random,100000,20,128,13056,13055,-1,2151979,20.6888,104016,8722053
aurora,naive,random,100000,20,128,896,895,-1,182335,20.5195,8885.92,8726685
aurora,naive,random,100000,20,16,112,111,-1,22694,20.5461,1104.54,8726596
aurora,naive,random,100000,20,16,1632,1631,-1,293663,20.6414,14226.9,8721974
aurora,naive,random,100000,20,2,14,13,-1,2661,20.4601,130.058,8726413
aurora,naive,random,100000,20,2,204,203,-1,34430,20.7167,1661.94,8720105
aurora,naive,random,100000,20,2048,14336,14335,-1,2921363,20.524,142339,8727255
aurora,naive,random,100000,20,2048,208896,208895,0,7624865,23.02,331228,8716876
aurora,naive,random,100000,20,256,1792,1791,0,365222,20.5026,17813.4,8717248
aurora,naive,random,100000,20,256,26112,26111,-1,3799064,20.8188,182483,8725864
aurora,naive,random,100000,20,32,224,223,-1,45787,20.5665,2226.29,8726596
aurora,naive,random,100000,20,32,3264,3263,-1,590461,20.5787,28692.9,8721974
aurora,naive,random,100000,20,4,28,27,-1,5466,20.5571,265.893,8726516
aurora,naive,random,100000,20,4,408,407,-1,69196,20.7806,3329.84,8720342
aurora,naive,random,100000,20,512,3584,3583,0,728897,20.5096,35539.2,8717247
aurora,naive,random,100000,20,512,52224,52223,0,7535448,20.7197,363685,8716878
aurora,naive,random,100000,20,64,448,447,-1,91485,20.5481,4452.24,8726685
aurora,naive,random,100000,20,64,6528,6527,-1,1079924,20.6886,52198.9,8722053
aurora,naive,random,100000,20,8,56,55,-1,11257,20.5172,548.66,8726516
aurora,naive,random,100000,20,8,816,815,-1,137085,20.6439,6640.45,8720342
aurora,naive,random,1000000,20,1,102,101,-1,2464,25.8919,95.165,8720105
aurora,naive,random,1000000,20,1,7,6,-1,140,26.0503,5.37421,8726413
aurora,naive,random,1000000,20,1024,104448,104447,0,2490303,26.3913,94360.8,8716877
aurora,naive,random,1000000,20,1024,7168,7167,0,176201,25.8952,6804.38,8717246
aurora,naive,random,1000000,20,128,13056,13055,-1,311299,26.3258,11824.8,8722053
aurora,naive,random,1000000,20,128,896,895,-1,22027,25.9164,849.924,8726685
aurora,naive,random,1000000,20,16,112,111,-1,2764,25.7264,107.438,8726596
aurora,naive,random,1000000,20,16,1632,1631,-1,39454,25.9643,1519.55,8721974
aurora,naive,random,1000000,20,2,14,13,-1,330,24.6331,13.3966,8726413
aurora,naive,random,1000000,20,2,204,203,-1,4796,25.4804,188.223,8720105
aurora,naive,random,1000000,20,2048,14336,14335,-1,352560,25.9068,13608.8,8727255
aurora,naive,random,1000000,20,2048,208896,208895,0,4799106,26.4229,181627,8716876
aurora,naive,random,1000000,20,256,1792,1791,0,43934,25.8537,1699.33,8717248
aurora,naive,random,1000000,20,256,26112,26111,-1,605871,26.3979,22951.5,8725864
aurora,naive,random,1000000,20,32,224,223,-1,5484,25.9189,211.583,8726596
aurora,naive,random,1000000,20,32,3264,3263,-1,78493,26.0562,3012.45,8721974
aurora,naive,random,1000000,20,4,28,27,-1,660,25.5725,25.809,8726516
aurora,naive,random,1000000,20,4,408,407,-1,9743,25.9473,375.491,8720342
aurora,naive,random,1000000,20,512,3584,3583,0,88385,25.9338,3408.1,8717247
aurora,naive,random,1000000,20,512,52224,52223,0,1225687,26.267,46662.6,8716878
aurora,naive,random,1000000,20,64,448,447,-1,11028,25.9119,425.596,8726685
aurora,naive,random,1000000,20,64,6528,6527,-1,154737,26.3104,5881.21,8722053
aurora,naive,random,1000000,20,8,56,55,-1,1371,25.875,52.9855,8726516
aurora,naive,random,1000000,20,8,816,815,-1,19487,26.0941,746.796,8720342
frontier,hierarchical,fixed,10,20,1,56,55,-1,24722072,20.0002,1.23609e+06,5137465
frontier,hierarchical,fixed,10,20,1,56,55,0,24694640,20.0003,1.23472e+06,5137465
frontier,hierarchical,fixed,10,20,1,56,55,4,25156448,20.0001,1.25781e+06,5138953
frontier,hierarchical,fixed,10,20,1,9,8,-1,11970652,20.0001,598531,5137465
frontier,hierarchical,fixed,10,20,1,9,8,0,11932348,20.0001,596615,5137465
frontier,hierarchical,fixed,10,20,1,9,8,4,11979192,20.0001,598958,5138953
frontier,hierarchical,fixed,10,20,128,1152,1151,-1,22469484,20.0049,1.1232e+06,5137472
frontier,hierarchical,fixed,10,20,128,1152,1151,0,17877916,20.0083,893523,5137472
frontier,hierarchical,fixed,10,20,128,1152,1151,4,19184460,20.0041,959029,5138960
frontier,hierarchical,fixed,10,20,128,7168,7167,-1,33632790,20.0204,1.67993e+06,5137472
frontier,hierarchical,fixed,10,20,128,7168,7167,0,34873688,20.0429,1.73995e+06,5137472
frontier,hierarchical,fixed,10,20,128,7168,7167,4,33786936,20.0182,1.68781e+06,5138960
frontier,hierarchical,fixed,10,20,16,144,143,-1,17915684,20.0013,895728,5137469
frontier,hierarchical,fixed,10,20,16,144,143,0,17877946,20.0011,893848,5137469
frontier,hierarchical,fixed,10,20,16,144,143,4,20671604,20.0008,1.03354e+06,5138957
frontier,hierarchical,fixed,10,20,16,896,895,-1,35443270,20.0059,1.77164e+06,5137469
frontier,hierarchical,fixed,10,20,16,896,895,0,35557674,20.0052,1.77742e+06,5137469
frontier,hierarchical,fixed,10,20,16,896,895,4,34988100,20.0034,1.74911e+06,5138957
frontier,hierarchical,fixed,10,20,2,112,111,-1,35730194,20.0006,1.78646e+06,5137466
frontier,hierarchical,fixed,10,20,2,112,111,0,35585778,20.0004,1.77925e+06,5137466
frontier,hierarchical,fixed,10,20,2,112,111,4,35412906,20.0006,1.7706e+06,5138954
frontier,hierarchical,fixed,10,20,2,18,17,-1,20949548,20.0001,1.04747e+06,5137466
frontier,hierarchical,fixed,10,20,2,18,17,0,20936458,20.0001,1.04682e+06,5137466
frontier,hierarchical,fixed,10,20,2,18,17,4,20890782,20.0002,1.04453e+06,5138954
frontier,hierarchical,fixed,10,20,2048,114688,114687,-1,35320498,20.1944,1.74902e+06,5137553
frontier,hierarchical,fixed,10,20,2048,114688,114687,0,11193568,20.9052,535444,5137553
frontier,hierarchical,fixed,10,20,2048,18432,18431,-1,23590200,20.0437,1.17694e+06,5137553
frontier,hierarchical,fixed,10,20,2048,18432,18431,0,7409386,20.2355,366159,5137553
frontier,hierarchical,fixed,10,20,256,14336,14335,-1,34097156,20.0333,1.70202e+06,5137473
frontier,hierarchical,fixed,10,20,256,14336,14335,0,29199012,20.0835,1.45388e+06,5137473
frontier,hierarchical,fixed,10,20,256,14336,14335,4,34477446,20.035,1.72086e+06,5138961
frontier,hierarchical,fixed,10,20,256,2304,2303,-1,22635526,20.0062,1.13142e+06,5137473
frontier,hierarchical,fixed,10,20,256,2304,2303,0,17902038,20.0149,894435,5137473
frontier,hierarchical,fixed,10,20,256,2304,2303,4,19790892,20.0093,989083,5138961
frontier,hierarchical,fixed,10,20,32,1792,1791,-1,35511184,20.0116,1.77453e+06,5137470
frontier,hierarchical,fixed,10,20,32,1792,1791,0,35498804,20.0097,1.77408e+06,5137470
frontier,hierarchical,fixed,10,20,32,1792,1791,4,33824898,20.0049,1.69083e+06,5138958
frontier,hierarchical,fixed,10,20,32,288,287,-1,17847856,20.0021,892300,5137470
frontier,hierarchical,fixed,10,20,32,288,287,0,17890096,20.002,894414,5137470
frontier,hierarchical,fixed,10,20,32,288,287,4,19689610,20.0013,984416,5138958
frontier,hierarchical,fixed,10,20,4,224,223,-1,35425736,20.0015,1.77115e+06,5137467
frontier,hierarchical,fixed,10,20,4,224,223,0,35391032,20.0014,1.76943e+06,5137467
frontier,hierarchical,fixed,10,20,4,224,223,4,35617484,20.0016,1.78073e+06,5138955
frontier,hierarchical,fixed,10,20,4,36,35,-1,17914360,20.0003,895706,5137467
frontier,hierarchical,fixed,10,20,4,36,35,0,17897602,20.0003,894866,5137467
frontier,hierarchical,fixed,10,20,4,36,35,4,17869334,20.0003,893454,5138955
frontier,hierarchical,fixed,10,20,512,28672,28671,-1,33645956,20.0483,1.67824e+06,5137550
frontier,hierarchical,fixed,10,20,512,28672,28671,0,11267164,20.2362,556783,5137550
frontier,hierarchical,fixed,10,20,512,4608,4607,-1,22979818,20.0135,1.14822e+06,5137550
frontier,hierarchical,fixed,10,20,512,4608,4607,0,17624310,20.0312,879842,5137550
frontier,hierarchical,fixed,10,20,64,3584,3583,-1,34764630,20.0075,1.73758e+06,5137471
frontier,hierarchical,fixed,10,20,64,3584,3583,0,35454860,20.0203,1.77095e+06,5137471
frontier,hierarchical,fixed,10,20,64,3584,3583,4,34917776,20.0095,1.74506e+06,5138959
frontier,hierarchical,fixed,10,20,64,576,575,-1,21782914,20.002,1.08904e+06,5137471
frontier,hierarchical,fixed,10,20,64,576,575,0,17848680,20.0047,892224,5137471
frontier,hierarchical,fixed,10,20,64,576,575,4,20596826,20.0014,1.02977e+06,5138959
frontier,hierarchical,fixed,10,20,8,448,447,-1,35560824,20.0033,1.77775e+06,5137468
frontier,hierarchical,fixed,10,20,8,448,447,0,35697002,20.0031,1.78457e+06,5137468
frontier,hierarchical,fixed,10,20,8,448,447,4,34446456,20.0019,1.72216e+06,5138956
frontier,hierarchical,fixed,10,20,8,72,71,-1,17986108,20.0006,899280,5137468
frontier,hierarchical,fixed,10,20,8,72,71,0,17978728,20.0006,898910,5137468
frontier,hierarchical,fixed,10,20,8,72,71,4,20486682,20.0004,1.02431e+06,5138956
frontier,hierarchical,fixed,100,20,1,56,55,-1,10596968,20.0007,529830,5137465
frontier,hierarchical,fixed,100,20,1,56,55,0,10600424,20.0004,530010,5137465
frontier,hierarchical,fixed,100,20,1,56,55,4,10598912,20.0005,529932,5138953
frontier,hierarchical,fixed,100,20,1,9,8,-1,1377580,20.0008,68876.3,5137465
frontier,hierarchical,fixed,100,20,1,9,8,0,1377384,20.0004,68867.9,5137465
frontier,hierarchical,fixed,100,20,1,9,8,4,1377860,20.0003,68891.9,5138953
frontier,hierarchical,fixed,100,20,128,1152,1151,-1,19014546,20.0047,950506,5137472
frontier,hierarchical,fixed,100,20,128,1152,1151,0,9687242,20.0143,484016,5137472
frontier,hierarchical,fixed,100,20,128,1152,1151,4,15969560,20.0046,798293,5138960
frontier,hierarchical,fixed,100,20,128,7168,7167,-1,23578232,20.0195,1.17776e+06,5137472
frontier,hierarchical,fixed,100,20,128,7168,7167,0,19227272,20.0604,958470,5137472
frontier,hierarchical,fixed,100,20,128,7168,7167,4,22562910,20.025,1.12674e+06,5138960
frontier,hierarchical,fixed,100,20,16,144,143,-1,11577080,20.0021,578794,5137469
frontier,hierarchical,fixed,100,20,16,144,143,0,11595716,20.0016,579739,5137469
frontier,hierarchical,fixed,100,20,16,144,143,4,24555424,20.0011,1.22771e+06,5138957
frontier,hierarchical,fixed,100,20,16,896,895,-1,19877588,20.009,993432,5137469
frontier,hierarchical,fixed,100,20,16,896,895,0,19913114,20.0082,995247,5137469
frontier,hierarchical,fixed,100,20,16,896,895,4,24477140,20.003,1.22367e+06,5138957
frontier,hierarchical,fixed,100,20,2,112,111,-1,20810842,20.0007,1.04051e+06,5137466
frontier,hierarchical,fixed,100,20,2,112,111,0,20811128,20.0007,1.04052e+06,5137466
frontier,hierarchical,fixed,100,20,2,112,111,4,20796624,20.001,1.03978e+06,5138954
frontier,hierarchical,fixed,100,20,2,18,17,-1,2903528,20.0006,145172,5137466
frontier,hierarchical,fixed,100,20,2,18,17,0,2903482,20.0007,145169,5137466
frontier,hierarchical,fixed,100,20,2,18,17,4,2902974,20.0006,145144,5138954
frontier,hierarchical,fixed,100,20,2048,114688,114687,-1,24951258,20.3519,1.22599e+06,5137553
frontier,hierarchical,fixed,100,20,2048,114688,114687,0,8503462,21.2102,400914,5137553
frontier,hierarchical,fixed,100,20,2048,18432,18431,-1,17949296,20.0787,893945,5137553
frontier,hierarchical,fixed,100,20,2048,18432,18431,0,5780514,20.2772,285075,5137553
frontier,hierarchical,fixed,100,20,256,14336,14335,-1,23595602,20.0327,1.17786e+06,5137473
frontier,hierarchical,fixed,100,20,256,14336,14335,0,8873042,20.1702,439908,5137473
frontier,hierarchical,fixed,100,20,256,14336,14335,4,24086806,20.031,1.20248e+06,5138961
frontier,hierarchical,fixed,100,20,256,2304,2303,-1,19125234,20.0084,955861,5137473
frontier,hierarchical,fixed,100,20,256,2304,2303,0,9653650,20.028,482008,5137473
frontier,hierarchical,fixed,100,20,256,2304,2303,4,14348714,20.0112,717034,5138961
frontier,hierarchical,fixed,100,20,32,1792,1791,-1,19764200,20.0149,987475,5137470
frontier,hierarchical,fixed,100,20,32,1792,1791,0,19761494,20.0132,987423,5137470
frontier,hierarchical,fixed,100,20,32,1792,1791,4,23069728,20.0063,1.15313e+06,5138958
frontier,hierarchical,fixed,100,20,32,288,287,-1,9673980,20.0032,483621,5137470
frontier,hierarchical,fixed,100,20,32,288,287,0,9668096,20.0028,483336,5137470
frontier,hierarchical,fixed,100,20,32,288,287,4,19300020,20.0014,964933,5138958
frontier,hierarchical,fixed,100,20,4,224,223,-1,21019100,20.0013,1.05089e+06,5137467
frontier,hierarchical,fixed,100,20,4,224,223,0,20971540,20.0013,1.04851e+06,5137467
frontier,hierarchical,fixed,100,20,4,224,223,4,20967172,20.0013,1.04829e+06,5138955
frontier,hierarchical,fixed,100,20,4,36,35,-1,5999476,20.0008,299962,5137467
frontier,hierarchical,fixed,100,20,4,36,35,0,5999242,20.0007,299951,5137467
frontier,hierarchical,fixed,100,20,4,36,35,4,5999438,20.0008,299960,5138955
frontier,hierarchical,fixed,100,20,512,28672,28671,-1,22747292,20.0611,1.1339e+06,5137550
frontier,hierarchical,fixed,100,20,512,28672,28671,0,8255760,20.2492,407709,5137550
frontier,hierarchical,fixed,100,20,512,4608,4607,-1,17266190,20.0218,862368,5137550
frontier,hierarchical,fixed,100,20,512,4608,4607,0,9371982,20.0479,467479,5137550
frontier,hierarchical,fixed,100,20,64,3584,3583,-1,24402434,20.011,1.21945e+06,5137471
frontier,hierarchical,fixed,100,20,64,3584,3583,0,19683954,20.0281,982815,5137471
frontier,hierarchical,fixed,100,20,64,3584,3583,4,24459938,20.0132,1.22219e+06,5138959
frontier,hierarchical,fixed,100,20,64,576,575,-1,19810148,20.0026,990379,5137471
frontier,hierarchical,fixed,100,20,64,576,575,0,9683104,20.0059,484013,5137471
frontier,hierarchical,fixed,100,20,64,576,575,4,15577558,20.0024,778783,5138959
frontier,hierarchical,fixed,100,20,8,448,447,-1,19986292,20.0035,999138,5137468
frontier,hierarchical,fixed,100,20,8,448,447,0,20036084,20.0045,1.00158e+06,5137468
frontier,hierarchical,fixed,100,20,8,448,447,4,23326034,20.0027,1.16614e+06,5138956
frontier,hierarchical,fixed,100,20,8,72,71,-1,10437654,20.0008,521862,5137468
frontier,hierarchical,fixed,100,20,8,72,71,0,10436720,20.001,521809,5137468
frontier,hierarchical,fixed,100,20,8,72,71,4,12184620,20.0009,609202,5138956
frontier,hierarchical,fixed,1000,20,1,56,55,-1,1078280,20.0044,53902.1,5137465
frontier,hierarchical,fixed,1000,20,1,56,55,0,1078280,20.0044,53902.1,5137465
frontier,hierarchical,fixed,1000,20,1,56,55,4,1078280,20.0043,53902.4,5138953
frontier,hierarchical,fixed,1000,20,1,9,8,-1,139812,20.006,6988.52,5137465
frontier,hierarchical,fixed,1000,20,1,9,8,0,139812,20.006,6988.5,5137465
frontier,hierarchical,fixed,1000,20,1,9,8,4,139812,20.0048,6988.93,5138953
frontier,hierarchical,fixed,1000,20,128,1152,1151,-1,20398860,20.0091,1.01948e+06,5137472
frontier,hierarchical,fixed,1000,20,128,1152,1151,0,20400334,20.0101,1.0195e+06,5137472
frontier,hierarchical,fixed,1000,20,128,1152,1151,4,20394414,20.0088,1.01927e+06,5138960
frontier,hierarchical,fixed,1000,20,128,7168,7167,-1,25927528,20.0219,1.29496e+06,5137472
frontier,hierarchical,fixed,1000,20,128,7168,7167,0,10199086,20.0968,507498,5137472
frontier,hierarchical,fixed,1000,20,128,7168,7167,4,23833560,20.0279,1.19002e+06,5138960
frontier,hierarchical,fixed,1000,20,16,144,143,-1,2532686,20.0095,126574,5137469
frontier,hierarchical,fixed,1000,20,16,144,143,0,2532400,20.0074,126573,5137469
frontier,hierarchical,fixed,1000,20,16,144,143,4,2532572,20.0101,126565,5138957
frontier,hierarchical,fixed,1000,20,16,896,895,-1,17522726,20.0087,875753,5137469
frontier,hierarchical,fixed,1000,20,16,896,895,0,17522728,20.0083,875773,5137469
frontier,hierarchical,fixed,1000,20,16,896,895,4,17520726,20.0095,875618,5138957
frontier,hierarchical,fixed,1000,20,2,112,111,-1,2172938,20.0077,108605,5137466
frontier,hierarchical,fixed,1000,20,2,112,111,0,2172940,20.0077,108605,5137466
frontier,hierarchical,fixed,1000,20,2,112,111,4,2172938,20.0072,108608,5138954
frontier,hierarchical,fixed,1000,20,2,18,17,-1,299094,20.006,14950.2,5137466
frontier,hierarchical,fixed,1000,20,2,18,17,0,299094,20.0062,14950.1,5137466
frontier,hierarchical,fixed,1000,20,2,18,17,4,299094,20.007,14949.5,5138954
frontier,hierarchical,fixed,1000,20,2048,114688,114687,-1,19128130,20.4579,934999,5137553
frontier,hierarchical,fixed,1000,20,2048,114688,114687,0,6834876,21.5221,317574,5137553
frontier,hierarchical,fixed,1000,20,2048,18432,18431,-1,19017398,20.0727,947428,5137553
frontier,hierarchical,fixed,1000,20,2048,18432,18431,0,5564056,20.1707,275848,5137553
frontier,hierarchical,fixed,1000,20,256,14336,14335,-1,25724238,20.0478,1.28314e+06,5137473
frontier,hierarchical,fixed,1000,20,256,14336,14335,0,6512682,20.2218,322062,5137473
frontier,hierarchical,fixed,1000,20,256,14336,14335,4,24822946,20.0624,1.23728e+06,5138961
frontier,hierarchical,fixed,1000,20,256,2304,2303,-1,40787412,20.0142,2.03792e+06,5137473
frontier,hierarchical,fixed,1000,20,256,2304,2303,0,8497188,20.0321,424179,5137473
frontier,hierarchical,fixed,1000,20,256,2304,2303,4,40774636,20.0109,2.03762e+06,5138961
frontier,hierarchical,fixed,1000,20,32,1792,1791,-1,35065390,20.0117,1.75224e+06,5137470
frontier,hierarchical,fixed,1000,20,32,1792,1791,0,35065392,20.0117,1.75224e+06,5137470
frontier,hierarchical,fixed,1000,20,32,1792,1791,4,35049550,20.0082,1.75176e+06,5138958
frontier,hierarchical,fixed,1000,20,32,288,287,-1,5085070,20.0082,254150,5137470
frontier,hierarchical,fixed,1000,20,32,288,287,0,5085054,20.0081,254150,5137470
frontier,hierarchical,fixed,1000,20,32,288,287,4,5084204,20.0082,254107,5138958
frontier,hierarchical,fixed,1000,20,4,224,223,-1,4365704,20.0074,218205,5137467
frontier,hierarchical,fixed,1000,20,4,224,223,0,4365704,20.0073,218206,5137467
frontier,hierarchical,fixed,1000,20,4,224,223,4,4365704,20.0077,218201,5138955
frontier,hierarchical,fixed,1000,20,4,36,35,-1,618190,20.0081,30897,5137467
frontier,hierarchical,fixed,1000,20,4,36,35,0,618190,20.0083,30896.7,5137467
frontier,hierarchical,fixed,1000,20,4,36,35,4,618190,20.0089,30895.8,5138955
frontier,hierarchical,fixed,1000,20,512,28672,28671,-1,16135986,20.1436,801048,5137550
frontier,hierarchical,fixed,1000,20,512,28672,28671,0,6537424,20.4218,320120,5137550
frontier,hierarchical,fixed,1000,20,512,4608,4607,-1,13747838,20.0271,686461,5137550
frontier,hierarchical,fixed,1000,20,512,4608,4607,0,8294168,20.0608,413451,5137550
frontier,hierarchical,fixed,1000,20,64,3584,3583,-1,26161680,20.0216,1.30667e+06,5137471
frontier,hierarchical,fixed,1000,20,64,3584,3583,0,70150494,20.0193,3.50414e+06,5137471
frontier,hierarchical,fixed,1000,20,64,3584,3583,4,69605022,20.0141,3.4778e+06,5138959
frontier,hierarchical,fixed,1000,20,64,576,575,-1,10189978,20.0089,509273,5137471
frontier,hierarchical,fixed,1000,20,64,576,575,0,10190046,20.0072,509318,5137471
frontier,hierarchical,fixed,1000,20,64,576,575,4,10189062,20.0096,509209,5138959
frontier,hierarchical,fixed,1000,20,8,448,447,-1,8751122,20.007,437403,5137468
frontier,hierarchical,fixed,1000,20,8,448,447,0,8751122,20.0064,437416,5137468
frontier,hierarchical,fixed,1000,20,8,448,447,4,8750506,20.0088,437333,5138956
frontier,hierarchical,fixed,1000,20,8,72,71,-1,1256254,20.0073,62789.8,5137468
frontier,hierarchical,fixed,1000,20,8,72,71,0,1256270,20.0075,62790,5137468
frontier,hierarchical,fixed,1000,20,8,72,71,4,1256188,20.008,62784.2,5138956
frontier,hierarchical,fixed,10000,20,1,56,55,-1,108224,20.0544,5396.53,5137465
frontier,hierarchical,fixed,10000,20,1,56,55,0,108224,20.0543,5396.55,5137465
frontier,hierarchical,fixed,10000,20,1,9,8,-1,14036,20.0635,699.579,5137465
frontier,hierarchical,fixed,10000,20,1,9,8,0,14036,20.0636,699.575,5137465
frontier,hierarchical,fixed,10000,20,128,1152,1151,-1,2053168,20.0974,102161,5137472
frontier,hierarchical,fixed,10000,20,128,1152,1151,0,2053148,20.0887,102204,5137472
frontier,hierarchical,fixed,10000,20,128,7168,7167,-1,14110600,20.0799,702721,5137472
frontier,hierarchical,fixed,10000,20,128,7168,7167,0,14111430,20.0776,702845,5137472
frontier,hierarchical,fixed,10000,20,16,144,143,-1,254812,20.0876,12685,5137469
frontier,hierarchical,fixed,10000,20,16,144,143,0,254812,20.0877,12685,5137469
frontier,hierarchical,fixed,10000,20,16,896,895,-1,1763466,20.0885,87785,5137469
frontier,hierarchical,fixed,10000,20,16,896,895,0,1763574,20.0896,87785.3,5137469
frontier,hierarchical,fixed,10000,20,2,112,111,-1,218460,20.0582,10891.3,5137466
frontier,hierarchical,fixed,10000,20,2,112,111,0,218460,20.0585,10891.2,5137466
frontier,hierarchical,fixed,10000,20,2,18,17,-1,30084,20.0677,1499.12,5137466
frontier,hierarchical,fixed,10000,20,2,18,17,0,30084,20.0676,1499.13,5137466
frontier,hierarchical,fixed,10000,20,2048,114688,114687,-1,16560154,20.7994,796183,5137553
frontier,hierarchical,fixed,10000,20,2048,114688,114687,0,7206690,21.3448,337632,5137553
frontier,hierarchical,fixed,10000,20,2048,18432,18431,-1,32807258,20.1267,1.63004e+06,5137553
frontier,hierarchical,fixed,10000,20,2048,18432,18431,0,32853788,20.1243,1.63254e+06,5137553
frontier,hierarchical,fixed,10000,20,256,14336,14335,-1,28148840,20.1023,1.40028e+06,5137473
frontier,hierarchical,fixed,10000,20,256,14336,14335,0,28232678,20.1067,1.40414e+06,5137473
frontier,hierarchical,fixed,10000,20,256,2304,2303,-1,4106408,20.0894,204407,5137473
frontier,hierarchical,fixed,10000,20,256,2304,2303,0,4111130,20.1081,204451,5137473
frontier,hierarchical,fixed,10000,20,32,1792,1791,-1,3531356,20.0925,175755,5137470
frontier,hierarchical,fixed,10000,20,32,1792,1791,0,3531356,20.0926,175754,5137470
frontier,hierarchical,fixed,10000,20,32,288,287,-1,512010,20.088,25488.4,5137470
frontier,hierarchical,fixed,10000,20,32,288,287,0,511996,20.0879,25487.7,5137470
frontier,hierarchical,fixed,10000,20,4,224,223,-1,439144,20.0697,21881,5137467
frontier,hierarchical,fixed,10000,20,4,224,223,0,439144,20.0699,21880.7,5137467
frontier,hierarchical,fixed,10000,20,4,36,35,-1,62204,20.0877,3096.63,5137467
frontier,hierarchical,fixed,10000,20,4,36,35,0,62204,20.0877,3096.62,5137467
frontier,hierarchical,fixed,10000,20,512,28672,28671,-1,52616772,20.1883,2.6063e+06,5137550
frontier,hierarchical,fixed,10000,20,512,28672,28671,0,56467470,20.2049,2.79474e+06,5137550
frontier,hierarchical,fixed,10000,20,512,4608,4607,-1,8218958,20.0986,408931,5137550
frontier,hierarchical,fixed,10000,20,512,4608,4607,0,8213276,20.0799,409031,5137550
frontier,hierarchical,fixed,10000,20,64,3584,3583,-1,7058728,20.098,351215,5137471
frontier,hierarchical,fixed,10000,20,64,3584,3583,0,7057242,20.0772,351505,5137471
frontier,hierarchical,fixed,10000,20,64,576,575,-1,1025372,20.0974,51020.3,5137471
frontier,hierarchical,fixed,10000,20,64,576,575,0,1025324,20.0876,51042.7,5137471
frontier,hierarchical,fixed,10000,20,8,448,447,-1,880840,20.0895,43845.8,5137468
frontier,hierarchical,fixed,10000,20,8,448,447,0,880838,20.0895,43845.6,5137468
frontier,hierarchical,fixed,10000,20,8,72,71,-1,126444,20.0878,6294.58,5137468
frontier,hierarchical,fixed,10000,20,8,72,71,0,126444,20.0877,6294.6,5137468
frontier,hierarchical,fixed,100000,20,1,56,55,-1,11128,20.7014,537.548,5137465
frontier,hierarchical,fixed,100000,20,1,56,55,0,11128,20.7014,537.547,5137465
frontier,hierarchical,fixed,100000,20,1,9,8,-1,1446,20.7008,69.8523,5137465
frontier,hierarchical,fixed,100000,20,1,9,8,0,1446,20.7009,69.8521,5137465
frontier,hierarchical,fixed,100000,20,128,1152,1151,-1,211768,20.9015,10131.7,5137472
frontier,hierarchical,fixed,100000,20,128,1152,1151,0,211250,20.802,10155.3,5137472
frontier,hierarchical,fixed,100000,20,128,7168,7167,-1,1445424,20.8031,69481.1,5137472
frontier,hierarchical,fixed,100000,20,128,7168,7167,0,1450546,20.8032,69727.1,5137472
frontier,hierarchical,fixed,100000,20,16,144,143,-1,26226,20.8015,1260.77,5137469
frontier,hierarchical,fixed,100000,20,16,144,143,0,26226,20.8015,1260.77,5137469
frontier,hierarchical,fixed,100000,20,16,896,895,-1,181138,20.8021,8707.68,5137469
frontier,hierarchical,fixed,100000,20,16,896,895,0,181138,20.8018,8707.81,5137469
frontier,hierarchical,fixed,100000,20,2,112,111,-1,22462,20.7019,1085.02,5137466
frontier,hierarchical,fixed,100000,20,2,112,111,0,22462,20.7021,1085.01,5137466
frontier,hierarchical,fixed,100000,20,2,18,17,-1,3098,20.7014,149.651,5137466
frontier,hierarchical,fixed,100000,20,2,18,17,0,3098,20.7016,149.65,5137466
frontier,hierarchical,fixed,100000,20,2048,114688,114687,-1,23259940,20.9751,1.10893e+06,5139162
frontier,hierarchical,fixed,100000,20,2048,114688,114687,0,23211826,21.3688,1.08625e+06,5137553
frontier,hierarchical,fixed,100000,20,2048,18432,18431,-1,3400150,21.0016,161900,5137553
frontier,hierarchical,fixed,100000,20,2048,18432,18431,0,3383090,20.8169,162516,5137553
frontier,hierarchical,fixed,100000,20,256,14336,14335,-1,2894388,20.8044,139124,5137473
frontier,hierarchical,fixed,100000,20,256,14336,14335,0,2901298,20.8037,139461,5137473
frontier,hierarchical,fixed,100000,20,256,2304,2303,-1,424248,21.0011,20201.2,5137473
frontier,hierarchical,fixed,100000,20,256,2304,2303,0,422706,20.803,20319.4,5137473
frontier,hierarchical,fixed,100000,20,32,1792,1791,-1,362482,20.803,17424.5,5137470
frontier,hierarchical,fixed,100000,20,32,1792,1791,0,362482,20.803,17424.5,5137470
frontier,hierarchical,fixed,100000,20,32,288,287,-1,52658,20.8015,2531.45,5137470
frontier,hierarchical,fixed,100000,20,32,288,287,0,52658,20.8016,2531.44,5137470
frontier,hierarchical,fixed,100000,20,4,224,223,-1,45130,20.7019,2180,5137467
frontier,hierarchical,fixed,100000,20,4,224,223,0,45130,20.7023,2179.95,5137467
frontier,hierarchical,fixed,100000,20,4,36,35,-1,6402,20.8013,307.769,5137467
frontier,hierarchical,fixed,100000,20,4,36,35,0,6402,20.8014,307.767,5137467
frontier,hierarchical,fixed,100000,20,512,28672,28671,-1,5805930,20.8099,278999,5137550
frontier,hierarchical,fixed,100000,20,512,28672,28671,0,5802802,20.8058,278904,5137550
frontier,hierarchical,fixed,100000,20,512,4608,4607,-1,850728,21.0014,40508.2,5137550
frontier,hierarchical,fixed,100000,20,512,4608,4607,0,845618,20.805,40645,5137550
frontier,hierarchical,fixed,100000,20,64,3584,3583,-1,723526,20.8026,34780.5,5137471
frontier,hierarchical,fixed,100000,20,64,3584,3583,0,725170,20.803,34858.9,5137471
frontier,hierarchical,fixed,100000,20,64,576,575,-1,106026,21.0012,5048.57,5137471
frontier,hierarchical,fixed,100000,20,64,576,575,0,105522,20.8017,5072.77,5137471
frontier,hierarchical,fixed,100000,20,8,448,447,-1,90466,20.7027,4369.77,5137468
frontier,hierarchical,fixed,100000,20,8,448,447,0,90466,20.7025,4369.81,5137468
frontier,hierarchical,fixed,100000,20,8,72,71,-1,13010,20.8016,625.433,5137468
frontier,hierarchical,fixed,100000,20,8,72,71,0,13010,20.8016,625.433,5137468
frontier,hierarchical,fixed,1000000,20,1,56,55,-1,1408,27.0009,52.1465,5137465
frontier,hierarchical,fixed,1000000,20,1,56,55,0,1408,27.001,52.1461,5137465
frontier,hierarchical,fixed,1000000,20,1,9,8,-1,186,27.0007,6.88872,5137465
frontier,hierarchical,fixed,1000000,20,1,9,8,0,186,27.0007,6.88872,5137465
frontier,hierarchical,fixed,1000000,20,128,1152,1151,-1,27248,29.0004,939.572,5137472
frontier,hierarchical,fixed,1000000,20,128,1152,1151,0,27110,28.0033,968.1,5137472
frontier,hierarchical,fixed,1000000,20,128,7168,7167,-1,178336,28.0031,6368.44,5137472
frontier,hierarchical,fixed,1000000,20,128,7168,7167,0,183526,28.0035,6553.68,5137472
frontier,hierarchical,fixed,1000000,20,16,144,143,-1,3366,28.0025,120.204,5137469
frontier,hierarchical,fixed,1000000,20,16,144,143,0,3366,28.0022,120.205,5137469
frontier,hierarchical,fixed,1000000,20,16,896,895,-1,22918,28.0011,818.467,5137469
frontier,hierarchical,fixed,1000000,20,16,896,895,0,22918,28.0011,818.468,5137469
frontier,hierarchical,fixed,1000000,20,2,112,111,-1,2842,27.0011,105.255,5137466
frontier,hierarchical,fixed,1000000,20,2,112,111,0,2842,27.0011,105.255,5137466
frontier,hierarchical,fixed,1000000,20,2,18,17,-1,398,27.0018,14.7398,5137466
frontier,hierarchical,fixed,1000000,20,2,18,17,0,398,27.0034,14.7389,5137466
frontier,hierarchical,fixed,1000000,20,2048,114688,114687,-1,2867498,28.0105,102372,5137553
frontier,hierarchical,fixed,1000000,20,2048,114688,114687,0,2936806,28.0209,104808,5137553
frontier,hierarchical,fixed,1000000,20,2048,18432,18431,-1,437364,29.0022,15080.4,5137553
frontier,hierarchical,fixed,1000000,20,2048,18432,18431,0,434150,28.0164,15496.3,5137553
frontier,hierarchical,fixed,1000000,20,256,14336,14335,-1,356528,28.0054,12730.7,5137473
frontier,hierarchical,fixed,1000000,20,256,14336,14335,0,367078,28.0043,13107.9,5137473
frontier,hierarchical,fixed,1000000,20,256,2304,2303,-1,54716,29.0031,1886.55,5137473
frontier,hierarchical,fixed,1000000,20,256,2304,2303,0,54246,28.0037,1937.1,5137473
frontier,hierarchical,fixed,1000000,20,32,1792,1791,-1,45862,28.0023,1637.8,5137470
frontier,hierarchical,fixed,1000000,20,32,1792,1791,0,45862,28.0031,1637.75,5137470
frontier,hierarchical,fixed,1000000,20,32,288,287,-1,6758,28.0031,241.33,5137470
frontier,hierarchical,fixed,1000000,20,32,288,287,0,6758,28.003,241.331,5137470
frontier,hierarchical,fixed,1000000,20,4,224,223,-1,5710,27.0023,211.463,5137467
frontier,hierarchical,fixed,1000000,20,4,224,223,0,5710,27.0028,211.46,5137467
frontier,hierarchical,fixed,1000000,20,4,36,35,-1,822,28.0028,29.3542,5137467
frontier,hierarchical,fixed,1000000,20,4,36,35,0,822,28.0023,29.3547,5137467
frontier,hierarchical,fixed,1000000,20,512,28672,28671,-1,718648,28.0055,25661,5137550
frontier,hierarchical,fixed,1000000,20,512,28672,28671,0,734182,28.0055,26215.7,5137550
frontier,hierarchical,fixed,1000000,20,512,4608,4607,-1,108994,28.0044,3892.03,5137550
frontier,hierarchical,fixed,1000000,20,512,4608,4607,0,108518,28.005,3874.96,5137550
frontier,hierarchical,fixed,1000000,20,64,3584,3583,-1,90188,28.0023,3220.74,5137471
frontier,hierarchical,fixed,1000000,20,64,3584,3583,0,91750,28.0033,3276.4,5137471
frontier,hierarchical,fixed,1000000,20,64,576,575,-1,13600,29.0007,468.955,5137471
frontier,hierarchical,fixed,1000000,20,64,576,575,0,13542,28.0033,483.585,5137471
frontier,hierarchical,fixed,1000000,20,8,448,447,-1,11446,27.0029,423.88,5137468
frontier,hierarchical,fixed,1000000,20,8,448,447,0,11446,27.0033,423.874,5137468
frontier,hierarchical,fixed,1000000,20,8,72,71,-1,1670,28.004,59.6344,5137468
frontier,hierarchical,fixed,1000000,20,8,72,71,0,1670,28.0038,59.6347,5137468
frontier,hierarchical,random,10,20,1,56,55,-1,25605728,20.0002,1.28027e+06,5137465
frontier,hierarchical,random,10,20,1,56,55,0,25695584,20.0002,1.28477e+06,5137465
frontier,hierarchical,random,10,20,1,56,55,4,26432576,20.0002,1.32161e+06,5138953
frontier,hierarchical,random,10,20,1,9,8,-1,11685374,20.0001,584266,5137465
frontier,hierarchical,random,10,20,1,9,8,0,11685640,20.0001,584280,5137465
frontier,hierarchical,random,10,20,1,9,8,4,11738868,20.0001,586941,5138953
frontier,hierarchical,random,10,20,1024,9216,9215,-1,23090730,20.0227,1.15323e+06,5137552
frontier,hierarchical,random,10,20,1024,9216,9215,0,17068304,20.0683,850510,5137552
frontier,hierarchical,random,10,20,128,1152,1151,-1,22825096,20.0046,1.14099e+06,5137472
frontier,hierarchical,random,10,20,128,1152,1151,0,17959076,20.0084,897579,5137472
frontier,hierarchical,random,10,20,128,1152,1151,4,19873346,20.0032,993508,5138960
frontier,hierarchical,random,10,20,128,7168,7167,-1,34388218,20.0195,1.71773e+06,5137472
frontier,hierarchical,random,10,20,128,7168,7167,0,35100696,20.0445,1.75114e+06,5137472
frontier,hierarchical,random,10,20,128,7168,7167,4,33931538,20.0127,1.6955e+06,5138960
frontier,hierarchical,random,10,20,16,144,143,-1,17996240,20.0012,899758,5137469
frontier,hierarchical,random,10,20,16,144,143,0,18002016,20.0012,900048,5137469
frontier,hierarchical,random,10,20,16,144,143,4,20675748,20.0008,1.03375e+06,5138957
frontier,hierarchical,random,10,20,16,896,895,-1,35518720,20.0055,1.77545e+06,5137469
frontier,hierarchical,random,10,20,16,896,895,0,35697568,20.0048,1.78445e+06,5137469
frontier,hierarchical,random,10,20,16,896,895,4,35157950,20.0025,1.75768e+06,5138957
frontier,hierarchical,random,10,20,2,112,111,-1,36121276,20.0006,1.80601e+06,5137466
frontier,hierarchical,random,10,20,2,112,111,0,36088600,20.0005,1.80439e+06,5137466
frontier,hierarchical,random,10,20,2,112,111,4,35857680,20.0007,1.79282e+06,5138954
frontier,hierarchical,random,10,20,2,18,17,-1,21297178,20.0001,1.06485e+06,5137466
frontier,hierarchical,random,10,20,2,18,17,0,21294264,20.0001,1.06471e+06,5137466
frontier,hierarchical,random,10,20,2,18,17,4,21251442,20.0002,1.06256e+06,5138954
frontier,hierarchical,random,10,20,2048,114688,114687,-1,35568042,20.1936,1.76136e+06,5137553
frontier,hierarchical,random,10,20,2048,114688,114687,0,11097630,20.8868,531324,5137553
frontier,hierarchical,random,10,20,2048,18432,18431,-1,23704446,20.0505,1.18224e+06,5137553
frontier,hierarchical,random,10,20,2048,18432,18431,0,7406134,20.2219,366244,5137553
frontier,hierarchical,random,10,20,256,14336,14335,-1,34244370,20.0322,1.70947e+06,5137473
frontier,hierarchical,random,10,20,256,14336,14335,0,29486804,20.0913,1.46764e+06,5137473
frontier,hierarchical,random,10,20,256,14336,14335,4,34330552,20.0219,1.71465e+06,5138961
frontier,hierarchical,random,10,20,256,2304,2303,-1,22960782,20.0089,1.14753e+06,5137473
frontier,hierarchical,random,10,20,256,2304,2303,0,17966216,20.0194,897442,5137473
frontier,hierarchical,random,10,20,256,2304,2303,4,20577584,20.0057,1.02859e+06,5138961
frontier,hierarchical,random,10,20,32,1792,1791,-1,35969334,20.0112,1.79746e+06,5137470
frontier,hierarchical,random,10,20,32,1792,1791,0,35618904,20.0109,1.77997e+06,5137470
frontier,hierarchical,random,10,20,32,1792,1791,4,34306322,20.0043,1.71494e+06,5138958
frontier,hierarchical,random,10,20,32,288,287,-1,17951714,20.002,897497,5137470
frontier,hierarchical,random,10,20,32,288,287,0,17978364,20.002,898828,5137470
frontier,hierarchical,random,10,20,32,288,287,4,19872982,20.001,993597,5138958
frontier,hierarchical,random,10,20,4,224,223,-1,35273948,20.0013,1.76358e+06,5137467
frontier,hierarchical,random,10,20,4,224,223,0,35704334,20.0013,1.7851e+06,5137467
frontier,hierarchical,random,10,20,4,224,223,4,35857364,20.0014,1.79275e+06,5138955
frontier,hierarchical,random,10,20,4,36,35,-1,18025910,20.0002,901285,5137467
frontier,hierarchical,random,10,20,4,36,35,0,18067816,20.0003,903379,5137467
frontier,hierarchical,random,10,20,4,36,35,4,17922006,20.0002,896091,5138955
frontier,hierarchical,random,10,20,512,28672,28671,-1,34224574,20.0419,1.70765e+06,5137550
frontier,hierarchical,random,10,20,512,28672,28671,0,11262030,20.1887,557838,5137550
frontier,hierarchical,random,10,20,512,4608,4607,-1,23080078,20.0151,1.15314e+06,5137550
frontier,hierarchical,random,10,20,512,4608,4607,0,17670408,20.0305,882177,5137550
frontier,hierarchical,random,10,20,64,3584,3583,-1,35643494,20.0067,1.78158e+06,5137471
frontier,hierarchical,random,10,20,64,3584,3583,0,36157376,20.021,1.80597e+06,5137471
frontier,hierarchical,random,10,20,64,3584,3583,4,35200404,20.0088,1.75924e+06,5138959
frontier,hierarchical,random,10,20,64,576,575,-1,21845330,20.0019,1.09216e+06,5137471
frontier,hierarchical,random,10,20,64,576,575,0,17913726,20.0045,895486,5137471
frontier,hierarchical,random,10,20,64,576,575,4,20444404,20.0022,1.02211e+06,5138959
frontier,hierarchical,random,10,20,8,448,447,-1,35609620,20.0035,1.78017e+06,5137468
frontier,hierarchical,random,10,20,8,448,447,0,35845932,20.0028,1.79204e+06,5137468
frontier,hierarchical,random,10,20,8,448,447,4,34462382,20.002,1.72295e+06,5138956
frontier,hierarchical,random,10,20,8,72,71,-1,18040580,20.0005,902007,5137468
frontier,hierarchical,random,10,20,8,72,71,0,18026954,20.0006,901320,5137468
frontier,hierarchical,random,10,20,8,72,71,4,20564244,20.0004,1.02819e+06,5138956
frontier,hierarchical,random,100,20,1,56,55,-1,10582928,20.0005,529134,5137465
frontier,hierarchical,random,100,20,1,56,55,0,10583792,20.0007,529172,5137465
frontier,hierarchical,random,100,20,1,56,55,4,10581416,20.0005,529057,5138953
frontier,hierarchical,random,100,20,1,9,8,-1,1379876,20.0005,68992,5137465
frontier,hierarchical,random,100,20,1,9,8,0,1378168,20.0006,68906.3,5137465
frontier,hierarchical,random,100,20,1,9,8,4,1380492,20.0007,69022.3,5138953
frontier,hierarchical,random,100,20,1024,9216,9215,-1,17298110,20.0422,863086,5137552
frontier,hierarchical,random,100,20,1024,9216,9215,0,8882422,20.1008,441894,5137552
frontier,hierarchical,random,100,20,128,1152,1151,-1,19012720,20.0046,950417,5137472
frontier,hierarchical,random,100,20,128,1152,1151,0,9687620,20.0116,484100,5137472
frontier,hierarchical,random,100,20,128,1152,1151,4,14287584,20.0067,714140,5138960
frontier,hierarchical,random,100,20,128,7168,7167,-1,23551354,20.021,1.17633e+06,5137472
frontier,hierarchical,random,100,20,128,7168,7167,0,19340696,20.0544,964413,5137472
frontier,hierarchical,random,100,20,128,7168,7167,4,22510510,20.0235,1.12421e+06,5138960
frontier,hierarchical,random,100,20,16,144,143,-1,11586050,20.0013,579265,5137469
frontier,hierarchical,random,100,20,16,144,143,0,11603328,20.0018,580115,5137469
frontier,hierarchical,random,100,20,16,144,143,4,24547632,20.0009,1.22733e+06,5138957
frontier,hierarchical,random,100,20,16,896,895,-1,20043784,20.0054,1.00192e+06,5137469
frontier,hierarchical,random,100,20,16,896,895,0,20042212,20.0065,1.00179e+06,5137469
frontier,hierarchical,random,100,20,16,896,895,4,25892348,20.0021,1.29448e+06,5138957
frontier,hierarchical,random,100,20,2,112,111,-1,20926802,20.0008,1.0463e+06,5137466
frontier,hierarchical,random,100,20,2,112,111,0,20924440,20.0008,1.04618e+06,5137466
frontier,hierarchical,random,100,20,2,112,111,4,20921314,20.0006,1.04603e+06,5138954
frontier,hierarchical,random,100,20,2,18,17,-1,2902850,20.0008,145137,5137466
frontier,hierarchical,random,100,20,2,18,17,0,2903654,20.0006,145178,5137466
frontier,hierarchical,random,100,20,2,18,17,4,2902304,20.0008,145110,5138954
frontier,hierarchical,random,100,20,2048,114688,114687,-1,25006256,20.3506,1.22878e+06,5137553
frontier,hierarchical,random,100,20,2048,114688,114687,0,8555902,21.1371,404782,5137553
frontier,hierarchical,random,100,20,2048,18432,18431,-1,18019554,20.0569,898421,5137553
frontier,hierarchical,random,100,20,2048,18432,18431,0,5748530,20.2685,283618,5137553
frontier,hierarchical,random,100,20,256,14336,14335,-1,23710020,20.0459,1.18279e+06,5137473
frontier,hierarchical,random,100,20,256,14336,14335,0,13382480,20.119,665165,5137473
frontier,hierarchical,random,100,20,256,14336,14335,4,24196998,20.047,1.20702e+06,5138961
frontier,hierarchical,random,100,20,256,2304,2303,-1,19107752,20.0104,954890,5137473
frontier,hierarchical,random,100,20,256,2304,2303,0,9672848,20.0217,483119,5137473
frontier,hierarchical,random,100,20,256,2304,2303,4,14467822,20.0109,722996,5138961
frontier,hierarchical,random,100,20,32,1792,1791,-1,19928190,20.012,995810,5137470
frontier,hierarchical,random,100,20,32,1792,1791,0,19946032,20.0143,996590,5137470
frontier,hierarchical,random,100,20,32,1792,1791,4,22736228,20.0081,1.13635e+06,5138958
frontier,hierarchical,random,100,20,32,288,287,-1,9679260,20.0032,483885,5137470
frontier,hierarchical,random,100,20,32,288,287,0,9662684,20.0035,483050,5137470
frontier,hierarchical,random,100,20,32,288,287,4,19994036,20.0013,999636,5138958
frontier,hierarchical,random,100,20,4,224,223,-1,21067306,20.0014,1.05329e+06,5137467
frontier,hierarchical,random,100,20,4,224,223,0,21082438,20.0012,1.05406e+06,5137467
frontier,hierarchical,random,100,20,4,224,223,4,21104272,20.0013,1.05514e+06,5138955
frontier,hierarchical,random,100,20,4,36,35,-1,5997556,20.001,299863,5137467
frontier,hierarchical,random,100,20,4,36,35,0,5999974,20.001,299984,5137467
frontier,hierarchical,random,100,20,4,36,35,4,6000046,20.0009,299989,5138955
frontier,hierarchical,random,100,20,512,28672,28671,-1,23031400,20.0734,1.14736e+06,5137550
frontier,hierarchical,random,100,20,512,28672,28671,0,8365852,20.2498,413133,5137550
frontier,hierarchical,random,100,20,512,4608,4607,-1,17248432,20.0163,861719,5137550
frontier,hierarchical,random,100,20,512,4608,4607,0,9446064,20.0428,471294,5137550
frontier,hierarchical,random,100,20,64,3584,3583,-1,24225566,20.0091,1.21073e+06,5137471
frontier,hierarchical,random,100,20,64,3584,3583,0,19848510,20.0258,991147,5137471
frontier,hierarchical,random,100,20,64,3584,3583,4,24555894,20.0118,1.22707e+06,5138959
frontier,hierarchical,random,100,20,64,576,575,-1,20247732,20.0022,1.01228e+06,5137471
frontier,hierarchical,random,100,20,64,576,575,0,9696672,20.006,484688,5137471
frontier,hierarchical,random,100,20,64,576,575,4,17571532,20.0025,878466,5138959
frontier,hierarchical,random,100,20,8,448,447,-1,20172092,20.003,1.00845e+06,5137468
frontier,hierarchical,random,100,20,8,448,447,0,20144764,20.0034,1.00707e+06,5137468
frontier,hierarchical,random,100,20,8,448,447,4,23173128,20.0022,1.15853e+06,5138956
frontier,hierarchical,random,100,20,8,72,71,-1,12193126,20.001,609625,5137468
frontier,hierarchical,random,100,20,8,72,71,0,12194416,20.0009,609692,5137468
frontier,hierarchical,random,100,20,8,72,71,4,12174258,20.0009,608685,5138956
frontier,hierarchical,random,1000,20,1,56,55,-1,1077632,20.0074,53861.7,5137465
frontier,hierarchical,random,1000,20,1,56,55,0,1077848,20.0051,53878.6,5137465
frontier,hierarchical,random,1000,20,1,56,55,4,1078712,20.0043,53924,5138953
frontier,hierarchical,random,1000,20,1,9,8,-1,139700,20.005,6983.25,5137465
frontier,hierarchical,random,1000,20,1,9,8,0,139644,20.0065,6979.94,5137465
frontier,hierarchical,random,1000,20,1,9,8,4,139896,20.0045,6993.24,5138953
frontier,hierarchical,random,1000,20,1024,9216,9215,-1,13747680,20.0592,685354,5137552
frontier,hierarchical,random,1000,20,1024,9216,9215,0,7777612,20.1013,386922,5137552
frontier,hierarchical,random,1000,20,128,1152,1151,-1,20405046,20.0112,1.01968e+06,5137472
frontier,hierarchical,random,1000,20,128,1152,1151,0,20401216,20.0104,1.01953e+06,5137472
frontier,hierarchical,random,1000,20,128,1152,1151,4,20398054,20.0109,1.01935e+06,5138960
frontier,hierarchical,random,1000,20,128,7168,7167,-1,25687886,20.0217,1.283e+06,5137472
frontier,hierarchical,random,1000,20,128,7168,7167,0,10163246,20.0818,506093,5137472
frontier,hierarchical,random,1000,20,128,7168,7167,4,25486836,20.032,1.2723e+06,5138960
frontier,hierarchical,random,1000,20,16,144,143,-1,2533678,20.0113,126612,5137469
frontier,hierarchical,random,1000,20,16,144,143,0,2533416,20.008,126620,5137469
frontier,hierarchical,random,1000,20,16,144,143,4,2532482,20.0102,126559,5138957
frontier,hierarchical,random,1000,20,16,896,895,-1,17526576,20.0099,875896,5137469
frontier,hierarchical,random,1000,20,16,896,895,0,17526482,20.008,875972,5137469
frontier,hierarchical,random,1000,20,16,896,895,4,17522596,20.0101,875689,5138957
frontier,hierarchical,random,1000,20,2,112,111,-1,2172944,20.0079,108604,5137466
frontier,hierarchical,random,1000,20,2,112,111,0,2173920,20.0076,108655,5137466
frontier,hierarchical,random,1000,20,2,112,111,4,2172272,20.0092,108564,5138954
frontier,hierarchical,random,1000,20,2,18,17,-1,299110,20.006,14951,5137466
frontier,hierarchical,random,1000,20,2,18,17,0,299566,20.0065,14973.4,5137466
frontier,hierarchical,random,1000,20,2,18,17,4,299420,20.0084,14964.7,5138954
frontier,hierarchical,random,1000,20,2048,114688,114687,-1,19490756,20.4469,953239,5137553
frontier,hierarchical,random,1000,20,2048,114688,114687,0,6824238,21.4984,317430,5137553
frontier,hierarchical,random,1000,20,2048,18432,18431,-1,19121270,20.0538,953498,5137553
frontier,hierarchical,random,1000,20,2048,18432,18431,0,5523476,20.2189,273184,5137553
frontier,hierarchical,random,1000,20,256,14336,14335,-1,25721236,20.038,1.28362e+06,5137473
frontier,hierarchical,random,1000,20,256,14336,14335,0,6500588,20.1305,322922,5137473
frontier,hierarchical,random,1000,20,256,14336,14335,4,26012350,20.0344,1.29838e+06,5138961
frontier,hierarchical,random,1000,20,256,2304,2303,-1,40781506,20.0126,2.03779e+06,5137473
frontier,hierarchical,random,1000,20,256,2304,2303,0,8533824,20.0314,426023,5137473
frontier,hierarchical,random,1000,20,256,2304,2303,4,40789038,20.0106,2.03837e+06,5138961
frontier,hierarchical,random,1000,20,32,1792,1791,-1,35076286,20.0113,1.75282e+06,5137470
frontier,hierarchical,random,1000,20,32,1792,1791,0,35069032,20.0113,1.75246e+06,5137470
frontier,hierarchical,random,1000,20,32,1792,1791,4,35063354,20.0087,1.7524e+06,5138958
frontier,hierarchical,random,1000,20,32,288,287,-1,5084160,20.0094,254089,5137470
frontier,hierarchical,random,1000,20,32,288,287,0,5086062,20.0096,254181,5137470
frontier,hierarchical,random,1000,20,32,288,287,4,5085816,20.0107,254154,5138958
frontier,hierarchical,random,1000,20,4,224,223,-1,4366804,20.0087,218246,5137467
frontier,hierarchical,random,1000,20,4,224,223,0,4364726,20.0072,218157,5137467
frontier,hierarchical,random,1000,20,4,224,223,4,4366368,20.0082,218229,5138955
frontier,hierarchical,random,1000,20,4,36,35,-1,618048,20.0095,30887.7,5137467
frontier,hierarchical,random,1000,20,4,36,35,0,618142,20.0082,30894.4,5137467
frontier,hierarchical,random,1000,20,4,36,35,4,617874,20.0068,30883.3,5138955
frontier,hierarchical,random,1000,20,512,28672,28671,-1,18591978,20.0953,925192,5137550
frontier,hierarchical,random,1000,20,512,28672,28671,0,6485934,20.3622,318529,5137550
frontier,hierarchical,random,1000,20,512,4608,4607,-1,25216218,20.0251,1.25923e+06,5137550
frontier,hierarchical,random,1000,20,512,4608,4607,0,8340740,20.0619,415750,5137550
frontier,hierarchical,random,1000,20,64,3584,3583,-1,23635740,20.0169,1.18079e+06,5137471
frontier,hierarchical,random,1000,20,64,3584,3583,0,10545208,20.0392,526230,5137471
frontier,hierarchical,random,1000,20,64,3584,3583,4,68976594,20.0153,3.44619e+06,5138959
frontier,hierarchical,random,1000,20,64,576,575,-1,10191852,20.0099,509341,5137471
frontier,hierarchical,random,1000,20,64,576,575,0,10190666,20.009,509305,5137471
frontier,hierarchical,random,1000,20,64,576,575,4,10186038,20.0103,509039,5138959
frontier,hierarchical,random,1000,20,8,448,447,-1,8752216,20.0088,437419,5137468
frontier,hierarchical,random,1000,20,8,448,447,0,8753090,20.0095,437446,5137468
frontier,hierarchical,random,1000,20,8,448,447,4,8749590,20.0083,437298,5138956
frontier,hierarchical,random,1000,20,8,72,71,-1,1255162,20.0088,62730.5,5137468
frontier,hierarchical,random,1000,20,8,72,71,0,1256790,20.0098,62808.9,5137468
frontier,hierarchical,random,1000,20,8,72,71,4,1257334,20.0098,62835.9,5138956
frontier,hierarchical,random,10000,20,1,56,55,-1,108224,20.0524,5397.06,5137465
frontier,hierarchical,random,10000,20,1,56,55,0,108440,20.0767,5401.28,5137465
frontier,hierarchical,random,10000,20,1,9,8,-1,14064,20.0869,700.158,5137465
frontier,hierarchical,random,10000,20,1,9,8,0,14036,20.0628,699.605,5137465
frontier,hierarchical,random,10000,20,1024,9216,9215,-1,16424164,20.1005,817101,5137552
frontier,hierarchical,random,10000,20,1024,9216,9215,0,16427076,20.0972,817382,5137552
frontier,hierarchical,random,10000,20,128,1152,1151,-1,2053952,20.1155,102108,5137472
frontier,hierarchical,random,10000,20,128,1152,1151,0,2053442,20.0991,102166,5137472
frontier,hierarchical,random,10000,20,128,7168,7167,-1,14115750,20.092,702555,5137472
frontier,hierarchical,random,10000,20,128,7168,7167,0,14125948,20.0979,702859,5137472
frontier,hierarchical,random,10000,20,16,144,143,-1,254856,20.08,12692,5137469
frontier,hierarchical,random,10000,20,16,144,143,0,254994,20.0749,12702.2,5137469
frontier,hierarchical,random,10000,20,16,896,895,-1,1763580,20.0886,87790.3,5137469
frontier,hierarchical,random,10000,20,16,896,895,0,1763470,20.0881,87786.7,5137469
frontier,hierarchical,random,10000,20,2,112,111,-1,218786,20.0707,10900.8,5137466
frontier,hierarchical,random,10000,20,2,112,111,0,218790,20.0931,10888.8,5137466
frontier,hierarchical,random,10000,20,2,18,17,-1,30084,20.0693,1499.01,5137466
frontier,hierarchical,random,10000,20,2,18,17,0,29992,20.0761,1493.92,5137466
frontier,hierarchical,random,10000,20,2048,114688,114687,-1,20157288,21.1007,955292,5137553
frontier,hierarchical,random,10000,20,2048,114688,114687,0,7254104,21.4806,337704,5137553
frontier,hierarchical,random,10000,20,2048,18432,18431,-1,32800854,20.1258,1.62979e+06,5137553
frontier,hierarchical,random,10000,20,2048,18432,18431,0,6084078,20.2413,300577,5137553
frontier,hierarchical,random,10000,20,256,14336,14335,-1,28174482,20.0849,1.40277e+06,5137473
frontier,hierarchical,random,10000,20,256,14336,14335,0,28232784,20.1092,1.40397e+06,5137473
frontier,hierarchical,random,10000,20,256,2304,2303,-1,4107010,20.1056,204272,5137473
frontier,hierarchical,random,10000,20,256,2304,2303,0,4106716,20.098,204335,5137473
frontier,hierarchical,random,10000,20,32,1792,1791,-1,3527622,20.0838,175646,5137470
frontier,hierarchical,random,10000,20,32,1792,1791,0,3531250,20.0989,175694,5137470
frontier,hierarchical,random,10000,20,32,288,287,-1,511666,20.1007,25455.1,5137470
frontier,hierarchical,random,10000,20,32,288,287,0,511218,20.0869,25450.3,5137470
frontier,hierarchical,random,10000,20,4,224,223,-1,439032,20.088,21855.5,5137467
frontier,hierarchical,random,10000,20,4,224,223,0,439580,20.0823,21888.9,5137467
frontier,hierarchical,random,10000,20,4,36,35,-1,61970,20.0766,3086.68,5137467
frontier,hierarchical,random,10000,20,4,36,35,0,62344,20.0903,3103.19,5137467
frontier,hierarchical,random,10000,20,512,28672,28671,-1,55693508,20.2001,2.7571e+06,5137550
frontier,hierarchical,random,10000,20,512,28672,28671,0,6984450,20.3431,343333,5137550
frontier,hierarchical,random,10000,20,512,4608,4607,-1,8220054,20.1102,408751,5137550
frontier,hierarchical,random,10000,20,512,4608,4607,0,8213630,20.0981,408677,5137550
frontier,hierarchical,random,10000,20,64,3584,3583,-1,7053494,20.0946,351014,5137471
frontier,hierarchical,random,10000,20,64,3584,3583,0,7057238,20.087,351333,5137471
frontier,hierarchical,random,10000,20,64,576,575,-1,1025120,20.0969,51008.9,5137471
frontier,hierarchical,random,10000,20,64,576,575,0,1025748,20.095,51044.9,5137471
frontier,hierarchical,random,10000,20,8,448,447,-1,879740,20.0849,43801.2,5137468
frontier,hierarchical,random,10000,20,8,448,447,0,880844,20.086,43853.7,5137468
frontier,hierarchical,random,10000,20,8,72,71,-1,126302,20.0906,6286.62,5137468
frontier,hierarchical,random,10000,20,8,72,71,0,126088,20.0796,6279.42,5137468
frontier,hierarchical,random,100000,20,1,56,55,-1,11020,20.6947,532.503,5137465
frontier,hierarchical,random,100000,20,1,56,55,0,11128,20.684,538.001,5137465
frontier,hierarchical,random,100000,20,1,9,8,-1,1488,20.6843,71.9387,5137465
frontier,hierarchical,random,100000,20,1,9,8,0,1460,20.6596,70.6692,5137465
frontier,hierarchical,random,100000,20,1024,9216,9215,-1,1705860,21.1764,80554.7,5137552
frontier,hierarchical,random,100000,20,1024,9216,9215,0,1700108,21.0707,80685.8,5137552
frontier,hierarchical,random,100000,20,128,1152,1151,-1,212806,21.0966,10087.2,5137472
frontier,hierarchical,random,100000,20,128,1152,1151,0,212034,20.9789,10107,5137472
frontier,hierarchical,random,100000,20,128,7168,7167,-1,1450034,20.9547,69198.6,5137472
frontier,hierarchical,random,100000,20,128,7168,7167,0,1457254,20.9302,69624.5,5137472
frontier,hierarchical,random,100000,20,16,144,143,-1,26478,20.9826,1261.9,5137469
frontier,hierarchical,random,100000,20,16,144,143,0,26454,20.9257,1264.18,5137469
frontier,hierarchical,random,100000,20,16,896,895,-1,181688,20.9355,8678.45,5137469
frontier,hierarchical,random,100000,20,16,896,895,0,181906,20.8992,8703.99,5137469
frontier,hierarchical,random,100000,20,2,112,111,-1,22462,20.7666,1081.64,5137466
frontier,hierarchical,random,100000,20,2,112,111,0,22462,20.8268,1078.51,5137466
frontier,hierarchical,random,100000,20,2,18,17,-1,3144,20.7782,151.312,5137466
frontier,hierarchical,random,100000,20,2,18,17,0,3068,20.801,147.493,5137466
frontier,hierarchical,random,100000,20,2048,114688,114687,-1,23314274,21.0972,1.10509e+06,5137553
frontier,hierarchical,random,100000,20,2048,114688,114687,0,23334918,21.3918,1.09083e+06,5137553
frontier,hierarchical,random,100000,20,2048,18432,18431,-1,3412280,21.1507,161332,5137553
frontier,hierarchical,random,100000,20,2048,18432,18431,0,3398850,21.0459,161497,5137553
frontier,hierarchical,random,100000,20,256,14336,14335,-1,2898596,20.952,138345,5137473
frontier,hierarchical,random,100000,20,256,14336,14335,0,2914936,20.9678,139019,5137473
frontier,hierarchical,random,100000,20,256,2304,2303,-1,425848,21.1151,20168,5137473
frontier,hierarchical,random,100000,20,256,2304,2303,0,425692,21.0748,20199.1,5137473
frontier,hierarchical,random,100000,20,32,1792,1791,-1,363910,20.8905,17419.9,5137470
frontier,hierarchical,random,100000,20,32,1792,1791,0,363030,20.9105,17361.1,5137470
frontier,hierarchical,random,100000,20,32,288,287,-1,53086,21.0011,2527.78,5137470
frontier,hierarchical,random,100000,20,32,288,287,0,52708,20.9634,2514.28,5137470
frontier,hierarchical,random,100000,20,4,224,223,-1,45240,20.8084,2174.13,5137467
frontier,hierarchical,random,100000,20,4,224,223,0,45458,20.8466,2180.6,5137467
frontier,hierarchical,random,100000,20,4,36,35,-1,6462,20.7701,311.12,5137467
frontier,hierarchical,random,100000,20,4,36,35,0,6404,20.902,306.382,5137467
frontier,hierarchical,random,100000,20,512,28672,28671,-1,5813850,20.9976,276882,5137550
frontier,hierarchical,random,100000,20,512,28672,28671,0,5841740,21.0086,278064,5137550
frontier,hierarchical,random,100000,20,512,4608,4607,-1,851322,21.0609,40421.8,5137550
frontier,hierarchical,random,100000,20,512,4608,4607,0,849360,21.0464,40356.6,5137550
frontier,hierarchical,random,100000,20,64,3584,3583,-1,726494,20.933,34705.7,5137471
frontier,hierarchical,random,100000,20,64,3584,3583,0,729348,20.9513,34811.6,5137471
frontier,hierarchical,random,100000,20,64,576,575,-1,106476,21.0564,5056.69,5137471
frontier,hierarchical,random,100000,20,64,576,575,0,106034,20.9906,5051.51,5137471
frontier,hierarchical,random,100000,20,8,448,447,-1,91014,20.9204,4350.49,5137468
frontier,hierarchical,random,100000,20,8,448,447,0,90686,20.834,4352.79,5137468
frontier,hierarchical,random,100000,20,8,72,71,-1,13074,21.0252,621.826,5137468
frontier,hierarchical,random,100000,20,8,72,71,0,12960,20.8478,621.649,5137468
frontier,hierarchical,random,1000000,20,1,56,55,-1,1408,27.1524,51.8555,5137465
frontier,hierarchical,random,1000000,20,1,56,55,0,1408,27.5217,51.1596,5137465
frontier,hierarchical,random,1000000,20,1,9,8,-1,172,27.9653,6.15049,5137465
frontier,hierarchical,random,1000000,20,1,9,8,0,186,26.6426,6.98131,5137465
frontier,hierarchical,random,1000000,20,1024,9216,9215,-1,233104,31.5661,7384.63,5137552
frontier,hierarchical,random,1000000,20,1024,9216,9215,0,230866,31.4237,7346.87,5137552
frontier,hierarchical,random,1000000,20,128,1152,1151,-1,28988,30.8692,939.06,5137472
frontier,hierarchical,random,1000000,20,128,1152,1151,0,28724,30.5299,940.848,5137472
frontier,hierarchical,random,1000000,20,128,7168,7167,-1,190776,30.3229,6291.47,5137472
frontier,hierarchical,random,1000000,20,128,7168,7167,0,197164,30.176,6533.8,5137472
frontier,hierarchical,random,1000000,20,16,144,143,-1,3636,30.3678,119.732,5137469
frontier,hierarchical,random,1000000,20,16,144,143,0,3572,29.9212,119.38,5137469
frontier,hierarchical,random,1000000,20,16,896,895,-1,24566,29.6136,829.551,5137469
frontier,hierarchical,random,1000000,20,16,896,895,0,24456,29.3903,832.112,5137469
frontier,hierarchical,random,1000000,20,2,112,111,-1,2952,29.152,101.262,5137466
frontier,hierarchical,random,1000000,20,2,112,111,0,2842,27.7862,102.281,5137466
frontier,hierarchical,random,1000000,20,2,18,17,-1,428,28.4513,15.0432,5137466
frontier,hierarchical,random,1000000,20,2,18,17,0,412,28.9641,14.2245,5137466
frontier,hierarchical,random,1000000,20,2048,114688,114687,-1,3049884,30.3542,100476,5137553
frontier,hierarchical,random,1000000,20,2048,114688,114687,0,3150534,30.3834,103692,5137553
frontier,hierarchical,random,1000000,20,2048,18432,18431,-1,466322,31.6347,14740.9,5137553
frontier,hierarchical,random,1000000,20,2048,18432,18431,0,460980,31.3245,14716.3,5137553
frontier,hierarchical,random,1000000,20,256,14336,14335,-1,378068,30.2558,12495.7,5137473
frontier,hierarchical,random,1000000,20,256,14336,14335,0,394136,30.2901,13012.1,5137473
frontier,hierarchical,random,1000000,20,256,2304,2303,-1,58202,31.2282,1863.77,5137473
frontier,hierarchical,random,1000000,20,256,2304,2303,0,57558,30.9369,1860.5,5137473
frontier,hierarchical,random,1000000,20,32,1792,1791,-1,49270,29.9501,1645.07,5137470
frontier,hierarchical,random,1000000,20,32,1792,1791,0,49270,29.8569,1650.2,5137470
frontier,hierarchical,random,1000000,20,32,288,287,-1,7126,31.03,229.649,5137470
frontier,hierarchical,random,1000000,20,32,288,287,0,7204,30.5388,235.897,5137470
frontier,hierarchical,random,1000000,20,4,224,223,-1,5928,29.1776,203.169,5137467
frontier,hierarchical,random,1000000,20,4,224,223,0,6038,29.2388,206.506,5137467
frontier,hierarchical,random,1000000,20,4,36,35,-1,882,30.3435,29.0672,5137467
frontier,hierarchical,random,1000000,20,4,36,35,0,854,28.9081,29.5419,5137467
frontier,hierarchical,random,1000000,20,512,28672,28671,-1,763334,30.1603,25309.3,5137550
frontier,hierarchical,random,1000000,20,512,28672,28671,0,787090,30.0798,26166.7,5137550
frontier,hierarchical,random,1000000,20,512,4608,4607,-1,116158,31.4224,3696.66,5137550
frontier,hierarchical,random,1000000,20,512,4608,4607,0,115588,30.9577,3733.73,5137550
frontier,hierarchical,random,1000000,20,64,3584,3583,-1,95638,30.41,3144.95,5137471
frontier,hierarchical,random,1000000,20,64,3584,3583,0,98348,29.8055,3299.66,5137471
frontier,hierarchical,random,1000000,20,64,576,575,-1,14374,31.4529,457.001,5137471
frontier,hierarchical,random,1000000,20,64,576,575,0,14310,30.7942,464.699,5137471
frontier,hierarchical,random,1000000,20,8,448,447,-1,12214,29.4945,414.111,5137468
frontier,hierarchical,random,1000000,20,8,448,447,0,12214,29.4513,414.718,5137468
frontier,hierarchical,random,1000000,20,8,72,71,-1,1766,30.0314,58.8051,5137468
frontier,hierarchical,random,1000000,20,8,72,71,0,1748,29.4722,59.3102,5137468
frontier,hierarchical_lockfree_rma,fixed,10,20,1,56,55,-1,5120076,20.0001,256003,5137465
frontier,hierarchical_lockfree_rma,fixed,10,20,1,56,55,0,5126286,20,256314,5137465
frontier,hierarchical_lockfree_rma,fixed,10,20,1,56,55,4,5130336,20.0001,256516,5138953
frontier,hierarchical_lockfree_rma,fixed,10,20,1,9,8,-1,1128602,20,56430.1,5137465
frontier,hierarchical_lockfree_rma,fixed,10,20,1,9,8,0,1132165,20,56608.2,5137465
frontier,hierarchical_lockfree_rma,fixed,10,20,1,9,8,4,1143504,20.0001,57174.9,5138953
frontier,hierarchical_lockfree_rma,fixed,10,20,128,1152,1151,-1,58435328,20.0009,2.92164e+06,5137472
frontier,hierarchical_lockfree_rma,fixed,10,20,128,1152,1151,0,38719276,20.0005,1.93591e+06,5137472
frontier,hierarchical_lockfree_rma,fixed,10,20,128,1152,1151,4,8632640,20.0005,431621,5138960
frontier,hierarchical_lockfree_rma,fixed,10,20,128,7168,7167,-1,208000000,20.001,1.03995e+07,5137472
frontier,hierarchical_lockfree_rma,fixed,10,20,128,7168,7167,0,226751695,20.0009,1.13371e+07,5137472
frontier,hierarchical_lockfree_rma,fixed,10,20,128,7168,7167,4,27483349,20.0015,1.37407e+06,5138960
frontier,hierarchical_lockfree_rma,fixed,10,20,16,144,143,-1,13137436,20.0005,656857,5137469
frontier,hierarchical_lockfree_rma,fixed,10,20,16,144,143,0,13170129,20,658506,5137469
frontier,hierarchical_lockfree_rma,fixed,10,20,16,144,143,4,8605720,20,430285,5138957
frontier,hierarchical_lockfree_rma,fixed,10,20,16,896,895,-1,58351180,20.0003,2.91752e+06,5137469
frontier,hierarchical_lockfree_rma,fixed,10,20,16,896,895,0,58273997,20.0001,2.91368e+06,5137469
frontier,hierarchical_lockfree_rma,fixed,10,20,16,896,895,4,32509477,20.0003,1.62545e+06,5138957
frontier,hierarchical_lockfree_rma,fixed,10,20,2,112,111,-1,7600225,20.0001,380010,5137466
frontier,hierarchical_lockfree_rma,fixed,10,20,2,112,111,0,7601920,20.0001,380094,5137466
frontier,hierarchical_lockfree_rma,fixed,10,20,2,112,111,4,7542555,20.0002,377123,5138954
frontier,hierarchical_lockfree_rma,fixed,10,20,2,18,17,-1,1984221,20,99210.9,5137466
frontier,hierarchical_lockfree_rma,fixed,10,20,2,18,17,0,1983511,20,99175.4,5137466
frontier,hierarchical_lockfree_rma,fixed,10,20,2,18,17,4,1939781,20.0001,96988.7,5138954
frontier,hierarchical_lockfree_rma,fixed,10,20,2048,114688,114687,-1,499999999,10.5163,4.75454e+07,5137553
frontier,hierarchical_lockfree_rma,fixed,10,20,2048,114688,114687,0,339692126,20.0027,1.69823e+07,5137553
frontier,hierarchical_lockfree_rma,fixed,10,20,2048,18432,18431,-1,430345209,20.0003,2.1517e+07,5137553
frontier,hierarchical_lockfree_rma,fixed,10,20,2048,18432,18431,0,74764183,20.0009,3.73804e+06,5137553
frontier,hierarchical_lockfree_rma,fixed,10,20,256,14336,14335,-1,381882032,20.0017,1.90924e+07,5137473
frontier,hierarchical_lockfree_rma,fixed,10,20,256,14336,14335,0,295630242,20.0017,1.47803e+07,5137473
frontier,hierarchical_lockfree_rma,fixed,10,20,256,14336,14335,4,56490483,20.0004,2.82447e+06,5138961
frontier,hierarchical_lockfree_rma,fixed,10,20,256,2304,2303,-1,114839736,20.0007,5.74178e+06,5137473
frontier,hierarchical_lockfree_rma,fixed,10,20,256,2304,2303,0,52860960,20.0007,2.64295e+06,5137473
frontier,hierarchical_lockfree_rma,fixed,10,20,256,2304,2303,4,19109944,20.0009,955455,5138961
frontier,hierarchical_lockfree_rma,fixed,10,20,32,1792,1791,-1,111232297,20.0003,5.56154e+06,5137470
frontier,hierarchical_lockfree_rma,fixed,10,20,32,1792,1791,0,111201851,20.0002,5.56003e+06,5137470
frontier,hierarchical_lockfree_rma,fixed,10,20,32,1792,1791,4,27951604,20.0012,1.3975e+06,5138958
frontier,hierarchical_lockfree_rma,fixed,10,20,32,288,287,-1,20627536,20.0002,1.03137e+06,5137470
frontier,hierarchical_lockfree_rma,fixed,10,20,32,288,287,0,20586885,20.0003,1.02933e+06,5137470
frontier,hierarchical_lockfree_rma,fixed,10,20,32,288,287,4,8664960,20.0001,433246,5138958
frontier,hierarchical_lockfree_rma,fixed,10,20,4,224,223,-1,15344332,20.0003,767207,5137467
frontier,hierarchical_lockfree_rma,fixed,10,20,4,224,223,0,15337601,20.0003,766868,5137467
frontier,hierarchical_lockfree_rma,fixed,10,20,4,224,223,4,15345589,20.0003,767269,5138955
frontier,hierarchical_lockfree_rma,fixed,10,20,4,36,35,-1,3927923,20.0001,196395,5137467
frontier,hierarchical_lockfree_rma,fixed,10,20,4,36,35,0,3918273,20.0001,195913,5137467
frontier,hierarchical_lockfree_rma,fixed,10,20,4,36,35,4,3990309,20,199515,5138955
frontier,hierarchical_lockfree_rma,fixed,10,20,512,28672,28671,-1,499999999,18.2517,2.73947e+07,5137550
frontier,hierarchical_lockfree_rma,fixed,10,20,512,28672,28671,0,335778983,20.0014,1.67878e+07,5137550
frontier,hierarchical_lockfree_rma,fixed,10,20,512,4608,4607,-1,169924600,20.0016,8.49553e+06,5137550
frontier,hierarchical_lockfree_rma,fixed,10,20,512,4608,4607,0,61093689,20.0007,3.05457e+06,5137550
frontier,hierarchical_lockfree_rma,fixed,10,20,64,3584,3583,-1,122000000,20.0045,6.09863e+06,5137471
frontier,hierarchical_lockfree_rma,fixed,10,20,64,3584,3583,0,153967023,20.002,7.69756e+06,5137471
frontier,hierarchical_lockfree_rma,fixed,10,20,64,3584,3583,4,55573829,20.0017,2.77845e+06,5138959
frontier,hierarchical_lockfree_rma,fixed,10,20,64,576,575,-1,32545672,20.0006,1.62724e+06,5137471
frontier,hierarchical_lockfree_rma,fixed,10,20,64,576,575,0,25394505,20.0002,1.26971e+06,5137471
frontier,hierarchical_lockfree_rma,fixed,10,20,64,576,575,4,17855808,20.0001,892787,5138959
frontier,hierarchical_lockfree_rma,fixed,10,20,8,448,447,-1,29601607,20.0002,1.48007e+06,5137468
frontier,hierarchical_lockfree_rma,fixed,10,20,8,448,447,0,29453305,20.0005,1.47263e+06,5137468
frontier,hierarchical_lockfree_rma,fixed,10,20,8,448,447,4,15596741,20.0005,779819,5138956
frontier,hierarchical_lockfree_rma,fixed,10,20,8,72,71,-1,7701602,20.0001,385078,5137468
frontier,hierarchical_lockfree_rma,fixed,10,20,8,72,71,0,7698081,20.0001,384903,5137468
frontier,hierarchical_lockfree_rma,fixed,10,20,8,72,71,4,4261516,20.0001,213075,5138956
frontier,hierarchical_lockfree_rma,fixed,100,20,1,56,55,-1,7492582,20.0001,374628,5137465
frontier,hierarchical_lockfree_rma,fixed,100,20,1,56,55,0,7539861,20.0001,376992,5137465
frontier,hierarchical_lockfree_rma,fixed,100,20,1,56,55,4,7533407,20.0001,376669,5138953
frontier,hierarchical_lockfree_rma,fixed,100,20,1,9,8,-1,1104644,20,55232.2,5137465
frontier,hierarchical_lockfree_rma,fixed,100,20,1,9,8,0,1070440,20.0001,53521.8,5137465
frontier,hierarchical_lockfree_rma,fixed,100,20,1,9,8,4,1060487,20.0001,53024.1,5138953
frontier,hierarchical_lockfree_rma,fixed,100,20,128,1152,1151,-1,59838904,20.0009,2.99181e+06,5137472
frontier,hierarchical_lockfree_rma,fixed,100,20,128,1152,1151,0,38276733,20.0003,1.91381e+06,5137472
frontier,hierarchical_lockfree_rma,fixed,100,20,128,1152,1151,4,7513387,20.0005,375661,5138960
frontier,hierarchical_lockfree_rma,fixed,100,20,128,7168,7167,-1,213043869,20.0013,1.06515e+07,5137472
frontier,hierarchical_lockfree_rma,fixed,100,20,128,7168,7167,0,227390227,20.0016,1.13686e+07,5137472
frontier,hierarchical_lockfree_rma,fixed,100,20,128,7168,7167,4,28717449,20.0009,1.43581e+06,5138960
frontier,hierarchical_lockfree_rma,fixed,100,20,16,144,143,-1,13224109,20.0002,661199,5137469
frontier,hierarchical_lockfree_rma,fixed,100,20,16,144,143,0,13245789,20.0002,662283,5137469
frontier,hierarchical_lockfree_rma,fixed,100,20,16,144,143,4,8738426,20.0001,436920,5138957
frontier,hierarchical_lockfree_rma,fixed,100,20,16,896,895,-1,57909119,20.0007,2.89535e+06,5137469
frontier,hierarchical_lockfree_rma,fixed,100,20,16,896,895,0,57974460,20.0007,2.89862e+06,5137469
frontier,hierarchical_lockfree_rma,fixed,100,20,16,896,895,4,34707706,20.0008,1.73532e+06,5138957
frontier,hierarchical_lockfree_rma,fixed,100,20,2,112,111,-1,8122348,20.0001,406116,5137466
frontier,hierarchical_lockfree_rma,fixed,100,20,2,112,111,0,8129922,20.0001,406494,5137466
frontier,hierarchical_lockfree_rma,fixed,100,20,2,112,111,4,8105398,20.0001,405269,5138954
frontier,hierarchical_lockfree_rma,fixed,100,20,2,18,17,-1,1996792,20.0001,99839.2,5137466
frontier,hierarchical_lockfree_rma,fixed,100,20,2,18,17,0,2004668,20,100233,5137466
frontier,hierarchical_lockfree_rma,fixed,100,20,2,18,17,4,1972959,20,98647.8,5138954
frontier,hierarchical_lockfree_rma,fixed,100,20,2048,114688,114687,-1,499999999,10.3588,4.82683e+07,5137553
frontier,hierarchical_lockfree_rma,fixed,100,20,2048,114688,114687,0,336000000,20.0012,1.6799e+07,5137553
frontier,hierarchical_lockfree_rma,fixed,100,20,2048,18432,18431,-1,429974971,20.0017,2.14969e+07,5137553
frontier,hierarchical_lockfree_rma,fixed,100,20,2048,18432,18431,0,76270451,20.0002,3.81349e+06,5137553
frontier,hierarchical_lockfree_rma,fixed,100,20,256,14336,14335,-1,390000000,20.0064,1.94937e+07,5137473
frontier,hierarchical_lockfree_rma,fixed,100,20,256,14336,14335,0,296056422,20.0002,1.48027e+07,5137473
frontier,hierarchical_lockfree_rma,fixed,100,20,256,14336,14335,4,60000000,20.0164,2.99754e+06,5138961
frontier,hierarchical_lockfree_rma,fixed,100,20,256,2304,2303,-1,115173496,20.001,5.75839e+06,5137473
frontier,hierarchical_lockfree_rma,fixed,100,20,256,2304,2303,0,52088376,20.0002,2.6044e+06,5137473
frontier,hierarchical_lockfree_rma,fixed,100,20,256,2304,2303,4,15497620,20.0012,774836,5138961
frontier,hierarchical_lockfree_rma,fixed,100,20,32,1792,1791,-1,109256576,20,5.46282e+06,5137470
frontier,hierarchical_lockfree_rma,fixed,100,20,32,1792,1791,0,109308958,20.0002,5.4654e+06,5137470
frontier,hierarchical_lockfree_rma,fixed,100,20,32,1792,1791,4,28852908,20.0004,1.44262e+06,5138958
frontier,hierarchical_lockfree_rma,fixed,100,20,32,288,287,-1,20413172,20.0001,1.02065e+06,5137470
frontier,hierarchical_lockfree_rma,fixed,100,20,32,288,287,0,20425886,20.0002,1.02129e+06,5137470
frontier,hierarchical_lockfree_rma,fixed,100,20,32,288,287,4,7576916,20.0001,378843,5138958
frontier,hierarchical_lockfree_rma,fixed,100,20,4,224,223,-1,15939865,20.0002,796987,5137467
frontier,hierarchical_lockfree_rma,fixed,100,20,4,224,223,0,15941349,20.0001,797061,5137467
frontier,hierarchical_lockfree_rma,fixed,100,20,4,224,223,4,15978853,20.0002,798933,5138955
frontier,hierarchical_lockfree_rma,fixed,100,20,4,36,35,-1,3986825,20.0005,199336,5137467
frontier,hierarchical_lockfree_rma,fixed,100,20,4,36,35,0,3979931,20,198996,5137467
frontier,hierarchical_lockfree_rma,fixed,100,20,4,36,35,4,3984216,20.0001,199210,5138955
frontier,hierarchical_lockfree_rma,fixed,100,20,512,28672,28671,-1,499999999,18.0879,2.76428e+07,5137550
frontier,hierarchical_lockfree_rma,fixed,100,20,512,28672,28671,0,334536534,20.0008,1.67261e+07,5137550
frontier,hierarchical_lockfree_rma,fixed,100,20,512,4608,4607,-1,174391006,20.0004,8.71939e+06,5137550
frontier,hierarchical_lockfree_rma,fixed,100,20,512,4608,4607,0,61551370,20.0016,3.07733e+06,5137550
frontier,hierarchical_lockfree_rma,fixed,100,20,64,3584,3583,-1,131150198,20.0013,6.55707e+06,5137471
frontier,hierarchical_lockfree_rma,fixed,100,20,64,3584,3583,0,154901529,20.0011,7.74464e+06,5137471
frontier,hierarchical_lockfree_rma,fixed,100,20,64,3584,3583,4,58309637,20.0003,2.91543e+06,5138959
frontier,hierarchical_lockfree_rma,fixed,100,20,64,576,575,-1,32879096,20.0001,1.64395e+06,5137471
frontier,hierarchical_lockfree_rma,fixed,100,20,64,576,575,0,25336840,20,1.26684e+06,5137471
frontier,hierarchical_lockfree_rma,fixed,100,20,64,576,575,4,15219487,20.0003,760964,5138959
frontier,hierarchical_lockfree_rma,fixed,100,20,8,448,447,-1,30781603,20.0005,1.53904e+06,5137468
frontier,hierarchical_lockfree_rma,fixed,100,20,8,448,447,0,30799167,20.0005,1.53992e+06,5137468
frontier,hierarchical_lockfree_rma,fixed,100,20,8,448,447,4,17241861,20.0003,862079,5138956
frontier,hierarchical_lockfree_rma,fixed,100,20,8,72,71,-1,7726131,20.0002,386303,5137468
frontier,hierarchical_lockfree_rma,fixed,100,20,8,72,71,0,7677083,20,383854,5137468
frontier,hierarchical_lockfree_rma,fixed,100,20,8,72,71,4,4409532,20.0001,220475,5138956
frontier,hierarchical_lockfree_rma,fixed,1000,20,1,56,55,-1,1030338,20.0001,51516.5,5137465
frontier,hierarchical_lockfree_rma,fixed,1000,20,1,56,55,0,1029906,20.0001,51495.1,5137465
frontier,hierarchical_lockfree_rma,fixed,1000,20,1,56,55,4,1034334,20.0001,51716.5,5138953
frontier,hierarchical_lockfree_rma,fixed,1000,20,1,9,8,-1,134132,20.0001,6706.57,5137465
frontier,hierarchical_lockfree_rma,fixed,1000,20,1,9,8,0,133971,20,6698.55,5137465
frontier,hierarchical_lockfree_rma,fixed,1000,20,1,9,8,4,134223,20,6711.13,5138953
frontier,hierarchical_lockfree_rma,fixed,1000,20,128,1152,1151,-1,18447768,20.0002,922381,5137472
frontier,hierarchical_lockfree_rma,fixed,1000,20,128,1152,1151,0,19099136,20.0006,954929,5137472
frontier,hierarchical_lockfree_rma,fixed,1000,20,128,1152,1151,4,1767085,20.0006,88351.8,5138960
frontier,hierarchical_lockfree_rma,fixed,1000,20,128,7168,7167,-1,120826137,20.0008,6.04106e+06,5137472
frontier,hierarchical_lockfree_rma,fixed,1000,20,128,7168,7167,0,123357281,20.0012,6.16748e+06,5137472
frontier,hierarchical_lockfree_rma,fixed,1000,20,128,7168,7167,4,10577790,20.0006,528873,5138960
frontier,hierarchical_lockfree_rma,fixed,1000,20,16,144,143,-1,2305217,20.0001,115260,5137469
frontier,hierarchical_lockfree_rma,fixed,1000,20,16,144,143,0,2307618,20.0001,115380,5137469
frontier,hierarchical_lockfree_rma,fixed,1000,20,16,144,143,4,2319228,20.0001,115961,5138957
frontier,hierarchical_lockfree_rma,fixed,1000,20,16,896,895,-1,16040340,20.001,801978,5137469
frontier,hierarchical_lockfree_rma,fixed,1000,20,16,896,895,0,15949966,20.0008,797466,5137469
frontier,hierarchical_lockfree_rma,fixed,1000,20,16,896,895,4,16100264,20.0009,804976,5138957
frontier,hierarchical_lockfree_rma,fixed,1000,20,2,112,111,-1,1974943,20.0002,98746.1,5137466
frontier,hierarchical_lockfree_rma,fixed,1000,20,2,112,111,0,1967895,20.0002,98393.9,5137466
frontier,hierarchical_lockfree_rma,fixed,1000,20,2,112,111,4,1976093,20.0002,98803.7,5138954
frontier,hierarchical_lockfree_rma,fixed,1000,20,2,18,17,-1,273092,20.0001,13654.6,5137466
frontier,hierarchical_lockfree_rma,fixed,1000,20,2,18,17,0,273035,20.0001,13651.7,5137466
frontier,hierarchical_lockfree_rma,fixed,1000,20,2,18,17,4,273614,20,13680.7,5138954
frontier,hierarchical_lockfree_rma,fixed,1000,20,2048,114688,114687,-1,499999999,12.5866,3.97249e+07,5137553
frontier,hierarchical_lockfree_rma,fixed,1000,20,2048,114688,114687,0,328388943,20.0006,1.64189e+07,5137553
frontier,hierarchical_lockfree_rma,fixed,1000,20,2048,18432,18431,-1,261549400,20.0011,1.30767e+07,5137553
frontier,hierarchical_lockfree_rma,fixed,1000,20,2048,18432,18431,0,74000000,20.012,3.69778e+06,5137553
frontier,hierarchical_lockfree_rma,fixed,1000,20,256,14336,14335,-1,227112316,20.0008,1.13552e+07,5137473
frontier,hierarchical_lockfree_rma,fixed,1000,20,256,14336,14335,0,235947442,20.0013,1.17966e+07,5137473
frontier,hierarchical_lockfree_rma,fixed,1000,20,256,14336,14335,4,20948340,20.0008,1.04738e+06,5138961
frontier,hierarchical_lockfree_rma,fixed,1000,20,256,2304,2303,-1,36656672,20.0007,1.83277e+06,5137473
frontier,hierarchical_lockfree_rma,fixed,1000,20,256,2304,2303,0,38760846,20.0005,1.93799e+06,5137473
frontier,hierarchical_lockfree_rma,fixed,1000,20,256,2304,2303,4,3637902,20.0013,181883,5138961
frontier,hierarchical_lockfree_rma,fixed,1000,20,32,1792,1791,-1,31813806,20.0015,1.59057e+06,5137470
frontier,hierarchical_lockfree_rma,fixed,1000,20,32,1792,1791,0,31855418,20.0016,1.59265e+06,5137470
frontier,hierarchical_lockfree_rma,fixed,1000,20,32,1792,1791,4,12727635,20.0002,636375,5138958
frontier,hierarchical_lockfree_rma,fixed,1000,20,32,288,287,-1,4665648,20.0001,233282,5137470
frontier,hierarchical_lockfree_rma,fixed,1000,20,32,288,287,0,4645175,20.0001,232258,5137470
frontier,hierarchical_lockfree_rma,fixed,1000,20,32,288,287,4,1870707,20.0001,93534.7,5138958
frontier,hierarchical_lockfree_rma,fixed,1000,20,4,224,223,-1,3949502,20.0003,197472,5137467
frontier,hierarchical_lockfree_rma,fixed,1000,20,4,224,223,0,3963902,20.0002,198193,5137467
frontier,hierarchical_lockfree_rma,fixed,1000,20,4,224,223,4,3951476,20.0002,197571,5138955
frontier,hierarchical_lockfree_rma,fixed,1000,20,4,36,35,-1,557502,20.0001,27875,5137467
frontier,hierarchical_lockfree_rma,fixed,1000,20,4,36,35,0,559203,20.0001,27960,5137467
frontier,hierarchical_lockfree_rma,fixed,1000,20,4,36,35,4,563625,20.0001,28181.1,5138955
frontier,hierarchical_lockfree_rma,fixed,1000,20,512,28672,28671,-1,405040459,20.0008,2.02513e+07,5137550
frontier,hierarchical_lockfree_rma,fixed,1000,20,512,28672,28671,0,292959099,20.0008,1.46474e+07,5137550
frontier,hierarchical_lockfree_rma,fixed,1000,20,512,4608,4607,-1,71914326,20.0014,3.59546e+06,5137550
frontier,hierarchical_lockfree_rma,fixed,1000,20,512,4608,4607,0,60633207,20.001,3.0315e+06,5137550
frontier,hierarchical_lockfree_rma,fixed,1000,20,64,3584,3583,-1,62581587,20.0008,3.12895e+06,5137471
frontier,hierarchical_lockfree_rma,fixed,1000,20,64,3584,3583,0,63513408,20.0017,3.17541e+06,5137471
frontier,hierarchical_lockfree_rma,fixed,1000,20,64,3584,3583,4,25240017,20.0013,1.26192e+06,5138959
frontier,hierarchical_lockfree_rma,fixed,1000,20,64,576,575,-1,9301656,20.0001,465080,5137471
frontier,hierarchical_lockfree_rma,fixed,1000,20,64,576,575,0,9346987,20.0005,467339,5137471
frontier,hierarchical_lockfree_rma,fixed,1000,20,64,576,575,4,3867816,20.0003,193388,5138959
frontier,hierarchical_lockfree_rma,fixed,1000,20,8,448,447,-1,8094803,20.0001,404739,5137468
frontier,hierarchical_lockfree_rma,fixed,1000,20,8,448,447,0,8084974,20.0001,404247,5137468
frontier,hierarchical_lockfree_rma,fixed,1000,20,8,448,447,4,8047679,20,402384,5138956
frontier,hierarchical_lockfree_rma,fixed,1000,20,8,72,71,-1,1159336,20.0001,57966.4,5137468
frontier,hierarchical_lockfree_rma,fixed,1000,20,8,72,71,0,1163879,20.0001,58193.6,5137468
frontier,hierarchical_lockfree_rma,fixed,1000,20,8,72,71,4,1151315,20.0001,57565.6,5138956
frontier,hierarchical_lockfree_rma,fixed,10000,20,1,56,55,-1,107056,20.0001,5352.77,5137465
frontier,hierarchical_lockfree_rma,fixed,10000,20,1,56,55,0,107056,20.0002,5352.76,5137465
frontier,hierarchical_lockfree_rma,fixed,10000,20,1,9,8,-1,13936,20.0005,696.782,5137465
frontier,hierarchical_lockfree_rma,fixed,10000,20,1,9,8,0,13929,20.0001,696.447,5137465
frontier,hierarchical_lockfree_rma,fixed,10000,20,128,1152,1151,-1,2020600,20.0007,101026,5137472
frontier,hierarchical_lockfree_rma,fixed,10000,20,128,1152,1151,0,2027772,20.0007,101385,5137472
frontier,hierarchical_lockfree_rma,fixed,10000,20,128,7168,7167,-1,13799825,20.0018,689931,5137472
frontier,hierarchical_lockfree_rma,fixed,10000,20,128,7168,7167,0,13845789,20.0016,692233,5137472
frontier,hierarchical_lockfree_rma,fixed,10000,20,16,144,143,-1,251692,20.0001,12584.5,5137469
frontier,hierarchical_lockfree_rma,fixed,10000,20,16,144,143,0,251702,20.0002,12585,5137469
frontier,hierarchical_lockfree_rma,fixed,10000,20,16,896,895,-1,1737591,20.0009,86875.6,5137469
frontier,hierarchical_lockfree_rma,fixed,10000,20,16,896,895,0,1738223,20.0009,86907.2,5137469
frontier,hierarchical_lockfree_rma,fixed,10000,20,2,112,111,-1,216094,20.0002,10804.6,5137466
frontier,hierarchical_lockfree_rma,fixed,10000,20,2,112,111,0,216169,20.0002,10808.3,5137466
frontier,hierarchical_lockfree_rma,fixed,10000,20,2,18,17,-1,29718,20.0001,1485.89,5137466
frontier,hierarchical_lockfree_rma,fixed,10000,20,2,18,17,0,29718,20.0001,1485.89,5137466
frontier,hierarchical_lockfree_rma,fixed,10000,20,2048,114688,114687,-1,186915443,20.0008,9.34538e+06,5137553
frontier,hierarchical_lockfree_rma,fixed,10000,20,2048,114688,114687,0,189351667,20.0025,9.46638e+06,5137553
frontier,hierarchical_lockfree_rma,fixed,10000,20,2048,18432,18431,-1,31702576,20.0013,1.58503e+06,5137553
frontier,hierarchical_lockfree_rma,fixed,10000,20,2048,18432,18431,0,31739534,20.0028,1.58676e+06,5137553
frontier,hierarchical_lockfree_rma,fixed,10000,20,256,14336,14335,-1,27291197,20.0011,1.36448e+06,5137473
frontier,hierarchical_lockfree_rma,fixed,10000,20,256,14336,14335,0,27407692,20.0011,1.37031e+06,5137473
frontier,hierarchical_lockfree_rma,fixed,10000,20,256,2304,2303,-1,4036416,20.0001,201819,5137473
frontier,hierarchical_lockfree_rma,fixed,10000,20,256,2304,2303,0,4053101,20.0003,202652,5137473
frontier,hierarchical_lockfree_rma,fixed,10000,20,32,1792,1791,-1,3480786,20.0019,174023,5137470
frontier,hierarchical_lockfree_rma,fixed,10000,20,32,1792,1791,0,3480308,20.0018,174000,5137470
frontier,hierarchical_lockfree_rma,fixed,10000,20,32,288,287,-1,505325,20.0002,25266,5137470
frontier,hierarchical_lockfree_rma,fixed,10000,20,32,288,287,0,505118,20.0003,25255.5,5137470
frontier,hierarchical_lockfree_rma,fixed,10000,20,4,224,223,-1,434392,20.0003,21719.3,5137467
frontier,hierarchical_lockfree_rma,fixed,10000,20,4,224,223,0,434393,20.0003,21719.3,5137467
frontier,hierarchical_lockfree_rma,fixed,10000,20,4,36,35,-1,61452,20.0001,3072.59,5137467
frontier,hierarchical_lockfree_rma,fixed,10000,20,4,36,35,0,61452,20.0001,3072.59,5137467
frontier,hierarchical_lockfree_rma,fixed,10000,20,512,28672,28671,-1,53430762,20.0011,2.67139e+06,5137550
frontier,hierarchical_lockfree_rma,fixed,10000,20,512,28672,28671,0,53661377,20.0013,2.6829e+06,5137550
frontier,hierarchical_lockfree_rma,fixed,10000,20,512,4608,4607,-1,8044672,20.0001,402231,5137550
frontier,hierarchical_lockfree_rma,fixed,10000,20,512,4608,4607,0,8094200,20.0005,404700,5137550
frontier,hierarchical_lockfree_rma,fixed,10000,20,64,3584,3583,-1,6931882,20.0011,346574,5137471
frontier,hierarchical_lockfree_rma,fixed,10000,20,64,3584,3583,0,6945235,20.0011,347243,5137471
frontier,hierarchical_lockfree_rma,fixed,10000,20,64,576,575,-1,1011736,20.0004,50585.8,5137471
frontier,hierarchical_lockfree_rma,fixed,10000,20,64,576,575,0,1012653,20.0008,50630.7,5137471
frontier,hierarchical_lockfree_rma,fixed,10000,20,8,448,447,-1,868508,20.0006,43424.2,5137468
frontier,hierarchical_lockfree_rma,fixed,10000,20,8,448,447,0,868179,20.0006,43407.6,5137468
frontier,hierarchical_lockfree_rma,fixed,10000,20,8,72,71,-1,124911,20.0001,6245.52,5137468
frontier,hierarchical_lockfree_rma,fixed,10000,20,8,72,71,0,124927,20.0001,6246.33,5137468
frontier,hierarchical_lockfree_rma,fixed,100000,20,1,56,55,-1,10746,20.0001,537.298,5137465
frontier,hierarchical_lockfree_rma,fixed,100000,20,1,56,55,0,10746,20.0001,537.298,5137465
frontier,hierarchical_lockfree_rma,fixed,100000,20,1,9,8,-1,1393,20,69.6498,5137465
frontier,hierarchical_lockfree_rma,fixed,100000,20,1,9,8,0,1393,20.0001,69.6497,5137465
frontier,hierarchical_lockfree_rma,fixed,100000,20,128,1152,1151,-1,202720,20.0003,10135.9,5137472
frontier,hierarchical_lockfree_rma,fixed,100000,20,128,1152,1151,0,203577,20.0002,10178.8,5137472
frontier,hierarchical_lockfree_rma,fixed,100000,20,128,7168,7167,-1,1400368,20.0016,70012.9,5137472
frontier,hierarchical_lockfree_rma,fixed,100000,20,128,7168,7167,0,1400761,20.0013,70033.3,5137472
frontier,hierarchical_lockfree_rma,fixed,100000,20,16,144,143,-1,25273,20.0001,1263.64,5137469
frontier,hierarchical_lockfree_rma,fixed,100000,20,16,144,143,0,25273,20.0001,1263.64,5137469
frontier,hierarchical_lockfree_rma,fixed,100000,20,16,896,895,-1,174921,20.0003,8745.9,5137469
frontier,hierarchical_lockfree_rma,fixed,100000,20,16,896,895,0,174921,20.0003,8745.93,5137469
frontier,hierarchical_lockfree_rma,fixed,100000,20,2,112,111,-1,21691,20.0001,1084.55,5137466
frontier,hierarchical_lockfree_rma,fixed,100000,20,2,112,111,0,21691,20.0001,1084.54,5137466
frontier,hierarchical_lockfree_rma,fixed,100000,20,2,18,17,-1,2985,20.0001,149.25,5137466
frontier,hierarchical_lockfree_rma,fixed,100000,20,2,18,17,0,2985,20.0001,149.249,5137466
frontier,hierarchical_lockfree_rma,fixed,100000,20,2048,114688,114687,-1,20133301,20.0005,1.00664e+06,5137553
frontier,hierarchical_lockfree_rma,fixed,100000,20,2048,114688,114687,0,21802222,20.003,1.08995e+06,5137553
frontier,hierarchical_lockfree_rma,fixed,100000,20,2048,18432,18431,-1,3243456,20.001,162165,5137553
frontier,hierarchical_lockfree_rma,fixed,100000,20,2048,18432,18431,0,3245105,20.0013,162245,5137553
frontier,hierarchical_lockfree_rma,fixed,100000,20,256,14336,14335,-1,2780958,20.0008,139043,5137473
frontier,hierarchical_lockfree_rma,fixed,100000,20,256,14336,14335,0,2787752,20.0008,139382,5137473
frontier,hierarchical_lockfree_rma,fixed,100000,20,256,2304,2303,-1,406832,20.0003,20341.3,5137473
frontier,hierarchical_lockfree_rma,fixed,100000,20,256,2304,2303,0,407353,20.0003,20367.3,5137473
frontier,hierarchical_lockfree_rma,fixed,100000,20,32,1792,1791,-1,350041,20.0005,17501.6,5137470
frontier,hierarchical_lockfree_rma,fixed,100000,20,32,1792,1791,0,350041,20.0004,17501.7,5137470
frontier,hierarchical_lockfree_rma,fixed,100000,20,32,288,287,-1,50745,20.0004,2537.2,5137470
frontier,hierarchical_lockfree_rma,fixed,100000,20,32,288,287,0,50745,20.0001,2537.23,5137470
frontier,hierarchical_lockfree_rma,fixed,100000,20,4,224,223,-1,43581,20.0001,2179.04,5137467
frontier,hierarchical_lockfree_rma,fixed,100000,20,4,224,223,0,43581,20.0001,2179.04,5137467
frontier,hierarchical_lockfree_rma,fixed,100000,20,4,36,35,-1,6169,20,308.449,5137467
frontier,hierarchical_lockfree_rma,fixed,100000,20,4,36,35,0,6169,20.0001,308.448,5137467
frontier,hierarchical_lockfree_rma,fixed,100000,20,512,28672,28671,-1,5536098,20.0011,276790,5137550
frontier,hierarchical_lockfree_rma,fixed,100000,20,512,28672,28671,0,5548412,20.0015,277399,5137550
frontier,hierarchical_lockfree_rma,fixed,100000,20,512,4608,4607,-1,813216,20.0008,40659.2,5137550
frontier,hierarchical_lockfree_rma,fixed,100000,20,512,4608,4607,0,814905,20.0008,40743.7,5137550
frontier,hierarchical_lockfree_rma,fixed,100000,20,64,3584,3583,-1,700154,20.0009,35006.1,5137471
frontier,hierarchical_lockfree_rma,fixed,100000,20,64,3584,3583,0,700281,20.001,35012.4,5137471
frontier,hierarchical_lockfree_rma,fixed,100000,20,64,576,575,-1,101467,20.0004,5073.25,5137471
frontier,hierarchical_lockfree_rma,fixed,100000,20,64,576,575,0,101689,20.0001,5084.42,5137471
frontier,hierarchical_lockfree_rma,fixed,100000,20,8,448,447,-1,87361,20.0002,4368.01,5137468
frontier,hierarchical_lockfree_rma,fixed,100000,20,8,448,447,0,87361,20.0001,4368.02,5137468
frontier,hierarchical_lockfree_rma,fixed,100000,20,8,72,71,-1,12537,20.0001,626.848,5137468
frontier,hierarchical_lockfree_rma,fixed,100000,20,8,72,71,0,12537,20.0001,626.847,5137468
frontier,hierarchical_lockfree_rma,fixed,1000000,20,1,56,55,-1,1026,20.0001,51.2997,5137465
frontier,hierarchical_lockfree_rma,fixed,1000000,20,1,56,55,0,1026,20.0001,51.2998,5137465
frontier,hierarchical_lockfree_rma,fixed,1000000,20,1,9,8,-1,133,20,6.64999,5137465
frontier,hierarchical_lockfree_rma,fixed,1000000,20,1,9,8,0,133,20.0001,6.64997,5137465
frontier,hierarchical_lockfree_rma,fixed,1000000,20,128,1152,1151,-1,19264,20.0001,963.196,5137472
frontier,hierarchical_lockfree_rma,fixed,1000000,20,128,1152,1151,0,19437,20.0002,971.839,5137472
frontier,hierarchical_lockfree_rma,fixed,1000000,20,128,7168,7167,-1,133432,20.0003,6671.51,5137472
frontier,hierarchical_lockfree_rma,fixed,1000000,20,128,7168,7167,0,133741,20.0002,6686.97,5137472
frontier,hierarchical_lockfree_rma,fixed,1000000,20,16,144,143,-1,2413,20.0001,120.65,5137469
frontier,hierarchical_lockfree_rma,fixed,1000000,20,16,144,143,0,2413,20,120.65,5137469
frontier,hierarchical_lockfree_rma,fixed,1000000,20,16,896,895,-1,16701,20,835.049,5137469
frontier,hierarchical_lockfree_rma,fixed,1000000,20,16,896,895,0,16701,20.0001,835.045,5137469
frontier,hierarchical_lockfree_rma,fixed,1000000,20,2,112,111,-1,2071,20,103.55,5137466
frontier,hierarchical_lockfree_rma,fixed,1000000,20,2,112,111,0,2071,20.0001,103.55,5137466
frontier,hierarchical_lockfree_rma,fixed,1000000,20,2,18,17,-1,285,20,14.25,5137466
frontier,hierarchical_lockfree_rma,fixed,1000000,20,2,18,17,0,285,20.0001,14.25,5137466
frontier,hierarchical_lockfree_rma,fixed,1000000,20,2048,114688,114687,-1,2022793,20.0001,101139,5137553
frontier,hierarchical_lockfree_rma,fixed,1000000,20,2048,114688,114687,0,2112584,20.0004,105627,5137553
frontier,hierarchical_lockfree_rma,fixed,1000000,20,2048,18432,18431,-1,310976,20.0002,15548.6,5137553
frontier,hierarchical_lockfree_rma,fixed,1000000,20,2048,18432,18431,0,311277,20.0004,15563.5,5137553
frontier,hierarchical_lockfree_rma,fixed,1000000,20,256,14336,14335,-1,254006,20.0004,12700.1,5137473
frontier,hierarchical_lockfree_rma,fixed,1000000,20,256,14336,14335,0,267501,20.0004,13374.8,5137473
frontier,hierarchical_lockfree_rma,fixed,1000000,20,256,2304,2303,-1,38720,20.0002,1935.98,5137473
frontier,hierarchical_lockfree_rma,fixed,1000000,20,256,2304,2303,0,38893,20.0001,1944.65,5137473
frontier,hierarchical_lockfree_rma,fixed,1000000,20,32,1792,1791,-1,33421,20.0002,1671.04,5137470
frontier,hierarchical_lockfree_rma,fixed,1000000,20,32,1792,1791,0,33421,20.0001,1671.05,5137470
frontier,hierarchical_lockfree_rma,fixed,1000000,20,32,288,287,-1,4845,20.0001,242.248,5137470
frontier,hierarchical_lockfree_rma,fixed,1000000,20,32,288,287,0,4845,20,242.25,5137470
frontier,hierarchical_lockfree_rma,fixed,1000000,20,4,224,223,-1,4161,20,208.05,5137467
frontier,hierarchical_lockfree_rma,fixed,1000000,20,4,224,223,0,4161,20.0001,208.049,5137467
frontier,hierarchical_lockfree_rma,fixed,1000000,20,4,36,35,-1,589,20.0001,29.4499,5137467
frontier,hierarchical_lockfree_rma,fixed,1000000,20,4,36,35,0,589,20.0001,29.4499,5137467
frontier,hierarchical_lockfree_rma,fixed,1000000,20,512,28672,28671,-1,534432,20.0005,26721,5137550
frontier,hierarchical_lockfree_rma,fixed,1000000,20,512,28672,28671,0,535021,20.001,26749.8,5137550
frontier,hierarchical_lockfree_rma,fixed,1000000,20,512,4608,4607,-1,77440,20.0002,3871.96,5137550
frontier,hierarchical_lockfree_rma,fixed,1000000,20,512,4608,4607,0,77805,20.0005,3890.16,5137550
frontier,hierarchical_lockfree_rma,fixed,1000000,20,64,3584,3583,-1,66728,20.0002,3336.37,5137471
frontier,hierarchical_lockfree_rma,fixed,1000000,20,64,3584,3583,0,66861,20.0001,3343.03,5137471
frontier,hierarchical_lockfree_rma,fixed,1000000,20,64,576,575,-1,9576,20.0001,478.797,5137471
frontier,hierarchical_lockfree_rma,fixed,1000000,20,64,576,575,0,9709,20,485.449,5137471
frontier,hierarchical_lockfree_rma,fixed,1000000,20,8,448,447,-1,8341,20,417.049,5137468
frontier,hierarchical_lockfree_rma,fixed,1000000,20,8,448,447,0,8341,20,417.049,5137468
frontier,hierarchical_lockfree_rma,fixed,1000000,20,8,72,71,-1,1197,20,59.8499,5137468
frontier,hierarchical_lockfree_rma,fixed,1000000,20,8,72,71,0,1197,20.0001,59.8498,5137468
frontier,hierarchical_lockfree_rma,random,10,20,1,56,55,-1,5148102,20.0001,257404,5137465
frontier,hierarchical_lockfree_rma,random,10,20,1,56,55,0,5145132,20.0001,257255,5137465
frontier,hierarchical_lockfree_rma,random,10,20,1,56,55,4,5142594,20.0001,257129,5138953
frontier,hierarchical_lockfree_rma,random,10,20,1,9,8,-1,1137101,20.0001,56854.8,5137465
frontier,hierarchical_lockfree_rma,random,10,20,1,9,8,0,1135399,20.0001,56769.7,5137465
frontier,hierarchical_lockfree_rma,random,10,20,1,9,8,4,1138688,20.0001,56934.2,5138953
frontier,hierarchical_lockfree_rma,random,10,20,1024,9216,9215,-1,307065348,20.0008,1.53526e+07,5137552
frontier,hierarchical_lockfree_rma,random,10,20,1024,9216,9215,0,70000000,20.0107,3.49814e+06,5137552
frontier,hierarchical_lockfree_rma,random,10,20,128,1152,1151,-1,58675367,20.0009,2.93364e+06,5137472
frontier,hierarchical_lockfree_rma,random,10,20,128,1152,1151,0,38535422,20.0006,1.92672e+06,5137472
frontier,hierarchical_lockfree_rma,random,10,20,128,1152,1151,4,8628680,20.0004,431425,5138960
frontier,hierarchical_lockfree_rma,random,10,20,128,7168,7167,-1,207994663,20.0021,1.03986e+07,5137472
frontier,hierarchical_lockfree_rma,random,10,20,128,7168,7167,0,227077539,20.0012,1.13532e+07,5137472
frontier,hierarchical_lockfree_rma,random,10,20,128,7168,7167,4,27734171,20.0016,1.3866e+06,5138960
frontier,hierarchical_lockfree_rma,random,10,20,16,144,143,-1,13139324,20.0002,656960,5137469
frontier,hierarchical_lockfree_rma,random,10,20,16,144,143,0,13194322,20,659715,5137469
frontier,hierarchical_lockfree_rma,random,10,20,16,144,143,4,8604884,20.0001,430241,5138957
frontier,hierarchical_lockfree_rma,random,10,20,16,896,895,-1,58291907,20.0002,2.91457e+06,5137469
frontier,hierarchical_lockfree_rma,random,10,20,16,896,895,0,57962651,20.0008,2.89802e+06,5137469
frontier,hierarchical_lockfree_rma,random,10,20,16,896,895,4,32390619,20.0002,1.61952e+06,5138957
frontier,hierarchical_lockfree_rma,random,10,20,2,112,111,-1,7596140,20.0001,379805,5137466
frontier,hierarchical_lockfree_rma,random,10,20,2,112,111,0,7595434,20.0002,379768,5137466
frontier,hierarchical_lockfree_rma,random,10,20,2,112,111,4,7495453,20.0002,374769,5138954
frontier,hierarchical_lockfree_rma,random,10,20,2,18,17,-1,1988914,20,99445.5,5137466
frontier,hierarchical_lockfree_rma,random,10,20,2,18,17,0,1990987,20.0001,99548.9,5137466
frontier,hierarchical_lockfree_rma,random,10,20,2,18,17,4,1940644,20,97032.1,5138954
frontier,hierarchical_lockfree_rma,random,10,20,2048,114688,114687,-1,499999999,10.4808,4.77063e+07,5137553
frontier,hierarchical_lockfree_rma,random,10,20,2048,114688,114687,0,336000000,20.0083,1.6793e+07,5137553
frontier,hierarchical_lockfree_rma,random,10,20,2048,18432,18431,-1,431295137,20.0009,2.15638e+07,5137553
frontier,hierarchical_lockfree_rma,random,10,20,2048,18432,18431,0,76082016,20.0006,3.80399e+06,5137553
frontier,hierarchical_lockfree_rma,random,10,20,256,14336,14335,-1,381205179,20.0013,1.9059e+07,5137473
frontier,hierarchical_lockfree_rma,random,10,20,256,14336,14335,0,296141383,20.0002,1.48069e+07,5137473
frontier,hierarchical_lockfree_rma,random,10,20,256,14336,14335,4,56234046,20.0003,2.81166e+06,5138961
frontier,hierarchical_lockfree_rma,random,10,20,256,2304,2303,-1,114590195,20.0005,5.72935e+06,5137473
frontier,hierarchical_lockfree_rma,random,10,20,256,2304,2303,0,52840396,20.0006,2.64194e+06,5137473
frontier,hierarchical_lockfree_rma,random,10,20,256,2304,2303,4,19161864,20.001,958045,5138961
frontier,hierarchical_lockfree_rma,random,10,20,32,1792,1791,-1,110717691,20.0016,5.53544e+06,5137470
frontier,hierarchical_lockfree_rma,random,10,20,32,1792,1791,0,110667672,20.0015,5.53297e+06,5137470
frontier,hierarchical_lockfree_rma,random,10,20,32,1792,1791,4,27975172,20.0012,1.39867e+06,5138958
frontier,hierarchical_lockfree_rma,random,10,20,32,288,287,-1,20586655,20.0002,1.02932e+06,5137470
frontier,hierarchical_lockfree_rma,random,10,20,32,288,287,0,20568076,20.0002,1.02839e+06,5137470
frontier,hierarchical_lockfree_rma,random,10,20,32,288,287,4,8590256,20.0002,429508,5138958
frontier,hierarchical_lockfree_rma,random,10,20,4,224,223,-1,15258248,20.0001,762907,5137467
frontier,hierarchical_lockfree_rma,random,10,20,4,224,223,0,15279770,20.0002,763982,5137467
frontier,hierarchical_lockfree_rma,random,10,20,4,224,223,4,15381840,20.0002,769083,5138955
frontier,hierarchical_lockfree_rma,random,10,20,4,36,35,-1,3930902,20.0001,196544,5137467
frontier,hierarchical_lockfree_rma,random,10,20,4,36,35,0,3928791,20.0001,196439,5137467
frontier,hierarchical_lockfree_rma,random,10,20,4,36,35,4,3981107,20.0001,199055,5138955
frontier,hierarchical_lockfree_rma,random,10,20,512,28672,28671,-1,499999999,18.2169,2.7447e+07,5137550
frontier,hierarchical_lockfree_rma,random,10,20,512,28672,28671,0,335984618,20.0017,1.67978e+07,5137550
frontier,hierarchical_lockfree_rma,random,10,20,512,4608,4607,-1,169654816,20.0011,8.48226e+06,5137550
frontier,hierarchical_lockfree_rma,random,10,20,512,4608,4607,0,61473408,20.0011,3.07349e+06,5137550
frontier,hierarchical_lockfree_rma,random,10,20,64,3584,3583,-1,121851012,20.0019,6.09196e+06,5137471
frontier,hierarchical_lockfree_rma,random,10,20,64,3584,3583,0,154724826,20.0009,7.73589e+06,5137471
frontier,hierarchical_lockfree_rma,random,10,20,64,3584,3583,4,55492264,20.0016,2.7744e+06,5138959
frontier,hierarchical_lockfree_rma,random,10,20,64,576,575,-1,32462560,20.0006,1.62308e+06,5137471
frontier,hierarchical_lockfree_rma,random,10,20,64,576,575,0,25370511,20.0002,1.26852e+06,5137471
frontier,hierarchical_lockfree_rma,random,10,20,64,576,575,4,17809168,20.0005,890436,5138959
frontier,hierarchical_lockfree_rma,random,10,20,8,448,447,-1,29432269,20.0005,1.47158e+06,5137468
frontier,hierarchical_lockfree_rma,random,10,20,8,448,447,0,29444988,20.0005,1.47221e+06,5137468
frontier,hierarchical_lockfree_rma,random,10,20,8,448,447,4,15530480,20.0005,776506,5138956
frontier,hierarchical_lockfree_rma,random,10,20,8,72,71,-1,7740332,20,387016,5137468
frontier,hierarchical_lockfree_rma,random,10,20,8,72,71,0,7707856,20.0001,385392,5137468
frontier,hierarchical_lockfree_rma,random,10,20,8,72,71,4,4279856,20,213992,5138956
frontier,hierarchical_lockfree_rma,random,100,20,1,56,55,-1,6565684,20.0001,328282,5137465
frontier,hierarchical_lockfree_rma,random,100,20,1,56,55,0,6555972,20,327798,5137465
frontier,hierarchical_lockfree_rma,random,100,20,1,56,55,4,6387722,20.0001,319385,5138953
frontier,hierarchical_lockfree_rma,random,100,20,1,9,8,-1,1112912,20.0001,55645.4,5137465
frontier,hierarchical_lockfree_rma,random,100,20,1,9,8,0,1116004,20.0001,55800,5137465
frontier,hierarchical_lockfree_rma,random,100,20,1,9,8,4,1111008,20.0001,55550.1,5138953
frontier,hierarchical_lockfree_rma,random,100,20,1024,9216,9215,-1,312369499,20.0003,1.56182e+07,5137552
frontier,hierarchical_lockfree_rma,random,100,20,1024,9216,9215,0,71332296,20.0009,3.56645e+06,5137552
frontier,hierarchical_lockfree_rma,random,100,20,128,1152,1151,-1,59081064,20.0003,2.95401e+06,5137472
frontier,hierarchical_lockfree_rma,random,100,20,128,1152,1151,0,37849394,20.0007,1.8924e+06,5137472
frontier,hierarchical_lockfree_rma,random,100,20,128,1152,1151,4,7552296,20.0005,377604,5138960
frontier,hierarchical_lockfree_rma,random,100,20,128,7168,7167,-1,211657900,20.0018,1.05819e+07,5137472
frontier,hierarchical_lockfree_rma,random,100,20,128,7168,7167,0,224423489,20.0005,1.12209e+07,5137472
frontier,hierarchical_lockfree_rma,random,100,20,128,7168,7167,4,26902846,20.001,1.34508e+06,5138960
frontier,hierarchical_lockfree_rma,random,100,20,16,144,143,-1,12867124,20.0002,643349,5137469
frontier,hierarchical_lockfree_rma,random,100,20,16,144,143,0,12855623,20.0002,642775,5137469
frontier,hierarchical_lockfree_rma,random,100,20,16,144,143,4,8580000,20.0003,428993,5138957
frontier,hierarchical_lockfree_rma,random,100,20,16,896,895,-1,56519261,20.0002,2.82594e+06,5137469
frontier,hierarchical_lockfree_rma,random,100,20,16,896,895,0,56310856,20.001,2.81541e+06,5137469
frontier,hierarchical_lockfree_rma,random,100,20,16,896,895,4,33675908,20.0006,1.68375e+06,5138957
frontier,hierarchical_lockfree_rma,random,100,20,2,112,111,-1,8568043,20,428401,5137466
frontier,hierarchical_lockfree_rma,random,100,20,2,112,111,0,8559220,20.0001,427960,5137466
frontier,hierarchical_lockfree_rma,random,100,20,2,112,111,4,8445269,20.0001,422262,5138954
frontier,hierarchical_lockfree_rma,random,100,20,2,18,17,-1,1995564,20,99778.1,5137466
frontier,hierarchical_lockfree_rma,random,100,20,2,18,17,0,2001427,20.0001,100071,5137466
frontier,hierarchical_lockfree_rma,random,100,20,2,18,17,4,1954389,20,97719.3,5138954
frontier,hierarchical_lockfree_rma,random,100,20,2048,114688,114687,-1,499999999,10.4259,4.79573e+07,5137553
frontier,hierarchical_lockfree_rma,random,100,20,2048,114688,114687,0,337128286,20.001,1.68556e+07,5137553
frontier,hierarchical_lockfree_rma,random,100,20,2048,18432,18431,-1,427747138,20.0012,2.13861e+07,5137553
frontier,hierarchical_lockfree_rma,random,100,20,2048,18432,18431,0,76590505,20.0022,3.82911e+06,5137553
frontier,hierarchical_lockfree_rma,random,100,20,256,14336,14335,-1,387744023,20.0015,1.93858e+07,5137473
frontier,hierarchical_lockfree_rma,random,100,20,256,14336,14335,0,296103988,20.0003,1.4805e+07,5137473
frontier,hierarchical_lockfree_rma,random,100,20,256,14336,14335,4,57738760,20.0013,2.88676e+06,5138961
frontier,hierarchical_lockfree_rma,random,100,20,256,2304,2303,-1,114501408,20.0005,5.72493e+06,5137473
frontier,hierarchical_lockfree_rma,random,100,20,256,2304,2303,0,52528124,20.0005,2.62634e+06,5137473
frontier,hierarchical_lockfree_rma,random,100,20,256,2304,2303,4,15297172,20.0015,764800,5138961
frontier,hierarchical_lockfree_rma,random,100,20,32,1792,1791,-1,108484615,20.0012,5.42391e+06,5137470
frontier,hierarchical_lockfree_rma,random,100,20,32,1792,1791,0,108149826,20.0008,5.40727e+06,5137470
frontier,hierarchical_lockfree_rma,random,100,20,32,1792,1791,4,27465219,20.0007,1.37321e+06,5138958
frontier,hierarchical_lockfree_rma,random,100,20,32,288,287,-1,20081160,20.0003,1.00405e+06,5137470
frontier,hierarchical_lockfree_rma,random,100,20,32,288,287,0,20082590,20.0003,1.00411e+06,5137470
frontier,hierarchical_lockfree_rma,random,100,20,32,288,287,4,7578900,20.0002,378942,5138958
frontier,hierarchical_lockfree_rma,random,100,20,4,224,223,-1,15941086,20.0002,797046,5137467
frontier,hierarchical_lockfree_rma,random,100,20,4,224,223,0,15953684,20.0002,797677,5137467
frontier,hierarchical_lockfree_rma,random,100,20,4,224,223,4,16100565,20.0001,805026,5138955
frontier,hierarchical_lockfree_rma,random,100,20,4,36,35,-1,3942003,20,197100,5137467
frontier,hierarchical_lockfree_rma,random,100,20,4,36,35,0,3935723,20.0001,196785,5137467
frontier,hierarchical_lockfree_rma,random,100,20,4,36,35,4,3942157,20.0001,197106,5138955
frontier,hierarchical_lockfree_rma,random,100,20,512,28672,28671,-1,499999999,18.5995,2.68825e+07,5137550
frontier,hierarchical_lockfree_rma,random,100,20,512,28672,28671,0,336395251,20.0004,1.68194e+07,5137550
frontier,hierarchical_lockfree_rma,random,100,20,512,4608,4607,-1,173182290,20.0009,8.65873e+06,5137550
frontier,hierarchical_lockfree_rma,random,100,20,512,4608,4607,0,61559453,20.0013,3.07777e+06,5137550
frontier,hierarchical_lockfree_rma,random,100,20,64,3584,3583,-1,127725176,20.0019,6.38564e+06,5137471
frontier,hierarchical_lockfree_rma,random,100,20,64,3584,3583,0,152767243,20.0009,7.638e+06,5137471
frontier,hierarchical_lockfree_rma,random,100,20,64,3584,3583,4,55397053,20.0016,2.76964e+06,5138959
frontier,hierarchical_lockfree_rma,random,100,20,64,576,575,-1,32532775,20.0003,1.62661e+06,5137471
frontier,hierarchical_lockfree_rma,random,100,20,64,576,575,0,25354893,20.0002,1.26773e+06,5137471
frontier,hierarchical_lockfree_rma,random,100,20,64,576,575,4,15215966,20.0002,760790,5138959
frontier,hierarchical_lockfree_rma,random,100,20,8,448,447,-1,30312312,20.0005,1.51558e+06,5137468
frontier,hierarchical_lockfree_rma,random,100,20,8,448,447,0,30326300,20.0005,1.51628e+06,5137468
frontier,hierarchical_lockfree_rma,random,100,20,8,448,447,4,16882933,20.0005,844124,5138956
frontier,hierarchical_lockfree_rma,random,100,20,8,72,71,-1,7693853,20.0001,384692,5137468
frontier,hierarchical_lockfree_rma,random,100,20,8,72,71,0,7679382,20.0001,383968,5137468
frontier,hierarchical_lockfree_rma,random,100,20,8,72,71,4,4302900,20.0001,215144,5138956
frontier,hierarchical_lockfree_rma,random,1000,20,1,56,55,-1,1052040,20.0001,52601.8,5137465
frontier,hierarchical_lockfree_rma,random,1000,20,1,56,55,0,1052650,20.0001,52632.3,5137465
frontier,hierarchical_lockfree_rma,random,1000,20,1,56,55,4,1051621,20.0001,52580.8,5138953
frontier,hierarchical_lockfree_rma,random,1000,20,1,9,8,-1,134840,20.0001,6741.96,5137465
frontier,hierarchical_lockfree_rma,random,1000,20,1,9,8,0,134434,20,6721.69,5137465
frontier,hierarchical_lockfree_rma,random,1000,20,1,9,8,4,134988,20.0003,6749.29,5138953
frontier,hierarchical_lockfree_rma,random,1000,20,1024,57344,57343,-1,499999999,16.3395,3.06007e+07,5143949
frontier,hierarchical_lockfree_rma,random,1000,20,1024,9216,9215,-1,137645623,20.0012,6.88188e+06,5137552
frontier,hierarchical_lockfree_rma,random,1000,20,1024,9216,9215,0,69412097,20.0011,3.47042e+06,5137552
frontier,hierarchical_lockfree_rma,random,1000,20,128,1152,1151,-1,18542660,20.0001,927127,5137472
frontier,hierarchical_lockfree_rma,random,1000,20,128,1152,1151,0,19368672,20.001,968387,5137472
frontier,hierarchical_lockfree_rma,random,1000,20,128,1152,1151,4,1646903,20.0004,82343.4,5138960
frontier,hierarchical_lockfree_rma,random,1000,20,128,7168,7167,-1,122501239,20.0005,6.1249e+06,5137472
frontier,hierarchical_lockfree_rma,random,1000,20,128,7168,7167,0,125834205,20.0013,6.29129e+06,5137472
frontier,hierarchical_lockfree_rma,random,1000,20,128,7168,7167,4,10168466,20.0003,508415,5138960
frontier,hierarchical_lockfree_rma,random,1000,20,16,144,143,-1,2360636,20.0001,118031,5137469
frontier,hierarchical_lockfree_rma,random,1000,20,16,144,143,0,2359982,20.0002,117998,5137469
frontier,hierarchical_lockfree_rma,random,1000,20,16,144,143,4,2347068,20,117353,5138957
frontier,hierarchical_lockfree_rma,random,1000,20,16,896,895,-1,16534107,20.0005,826686,5137469
frontier,hierarchical_lockfree_rma,random,1000,20,16,896,895,0,16532144,20.0006,826584,5137469
frontier,hierarchical_lockfree_rma,random,1000,20,16,896,895,4,16370949,20.0003,818534,5138957
frontier,hierarchical_lockfree_rma,random,1000,20,2,112,111,-1,2063397,20.0002,103169,5137466
frontier,hierarchical_lockfree_rma,random,1000,20,2,112,111,0,2063918,20.0001,103195,5137466
frontier,hierarchical_lockfree_rma,random,1000,20,2,112,111,4,2064642,20.0002,103231,5138954
frontier,hierarchical_lockfree_rma,random,1000,20,2,18,17,-1,278672,20,13933.6,5137466
frontier,hierarchical_lockfree_rma,random,1000,20,2,18,17,0,279222,20,13961.1,5137466
frontier,hierarchical_lockfree_rma,random,1000,20,2,18,17,4,278231,20.0001,13911.5,5138954
frontier,hierarchical_lockfree_rma,random,1000,20,2048,114688,114687,-1,499999999,12.7906,3.90912e+07,5137553
frontier,hierarchical_lockfree_rma,random,1000,20,2048,114688,114687,0,327129869,20.0019,1.6355e+07,5137553
frontier,hierarchical_lockfree_rma,random,1000,20,2048,18432,18431,-1,258000000,20.0112,1.28928e+07,5137553
frontier,hierarchical_lockfree_rma,random,1000,20,2048,18432,18431,0,72246484,20.0009,3.61217e+06,5137553
frontier,hierarchical_lockfree_rma,random,1000,20,256,14336,14335,-1,228314667,20.0003,1.14155e+07,5137473
frontier,hierarchical_lockfree_rma,random,1000,20,256,14336,14335,0,227205993,20.0009,1.13598e+07,5137473
frontier,hierarchical_lockfree_rma,random,1000,20,256,14336,14335,4,20051111,20.0002,1.00255e+06,5138961
frontier,hierarchical_lockfree_rma,random,1000,20,256,2304,2303,-1,36787711,20.0007,1.83932e+06,5137473
frontier,hierarchical_lockfree_rma,random,1000,20,256,2304,2303,0,38634729,20.0007,1.93167e+06,5137473
frontier,hierarchical_lockfree_rma,random,1000,20,256,2304,2303,4,3327830,20.0011,166382,5138961
frontier,hierarchical_lockfree_rma,random,1000,20,32,1792,1791,-1,32868588,20.0008,1.64336e+06,5137470
frontier,hierarchical_lockfree_rma,random,1000,20,32,1792,1791,0,32862607,20.0008,1.64307e+06,5137470
frontier,hierarchical_lockfree_rma,random,1000,20,32,1792,1791,4,11599873,20.0009,579967,5138958
frontier,hierarchical_lockfree_rma,random,1000,20,32,288,287,-1,4746876,20.0003,237341,5137470
frontier,hierarchical_lockfree_rma,random,1000,20,32,288,287,0,4750984,20.0002,237547,5137470
frontier,hierarchical_lockfree_rma,random,1000,20,32,288,287,4,1715502,20.0003,85774,5138958
frontier,hierarchical_lockfree_rma,random,1000,20,4,224,223,-1,4141619,20.0003,207078,5137467
frontier,hierarchical_lockfree_rma,random,1000,20,4,224,223,0,4140850,20.0003,207040,5137467
frontier,hierarchical_lockfree_rma,random,1000,20,4,224,223,4,4142103,20.0002,207103,5138955
frontier,hierarchical_lockfree_rma,random,1000,20,4,36,35,-1,575000,20.0001,28749.9,5137467
frontier,hierarchical_lockfree_rma,random,1000,20,4,36,35,0,574038,20.0001,28701.7,5137467
frontier,hierarchical_lockfree_rma,random,1000,20,4,36,35,4,577124,20.0001,28856,5138955
frontier,hierarchical_lockfree_rma,random,1000,20,512,28672,28671,-1,405471335,20.0011,2.02725e+07,5137550
frontier,hierarchical_lockfree_rma,random,1000,20,512,28672,28671,0,270725461,20.0006,1.35359e+07,5137550
frontier,hierarchical_lockfree_rma,random,1000,20,512,4608,4607,-1,72000000,20.0167,3.597e+06,5137550
frontier,hierarchical_lockfree_rma,random,1000,20,512,4608,4607,0,59274078,20.001,2.96355e+06,5137550
frontier,hierarchical_lockfree_rma,random,1000,20,64,3584,3583,-1,63667635,20.0018,3.1831e+06,5137471
frontier,hierarchical_lockfree_rma,random,1000,20,64,3584,3583,0,65149726,20.0013,3.25728e+06,5137471
frontier,hierarchical_lockfree_rma,random,1000,20,64,3584,3583,4,22994910,20.0011,1.14968e+06,5138959
frontier,hierarchical_lockfree_rma,random,1000,20,64,576,575,-1,9373383,20.0002,468664,5137471
frontier,hierarchical_lockfree_rma,random,1000,20,64,576,575,0,9616392,20.0005,480808,5137471
frontier,hierarchical_lockfree_rma,random,1000,20,64,576,575,4,3468455,20.0001,173422,5138959
frontier,hierarchical_lockfree_rma,random,1000,20,8,448,447,-1,8296606,20.0003,414824,5137468
frontier,hierarchical_lockfree_rma,random,1000,20,8,448,447,0,8294356,20.0004,414710,5137468
frontier,hierarchical_lockfree_rma,random,1000,20,8,448,447,4,8211845,20.0003,410586,5138956
frontier,hierarchical_lockfree_rma,random,1000,20,8,72,71,-1,1172580,20.0001,58628.6,5137468
frontier,hierarchical_lockfree_rma,random,1000,20,8,72,71,0,1171384,20.0001,58569,5137468
frontier,hierarchical_lockfree_rma,random,1000,20,8,72,71,4,1166957,20.0001,58347.5,5138956
frontier,hierarchical_lockfree_rma,random,10000,20,1,56,55,-1,107552,20.0002,5377.55,5137465
frontier,hierarchical_lockfree_rma,random,10000,20,1,56,55,0,107576,20.0001,5378.78,5137465
frontier,hierarchical_lockfree_rma,random,10000,20,1,9,8,-1,13888,20.0001,694.396,5137465
frontier,hierarchical_lockfree_rma,random,10000,20,1,9,8,0,13926,20.0001,696.297,5137465
frontier,hierarchical_lockfree_rma,random,10000,20,1024,9216,9215,-1,15746454,20.0012,787274,5137552
frontier,hierarchical_lockfree_rma,random,10000,20,1024,9216,9215,0,15949997,20.0022,797411,5137552
frontier,hierarchical_lockfree_rma,random,10000,20,128,1152,1151,-1,2011359,20.0007,100564,5137472
frontier,hierarchical_lockfree_rma,random,10000,20,128,1152,1151,0,2023697,20.0008,101181,5137472
frontier,hierarchical_lockfree_rma,random,10000,20,128,7168,7167,-1,13745336,20.0017,687207,5137472
frontier,hierarchical_lockfree_rma,random,10000,20,128,7168,7167,0,13791149,20.0015,689504,5137472
frontier,hierarchical_lockfree_rma,random,10000,20,16,144,143,-1,251018,20.0002,12550.8,5137469
frontier,hierarchical_lockfree_rma,random,10000,20,16,144,143,0,251427,20.0002,12571.2,5137469
frontier,hierarchical_lockfree_rma,random,10000,20,16,896,895,-1,1739522,20.0009,86972.3,5137469
frontier,hierarchical_lockfree_rma,random,10000,20,16,896,895,0,1739215,20.001,86956.5,5137469
frontier,hierarchical_lockfree_rma,random,10000,20,2,112,111,-1,216166,20.0002,10808.2,5137466
frontier,hierarchical_lockfree_rma,random,10000,20,2,112,111,0,216116,20.0001,10805.7,5137466
frontier,hierarchical_lockfree_rma,random,10000,20,2,18,17,-1,29767,20.0001,1488.34,5137466
frontier,hierarchical_lockfree_rma,random,10000,20,2,18,17,0,29755,20,1487.75,5137466
frontier,hierarchical_lockfree_rma,random,10000,20,2048,114688,114687,-1,175804513,20.0013,8.78966e+06,5137553
frontier,hierarchical_lockfree_rma,random,10000,20,2048,114688,114687,0,174112654,20.0022,8.70469e+06,5137553
frontier,hierarchical_lockfree_rma,random,10000,20,2048,18432,18431,-1,30498102,20.0005,1.52487e+06,5137553
frontier,hierarchical_lockfree_rma,random,10000,20,2048,18432,18431,0,31115187,20.0022,1.55559e+06,5137553
frontier,hierarchical_lockfree_rma,random,10000,20,256,14336,14335,-1,26999075,20.0008,1.3499e+06,5137473
frontier,hierarchical_lockfree_rma,random,10000,20,256,14336,14335,0,27167123,20.0012,1.35827e+06,5137473
frontier,hierarchical_lockfree_rma,random,10000,20,256,2304,2303,-1,4017022,20,200851,5137473
frontier,hierarchical_lockfree_rma,random,10000,20,256,2304,2303,0,4038340,20.0003,201914,5137473
frontier,hierarchical_lockfree_rma,random,10000,20,32,1792,1791,-1,3479188,20.0018,173944,5137470
frontier,hierarchical_lockfree_rma,random,10000,20,32,1792,1791,0,3479464,20.0018,173958,5137470
frontier,hierarchical_lockfree_rma,random,10000,20,32,288,287,-1,502926,20.0003,25145.9,5137470
frontier,hierarchical_lockfree_rma,random,10000,20,32,288,287,0,504476,20.0003,25223.5,5137470
frontier,hierarchical_lockfree_rma,random,10000,20,4,224,223,-1,433781,20.0003,21688.8,5137467
frontier,hierarchical_lockfree_rma,random,10000,20,4,224,223,0,433941,20.0003,21696.7,5137467
frontier,hierarchical_lockfree_rma,random,10000,20,4,36,35,-1,61387,20.0001,3069.34,5137467
frontier,hierarchical_lockfree_rma,random,10000,20,4,36,35,0,61056,20.0001,3052.78,5137467
frontier,hierarchical_lockfree_rma,random,10000,20,512,28672,28671,-1,52195202,20.0002,2.60974e+06,5137550
frontier,hierarchical_lockfree_rma,random,10000,20,512,28672,28671,0,52718158,20.0009,2.63579e+06,5137550
frontier,hierarchical_lockfree_rma,random,10000,20,512,4608,4607,-1,7983162,20.0016,399127,5137550
frontier,hierarchical_lockfree_rma,random,10000,20,512,4608,4607,0,8041816,20.0006,402079,5137550
frontier,hierarchical_lockfree_rma,random,10000,20,64,3584,3583,-1,6923119,20.0012,346136,5137471
frontier,hierarchical_lockfree_rma,random,10000,20,64,3584,3583,0,6932580,20.0011,346610,5137471
frontier,hierarchical_lockfree_rma,random,10000,20,64,576,575,-1,1007254,20.0004,50361.6,5137471
frontier,hierarchical_lockfree_rma,random,10000,20,64,576,575,0,1009447,20.0004,50471.3,5137471
frontier,hierarchical_lockfree_rma,random,10000,20,8,448,447,-1,870293,20.0005,43513.6,5137468
frontier,hierarchical_lockfree_rma,random,10000,20,8,448,447,0,868928,20.0006,43445,5137468
frontier,hierarchical_lockfree_rma,random,10000,20,8,72,71,-1,124343,20.0001,6217.13,5137468
frontier,hierarchical_lockfree_rma,random,10000,20,8,72,71,0,124840,20.0001,6241.98,5137468
frontier,hierarchical_lockfree_rma,random,100000,20,1,56,55,-1,10770,20,538.499,5137465
frontier,hierarchical_lockfree_rma,random,100000,20,1,56,55,0,10732,20.0001,536.598,5137465
frontier,hierarchical_lockfree_rma,random,100000,20,1,9,8,-1,1398,20.0001,69.8997,5137465
frontier,hierarchical_lockfree_rma,random,100000,20,1,9,8,0,1394,20.0001,69.6997,5137465
frontier,hierarchical_lockfree_rma,random,100000,20,1024,9216,9215,-1,1587998,20.0011,79395.3,5137552
frontier,hierarchical_lockfree_rma,random,100000,20,1024,9216,9215,0,1610776,20.0011,80534.2,5137552
frontier,hierarchical_lockfree_rma,random,100000,20,128,1152,1151,-1,200285,20.0002,10014.1,5137472
frontier,hierarchical_lockfree_rma,random,100000,20,128,1152,1151,0,201687,20.0003,10084.2,5137472
frontier,hierarchical_lockfree_rma,random,100000,20,128,7168,7167,-1,1387951,20.0015,69392.3,5137472
frontier,hierarchical_lockfree_rma,random,100000,20,128,7168,7167,0,1390583,20.0013,69524.7,5137472
frontier,hierarchical_lockfree_rma,random,100000,20,16,144,143,-1,25132,20.0001,1256.59,5137469
frontier,hierarchical_lockfree_rma,random,100000,20,16,144,143,0,24870,20.0001,1243.49,5137469
frontier,hierarchical_lockfree_rma,random,100000,20,16,896,895,-1,173696,20.0002,8684.71,5137469
frontier,hierarchical_lockfree_rma,random,100000,20,16,896,895,0,174533,20.0003,8726.53,5137469
frontier,hierarchical_lockfree_rma,random,100000,20,2,112,111,-1,21630,20.0001,1081.5,5137466
frontier,hierarchical_lockfree_rma,random,100000,20,2,112,111,0,21584,20.0001,1079.19,5137466
frontier,hierarchical_lockfree_rma,random,100000,20,2,18,17,-1,2979,20,148.95,5137466
frontier,hierarchical_lockfree_rma,random,100000,20,2,18,17,0,2959,20.0001,147.95,5137466
frontier,hierarchical_lockfree_rma,random,100000,20,2048,114688,114687,-1,19273533,20.0012,963618,5137553
frontier,hierarchical_lockfree_rma,random,100000,20,2048,114688,114687,0,19587162,20.0027,979225,5137553
frontier,hierarchical_lockfree_rma,random,100000,20,2048,18432,18431,-1,3092987,20.0009,154642,5137553
frontier,hierarchical_lockfree_rma,random,100000,20,2048,18432,18431,0,3161611,20.0025,158061,5137553
frontier,hierarchical_lockfree_rma,random,100000,20,256,14336,14335,-1,2733064,20.0007,136648,5137473
frontier,hierarchical_lockfree_rma,random,100000,20,256,14336,14335,0,2744689,20.0006,137230,5137473
frontier,hierarchical_lockfree_rma,random,100000,20,256,2304,2303,-1,399575,20.0004,19978.3,5137473
frontier,hierarchical_lockfree_rma,random,100000,20,256,2304,2303,0,403384,20.0005,20168.7,5137473
frontier,hierarchical_lockfree_rma,random,100000,20,32,1792,1791,-1,348057,20.0004,17402.5,5137470
frontier,hierarchical_lockfree_rma,random,100000,20,32,1792,1791,0,347453,20.0005,17372.2,5137470
frontier,hierarchical_lockfree_rma,random,100000,20,32,288,287,-1,50208,20.0002,2510.38,5137470
frontier,hierarchical_lockfree_rma,random,100000,20,32,288,287,0,50567,20.0001,2528.33,5137470
frontier,hierarchical_lockfree_rma,random,100000,20,4,224,223,-1,43298,20.0002,2164.88,5137467
frontier,hierarchical_lockfree_rma,random,100000,20,4,224,223,0,43161,20.0001,2158.04,5137467
frontier,hierarchical_lockfree_rma,random,100000,20,4,36,35,-1,6160,20.0001,307.999,5137467
frontier,hierarchical_lockfree_rma,random,100000,20,4,36,35,0,6106,20.0001,305.298,5137467
frontier,hierarchical_lockfree_rma,random,100000,20,512,28672,28671,-1,5364185,20.0011,268194,5137550
frontier,hierarchical_lockfree_rma,random,100000,20,512,28672,28671,0,5425439,20.0015,271252,5137550
frontier,hierarchical_lockfree_rma,random,100000,20,512,4608,4607,-1,795413,20.0007,39769.3,5137550
frontier,hierarchical_lockfree_rma,random,100000,20,512,4608,4607,0,804769,20.0012,40236.1,5137550
frontier,hierarchical_lockfree_rma,random,100000,20,64,3584,3583,-1,692985,20.0008,34647.8,5137471
frontier,hierarchical_lockfree_rma,random,100000,20,64,3584,3583,0,695154,20.0009,34756.1,5137471
frontier,hierarchical_lockfree_rma,random,100000,20,64,576,575,-1,100399,20.0004,5019.85,5137471
frontier,hierarchical_lockfree_rma,random,100000,20,64,576,575,0,101149,20.0001,5057.41,5137471
frontier,hierarchical_lockfree_rma,random,100000,20,8,448,447,-1,87275,20.0002,4363.72,5137468
frontier,hierarchical_lockfree_rma,random,100000,20,8,448,447,0,87060,20.0002,4352.97,5137468
frontier,hierarchical_lockfree_rma,random,100000,20,8,72,71,-1,12485,20.0001,624.246,5137468
frontier,hierarchical_lockfree_rma,random,100000,20,8,72,71,0,12449,20.0001,622.446,5137468
frontier,hierarchical_lockfree_rma,random,1000000,20,1,56,55,-1,1074,20.0001,53.6998,5137465
frontier,hierarchical_lockfree_rma,random,1000000,20,1,56,55,0,985,20.0001,49.2498,5137465
frontier,hierarchical_lockfree_rma,random,1000000,20,1,9,8,-1,137,20,6.85,5137465
frontier,hierarchical_lockfree_rma,random,1000000,20,1,9,8,0,136,20,6.8,5137465
frontier,hierarchical_lockfree_rma,random,1000000,20,1024,9216,9215,-1,130607,20.0002,6530.28,5137552
frontier,hierarchical_lockfree_rma,random,1000000,20,1024,9216,9215,0,137565,20.0004,6878.1,5137552
frontier,hierarchical_lockfree_rma,random,1000000,20,128,1152,1151,-1,16902,20.0004,845.085,5137472
frontier,hierarchical_lockfree_rma,random,1000000,20,128,1152,1151,0,18235,20.0001,911.744,5137472
frontier,hierarchical_lockfree_rma,random,1000000,20,128,7168,7167,-1,121041,20.0003,6051.96,5137472
frontier,hierarchical_lockfree_rma,random,1000000,20,128,7168,7167,0,127187,20.0003,6359.24,5137472
frontier,hierarchical_lockfree_rma,random,1000000,20,16,144,143,-1,2201,20,110.05,5137469
frontier,hierarchical_lockfree_rma,random,1000000,20,16,144,143,0,2292,20,114.6,5137469
frontier,hierarchical_lockfree_rma,random,1000000,20,16,896,895,-1,15965,20.0001,798.245,5137469
frontier,hierarchical_lockfree_rma,random,1000000,20,16,896,895,0,15872,20.0001,793.595,5137469
frontier,hierarchical_lockfree_rma,random,1000000,20,2,112,111,-1,2092,20.0001,104.599,5137466
frontier,hierarchical_lockfree_rma,random,1000000,20,2,112,111,0,2101,20.0001,105.05,5137466
frontier,hierarchical_lockfree_rma,random,1000000,20,2,18,17,-1,269,20,13.45,5137466
frontier,hierarchical_lockfree_rma,random,1000000,20,2,18,17,0,296,20.0001,14.7999,5137466
frontier,hierarchical_lockfree_rma,random,1000000,20,2048,114688,114687,-1,1920767,20.0015,96031.2,5137553
frontier,hierarchical_lockfree_rma,random,1000000,20,2048,114688,114687,0,1960612,20.0024,98019.1,5137553
frontier,hierarchical_lockfree_rma,random,1000000,20,2048,18432,18431,-1,258975,20.0002,12948.6,5137553
frontier,hierarchical_lockfree_rma,random,1000000,20,2048,18432,18431,0,278839,20.0004,13941.7,5137553
frontier,hierarchical_lockfree_rma,random,1000000,20,256,14336,14335,-1,249612,20.0003,12480.4,5137473
frontier,hierarchical_lockfree_rma,random,1000000,20,256,14336,14335,0,252593,20.0004,12629.4,5137473
frontier,hierarchical_lockfree_rma,random,1000000,20,256,2304,2303,-1,33098,20.0002,1654.89,5137473
frontier,hierarchical_lockfree_rma,random,1000000,20,256,2304,2303,0,35485,20.0003,1774.22,5137473
frontier,hierarchical_lockfree_rma,random,1000000,20,32,1792,1791,-1,31704,20.0001,1585.19,5137470
frontier,hierarchical_lockfree_rma,random,1000000,20,32,1792,1791,0,32467,20.0001,1623.34,5137470
frontier,hierarchical_lockfree_rma,random,1000000,20,32,288,287,-1,4632,20.0001,231.599,5137470
frontier,hierarchical_lockfree_rma,random,1000000,20,32,288,287,0,4556,20.0001,227.799,5137470
frontier,hierarchical_lockfree_rma,random,1000000,20,4,224,223,-1,4093,20.0001,204.649,5137467
frontier,hierarchical_lockfree_rma,random,1000000,20,4,224,223,0,3994,20,199.7,5137467
frontier,hierarchical_lockfree_rma,random,1000000,20,4,36,35,-1,578,20.0001,28.8999,5137467
frontier,hierarchical_lockfree_rma,random,1000000,20,4,36,35,0,539,20.0001,26.9499,5137467
frontier,hierarchical_lockfree_rma,random,1000000,20,512,28672,28671,-1,481333,20.0004,24066.1,5137550
frontier,hierarchical_lockfree_rma,random,1000000,20,512,28672,28671,0,502999,20.0007,25149,5137550
frontier,hierarchical_lockfree_rma,random,1000000,20,512,4608,4607,-1,65100,20.0001,3254.98,5137550
frontier,hierarchical_lockfree_rma,random,1000000,20,512,4608,4607,0,68252,20.0004,3412.52,5137550
frontier,hierarchical_lockfree_rma,random,1000000,20,64,3584,3583,-1,63152,20.0001,3157.58,5137471
frontier,hierarchical_lockfree_rma,random,1000000,20,64,3584,3583,0,63834,20.0002,3191.67,5137471
frontier,hierarchical_lockfree_rma,random,1000000,20,64,576,575,-1,8831,20.0001,441.548,5137471
frontier,hierarchical_lockfree_rma,random,1000000,20,64,576,575,0,9093,20.0002,454.646,5137471
frontier,hierarchical_lockfree_rma,random,1000000,20,8,448,447,-1,7847,20,392.349,5137468
frontier,hierarchical_lockfree_rma,random,1000000,20,8,448,447,0,8007,20.0001,400.348,5137468
frontier,hierarchical_lockfree_rma,random,1000000,20,8,72,71,-1,1133,20.0001,56.6498,5137468
frontier,hierarchical_lockfree_rma,random,1000000,20,8,72,71,0,1147,20.0001,57.3497,5137468
frontier,lockfree_rma,fixed,10,20,1,56,55,-1,18970592,20.0001,948526,5137465
frontier,lockfree_rma,fixed,10,20,1,9,8,-1,1281944,20,64097.1,5137465
frontier,lockfree_rma,fixed,10,20,128,1152,1151,-1,5918163,20.0002,295906,5137472
frontier,lockfree_rma,fixed,10,20,128,7168,7167,-1,8374210,20.0005,418700,5137472
frontier,lockfree_rma,fixed,10,20,16,144,143,-1,6753983,20.0001,337698,5137469
frontier,lockfree_rma,fixed,10,20,16,896,895,-1,9563021,20.0005,478138,5137469
frontier,lockfree_rma,fixed,10,20,2,112,111,-1,10133548,20.0002,506672,5137466
frontier,lockfree_rma,fixed,10,20,2,18,17,-1,5741907,20,287095,5137466
frontier,lockfree_rma,fixed,10,20,2048,114688,114687,-1,2144104,20.0265,107064,5137553
frontier,lockfree_rma,fixed,10,20,2048,18432,18431,-1,2122533,20.0004,106125,5137553
frontier,lockfree_rma,fixed,10,20,256,14336,14335,-1,8058312,20.0002,402911,5137473
frontier,lockfree_rma,fixed,10,20,256,2304,2303,-1,2709819,20.0004,135488,5137473
frontier,lockfree_rma,fixed,10,20,32,1792,1791,-1,8747994,20.0015,437367,5137470
frontier,lockfree_rma,fixed,10,20,32,288,287,-1,6732241,20.0001,336610,5137470
frontier,lockfree_rma,fixed,10,20,4,224,223,-1,10038875,20.0001,501942,5137467
frontier,lockfree_rma,fixed,10,20,4,36,35,-1,6795272,20,339763,5137467
frontier,lockfree_rma,fixed,10,20,512,28672,28671,-1,3097339,20.0704,154324,5137550
frontier,lockfree_rma,fixed,10,20,512,4608,4607,-1,2764786,20.0004,138236,5137550
frontier,lockfree_rma,fixed,10,20,64,3584,3583,-1,8293918,20.0004,414687,5137471
frontier,lockfree_rma,fixed,10,20,64,576,575,-1,6439878,20.0001,321992,5137471
frontier,lockfree_rma,fixed,10,20,8,448,447,-1,9394473,20.0001,469722,5137468
frontier,lockfree_rma,fixed,10,20,8,72,71,-1,6750785,20,337539,5137468
frontier,lockfree_rma,fixed,100,20,1,56,55,-1,6830615,20.0001,341529,5137465
frontier,lockfree_rma,fixed,100,20,1,9,8,-1,1288240,20,64411.9,5137465
frontier,lockfree_rma,fixed,100,20,128,1152,1151,-1,7726373,20.0004,386310,5137472
frontier,lockfree_rma,fixed,100,20,128,7168,7167,-1,7905082,20.0013,395228,5137472
frontier,lockfree_rma,fixed,100,20,16,144,143,-1,5557691,20.0001,277883,5137469
frontier,lockfree_rma,fixed,100,20,16,896,895,-1,9059170,20.0001,452956,5137469
frontier,lockfree_rma,fixed,100,20,2,112,111,-1,9585236,20,479261,5137466
frontier,lockfree_rma,fixed,100,20,2,18,17,-1,1935872,20.0001,96793.1,5137466
frontier,lockfree_rma,fixed,100,20,2048,114688,114687,-1,2017258,20.0543,100590,5137553
frontier,lockfree_rma,fixed,100,20,2048,18432,18431,-1,3440329,20.0153,171885,5137553
frontier,lockfree_rma,fixed,100,20,256,14336,14335,-1,7545269,20.0009,377246,5137473
frontier,lockfree_rma,fixed,100,20,256,2304,2303,-1,3819402,20.0013,190958,5137473
frontier,lockfree_rma,fixed,100,20,32,1792,1791,-1,8336841,20.001,416822,5137470
frontier,lockfree_rma,fixed,100,20,32,288,287,-1,7340397,20.0002,367015,5137470
frontier,lockfree_rma,fixed,100,20,4,224,223,-1,9497727,20.0002,474882,5137467
frontier,lockfree_rma,fixed,100,20,4,36,35,-1,3157477,20.0001,157873,5137467
frontier,lockfree_rma,fixed,100,20,512,28672,28671,-1,2394015,20.0578,119356,5137550
frontier,lockfree_rma,fixed,100,20,512,4608,4607,-1,4164630,20.0023,208208,5137550
frontier,lockfree_rma,fixed,100,20,64,3584,3583,-1,7892266,20.0014,394586,5137471
frontier,lockfree_rma,fixed,100,20,64,576,575,-1,8537941,20.0008,426879,5137471
frontier,lockfree_rma,fixed,100,20,8,448,447,-1,9053210,20.0002,452657,5137468
frontier,lockfree_rma,fixed,100,20,8,72,71,-1,3694472,20,184723,5137468
frontier,lockfree_rma,fixed,1000,20,1,56,55,-1,1004410,20,50220.4,5137465
frontier,lockfree_rma,fixed,1000,20,1,9,8,-1,148464,20.0001,7423.16,5137465
frontier,lockfree_rma,fixed,1000,20,128,1152,1151,-1,7634530,20.0004,381719,5137472
frontier,lockfree_rma,fixed,1000,20,128,7168,7167,-1,9100298,20.0027,454953,5137472
frontier,lockfree_rma,fixed,1000,20,16,144,143,-1,2295534,20.0001,114776,5137469
frontier,lockfree_rma,fixed,1000,20,16,896,895,-1,7157041,20.001,357834,5137469
frontier,lockfree_rma,fixed,1000,20,2,112,111,-1,2029413,20.0001,101470,5137466
frontier,lockfree_rma,fixed,1000,20,2,18,17,-1,303994,20,15199.7,5137466
frontier,lockfree_rma,fixed,1000,20,2048,114688,114687,-1,1224543,20.0147,61182.2,5137553
frontier,lockfree_rma,fixed,1000,20,2048,18432,18431,-1,7611167,20.0013,380534,5137553
frontier,lockfree_rma,fixed,1000,20,256,14336,14335,-1,8458213,20.0092,422717,5137473
frontier,lockfree_rma,fixed,1000,20,256,2304,2303,-1,8788870,20.0004,439435,5137473
frontier,lockfree_rma,fixed,1000,20,32,1792,1791,-1,8623075,20.0015,431122,5137470
frontier,lockfree_rma,fixed,1000,20,32,288,287,-1,4081658,20.0001,204082,5137470
frontier,lockfree_rma,fixed,1000,20,4,224,223,-1,3840725,20.0001,192036,5137467
frontier,lockfree_rma,fixed,1000,20,4,36,35,-1,613605,20,30680.2,5137467
frontier,lockfree_rma,fixed,1000,20,512,28672,28671,-1,1723118,20.102,85718.7,5137550
frontier,lockfree_rma,fixed,1000,20,512,4608,4607,-1,9695433,20.0008,484752,5137550
frontier,lockfree_rma,fixed,1000,20,64,3584,3583,-1,9097122,20.002,454811,5137471
frontier,lockfree_rma,fixed,1000,20,64,576,575,-1,6370831,20.0002,318538,5137471
frontier,lockfree_rma,fixed,1000,20,8,448,447,-1,5993065,20.0002,299650,5137468
frontier,lockfree_rma,fixed,1000,20,8,72,71,-1,1239209,20,61960.4,5137468
frontier,lockfree_rma,fixed,10000,20,1,56,55,-1,109395,20.0001,5469.72,5137465
frontier,lockfree_rma,fixed,10000,20,1,9,8,-1,15880,20.0001,793.997,5137465
frontier,lockfree_rma,fixed,10000,20,128,1152,1151,-1,2193507,20.0006,109672,5137472
frontier,lockfree_rma,fixed,10000,20,128,7168,7167,-1,7747113,20.0011,387333,5137472
frontier,lockfree_rma,fixed,10000,20,16,144,143,-1,281561,20.0002,14077.9,5137469
frontier,lockfree_rma,fixed,10000,20,16,896,895,-1,1736839,20.0007,86838.9,5137469
frontier,lockfree_rma,fixed,10000,20,2,112,111,-1,219464,20.0001,10973.1,5137466
frontier,lockfree_rma,fixed,10000,20,2,18,17,-1,33592,20.0001,1679.59,5137466
frontier,lockfree_rma,fixed,10000,20,2048,114688,114687,-1,1184614,20.0489,59086.2,5137553
frontier,lockfree_rma,fixed,10000,20,2048,18432,18431,-1,8179618,20.001,408960,5137553
frontier,lockfree_rma,fixed,10000,20,256,14336,14335,-1,7896474,20.0098,394631,5137473
frontier,lockfree_rma,fixed,10000,20,256,2304,2303,-1,4078171,20.0001,203908,5137473
frontier,lockfree_rma,fixed,10000,20,32,1792,1791,-1,3264346,20.0013,163207,5137470
frontier,lockfree_rma,fixed,10000,20,32,288,287,-1,564535,20.0002,28226.5,5137470
frontier,lockfree_rma,fixed,10000,20,4,224,223,-1,440871,20.0003,22043.3,5137467
frontier,lockfree_rma,fixed,10000,20,4,36,35,-1,69052,20.0001,3452.58,5137467
frontier,lockfree_rma,fixed,10000,20,512,28672,28671,-1,1901522,20.0755,94718.6,5137550
frontier,lockfree_rma,fixed,10000,20,512,4608,4607,-1,7305162,20.0012,365236,5137550
frontier,lockfree_rma,fixed,10000,20,64,3584,3583,-1,5746609,20.0013,287312,5137471
frontier,lockfree_rma,fixed,10000,20,64,576,575,-1,1128468,20.0004,56422.2,5137471
frontier,lockfree_rma,fixed,10000,20,8,448,447,-1,883126,20.0004,44155.4,5137468
frontier,lockfree_rma,fixed,10000,20,8,72,71,-1,140034,20.0004,7001.55,5137468
frontier,lockfree_rma,fixed,100000,20,1,56,55,-1,10945,20,547.249,5137465
frontier,lockfree_rma,fixed,100000,20,1,9,8,-1,1592,20,79.5998,5137465
frontier,lockfree_rma,fixed,100000,20,128,1152,1151,-1,229049,20.0002,11452.4,5137472
frontier,lockfree_rma,fixed,100000,20,128,7168,7167,-1,1403312,20.0007,70163.1,5137472
frontier,lockfree_rma,fixed,100000,20,16,144,143,-1,28457,20.0001,1422.84,5137469
frontier,lockfree_rma,fixed,100000,20,16,896,895,-1,178105,20.0003,8905.14,5137469
frontier,lockfree_rma,fixed,100000,20,2,112,111,-1,22089,20.0001,1104.45,5137466
frontier,lockfree_rma,fixed,100000,20,2,18,17,-1,3383,20,169.15,5137466
frontier,lockfree_rma,fixed,100000,20,2048,114688,114687,-1,978071,20.7708,47088.8,5137553
frontier,lockfree_rma,fixed,100000,20,2048,18432,18431,-1,3532989,20.0008,176642,5137553
frontier,lockfree_rma,fixed,100000,20,256,14336,14335,-1,2787168,20.0006,139354,5137473
frontier,lockfree_rma,fixed,100000,20,256,2304,2303,-1,458297,20.0002,22914.6,5137473
frontier,lockfree_rma,fixed,100000,20,32,1792,1791,-1,356409,20.0003,17820.2,5137470
frontier,lockfree_rma,fixed,100000,20,32,288,287,-1,57113,20.0001,2855.63,5137470
frontier,lockfree_rma,fixed,100000,20,4,224,223,-1,44377,20.0001,2218.84,5137467
frontier,lockfree_rma,fixed,100000,20,4,36,35,-1,6965,20,348.249,5137467
frontier,lockfree_rma,fixed,100000,20,512,28672,28671,-1,5138737,20.0008,256927,5137550
frontier,lockfree_rma,fixed,100000,20,512,4608,4607,-1,906082,20.0004,45303.1,5137550
frontier,lockfree_rma,fixed,100000,20,64,3584,3583,-1,707802,20.0004,35389.4,5137471
frontier,lockfree_rma,fixed,100000,20,64,576,575,-1,114425,20.0002,5721.21,5137471
frontier,lockfree_rma,fixed,100000,20,8,448,447,-1,88953,20.0002,4447.61,5137468
frontier,lockfree_rma,fixed,100000,20,8,72,71,-1,14129,20.0004,706.436,5137468
frontier,lockfree_rma,fixed,1000000,20,1,56,55,-1,1045,20,52.2499,5137465
frontier,lockfree_rma,fixed,1000000,20,1,9,8,-1,152,20,7.59999,5137465
frontier,lockfree_rma,fixed,1000000,20,128,1152,1151,-1,21869,20.0001,1093.44,5137472
frontier,lockfree_rma,fixed,1000000,20,128,7168,7167,-1,136173,20.0002,6808.57,5137472
frontier,lockfree_rma,fixed,1000000,20,16,144,143,-1,2717,20,135.85,5137469
frontier,lockfree_rma,fixed,1000000,20,16,896,895,-1,17005,20.0001,850.245,5137469
frontier,lockfree_rma,fixed,1000000,20,2,112,111,-1,2109,20.0001,105.45,5137466
frontier,lockfree_rma,fixed,1000000,20,2,18,17,-1,323,20.0001,16.15,5137466
frontier,lockfree_rma,fixed,1000000,20,2048,114688,114687,-1,849913,20.7108,41037.2,5137553
frontier,lockfree_rma,fixed,1000000,20,2048,18432,18431,-1,350189,20.0003,17509.2,5137553
frontier,lockfree_rma,fixed,1000000,20,256,14336,14335,-1,272365,20.0002,13618.1,5137473
frontier,lockfree_rma,fixed,1000000,20,256,2304,2303,-1,43757,20,2187.85,5137473
frontier,lockfree_rma,fixed,1000000,20,32,1792,1791,-1,34029,20.0001,1701.44,5137470
frontier,lockfree_rma,fixed,1000000,20,32,288,287,-1,5453,20.0001,272.648,5137470
frontier,lockfree_rma,fixed,1000000,20,4,224,223,-1,4237,20.0001,211.849,5137467
frontier,lockfree_rma,fixed,1000000,20,4,36,35,-1,665,20.0001,33.2499,5137467
frontier,lockfree_rma,fixed,1000000,20,512,28672,28671,-1,544749,20.0004,27236.9,5137550
frontier,lockfree_rma,fixed,1000000,20,512,4608,4607,-1,87533,20.0001,4376.62,5137550
frontier,lockfree_rma,fixed,1000000,20,64,3584,3583,-1,68077,20.0001,3403.84,5137471
frontier,lockfree_rma,fixed,1000000,20,64,576,575,-1,10925,20,546.249,5137471
frontier,lockfree_rma,fixed,1000000,20,8,448,447,-1,8493,20.0001,424.648,5137468
frontier,lockfree_rma,fixed,1000000,20,8,72,71,-1,1349,20,67.4499,5137468
frontier,lockfree_rma,random,10,20,1,56,55,-1,16601111,20.0001,830051,5137465
frontier,lockfree_rma,random,10,20,1,9,8,-1,1459010,20,72950.4,5137465
frontier,lockfree_rma,random,10,20,1024,9216,9215,-1,2512009,20.0059,125563,5137552
frontier,lockfree_rma,random,10,20,128,1152,1151,-1,5479292,20.0005,273958,5137472
frontier,lockfree_rma,random,10,20,128,7168,7167,-1,8312990,20.0003,415643,5137472
frontier,lockfree_rma,random,10,20,16,144,143,-1,6722916,20,336145,5137469
frontier,lockfree_rma,random,10,20,16,896,895,-1,9562492,20.0006,478110,5137469
frontier,lockfree_rma,random,10,20,2,112,111,-1,10111514,20.0001,505573,5137466
frontier,lockfree_rma,random,10,20,2,18,17,-1,5766390,20,288319,5137466
frontier,lockfree_rma,random,10,20,2048,114688,114687,-1,2144000,20.0234,107075,5137553
frontier,lockfree_rma,random,10,20,2048,18432,18431,-1,2426744,20.0097,121279,5137553
frontier,lockfree_rma,random,10,20,256,14336,14335,-1,8034815,20.0001,401739,5137473
frontier,lockfree_rma,random,10,20,256,2304,2303,-1,2576629,20.0004,128829,5137473
frontier,lockfree_rma,random,10,20,32,1792,1791,-1,8734243,20.0013,436683,5137470
frontier,lockfree_rma,random,10,20,32,288,287,-1,6651530,20.0001,332575,5137470
frontier,lockfree_rma,random,10,20,4,224,223,-1,9984660,20.0002,499229,5137467
frontier,lockfree_rma,random,10,20,4,36,35,-1,6723680,20,336183,5137467
frontier,lockfree_rma,random,10,20,512,28672,28671,-1,3043336,20.0273,151959,5137550
frontier,lockfree_rma,random,10,20,512,4608,4607,-1,2343365,20.0002,117167,5137550
frontier,lockfree_rma,random,10,20,64,3584,3583,-1,8315347,20.0004,415760,5137471
frontier,lockfree_rma,random,10,20,64,576,575,-1,6644319,20.0002,332213,5137471
frontier,lockfree_rma,random,10,20,8,448,447,-1,9455533,20.0002,472772,5137468
frontier,lockfree_rma,random,10,20,8,72,71,-1,6767161,20,338358,5137468
frontier,lockfree_rma,random,100,20,1,56,55,-1,6695656,20.0001,334781,5137465
frontier,lockfree_rma,random,100,20,1,9,8,-1,914902,20,45745,5137465
frontier,lockfree_rma,random,100,20,1024,9216,9215,-1,5794773,20.0061,289650,5137552
frontier,lockfree_rma,random,100,20,128,1152,1151,-1,7560306,20.0003,378010,5137472
frontier,lockfree_rma,random,100,20,128,7168,7167,-1,7945607,20.0014,397252,5137472
frontier,lockfree_rma,random,100,20,16,144,143,-1,4943237,20.0001,247161,5137469
frontier,lockfree_rma,random,100,20,16,896,895,-1,9028814,20.0001,451439,5137469
frontier,lockfree_rma,random,100,20,2,112,111,-1,9492272,20.0001,474611,5137466
frontier,lockfree_rma,random,100,20,2,18,17,-1,1659593,20.0001,82979.4,5137466
frontier,lockfree_rma,random,100,20,2048,114688,114687,-1,2045979,20.1269,101654,5137553
frontier,lockfree_rma,random,100,20,2048,18432,18431,-1,5481331,20.014,273875,5137553
frontier,lockfree_rma,random,100,20,256,14336,14335,-1,7580899,20.0012,379022,5137473
frontier,lockfree_rma,random,100,20,256,2304,2303,-1,4860226,20.0015,242994,5137473
frontier,lockfree_rma,random,100,20,32,1792,1791,-1,8343108,20.0011,417133,5137470
frontier,lockfree_rma,random,100,20,32,288,287,-1,6860511,20.0004,343019,5137470
frontier,lockfree_rma,random,100,20,4,224,223,-1,9384639,20.0001,469231,5137467
frontier,lockfree_rma,random,100,20,4,36,35,-1,3035482,20.0001,151773,5137467
frontier,lockfree_rma,random,100,20,512,28672,28671,-1,2416477,20.0656,120429,5137550
frontier,lockfree_rma,random,100,20,512,4608,4607,-1,5479739,20.0036,273937,5137550
frontier,lockfree_rma,random,100,20,64,3584,3583,-1,7959422,20.0016,397940,5137471
frontier,lockfree_rma,random,100,20,64,576,575,-1,8162986,20.0001,408147,5137471
frontier,lockfree_rma,random,100,20,8,448,447,-1,9081130,20.0002,454052,5137468
frontier,lockfree_rma,random,100,20,8,72,71,-1,4026992,20.0001,201349,5137468
frontier,lockfree_rma,random,1000,20,1,56,55,-1,1035922,20.0001,51795.8,5137465
frontier,lockfree_rma,random,1000,20,1,9,8,-1,146488,20.0001,7324.36,5137465
frontier,lockfree_rma,random,1000,20,1024,9216,9215,-1,10204872,20.0022,510188,5137552
frontier,lockfree_rma,random,1000,20,128,1152,1151,-1,8512730,20.0007,425621,5137472
frontier,lockfree_rma,random,1000,20,128,7168,7167,-1,9132012,20.0053,456480,5137472
frontier,lockfree_rma,random,1000,20,16,144,143,-1,2335519,20.0001,116775,5137469
frontier,lockfree_rma,random,1000,20,16,896,895,-1,8293427,20.0005,414660,5137469
frontier,lockfree_rma,random,1000,20,2,112,111,-1,2019195,20.0001,100959,5137466
frontier,lockfree_rma,random,1000,20,2,18,17,-1,305698,20,15284.9,5137466
frontier,lockfree_rma,random,1000,20,2048,114688,114687,-1,1207934,20.0482,60251.4,5137553
frontier,lockfree_rma,random,1000,20,2048,18432,18431,-1,7533583,20.0183,376335,5137553
frontier,lockfree_rma,random,1000,20,256,14336,14335,-1,8779420,20.0099,438753,5137473
frontier,lockfree_rma,random,1000,20,256,2304,2303,-1,8843516,20.002,442132,5137473
frontier,lockfree_rma,random,1000,20,32,1792,1791,-1,8667401,20.0013,433342,5137470
frontier,lockfree_rma,random,1000,20,32,288,287,-1,4068227,20,203411,5137470
frontier,lockfree_rma,random,1000,20,4,224,223,-1,3746392,20.0002,187318,5137467
frontier,lockfree_rma,random,1000,20,4,36,35,-1,620143,20.0001,31007,5137467
frontier,lockfree_rma,random,1000,20,512,28672,28671,-1,1727094,20.1103,85881.3,5137550
frontier,lockfree_rma,random,1000,20,512,4608,4607,-1,9846418,20.0012,492291,5137550
frontier,lockfree_rma,random,1000,20,64,3584,3583,-1,8948321,20.0028,447352,5137471
frontier,lockfree_rma,random,1000,20,64,576,575,-1,6620645,20.0004,331026,5137471
frontier,lockfree_rma,random,1000,20,8,448,447,-1,6062899,20.0004,303139,5137468
frontier,lockfree_rma,random,1000,20,8,72,71,-1,1245572,20.0001,62278.2,5137468
frontier,lockfree_rma,random,10000,20,1,56,55,-1,108951,20.0001,5447.51,5137465
frontier,lockfree_rma,random,10000,20,1,9,8,-1,15773,20.0001,788.647,5137465
frontier,lockfree_rma,random,10000,20,1024,9216,9215,-1,9821251,20.0041,490961,5137552
frontier,lockfree_rma,random,10000,20,128,1152,1151,-1,2221369,20.0007,111064,5137472
frontier,lockfree_rma,random,10000,20,128,7168,7167,-1,9322759,20.0011,466112,5137472
frontier,lockfree_rma,random,10000,20,16,144,143,-1,280593,20.0001,14029.6,5137469
frontier,lockfree_rma,random,10000,20,16,896,895,-1,1752154,20.0008,87604.3,5137469
frontier,lockfree_rma,random,10000,20,2,112,111,-1,219277,20.0002,10963.8,5137466
frontier,lockfree_rma,random,10000,20,2,18,17,-1,33682,20.0001,1684.09,5137466
frontier,lockfree_rma,random,10000,20,2048,114688,114687,-1,1160644,20.0515,57883.2,5137553
frontier,lockfree_rma,random,10000,20,2048,18432,18431,-1,8999046,20.0108,449710,5137553
frontier,lockfree_rma,random,10000,20,256,14336,14335,-1,9374059,20.0095,468480,5137473
frontier,lockfree_rma,random,10000,20,256,2304,2303,-1,4294639,20.0003,214729,5137473
frontier,lockfree_rma,random,10000,20,32,1792,1791,-1,3406247,20.0013,170301,5137470
frontier,lockfree_rma,random,10000,20,32,288,287,-1,563770,20.0002,28188.2,5137470
frontier,lockfree_rma,random,10000,20,4,224,223,-1,440895,20.0002,22044.5,5137467
frontier,lockfree_rma,random,10000,20,4,36,35,-1,69240,20.0001,3461.98,5137467
frontier,lockfree_rma,random,10000,20,512,28672,28671,-1,2369119,20.0259,118303,5137550
frontier,lockfree_rma,random,10000,20,512,4608,4607,-1,7900335,20.0012,394993,5137550
frontier,lockfree_rma,random,10000,20,64,3584,3583,-1,6427479,20.0004,321368,5137471
frontier,lockfree_rma,random,10000,20,64,576,575,-1,1126254,20.0004,56311.6,5137471
frontier,lockfree_rma,random,10000,20,8,448,447,-1,882190,20.0004,44108.5,5137468
frontier,lockfree_rma,random,10000,20,8,72,71,-1,139943,20.0003,6997.06,5137468
frontier,lockfree_rma,random,100000,20,1,56,55,-1,10875,20,543.749,5137465
frontier,lockfree_rma,random,100000,20,1,9,8,-1,1556,20.0001,77.7997,5137465
frontier,lockfree_rma,random,100000,20,1024,9216,9215,-1,1821199,20.0008,91056.2,5137552
frontier,lockfree_rma,random,100000,20,128,1152,1151,-1,228117,20.0002,11405.7,5137472
frontier,lockfree_rma,random,100000,20,128,7168,7167,-1,1418477,20.0008,70921.1,5137472
frontier,lockfree_rma,random,100000,20,16,144,143,-1,28435,20.0004,1421.72,5137469
frontier,lockfree_rma,random,100000,20,16,896,895,-1,177485,20.0002,8874.17,5137469
frontier,lockfree_rma,random,100000,20,2,112,111,-1,22095,20,1104.75,5137466
frontier,lockfree_rma,random,100000,20,2,18,17,-1,3354,20.0001,167.699,5137466
frontier,lockfree_rma,random,100000,20,2048,114688,114687,-1,1135533,20.009,56751.2,5137553
frontier,lockfree_rma,random,100000,20,2048,18432,18431,-1,3599783,20.0011,179980,5137553
frontier,lockfree_rma,random,100000,20,256,14336,14335,-1,2804498,20.0006,140220,5137473
frontier,lockfree_rma,random,100000,20,256,2304,2303,-1,456733,20.0003,22836.3,5137473
frontier,lockfree_rma,random,100000,20,32,1792,1791,-1,355707,20.0004,17785,5137470
frontier,lockfree_rma,random,100000,20,32,288,287,-1,56884,20.0001,2844.19,5137470
frontier,lockfree_rma,random,100000,20,4,224,223,-1,44275,20.0001,2213.73,5137467
frontier,lockfree_rma,random,100000,20,4,36,35,-1,6868,20.0001,343.398,5137467
frontier,lockfree_rma,random,100000,20,512,28672,28671,-1,5473361,20.001,273655,5137550
frontier,lockfree_rma,random,100000,20,512,4608,4607,-1,912061,20.0006,45601.6,5137550
frontier,lockfree_rma,random,100000,20,64,3584,3583,-1,710274,20.0007,35512.5,5137471
frontier,lockfree_rma,random,100000,20,64,576,575,-1,113946,20.0002,5697.25,5137471
frontier,lockfree_rma,random,100000,20,8,448,447,-1,88630,20.0002,4431.46,5137468
frontier,lockfree_rma,random,100000,20,8,72,71,-1,14096,20.0001,704.796,5137468
frontier,lockfree_rma,random,1000000,20,1,56,55,-1,1012,20,50.5999,5137465
frontier,lockfree_rma,random,1000000,20,1,9,8,-1,157,20.0001,7.84997,5137465
frontier,lockfree_rma,random,1000000,20,1024,9216,9215,-1,172270,20.0001,8613.44,5137552
frontier,lockfree_rma,random,1000000,20,128,1152,1151,-1,21672,20.0001,1083.59,5137472
frontier,lockfree_rma,random,1000000,20,128,7168,7167,-1,133687,20.0001,6684.31,5137472
frontier,lockfree_rma,random,1000000,20,16,144,143,-1,2690,20,134.5,5137469
frontier,lockfree_rma,random,1000000,20,16,896,895,-1,16822,20.0001,841.095,5137469
frontier,lockfree_rma,random,1000000,20,2,112,111,-1,2058,20.0001,102.899,5137466
frontier,lockfree_rma,random,1000000,20,2,18,17,-1,321,20,16.05,5137466
frontier,lockfree_rma,random,1000000,20,2048,114688,114687,-1,1894629,20.2821,93413.7,5137553
frontier,lockfree_rma,random,1000000,20,2048,18432,18431,-1,342976,20.0004,17148.5,5137553
frontier,lockfree_rma,random,1000000,20,256,14336,14335,-1,267630,20.0003,13381.3,5137473
frontier,lockfree_rma,random,1000000,20,256,2304,2303,-1,43143,20.0001,2157.14,5137473
frontier,lockfree_rma,random,1000000,20,32,1792,1791,-1,33418,20.0001,1670.89,5137470
frontier,lockfree_rma,random,1000000,20,32,288,287,-1,5386,20.0001,269.298,5137470
frontier,lockfree_rma,random,1000000,20,4,224,223,-1,4185,20.0001,209.249,5137467
frontier,lockfree_rma,random,1000000,20,4,36,35,-1,660,20.0005,32.9991,5137467
frontier,lockfree_rma,random,1000000,20,512,28672,28671,-1,530227,20.0005,26510.7,5137550
frontier,lockfree_rma,random,1000000,20,512,4608,4607,-1,85916,20.0001,4295.77,5137550
frontier,lockfree_rma,random,1000000,20,64,3584,3583,-1,66942,20.0001,3347.09,5137471
frontier,lockfree_rma,random,1000000,20,64,576,575,-1,10757,20.0001,537.847,5137471
frontier,lockfree_rma,random,1000000,20,8,448,447,-1,8367,20.0001,418.348,5137468
frontier,lockfree_rma,random,1000000,20,8,72,71,-1,1347,20,67.3499,5137468
frontier,naive,fixed,10,20,1,56,55,-1,24421615,20.0002,1.22107e+06,5137465
frontier,naive,fixed,10,20,1,9,8,-1,13711272,20,685562,5137465
frontier,naive,fixed,10,20,128,1152,1151,-1,12802708,20.011,639783,5137472
frontier,naive,fixed,10,20,128,7168,7167,-1,11323860,20.0491,564805,5137472
frontier,naive,fixed,10,20,16,144,143,-1,12748286,20.0013,637374,5137469
frontier,naive,fixed,10,20,16,896,895,-1,11964360,20.0046,598081,5137469
frontier,naive,fixed,10,20,2,112,111,-1,15988440,20,799420,5137466
frontier,naive,fixed,10,20,2,18,17,-1,12956778,20.0001,647834,5137466
frontier,naive,fixed,10,20,2048,114688,114687,-1,24162157,20.3849,1.1853e+06,5137553
frontier,naive,fixed,10,20,2048,18432,18431,-1,6299695,20.1974,311906,5137553
frontier,naive,fixed,10,20,256,14336,14335,-1,17202000,20.0608,857495,5137473
frontier,naive,fixed,10,20,256,2304,2303,-1,12734978,20.0184,636165,5137473
frontier,naive,fixed,10,20,32,1792,1791,-1,11677320,20.0114,583535,5137470
frontier,naive,fixed,10,20,32,288,287,-1,12812151,20.0027,640522,5137470
frontier,naive,fixed,10,20,4,224,223,-1,13386244,20.0009,669283,5137467
frontier,naive,fixed,10,20,4,36,35,-1,12897535,20.0002,644869,5137467
frontier,naive,fixed,10,20,512,28672,28671,-1,19400627,20.1151,964481,5137550
frontier,naive,fixed,10,20,512,4608,4607,-1,12731464,20.042,635239,5137550
frontier,naive,fixed,10,20,64,3584,3583,-1,11451268,20.0011,572533,5137471
frontier,naive,fixed,10,20,64,576,575,-1,12818456,20.0056,640743,5137471
frontier,naive,fixed,10,20,8,448,447,-1,12378324,20.0013,618875,5137468
frontier,naive,fixed,10,20,8,72,71,-1,12915559,20.0006,645758,5137468
frontier,naive,fixed,100,20,1,56,55,-1,10804090,20.0004,540193,5137465
frontier,naive,fixed,100,20,1,9,8,-1,1574677,20.0003,78732.8,5137465
frontier,naive,fixed,100,20,128,1152,1151,-1,6087138,20.0158,304117,5137472
frontier,naive,fixed,100,20,128,7168,7167,-1,12810825,20.0601,638623,5137472
frontier,naive,fixed,100,20,16,144,143,-1,6066545,20.0016,303304,5137469
frontier,naive,fixed,100,20,16,896,895,-1,13083605,20.0085,653901,5137469
frontier,naive,fixed,100,20,2,112,111,-1,13127972,20.0007,656376,5137466
frontier,naive,fixed,100,20,2,18,17,-1,3172101,20.0005,158601,5137466
frontier,naive,fixed,100,20,2048,114688,114687,-1,6458030,21.4652,300860,5137553
frontier,naive,fixed,100,20,2048,18432,18431,-1,3507549,20.3589,172286,5137553
frontier,naive,fixed,100,20,256,14336,14335,-1,12633298,20.1344,627447,5137473
frontier,naive,fixed,100,20,256,2304,2303,-1,6054398,20.0242,302354,5137473
frontier,naive,fixed,100,20,32,1792,1791,-1,13021082,20.015,650567,5137470
frontier,naive,fixed,100,20,32,288,287,-1,6070148,20.0033,303457,5137470
frontier,naive,fixed,100,20,4,224,223,-1,13160035,20.0017,657944,5137467
frontier,naive,fixed,100,20,4,36,35,-1,6070402,20.0004,303515,5137467
frontier,naive,fixed,100,20,512,28672,28671,-1,6654467,20.3251,327401,5137550
frontier,naive,fixed,100,20,512,4608,4607,-1,5986287,20.0646,298351,5137550
frontier,naive,fixed,100,20,64,3584,3583,-1,12983381,20.0262,648321,5137471
frontier,naive,fixed,100,20,64,576,575,-1,6082883,20.0064,304047,5137471
frontier,naive,fixed,100,20,8,448,447,-1,13131281,20.0037,656442,5137468
frontier,naive,fixed,100,20,8,72,71,-1,6192321,20.0007,309605,5137468
frontier,naive,fixed,1000,20,1,56,55,-1,1098247,20.0045,54899.9,5137465
frontier,naive,fixed,1000,20,1,9,8,-1,159772,20.0043,7986.88,5137465
frontier,naive,fixed,1000,20,128,1152,1151,-1,4974133,20.0208,248449,5137472
frontier,naive,fixed,1000,20,128,7168,7167,-1,5427879,20.1273,269678,5137472
frontier,naive,fixed,1000,20,16,144,143,-1,2823260,20.0046,141130,5137469
frontier,naive,fixed,1000,20,16,896,895,-1,5609047,20.0143,280252,5137469
frontier,naive,fixed,1000,20,2,112,111,-1,2204343,20.0041,110195,5137466
frontier,naive,fixed,1000,20,2,18,17,-1,337709,20.0035,16882.5,5137466
frontier,naive,fixed,1000,20,2048,114688,114687,-1,3307749,22.9101,144379,5137553
frontier,naive,fixed,1000,20,2048,18432,18431,-1,3145482,20.3728,154396,5137553
frontier,naive,fixed,1000,20,256,14336,14335,-1,5154852,20.2005,255184,5137473
frontier,naive,fixed,1000,20,256,2304,2303,-1,4936968,20.0395,246362,5137473
frontier,naive,fixed,1000,20,32,1792,1791,-1,5580061,20.0318,278561,5137470
frontier,naive,fixed,1000,20,32,288,287,-1,4969550,20.0038,248430,5137470
frontier,naive,fixed,1000,20,4,224,223,-1,4418605,20.0037,220890,5137467
frontier,naive,fixed,1000,20,4,36,35,-1,694052,20.0044,34695,5137467
frontier,naive,fixed,1000,20,512,28672,28671,-1,3252996,20.706,157104,5137550
frontier,naive,fixed,1000,20,512,4608,4607,-1,4878978,20.0925,242826,5137550
frontier,naive,fixed,1000,20,64,3584,3583,-1,5551198,20.0534,276821,5137471
frontier,naive,fixed,1000,20,64,576,575,-1,4976361,20.0109,248682,5137471
frontier,naive,fixed,1000,20,8,448,447,-1,5732290,20.0053,286539,5137468
frontier,naive,fixed,1000,20,8,72,71,-1,1406798,20.0035,70327.7,5137468
frontier,naive,fixed,10000,20,1,56,55,-1,110164,20.035,5498.57,5137465
frontier,naive,fixed,10000,20,1,9,8,-1,16023,20.0339,799.794,5137465
frontier,naive,fixed,10000,20,128,1152,1151,-1,2303153,20.0444,114903,5137472
frontier,naive,fixed,10000,20,128,7168,7167,-1,4737522,20.1004,235692,5137472
frontier,naive,fixed,10000,20,16,144,143,-1,286152,20.0386,14280,5137469
frontier,naive,fixed,10000,20,16,896,895,-1,1790950,20.0438,89351.7,5137469
frontier,naive,fixed,10000,20,2,112,111,-1,222136,20.0322,11089,5137466
frontier,naive,fixed,10000,20,2,18,17,-1,34022,20.0307,1698.49,5137466
frontier,naive,fixed,10000,20,2048,114688,114687,-1,3055634,23.1549,131965,5137553
frontier,naive,fixed,10000,20,2048,18432,18431,-1,3118187,20.4818,152242,5137553
frontier,naive,fixed,10000,20,256,14336,14335,-1,4512490,20.2261,223103,5137473
frontier,naive,fixed,10000,20,256,2304,2303,-1,4603706,20.0349,229784,5137473
frontier,naive,fixed,10000,20,32,1792,1791,-1,3580260,20.0307,178738,5137470
frontier,naive,fixed,10000,20,32,288,287,-1,574291,20.0396,28657.9,5137470
frontier,naive,fixed,10000,20,4,224,223,-1,446250,20.0333,22275.4,5137467
frontier,naive,fixed,10000,20,4,36,35,-1,70037,20.0318,3496.28,5137467
frontier,naive,fixed,10000,20,512,28672,28671,-1,2946306,20.7776,141802,5137550
frontier,naive,fixed,10000,20,512,4608,4607,-1,4795939,20.0779,238866,5137550
frontier,naive,fixed,10000,20,64,3584,3583,-1,4805033,20.0562,239579,5137471
frontier,naive,fixed,10000,20,64,576,575,-1,1150581,20.0413,57410.4,5137471
frontier,naive,fixed,10000,20,8,448,447,-1,894472,20.035,44645.4,5137468
frontier,naive,fixed,10000,20,8,72,71,-1,142076,20.0321,7092.43,5137468
frontier,naive,fixed,100000,20,1,56,55,-1,11165,20.3024,549.934,5137465
frontier,naive,fixed,100000,20,1,9,8,-1,1624,20.3012,79.9954,5137465
frontier,naive,fixed,100000,20,128,1152,1151,-1,233653,20.3087,11505.1,5137472
frontier,naive,fixed,100000,20,128,7168,7167,-1,1454901,20.3356,71544.5,5137472
frontier,naive,fixed,100000,20,16,144,143,-1,29029,20.304,1429.72,5137469
frontier,naive,fixed,100000,20,16,896,895,-1,181685,20.3082,8946.41,5137469
frontier,naive,fixed,100000,20,2,112,111,-1,22533,20.304,1109.78,5137466
frontier,naive,fixed,100000,20,2,18,17,-1,3451,20.3026,169.978,5137466
frontier,naive,fixed,100000,20,2048,114688,114687,-1,1955916,25.6863,76146.3,5137553
frontier,naive,fixed,100000,20,2048,18432,18431,-1,3730686,20.4044,182838,5137553
frontier,naive,fixed,100000,20,256,14336,14335,-1,2910005,20.3674,142875,5137473
frontier,naive,fixed,100000,20,256,2304,2303,-1,467509,20.314,23014.2,5137473
frontier,naive,fixed,100000,20,32,1792,1791,-1,363573,20.3122,17899.3,5137470
frontier,naive,fixed,100000,20,32,288,287,-1,58261,20.3047,2869.33,5137470
frontier,naive,fixed,100000,20,4,224,223,-1,45269,20.3046,2229.5,5137467
frontier,naive,fixed,100000,20,4,36,35,-1,7105,20.3028,349.951,5137467
frontier,naive,fixed,100000,20,512,28672,28671,-1,4677130,20.5248,227876,5137550
frontier,naive,fixed,100000,20,512,4608,4607,-1,935221,20.3239,46015.9,5137550
frontier,naive,fixed,100000,20,64,3584,3583,-1,727349,20.3207,35793.4,5137471
frontier,naive,fixed,100000,20,64,576,575,-1,116725,20.306,5748.3,5137471
frontier,naive,fixed,100000,20,8,448,447,-1,90741,20.3057,4468.75,5137468
frontier,naive,fixed,100000,20,8,72,71,-1,14413,20.3031,709.893,5137468
frontier,naive,fixed,1000000,20,1,56,55,-1,1265,23.0013,54.9969,5137465
frontier,naive,fixed,1000000,20,1,9,8,-1,184,23.0007,7.99974,5137465
frontier,naive,fixed,1000000,20,128,1152,1151,-1,26473,23.0105,1150.47,5137472
frontier,naive,fixed,1000000,20,128,7168,7167,-1,164841,23.0361,7155.76,5137472
frontier,naive,fixed,1000000,20,16,144,143,-1,3289,23.0062,142.962,5137469
frontier,naive,fixed,1000000,20,16,896,895,-1,20585,23.0083,894.676,5137469
frontier,naive,fixed,1000000,20,2,112,111,-1,2553,23.0057,110.973,5137466
frontier,naive,fixed,1000000,20,2,18,17,-1,391,23.0022,16.9984,5137466
frontier,naive,fixed,1000000,20,2048,114688,114687,-1,1451265,32.0791,45240.2,5137553
frontier,naive,fixed,1000000,20,2048,18432,18431,-1,431004,24.102,17882.5,5137553
frontier,naive,fixed,1000000,20,256,14336,14335,-1,329705,23.0667,14293.6,5137473
frontier,naive,fixed,1000000,20,256,2304,2303,-1,52969,23.0152,2301.47,5137473
frontier,naive,fixed,1000000,20,32,1792,1791,-1,41193,23.0111,1790.14,5137470
frontier,naive,fixed,1000000,20,32,288,287,-1,6601,23.0065,286.919,5137470
frontier,naive,fixed,1000000,20,4,224,223,-1,5129,23.0059,222.943,5137467
frontier,naive,fixed,1000000,20,4,36,35,-1,805,23.005,34.9924,5137467
frontier,naive,fixed,1000000,20,512,28672,28671,-1,686441,24.2017,28363.4,5137550
frontier,naive,fixed,1000000,20,512,4608,4607,-1,105961,23.025,4601.99,5137550
frontier,naive,fixed,1000000,20,64,3584,3583,-1,82409,23.021,3579.73,5137471
frontier,naive,fixed,1000000,20,64,576,575,-1,13225,23.0078,574.806,5137471
frontier,naive,fixed,1000000,20,8,448,447,-1,10281,23.0063,446.878,5137468
frontier,naive,fixed,1000000,20,8,72,71,-1,1633,23.0053,70.9836,5137468
frontier,naive,random,10,20,1,56,55,-1,25636454,20.0001,1.28181e+06,5137465
frontier,naive,random,10,20,1,9,8,-1,13502311,20.0001,675114,5137465
frontier,naive,random,10,20,1024,9216,9215,-1,13021590,20.0708,648784,5137552
frontier,naive,random,10,20,128,1152,1151,-1,13409102,20.008,670186,5137472
frontier,naive,random,10,20,128,7168,7167,-1,11409864,20.0243,569800,5137472
frontier,naive,random,10,20,16,144,143,-1,13423785,20.0011,671152,5137469
frontier,naive,random,10,20,16,896,895,-1,12003740,20.0036,600078,5137469
frontier,naive,random,10,20,2,112,111,-1,16075464,20.0001,803771,5137466
frontier,naive,random,10,20,2,18,17,-1,13518193,20.0001,675905,5137466
frontier,naive,random,10,20,2048,114688,114687,-1,24639503,20.4748,1.2034e+06,5137553
frontier,naive,random,10,20,2048,18432,18431,-1,6879241,20.259,339565,5137553
frontier,naive,random,10,20,256,14336,14335,-1,17603380,20.0679,877192,5137473
frontier,naive,random,10,20,256,2304,2303,-1,13386708,20.0153,668823,5137473
frontier,naive,random,10,20,32,1792,1791,-1,11791944,20.0042,589475,5137470
frontier,naive,random,10,20,32,288,287,-1,13455219,20.0025,672676,5137470
frontier,naive,random,10,20,4,224,223,-1,13491500,20.001,674543,5137467
frontier,naive,random,10,20,4,36,35,-1,13454380,20.0003,672709,5137467
frontier,naive,random,10,20,512,28672,28671,-1,19029013,20.118,945871,5137550
frontier,naive,random,10,20,512,4608,4607,-1,13303047,20.0371,663922,5137550
frontier,naive,random,10,20,64,3584,3583,-1,11537260,20.0246,576155,5137471
frontier,naive,random,10,20,64,576,575,-1,13425723,20.0054,671104,5137471
frontier,naive,random,10,20,8,448,447,-1,12490968,20.0003,624539,5137468
frontier,naive,random,10,20,8,72,71,-1,13500941,20.0005,675032,5137468
frontier,naive,random,100,20,1,56,55,-1,10788891,20.0005,539431,5137465
frontier,naive,random,100,20,1,9,8,-1,1576451,20.0005,78820.7,5137465
frontier,naive,random,100,20,1024,9216,9215,-1,5780638,20.1352,287091,5137552
frontier,naive,random,100,20,128,1152,1151,-1,6087007,20.0148,304125,5137472
frontier,naive,random,100,20,128,7168,7167,-1,12977254,20.0547,647092,5137472
frontier,naive,random,100,20,16,144,143,-1,6066105,20.0017,303279,5137469
frontier,naive,random,100,20,16,896,895,-1,13251778,20.008,662324,5137469
frontier,naive,random,100,20,2,112,111,-1,13295862,20.0007,664770,5137466
frontier,naive,random,100,20,2,18,17,-1,3163532,20.0005,158172,5137466
frontier,naive,random,100,20,2048,114688,114687,-1,6577253,21.4378,306806,5137553
frontier,naive,random,100,20,2048,18432,18431,-1,3509386,20.3952,172069,5137553
frontier,naive,random,100,20,256,14336,14335,-1,12741486,20.1423,632575,5137473
frontier,naive,random,100,20,256,2304,2303,-1,6057130,20.0312,302384,5137473
frontier,naive,random,100,20,32,1792,1791,-1,13206848,20.0138,659888,5137470
frontier,naive,random,100,20,32,288,287,-1,6095646,20.0033,304731,5137470
frontier,naive,random,100,20,4,224,223,-1,13258763,20.0019,662876,5137467
frontier,naive,random,100,20,4,36,35,-1,5877440,20.0005,293865,5137467
frontier,naive,random,100,20,512,28672,28671,-1,6775240,20.3032,333702,5137550
frontier,naive,random,100,20,512,4608,4607,-1,5986695,20.0639,298381,5137550
frontier,naive,random,100,20,64,3584,3583,-1,13141897,20.0255,656258,5137471
frontier,naive,random,100,20,64,576,575,-1,6066086,20.0075,303191,5137471
frontier,naive,random,100,20,8,448,447,-1,13280078,20.003,663903,5137468
frontier,naive,random,100,20,8,72,71,-1,6164627,20.0009,308218,5137468
frontier,naive,random,1000,20,1,56,55,-1,1098188,20.0045,54897,5137465
frontier,naive,random,1000,20,1,9,8,-1,159778,20.0034,7987.52,5137465
frontier,naive,random,1000,20,1024,9216,9215,-1,4670923,20.1638,231649,5137552
frontier,naive,random,1000,20,128,1152,1151,-1,4951755,20.0221,247315,5137472
frontier,naive,random,1000,20,128,7168,7167,-1,5432823,20.1317,269863,5137472
frontier,naive,random,1000,20,16,144,143,-1,2815911,20.0056,140756,5137469
frontier,naive,random,1000,20,16,896,895,-1,5636975,20.0144,281647,5137469
frontier,naive,random,1000,20,2,112,111,-1,2205733,20.0058,110254,5137466
frontier,naive,random,1000,20,2,18,17,-1,337852,20.0044,16888.9,5137466
frontier,naive,random,1000,20,2048,114688,114687,-1,3310709,22.9445,144292,5137553
frontier,naive,random,1000,20,2048,18432,18431,-1,3161508,20.3885,155064,5137553
frontier,naive,random,1000,20,256,14336,14335,-1,5083585,20.2052,251598,5137473
frontier,naive,random,1000,20,256,2304,2303,-1,4954114,20.0369,247249,5137473
frontier,naive,random,1000,20,32,1792,1791,-1,5604653,20.0203,279949,5137470
frontier,naive,random,1000,20,32,288,287,-1,4964613,20.0041,248179,5137470
frontier,naive,random,1000,20,4,224,223,-1,4401654,20.0044,220034,5137467
frontier,naive,random,1000,20,4,36,35,-1,694469,20.0051,34714.6,5137467
frontier,naive,random,1000,20,512,28672,28671,-1,3268722,20.6889,157994,5137550
frontier,naive,random,1000,20,512,4608,4607,-1,4849436,20.0569,241784,5137550
frontier,naive,random,1000,20,64,3584,3583,-1,5584213,20.0416,278631,5137471
frontier,naive,random,1000,20,64,576,575,-1,4983213,20.0086,249054,5137471
frontier,naive,random,1000,20,8,448,447,-1,5735549,20.0076,286668,5137468
frontier,naive,random,1000,20,8,72,71,-1,1406203,20.0057,70290,5137468
frontier,naive,random,10000,20,1,56,55,-1,110085,20.0523,5489.9,5137465
frontier,naive,random,10000,20,1,9,8,-1,16064,20.0311,801.955,5137465
frontier,naive,random,10000,20,1024,9216,9215,-1,4651516,20.1412,230945,5137552
frontier,naive,random,10000,20,128,1152,1151,-1,2302120,20.0579,114774,5137472
frontier,naive,random,10000,20,128,7168,7167,-1,4710864,20.0978,234397,5137472
frontier,naive,random,10000,20,16,144,143,-1,285783,20.0504,14253.2,5137469
frontier,naive,random,10000,20,16,896,895,-1,1792430,20.0558,89372,5137469
frontier,naive,random,10000,20,2,112,111,-1,221768,20.0464,11062.7,5137466
frontier,naive,random,10000,20,2,18,17,-1,34123,20.054,1701.56,5137466
frontier,naive,random,10000,20,2048,114688,114687,-1,2945655,23.3869,125953,5137553
frontier,naive,random,10000,20,2048,18432,18431,-1,3093673,20.4266,151453,5137553
frontier,naive,random,10000,20,256,14336,14335,-1,4373667,20.2391,216100,5137473
frontier,naive,random,10000,20,256,2304,2303,-1,4591394,20.0436,229071,5137473
frontier,naive,random,10000,20,32,1792,1791,-1,3582343,20.0598,178583,5137470
frontier,naive,random,10000,20,32,288,287,-1,574899,20.0564,28664.2,5137470
frontier,naive,random,10000,20,4,224,223,-1,446020,20.0428,22253.3,5137467
frontier,naive,random,10000,20,4,36,35,-1,70418,20.0404,3513.81,5137467
frontier,naive,random,10000,20,512,28672,28671,-1,2937353,20.82,141084,5137550
frontier,naive,random,10000,20,512,4608,4607,-1,4810252,20.0621,239768,5137550
frontier,naive,random,10000,20,64,3584,3583,-1,4815697,20.0715,239928,5137471
frontier,naive,random,10000,20,64,576,575,-1,1151322,20.0547,57409.2,5137471
frontier,naive,random,10000,20,8,448,447,-1,894231,20.0452,44610.8,5137468
frontier,naive,random,10000,20,8,72,71,-1,142141,20.0438,7091.53,5137468
frontier,naive,random,100000,20,1,56,55,-1,11268,20.5939,547.152,5137465
frontier,naive,random,100000,20,1,9,8,-1,1606,20.4066,78.6999,5137465
frontier,naive,random,100000,20,1024,9216,9215,-1,1875984,20.516,91440.2,5137552
frontier,naive,random,100000,20,128,1152,1151,-1,234750,20.5081,11446.7,5137472
frontier,naive,random,100000,20,128,7168,7167,-1,1460540,20.5138,71197.9,5137472
frontier,naive,random,100000,20,16,144,143,-1,29111,20.5223,1418.5,5137469
frontier,naive,random,100000,20,16,896,895,-1,182250,20.5032,8888.84,5137469
frontier,naive,random,100000,20,2,112,111,-1,22741,20.5733,1105.36,5137466
frontier,naive,random,100000,20,2,18,17,-1,3547,20.514,172.906,5137466
frontier,naive,random,100000,20,2048,114688,114687,-1,2232585,24.2599,92027.9,5137553
frontier,naive,random,100000,20,2048,18432,18431,-1,3745939,20.5278,182481,5137553
frontier,naive,random,100000,20,256,14336,14335,-1,2917783,20.522,142178,5137473
frontier,naive,random,100000,20,256,2304,2303,-1,468556,20.5093,22846,5137473
frontier,naive,random,100000,20,32,1792,1791,-1,364927,20.5046,17797.4,5137470
frontier,naive,random,100000,20,32,288,287,-1,58530,20.5706,2845.32,5137470
frontier,naive,random,100000,20,4,224,223,-1,45724,20.5787,2221.91,5137467
frontier,naive,random,100000,20,4,36,35,-1,7189,20.5593,349.671,5137467
frontier,naive,random,100000,20,512,28672,28671,-1,4640665,20.64,224839,5137550
frontier,naive,random,100000,20,512,4608,4607,-1,938691,20.5074,45773.4,5137550
frontier,naive,random,100000,20,64,3584,3583,-1,729733,20.5134,35573.5,5137471
frontier,naive,random,100000,20,64,576,575,-1,117165,20.5244,5708.58,5137471
frontier,naive,random,100000,20,8,448,447,-1,91249,20.5591,4438.37,5137468
frontier,naive,random,100000,20,8,72,71,-1,14464,20.5153,705.035,5137468
frontier,naive,random,1000000,20,1,56,55,-1,1361,25.6531,53.0541,5137465
frontier,naive,random,1000000,20,1,9,8,-1,200,25.242,7.92332,5137465
frontier,naive,random,1000000,20,1024,9216,9215,-1,226615,25.9001,8749.57,5137552
frontier,naive,random,1000000,20,128,1152,1151,-1,28322,25.9039,1093.35,5137472
frontier,naive,random,1000000,20,128,7168,7167,-1,176059,25.9355,6788.34,5137472
frontier,naive,random,1000000,20,16,144,143,-1,3484,25.8093,134.99,5137469
frontier,naive,random,1000000,20,16,896,895,-1,22052,25.8607,852.724,5137469
frontier,naive,random,1000000,20,2,112,111,-1,2730,25.6468,106.446,5137466
frontier,naive,random,1000000,20,2,18,17,-1,427,25.0956,17.015,5137466
frontier,naive,random,1000000,20,2048,114688,114687,-1,2617203,25.9097,101012,5137553
frontier,naive,random,1000000,20,2048,18432,18431,-1,452597,25.9221,17459.9,5137553
frontier,naive,random,1000000,20,256,14336,14335,-1,351548,25.9303,13557.4,5137473
frontier,naive,random,1000000,20,256,2304,2303,-1,56853,25.9559,2190.37,5137473
frontier,naive,random,1000000,20,32,1792,1791,-1,43797,25.8382,1695.05,5137470
frontier,naive,random,1000000,20,32,288,287,-1,7072,25.9838,272.17,5137470
frontier,naive,random,1000000,20,4,224,223,-1,5489,26.0066,211.062,5137467
frontier,naive,random,1000000,20,4,36,35,-1,856,24.9778,34.2705,5137467
frontier,naive,random,1000000,20,512,28672,28671,-1,702482,25.9226,27099.2,5137550
frontier,naive,random,1000000,20,512,4608,4607,-1,113390,25.9362,4371.87,5137550
frontier,naive,random,1000000,20,64,3584,3583,-1,88186,25.9218,3402,5137471
frontier,naive,random,1000000,20,64,576,575,-1,14026,25.9017,541.508,5137471
frontier,naive,random,1000000,20,8,448,447,-1,11112,25.9399,428.375,5137468
frontier,naive,random,1000000,20,8,72,71,-1,1711,25.6783,66.6323,5137468
