# Condensed from 8245 lines to 2058: repeated per-rank
# MPI_Abort teardown messages collapsed to counts. Every distinct message
# is retained with its first two occurrences. The unmodified log is in the
# raw-output backup bundle held with the paper materials.
Running frontier nodes=32 ranks_per_node=9 dist=naive mode=fixed expected_us=10 max_upper_fanout=-1
RESULT distributor=naive mode=fixed expected_us=10 nodes=32 world_size=288 max_upper_fanout=-1 total_tasks=12812151 elapsed_s=20.0027 throughput_tasks_per_s=640522
MPICH Notice [Rank 0] [job id 5137470.0] [Sun Aug  2 01:01:23 2026] [frontier00045] - Abort(0) (rank 0 in comm 0): application called MPI_Abort(MPI_COMM_WORLD, 0) - process 0
aborting job:
application called MPI_Abort(MPI_COMM_WORLD, 0) - process 0
srun: error: frontier00045: task 0: Exited with exit code 255
srun: Terminating StepId=5137470.0
[2026-08-02T01:01:23.180] error: *** STEP 5137470.0 ON frontier00045 CANCELLED AT 2026-08-02T01:01:23 DUE TO TASK FAILURE ***
srun: error: frontier00045: tasks 1-8: Terminated
srun: error: frontier00992: tasks 63-71: Terminated
srun: Force Terminated StepId=5137470.0
[... 30 further lines matching: srun: error: frontier#: tasks #-#: Terminated ...]
Running frontier nodes=32 ranks_per_node=9 dist=naive mode=fixed expected_us=100 max_upper_fanout=-1
srun: Step created for StepId=5137470.1
RESULT distributor=naive mode=fixed expected_us=100 nodes=32 world_size=288 max_upper_fanout=-1 total_tasks=6070148 elapsed_s=20.0033 throughput_tasks_per_s=303457
MPICH Notice [Rank 0] [job id 5137470.1] [Sun Aug  2 01:01:44 2026] [frontier00045] - Abort(0) (rank 0 in comm 0): application called MPI_Abort(MPI_COMM_WORLD, 0) - process 0
aborting job:
application called MPI_Abort(MPI_COMM_WORLD, 0) - process 0
srun: error: frontier00045: task 0: Exited with exit code 255
srun: Terminating StepId=5137470.1
[2026-08-02T01:01:44.439] error: *** STEP 5137470.1 ON frontier00045 CANCELLED AT 2026-08-02T01:01:44 DUE TO TASK FAILURE ***
srun: error: frontier00045: tasks 1-8: Terminated
srun: error: frontier01887: tasks 126-134: Terminated
srun: Force Terminated StepId=5137470.1
[... 30 further lines matching: srun: error: frontier#: tasks #-#: Terminated ...]
Running frontier nodes=32 ranks_per_node=9 dist=naive mode=fixed expected_us=1000 max_upper_fanout=-1
srun: Step created for StepId=5137470.2
RESULT distributor=naive mode=fixed expected_us=1000 nodes=32 world_size=288 max_upper_fanout=-1 total_tasks=4969550 elapsed_s=20.0038 throughput_tasks_per_s=248430
MPICH Notice [Rank 0] [job id 5137470.2] [Sun Aug  2 01:02:05 2026] [frontier00045] - Abort(0) (rank 0 in comm 0): application called MPI_Abort(MPI_COMM_WORLD, 0) - process 0
aborting job:
application called MPI_Abort(MPI_COMM_WORLD, 0) - process 0
srun: error: frontier00045: task 0: Exited with exit code 255
srun: Terminating StepId=5137470.2
[2026-08-02T01:02:05.619] error: *** STEP 5137470.2 ON frontier00045 CANCELLED AT 2026-08-02T01:02:05 DUE TO TASK FAILURE ***
srun: error: frontier02223: tasks 153-161: Terminated
srun: error: frontier00570: tasks 36-44: Terminated
srun: Force Terminated StepId=5137470.2
[... 30 further lines matching: srun: error: frontier#: tasks #-#: Terminated ...]
Running frontier nodes=32 ranks_per_node=9 dist=naive mode=fixed expected_us=10000 max_upper_fanout=-1
srun: Step created for StepId=5137470.3
RESULT distributor=naive mode=fixed expected_us=10000 nodes=32 world_size=288 max_upper_fanout=-1 total_tasks=574291 elapsed_s=20.0396 throughput_tasks_per_s=28657.9
MPICH Notice [Rank 0] [job id 5137470.3] [Sun Aug  2 01:02:26 2026] [frontier00045] - Abort(0) (rank 0 in comm 0): application called MPI_Abort(MPI_COMM_WORLD, 0) - process 0
aborting job:
application called MPI_Abort(MPI_COMM_WORLD, 0) - process 0
srun: error: frontier00045: task 0: Exited with exit code 255
srun: Terminating StepId=5137470.3
[2026-08-02T01:02:26.898] error: *** STEP 5137470.3 ON frontier00045 CANCELLED AT 2026-08-02T01:02:26 DUE TO TASK FAILURE ***
srun: error: frontier02096: tasks 144-152: Terminated
srun: error: frontier01451: tasks 99-107: Terminated
srun: Force Terminated StepId=5137470.3
[... 30 further lines matching: srun: error: frontier#: tasks #-#: Terminated ...]
Running frontier nodes=32 ranks_per_node=9 dist=naive mode=fixed expected_us=100000 max_upper_fanout=-1
srun: Step created for StepId=5137470.4
RESULT distributor=naive mode=fixed expected_us=100000 nodes=32 world_size=288 max_upper_fanout=-1 total_tasks=58261 elapsed_s=20.3047 throughput_tasks_per_s=2869.33
MPICH Notice [Rank 0] [job id 5137470.4] [Sun Aug  2 01:02:48 2026] [frontier00045] - Abort(0) (rank 0 in comm 0): application called MPI_Abort(MPI_COMM_WORLD, 0) - process 0
aborting job:
application called MPI_Abort(MPI_COMM_WORLD, 0) - process 0
srun: error: frontier00045: task 0: Exited with exit code 255
srun: Terminating StepId=5137470.4
[2026-08-02T01:02:48.623] error: *** STEP 5137470.4 ON frontier00045 CANCELLED AT 2026-08-02T01:02:48 DUE TO TASK FAILURE ***
srun: error: frontier01451: tasks 99-107: Terminated
srun: error: frontier01577: tasks 108-116: Terminated
srun: Force Terminated StepId=5137470.4
[... 30 further lines matching: srun: error: frontier#: tasks #-#: Terminated ...]
Running frontier nodes=32 ranks_per_node=9 dist=naive mode=fixed expected_us=1000000 max_upper_fanout=-1
srun: Step created for StepId=5137470.5
RESULT distributor=naive mode=fixed expected_us=1000000 nodes=32 world_size=288 max_upper_fanout=-1 total_tasks=6601 elapsed_s=23.0065 throughput_tasks_per_s=286.919
MPICH Notice [Rank 0] [job id 5137470.5] [Sun Aug  2 01:03:12 2026] [frontier00045] - Abort(0) (rank 0 in comm 0): application called MPI_Abort(MPI_COMM_WORLD, 0) - process 0
aborting job:
application called MPI_Abort(MPI_COMM_WORLD, 0) - process 0
srun: error: frontier00045: task 0: Exited with exit code 255
srun: Terminating StepId=5137470.5
[2026-08-02T01:03:12.870] error: *** STEP 5137470.5 ON frontier00045 CANCELLED AT 2026-08-02T01:03:12 DUE TO TASK FAILURE ***
srun: error: frontier01703: tasks 117-125: Terminated
srun: error: frontier00461: tasks 27-35: Terminated
srun: Force Terminated StepId=5137470.5
[... 30 further lines matching: srun: error: frontier#: tasks #-#: Terminated ...]
Running frontier nodes=32 ranks_per_node=9 dist=naive mode=uniform expected_us=10 max_upper_fanout=-1
srun: Step created for StepId=5137470.6
RESULT distributor=naive mode=uniform expected_us=10 nodes=32 world_size=288 max_upper_fanout=-1 total_tasks=13455219 elapsed_s=20.0025 throughput_tasks_per_s=672676
MPICH Notice [Rank 0] [job id 5137470.6] [Sun Aug  2 01:03:33 2026] [frontier00045] - Abort(0) (rank 0 in comm 0): application called MPI_Abort(MPI_COMM_WORLD, 0) - process 0
aborting job:
application called MPI_Abort(MPI_COMM_WORLD, 0) - process 0
srun: error: frontier00045: task 0: Exited with exit code 255
srun: Terminating StepId=5137470.6
[2026-08-02T01:03:34.263] error: *** STEP 5137470.6 ON frontier00045 CANCELLED AT 2026-08-02T01:03:34 DUE TO TASK FAILURE ***
srun: error: frontier03123: tasks 216-224: Terminated
srun: error: frontier03215: tasks 225-233: Terminated
srun: Force Terminated StepId=5137470.6
[... 30 further lines matching: srun: error: frontier#: tasks #-#: Terminated ...]
Running frontier nodes=32 ranks_per_node=9 dist=naive mode=uniform expected_us=100 max_upper_fanout=-1
srun: Step created for StepId=5137470.7
RESULT distributor=naive mode=uniform expected_us=100 nodes=32 world_size=288 max_upper_fanout=-1 total_tasks=6095646 elapsed_s=20.0033 throughput_tasks_per_s=304731
MPICH Notice [Rank 0] [job id 5137470.7] [Sun Aug  2 01:03:55 2026] [frontier00045] - Abort(0) (rank 0 in comm 0): application called MPI_Abort(MPI_COMM_WORLD, 0) - process 0
aborting job:
application called MPI_Abort(MPI_COMM_WORLD, 0) - process 0
srun: error: frontier00045: task 0: Exited with exit code 255
srun: Terminating StepId=5137470.7
[2026-08-02T01:03:56.356] error: *** STEP 5137470.7 ON frontier00045 CANCELLED AT 2026-08-02T01:03:56 DUE TO TASK FAILURE ***
srun: error: frontier03986: tasks 279-287: Terminated
srun: error: frontier03123: tasks 216-224: Terminated
srun: Force Terminated StepId=5137470.7
[... 30 further lines matching: srun: error: frontier#: tasks #-#: Terminated ...]
Running frontier nodes=32 ranks_per_node=9 dist=naive mode=uniform expected_us=1000 max_upper_fanout=-1
srun: Step created for StepId=5137470.8
RESULT distributor=naive mode=uniform expected_us=1000 nodes=32 world_size=288 max_upper_fanout=-1 total_tasks=4964613 elapsed_s=20.0041 throughput_tasks_per_s=248179
MPICH Notice [Rank 0] [job id 5137470.8] [Sun Aug  2 01:04:17 2026] [frontier00045] - Abort(0) (rank 0 in comm 0): application called MPI_Abort(MPI_COMM_WORLD, 0) - process 0
aborting job:
application called MPI_Abort(MPI_COMM_WORLD, 0) - process 0
srun: error: frontier00045: task 0: Exited with exit code 255
srun: Terminating StepId=5137470.8
[2026-08-02T01:04:17.619] error: *** STEP 5137470.8 ON frontier00045 CANCELLED AT 2026-08-02T01:04:17 DUE TO TASK FAILURE ***
srun: error: frontier00350: tasks 18-26: Terminated
srun: error: frontier01451: tasks 99-107: Terminated
srun: Force Terminated StepId=5137470.8
[... 30 further lines matching: srun: error: frontier#: tasks #-#: Terminated ...]
Running frontier nodes=32 ranks_per_node=9 dist=naive mode=uniform expected_us=10000 max_upper_fanout=-1
srun: Step created for StepId=5137470.9
RESULT distributor=naive mode=uniform expected_us=10000 nodes=32 world_size=288 max_upper_fanout=-1 total_tasks=574899 elapsed_s=20.0564 throughput_tasks_per_s=28664.2
MPICH Notice [Rank 0] [job id 5137470.9] [Sun Aug  2 01:04:38 2026] [frontier00045] - Abort(0) (rank 0 in comm 0): application called MPI_Abort(MPI_COMM_WORLD, 0) - process 0
aborting job:
application called MPI_Abort(MPI_COMM_WORLD, 0) - process 0
srun: error: frontier00045: task 0: Exited with exit code 255
srun: Terminating StepId=5137470.9
[2026-08-02T01:04:38.846] error: *** STEP 5137470.9 ON frontier00045 CANCELLED AT 2026-08-02T01:04:38 DUE TO TASK FAILURE ***
srun: error: frontier03727: tasks 261-269: Terminated
srun: error: frontier01703: tasks 117-125: Terminated
srun: Force Terminated StepId=5137470.9
[... 30 further lines matching: srun: error: frontier#: tasks #-#: Terminated ...]
Running frontier nodes=32 ranks_per_node=9 dist=naive mode=uniform expected_us=100000 max_upper_fanout=-1
srun: Step created for StepId=5137470.10
RESULT distributor=naive mode=uniform expected_us=100000 nodes=32 world_size=288 max_upper_fanout=-1 total_tasks=58530 elapsed_s=20.5706 throughput_tasks_per_s=2845.32
MPICH Notice [Rank 0] [job id 5137470.10] [Sun Aug  2 01:05:00 2026] [frontier00045] - Abort(0) (rank 0 in comm 0): application called MPI_Abort(MPI_COMM_WORLD, 0) - process 0
aborting job:
application called MPI_Abort(MPI_COMM_WORLD, 0) - process 0
srun: error: frontier00045: task 0: Exited with exit code 255
srun: Terminating StepId=5137470.10
[2026-08-02T01:05:00.781] error: *** STEP 5137470.10 ON frontier00045 CANCELLED AT 2026-08-02T01:05:00 DUE TO TASK FAILURE ***
srun: error: frontier00570: tasks 36-44: Terminated
srun: error: frontier01451: tasks 99-107: Terminated
srun: Force Terminated StepId=5137470.10
[... 30 further lines matching: srun: error: frontier#: tasks #-#: Terminated ...]
Running frontier nodes=32 ranks_per_node=9 dist=naive mode=uniform expected_us=1000000 max_upper_fanout=-1
srun: Step created for StepId=5137470.11
RESULT distributor=naive mode=uniform expected_us=1000000 nodes=32 world_size=288 max_upper_fanout=-1 total_tasks=7072 elapsed_s=25.9838 throughput_tasks_per_s=272.17
MPICH Notice [Rank 0] [job id 5137470.11] [Sun Aug  2 01:05:27 2026] [frontier00045] - Abort(0) (rank 0 in comm 0): application called MPI_Abort(MPI_COMM_WORLD, 0) - process 0
aborting job:
application called MPI_Abort(MPI_COMM_WORLD, 0) - process 0
srun: error: frontier00045: task 0: Exited with exit code 255
srun: Terminating StepId=5137470.11
[2026-08-02T01:05:28.014] error: *** STEP 5137470.11 ON frontier00045 CANCELLED AT 2026-08-02T01:05:28 DUE TO TASK FAILURE ***
srun: error: frontier01314: tasks 90-98: Terminated
srun: error: frontier02096: tasks 144-152: Terminated
srun: Force Terminated StepId=5137470.11
[... 30 further lines matching: srun: error: frontier#: tasks #-#: Terminated ...]
Running frontier nodes=32 ranks_per_node=9 dist=hierarchical mode=fixed expected_us=10 max_upper_fanout=-1
srun: Step created for StepId=5137470.12
RESULT distributor=hierarchical mode=fixed expected_us=10 nodes=32 world_size=288 max_upper_fanout=-1 total_tasks=17847856 elapsed_s=20.0021 throughput_tasks_per_s=892300
MPICH Notice [Rank 0] [job id 5137470.12] [Sun Aug  2 01:05:49 2026] [frontier00045] - Abort(0) (rank 0 in comm 0): application called MPI_Abort(MPI_COMM_WORLD, 0) - process 0
aborting job:
application called MPI_Abort(MPI_COMM_WORLD, 0) - process 0
srun: error: frontier00045: task 0: Exited with exit code 255
srun: Terminating StepId=5137470.12
[2026-08-02T01:05:49.283] error: *** STEP 5137470.12 ON frontier00045 CANCELLED AT 2026-08-02T01:05:49 DUE TO TASK FAILURE ***
srun: error: frontier01451: tasks 99-107: Terminated
srun: error: frontier03123: tasks 216-224: Terminated
srun: Force Terminated StepId=5137470.12
[... 30 further lines matching: srun: error: frontier#: tasks #-#: Terminated ...]
Running frontier nodes=32 ranks_per_node=9 dist=hierarchical mode=fixed expected_us=100 max_upper_fanout=-1
RESULT distributor=hierarchical mode=fixed expected_us=100 nodes=32 world_size=288 max_upper_fanout=-1 total_tasks=9673980 elapsed_s=20.0032 throughput_tasks_per_s=483621
MPICH Notice [Rank 0] [job id 5137470.13] [Sun Aug  2 01:06:10 2026] [frontier00045] - Abort(0) (rank 0 in comm 0): application called MPI_Abort(MPI_COMM_WORLD, 0) - process 0
aborting job:
application called MPI_Abort(MPI_COMM_WORLD, 0) - process 0
srun: error: frontier00045: task 0: Exited with exit code 255
srun: Terminating StepId=5137470.13
[2026-08-02T01:06:10.595] error: *** STEP 5137470.13 ON frontier00045 CANCELLED AT 2026-08-02T01:06:10 DUE TO TASK FAILURE ***
srun: error: frontier03123: tasks 216-224: Terminated
srun: error: frontier03600: tasks 252-260: Terminated
srun: Force Terminated StepId=5137470.13
[... 30 further lines matching: srun: error: frontier#: tasks #-#: Terminated ...]
Running frontier nodes=32 ranks_per_node=9 dist=hierarchical mode=fixed expected_us=1000 max_upper_fanout=-1
srun: Step created for StepId=5137470.14
RESULT distributor=hierarchical mode=fixed expected_us=1000 nodes=32 world_size=288 max_upper_fanout=-1 total_tasks=5085070 elapsed_s=20.0082 throughput_tasks_per_s=254150
MPICH Notice [Rank 0] [job id 5137470.14] [Sun Aug  2 01:06:31 2026] [frontier00045] - Abort(0) (rank 0 in comm 0): application called MPI_Abort(MPI_COMM_WORLD, 0) - process 0
aborting job:
application called MPI_Abort(MPI_COMM_WORLD, 0) - process 0
srun: error: frontier00045: task 0: Exited with exit code 255
srun: Terminating StepId=5137470.14
[2026-08-02T01:06:31.790] error: *** STEP 5137470.14 ON frontier00045 CANCELLED AT 2026-08-02T01:06:31 DUE TO TASK FAILURE ***
srun: error: frontier00170: tasks 9-17: Terminated
srun: error: frontier03123: tasks 216-224: Terminated
srun: Force Terminated StepId=5137470.14
[... 30 further lines matching: srun: error: frontier#: tasks #-#: Terminated ...]
Running frontier nodes=32 ranks_per_node=9 dist=hierarchical mode=fixed expected_us=10000 max_upper_fanout=-1
srun: Step created for StepId=5137470.15
RESULT distributor=hierarchical mode=fixed expected_us=10000 nodes=32 world_size=288 max_upper_fanout=-1 total_tasks=512010 elapsed_s=20.088 throughput_tasks_per_s=25488.4
MPICH Notice [Rank 0] [job id 5137470.15] [Sun Aug  2 01:06:52 2026] [frontier00045] - Abort(0) (rank 0 in comm 0): application called MPI_Abort(MPI_COMM_WORLD, 0) - process 0
aborting job:
application called MPI_Abort(MPI_COMM_WORLD, 0) - process 0
srun: error: frontier00045: task 0: Exited with exit code 255
srun: Terminating StepId=5137470.15
[2026-08-02T01:06:53.062] error: *** STEP 5137470.15 ON frontier00045 CANCELLED AT 2026-08-02T01:06:53 DUE TO TASK FAILURE ***
srun: error: frontier00350: tasks 18-26: Terminated
srun: error: frontier03727: tasks 261-269: Terminated
srun: Force Terminated StepId=5137470.15
[... 30 further lines matching: srun: error: frontier#: tasks #-#: Terminated ...]
Running frontier nodes=32 ranks_per_node=9 dist=hierarchical mode=fixed expected_us=100000 max_upper_fanout=-1
srun: Step created for StepId=5137470.16
RESULT distributor=hierarchical mode=fixed expected_us=100000 nodes=32 world_size=288 max_upper_fanout=-1 total_tasks=52658 elapsed_s=20.8015 throughput_tasks_per_s=2531.45
MPICH Notice [Rank 0] [job id 5137470.16] [Sun Aug  2 01:07:14 2026] [frontier00045] - Abort(0) (rank 0 in comm 0): application called MPI_Abort(MPI_COMM_WORLD, 0) - process 0
aborting job:
application called MPI_Abort(MPI_COMM_WORLD, 0) - process 0
srun: error: frontier00045: task 0: Exited with exit code 255
srun: Terminating StepId=5137470.16
[2026-08-02T01:07:15.111] error: *** STEP 5137470.16 ON frontier00045 CANCELLED AT 2026-08-02T01:07:15 DUE TO TASK FAILURE ***
srun: error: frontier00045: tasks 1-8: Terminated
srun: error: frontier01887: tasks 126-134: Terminated
srun: Force Terminated StepId=5137470.16
[... 30 further lines matching: srun: error: frontier#: tasks #-#: Terminated ...]
Running frontier nodes=32 ranks_per_node=9 dist=hierarchical mode=fixed expected_us=1000000 max_upper_fanout=-1
srun: Step created for StepId=5137470.17
RESULT distributor=hierarchical mode=fixed expected_us=1000000 nodes=32 world_size=288 max_upper_fanout=-1 total_tasks=6758 elapsed_s=28.0031 throughput_tasks_per_s=241.33
MPICH Notice [Rank 0] [job id 5137470.17] [Sun Aug  2 01:07:44 2026] [frontier00045] - Abort(0) (rank 0 in comm 0): application called MPI_Abort(MPI_COMM_WORLD, 0) - process 0
aborting job:
application called MPI_Abort(MPI_COMM_WORLD, 0) - process 0
srun: error: frontier00045: task 0: Exited with exit code 255
srun: Terminating StepId=5137470.17
[2026-08-02T01:07:44.291] error: *** STEP 5137470.17 ON frontier00045 CANCELLED AT 2026-08-02T01:07:44 DUE TO TASK FAILURE ***
srun: error: frontier03878: tasks 270-278: Terminated
srun: error: frontier02096: tasks 144-152: Terminated
srun: Force Terminated StepId=5137470.17
[... 30 further lines matching: srun: error: frontier#: tasks #-#: Terminated ...]
Running frontier nodes=32 ranks_per_node=9 dist=hierarchical mode=uniform expected_us=10 max_upper_fanout=-1
srun: Step created for StepId=5137470.18
RESULT distributor=hierarchical mode=uniform expected_us=10 nodes=32 world_size=288 max_upper_fanout=-1 total_tasks=17951714 elapsed_s=20.002 throughput_tasks_per_s=897497
MPICH Notice [Rank 0] [job id 5137470.18] [Sun Aug  2 01:08:05 2026] [frontier00045] - Abort(0) (rank 0 in comm 0): application called MPI_Abort(MPI_COMM_WORLD, 0) - process 0
aborting job:
application called MPI_Abort(MPI_COMM_WORLD, 0) - process 0
srun: error: frontier00045: task 0: Exited with exit code 255
srun: Terminating StepId=5137470.18
[2026-08-02T01:08:05.475] error: *** STEP 5137470.18 ON frontier00045 CANCELLED AT 2026-08-02T01:08:05 DUE TO TASK FAILURE ***
srun: error: frontier02096: tasks 144-152: Terminated
srun: error: frontier00045: tasks 1-8: Terminated
srun: Force Terminated StepId=5137470.18
[... 30 further lines matching: srun: error: frontier#: tasks #-#: Terminated ...]
Running frontier nodes=32 ranks_per_node=9 dist=hierarchical mode=uniform expected_us=100 max_upper_fanout=-1
srun: Step created for StepId=5137470.19
RESULT distributor=hierarchical mode=uniform expected_us=100 nodes=32 world_size=288 max_upper_fanout=-1 total_tasks=9679260 elapsed_s=20.0032 throughput_tasks_per_s=483885
MPICH Notice [Rank 0] [job id 5137470.19] [Sun Aug  2 01:08:26 2026] [frontier00045] - Abort(0) (rank 0 in comm 0): application called MPI_Abort(MPI_COMM_WORLD, 0) - process 0
aborting job:
application called MPI_Abort(MPI_COMM_WORLD, 0) - process 0
srun: error: frontier00045: task 0: Exited with exit code 255
srun: Terminating StepId=5137470.19
[2026-08-02T01:08:26.655] error: *** STEP 5137470.19 ON frontier00045 CANCELLED AT 2026-08-02T01:08:26 DUE TO TASK FAILURE ***
srun: error: frontier00992: tasks 63-71: Terminated
srun: error: frontier03986: tasks 279-287: Terminated
srun: Force Terminated StepId=5137470.19
[... 30 further lines matching: srun: error: frontier#: tasks #-#: Terminated ...]
Running frontier nodes=32 ranks_per_node=9 dist=hierarchical mode=uniform expected_us=1000 max_upper_fanout=-1
srun: Step created for StepId=5137470.20
RESULT distributor=hierarchical mode=uniform expected_us=1000 nodes=32 world_size=288 max_upper_fanout=-1 total_tasks=5084160 elapsed_s=20.0094 throughput_tasks_per_s=254089
MPICH Notice [Rank 0] [job id 5137470.20] [Sun Aug  2 01:08:47 2026] [frontier00045] - Abort(0) (rank 0 in comm 0): application called MPI_Abort(MPI_COMM_WORLD, 0) - process 0
aborting job:
application called MPI_Abort(MPI_COMM_WORLD, 0) - process 0
srun: error: frontier00045: task 0: Exited with exit code 255
srun: Terminating StepId=5137470.20
[2026-08-02T01:08:48.020] error: *** STEP 5137470.20 ON frontier00045 CANCELLED AT 2026-08-02T01:08:48 DUE TO TASK FAILURE ***
srun: error: frontier02359: tasks 162-170: Terminated
srun: error: frontier00045: tasks 1-8: Terminated
srun: Force Terminated StepId=5137470.20
[... 30 further lines matching: srun: error: frontier#: tasks #-#: Terminated ...]
Running frontier nodes=32 ranks_per_node=9 dist=hierarchical mode=uniform expected_us=10000 max_upper_fanout=-1
srun: Step created for StepId=5137470.21
RESULT distributor=hierarchical mode=uniform expected_us=10000 nodes=32 world_size=288 max_upper_fanout=-1 total_tasks=511666 elapsed_s=20.1007 throughput_tasks_per_s=25455.1
MPICH Notice [Rank 0] [job id 5137470.21] [Sun Aug  2 01:09:09 2026] [frontier00045] - Abort(0) (rank 0 in comm 0): application called MPI_Abort(MPI_COMM_WORLD, 0) - process 0
aborting job:
application called MPI_Abort(MPI_COMM_WORLD, 0) - process 0
srun: error: frontier00045: task 0: Exited with exit code 255
srun: Terminating StepId=5137470.21
[2026-08-02T01:09:09.294] error: *** STEP 5137470.21 ON frontier00045 CANCELLED AT 2026-08-02T01:09:09 DUE TO TASK FAILURE ***
srun: error: frontier03727: tasks 261-269: Terminated
srun: error: frontier01703: tasks 117-125: Terminated
srun: Force Terminated StepId=5137470.21
[... 30 further lines matching: srun: error: frontier#: tasks #-#: Terminated ...]
Running frontier nodes=32 ranks_per_node=9 dist=hierarchical mode=uniform expected_us=100000 max_upper_fanout=-1
RESULT distributor=hierarchical mode=uniform expected_us=100000 nodes=32 world_size=288 max_upper_fanout=-1 total_tasks=53086 elapsed_s=21.0011 throughput_tasks_per_s=2527.78
MPICH Notice [Rank 0] [job id 5137470.22] [Sun Aug  2 01:09:31 2026] [frontier00045] - Abort(0) (rank 0 in comm 0): application called MPI_Abort(MPI_COMM_WORLD, 0) - process 0
aborting job:
application called MPI_Abort(MPI_COMM_WORLD, 0) - process 0
srun: error: frontier00045: task 0: Exited with exit code 255
srun: Terminating StepId=5137470.22
[2026-08-02T01:09:31.590] error: *** STEP 5137470.22 ON frontier00045 CANCELLED AT 2026-08-02T01:09:31 DUE TO TASK FAILURE ***
srun: error: frontier01703: tasks 117-125: Terminated
srun: error: frontier03333: tasks 234-242: Terminated
srun: Force Terminated StepId=5137470.22
[... 30 further lines matching: srun: error: frontier#: tasks #-#: Terminated ...]
Running frontier nodes=32 ranks_per_node=9 dist=hierarchical mode=uniform expected_us=1000000 max_upper_fanout=-1
srun: Step created for StepId=5137470.23
RESULT distributor=hierarchical mode=uniform expected_us=1000000 nodes=32 world_size=288 max_upper_fanout=-1 total_tasks=7126 elapsed_s=31.03 throughput_tasks_per_s=229.649
MPICH Notice [Rank 0] [job id 5137470.23] [Sun Aug  2 01:10:03 2026] [frontier00045] - Abort(0) (rank 0 in comm 0): application called MPI_Abort(MPI_COMM_WORLD, 0) - process 0
aborting job:
application called MPI_Abort(MPI_COMM_WORLD, 0) - process 0
srun: error: frontier00045: task 0: Exited with exit code 255
srun: Terminating StepId=5137470.23
[2026-08-02T01:10:03.799] error: *** STEP 5137470.23 ON frontier00045 CANCELLED AT 2026-08-02T01:10:03 DUE TO TASK FAILURE ***
srun: error: frontier02223: tasks 153-161: Terminated
srun: error: frontier01952: tasks 135-143: Terminated
srun: Force Terminated StepId=5137470.23
[... 30 further lines matching: srun: error: frontier#: tasks #-#: Terminated ...]
Running frontier nodes=32 ranks_per_node=9 dist=hierarchical mode=fixed expected_us=10 max_upper_fanout=0
srun: Step created for StepId=5137470.24
RESULT distributor=hierarchical mode=fixed expected_us=10 nodes=32 world_size=288 max_upper_fanout=0 total_tasks=17890096 elapsed_s=20.002 throughput_tasks_per_s=894414
MPICH Notice [Rank 0] [job id 5137470.24] [Sun Aug  2 01:10:24 2026] [frontier00045] - Abort(0) (rank 0 in comm 0): application called MPI_Abort(MPI_COMM_WORLD, 0) - process 0
aborting job:
application called MPI_Abort(MPI_COMM_WORLD, 0) - process 0
srun: error: frontier00045: task 0: Exited with exit code 255
srun: Terminating StepId=5137470.24
[2026-08-02T01:10:24.996] error: *** STEP 5137470.24 ON frontier00045 CANCELLED AT 2026-08-02T01:10:24 DUE TO TASK FAILURE ***
srun: error: frontier03458: tasks 243-251: Terminated
srun: error: frontier00045: tasks 1-8: Terminated
srun: Force Terminated StepId=5137470.24
[... 30 further lines matching: srun: error: frontier#: tasks #-#: Terminated ...]
Running frontier nodes=32 ranks_per_node=9 dist=hierarchical mode=fixed expected_us=100 max_upper_fanout=0
srun: Step created for StepId=5137470.25
RESULT distributor=hierarchical mode=fixed expected_us=100 nodes=32 world_size=288 max_upper_fanout=0 total_tasks=9668096 elapsed_s=20.0028 throughput_tasks_per_s=483336
MPICH Notice [Rank 0] [job id 5137470.25] [Sun Aug  2 01:10:46 2026] [frontier00045] - Abort(0) (rank 0 in comm 0): application called MPI_Abort(MPI_COMM_WORLD, 0) - process 0
aborting job:
application called MPI_Abort(MPI_COMM_WORLD, 0) - process 0
srun: error: frontier00045: task 0: Exited with exit code 255
srun: Terminating StepId=5137470.25
[2026-08-02T01:10:46.255] error: *** STEP 5137470.25 ON frontier00045 CANCELLED AT 2026-08-02T01:10:46 DUE TO TASK FAILURE ***
srun: error: frontier01451: tasks 99-107: Terminated
srun: error: frontier00992: tasks 63-71: Terminated
srun: Force Terminated StepId=5137470.25
[... 30 further lines matching: srun: error: frontier#: tasks #-#: Terminated ...]
Running frontier nodes=32 ranks_per_node=9 dist=hierarchical mode=fixed expected_us=1000 max_upper_fanout=0
srun: Step created for StepId=5137470.26
RESULT distributor=hierarchical mode=fixed expected_us=1000 nodes=32 world_size=288 max_upper_fanout=0 total_tasks=5085054 elapsed_s=20.0081 throughput_tasks_per_s=254150
MPICH Notice [Rank 0] [job id 5137470.26] [Sun Aug  2 01:11:07 2026] [frontier00045] - Abort(0) (rank 0 in comm 0): application called MPI_Abort(MPI_COMM_WORLD, 0) - process 0
aborting job:
application called MPI_Abort(MPI_COMM_WORLD, 0) - process 0
srun: error: frontier00045: task 0: Exited with exit code 255
srun: Terminating StepId=5137470.26
[2026-08-02T01:11:08.814] error: *** STEP 5137470.26 ON frontier00045 CANCELLED AT 2026-08-02T01:11:08 DUE TO TASK FAILURE ***
srun: error: frontier03878: tasks 270-278: Terminated
srun: error: frontier00170: tasks 9-17: Terminated
srun: Force Terminated StepId=5137470.26
[... 30 further lines matching: srun: error: frontier#: tasks #-#: Terminated ...]
Running frontier nodes=32 ranks_per_node=9 dist=hierarchical mode=fixed expected_us=10000 max_upper_fanout=0
RESULT distributor=hierarchical mode=fixed expected_us=10000 nodes=32 world_size=288 max_upper_fanout=0 total_tasks=511996 elapsed_s=20.0879 throughput_tasks_per_s=25487.7
MPICH Notice [Rank 0] [job id 5137470.27] [Sun Aug  2 01:11:29 2026] [frontier00045] - Abort(0) (rank 0 in comm 0): application called MPI_Abort(MPI_COMM_WORLD, 0) - process 0
aborting job:
application called MPI_Abort(MPI_COMM_WORLD, 0) - process 0
srun: error: frontier00045: task 0: Exited with exit code 255
srun: Terminating StepId=5137470.27
[2026-08-02T01:11:30.286] error: *** STEP 5137470.27 ON frontier00045 CANCELLED AT 2026-08-02T01:11:30 DUE TO TASK FAILURE ***
srun: error: frontier02861: tasks 198-206: Terminated
srun: error: frontier00170: tasks 9-17: Terminated
srun: Force Terminated StepId=5137470.27
[... 30 further lines matching: srun: error: frontier#: tasks #-#: Terminated ...]
Running frontier nodes=32 ranks_per_node=9 dist=hierarchical mode=fixed expected_us=100000 max_upper_fanout=0
srun: Step created for StepId=5137470.28
RESULT distributor=hierarchical mode=fixed expected_us=100000 nodes=32 world_size=288 max_upper_fanout=0 total_tasks=52658 elapsed_s=20.8016 throughput_tasks_per_s=2531.44
MPICH Notice [Rank 0] [job id 5137470.28] [Sun Aug  2 01:11:52 2026] [frontier00045] - Abort(0) (rank 0 in comm 0): application called MPI_Abort(MPI_COMM_WORLD, 0) - process 0
aborting job:
application called MPI_Abort(MPI_COMM_WORLD, 0) - process 0
srun: error: frontier00045: task 0: Exited with exit code 255
srun: Terminating StepId=5137470.28
[2026-08-02T01:11:52.255] error: *** STEP 5137470.28 ON frontier00045 CANCELLED AT 2026-08-02T01:11:52 DUE TO TASK FAILURE ***
srun: error: frontier00834: tasks 54-62: Terminated
srun: error: frontier02616: tasks 180-188: Terminated
srun: Force Terminated StepId=5137470.28
[... 30 further lines matching: srun: error: frontier#: tasks #-#: Terminated ...]
Running frontier nodes=32 ranks_per_node=9 dist=hierarchical mode=fixed expected_us=1000000 max_upper_fanout=0
srun: Step created for StepId=5137470.29
RESULT distributor=hierarchical mode=fixed expected_us=1000000 nodes=32 world_size=288 max_upper_fanout=0 total_tasks=6758 elapsed_s=28.003 throughput_tasks_per_s=241.331
MPICH Notice [Rank 0] [job id 5137470.29] [Sun Aug  2 01:12:21 2026] [frontier00045] - Abort(0) (rank 0 in comm 0): application called MPI_Abort(MPI_COMM_WORLD, 0) - process 0
aborting job:
application called MPI_Abort(MPI_COMM_WORLD, 0) - process 0
srun: error: frontier00045: task 0: Exited with exit code 255
srun: Terminating StepId=5137470.29
[2026-08-02T01:12:21.877] error: *** STEP 5137470.29 ON frontier00045 CANCELLED AT 2026-08-02T01:12:21 DUE TO TASK FAILURE ***
srun: error: frontier02096: tasks 144-152: Terminated
srun: error: frontier01952: tasks 135-143: Terminated
srun: Force Terminated StepId=5137470.29
[... 30 further lines matching: srun: error: frontier#: tasks #-#: Terminated ...]
Running frontier nodes=32 ranks_per_node=9 dist=hierarchical mode=uniform expected_us=10 max_upper_fanout=0
srun: Step created for StepId=5137470.30
RESULT distributor=hierarchical mode=uniform expected_us=10 nodes=32 world_size=288 max_upper_fanout=0 total_tasks=17978364 elapsed_s=20.002 throughput_tasks_per_s=898828
MPICH Notice [Rank 0] [job id 5137470.30] [Sun Aug  2 01:12:42 2026] [frontier00045] - Abort(0) (rank 0 in comm 0): application called MPI_Abort(MPI_COMM_WORLD, 0) - process 0
aborting job:
application called MPI_Abort(MPI_COMM_WORLD, 0) - process 0
srun: error: frontier00045: task 0: Exited with exit code 255
srun: Terminating StepId=5137470.30
[2026-08-02T01:12:43.063] error: *** STEP 5137470.30 ON frontier00045 CANCELLED AT 2026-08-02T01:12:43 DUE TO TASK FAILURE ***
srun: error: frontier01577: tasks 108-116: Terminated
srun: error: frontier01887: tasks 126-134: Terminated
srun: Force Terminated StepId=5137470.30
[... 30 further lines matching: srun: error: frontier#: tasks #-#: Terminated ...]
Running frontier nodes=32 ranks_per_node=9 dist=hierarchical mode=uniform expected_us=100 max_upper_fanout=0
srun: Step created for StepId=5137470.31
RESULT distributor=hierarchical mode=uniform expected_us=100 nodes=32 world_size=288 max_upper_fanout=0 total_tasks=9662684 elapsed_s=20.0035 throughput_tasks_per_s=483050
MPICH Notice [Rank 0] [job id 5137470.31] [Sun Aug  2 01:13:04 2026] [frontier00045] - Abort(0) (rank 0 in comm 0): application called MPI_Abort(MPI_COMM_WORLD, 0) - process 0
aborting job:
application called MPI_Abort(MPI_COMM_WORLD, 0) - process 0
srun: error: frontier00045: task 0: Exited with exit code 255
srun: Terminating StepId=5137470.31
[2026-08-02T01:13:04.235] error: *** STEP 5137470.31 ON frontier00045 CANCELLED AT 2026-08-02T01:13:04 DUE TO TASK FAILURE ***
srun: error: frontier00045: tasks 1-8: Terminated
srun: error: frontier01451: tasks 99-107: Terminated
srun: Force Terminated StepId=5137470.31
[... 30 further lines matching: srun: error: frontier#: tasks #-#: Terminated ...]
Running frontier nodes=32 ranks_per_node=9 dist=hierarchical mode=uniform expected_us=1000 max_upper_fanout=0
srun: Step created for StepId=5137470.32
RESULT distributor=hierarchical mode=uniform expected_us=1000 nodes=32 world_size=288 max_upper_fanout=0 total_tasks=5086062 elapsed_s=20.0096 throughput_tasks_per_s=254181
MPICH Notice [Rank 0] [job id 5137470.32] [Sun Aug  2 01:13:25 2026] [frontier00045] - Abort(0) (rank 0 in comm 0): application called MPI_Abort(MPI_COMM_WORLD, 0) - process 0
aborting job:
application called MPI_Abort(MPI_COMM_WORLD, 0) - process 0
srun: error: frontier00045: task 0: Exited with exit code 255
srun: Terminating StepId=5137470.32
[2026-08-02T01:13:25.439] error: *** STEP 5137470.32 ON frontier00045 CANCELLED AT 2026-08-02T01:13:25 DUE TO TASK FAILURE ***
srun: error: frontier02749: tasks 189-197: Terminated
srun: error: frontier03878: tasks 270-278: Terminated
srun: Force Terminated StepId=5137470.32
[... 30 further lines matching: srun: error: frontier#: tasks #-#: Terminated ...]
Running frontier nodes=32 ranks_per_node=9 dist=hierarchical mode=uniform expected_us=10000 max_upper_fanout=0
srun: Step created for StepId=5137470.33
RESULT distributor=hierarchical mode=uniform expected_us=10000 nodes=32 world_size=288 max_upper_fanout=0 total_tasks=511218 elapsed_s=20.0869 throughput_tasks_per_s=25450.3
MPICH Notice [Rank 0] [job id 5137470.33] [Sun Aug  2 01:13:46 2026] [frontier00045] - Abort(0) (rank 0 in comm 0): application called MPI_Abort(MPI_COMM_WORLD, 0) - process 0
aborting job:
application called MPI_Abort(MPI_COMM_WORLD, 0) - process 0
srun: error: frontier00045: task 0: Exited with exit code 255
srun: Terminating StepId=5137470.33
[2026-08-02T01:13:46.699] error: *** STEP 5137470.33 ON frontier00045 CANCELLED AT 2026-08-02T01:13:46 DUE TO TASK FAILURE ***
srun: error: frontier01577: tasks 108-116: Terminated
srun: error: frontier02223: tasks 153-161: Terminated
srun: Force Terminated StepId=5137470.33
[... 30 further lines matching: srun: error: frontier#: tasks #-#: Terminated ...]
Running frontier nodes=32 ranks_per_node=9 dist=hierarchical mode=uniform expected_us=100000 max_upper_fanout=0
srun: Step created for StepId=5137470.34
RESULT distributor=hierarchical mode=uniform expected_us=100000 nodes=32 world_size=288 max_upper_fanout=0 total_tasks=52708 elapsed_s=20.9634 throughput_tasks_per_s=2514.28
MPICH Notice [Rank 0] [job id 5137470.34] [Sun Aug  2 01:14:08 2026] [frontier00045] - Abort(0) (rank 0 in comm 0): application called MPI_Abort(MPI_COMM_WORLD, 0) - process 0
aborting job:
application called MPI_Abort(MPI_COMM_WORLD, 0) - process 0
srun: error: frontier00045: task 0: Exited with exit code 255
srun: Terminating StepId=5137470.34
[2026-08-02T01:14:09.446] error: *** STEP 5137470.34 ON frontier00045 CANCELLED AT 2026-08-02T01:14:09 DUE TO TASK FAILURE ***
srun: error: frontier01703: tasks 117-125: Terminated
srun: error: frontier03123: tasks 216-224: Terminated
srun: Force Terminated StepId=5137470.34
[... 30 further lines matching: srun: error: frontier#: tasks #-#: Terminated ...]
Running frontier nodes=32 ranks_per_node=9 dist=hierarchical mode=uniform expected_us=1000000 max_upper_fanout=0
srun: Step created for StepId=5137470.35
RESULT distributor=hierarchical mode=uniform expected_us=1000000 nodes=32 world_size=288 max_upper_fanout=0 total_tasks=7204 elapsed_s=30.5388 throughput_tasks_per_s=235.897
MPICH Notice [Rank 0] [job id 5137470.35] [Sun Aug  2 01:14:41 2026] [frontier00045] - Abort(0) (rank 0 in comm 0): application called MPI_Abort(MPI_COMM_WORLD, 0) - process 0
aborting job:
application called MPI_Abort(MPI_COMM_WORLD, 0) - process 0
srun: error: frontier00045: task 0: Exited with exit code 255
srun: Terminating StepId=5137470.35
[2026-08-02T01:14:41.595] error: *** STEP 5137470.35 ON frontier00045 CANCELLED AT 2026-08-02T01:14:41 DUE TO TASK FAILURE ***
srun: error: frontier01106: tasks 72-80: Terminated
srun: error: frontier02616: tasks 180-188: Terminated
srun: Force Terminated StepId=5137470.35
[... 30 further lines matching: srun: error: frontier#: tasks #-#: Terminated ...]
Running frontier nodes=32 ranks_per_node=9 dist=lockfree_rma mode=fixed expected_us=10 max_upper_fanout=-1
srun: Step created for StepId=5137470.36
RESULT distributor=lockfree_rma mode=fixed expected_us=10 nodes=32 world_size=288 max_upper_fanout=-1 total_tasks=6732241 elapsed_s=20.0001 throughput_tasks_per_s=336610
MPICH Notice [Rank 0] [job id 5137470.36] [Sun Aug  2 01:15:08 2026] [frontier00045] - Abort(0) (rank 0 in comm 0): application called MPI_Abort(MPI_COMM_WORLD, 0) - process 0
aborting job:
application called MPI_Abort(MPI_COMM_WORLD, 0) - process 0
srun: error: frontier00045: task 0: Exited with exit code 255
srun: Terminating StepId=5137470.36
[2026-08-02T01:15:09.340] error: *** STEP 5137470.36 ON frontier00045 CANCELLED AT 2026-08-02T01:15:09 DUE TO TASK FAILURE ***
srun: error: frontier00045: tasks 1-8: Terminated
srun: error: frontier00461: tasks 27-35: Terminated
srun: Force Terminated StepId=5137470.36
[... 30 further lines matching: srun: error: frontier#: tasks #-#: Terminated ...]
Running frontier nodes=32 ranks_per_node=9 dist=lockfree_rma mode=fixed expected_us=100 max_upper_fanout=-1
srun: Step created for StepId=5137470.37
RESULT distributor=lockfree_rma mode=fixed expected_us=100 nodes=32 world_size=288 max_upper_fanout=-1 total_tasks=7340397 elapsed_s=20.0002 throughput_tasks_per_s=367015
MPICH Notice [Rank 0] [job id 5137470.37] [Sun Aug  2 01:15:36 2026] [frontier00045] - Abort(0) (rank 0 in comm 0): application called MPI_Abort(MPI_COMM_WORLD, 0) - process 0
aborting job:
application called MPI_Abort(MPI_COMM_WORLD, 0) - process 0
srun: error: frontier00045: task 0: Exited with exit code 255
srun: Terminating StepId=5137470.37
[2026-08-02T01:15:37.298] error: *** STEP 5137470.37 ON frontier00045 CANCELLED AT 2026-08-02T01:15:37 DUE TO TASK FAILURE ***
srun: error: frontier00045: tasks 1-8: Terminated
srun: error: frontier03123: tasks 216-224: Terminated
srun: Force Terminated StepId=5137470.37
[... 30 further lines matching: srun: error: frontier#: tasks #-#: Terminated ...]
Running frontier nodes=32 ranks_per_node=9 dist=lockfree_rma mode=fixed expected_us=1000 max_upper_fanout=-1
srun: Step created for StepId=5137470.38
RESULT distributor=lockfree_rma mode=fixed expected_us=1000 nodes=32 world_size=288 max_upper_fanout=-1 total_tasks=4081658 elapsed_s=20.0001 throughput_tasks_per_s=204082
MPICH Notice [Rank 0] [job id 5137470.38] [Sun Aug  2 01:16:03 2026] [frontier00045] - Abort(0) (rank 0 in comm 0): application called MPI_Abort(MPI_COMM_WORLD, 0) - process 0
aborting job:
application called MPI_Abort(MPI_COMM_WORLD, 0) - process 0
srun: error: frontier00045: task 0: Exited with exit code 255
srun: Terminating StepId=5137470.38
[2026-08-02T01:16:05.219] error: *** STEP 5137470.38 ON frontier00045 CANCELLED AT 2026-08-02T01:16:05 DUE TO TASK FAILURE ***
srun: error: frontier03600: tasks 252-260: Terminated
srun: error: frontier00045: tasks 1-8: Terminated
srun: Force Terminated StepId=5137470.38
[... 30 further lines matching: srun: error: frontier#: tasks #-#: Terminated ...]
Running frontier nodes=32 ranks_per_node=9 dist=lockfree_rma mode=fixed expected_us=10000 max_upper_fanout=-1
srun: Step created for StepId=5137470.39
RESULT distributor=lockfree_rma mode=fixed expected_us=10000 nodes=32 world_size=288 max_upper_fanout=-1 total_tasks=564535 elapsed_s=20.0002 throughput_tasks_per_s=28226.5
MPICH Notice [Rank 0] [job id 5137470.39] [Sun Aug  2 01:16:31 2026] [frontier00045] - Abort(0) (rank 0 in comm 0): application called MPI_Abort(MPI_COMM_WORLD, 0) - process 0
aborting job:
application called MPI_Abort(MPI_COMM_WORLD, 0) - process 0
srun: error: frontier00045: tasks 1-3,5-6,8: Bus error
srun: Terminating StepId=5137470.39
[2026-08-02T01:16:32.174] error: *** STEP 5137470.39 ON frontier00045 CANCELLED AT 2026-08-02T01:16:32 DUE TO TASK FAILURE ***
srun: error: frontier01211: tasks 81-89: Terminated
srun: error: frontier03123: tasks 216-224: Terminated
srun: error: frontier00045: task 0: Exited with exit code 255
srun: error: frontier00045: tasks 4,7: Bus error (core dumped)
srun: Force Terminated StepId=5137470.39
[... 29 further lines matching: srun: error: frontier#: tasks #-#: Terminated ...]
Running frontier nodes=32 ranks_per_node=9 dist=lockfree_rma mode=fixed expected_us=100000 max_upper_fanout=-1
RESULT distributor=lockfree_rma mode=fixed expected_us=100000 nodes=32 world_size=288 max_upper_fanout=-1 total_tasks=57113 elapsed_s=20.0001 throughput_tasks_per_s=2855.63
MPICH Notice [Rank 0] [job id 5137470.40] [Sun Aug  2 01:17:01 2026] [frontier00045] - Abort(0) (rank 0 in comm 0): application called MPI_Abort(MPI_COMM_WORLD, 0) - process 0
aborting job:
application called MPI_Abort(MPI_COMM_WORLD, 0) - process 0
srun: error: frontier00045: tasks 1,3-8: Bus error
srun: Terminating StepId=5137470.40
[2026-08-02T01:17:01.980] error: *** STEP 5137470.40 ON frontier00045 CANCELLED AT 2026-08-02T01:17:01 DUE TO TASK FAILURE ***
srun: error: frontier01451: tasks 99-107: Terminated
srun: error: frontier02749: tasks 189-197: Terminated
srun: error: frontier00045: task 0: Exited with exit code 255
srun: error: frontier00045: task 2: Bus error (core dumped)
srun: Force Terminated StepId=5137470.40
[... 29 further lines matching: srun: error: frontier#: tasks #-#: Terminated ...]
Running frontier nodes=32 ranks_per_node=9 dist=lockfree_rma mode=fixed expected_us=1000000 max_upper_fanout=-1
RESULT distributor=lockfree_rma mode=fixed expected_us=1000000 nodes=32 world_size=288 max_upper_fanout=-1 total_tasks=5453 elapsed_s=20.0001 throughput_tasks_per_s=272.648
MPICH Notice [Rank 0] [job id 5137470.41] [Sun Aug  2 01:17:31 2026] [frontier00045] - Abort(0) (rank 0 in comm 0): application called MPI_Abort(MPI_COMM_WORLD, 0) - process 0
aborting job:
application called MPI_Abort(MPI_COMM_WORLD, 0) - process 0
srun: error: frontier00045: task 0: Exited with exit code 255
srun: Terminating StepId=5137470.41
[2026-08-02T01:17:32.105] error: *** STEP 5137470.41 ON frontier00045 CANCELLED AT 2026-08-02T01:17:32 DUE TO TASK FAILURE ***
srun: error: frontier02616: tasks 180-188: Terminated
srun: error: frontier00045: tasks 1-8: Terminated
srun: Force Terminated StepId=5137470.41
[... 30 further lines matching: srun: error: frontier#: tasks #-#: Terminated ...]
Running frontier nodes=32 ranks_per_node=9 dist=lockfree_rma mode=uniform expected_us=10 max_upper_fanout=-1
srun: Step created for StepId=5137470.42
RESULT distributor=lockfree_rma mode=uniform expected_us=10 nodes=32 world_size=288 max_upper_fanout=-1 total_tasks=6651530 elapsed_s=20.0001 throughput_tasks_per_s=332575
MPICH Notice [Rank 0] [job id 5137470.42] [Sun Aug  2 01:17:58 2026] [frontier00045] - Abort(0) (rank 0 in comm 0): application called MPI_Abort(MPI_COMM_WORLD, 0) - process 0
aborting job:
application called MPI_Abort(MPI_COMM_WORLD, 0) - process 0
srun: error: frontier00045: task 0: Exited with exit code 255
srun: Terminating StepId=5137470.42
[2026-08-02T01:17:59.847] error: *** STEP 5137470.42 ON frontier00045 CANCELLED AT 2026-08-02T01:17:59 DUE TO TASK FAILURE ***
srun: error: frontier03458: tasks 243-251: Terminated
srun: error: frontier03878: tasks 270-278: Terminated
srun: Force Terminated StepId=5137470.42
[... 30 further lines matching: srun: error: frontier#: tasks #-#: Terminated ...]
Running frontier nodes=32 ranks_per_node=9 dist=lockfree_rma mode=uniform expected_us=100 max_upper_fanout=-1
RESULT distributor=lockfree_rma mode=uniform expected_us=100 nodes=32 world_size=288 max_upper_fanout=-1 total_tasks=6860511 elapsed_s=20.0004 throughput_tasks_per_s=343019
MPICH Notice [Rank 0] [job id 5137470.43] [Sun Aug  2 01:18:26 2026] [frontier00045] - Abort(0) (rank 0 in comm 0): application called MPI_Abort(MPI_COMM_WORLD, 0) - process 0
aborting job:
application called MPI_Abort(MPI_COMM_WORLD, 0) - process 0
srun: error: frontier00045: task 0: Exited with exit code 255
srun: Terminating StepId=5137470.43
[2026-08-02T01:18:27.740] error: *** STEP 5137470.43 ON frontier00045 CANCELLED AT 2026-08-02T01:18:27 DUE TO TASK FAILURE ***
srun: error: frontier00045: tasks 1-8: Terminated
srun: error: frontier02096: tasks 144-152: Terminated
srun: Force Terminated StepId=5137470.43
[... 30 further lines matching: srun: error: frontier#: tasks #-#: Terminated ...]
Running frontier nodes=32 ranks_per_node=9 dist=lockfree_rma mode=uniform expected_us=1000 max_upper_fanout=-1
srun: Step created for StepId=5137470.44
RESULT distributor=lockfree_rma mode=uniform expected_us=1000 nodes=32 world_size=288 max_upper_fanout=-1 total_tasks=4068227 elapsed_s=20 throughput_tasks_per_s=203411
MPICH Notice [Rank 0] [job id 5137470.44] [Sun Aug  2 01:18:54 2026] [frontier00045] - Abort(0) (rank 0 in comm 0): application called MPI_Abort(MPI_COMM_WORLD, 0) - process 0
aborting job:
application called MPI_Abort(MPI_COMM_WORLD, 0) - process 0
srun: error: frontier00045: task 0: Exited with exit code 255
srun: Terminating StepId=5137470.44
[2026-08-02T01:18:55.719] error: *** STEP 5137470.44 ON frontier00045 CANCELLED AT 2026-08-02T01:18:55 DUE TO TASK FAILURE ***
srun: error: frontier00045: tasks 1-8: Terminated
srun: error: frontier03123: tasks 216-224: Terminated
srun: Force Terminated StepId=5137470.44
[... 30 further lines matching: srun: error: frontier#: tasks #-#: Terminated ...]
Running frontier nodes=32 ranks_per_node=9 dist=lockfree_rma mode=uniform expected_us=10000 max_upper_fanout=-1
srun: Step created for StepId=5137470.45
RESULT distributor=lockfree_rma mode=uniform expected_us=10000 nodes=32 world_size=288 max_upper_fanout=-1 total_tasks=563770 elapsed_s=20.0002 throughput_tasks_per_s=28188.2
MPICH Notice [Rank 0] [job id 5137470.45] [Sun Aug  2 01:19:22 2026] [frontier00045] - Abort(0) (rank 0 in comm 0): application called MPI_Abort(MPI_COMM_WORLD, 0) - process 0
aborting job:
application called MPI_Abort(MPI_COMM_WORLD, 0) - process 0
srun: error: frontier00045: task 8: Bus error
srun: Terminating StepId=5137470.45
[2026-08-02T01:19:24.584] error: *** STEP 5137470.45 ON frontier00045 CANCELLED AT 2026-08-02T01:19:24 DUE TO TASK FAILURE ***
srun: error: frontier00045: task 0: Exited with exit code 255
srun: error: frontier00045: tasks 1-6: Terminated
srun: error: frontier01211: tasks 81-89: Terminated
srun: error: frontier00045: task 7: Bus error (core dumped)
srun: Force Terminated StepId=5137470.45
[... 30 further lines matching: srun: error: frontier#: tasks #-#: Terminated ...]
Running frontier nodes=32 ranks_per_node=9 dist=lockfree_rma mode=uniform expected_us=100000 max_upper_fanout=-1
RESULT distributor=lockfree_rma mode=uniform expected_us=100000 nodes=32 world_size=288 max_upper_fanout=-1 total_tasks=56884 elapsed_s=20.0001 throughput_tasks_per_s=2844.19
MPICH Notice [Rank 0] [job id 5137470.46] [Sun Aug  2 01:19:51 2026] [frontier00045] - Abort(0) (rank 0 in comm 0): application called MPI_Abort(MPI_COMM_WORLD, 0) - process 0
aborting job:
application called MPI_Abort(MPI_COMM_WORLD, 0) - process 0
srun: error: frontier00045: tasks 2,6: Bus error
srun: Terminating StepId=5137470.46
[2026-08-02T01:19:51.818] error: *** STEP 5137470.46 ON frontier00045 CANCELLED AT 2026-08-02T01:19:51 DUE TO TASK FAILURE ***
srun: error: frontier00045: task 5: Terminated
srun: error: frontier03123: tasks 216-224: Terminated
srun: error: frontier02998: tasks 207-215: Terminated
srun: error: frontier00045: task 0: Exited with exit code 255
srun: error: frontier00045: tasks 1,3-4,7-8: Bus error (core dumped)
srun: Force Terminated StepId=5137470.46
[... 29 further lines matching: srun: error: frontier#: tasks #-#: Terminated ...]
Running frontier nodes=32 ranks_per_node=9 dist=lockfree_rma mode=uniform expected_us=1000000 max_upper_fanout=-1
RESULT distributor=lockfree_rma mode=uniform expected_us=1000000 nodes=32 world_size=288 max_upper_fanout=-1 total_tasks=5386 elapsed_s=20.0001 throughput_tasks_per_s=269.298
MPICH Notice [Rank 0] [job id 5137470.47] [Sun Aug  2 01:20:22 2026] [frontier00045] - Abort(0) (rank 0 in comm 0): application called MPI_Abort(MPI_COMM_WORLD, 0) - process 0
aborting job:
application called MPI_Abort(MPI_COMM_WORLD, 0) - process 0
MPICH ERROR [Rank 226] [job id 5137470.47] [Sun Aug  2 01:20:23 2026] [frontier03215] - Abort(606226319) (rank 226 in comm 0): Fatal error in PMPI_Win_flush: Other MPI error, error stack:
PMPI_Win_flush(139)..................: MPI_Win_flush(target_rank=0, win=0xa0000000) failed
MPID_Win_flush(294)..................:
MPIDIG_mpi_win_flush(615)............:
MPIDI_OFI_win_progress_fence_impl(65):
MPIDI_OFI_handle_cq_error(1310)......: OFI poll failed (ofi_events.c:1312:MPIDI_OFI_handle_cq_error:Input/output error - PTLTE_NOT_FOUND)
aborting job:
Fatal error in PMPI_Win_flush: Other MPI error, error stack:
PMPI_Win_flush(139)..................: MPI_Win_flush(target_rank=0, win=0xa0000000) failed
MPID_Win_flush(294)..................:
MPIDIG_mpi_win_flush(615)............:
MPIDI_OFI_win_progress_fence_impl(65):
MPIDI_OFI_handle_cq_error(1310)......: OFI poll failed (ofi_events.c:1312:MPIDI_OFI_handle_cq_error:Input/output error - PTLTE_NOT_FOUND)
MPICH ERROR [Rank 167] [job id 5137470.47] [Sun Aug  2 01:20:23 2026] [frontier02359] - Abort(606226319) (rank 167 in comm 0): Fatal error in PMPI_Win_flush: Other MPI error, error stack:
Fatal error in PMPI_Win_flush: Other MPI error, error stack:
srun: error: frontier03215: tasks 225-226: Exited with exit code 255
srun: Terminating StepId=5137470.47
srun: error: frontier02359: tasks 162,167: Exited with exit code 255
srun: error: frontier01703: task 118: Exited with exit code 255
srun: error: frontier00350: tasks 19,21,26: Exited with exit code 255
srun: error: frontier00678: tasks 48,53: Exited with exit code 255
srun: error: frontier01211: task 87: Exited with exit code 255
[2026-08-02T01:20:23.312] error: *** STEP 5137470.47 ON frontier00045 CANCELLED AT 2026-08-02T01:20:23 DUE TO TASK FAILURE ***
srun: error: frontier03986: tasks 284-285,287: Exited with exit code 255
srun: error: frontier03600: tasks 252-255,257-260: Terminated
srun: error: frontier00570: tasks 36-37,39-44: Terminated
srun: error: frontier02861: tasks 198-201,203-204,206: Terminated
srun: error: frontier03123: tasks 217-224: Terminated
srun: error: frontier03333: tasks 234-235: Exited with exit code 255
srun: error: frontier03333: tasks 236-242: Terminated
srun: error: frontier01952: tasks 135-141,143: Terminated
srun: error: frontier02096: tasks 144,146-152: Terminated
srun: error: frontier00350: tasks 18,20,22-25: Terminated
srun: error: frontier00045: tasks 1,3,5-7: Terminated
srun: error: frontier01577: tasks 108-112,114,116: Terminated
srun: error: frontier02484: tasks 171,173-179: Terminated
srun: error: frontier03986: tasks 279-283,286: Terminated
srun: error: frontier00045: tasks 4,8: Bus error (core dumped)
srun: error: frontier00045: task 2: Bus error (core dumped)
srun: Force Terminated StepId=5137470.47
[... 70 further lines matching: PMPI_Win_flush(#)..................: MPI_Win_flush(target_rank=#, win=#xa#) failed ...]
[... 70 further lines matching: MPID_Win_flush(#)..................: ...]
[... 70 further lines matching: MPIDIG_mpi_win_flush(#)............: ...]
[... 70 further lines matching: MPIDI_OFI_win_progress_fence_impl(#): ...]
[... 70 further lines matching: MPIDI_OFI_handle_cq_error(#)......: OFI poll failed (ofi_events.c:#:MPIDI_OFI_handle_cq_error:Input/output err ...]
[... 35 further lines matching: aborting job: ...]
[... 34 further lines matching: MPICH ERROR [Rank #] [job id #.#] [Sun Aug  # #:#:# #] [frontier#] - Abort(#) (rank # in comm #): Fatal error  ...]
[... 34 further lines matching: Fatal error in PMPI_Win_flush: Other MPI error, error stack: ...]
[... 14 further lines matching: srun: error: frontier#: task #: Exited with exit code # ...]
[... 10 further lines matching: srun: error: frontier#: tasks #-#,#-#: Terminated ...]
[... 9 further lines matching: srun: error: frontier#: tasks #-#: Terminated ...]
[... 3 further lines matching: srun: error: frontier#: tasks #,#: Exited with exit code # ...]
[... 1 further lines matching: srun: error: frontier#: tasks #,#-#: Terminated ...]
Running frontier nodes=32 ranks_per_node=9 dist=hierarchical_lockfree_rma mode=fixed expected_us=10 max_upper_fanout=-1
RESULT distributor=hierarchical_lockfree_rma mode=fixed expected_us=10 nodes=32 world_size=288 max_upper_fanout=-1 total_tasks=20627536 elapsed_s=20.0002 throughput_tasks_per_s=1.03137e+06
MPICH Notice [Rank 0] [job id 5137470.48] [Sun Aug  2 01:20:58 2026] [frontier00045] - Abort(0) (rank 0 in comm 0): application called MPI_Abort(MPI_COMM_WORLD, 0) - process 0
aborting job:
application called MPI_Abort(MPI_COMM_WORLD, 0) - process 0
srun: error: frontier00045: task 0: Exited with exit code 255
srun: Terminating StepId=5137470.48
[2026-08-02T01:20:59.552] error: *** STEP 5137470.48 ON frontier00045 CANCELLED AT 2026-08-02T01:20:59 DUE TO TASK FAILURE ***
srun: error: frontier00045: tasks 2-8: Terminated
srun: error: frontier03986: tasks 280-287: Terminated
srun: error: frontier03986: task 279: Terminated
srun: error: frontier03878: task 270: Terminated
srun: Force Terminated StepId=5137470.48
[... 30 further lines matching: srun: error: frontier#: tasks #-#: Terminated ...]
[... 30 further lines matching: srun: error: frontier#: task #: Terminated ...]
Running frontier nodes=32 ranks_per_node=9 dist=hierarchical_lockfree_rma mode=fixed expected_us=100 max_upper_fanout=-1
srun: Step created for StepId=5137470.49
RESULT distributor=hierarchical_lockfree_rma mode=fixed expected_us=100 nodes=32 world_size=288 max_upper_fanout=-1 total_tasks=20413172 elapsed_s=20.0001 throughput_tasks_per_s=1.02065e+06
MPICH Notice [Rank 0] [job id 5137470.49] [Sun Aug  2 01:21:32 2026] [frontier00045] - Abort(0) (rank 0 in comm 0): application called MPI_Abort(MPI_COMM_WORLD, 0) - process 0
aborting job:
application called MPI_Abort(MPI_COMM_WORLD, 0) - process 0
srun: error: frontier00045: task 0: Exited with exit code 255
srun: Terminating StepId=5137470.49
[2026-08-02T01:21:33.667] error: *** STEP 5137470.49 ON frontier00045 CANCELLED AT 2026-08-02T01:21:33 DUE TO TASK FAILURE ***
srun: error: frontier01887: tasks 127-134: Terminated
srun: error: frontier01952: tasks 136-143: Terminated
srun: error: frontier01887: task 126: Terminated
srun: error: frontier00992: task 63: Terminated
srun: Force Terminated StepId=5137470.49
[... 30 further lines matching: srun: error: frontier#: tasks #-#: Terminated ...]
[... 30 further lines matching: srun: error: frontier#: task #: Terminated ...]
Running frontier nodes=32 ranks_per_node=9 dist=hierarchical_lockfree_rma mode=fixed expected_us=1000 max_upper_fanout=-1
srun: Step created for StepId=5137470.50
RESULT distributor=hierarchical_lockfree_rma mode=fixed expected_us=1000 nodes=32 world_size=288 max_upper_fanout=-1 total_tasks=4665648 elapsed_s=20.0001 throughput_tasks_per_s=233282
MPICH Notice [Rank 0] [job id 5137470.50] [Sun Aug  2 01:22:06 2026] [frontier00045] - Abort(0) (rank 0 in comm 0): application called MPI_Abort(MPI_COMM_WORLD, 0) - process 0
aborting job:
application called MPI_Abort(MPI_COMM_WORLD, 0) - process 0
srun: error: frontier00045: task 0: Exited with exit code 255
srun: Terminating StepId=5137470.50
[2026-08-02T01:22:07.837] error: *** STEP 5137470.50 ON frontier00045 CANCELLED AT 2026-08-02T01:22:07 DUE TO TASK FAILURE ***
srun: error: frontier01106: tasks 73-80: Terminated
srun: error: frontier01314: tasks 91-98: Terminated
srun: error: frontier00350: task 18: Terminated
srun: error: frontier01703: task 117: Terminated
srun: Force Terminated StepId=5137470.50
[... 30 further lines matching: srun: error: frontier#: tasks #-#: Terminated ...]
[... 30 further lines matching: srun: error: frontier#: task #: Terminated ...]
Running frontier nodes=32 ranks_per_node=9 dist=hierarchical_lockfree_rma mode=fixed expected_us=10000 max_upper_fanout=-1
srun: Step created for StepId=5137470.51
RESULT distributor=hierarchical_lockfree_rma mode=fixed expected_us=10000 nodes=32 world_size=288 max_upper_fanout=-1 total_tasks=505325 elapsed_s=20.0002 throughput_tasks_per_s=25266
MPICH Notice [Rank 0] [job id 5137470.51] [Sun Aug  2 01:22:40 2026] [frontier00045] - Abort(0) (rank 0 in comm 0): application called MPI_Abort(MPI_COMM_WORLD, 0) - process 0
aborting job:
application called MPI_Abort(MPI_COMM_WORLD, 0) - process 0
srun: error: frontier00045: task 0: Exited with exit code 255
srun: Terminating StepId=5137470.51
[2026-08-02T01:22:41.838] error: *** STEP 5137470.51 ON frontier00045 CANCELLED AT 2026-08-02T01:22:41 DUE TO TASK FAILURE ***
srun: error: frontier00350: tasks 19-26: Terminated
srun: error: frontier01211: tasks 82-89: Terminated
srun: error: frontier01451: task 99: Terminated
srun: error: frontier00350: task 18: Terminated
srun: Force Terminated StepId=5137470.51
[... 30 further lines matching: srun: error: frontier#: tasks #-#: Terminated ...]
[... 30 further lines matching: srun: error: frontier#: task #: Terminated ...]
Running frontier nodes=32 ranks_per_node=9 dist=hierarchical_lockfree_rma mode=fixed expected_us=100000 max_upper_fanout=-1
srun: Step created for StepId=5137470.52
RESULT distributor=hierarchical_lockfree_rma mode=fixed expected_us=100000 nodes=32 world_size=288 max_upper_fanout=-1 total_tasks=50745 elapsed_s=20.0004 throughput_tasks_per_s=2537.2
MPICH Notice [Rank 0] [job id 5137470.52] [Sun Aug  2 01:23:15 2026] [frontier00045] - Abort(0) (rank 0 in comm 0): application called MPI_Abort(MPI_COMM_WORLD, 0) - process 0
aborting job:
application called MPI_Abort(MPI_COMM_WORLD, 0) - process 0
srun: error: frontier00045: task 0: Exited with exit code 255
srun: Terminating StepId=5137470.52
[2026-08-02T01:23:15.986] error: *** STEP 5137470.52 ON frontier00045 CANCELLED AT 2026-08-02T01:23:15 DUE TO TASK FAILURE ***
srun: error: frontier00350: tasks 19-26: Terminated
srun: error: frontier03333: tasks 235-242: Terminated
srun: error: frontier00992: task 63: Terminated
srun: error: frontier03600: task 252: Terminated
srun: Force Terminated StepId=5137470.52
[... 30 further lines matching: srun: error: frontier#: tasks #-#: Terminated ...]
[... 30 further lines matching: srun: error: frontier#: task #: Terminated ...]
Running frontier nodes=32 ranks_per_node=9 dist=hierarchical_lockfree_rma mode=fixed expected_us=1000000 max_upper_fanout=-1
srun: Step created for StepId=5137470.53
RESULT distributor=hierarchical_lockfree_rma mode=fixed expected_us=1000000 nodes=32 world_size=288 max_upper_fanout=-1 total_tasks=4845 elapsed_s=20.0001 throughput_tasks_per_s=242.248
MPICH Notice [Rank 0] [job id 5137470.53] [Sun Aug  2 01:23:49 2026] [frontier00045] - Abort(0) (rank 0 in comm 0): application called MPI_Abort(MPI_COMM_WORLD, 0) - process 0
aborting job:
application called MPI_Abort(MPI_COMM_WORLD, 0) - process 0
srun: error: frontier00045: task 0: Exited with exit code 255
srun: Terminating StepId=5137470.53
[2026-08-02T01:23:50.134] error: *** STEP 5137470.53 ON frontier00045 CANCELLED AT 2026-08-02T01:23:50 DUE TO TASK FAILURE ***
srun: error: frontier00045: tasks 2-8: Terminated
srun: error: frontier02861: tasks 199-206: Terminated
srun: error: frontier02861: task 198: Terminated
srun: error: frontier00045: task 1: Terminated
srun: Force Terminated StepId=5137470.53
[... 30 further lines matching: srun: error: frontier#: tasks #-#: Terminated ...]
[... 30 further lines matching: srun: error: frontier#: task #: Terminated ...]
Running frontier nodes=32 ranks_per_node=9 dist=hierarchical_lockfree_rma mode=uniform expected_us=10 max_upper_fanout=-1
srun: Step created for StepId=5137470.54
RESULT distributor=hierarchical_lockfree_rma mode=uniform expected_us=10 nodes=32 world_size=288 max_upper_fanout=-1 total_tasks=20586655 elapsed_s=20.0002 throughput_tasks_per_s=1.02932e+06
MPICH Notice [Rank 0] [job id 5137470.54] [Sun Aug  2 01:24:23 2026] [frontier00045] - Abort(0) (rank 0 in comm 0): application called MPI_Abort(MPI_COMM_WORLD, 0) - process 0
aborting job:
application called MPI_Abort(MPI_COMM_WORLD, 0) - process 0
srun: error: frontier00045: task 0: Exited with exit code 255
srun: Terminating StepId=5137470.54
[2026-08-02T01:24:24.420] error: *** STEP 5137470.54 ON frontier00045 CANCELLED AT 2026-08-02T01:24:24 DUE TO TASK FAILURE ***
srun: error: frontier00045: tasks 2-8: Terminated
srun: error: frontier00570: tasks 37-44: Terminated
srun: error: frontier01887: task 126: Terminated
srun: error: frontier02359: task 162: Terminated
srun: Force Terminated StepId=5137470.54
[... 30 further lines matching: srun: error: frontier#: tasks #-#: Terminated ...]
[... 30 further lines matching: srun: error: frontier#: task #: Terminated ...]
Running frontier nodes=32 ranks_per_node=9 dist=hierarchical_lockfree_rma mode=uniform expected_us=100 max_upper_fanout=-1
srun: Step created for StepId=5137470.55
RESULT distributor=hierarchical_lockfree_rma mode=uniform expected_us=100 nodes=32 world_size=288 max_upper_fanout=-1 total_tasks=20081160 elapsed_s=20.0003 throughput_tasks_per_s=1.00405e+06
MPICH Notice [Rank 0] [job id 5137470.55] [Sun Aug  2 01:24:57 2026] [frontier00045] - Abort(0) (rank 0 in comm 0): application called MPI_Abort(MPI_COMM_WORLD, 0) - process 0
aborting job:
application called MPI_Abort(MPI_COMM_WORLD, 0) - process 0
srun: error: frontier00045: task 0: Exited with exit code 255
srun: Terminating StepId=5137470.55
[2026-08-02T01:24:58.550] error: *** STEP 5137470.55 ON frontier00045 CANCELLED AT 2026-08-02T01:24:58 DUE TO TASK FAILURE ***
srun: error: frontier03123: tasks 217-224: Terminated
srun: error: frontier00045: tasks 2-8: Terminated
srun: error: frontier02616: task 180: Terminated
srun: error: frontier00350: task 18: Terminated
srun: Force Terminated StepId=5137470.55
[... 30 further lines matching: srun: error: frontier#: tasks #-#: Terminated ...]
[... 30 further lines matching: srun: error: frontier#: task #: Terminated ...]
Running frontier nodes=32 ranks_per_node=9 dist=hierarchical_lockfree_rma mode=uniform expected_us=1000 max_upper_fanout=-1
srun: Step created for StepId=5137470.56
RESULT distributor=hierarchical_lockfree_rma mode=uniform expected_us=1000 nodes=32 world_size=288 max_upper_fanout=-1 total_tasks=4746876 elapsed_s=20.0003 throughput_tasks_per_s=237341
MPICH Notice [Rank 0] [job id 5137470.56] [Sun Aug  2 01:25:31 2026] [frontier00045] - Abort(0) (rank 0 in comm 0): application called MPI_Abort(MPI_COMM_WORLD, 0) - process 0
aborting job:
application called MPI_Abort(MPI_COMM_WORLD, 0) - process 0
srun: error: frontier00045: task 0: Exited with exit code 255
srun: Terminating StepId=5137470.56
[2026-08-02T01:25:32.631] error: *** STEP 5137470.56 ON frontier00045 CANCELLED AT 2026-08-02T01:25:32 DUE TO TASK FAILURE ***
srun: error: frontier02096: tasks 145-152: Terminated
srun: error: frontier00461: tasks 28-35: Terminated
srun: error: frontier00045: task 1: Terminated
srun: error: frontier02749: task 189: Terminated
srun: Force Terminated StepId=5137470.56
[... 30 further lines matching: srun: error: frontier#: tasks #-#: Terminated ...]
[... 30 further lines matching: srun: error: frontier#: task #: Terminated ...]
Running frontier nodes=32 ranks_per_node=9 dist=hierarchical_lockfree_rma mode=uniform expected_us=10000 max_upper_fanout=-1
srun: Step created for StepId=5137470.57
RESULT distributor=hierarchical_lockfree_rma mode=uniform expected_us=10000 nodes=32 world_size=288 max_upper_fanout=-1 total_tasks=502926 elapsed_s=20.0003 throughput_tasks_per_s=25145.9
MPICH Notice [Rank 0] [job id 5137470.57] [Sun Aug  2 01:26:05 2026] [frontier00045] - Abort(0) (rank 0 in comm 0): application called MPI_Abort(MPI_COMM_WORLD, 0) - process 0
aborting job:
application called MPI_Abort(MPI_COMM_WORLD, 0) - process 0
srun: error: frontier00045: task 0: Exited with exit code 255
srun: Terminating StepId=5137470.57
[2026-08-02T01:26:06.748] error: *** STEP 5137470.57 ON frontier00045 CANCELLED AT 2026-08-02T01:26:06 DUE TO TASK FAILURE ***
srun: error: frontier01451: tasks 100-107: Terminated
srun: error: frontier01577: tasks 109-116: Terminated
srun: error: frontier02096: task 144: Terminated
srun: error: frontier00461: task 27: Terminated
srun: Force Terminated StepId=5137470.57
[... 30 further lines matching: srun: error: frontier#: tasks #-#: Terminated ...]
[... 30 further lines matching: srun: error: frontier#: task #: Terminated ...]
Running frontier nodes=32 ranks_per_node=9 dist=hierarchical_lockfree_rma mode=uniform expected_us=100000 max_upper_fanout=-1
srun: Step created for StepId=5137470.58
RESULT distributor=hierarchical_lockfree_rma mode=uniform expected_us=100000 nodes=32 world_size=288 max_upper_fanout=-1 total_tasks=50208 elapsed_s=20.0002 throughput_tasks_per_s=2510.38
MPICH Notice [Rank 0] [job id 5137470.58] [Sun Aug  2 01:26:40 2026] [frontier00045] - Abort(0) (rank 0 in comm 0): application called MPI_Abort(MPI_COMM_WORLD, 0) - process 0
aborting job:
application called MPI_Abort(MPI_COMM_WORLD, 0) - process 0
srun: error: frontier00045: task 0: Exited with exit code 255
srun: Terminating StepId=5137470.58
[2026-08-02T01:26:41.304] error: *** STEP 5137470.58 ON frontier00045 CANCELLED AT 2026-08-02T01:26:41 DUE TO TASK FAILURE ***
srun: error: frontier01314: tasks 91-98: Terminated
srun: error: frontier02359: tasks 163-170: Terminated
srun: error: frontier03123: task 216: Terminated
srun: error: frontier02861: task 198: Terminated
srun: Force Terminated StepId=5137470.58
[... 30 further lines matching: srun: error: frontier#: tasks #-#: Terminated ...]
[... 30 further lines matching: srun: error: frontier#: task #: Terminated ...]
Running frontier nodes=32 ranks_per_node=9 dist=hierarchical_lockfree_rma mode=uniform expected_us=1000000 max_upper_fanout=-1
RESULT distributor=hierarchical_lockfree_rma mode=uniform expected_us=1000000 nodes=32 world_size=288 max_upper_fanout=-1 total_tasks=4632 elapsed_s=20.0001 throughput_tasks_per_s=231.599
MPICH Notice [Rank 0] [job id 5137470.59] [Sun Aug  2 01:27:14 2026] [frontier00045] - Abort(0) (rank 0 in comm 0): application called MPI_Abort(MPI_COMM_WORLD, 0) - process 0
aborting job:
application called MPI_Abort(MPI_COMM_WORLD, 0) - process 0
srun: error: frontier00045: task 0: Exited with exit code 255
srun: Terminating StepId=5137470.59
[2026-08-02T01:27:15.685] error: *** STEP 5137470.59 ON frontier00045 CANCELLED AT 2026-08-02T01:27:15 DUE TO TASK FAILURE ***
srun: error: frontier02998: tasks 208-215: Terminated
srun: error: frontier03215: tasks 226-233: Terminated
srun: error: frontier02998: task 207: Terminated
srun: error: frontier03878: task 270: Terminated
srun: Force Terminated StepId=5137470.59
[... 30 further lines matching: srun: error: frontier#: tasks #-#: Terminated ...]
[... 30 further lines matching: srun: error: frontier#: task #: Terminated ...]
Running frontier nodes=32 ranks_per_node=9 dist=hierarchical_lockfree_rma mode=fixed expected_us=10 max_upper_fanout=0
srun: Step created for StepId=5137470.60
RESULT distributor=hierarchical_lockfree_rma mode=fixed expected_us=10 nodes=32 world_size=288 max_upper_fanout=0 total_tasks=20586885 elapsed_s=20.0003 throughput_tasks_per_s=1.02933e+06
MPICH Notice [Rank 0] [job id 5137470.60] [Sun Aug  2 01:27:48 2026] [frontier00045] - Abort(0) (rank 0 in comm 0): application called MPI_Abort(MPI_COMM_WORLD, 0) - process 0
aborting job:
application called MPI_Abort(MPI_COMM_WORLD, 0) - process 0
srun: error: frontier00045: task 0: Exited with exit code 255
srun: Terminating StepId=5137470.60
[2026-08-02T01:27:49.806] error: *** STEP 5137470.60 ON frontier00045 CANCELLED AT 2026-08-02T01:27:49 DUE TO TASK FAILURE ***
srun: error: frontier00045: tasks 2-8: Terminated
srun: error: frontier03600: tasks 253-260: Terminated
srun: error: frontier01887: task 126: Terminated
srun: error: frontier02749: task 189: Terminated
srun: Force Terminated StepId=5137470.60
[... 30 further lines matching: srun: error: frontier#: tasks #-#: Terminated ...]
[... 30 further lines matching: srun: error: frontier#: task #: Terminated ...]
Running frontier nodes=32 ranks_per_node=9 dist=hierarchical_lockfree_rma mode=fixed expected_us=100 max_upper_fanout=0
srun: Step created for StepId=5137470.61
RESULT distributor=hierarchical_lockfree_rma mode=fixed expected_us=100 nodes=32 world_size=288 max_upper_fanout=0 total_tasks=20425886 elapsed_s=20.0002 throughput_tasks_per_s=1.02129e+06
MPICH Notice [Rank 0] [job id 5137470.61] [Sun Aug  2 01:28:23 2026] [frontier00045] - Abort(0) (rank 0 in comm 0): application called MPI_Abort(MPI_COMM_WORLD, 0) - process 0
aborting job:
application called MPI_Abort(MPI_COMM_WORLD, 0) - process 0
srun: error: frontier00045: task 0: Exited with exit code 255
srun: Terminating StepId=5137470.61
[2026-08-02T01:28:24.083] error: *** STEP 5137470.61 ON frontier00045 CANCELLED AT 2026-08-02T01:28:24 DUE TO TASK FAILURE ***
srun: error: frontier00045: tasks 2-8: Terminated
srun: error: frontier02223: tasks 154-161: Terminated
srun: error: frontier00992: task 63: Terminated
srun: error: frontier02223: task 153: Terminated
srun: Force Terminated StepId=5137470.61
[... 30 further lines matching: srun: error: frontier#: tasks #-#: Terminated ...]
[... 30 further lines matching: srun: error: frontier#: task #: Terminated ...]
Running frontier nodes=32 ranks_per_node=9 dist=hierarchical_lockfree_rma mode=fixed expected_us=1000 max_upper_fanout=0
srun: Step created for StepId=5137470.62
RESULT distributor=hierarchical_lockfree_rma mode=fixed expected_us=1000 nodes=32 world_size=288 max_upper_fanout=0 total_tasks=4645175 elapsed_s=20.0001 throughput_tasks_per_s=232258
MPICH Notice [Rank 0] [job id 5137470.62] [Sun Aug  2 01:28:57 2026] [frontier00045] - Abort(0) (rank 0 in comm 0): application called MPI_Abort(MPI_COMM_WORLD, 0) - process 0
aborting job:
application called MPI_Abort(MPI_COMM_WORLD, 0) - process 0
srun: error: frontier00045: task 0: Exited with exit code 255
srun: Terminating StepId=5137470.62
[2026-08-02T01:28:58.291] error: *** STEP 5137470.62 ON frontier00045 CANCELLED AT 2026-08-02T01:28:58 DUE TO TASK FAILURE ***
srun: error: frontier00045: tasks 2-8: Terminated
srun: error: frontier03123: tasks 217-224: Terminated
srun: error: frontier00350: task 18: Terminated
srun: error: frontier02484: task 171: Terminated
srun: Force Terminated StepId=5137470.62
[... 30 further lines matching: srun: error: frontier#: tasks #-#: Terminated ...]
[... 30 further lines matching: srun: error: frontier#: task #: Terminated ...]
Running frontier nodes=32 ranks_per_node=9 dist=hierarchical_lockfree_rma mode=fixed expected_us=10000 max_upper_fanout=0
srun: Step created for StepId=5137470.63
RESULT distributor=hierarchical_lockfree_rma mode=fixed expected_us=10000 nodes=32 world_size=288 max_upper_fanout=0 total_tasks=505118 elapsed_s=20.0003 throughput_tasks_per_s=25255.5
MPICH Notice [Rank 0] [job id 5137470.63] [Sun Aug  2 01:29:31 2026] [frontier00045] - Abort(0) (rank 0 in comm 0): application called MPI_Abort(MPI_COMM_WORLD, 0) - process 0
aborting job:
application called MPI_Abort(MPI_COMM_WORLD, 0) - process 0
srun: error: frontier00045: task 0: Exited with exit code 255
srun: Terminating StepId=5137470.63
[2026-08-02T01:29:32.598] error: *** STEP 5137470.63 ON frontier00045 CANCELLED AT 2026-08-02T01:29:32 DUE TO TASK FAILURE ***
srun: error: frontier01106: tasks 73-80: Terminated
srun: error: frontier03333: tasks 235-242: Terminated
srun: error: frontier01451: task 99: Terminated
srun: error: frontier02484: task 171: Terminated
srun: Force Terminated StepId=5137470.63
[... 30 further lines matching: srun: error: frontier#: tasks #-#: Terminated ...]
[... 30 further lines matching: srun: error: frontier#: task #: Terminated ...]
Running frontier nodes=32 ranks_per_node=9 dist=hierarchical_lockfree_rma mode=fixed expected_us=100000 max_upper_fanout=0
srun: Step created for StepId=5137470.64
RESULT distributor=hierarchical_lockfree_rma mode=fixed expected_us=100000 nodes=32 world_size=288 max_upper_fanout=0 total_tasks=50745 elapsed_s=20.0001 throughput_tasks_per_s=2537.23
MPICH Notice [Rank 0] [job id 5137470.64] [Sun Aug  2 01:30:05 2026] [frontier00045] - Abort(0) (rank 0 in comm 0): application called MPI_Abort(MPI_COMM_WORLD, 0) - process 0
aborting job:
application called MPI_Abort(MPI_COMM_WORLD, 0) - process 0
srun: error: frontier00045: task 0: Exited with exit code 255
srun: Terminating StepId=5137470.64
[2026-08-02T01:30:06.740] error: *** STEP 5137470.64 ON frontier00045 CANCELLED AT 2026-08-02T01:30:06 DUE TO TASK FAILURE ***
srun: error: frontier01314: tasks 91-98: Terminated
srun: error: frontier03600: tasks 253-260: Terminated
srun: error: frontier03600: task 252: Terminated
srun: error: frontier03727: task 261: Terminated
srun: Force Terminated StepId=5137470.64
[... 30 further lines matching: srun: error: frontier#: tasks #-#: Terminated ...]
[... 30 further lines matching: srun: error: frontier#: task #: Terminated ...]
Running frontier nodes=32 ranks_per_node=9 dist=hierarchical_lockfree_rma mode=fixed expected_us=1000000 max_upper_fanout=0
srun: Step created for StepId=5137470.65
RESULT distributor=hierarchical_lockfree_rma mode=fixed expected_us=1000000 nodes=32 world_size=288 max_upper_fanout=0 total_tasks=4845 elapsed_s=20 throughput_tasks_per_s=242.25
MPICH Notice [Rank 0] [job id 5137470.65] [Sun Aug  2 01:30:39 2026] [frontier00045] - Abort(0) (rank 0 in comm 0): application called MPI_Abort(MPI_COMM_WORLD, 0) - process 0
aborting job:
application called MPI_Abort(MPI_COMM_WORLD, 0) - process 0
srun: error: frontier00045: task 0: Exited with exit code 255
srun: Terminating StepId=5137470.65
[2026-08-02T01:30:40.856] error: *** STEP 5137470.65 ON frontier00045 CANCELLED AT 2026-08-02T01:30:40 DUE TO TASK FAILURE ***
srun: error: frontier00045: tasks 2-8: Terminated
srun: error: frontier02359: tasks 163-170: Terminated
srun: error: frontier02749: task 189: Terminated
srun: error: frontier00045: task 1: Terminated
srun: Force Terminated StepId=5137470.65
[... 30 further lines matching: srun: error: frontier#: tasks #-#: Terminated ...]
[... 30 further lines matching: srun: error: frontier#: task #: Terminated ...]
Running frontier nodes=32 ranks_per_node=9 dist=hierarchical_lockfree_rma mode=uniform expected_us=10 max_upper_fanout=0
srun: Step created for StepId=5137470.66
RESULT distributor=hierarchical_lockfree_rma mode=uniform expected_us=10 nodes=32 world_size=288 max_upper_fanout=0 total_tasks=20568076 elapsed_s=20.0002 throughput_tasks_per_s=1.02839e+06
MPICH Notice [Rank 0] [job id 5137470.66] [Sun Aug  2 01:31:13 2026] [frontier00045] - Abort(0) (rank 0 in comm 0): application called MPI_Abort(MPI_COMM_WORLD, 0) - process 0
aborting job:
application called MPI_Abort(MPI_COMM_WORLD, 0) - process 0
srun: error: frontier00045: task 0: Exited with exit code 255
srun: Terminating StepId=5137470.66
[2026-08-02T01:31:14.880] error: *** STEP 5137470.66 ON frontier00045 CANCELLED AT 2026-08-02T01:31:14 DUE TO TASK FAILURE ***
srun: error: frontier02484: tasks 172-179: Terminated
srun: error: frontier00570: tasks 37-44: Terminated
srun: error: frontier02484: task 171: Terminated
srun: error: frontier01451: task 99: Terminated
srun: Force Terminated StepId=5137470.66
[... 30 further lines matching: srun: error: frontier#: tasks #-#: Terminated ...]
[... 30 further lines matching: srun: error: frontier#: task #: Terminated ...]
Running frontier nodes=32 ranks_per_node=9 dist=hierarchical_lockfree_rma mode=uniform expected_us=100 max_upper_fanout=0
srun: Step created for StepId=5137470.67
RESULT distributor=hierarchical_lockfree_rma mode=uniform expected_us=100 nodes=32 world_size=288 max_upper_fanout=0 total_tasks=20082590 elapsed_s=20.0003 throughput_tasks_per_s=1.00411e+06
MPICH Notice [Rank 0] [job id 5137470.67] [Sun Aug  2 01:31:48 2026] [frontier00045] - Abort(0) (rank 0 in comm 0): application called MPI_Abort(MPI_COMM_WORLD, 0) - process 0
aborting job:
application called MPI_Abort(MPI_COMM_WORLD, 0) - process 0
srun: error: frontier00045: task 0: Exited with exit code 255
srun: Terminating StepId=5137470.67
[2026-08-02T01:31:49.309] error: *** STEP 5137470.67 ON frontier00045 CANCELLED AT 2026-08-02T01:31:49 DUE TO TASK FAILURE ***
srun: error: frontier00045: tasks 2-8: Terminated
srun: error: frontier00834: tasks 55-62: Terminated
srun: error: frontier01887: task 126: Terminated
srun: error: frontier03878: task 270: Terminated
srun: Force Terminated StepId=5137470.67
[... 30 further lines matching: srun: error: frontier#: tasks #-#: Terminated ...]
[... 30 further lines matching: srun: error: frontier#: task #: Terminated ...]
Running frontier nodes=32 ranks_per_node=9 dist=hierarchical_lockfree_rma mode=uniform expected_us=1000 max_upper_fanout=0
srun: Step created for StepId=5137470.68
RESULT distributor=hierarchical_lockfree_rma mode=uniform expected_us=1000 nodes=32 world_size=288 max_upper_fanout=0 total_tasks=4750984 elapsed_s=20.0002 throughput_tasks_per_s=237547
MPICH Notice [Rank 0] [job id 5137470.68] [Sun Aug  2 01:32:22 2026] [frontier00045] - Abort(0) (rank 0 in comm 0): application called MPI_Abort(MPI_COMM_WORLD, 0) - process 0
aborting job:
application called MPI_Abort(MPI_COMM_WORLD, 0) - process 0
srun: error: frontier00045: task 0: Exited with exit code 255
srun: Terminating StepId=5137470.68
[2026-08-02T01:32:23.564] error: *** STEP 5137470.68 ON frontier00045 CANCELLED AT 2026-08-02T01:32:23 DUE TO TASK FAILURE ***
srun: error: frontier03123: tasks 217-224: Terminated
srun: error: frontier02998: tasks 208-215: Terminated
srun: error: frontier01451: task 99: Terminated
srun: error: frontier02096: task 144: Terminated
srun: Force Terminated StepId=5137470.68
[... 30 further lines matching: srun: error: frontier#: tasks #-#: Terminated ...]
[... 30 further lines matching: srun: error: frontier#: task #: Terminated ...]
Running frontier nodes=32 ranks_per_node=9 dist=hierarchical_lockfree_rma mode=uniform expected_us=10000 max_upper_fanout=0
srun: Step created for StepId=5137470.69
RESULT distributor=hierarchical_lockfree_rma mode=uniform expected_us=10000 nodes=32 world_size=288 max_upper_fanout=0 total_tasks=504476 elapsed_s=20.0003 throughput_tasks_per_s=25223.5
MPICH Notice [Rank 0] [job id 5137470.69] [Sun Aug  2 01:32:56 2026] [frontier00045] - Abort(0) (rank 0 in comm 0): application called MPI_Abort(MPI_COMM_WORLD, 0) - process 0
aborting job:
application called MPI_Abort(MPI_COMM_WORLD, 0) - process 0
srun: error: frontier00045: task 0: Exited with exit code 255
srun: Terminating StepId=5137470.69
[2026-08-02T01:32:57.502] error: *** STEP 5137470.69 ON frontier00045 CANCELLED AT 2026-08-02T01:32:57 DUE TO TASK FAILURE ***
srun: error: frontier01952: tasks 136-143: Terminated
srun: error: frontier01106: tasks 73-80: Terminated
srun: error: frontier01703: task 117: Terminated
srun: error: frontier00992: task 63: Terminated
srun: Force Terminated StepId=5137470.69
[... 30 further lines matching: srun: error: frontier#: tasks #-#: Terminated ...]
[... 30 further lines matching: srun: error: frontier#: task #: Terminated ...]
Running frontier nodes=32 ranks_per_node=9 dist=hierarchical_lockfree_rma mode=uniform expected_us=100000 max_upper_fanout=0
srun: Step created for StepId=5137470.70
RESULT distributor=hierarchical_lockfree_rma mode=uniform expected_us=100000 nodes=32 world_size=288 max_upper_fanout=0 total_tasks=50567 elapsed_s=20.0001 throughput_tasks_per_s=2528.33
MPICH Notice [Rank 0] [job id 5137470.70] [Sun Aug  2 01:33:30 2026] [frontier00045] - Abort(0) (rank 0 in comm 0): application called MPI_Abort(MPI_COMM_WORLD, 0) - process 0
aborting job:
application called MPI_Abort(MPI_COMM_WORLD, 0) - process 0
srun: error: frontier00045: task 0: Exited with exit code 255
srun: Terminating StepId=5137470.70
[2026-08-02T01:33:31.746] error: *** STEP 5137470.70 ON frontier00045 CANCELLED AT 2026-08-02T01:33:31 DUE TO TASK FAILURE ***
srun: error: frontier02484: tasks 172-179: Terminated
srun: error: frontier01887: tasks 127-134: Terminated
srun: error: frontier02484: task 171: Terminated
srun: error: frontier01887: task 126: Terminated
srun: Force Terminated StepId=5137470.70
[... 30 further lines matching: srun: error: frontier#: tasks #-#: Terminated ...]
[... 30 further lines matching: srun: error: frontier#: task #: Terminated ...]
Running frontier nodes=32 ranks_per_node=9 dist=hierarchical_lockfree_rma mode=uniform expected_us=1000000 max_upper_fanout=0
srun: Step created for StepId=5137470.71
RESULT distributor=hierarchical_lockfree_rma mode=uniform expected_us=1000000 nodes=32 world_size=288 max_upper_fanout=0 total_tasks=4556 elapsed_s=20.0001 throughput_tasks_per_s=227.799
MPICH Notice [Rank 0] [job id 5137470.71] [Sun Aug  2 01:34:04 2026] [frontier00045] - Abort(0) (rank 0 in comm 0): application called MPI_Abort(MPI_COMM_WORLD, 0) - process 0
aborting job:
application called MPI_Abort(MPI_COMM_WORLD, 0) - process 0
srun: error: frontier00045: task 0: Exited with exit code 255
srun: Terminating StepId=5137470.71
[2026-08-02T01:34:07.303] error: *** STEP 5137470.71 ON frontier00045 CANCELLED AT 2026-08-02T01:34:07 DUE TO TASK FAILURE ***
srun: error: frontier00045: tasks 2-8: Terminated
srun: error: frontier03458: tasks 244-251: Terminated
srun: error: frontier00045: task 1: Terminated
srun: error: frontier01703: task 117: Terminated
srun: Force Terminated StepId=5137470.71
[... 30 further lines matching: srun: error: frontier#: tasks #-#: Terminated ...]
[... 30 further lines matching: srun: error: frontier#: task #: Terminated ...]
Running frontier nodes=32 ranks_per_node=56 dist=naive mode=fixed expected_us=10 max_upper_fanout=-1
RESULT distributor=naive mode=fixed expected_us=10 nodes=32 world_size=1792 max_upper_fanout=-1 total_tasks=11677320 elapsed_s=20.0114 throughput_tasks_per_s=583535
MPICH Notice [Rank 0] [job id 5137470.72] [Sun Aug  2 01:34:29 2026] [frontier00045] - Abort(0) (rank 0 in comm 0): application called MPI_Abort(MPI_COMM_WORLD, 0) - process 0
aborting job:
application called MPI_Abort(MPI_COMM_WORLD, 0) - process 0
srun: error: frontier00045: task 0: Exited with exit code 255
srun: Terminating StepId=5137470.72
[2026-08-02T01:34:29.997] error: *** STEP 5137470.72 ON frontier00045 CANCELLED AT 2026-08-02T01:34:29 DUE TO TASK FAILURE ***
srun: error: frontier00678: tasks 280-335: Terminated
srun: error: frontier03215: tasks 1400-1455: Terminated
srun: Force Terminated StepId=5137470.72
[... 30 further lines matching: srun: error: frontier#: tasks #-#: Terminated ...]
Running frontier nodes=32 ranks_per_node=56 dist=naive mode=fixed expected_us=100 max_upper_fanout=-1
srun: Step created for StepId=5137470.73
RESULT distributor=naive mode=fixed expected_us=100 nodes=32 world_size=1792 max_upper_fanout=-1 total_tasks=13021082 elapsed_s=20.015 throughput_tasks_per_s=650567
MPICH Notice [Rank 0] [job id 5137470.73] [Sun Aug  2 01:34:51 2026] [frontier00045] - Abort(0) (rank 0 in comm 0): application called MPI_Abort(MPI_COMM_WORLD, 0) - process 0
aborting job:
application called MPI_Abort(MPI_COMM_WORLD, 0) - process 0
srun: error: frontier00045: task 0: Exited with exit code 255
srun: Terminating StepId=5137470.73
[2026-08-02T01:34:51.981] error: *** STEP 5137470.73 ON frontier00045 CANCELLED AT 2026-08-02T01:34:51 DUE TO TASK FAILURE ***
srun: error: frontier01887: tasks 784-839: Terminated
srun: error: frontier00570: tasks 224-279: Terminated
srun: Force Terminated StepId=5137470.73
[... 30 further lines matching: srun: error: frontier#: tasks #-#: Terminated ...]
Running frontier nodes=32 ranks_per_node=56 dist=naive mode=fixed expected_us=1000 max_upper_fanout=-1
srun: Step created for StepId=5137470.74
RESULT distributor=naive mode=fixed expected_us=1000 nodes=32 world_size=1792 max_upper_fanout=-1 total_tasks=5580061 elapsed_s=20.0318 throughput_tasks_per_s=278561
MPICH Notice [Rank 0] [job id 5137470.74] [Sun Aug  2 01:35:13 2026] [frontier00045] - Abort(0) (rank 0 in comm 0): application called MPI_Abort(MPI_COMM_WORLD, 0) - process 0
aborting job:
application called MPI_Abort(MPI_COMM_WORLD, 0) - process 0
srun: error: frontier00045: task 0: Exited with exit code 255
srun: Terminating StepId=5137470.74
[2026-08-02T01:35:15.318] error: *** STEP 5137470.74 ON frontier00045 CANCELLED AT 2026-08-02T01:35:15 DUE TO TASK FAILURE ***
srun: error: frontier01887: tasks 784-839: Terminated
srun: error: frontier02096: tasks 896-951: Terminated
srun: Force Terminated StepId=5137470.74
[... 30 further lines matching: srun: error: frontier#: tasks #-#: Terminated ...]
Running frontier nodes=32 ranks_per_node=56 dist=naive mode=fixed expected_us=10000 max_upper_fanout=-1
RESULT distributor=naive mode=fixed expected_us=10000 nodes=32 world_size=1792 max_upper_fanout=-1 total_tasks=3580260 elapsed_s=20.0307 throughput_tasks_per_s=178738
MPICH Notice [Rank 0] [job id 5137470.75] [Sun Aug  2 01:35:39 2026] [frontier00045] - Abort(0) (rank 0 in comm 0): application called MPI_Abort(MPI_COMM_WORLD, 0) - process 0
aborting job:
application called MPI_Abort(MPI_COMM_WORLD, 0) - process 0
srun: error: frontier00045: task 0: Exited with exit code 255
srun: Terminating StepId=5137470.75
[2026-08-02T01:35:39.158] error: *** STEP 5137470.75 ON frontier00045 CANCELLED AT 2026-08-02T01:35:39 DUE TO TASK FAILURE ***
srun: error: frontier00570: tasks 224-279: Terminated
srun: error: frontier00461: tasks 168-223: Terminated
srun: Force Terminated StepId=5137470.75
[... 30 further lines matching: srun: error: frontier#: tasks #-#: Terminated ...]
Running frontier nodes=32 ranks_per_node=56 dist=naive mode=fixed expected_us=100000 max_upper_fanout=-1
srun: Step created for StepId=5137470.76
RESULT distributor=naive mode=fixed expected_us=100000 nodes=32 world_size=1792 max_upper_fanout=-1 total_tasks=363573 elapsed_s=20.3122 throughput_tasks_per_s=17899.3
MPICH Notice [Rank 0] [job id 5137470.76] [Sun Aug  2 01:36:01 2026] [frontier00045] - Abort(0) (rank 0 in comm 0): application called MPI_Abort(MPI_COMM_WORLD, 0) - process 0
aborting job:
application called MPI_Abort(MPI_COMM_WORLD, 0) - process 0
srun: error: frontier00045: task 0: Exited with exit code 255
srun: Terminating StepId=5137470.76
[2026-08-02T01:36:01.401] error: *** STEP 5137470.76 ON frontier00045 CANCELLED AT 2026-08-02T01:36:01 DUE TO TASK FAILURE ***
srun: error: frontier02096: tasks 896-951: Terminated
srun: error: frontier02616: tasks 1120-1175: Terminated
srun: Force Terminated StepId=5137470.76
[... 30 further lines matching: srun: error: frontier#: tasks #-#: Terminated ...]
Running frontier nodes=32 ranks_per_node=56 dist=naive mode=fixed expected_us=1000000 max_upper_fanout=-1
srun: Step created for StepId=5137470.77
RESULT distributor=naive mode=fixed expected_us=1000000 nodes=32 world_size=1792 max_upper_fanout=-1 total_tasks=41193 elapsed_s=23.0111 throughput_tasks_per_s=1790.14
MPICH Notice [Rank 0] [job id 5137470.77] [Sun Aug  2 01:36:26 2026] [frontier00045] - Abort(0) (rank 0 in comm 0): application called MPI_Abort(MPI_COMM_WORLD, 0) - process 0
aborting job:
application called MPI_Abort(MPI_COMM_WORLD, 0) - process 0
srun: error: frontier00045: task 0: Exited with exit code 255
srun: Terminating StepId=5137470.77
[2026-08-02T01:36:28.020] error: *** STEP 5137470.77 ON frontier00045 CANCELLED AT 2026-08-02T01:36:28 DUE TO TASK FAILURE ***
srun: error: frontier02616: tasks 1120-1175: Terminated
srun: error: frontier03123: tasks 1344-1399: Terminated
srun: Force Terminated StepId=5137470.77
[... 30 further lines matching: srun: error: frontier#: tasks #-#: Terminated ...]
Running frontier nodes=32 ranks_per_node=56 dist=naive mode=uniform expected_us=10 max_upper_fanout=-1
RESULT distributor=naive mode=uniform expected_us=10 nodes=32 world_size=1792 max_upper_fanout=-1 total_tasks=11791944 elapsed_s=20.0042 throughput_tasks_per_s=589475
MPICH Notice [Rank 0] [job id 5137470.78] [Sun Aug  2 01:36:50 2026] [frontier00045] - Abort(0) (rank 0 in comm 0): application called MPI_Abort(MPI_COMM_WORLD, 0) - process 0
aborting job:
application called MPI_Abort(MPI_COMM_WORLD, 0) - process 0
srun: error: frontier00045: task 0: Exited with exit code 255
srun: Terminating StepId=5137470.78
[2026-08-02T01:36:50.383] error: *** STEP 5137470.78 ON frontier00045 CANCELLED AT 2026-08-02T01:36:50 DUE TO TASK FAILURE ***
srun: error: frontier01887: tasks 784-839: Terminated
srun: error: frontier02223: tasks 952-1007: Terminated
srun: Force Terminated StepId=5137470.78
[... 30 further lines matching: srun: error: frontier#: tasks #-#: Terminated ...]
Running frontier nodes=32 ranks_per_node=56 dist=naive mode=uniform expected_us=100 max_upper_fanout=-1
srun: Step created for StepId=5137470.79
RESULT distributor=naive mode=uniform expected_us=100 nodes=32 world_size=1792 max_upper_fanout=-1 total_tasks=13206848 elapsed_s=20.0138 throughput_tasks_per_s=659888
MPICH Notice [Rank 0] [job id 5137470.79] [Sun Aug  2 01:37:12 2026] [frontier00045] - Abort(0) (rank 0 in comm 0): application called MPI_Abort(MPI_COMM_WORLD, 0) - process 0
aborting job:
application called MPI_Abort(MPI_COMM_WORLD, 0) - process 0
srun: error: frontier00045: task 0: Exited with exit code 255
srun: Terminating StepId=5137470.79
[2026-08-02T01:37:12.952] error: *** STEP 5137470.79 ON frontier00045 CANCELLED AT 2026-08-02T01:37:12 DUE TO TASK FAILURE ***
srun: error: frontier03123: tasks 1344-1399: Terminated
srun: error: frontier00461: tasks 168-223: Terminated
srun: Force Terminated StepId=5137470.79
[... 30 further lines matching: srun: error: frontier#: tasks #-#: Terminated ...]
Running frontier nodes=32 ranks_per_node=56 dist=naive mode=uniform expected_us=1000 max_upper_fanout=-1
srun: Step created for StepId=5137470.80
RESULT distributor=naive mode=uniform expected_us=1000 nodes=32 world_size=1792 max_upper_fanout=-1 total_tasks=5604653 elapsed_s=20.0203 throughput_tasks_per_s=279949
MPICH Notice [Rank 0] [job id 5137470.80] [Sun Aug  2 01:37:34 2026] [frontier00045] - Abort(0) (rank 0 in comm 0): application called MPI_Abort(MPI_COMM_WORLD, 0) - process 0
aborting job:
application called MPI_Abort(MPI_COMM_WORLD, 0) - process 0
srun: error: frontier00045: task 0: Exited with exit code 255
srun: Terminating StepId=5137470.80
[2026-08-02T01:37:36.654] error: *** STEP 5137470.80 ON frontier00045 CANCELLED AT 2026-08-02T01:37:36 DUE TO TASK FAILURE ***
srun: error: frontier01106: tasks 448-503: Terminated
srun: error: frontier01451: tasks 616-671: Terminated
srun: Force Terminated StepId=5137470.80
[... 30 further lines matching: srun: error: frontier#: tasks #-#: Terminated ...]
Running frontier nodes=32 ranks_per_node=56 dist=naive mode=uniform expected_us=10000 max_upper_fanout=-1
RESULT distributor=naive mode=uniform expected_us=10000 nodes=32 world_size=1792 max_upper_fanout=-1 total_tasks=3582343 elapsed_s=20.0598 throughput_tasks_per_s=178583
MPICH Notice [Rank 0] [job id 5137470.81] [Sun Aug  2 01:38:00 2026] [frontier00045] - Abort(0) (rank 0 in comm 0): application called MPI_Abort(MPI_COMM_WORLD, 0) - process 0
aborting job:
application called MPI_Abort(MPI_COMM_WORLD, 0) - process 0
srun: error: frontier00045: task 0: Exited with exit code 255
srun: Terminating StepId=5137470.81
[2026-08-02T01:38:00.657] error: *** STEP 5137470.81 ON frontier00045 CANCELLED AT 2026-08-02T01:38:00 DUE TO TASK FAILURE ***
srun: error: frontier03600: tasks 1568-1623: Terminated
srun: error: frontier00570: tasks 224-279: Terminated
srun: Force Terminated StepId=5137470.81
[... 30 further lines matching: srun: error: frontier#: tasks #-#: Terminated ...]
Running frontier nodes=32 ranks_per_node=56 dist=naive mode=uniform expected_us=100000 max_upper_fanout=-1
RESULT distributor=naive mode=uniform expected_us=100000 nodes=32 world_size=1792 max_upper_fanout=-1 total_tasks=364927 elapsed_s=20.5046 throughput_tasks_per_s=17797.4
MPICH Notice [Rank 0] [job id 5137470.82] [Sun Aug  2 01:38:23 2026] [frontier00045] - Abort(0) (rank 0 in comm 0): application called MPI_Abort(MPI_COMM_WORLD, 0) - process 0
aborting job:
application called MPI_Abort(MPI_COMM_WORLD, 0) - process 0
srun: error: frontier00045: task 0: Exited with exit code 255
srun: Terminating StepId=5137470.82
[2026-08-02T01:38:23.367] error: *** STEP 5137470.82 ON frontier00045 CANCELLED AT 2026-08-02T01:38:23 DUE TO TASK FAILURE ***
srun: error: frontier01106: tasks 448-503: Terminated
srun: error: frontier01887: tasks 784-839: Terminated
srun: Force Terminated StepId=5137470.82
[... 30 further lines matching: srun: error: frontier#: tasks #-#: Terminated ...]
Running frontier nodes=32 ranks_per_node=56 dist=naive mode=uniform expected_us=1000000 max_upper_fanout=-1
srun: Step created for StepId=5137470.83
RESULT distributor=naive mode=uniform expected_us=1000000 nodes=32 world_size=1792 max_upper_fanout=-1 total_tasks=43797 elapsed_s=25.8382 throughput_tasks_per_s=1695.05
MPICH Notice [Rank 0] [job id 5137470.83] [Sun Aug  2 01:38:50 2026] [frontier00045] - Abort(0) (rank 0 in comm 0): application called MPI_Abort(MPI_COMM_WORLD, 0) - process 0
aborting job:
application called MPI_Abort(MPI_COMM_WORLD, 0) - process 0
srun: error: frontier00045: task 0: Exited with exit code 255
srun: Terminating StepId=5137470.83
[2026-08-02T01:38:51.542] error: *** STEP 5137470.83 ON frontier00045 CANCELLED AT 2026-08-02T01:38:51 DUE TO TASK FAILURE ***
srun: error: frontier03215: tasks 1400-1455: Terminated
srun: error: frontier00461: tasks 168-223: Terminated
srun: Force Terminated StepId=5137470.83
[... 30 further lines matching: srun: error: frontier#: tasks #-#: Terminated ...]
Running frontier nodes=32 ranks_per_node=56 dist=hierarchical mode=fixed expected_us=10 max_upper_fanout=-1
srun: Step created for StepId=5137470.84
RESULT distributor=hierarchical mode=fixed expected_us=10 nodes=32 world_size=1792 max_upper_fanout=-1 total_tasks=35511184 elapsed_s=20.0116 throughput_tasks_per_s=1.77453e+06
MPICH Notice [Rank 0] [job id 5137470.84] [Sun Aug  2 01:39:15 2026] [frontier00045] - Abort(0) (rank 0 in comm 0): application called MPI_Abort(MPI_COMM_WORLD, 0) - process 0
aborting job:
application called MPI_Abort(MPI_COMM_WORLD, 0) - process 0
srun: error: frontier00045: task 0: Exited with exit code 255
srun: Terminating StepId=5137470.84
[2026-08-02T01:39:15.500] error: *** STEP 5137470.84 ON frontier00045 CANCELLED AT 2026-08-02T01:39:15 DUE TO TASK FAILURE ***
srun: error: frontier00045: tasks 1-55: Terminated
srun: error: frontier02096: tasks 896-951: Terminated
srun: Force Terminated StepId=5137470.84
[... 30 further lines matching: srun: error: frontier#: tasks #-#: Terminated ...]
Running frontier nodes=32 ranks_per_node=56 dist=hierarchical mode=fixed expected_us=100 max_upper_fanout=-1
srun: Step created for StepId=5137470.85
RESULT distributor=hierarchical mode=fixed expected_us=100 nodes=32 world_size=1792 max_upper_fanout=-1 total_tasks=19764200 elapsed_s=20.0149 throughput_tasks_per_s=987475
MPICH Notice [Rank 0] [job id 5137470.85] [Sun Aug  2 01:39:37 2026] [frontier00045] - Abort(0) (rank 0 in comm 0): application called MPI_Abort(MPI_COMM_WORLD, 0) - process 0
aborting job:
application called MPI_Abort(MPI_COMM_WORLD, 0) - process 0
srun: error: frontier00045: task 0: Exited with exit code 255
srun: Terminating StepId=5137470.85
[2026-08-02T01:39:37.595] error: *** STEP 5137470.85 ON frontier00045 CANCELLED AT 2026-08-02T01:39:37 DUE TO TASK FAILURE ***
srun: error: frontier00045: tasks 1-55: Terminated
srun: error: frontier02359: tasks 1008-1063: Terminated
srun: Force Terminated StepId=5137470.85
[... 30 further lines matching: srun: error: frontier#: tasks #-#: Terminated ...]
Running frontier nodes=32 ranks_per_node=56 dist=hierarchical mode=fixed expected_us=1000 max_upper_fanout=-1
srun: Step created for StepId=5137470.86
RESULT distributor=hierarchical mode=fixed expected_us=1000 nodes=32 world_size=1792 max_upper_fanout=-1 total_tasks=35065390 elapsed_s=20.0117 throughput_tasks_per_s=1.75224e+06
MPICH Notice [Rank 0] [job id 5137470.86] [Sun Aug  2 01:40:00 2026] [frontier00045] - Abort(0) (rank 0 in comm 0): application called MPI_Abort(MPI_COMM_WORLD, 0) - process 0
aborting job:
application called MPI_Abort(MPI_COMM_WORLD, 0) - process 0
srun: error: frontier00045: task 0: Exited with exit code 255
srun: Terminating StepId=5137470.86
[2026-08-02T01:40:02.008] error: *** STEP 5137470.86 ON frontier00045 CANCELLED AT 2026-08-02T01:40:02 DUE TO TASK FAILURE ***
srun: error: frontier00045: tasks 1-55: Terminated
srun: error: frontier01887: tasks 784-839: Terminated
srun: Force Terminated StepId=5137470.86
[... 30 further lines matching: srun: error: frontier#: tasks #-#: Terminated ...]
Running frontier nodes=32 ranks_per_node=56 dist=hierarchical mode=fixed expected_us=10000 max_upper_fanout=-1
RESULT distributor=hierarchical mode=fixed expected_us=10000 nodes=32 world_size=1792 max_upper_fanout=-1 total_tasks=3531356 elapsed_s=20.0925 throughput_tasks_per_s=175755
MPICH Notice [Rank 0] [job id 5137470.87] [Sun Aug  2 01:40:24 2026] [frontier00045] - Abort(0) (rank 0 in comm 0): application called MPI_Abort(MPI_COMM_WORLD, 0) - process 0
aborting job:
application called MPI_Abort(MPI_COMM_WORLD, 0) - process 0
srun: error: frontier00045: task 0: Exited with exit code 255
srun: Terminating StepId=5137470.87
[2026-08-02T01:40:24.560] error: *** STEP 5137470.87 ON frontier00045 CANCELLED AT 2026-08-02T01:40:24 DUE TO TASK FAILURE ***
srun: error: frontier00045: tasks 1-55: Terminated
srun: error: frontier00570: tasks 224-279: Terminated
srun: Force Terminated StepId=5137470.87
[... 30 further lines matching: srun: error: frontier#: tasks #-#: Terminated ...]
Running frontier nodes=32 ranks_per_node=56 dist=hierarchical mode=fixed expected_us=100000 max_upper_fanout=-1
srun: Step created for StepId=5137470.88
RESULT distributor=hierarchical mode=fixed expected_us=100000 nodes=32 world_size=1792 max_upper_fanout=-1 total_tasks=362482 elapsed_s=20.803 throughput_tasks_per_s=17424.5
MPICH Notice [Rank 0] [job id 5137470.88] [Sun Aug  2 01:40:47 2026] [frontier00045] - Abort(0) (rank 0 in comm 0): application called MPI_Abort(MPI_COMM_WORLD, 0) - process 0
aborting job:
application called MPI_Abort(MPI_COMM_WORLD, 0) - process 0
srun: error: frontier00045: task 0: Exited with exit code 255
srun: Terminating StepId=5137470.88
[2026-08-02T01:40:48.031] error: *** STEP 5137470.88 ON frontier00045 CANCELLED AT 2026-08-02T01:40:48 DUE TO TASK FAILURE ***
srun: error: frontier00045: tasks 1-55: Terminated
srun: error: frontier03727: tasks 1624-1679: Terminated
srun: Force Terminated StepId=5137470.88
[... 30 further lines matching: srun: error: frontier#: tasks #-#: Terminated ...]
Running frontier nodes=32 ranks_per_node=56 dist=hierarchical mode=fixed expected_us=1000000 max_upper_fanout=-1
RESULT distributor=hierarchical mode=fixed expected_us=1000000 nodes=32 world_size=1792 max_upper_fanout=-1 total_tasks=45862 elapsed_s=28.0023 throughput_tasks_per_s=1637.8
MPICH Notice [Rank 0] [job id 5137470.89] [Sun Aug  2 01:41:18 2026] [frontier00045] - Abort(0) (rank 0 in comm 0): application called MPI_Abort(MPI_COMM_WORLD, 0) - process 0
aborting job:
application called MPI_Abort(MPI_COMM_WORLD, 0) - process 0
srun: error: frontier00045: task 0: Exited with exit code 255
srun: Terminating StepId=5137470.89
[2026-08-02T01:41:18.299] error: *** STEP 5137470.89 ON frontier00045 CANCELLED AT 2026-08-02T01:41:18 DUE TO TASK FAILURE ***
srun: error: frontier00045: tasks 1-55: Terminated
srun: error: frontier03458: tasks 1512-1567: Terminated
srun: Force Terminated StepId=5137470.89
[... 30 further lines matching: srun: error: frontier#: tasks #-#: Terminated ...]
Running frontier nodes=32 ranks_per_node=56 dist=hierarchical mode=uniform expected_us=10 max_upper_fanout=-1
srun: Step created for StepId=5137470.90
RESULT distributor=hierarchical mode=uniform expected_us=10 nodes=32 world_size=1792 max_upper_fanout=-1 total_tasks=35969334 elapsed_s=20.0112 throughput_tasks_per_s=1.79746e+06
MPICH Notice [Rank 0] [job id 5137470.90] [Sun Aug  2 01:41:40 2026] [frontier00045] - Abort(0) (rank 0 in comm 0): application called MPI_Abort(MPI_COMM_WORLD, 0) - process 0
aborting job:
application called MPI_Abort(MPI_COMM_WORLD, 0) - process 0
srun: error: frontier00045: task 0: Exited with exit code 255
srun: Terminating StepId=5137470.90
[2026-08-02T01:41:40.385] error: *** STEP 5137470.90 ON frontier00045 CANCELLED AT 2026-08-02T01:41:40 DUE TO TASK FAILURE ***
srun: error: frontier00045: tasks 1-55: Terminated
srun: error: frontier00678: tasks 280-335: Terminated
srun: Force Terminated StepId=5137470.90
[... 30 further lines matching: srun: error: frontier#: tasks #-#: Terminated ...]
Running frontier nodes=32 ranks_per_node=56 dist=hierarchical mode=uniform expected_us=100 max_upper_fanout=-1
srun: Step created for StepId=5137470.91
RESULT distributor=hierarchical mode=uniform expected_us=100 nodes=32 world_size=1792 max_upper_fanout=-1 total_tasks=19928190 elapsed_s=20.012 throughput_tasks_per_s=995810
MPICH Notice [Rank 0] [job id 5137470.91] [Sun Aug  2 01:42:02 2026] [frontier00045] - Abort(0) (rank 0 in comm 0): application called MPI_Abort(MPI_COMM_WORLD, 0) - process 0
aborting job:
application called MPI_Abort(MPI_COMM_WORLD, 0) - process 0
srun: error: frontier00045: task 0: Exited with exit code 255
srun: Terminating StepId=5137470.91
[2026-08-02T01:42:02.456] error: *** STEP 5137470.91 ON frontier00045 CANCELLED AT 2026-08-02T01:42:02 DUE TO TASK FAILURE ***
srun: error: frontier00045: tasks 1-55: Terminated
srun: error: frontier03123: tasks 1344-1399: Terminated
srun: Force Terminated StepId=5137470.91
[... 30 further lines matching: srun: error: frontier#: tasks #-#: Terminated ...]
Running frontier nodes=32 ranks_per_node=56 dist=hierarchical mode=uniform expected_us=1000 max_upper_fanout=-1
srun: Step created for StepId=5137470.92
RESULT distributor=hierarchical mode=uniform expected_us=1000 nodes=32 world_size=1792 max_upper_fanout=-1 total_tasks=35076286 elapsed_s=20.0113 throughput_tasks_per_s=1.75282e+06
MPICH Notice [Rank 0] [job id 5137470.92] [Sun Aug  2 01:42:23 2026] [frontier00045] - Abort(0) (rank 0 in comm 0): application called MPI_Abort(MPI_COMM_WORLD, 0) - process 0
aborting job:
application called MPI_Abort(MPI_COMM_WORLD, 0) - process 0
srun: error: frontier00045: task 0: Exited with exit code 255
srun: Terminating StepId=5137470.92
[2026-08-02T01:42:25.351] error: *** STEP 5137470.92 ON frontier00045 CANCELLED AT 2026-08-02T01:42:25 DUE TO TASK FAILURE ***
srun: error: frontier00045: tasks 1-55: Terminated
srun: error: frontier02749: tasks 1176-1231: Terminated
srun: Force Terminated StepId=5137470.92
[... 30 further lines matching: srun: error: frontier#: tasks #-#: Terminated ...]
Running frontier nodes=32 ranks_per_node=56 dist=hierarchical mode=uniform expected_us=10000 max_upper_fanout=-1
RESULT distributor=hierarchical mode=uniform expected_us=10000 nodes=32 world_size=1792 max_upper_fanout=-1 total_tasks=3527622 elapsed_s=20.0838 throughput_tasks_per_s=175646
MPICH Notice [Rank 0] [job id 5137470.93] [Sun Aug  2 01:42:47 2026] [frontier00045] - Abort(0) (rank 0 in comm 0): application called MPI_Abort(MPI_COMM_WORLD, 0) - process 0
aborting job:
application called MPI_Abort(MPI_COMM_WORLD, 0) - process 0
srun: error: frontier00045: task 0: Exited with exit code 255
srun: Terminating StepId=5137470.93
[2026-08-02T01:42:47.900] error: *** STEP 5137470.93 ON frontier00045 CANCELLED AT 2026-08-02T01:42:47 DUE TO TASK FAILURE ***
srun: error: frontier00045: tasks 1-55: Terminated
srun: error: frontier00678: tasks 280-335: Terminated
srun: Force Terminated StepId=5137470.93
[... 30 further lines matching: srun: error: frontier#: tasks #-#: Terminated ...]
Running frontier nodes=32 ranks_per_node=56 dist=hierarchical mode=uniform expected_us=100000 max_upper_fanout=-1
RESULT distributor=hierarchical mode=uniform expected_us=100000 nodes=32 world_size=1792 max_upper_fanout=-1 total_tasks=363910 elapsed_s=20.8905 throughput_tasks_per_s=17419.9
MPICH Notice [Rank 0] [job id 5137470.94] [Sun Aug  2 01:43:11 2026] [frontier00045] - Abort(0) (rank 0 in comm 0): application called MPI_Abort(MPI_COMM_WORLD, 0) - process 0
aborting job:
application called MPI_Abort(MPI_COMM_WORLD, 0) - process 0
srun: error: frontier00045: task 0: Exited with exit code 255
srun: Terminating StepId=5137470.94
[2026-08-02T01:43:11.684] error: *** STEP 5137470.94 ON frontier00045 CANCELLED AT 2026-08-02T01:43:11 DUE TO TASK FAILURE ***
srun: error: frontier00045: tasks 1-55: Terminated
srun: error: frontier01952: tasks 840-895: Terminated
srun: Force Terminated StepId=5137470.94
[... 30 further lines matching: srun: error: frontier#: tasks #-#: Terminated ...]
Running frontier nodes=32 ranks_per_node=56 dist=hierarchical mode=uniform expected_us=1000000 max_upper_fanout=-1
srun: Step created for StepId=5137470.95
RESULT distributor=hierarchical mode=uniform expected_us=1000000 nodes=32 world_size=1792 max_upper_fanout=-1 total_tasks=49270 elapsed_s=29.9501 throughput_tasks_per_s=1645.07
MPICH Notice [Rank 0] [job id 5137470.95] [Sun Aug  2 01:43:43 2026] [frontier00045] - Abort(0) (rank 0 in comm 0): application called MPI_Abort(MPI_COMM_WORLD, 0) - process 0
aborting job:
application called MPI_Abort(MPI_COMM_WORLD, 0) - process 0
srun: error: frontier00045: task 0: Exited with exit code 255
srun: Terminating StepId=5137470.95
[2026-08-02T01:43:43.791] error: *** STEP 5137470.95 ON frontier00045 CANCELLED AT 2026-08-02T01:43:43 DUE TO TASK FAILURE ***
srun: error: frontier00045: tasks 1-55: Terminated
srun: error: frontier00570: tasks 224-279: Terminated
srun: Force Terminated StepId=5137470.95
[... 30 further lines matching: srun: error: frontier#: tasks #-#: Terminated ...]
Running frontier nodes=32 ranks_per_node=56 dist=hierarchical mode=fixed expected_us=10 max_upper_fanout=0
srun: Step created for StepId=5137470.96
RESULT distributor=hierarchical mode=fixed expected_us=10 nodes=32 world_size=1792 max_upper_fanout=0 total_tasks=35498804 elapsed_s=20.0097 throughput_tasks_per_s=1.77408e+06
MPICH Notice [Rank 0] [job id 5137470.96] [Sun Aug  2 01:44:05 2026] [frontier00045] - Abort(0) (rank 0 in comm 0): application called MPI_Abort(MPI_COMM_WORLD, 0) - process 0
aborting job:
application called MPI_Abort(MPI_COMM_WORLD, 0) - process 0
srun: error: frontier00045: task 0: Exited with exit code 255
srun: Terminating StepId=5137470.96
[2026-08-02T01:44:05.857] error: *** STEP 5137470.96 ON frontier00045 CANCELLED AT 2026-08-02T01:44:05 DUE TO TASK FAILURE ***
srun: error: frontier00045: tasks 1-55: Terminated
srun: error: frontier03458: tasks 1512-1567: Terminated
srun: Force Terminated StepId=5137470.96
[... 30 further lines matching: srun: error: frontier#: tasks #-#: Terminated ...]
Running frontier nodes=32 ranks_per_node=56 dist=hierarchical mode=fixed expected_us=100 max_upper_fanout=0
RESULT distributor=hierarchical mode=fixed expected_us=100 nodes=32 world_size=1792 max_upper_fanout=0 total_tasks=19761494 elapsed_s=20.0132 throughput_tasks_per_s=987423
MPICH Notice [Rank 0] [job id 5137470.97] [Sun Aug  2 01:44:28 2026] [frontier00045] - Abort(0) (rank 0 in comm 0): application called MPI_Abort(MPI_COMM_WORLD, 0) - process 0
aborting job:
application called MPI_Abort(MPI_COMM_WORLD, 0) - process 0
srun: error: frontier00045: task 0: Exited with exit code 255
srun: Terminating StepId=5137470.97
[2026-08-02T01:44:28.375] error: *** STEP 5137470.97 ON frontier00045 CANCELLED AT 2026-08-02T01:44:28 DUE TO TASK FAILURE ***
srun: error: frontier00045: tasks 1-55: Terminated
srun: error: frontier03878: tasks 1680-1735: Terminated
srun: Force Terminated StepId=5137470.97
[... 30 further lines matching: srun: error: frontier#: tasks #-#: Terminated ...]
Running frontier nodes=32 ranks_per_node=56 dist=hierarchical mode=fixed expected_us=1000 max_upper_fanout=0
srun: Step created for StepId=5137470.98
RESULT distributor=hierarchical mode=fixed expected_us=1000 nodes=32 world_size=1792 max_upper_fanout=0 total_tasks=35065392 elapsed_s=20.0117 throughput_tasks_per_s=1.75224e+06
MPICH Notice [Rank 0] [job id 5137470.98] [Sun Aug  2 01:44:50 2026] [frontier00045] - Abort(0) (rank 0 in comm 0): application called MPI_Abort(MPI_COMM_WORLD, 0) - process 0
aborting job:
application called MPI_Abort(MPI_COMM_WORLD, 0) - process 0
srun: error: frontier00045: task 0: Exited with exit code 255
srun: Terminating StepId=5137470.98
[2026-08-02T01:44:50.805] error: *** STEP 5137470.98 ON frontier00045 CANCELLED AT 2026-08-02T01:44:50 DUE TO TASK FAILURE ***
srun: error: frontier00045: tasks 1-55: Terminated
srun: error: frontier03727: tasks 1624-1679: Terminated
srun: Force Terminated StepId=5137470.98
[... 30 further lines matching: srun: error: frontier#: tasks #-#: Terminated ...]
Running frontier nodes=32 ranks_per_node=56 dist=hierarchical mode=fixed expected_us=10000 max_upper_fanout=0
RESULT distributor=hierarchical mode=fixed expected_us=10000 nodes=32 world_size=1792 max_upper_fanout=0 total_tasks=3531356 elapsed_s=20.0926 throughput_tasks_per_s=175754
MPICH Notice [Rank 0] [job id 5137470.99] [Sun Aug  2 01:45:13 2026] [frontier00045] - Abort(0) (rank 0 in comm 0): application called MPI_Abort(MPI_COMM_WORLD, 0) - process 0
aborting job:
application called MPI_Abort(MPI_COMM_WORLD, 0) - process 0
srun: error: frontier00045: task 0: Exited with exit code 255
srun: Terminating StepId=5137470.99
[2026-08-02T01:45:14.040] error: *** STEP 5137470.99 ON frontier00045 CANCELLED AT 2026-08-02T01:45:14 DUE TO TASK FAILURE ***
srun: error: frontier00045: tasks 1-55: Terminated
srun: error: frontier01577: tasks 672-727: Terminated
srun: Force Terminated StepId=5137470.99
[... 30 further lines matching: srun: error: frontier#: tasks #-#: Terminated ...]
Running frontier nodes=32 ranks_per_node=56 dist=hierarchical mode=fixed expected_us=100000 max_upper_fanout=0
srun: Step created for StepId=5137470.100
RESULT distributor=hierarchical mode=fixed expected_us=100000 nodes=32 world_size=1792 max_upper_fanout=0 total_tasks=362482 elapsed_s=20.803 throughput_tasks_per_s=17424.5
MPICH Notice [Rank 0] [job id 5137470.100] [Sun Aug  2 01:45:36 2026] [frontier00045] - Abort(0) (rank 0 in comm 0): application called MPI_Abort(MPI_COMM_WORLD, 0) - process 0
aborting job:
application called MPI_Abort(MPI_COMM_WORLD, 0) - process 0
srun: error: frontier00045: task 0: Exited with exit code 255
srun: Terminating StepId=5137470.100
[2026-08-02T01:45:36.978] error: *** STEP 5137470.100 ON frontier00045 CANCELLED AT 2026-08-02T01:45:36 DUE TO TASK FAILURE ***
srun: error: frontier00045: tasks 1-55: Terminated
srun: error: frontier00350: tasks 112-167: Terminated
srun: Force Terminated StepId=5137470.100
[... 30 further lines matching: srun: error: frontier#: tasks #-#: Terminated ...]
Running frontier nodes=32 ranks_per_node=56 dist=hierarchical mode=fixed expected_us=1000000 max_upper_fanout=0
srun: Step created for StepId=5137470.101
RESULT distributor=hierarchical mode=fixed expected_us=1000000 nodes=32 world_size=1792 max_upper_fanout=0 total_tasks=45862 elapsed_s=28.0031 throughput_tasks_per_s=1637.75
MPICH Notice [Rank 0] [job id 5137470.101] [Sun Aug  2 01:46:11 2026] [frontier00045] - Abort(0) (rank 0 in comm 0): application called MPI_Abort(MPI_COMM_WORLD, 0) - process 0
aborting job:
application called MPI_Abort(MPI_COMM_WORLD, 0) - process 0
srun: error: frontier00045: task 0: Exited with exit code 255
srun: Terminating StepId=5137470.101
[2026-08-02T01:46:12.084] error: *** STEP 5137470.101 ON frontier00045 CANCELLED AT 2026-08-02T01:46:12 DUE TO TASK FAILURE ***
srun: error: frontier00045: tasks 1-55: Terminated
srun: error: frontier01451: tasks 616-671: Terminated
srun: Force Terminated StepId=5137470.101
[... 30 further lines matching: srun: error: frontier#: tasks #-#: Terminated ...]
Running frontier nodes=32 ranks_per_node=56 dist=hierarchical mode=uniform expected_us=10 max_upper_fanout=0
srun: Step created for StepId=5137470.102
RESULT distributor=hierarchical mode=uniform expected_us=10 nodes=32 world_size=1792 max_upper_fanout=0 total_tasks=35618904 elapsed_s=20.0109 throughput_tasks_per_s=1.77997e+06
MPICH Notice [Rank 0] [job id 5137470.102] [Sun Aug  2 01:46:37 2026] [frontier00045] - Abort(0) (rank 0 in comm 0): application called MPI_Abort(MPI_COMM_WORLD, 0) - process 0
aborting job:
application called MPI_Abort(MPI_COMM_WORLD, 0) - process 0
srun: error: frontier00045: task 0: Exited with exit code 255
srun: Terminating StepId=5137470.102
[2026-08-02T01:46:38.023] error: *** STEP 5137470.102 ON frontier00045 CANCELLED AT 2026-08-02T01:46:38 DUE TO TASK FAILURE ***
srun: error: frontier00045: tasks 1-55: Terminated
srun: error: frontier03458: tasks 1512-1567: Terminated
srun: Force Terminated StepId=5137470.102
[... 30 further lines matching: srun: error: frontier#: tasks #-#: Terminated ...]
Running frontier nodes=32 ranks_per_node=56 dist=hierarchical mode=uniform expected_us=100 max_upper_fanout=0
srun: Step created for StepId=5137470.103
RESULT distributor=hierarchical mode=uniform expected_us=100 nodes=32 world_size=1792 max_upper_fanout=0 total_tasks=19946032 elapsed_s=20.0143 throughput_tasks_per_s=996590
MPICH Notice [Rank 0] [job id 5137470.103] [Sun Aug  2 01:47:01 2026] [frontier00045] - Abort(0) (rank 0 in comm 0): application called MPI_Abort(MPI_COMM_WORLD, 0) - process 0
aborting job:
application called MPI_Abort(MPI_COMM_WORLD, 0) - process 0
srun: error: frontier00045: task 0: Exited with exit code 255
srun: Terminating StepId=5137470.103
[2026-08-02T01:47:02.236] error: *** STEP 5137470.103 ON frontier00045 CANCELLED AT 2026-08-02T01:47:02 DUE TO TASK FAILURE ***
srun: error: frontier00045: tasks 1-55: Terminated
srun: error: frontier03727: tasks 1624-1679: Terminated
srun: Force Terminated StepId=5137470.103
[... 30 further lines matching: srun: error: frontier#: tasks #-#: Terminated ...]
Running frontier nodes=32 ranks_per_node=56 dist=hierarchical mode=uniform expected_us=1000 max_upper_fanout=0
srun: Step created for StepId=5137470.104
RESULT distributor=hierarchical mode=uniform expected_us=1000 nodes=32 world_size=1792 max_upper_fanout=0 total_tasks=35069032 elapsed_s=20.0113 throughput_tasks_per_s=1.75246e+06
MPICH Notice [Rank 0] [job id 5137470.104] [Sun Aug  2 01:47:30 2026] [frontier00045] - Abort(0) (rank 0 in comm 0): application called MPI_Abort(MPI_COMM_WORLD, 0) - process 0
aborting job:
application called MPI_Abort(MPI_COMM_WORLD, 0) - process 0
srun: error: frontier00045: task 0: Exited with exit code 255
srun: Terminating StepId=5137470.104
[2026-08-02T01:47:30.567] error: *** STEP 5137470.104 ON frontier00045 CANCELLED AT 2026-08-02T01:47:30 DUE TO TASK FAILURE ***
srun: error: frontier00045: tasks 1-55: Terminated
srun: error: frontier03458: tasks 1512-1567: Terminated
srun: Force Terminated StepId=5137470.104
[... 30 further lines matching: srun: error: frontier#: tasks #-#: Terminated ...]
Running frontier nodes=32 ranks_per_node=56 dist=hierarchical mode=uniform expected_us=10000 max_upper_fanout=0
RESULT distributor=hierarchical mode=uniform expected_us=10000 nodes=32 world_size=1792 max_upper_fanout=0 total_tasks=3531250 elapsed_s=20.0989 throughput_tasks_per_s=175694
MPICH Notice [Rank 0] [job id 5137470.105] [Sun Aug  2 01:47:52 2026] [frontier00045] - Abort(0) (rank 0 in comm 0): application called MPI_Abort(MPI_COMM_WORLD, 0) - process 0
aborting job:
application called MPI_Abort(MPI_COMM_WORLD, 0) - process 0
srun: error: frontier00045: task 0: Exited with exit code 255
srun: Terminating StepId=5137470.105
[2026-08-02T01:47:53.202] error: *** STEP 5137470.105 ON frontier00045 CANCELLED AT 2026-08-02T01:47:53 DUE TO TASK FAILURE ***
srun: error: frontier00045: tasks 1-55: Terminated
srun: error: frontier03727: tasks 1624-1679: Terminated
srun: Force Terminated StepId=5137470.105
[... 30 further lines matching: srun: error: frontier#: tasks #-#: Terminated ...]
Running frontier nodes=32 ranks_per_node=56 dist=hierarchical mode=uniform expected_us=100000 max_upper_fanout=0
srun: Step created for StepId=5137470.106
RESULT distributor=hierarchical mode=uniform expected_us=100000 nodes=32 world_size=1792 max_upper_fanout=0 total_tasks=363030 elapsed_s=20.9105 throughput_tasks_per_s=17361.1
MPICH Notice [Rank 0] [job id 5137470.106] [Sun Aug  2 01:48:16 2026] [frontier00045] - Abort(0) (rank 0 in comm 0): application called MPI_Abort(MPI_COMM_WORLD, 0) - process 0
aborting job:
application called MPI_Abort(MPI_COMM_WORLD, 0) - process 0
srun: error: frontier00045: task 0: Exited with exit code 255
srun: Terminating StepId=5137470.106
[2026-08-02T01:48:17.784] error: *** STEP 5137470.106 ON frontier00045 CANCELLED AT 2026-08-02T01:48:17 DUE TO TASK FAILURE ***
srun: error: frontier01211: tasks 504-559: Terminated
srun: error: frontier03727: tasks 1624-1679: Terminated
srun: Force Terminated StepId=5137470.106
[... 30 further lines matching: srun: error: frontier#: tasks #-#: Terminated ...]
Running frontier nodes=32 ranks_per_node=56 dist=hierarchical mode=uniform expected_us=1000000 max_upper_fanout=0
RESULT distributor=hierarchical mode=uniform expected_us=1000000 nodes=32 world_size=1792 max_upper_fanout=0 total_tasks=49270 elapsed_s=29.8569 throughput_tasks_per_s=1650.2
MPICH Notice [Rank 0] [job id 5137470.107] [Sun Aug  2 01:48:50 2026] [frontier00045] - Abort(0) (rank 0 in comm 0): application called MPI_Abort(MPI_COMM_WORLD, 0) - process 0
aborting job:
application called MPI_Abort(MPI_COMM_WORLD, 0) - process 0
srun: error: frontier00045: task 0: Exited with exit code 255
srun: Terminating StepId=5137470.107
[2026-08-02T01:48:50.958] error: *** STEP 5137470.107 ON frontier00045 CANCELLED AT 2026-08-02T01:48:50 DUE TO TASK FAILURE ***
srun: error: frontier00045: tasks 1-55: Terminated
srun: error: frontier00678: tasks 280-335: Terminated
srun: Force Terminated StepId=5137470.107
[... 30 further lines matching: srun: error: frontier#: tasks #-#: Terminated ...]
Running frontier nodes=32 ranks_per_node=56 dist=lockfree_rma mode=fixed expected_us=10 max_upper_fanout=-1
RESULT distributor=lockfree_rma mode=fixed expected_us=10 nodes=32 world_size=1792 max_upper_fanout=-1 total_tasks=8747994 elapsed_s=20.0015 throughput_tasks_per_s=437367
MPICH Notice [Rank 0] [job id 5137470.108] [Sun Aug  2 01:49:21 2026] [frontier00045] - Abort(0) (rank 0 in comm 0): application called MPI_Abort(MPI_COMM_WORLD, 0) - process 0
aborting job:
application called MPI_Abort(MPI_COMM_WORLD, 0) - process 0
srun: error: frontier00045: task 0: Exited with exit code 255
srun: Terminating StepId=5137470.108
[2026-08-02T01:49:23.133] error: *** STEP 5137470.108 ON frontier00045 CANCELLED AT 2026-08-02T01:49:23 DUE TO TASK FAILURE ***
srun: error: frontier00045: tasks 1-55: Terminated
srun: error: frontier03986: tasks 1736-1791: Terminated
srun: Force Terminated StepId=5137470.108
[... 30 further lines matching: srun: error: frontier#: tasks #-#: Terminated ...]
Running frontier nodes=32 ranks_per_node=56 dist=lockfree_rma mode=fixed expected_us=100 max_upper_fanout=-1
srun: Step created for StepId=5137470.109
RESULT distributor=lockfree_rma mode=fixed expected_us=100 nodes=32 world_size=1792 max_upper_fanout=-1 total_tasks=8336841 elapsed_s=20.001 throughput_tasks_per_s=416822
MPICH Notice [Rank 0] [job id 5137470.109] [Sun Aug  2 01:49:51 2026] [frontier00045] - Abort(0) (rank 0 in comm 0): application called MPI_Abort(MPI_COMM_WORLD, 0) - process 0
aborting job:
application called MPI_Abort(MPI_COMM_WORLD, 0) - process 0
srun: error: frontier00045: task 0: Exited with exit code 255
srun: Terminating StepId=5137470.109
[2026-08-02T01:49:53.028] error: *** STEP 5137470.109 ON frontier00045 CANCELLED AT 2026-08-02T01:49:53 DUE TO TASK FAILURE ***
srun: error: frontier00045: tasks 1-55: Terminated
srun: error: frontier00678: tasks 280-335: Terminated
srun: Force Terminated StepId=5137470.109
[... 30 further lines matching: srun: error: frontier#: tasks #-#: Terminated ...]
Running frontier nodes=32 ranks_per_node=56 dist=lockfree_rma mode=fixed expected_us=1000 max_upper_fanout=-1
srun: Step created for StepId=5137470.110
RESULT distributor=lockfree_rma mode=fixed expected_us=1000 nodes=32 world_size=1792 max_upper_fanout=-1 total_tasks=8623075 elapsed_s=20.0015 throughput_tasks_per_s=431122
MPICH Notice [Rank 0] [job id 5137470.110] [Sun Aug  2 01:50:25 2026] [frontier00045] - Abort(0) (rank 0 in comm 0): application called MPI_Abort(MPI_COMM_WORLD, 0) - process 0
aborting job:
application called MPI_Abort(MPI_COMM_WORLD, 0) - process 0
srun: error: frontier00045: task 0: Exited with exit code 255
srun: Terminating StepId=5137470.110
[2026-08-02T01:50:27.116] error: *** STEP 5137470.110 ON frontier00045 CANCELLED AT 2026-08-02T01:50:27 DUE TO TASK FAILURE ***
srun: error: frontier00045: tasks 1-55: Terminated
srun: error: frontier03986: tasks 1736-1791: Terminated
srun: Force Terminated StepId=5137470.110
[... 30 further lines matching: srun: error: frontier#: tasks #-#: Terminated ...]
Running frontier nodes=32 ranks_per_node=56 dist=lockfree_rma mode=fixed expected_us=10000 max_upper_fanout=-1
srun: Step created for StepId=5137470.111
RESULT distributor=lockfree_rma mode=fixed expected_us=10000 nodes=32 world_size=1792 max_upper_fanout=-1 total_tasks=3264346 elapsed_s=20.0013 throughput_tasks_per_s=163207
MPICH Notice [Rank 0] [job id 5137470.111] [Sun Aug  2 01:51:02 2026] [frontier00045] - Abort(0) (rank 0 in comm 0): application called MPI_Abort(MPI_COMM_WORLD, 0) - process 0
aborting job:
application called MPI_Abort(MPI_COMM_WORLD, 0) - process 0
srun: error: frontier00045: task 0: Exited with exit code 255
srun: Terminating StepId=5137470.111
[2026-08-02T01:51:03.253] error: *** STEP 5137470.111 ON frontier00045 CANCELLED AT 2026-08-02T01:51:03 DUE TO TASK FAILURE ***
srun: error: frontier00045: tasks 1-55: Terminated
srun: error: frontier01106: tasks 448-503: Terminated
srun: Force Terminated StepId=5137470.111
[... 30 further lines matching: srun: error: frontier#: tasks #-#: Terminated ...]
Running frontier nodes=32 ranks_per_node=56 dist=lockfree_rma mode=fixed expected_us=100000 max_upper_fanout=-1
srun: Step created for StepId=5137470.112
RESULT distributor=lockfree_rma mode=fixed expected_us=100000 nodes=32 world_size=1792 max_upper_fanout=-1 total_tasks=356409 elapsed_s=20.0003 throughput_tasks_per_s=17820.2
MPICH Notice [Rank 0] [job id 5137470.112] [Sun Aug  2 01:51:39 2026] [frontier00045] - Abort(0) (rank 0 in comm 0): application called MPI_Abort(MPI_COMM_WORLD, 0) - process 0
aborting job:
application called MPI_Abort(MPI_COMM_WORLD, 0) - process 0
srun: error: frontier00045: task 0: Exited with exit code 255
srun: Terminating StepId=5137470.112
[2026-08-02T01:51:40.334] error: *** STEP 5137470.112 ON frontier00045 CANCELLED AT 2026-08-02T01:51:40 DUE TO TASK FAILURE ***
srun: error: frontier00045: tasks 1-55: Terminated
srun: error: frontier01887: tasks 784-839: Terminated
srun: Force Terminated StepId=5137470.112
[... 30 further lines matching: srun: error: frontier#: tasks #-#: Terminated ...]
Running frontier nodes=32 ranks_per_node=56 dist=lockfree_rma mode=fixed expected_us=1000000 max_upper_fanout=-1
srun: Step created for StepId=5137470.113
RESULT distributor=lockfree_rma mode=fixed expected_us=1000000 nodes=32 world_size=1792 max_upper_fanout=-1 total_tasks=34029 elapsed_s=20.0001 throughput_tasks_per_s=1701.44
MPICH Notice [Rank 0] [job id 5137470.113] [Sun Aug  2 01:52:15 2026] [frontier00045] - Abort(0) (rank 0 in comm 0): application called MPI_Abort(MPI_COMM_WORLD, 0) - process 0
aborting job:
application called MPI_Abort(MPI_COMM_WORLD, 0) - process 0
srun: error: frontier00045: task 0: Exited with exit code 255
srun: Terminating StepId=5137470.113
[2026-08-02T01:52:16.905] error: *** STEP 5137470.113 ON frontier00045 CANCELLED AT 2026-08-02T01:52:16 DUE TO TASK FAILURE ***
srun: error: frontier00045: tasks 1-55: Terminated
srun: error: frontier03333: tasks 1456-1511: Terminated
srun: Force Terminated StepId=5137470.113
[... 30 further lines matching: srun: error: frontier#: tasks #-#: Terminated ...]
Running frontier nodes=32 ranks_per_node=56 dist=lockfree_rma mode=uniform expected_us=10 max_upper_fanout=-1
srun: Step created for StepId=5137470.114
RESULT distributor=lockfree_rma mode=uniform expected_us=10 nodes=32 world_size=1792 max_upper_fanout=-1 total_tasks=8734243 elapsed_s=20.0013 throughput_tasks_per_s=436683
MPICH Notice [Rank 0] [job id 5137470.114] [Sun Aug  2 01:52:48 2026] [frontier00045] - Abort(0) (rank 0 in comm 0): application called MPI_Abort(MPI_COMM_WORLD, 0) - process 0
aborting job:
application called MPI_Abort(MPI_COMM_WORLD, 0) - process 0
srun: error: frontier00045: task 0: Exited with exit code 255
srun: Terminating StepId=5137470.114
[2026-08-02T01:52:49.627] error: *** STEP 5137470.114 ON frontier00045 CANCELLED AT 2026-08-02T01:52:49 DUE TO TASK FAILURE ***
srun: error: frontier00045: tasks 1-55: Terminated
srun: error: frontier03123: tasks 1344-1399: Terminated
srun: Force Terminated StepId=5137470.114
[... 30 further lines matching: srun: error: frontier#: tasks #-#: Terminated ...]
Running frontier nodes=32 ranks_per_node=56 dist=lockfree_rma mode=uniform expected_us=100 max_upper_fanout=-1
RESULT distributor=lockfree_rma mode=uniform expected_us=100 nodes=32 world_size=1792 max_upper_fanout=-1 total_tasks=8343108 elapsed_s=20.0011 throughput_tasks_per_s=417133
MPICH Notice [Rank 0] [job id 5137470.115] [Sun Aug  2 01:53:18 2026] [frontier00045] - Abort(0) (rank 0 in comm 0): application called MPI_Abort(MPI_COMM_WORLD, 0) - process 0
aborting job:
application called MPI_Abort(MPI_COMM_WORLD, 0) - process 0
srun: error: frontier00045: task 0: Exited with exit code 255
srun: Terminating StepId=5137470.115
[2026-08-02T01:53:19.890] error: *** STEP 5137470.115 ON frontier00045 CANCELLED AT 2026-08-02T01:53:19 DUE TO TASK FAILURE ***
srun: error: frontier00045: tasks 1-55: Terminated
srun: error: frontier02096: tasks 896-951: Terminated
srun: Force Terminated StepId=5137470.115
[... 30 further lines matching: srun: error: frontier#: tasks #-#: Terminated ...]
Running frontier nodes=32 ranks_per_node=56 dist=lockfree_rma mode=uniform expected_us=1000 max_upper_fanout=-1
srun: Step created for StepId=5137470.116
RESULT distributor=lockfree_rma mode=uniform expected_us=1000 nodes=32 world_size=1792 max_upper_fanout=-1 total_tasks=8667401 elapsed_s=20.0013 throughput_tasks_per_s=433342
MPICH Notice [Rank 0] [job id 5137470.116] [Sun Aug  2 01:53:48 2026] [frontier00045] - Abort(0) (rank 0 in comm 0): application called MPI_Abort(MPI_COMM_WORLD, 0) - process 0
aborting job:
application called MPI_Abort(MPI_COMM_WORLD, 0) - process 0
srun: error: frontier00045: task 0: Exited with exit code 255
srun: Terminating StepId=5137470.116
[2026-08-02T01:53:49.701] error: *** STEP 5137470.116 ON frontier00045 CANCELLED AT 2026-08-02T01:53:49 DUE TO TASK FAILURE ***
srun: error: frontier00045: tasks 1-55: Terminated
srun: error: frontier01451: tasks 616-671: Terminated
srun: Force Terminated StepId=5137470.116
[... 30 further lines matching: srun: error: frontier#: tasks #-#: Terminated ...]
Running frontier nodes=32 ranks_per_node=56 dist=lockfree_rma mode=uniform expected_us=10000 max_upper_fanout=-1
srun: Step created for StepId=5137470.117
RESULT distributor=lockfree_rma mode=uniform expected_us=10000 nodes=32 world_size=1792 max_upper_fanout=-1 total_tasks=3406247 elapsed_s=20.0013 throughput_tasks_per_s=170301
MPICH Notice [Rank 0] [job id 5137470.117] [Sun Aug  2 01:54:18 2026] [frontier00045] - Abort(0) (rank 0 in comm 0): application called MPI_Abort(MPI_COMM_WORLD, 0) - process 0
aborting job:
application called MPI_Abort(MPI_COMM_WORLD, 0) - process 0
srun: error: frontier00045: tasks 7,13,17,19,21,27,29,35-36,42-43,45,49-51,53: Bus error
srun: Terminating StepId=5137470.117
[2026-08-02T01:54:18.913] error: *** STEP 5137470.117 ON frontier00045 CANCELLED AT 2026-08-02T01:54:18 DUE TO TASK FAILURE ***
srun: error: frontier00045: tasks 1-6,8-12,14-16,18,20,22-26,28,31-34,37-41,44,46-48,52,54-55: Terminated
srun: error: frontier01451: tasks 616-671: Terminated
srun: error: frontier02998: tasks 1288-1343: Terminated
srun: error: frontier00045: task 0: Exited with exit code 255
srun: error: frontier00045: task 30: Bus error (core dumped)
srun: Force Terminated StepId=5137470.117
[... 29 further lines matching: srun: error: frontier#: tasks #-#: Terminated ...]
Running frontier nodes=32 ranks_per_node=56 dist=lockfree_rma mode=uniform expected_us=100000 max_upper_fanout=-1
RESULT distributor=lockfree_rma mode=uniform expected_us=100000 nodes=32 world_size=1792 max_upper_fanout=-1 total_tasks=355707 elapsed_s=20.0004 throughput_tasks_per_s=17785
MPICH Notice [Rank 0] [job id 5137470.118] [Sun Aug  2 01:54:55 2026] [frontier00045] - Abort(0) (rank 0 in comm 0): application called MPI_Abort(MPI_COMM_WORLD, 0) - process 0
aborting job:
application called MPI_Abort(MPI_COMM_WORLD, 0) - process 0
srun: error: frontier00045: tasks 1-25,27-31,33-36,38,42-44,46-53,55: Bus error
srun: Terminating StepId=5137470.118
[2026-08-02T01:54:55.423] error: *** STEP 5137470.118 ON frontier00045 CANCELLED AT 2026-08-02T01:54:55 DUE TO TASK FAILURE ***
srun: error: frontier00045: tasks 32,37,39-40,45,54: Terminated
srun: error: frontier03123: tasks 1344-1399: Terminated
srun: error: frontier00678: tasks 280-335: Terminated
srun: error: frontier00045: task 0: Exited with exit code 255
srun: error: frontier00045: task 41: Bus error (core dumped)
srun: error: frontier00045: task 26: Bus error (core dumped)
srun: Force Terminated StepId=5137470.118
[... 29 further lines matching: srun: error: frontier#: tasks #-#: Terminated ...]
Running frontier nodes=32 ranks_per_node=56 dist=lockfree_rma mode=uniform expected_us=1000000 max_upper_fanout=-1
RESULT distributor=lockfree_rma mode=uniform expected_us=1000000 nodes=32 world_size=1792 max_upper_fanout=-1 total_tasks=33418 elapsed_s=20.0001 throughput_tasks_per_s=1670.89
MPICH Notice [Rank 0] [job id 5137470.119] [Sun Aug  2 01:55:32 2026] [frontier00045] - Abort(0) (rank 0 in comm 0): application called MPI_Abort(MPI_COMM_WORLD, 0) - process 0
aborting job:
application called MPI_Abort(MPI_COMM_WORLD, 0) - process 0
srun: error: frontier00045: tasks 10,43: Bus error
srun: Terminating StepId=5137470.119
[2026-08-02T01:55:32.787] error: *** STEP 5137470.119 ON frontier00045 CANCELLED AT 2026-08-02T01:55:32 DUE TO TASK FAILURE ***
srun: error: frontier00045: tasks 1-4,6-9,11,13-14,16,18-20,22-36,38-40,46-55: Terminated
srun: error: frontier00045: tasks 5,37,44: Bus error
srun: error: frontier03458: tasks 1512-1567: Terminated
srun: error: frontier00834: tasks 336-391: Terminated
srun: error: frontier00045: task 0: Exited with exit code 255
srun: error: frontier00045: tasks 17,21,42: Bus error (core dumped)
srun: error: frontier00045: task 41: Bus error (core dumped)
srun: error: frontier00045: tasks 12,15,45: Bus error (core dumped)
srun: Force Terminated StepId=5137470.119
[... 29 further lines matching: srun: error: frontier#: tasks #-#: Terminated ...]
Running frontier nodes=32 ranks_per_node=56 dist=hierarchical_lockfree_rma mode=fixed expected_us=10 max_upper_fanout=-1
RESULT distributor=hierarchical_lockfree_rma mode=fixed expected_us=10 nodes=32 world_size=1792 max_upper_fanout=-1 total_tasks=111232297 elapsed_s=20.0003 throughput_tasks_per_s=5.56154e+06
MPICH Notice [Rank 0] [job id 5137470.120] [Sun Aug  2 01:56:26 2026] [frontier00045] - Abort(0) (rank 0 in comm 0): application called MPI_Abort(MPI_COMM_WORLD, 0) - process 0
aborting job:
application called MPI_Abort(MPI_COMM_WORLD, 0) - process 0
srun: error: frontier00045: task 0: Exited with exit code 255
srun: Terminating StepId=5137470.120
[2026-08-02T01:56:27.951] error: *** STEP 5137470.120 ON frontier00045 CANCELLED AT 2026-08-02T01:56:27 DUE TO TASK FAILURE ***
srun: error: frontier00045: tasks 2-55: Terminated
srun: error: frontier01314: tasks 561-615: Terminated
srun: error: frontier00350: task 112: Terminated
srun: error: frontier00045: task 1: Terminated
srun: Force Terminated StepId=5137470.120
[... 30 further lines matching: srun: error: frontier#: tasks #-#: Terminated ...]
[... 30 further lines matching: srun: error: frontier#: task #: Terminated ...]
Running frontier nodes=32 ranks_per_node=56 dist=hierarchical_lockfree_rma mode=fixed expected_us=100 max_upper_fanout=-1
srun: Step created for StepId=5137470.121
RESULT distributor=hierarchical_lockfree_rma mode=fixed expected_us=100 nodes=32 world_size=1792 max_upper_fanout=-1 total_tasks=109256576 elapsed_s=20 throughput_tasks_per_s=5.46282e+06
MPICH Notice [Rank 0] [job id 5137470.121] [Sun Aug  2 01:57:03 2026] [frontier00045] - Abort(0) (rank 0 in comm 0): application called MPI_Abort(MPI_COMM_WORLD, 0) - process 0
aborting job:
application called MPI_Abort(MPI_COMM_WORLD, 0) - process 0
srun: error: frontier00045: task 0: Exited with exit code 255
srun: Terminating StepId=5137470.121
[2026-08-02T01:57:04.997] error: *** STEP 5137470.121 ON frontier00045 CANCELLED AT 2026-08-02T01:57:04 DUE TO TASK FAILURE ***
srun: error: frontier00045: tasks 2-55: Terminated
srun: error: frontier03123: tasks 1345-1399: Terminated
srun: error: frontier00045: task 1: Terminated
srun: error: frontier02749: task 1176: Terminated
srun: Force Terminated StepId=5137470.121
[... 30 further lines matching: srun: error: frontier#: tasks #-#: Terminated ...]
[... 30 further lines matching: srun: error: frontier#: task #: Terminated ...]
Running frontier nodes=32 ranks_per_node=56 dist=hierarchical_lockfree_rma mode=fixed expected_us=1000 max_upper_fanout=-1
RESULT distributor=hierarchical_lockfree_rma mode=fixed expected_us=1000 nodes=32 world_size=1792 max_upper_fanout=-1 total_tasks=31813806 elapsed_s=20.0015 throughput_tasks_per_s=1.59057e+06
MPICH Notice [Rank 0] [job id 5137470.122] [Sun Aug  2 01:57:42 2026] [frontier00045] - Abort(0) (rank 0 in comm 0): application called MPI_Abort(MPI_COMM_WORLD, 0) - process 0
aborting job:
application called MPI_Abort(MPI_COMM_WORLD, 0) - process 0
srun: error: frontier00045: task 0: Exited with exit code 255
srun: Terminating StepId=5137470.122
[2026-08-02T01:57:43.655] error: *** STEP 5137470.122 ON frontier00045 CANCELLED AT 2026-08-02T01:57:43 DUE TO TASK FAILURE ***
srun: error: frontier03986: tasks 1737-1791: Terminated
srun: error: frontier00045: tasks 2-55: Terminated
srun: error: frontier00045: task 1: Terminated
srun: error: frontier03986: task 1736: Terminated
srun: Force Terminated StepId=5137470.122
[... 30 further lines matching: srun: error: frontier#: tasks #-#: Terminated ...]
[... 30 further lines matching: srun: error: frontier#: task #: Terminated ...]
Running frontier nodes=32 ranks_per_node=56 dist=hierarchical_lockfree_rma mode=fixed expected_us=10000 max_upper_fanout=-1
srun: Step created for StepId=5137470.123
RESULT distributor=hierarchical_lockfree_rma mode=fixed expected_us=10000 nodes=32 world_size=1792 max_upper_fanout=-1 total_tasks=3480786 elapsed_s=20.0019 throughput_tasks_per_s=174023
MPICH Notice [Rank 0] [job id 5137470.123] [Sun Aug  2 01:58:19 2026] [frontier00045] - Abort(0) (rank 0 in comm 0): application called MPI_Abort(MPI_COMM_WORLD, 0) - process 0
aborting job:
application called MPI_Abort(MPI_COMM_WORLD, 0) - process 0
srun: error: frontier00045: task 0: Exited with exit code 255
srun: Terminating StepId=5137470.123
[2026-08-02T01:58:20.489] error: *** STEP 5137470.123 ON frontier00045 CANCELLED AT 2026-08-02T01:58:20 DUE TO TASK FAILURE ***
srun: error: frontier01577: tasks 673-727: Terminated
srun: error: frontier01703: tasks 729-783: Terminated
srun: error: frontier00045: task 1: Terminated
srun: error: frontier03727: task 1624: Terminated
srun: Force Terminated StepId=5137470.123
[... 30 further lines matching: srun: error: frontier#: tasks #-#: Terminated ...]
[... 30 further lines matching: srun: error: frontier#: task #: Terminated ...]
Running frontier nodes=32 ranks_per_node=56 dist=hierarchical_lockfree_rma mode=fixed expected_us=100000 max_upper_fanout=-1
srun: Step created for StepId=5137470.124
RESULT distributor=hierarchical_lockfree_rma mode=fixed expected_us=100000 nodes=32 world_size=1792 max_upper_fanout=-1 total_tasks=350041 elapsed_s=20.0005 throughput_tasks_per_s=17501.6
MPICH Notice [Rank 0] [job id 5137470.124] [Sun Aug  2 01:58:56 2026] [frontier00045] - Abort(0) (rank 0 in comm 0): application called MPI_Abort(MPI_COMM_WORLD, 0) - process 0
aborting job:
application called MPI_Abort(MPI_COMM_WORLD, 0) - process 0
srun: error: frontier00045: task 0: Exited with exit code 255
srun: Terminating StepId=5137470.124
[2026-08-02T01:58:57.541] error: *** STEP 5137470.124 ON frontier00045 CANCELLED AT 2026-08-02T01:58:57 DUE TO TASK FAILURE ***
srun: error: frontier02359: tasks 1009-1063: Terminated
srun: error: frontier00045: tasks 2-55: Terminated
srun: error: frontier00045: task 1: Terminated
srun: error: frontier02359: task 1008: Terminated
srun: Force Terminated StepId=5137470.124
[... 30 further lines matching: srun: error: frontier#: tasks #-#: Terminated ...]
[... 30 further lines matching: srun: error: frontier#: task #: Terminated ...]
Running frontier nodes=32 ranks_per_node=56 dist=hierarchical_lockfree_rma mode=fixed expected_us=1000000 max_upper_fanout=-1
srun: Step created for StepId=5137470.125
RESULT distributor=hierarchical_lockfree_rma mode=fixed expected_us=1000000 nodes=32 world_size=1792 max_upper_fanout=-1 total_tasks=33421 elapsed_s=20.0002 throughput_tasks_per_s=1671.04
MPICH Notice [Rank 0] [job id 5137470.125] [Sun Aug  2 01:59:34 2026] [frontier00045] - Abort(0) (rank 0 in comm 0): application called MPI_Abort(MPI_COMM_WORLD, 0) - process 0
aborting job:
application called MPI_Abort(MPI_COMM_WORLD, 0) - process 0
srun: error: frontier00045: task 0: Exited with exit code 255
srun: Terminating StepId=5137470.125
[2026-08-02T01:59:35.476] error: *** STEP 5137470.125 ON frontier00045 CANCELLED AT 2026-08-02T01:59:35 DUE TO TASK FAILURE ***
srun: error: frontier00045: tasks 2-55: Terminated
srun: error: frontier01211: tasks 505-559: Terminated
srun: error: frontier00045: task 1: Terminated
srun: error: frontier03727: task 1624: Terminated
srun: Force Terminated StepId=5137470.125
[... 30 further lines matching: srun: error: frontier#: tasks #-#: Terminated ...]
[... 30 further lines matching: srun: error: frontier#: task #: Terminated ...]
Running frontier nodes=32 ranks_per_node=56 dist=hierarchical_lockfree_rma mode=uniform expected_us=10 max_upper_fanout=-1
srun: Step created for StepId=5137470.126
RESULT distributor=hierarchical_lockfree_rma mode=uniform expected_us=10 nodes=32 world_size=1792 max_upper_fanout=-1 total_tasks=110717691 elapsed_s=20.0016 throughput_tasks_per_s=5.53544e+06
MPICH Notice [Rank 0] [job id 5137470.126] [Sun Aug  2 02:00:11 2026] [frontier00045] - Abort(0) (rank 0 in comm 0): application called MPI_Abort(MPI_COMM_WORLD, 0) - process 0
aborting job:
application called MPI_Abort(MPI_COMM_WORLD, 0) - process 0
srun: error: frontier00045: task 0: Exited with exit code 255
srun: Terminating StepId=5137470.126
[2026-08-02T02:00:12.144] error: *** STEP 5137470.126 ON frontier00045 CANCELLED AT 2026-08-02T02:00:12 DUE TO TASK FAILURE ***
srun: error: frontier00045: tasks 2-55: Terminated
srun: error: frontier03600: tasks 1569-1623: Terminated
srun: error: frontier00045: task 1: Terminated
srun: error: frontier02616: task 1120: Terminated
srun: Force Terminated StepId=5137470.126
[... 30 further lines matching: srun: error: frontier#: tasks #-#: Terminated ...]
[... 30 further lines matching: srun: error: frontier#: task #: Terminated ...]
Running frontier nodes=32 ranks_per_node=56 dist=hierarchical_lockfree_rma mode=uniform expected_us=100 max_upper_fanout=-1
RESULT distributor=hierarchical_lockfree_rma mode=uniform expected_us=100 nodes=32 world_size=1792 max_upper_fanout=-1 total_tasks=108484615 elapsed_s=20.0012 throughput_tasks_per_s=5.42391e+06
MPICH Notice [Rank 0] [job id 5137470.127] [Sun Aug  2 02:00:50 2026] [frontier00045] - Abort(0) (rank 0 in comm 0): application called MPI_Abort(MPI_COMM_WORLD, 0) - process 0
aborting job:
application called MPI_Abort(MPI_COMM_WORLD, 0) - process 0
srun: error: frontier00045: task 0: Exited with exit code 255
srun: Terminating StepId=5137470.127
[2026-08-02T02:00:51.414] error: *** STEP 5137470.127 ON frontier00045 CANCELLED AT 2026-08-02T02:00:51 DUE TO TASK FAILURE ***
srun: error: frontier00570: tasks 225-279: Terminated
srun: error: frontier03727: tasks 1625-1679: Terminated
srun: error: frontier03727: task 1624: Terminated
srun: error: frontier00045: task 1: Terminated
srun: Force Terminated StepId=5137470.127
[... 30 further lines matching: srun: error: frontier#: tasks #-#: Terminated ...]
[... 30 further lines matching: srun: error: frontier#: task #: Terminated ...]
Running frontier nodes=32 ranks_per_node=56 dist=hierarchical_lockfree_rma mode=uniform expected_us=1000 max_upper_fanout=-1
srun: Step created for StepId=5137470.128
RESULT distributor=hierarchical_lockfree_rma mode=uniform expected_us=1000 nodes=32 world_size=1792 max_upper_fanout=-1 total_tasks=32868588 elapsed_s=20.0008 throughput_tasks_per_s=1.64336e+06
MPICH Notice [Rank 0] [job id 5137470.128] [Sun Aug  2 02:01:27 2026] [frontier00045] - Abort(0) (rank 0 in comm 0): application called MPI_Abort(MPI_COMM_WORLD, 0) - process 0
aborting job:
application called MPI_Abort(MPI_COMM_WORLD, 0) - process 0
srun: error: frontier00045: task 0: Exited with exit code 255
srun: Terminating StepId=5137470.128
[2026-08-02T02:01:28.440] error: *** STEP 5137470.128 ON frontier00045 CANCELLED AT 2026-08-02T02:01:28 DUE TO TASK FAILURE ***
srun: error: frontier02616: tasks 1121-1175: Terminated
srun: error: frontier00350: tasks 113-167: Terminated
srun: error: frontier00045: task 1: Terminated
srun: error: frontier02861: task 1232: Terminated
srun: Force Terminated StepId=5137470.128
[... 30 further lines matching: srun: error: frontier#: tasks #-#: Terminated ...]
[... 30 further lines matching: srun: error: frontier#: task #: Terminated ...]
Running frontier nodes=32 ranks_per_node=56 dist=hierarchical_lockfree_rma mode=uniform expected_us=10000 max_upper_fanout=-1
srun: Step created for StepId=5137470.129
RESULT distributor=hierarchical_lockfree_rma mode=uniform expected_us=10000 nodes=32 world_size=1792 max_upper_fanout=-1 total_tasks=3479188 elapsed_s=20.0018 throughput_tasks_per_s=173944
MPICH Notice [Rank 0] [job id 5137470.129] [Sun Aug  2 02:02:04 2026] [frontier00045] - Abort(0) (rank 0 in comm 0): application called MPI_Abort(MPI_COMM_WORLD, 0) - process 0
aborting job:
application called MPI_Abort(MPI_COMM_WORLD, 0) - process 0
srun: error: frontier00045: task 0: Exited with exit code 255
srun: Terminating StepId=5137470.129
[2026-08-02T02:02:05.404] error: *** STEP 5137470.129 ON frontier00045 CANCELLED AT 2026-08-02T02:02:05 DUE TO TASK FAILURE ***
srun: error: frontier00992: tasks 393-447: Terminated
srun: error: frontier00045: tasks 2-55: Terminated
srun: error: frontier00045: task 1: Terminated
srun: error: frontier00992: task 392: Terminated
srun: Force Terminated StepId=5137470.129
[... 30 further lines matching: srun: error: frontier#: tasks #-#: Terminated ...]
[... 30 further lines matching: srun: error: frontier#: task #: Terminated ...]
Running frontier nodes=32 ranks_per_node=56 dist=hierarchical_lockfree_rma mode=uniform expected_us=100000 max_upper_fanout=-1
srun: Step created for StepId=5137470.130
RESULT distributor=hierarchical_lockfree_rma mode=uniform expected_us=100000 nodes=32 world_size=1792 max_upper_fanout=-1 total_tasks=348057 elapsed_s=20.0004 throughput_tasks_per_s=17402.5
MPICH Notice [Rank 0] [job id 5137470.130] [Sun Aug  2 02:02:41 2026] [frontier00045] - Abort(0) (rank 0 in comm 0): application called MPI_Abort(MPI_COMM_WORLD, 0) - process 0
aborting job:
application called MPI_Abort(MPI_COMM_WORLD, 0) - process 0
srun: error: frontier00045: task 0: Exited with exit code 255
srun: Terminating StepId=5137470.130
[2026-08-02T02:02:42.526] error: *** STEP 5137470.130 ON frontier00045 CANCELLED AT 2026-08-02T02:02:42 DUE TO TASK FAILURE ***
srun: error: frontier00045: tasks 2-55: Terminated
srun: error: frontier03878: tasks 1681-1735: Terminated
srun: error: frontier00045: task 1: Terminated
srun: error: frontier00461: task 168: Terminated
srun: Force Terminated StepId=5137470.130
[... 30 further lines matching: srun: error: frontier#: tasks #-#: Terminated ...]
[... 30 further lines matching: srun: error: frontier#: task #: Terminated ...]
Running frontier nodes=32 ranks_per_node=56 dist=hierarchical_lockfree_rma mode=uniform expected_us=1000000 max_upper_fanout=-1
srun: Step created for StepId=5137470.131
RESULT distributor=hierarchical_lockfree_rma mode=uniform expected_us=1000000 nodes=32 world_size=1792 max_upper_fanout=-1 total_tasks=31704 elapsed_s=20.0001 throughput_tasks_per_s=1585.19
MPICH Notice [Rank 0] [job id 5137470.131] [Sun Aug  2 02:03:21 2026] [frontier00045] - Abort(0) (rank 0 in comm 0): application called MPI_Abort(MPI_COMM_WORLD, 0) - process 0
aborting job:
application called MPI_Abort(MPI_COMM_WORLD, 0) - process 0
srun: error: frontier00045: task 0: Exited with exit code 255
srun: Terminating StepId=5137470.131
[2026-08-02T02:03:22.662] error: *** STEP 5137470.131 ON frontier00045 CANCELLED AT 2026-08-02T02:03:22 DUE TO TASK FAILURE ***
srun: error: frontier00045: tasks 2-55: Terminated
srun: error: frontier00992: tasks 398,402-403,411,418,421,423,425,427,429-430,435,440-442,445,447: Terminated
srun: error: frontier00170: tasks 60-62,64,75,79-81,83,86,88,91,94,98,100,102,105-106,109-110: Terminated
srun: error: frontier03600: tasks 1569-1571,1573,1576,1579,1582,1586-1588,1590,1592-1593,1595-1596,1598,1601,1604,1607,1611-1612,1615-1616,1618,1621,1623: Terminated
srun: error: frontier01887: tasks 785-839: Terminated
srun: error: frontier00992: tasks 393-397,399-401,404-410,412-417,419-420,422,424,426,428,431-434,436-439,443-444,446: Terminated
srun: error: frontier03600: tasks 1572,1574-1575,1577-1578,1580-1581,1583-1585,1589,1591,1594,1597,1599-1600,1602-1603,1605-1606,1608-1610,1613-1614,1617,1619-1620,1622: Terminated
srun: error: frontier00170: tasks 57-59,63,65-74,76-78,82,84-85,87,89-90,92-93,95-97,99,101,103-104,107-108,111: Terminated
srun: error: frontier00045: task 1: Terminated
srun: error: frontier01451: task 616: Terminated
srun: Force Terminated StepId=5137470.131
[... 30 further lines matching: srun: error: frontier#: task #: Terminated ...]
[... 27 further lines matching: srun: error: frontier#: tasks #-#: Terminated ...]
Running frontier nodes=32 ranks_per_node=56 dist=hierarchical_lockfree_rma mode=fixed expected_us=10 max_upper_fanout=0
srun: Step created for StepId=5137470.132
RESULT distributor=hierarchical_lockfree_rma mode=fixed expected_us=10 nodes=32 world_size=1792 max_upper_fanout=0 total_tasks=111201851 elapsed_s=20.0002 throughput_tasks_per_s=5.56003e+06
MPICH Notice [Rank 0] [job id 5137470.132] [Sun Aug  2 02:03:58 2026] [frontier00045] - Abort(0) (rank 0 in comm 0): application called MPI_Abort(MPI_COMM_WORLD, 0) - process 0
aborting job:
application called MPI_Abort(MPI_COMM_WORLD, 0) - process 0
srun: error: frontier00045: task 0: Exited with exit code 255
srun: Terminating StepId=5137470.132
[2026-08-02T02:03:59.781] error: *** STEP 5137470.132 ON frontier00045 CANCELLED AT 2026-08-02T02:03:59 DUE TO TASK FAILURE ***
srun: error: frontier00045: tasks 2-55: Terminated
srun: error: frontier02616: tasks 1121-1175: Terminated
srun: error: frontier00045: task 1: Terminated
srun: error: frontier01451: task 616: Terminated
srun: Force Terminated StepId=5137470.132
[... 30 further lines matching: srun: error: frontier#: tasks #-#: Terminated ...]
[... 30 further lines matching: srun: error: frontier#: task #: Terminated ...]
Running frontier nodes=32 ranks_per_node=56 dist=hierarchical_lockfree_rma mode=fixed expected_us=100 max_upper_fanout=0
srun: Step created for StepId=5137470.133
RESULT distributor=hierarchical_lockfree_rma mode=fixed expected_us=100 nodes=32 world_size=1792 max_upper_fanout=0 total_tasks=109308958 elapsed_s=20.0002 throughput_tasks_per_s=5.4654e+06
MPICH Notice [Rank 0] [job id 5137470.133] [Sun Aug  2 02:04:35 2026] [frontier00045] - Abort(0) (rank 0 in comm 0): application called MPI_Abort(MPI_COMM_WORLD, 0) - process 0
aborting job:
application called MPI_Abort(MPI_COMM_WORLD, 0) - process 0
srun: error: frontier00045: task 0: Exited with exit code 255
srun: Terminating StepId=5137470.133
[2026-08-02T02:04:36.737] error: *** STEP 5137470.133 ON frontier00045 CANCELLED AT 2026-08-02T02:04:36 DUE TO TASK FAILURE ***
srun: error: frontier02359: tasks 1009-1063: Terminated
srun: error: frontier01314: tasks 561-615: Terminated
srun: error: frontier02359: task 1008: Terminated
srun: error: frontier01451: task 616: Terminated
srun: Force Terminated StepId=5137470.133
[... 30 further lines matching: srun: error: frontier#: tasks #-#: Terminated ...]
[... 30 further lines matching: srun: error: frontier#: task #: Terminated ...]
Running frontier nodes=32 ranks_per_node=56 dist=hierarchical_lockfree_rma mode=fixed expected_us=1000 max_upper_fanout=0
srun: Step created for StepId=5137470.134
RESULT distributor=hierarchical_lockfree_rma mode=fixed expected_us=1000 nodes=32 world_size=1792 max_upper_fanout=0 total_tasks=31855418 elapsed_s=20.0016 throughput_tasks_per_s=1.59265e+06
MPICH Notice [Rank 0] [job id 5137470.134] [Sun Aug  2 02:05:14 2026] [frontier00045] - Abort(0) (rank 0 in comm 0): application called MPI_Abort(MPI_COMM_WORLD, 0) - process 0
aborting job:
application called MPI_Abort(MPI_COMM_WORLD, 0) - process 0
srun: error: frontier00045: task 0: Exited with exit code 255
srun: Terminating StepId=5137470.134
[2026-08-02T02:05:15.806] error: *** STEP 5137470.134 ON frontier00045 CANCELLED AT 2026-08-02T02:05:15 DUE TO TASK FAILURE ***
srun: error: frontier00045: tasks 2-55: Terminated
srun: error: frontier02998: tasks 1289-1343: Terminated
srun: error: frontier00045: task 1: Terminated
srun: error: frontier03600: task 1568: Terminated
srun: Force Terminated StepId=5137470.134
[... 30 further lines matching: srun: error: frontier#: tasks #-#: Terminated ...]
[... 30 further lines matching: srun: error: frontier#: task #: Terminated ...]
Running frontier nodes=32 ranks_per_node=56 dist=hierarchical_lockfree_rma mode=fixed expected_us=10000 max_upper_fanout=0
RESULT distributor=hierarchical_lockfree_rma mode=fixed expected_us=10000 nodes=32 world_size=1792 max_upper_fanout=0 total_tasks=3480308 elapsed_s=20.0018 throughput_tasks_per_s=174000
MPICH Notice [Rank 0] [job id 5137470.135] [Sun Aug  2 02:05:53 2026] [frontier00045] - Abort(0) (rank 0 in comm 0): application called MPI_Abort(MPI_COMM_WORLD, 0) - process 0
aborting job:
application called MPI_Abort(MPI_COMM_WORLD, 0) - process 0
srun: error: frontier00045: task 0: Exited with exit code 255
srun: Terminating StepId=5137470.135
[2026-08-02T02:05:54.953] error: *** STEP 5137470.135 ON frontier00045 CANCELLED AT 2026-08-02T02:05:54 DUE TO TASK FAILURE ***
srun: error: frontier02998: tasks 1289-1343: Terminated
srun: error: frontier00045: tasks 2-55: Terminated
srun: error: frontier03878: task 1680: Terminated
srun: error: frontier00045: task 1: Terminated
srun: Force Terminated StepId=5137470.135
[... 30 further lines matching: srun: error: frontier#: tasks #-#: Terminated ...]
[... 30 further lines matching: srun: error: frontier#: task #: Terminated ...]
Running frontier nodes=32 ranks_per_node=56 dist=hierarchical_lockfree_rma mode=fixed expected_us=100000 max_upper_fanout=0
srun: Step created for StepId=5137470.136
RESULT distributor=hierarchical_lockfree_rma mode=fixed expected_us=100000 nodes=32 world_size=1792 max_upper_fanout=0 total_tasks=350041 elapsed_s=20.0004 throughput_tasks_per_s=17501.7
MPICH Notice [Rank 0] [job id 5137470.136] [Sun Aug  2 02:06:33 2026] [frontier00045] - Abort(0) (rank 0 in comm 0): application called MPI_Abort(MPI_COMM_WORLD, 0) - process 0
aborting job:
application called MPI_Abort(MPI_COMM_WORLD, 0) - process 0
srun: error: frontier00045: task 0: Exited with exit code 255
srun: Terminating StepId=5137470.136
[2026-08-02T02:06:34.902] error: *** STEP 5137470.136 ON frontier00045 CANCELLED AT 2026-08-02T02:06:34 DUE TO TASK FAILURE ***
srun: error: frontier00350: tasks 113-167: Terminated
srun: error: frontier02861: tasks 1233-1287: Terminated
srun: error: frontier00045: task 1: Terminated
srun: error: frontier01952: task 840: Terminated
srun: Force Terminated StepId=5137470.136
[... 30 further lines matching: srun: error: frontier#: tasks #-#: Terminated ...]
[... 30 further lines matching: srun: error: frontier#: task #: Terminated ...]
Running frontier nodes=32 ranks_per_node=56 dist=hierarchical_lockfree_rma mode=fixed expected_us=1000000 max_upper_fanout=0
srun: Step created for StepId=5137470.137
RESULT distributor=hierarchical_lockfree_rma mode=fixed expected_us=1000000 nodes=32 world_size=1792 max_upper_fanout=0 total_tasks=33421 elapsed_s=20.0001 throughput_tasks_per_s=1671.05
MPICH Notice [Rank 0] [job id 5137470.137] [Sun Aug  2 02:07:10 2026] [frontier00045] - Abort(0) (rank 0 in comm 0): application called MPI_Abort(MPI_COMM_WORLD, 0) - process 0
aborting job:
application called MPI_Abort(MPI_COMM_WORLD, 0) - process 0
srun: error: frontier00045: task 0: Exited with exit code 255
srun: Terminating StepId=5137470.137
[2026-08-02T02:07:11.813] error: *** STEP 5137470.137 ON frontier00045 CANCELLED AT 2026-08-02T02:07:11 DUE TO TASK FAILURE ***
srun: error: frontier00045: tasks 2-55: Terminated
srun: error: frontier00350: tasks 113-167: Terminated
srun: error: frontier00045: task 1: Terminated
srun: error: frontier00350: task 112: Terminated
srun: Force Terminated StepId=5137470.137
[... 30 further lines matching: srun: error: frontier#: tasks #-#: Terminated ...]
[... 30 further lines matching: srun: error: frontier#: task #: Terminated ...]
Running frontier nodes=32 ranks_per_node=56 dist=hierarchical_lockfree_rma mode=uniform expected_us=10 max_upper_fanout=0
srun: Step created for StepId=5137470.138
RESULT distributor=hierarchical_lockfree_rma mode=uniform expected_us=10 nodes=32 world_size=1792 max_upper_fanout=0 total_tasks=110667672 elapsed_s=20.0015 throughput_tasks_per_s=5.53297e+06
MPICH Notice [Rank 0] [job id 5137470.138] [Sun Aug  2 02:07:47 2026] [frontier00045] - Abort(0) (rank 0 in comm 0): application called MPI_Abort(MPI_COMM_WORLD, 0) - process 0
aborting job:
application called MPI_Abort(MPI_COMM_WORLD, 0) - process 0
srun: error: frontier00045: task 0: Exited with exit code 255
srun: Terminating StepId=5137470.138
[2026-08-02T02:07:48.807] error: *** STEP 5137470.138 ON frontier00045 CANCELLED AT 2026-08-02T02:07:48 DUE TO TASK FAILURE ***
srun: error: frontier00678: tasks 281-335: Terminated
srun: error: frontier00045: tasks 2-55: Terminated
srun: error: frontier00045: task 1: Terminated
srun: error: frontier02096: task 896: Terminated
srun: Force Terminated StepId=5137470.138
[... 30 further lines matching: srun: error: frontier#: tasks #-#: Terminated ...]
[... 30 further lines matching: srun: error: frontier#: task #: Terminated ...]
Running frontier nodes=32 ranks_per_node=56 dist=hierarchical_lockfree_rma mode=uniform expected_us=100 max_upper_fanout=0
srun: Step created for StepId=5137470.139
RESULT distributor=hierarchical_lockfree_rma mode=uniform expected_us=100 nodes=32 world_size=1792 max_upper_fanout=0 total_tasks=108149826 elapsed_s=20.0008 throughput_tasks_per_s=5.40727e+06
MPICH Notice [Rank 0] [job id 5137470.139] [Sun Aug  2 02:08:24 2026] [frontier00045] - Abort(0) (rank 0 in comm 0): application called MPI_Abort(MPI_COMM_WORLD, 0) - process 0
aborting job:
application called MPI_Abort(MPI_COMM_WORLD, 0) - process 0
srun: error: frontier00045: task 0: Exited with exit code 255
srun: Terminating StepId=5137470.139
[2026-08-02T02:08:25.747] error: *** STEP 5137470.139 ON frontier00045 CANCELLED AT 2026-08-02T02:08:25 DUE TO TASK FAILURE ***
srun: error: frontier01211: tasks 505-559: Terminated
srun: error: frontier00045: tasks 2-55: Terminated
srun: error: frontier01703: task 728: Terminated
srun: error: frontier00834: task 336: Terminated
srun: Force Terminated StepId=5137470.139
[... 30 further lines matching: srun: error: frontier#: tasks #-#: Terminated ...]
[... 30 further lines matching: srun: error: frontier#: task #: Terminated ...]
Running frontier nodes=32 ranks_per_node=56 dist=hierarchical_lockfree_rma mode=uniform expected_us=1000 max_upper_fanout=0
srun: Step created for StepId=5137470.140
RESULT distributor=hierarchical_lockfree_rma mode=uniform expected_us=1000 nodes=32 world_size=1792 max_upper_fanout=0 total_tasks=32862607 elapsed_s=20.0008 throughput_tasks_per_s=1.64307e+06
MPICH Notice [Rank 0] [job id 5137470.140] [Sun Aug  2 02:09:01 2026] [frontier00045] - Abort(0) (rank 0 in comm 0): application called MPI_Abort(MPI_COMM_WORLD, 0) - process 0
aborting job:
application called MPI_Abort(MPI_COMM_WORLD, 0) - process 0
srun: error: frontier00045: task 0: Exited with exit code 255
srun: Terminating StepId=5137470.140
[2026-08-02T02:09:02.277] error: *** STEP 5137470.140 ON frontier00045 CANCELLED AT 2026-08-02T02:09:02 DUE TO TASK FAILURE ***
srun: error: frontier00045: tasks 2-55: Terminated
srun: error: frontier00170: tasks 57-111: Terminated
srun: error: frontier00170: task 56: Terminated
srun: error: frontier03878: task 1680: Terminated
srun: Force Terminated StepId=5137470.140
[... 30 further lines matching: srun: error: frontier#: tasks #-#: Terminated ...]
[... 30 further lines matching: srun: error: frontier#: task #: Terminated ...]
Running frontier nodes=32 ranks_per_node=56 dist=hierarchical_lockfree_rma mode=uniform expected_us=10000 max_upper_fanout=0
srun: Step created for StepId=5137470.141
RESULT distributor=hierarchical_lockfree_rma mode=uniform expected_us=10000 nodes=32 world_size=1792 max_upper_fanout=0 total_tasks=3479464 elapsed_s=20.0018 throughput_tasks_per_s=173958
MPICH Notice [Rank 0] [job id 5137470.141] [Sun Aug  2 02:09:38 2026] [frontier00045] - Abort(0) (rank 0 in comm 0): application called MPI_Abort(MPI_COMM_WORLD, 0) - process 0
aborting job:
application called MPI_Abort(MPI_COMM_WORLD, 0) - process 0
srun: error: frontier00045: task 0: Exited with exit code 255
srun: Terminating StepId=5137470.141
[2026-08-02T02:09:39.158] error: *** STEP 5137470.141 ON frontier00045 CANCELLED AT 2026-08-02T02:09:39 DUE TO TASK FAILURE ***
srun: error: frontier01106: tasks 449-503: Terminated
srun: error: frontier00045: tasks 2-55: Terminated
srun: error: frontier00045: task 1: Terminated
srun: error: frontier01314: task 560: Terminated
srun: Force Terminated StepId=5137470.141
[... 30 further lines matching: srun: error: frontier#: tasks #-#: Terminated ...]
[... 30 further lines matching: srun: error: frontier#: task #: Terminated ...]
Running frontier nodes=32 ranks_per_node=56 dist=hierarchical_lockfree_rma mode=uniform expected_us=100000 max_upper_fanout=0
srun: Step created for StepId=5137470.142
RESULT distributor=hierarchical_lockfree_rma mode=uniform expected_us=100000 nodes=32 world_size=1792 max_upper_fanout=0 total_tasks=347453 elapsed_s=20.0005 throughput_tasks_per_s=17372.2
MPICH Notice [Rank 0] [job id 5137470.142] [Sun Aug  2 02:10:15 2026] [frontier00045] - Abort(0) (rank 0 in comm 0): application called MPI_Abort(MPI_COMM_WORLD, 0) - process 0
aborting job:
application called MPI_Abort(MPI_COMM_WORLD, 0) - process 0
srun: error: frontier00045: task 0: Exited with exit code 255
srun: Terminating StepId=5137470.142
[2026-08-02T02:10:16.362] error: *** STEP 5137470.142 ON frontier00045 CANCELLED AT 2026-08-02T02:10:16 DUE TO TASK FAILURE ***
srun: error: frontier00461: tasks 169-223: Terminated
srun: error: frontier00170: tasks 57-111: Terminated
srun: error: frontier00045: task 1: Terminated
srun: error: frontier01451: task 616: Terminated
srun: Force Terminated StepId=5137470.142
[... 30 further lines matching: srun: error: frontier#: tasks #-#: Terminated ...]
[... 30 further lines matching: srun: error: frontier#: task #: Terminated ...]
Running frontier nodes=32 ranks_per_node=56 dist=hierarchical_lockfree_rma mode=uniform expected_us=1000000 max_upper_fanout=0
srun: Step created for StepId=5137470.143
RESULT distributor=hierarchical_lockfree_rma mode=uniform expected_us=1000000 nodes=32 world_size=1792 max_upper_fanout=0 total_tasks=32467 elapsed_s=20.0001 throughput_tasks_per_s=1623.34
MPICH Notice [Rank 0] [job id 5137470.143] [Sun Aug  2 02:10:52 2026] [frontier00045] - Abort(0) (rank 0 in comm 0): application called MPI_Abort(MPI_COMM_WORLD, 0) - process 0
aborting job:
application called MPI_Abort(MPI_COMM_WORLD, 0) - process 0
srun: error: frontier00045: task 0: Exited with exit code 255
srun: Terminating StepId=5137470.143
[2026-08-02T02:10:53.422] error: *** STEP 5137470.143 ON frontier00045 CANCELLED AT 2026-08-02T02:10:53 DUE TO TASK FAILURE ***
srun: error: frontier00045: tasks 2-55: Terminated
srun: error: frontier02223: tasks 953-1007: Terminated
srun: error: frontier00045: task 1: Terminated
srun: error: frontier03727: task 1624: Terminated
srun: Force Terminated StepId=5137470.143
[... 30 further lines matching: srun: error: frontier#: tasks #-#: Terminated ...]
[... 30 further lines matching: srun: error: frontier#: task #: Terminated ...]
