Running frontier nodes=128 ranks_per_node=9 dist=hierarchical mode=fixed expected_us=10 max_upper_fanout=4
RESULT distributor=hierarchical mode=fixed expected_us=10 nodes=128 world_size=1152 max_upper_fanout=4 total_tasks=19184460 elapsed_s=20.0041 throughput_tasks_per_s=959029
MPICH Notice [Rank 0] [job id 5138960.0] [Sun Aug  2 04:30:31 2026] [frontier00126] - Abort(0) (rank 0 in comm 0): application called MPI_Abort(MPI_COMM_WORLD, 0) - process 0

aborting job:
application called MPI_Abort(MPI_COMM_WORLD, 0) - process 0
srun: error: frontier00126: task 0: Exited with exit code 255
srun: Terminating StepId=5138960.0
[2026-08-02T04:30:33.644] error: *** STEP 5138960.0 ON frontier00126 CANCELLED AT 2026-08-02T04:30:33 DUE TO TASK FAILURE ***
srun: error: frontier06360: tasks 549-557: Terminated
srun: error: frontier05375: tasks 378-386: Terminated
srun: error: frontier01400: tasks 117-125: Terminated
srun: error: frontier07164: tasks 747-755: Terminated
srun: error: frontier04477: tasks 216-224: Terminated
srun: error: frontier04608: tasks 252-260: Terminated
srun: error: frontier06625: tasks 612-620: Terminated
srun: error: frontier06261: tasks 540-548: Terminated
srun: error: frontier05108: tasks 333-341: Terminated
srun: error: frontier03828: tasks 153-161: Terminated
srun: error: frontier00126: tasks 1-8: Terminated
srun: error: frontier07417: tasks 819-827: Terminated
srun: error: frontier07396: tasks 801-809: Terminated
srun: error: frontier07291: tasks 783-791: Terminated
srun: error: frontier09342: tasks 1116-1124: Terminated
srun: error: frontier06108: tasks 504-512: Terminated
srun: error: frontier06909: tasks 675-683: Terminated
srun: error: frontier04858: tasks 306-314: Terminated
srun: error: frontier06496: tasks 585-593: Terminated
srun: error: frontier08703: tasks 999-1007: Terminated
srun: error: frontier07802: tasks 900-908: Terminated
srun: error: frontier09446: tasks 1125-1133: Terminated
srun: error: frontier07263: tasks 756-764: Terminated
srun: error: frontier00892: tasks 63-71: Terminated
srun: error: frontier05631: tasks 423-431: Terminated
srun: error: frontier01392: tasks 108-116: Terminated
srun: error: frontier06995: tasks 684-692: Terminated
srun: error: frontier06776: tasks 639-647: Terminated
srun: error: frontier00768: tasks 54-62: Terminated
srun: error: frontier07264: tasks 765-773: Terminated
srun: error: frontier07544: tasks 855-863: Terminated
srun: error: frontier03454: tasks 135-143: Terminated
srun: error: frontier06609: tasks 603-611: Terminated
srun: error: frontier04730: tasks 261-269: Terminated
srun: error: frontier04857: tasks 297-305: Terminated
srun: error: frontier08192: tasks 954-962: Terminated
srun: error: frontier00894: tasks 72-80: Terminated
srun: error: frontier07636: tasks 864-872: Terminated
srun: error: frontier05613: tasks 414-422: Terminated
srun: error: frontier07808: tasks 909-917: Terminated
srun: error: frontier05504: tasks 405-413: Terminated
srun: error: frontier06893: tasks 657-665: Terminated
srun: error: frontier05503: tasks 396-404: Terminated
srun: error: frontier07135: tasks 729-737: Terminated
srun: error: frontier06107: tasks 495-503: Terminated
srun: error: frontier06900: tasks 666-674: Terminated
srun: error: frontier03968: tasks 162-170: Terminated
srun: error: frontier03711: tasks 144-152: Terminated
srun: error: frontier05098: tasks 315-323: Terminated
srun: error: frontier06769: tasks 621-629: Terminated
srun: error: frontier05373: tasks 360-368: Terminated
srun: error: frontier05111: tasks 342-350: Terminated
srun: error: frontier09449: tasks 1134-1142: Terminated
srun: error: frontier07935: tasks 927-935: Terminated
srun: error: frontier09215: tasks 1098-1106: Terminated
srun: error: frontier06395: tasks 567-575: Terminated
srun: error: frontier04596: tasks 225-233: Terminated
srun: error: frontier08702: tasks 990-998: Terminated
srun: error: frontier07398: tasks 810-818: Terminated
srun: error: frontier06397: tasks 576-584: Terminated
srun: error: frontier04853: tasks 288-296: Terminated
srun: error: frontier09088: tasks 1080-1088: Terminated
srun: error: frontier08704: tasks 1008-1016: Terminated
srun: error: frontier09086: tasks 1071-1079: Terminated
srun: error: frontier05103: tasks 324-332: Terminated
srun: error: frontier05966: tasks 468-476: Terminated
srun: error: frontier04471: tasks 207-215: Terminated
srun: error: frontier05632: tasks 432-440: Terminated
srun: error: frontier07039: tasks 711-719: Terminated
srun: error: frontier07290: tasks 774-782: Terminated
srun: error: frontier06526: tasks 594-602: Terminated
srun: error: frontier04848: tasks 279-287: Terminated
srun: error: frontier03440: tasks 126-134: Terminated
srun: error: frontier07675: tasks 891-899: Terminated
srun: error: frontier08957: tasks 1035-1043: Terminated
srun: error: frontier08958: tasks 1044-1052: Terminated
srun: error: frontier08064: tasks 945-953: Terminated
srun: error: frontier07543: tasks 846-854: Terminated
srun: error: frontier05866: tasks 450-458: Terminated
srun: error: frontier08959: tasks 1053-1061: Terminated
srun: error: frontier05502: tasks 387-395: Terminated
srun: error: frontier07511: tasks 828-836: Terminated
srun: error: frontier04352: tasks 189-197: Terminated
srun: error: frontier08575: tasks 981-989: Terminated
srun: error: frontier06238: tasks 531-539: Terminated
srun: error: frontier05371: tasks 351-359: Terminated
srun: error: frontier09085: tasks 1062-1070: Terminated
srun: error: frontier07674: tasks 882-890: Terminated
srun: error: frontier08574: tasks 972-980: Terminated
srun: error: frontier07163: tasks 738-746: Terminated
srun: error: frontier08573: tasks 963-971: Terminated
srun: error: frontier07037: tasks 702-710: Terminated
srun: error: frontier04468: tasks 198-206: Terminated
srun: error: frontier07134: tasks 720-728: Terminated
srun: error: frontier09216: tasks 1107-1115: Terminated
srun: error: frontier05862: tasks 441-449: Terminated
srun: error: frontier08038: tasks 936-944: Terminated
srun: error: frontier07513: tasks 837-845: Terminated
srun: error: frontier00379: tasks 9-17: Terminated
srun: error: frontier01391: tasks 99-107: Terminated
srun: error: frontier07934: tasks 918-926: Terminated
srun: error: frontier00638: tasks 36-44: Terminated
srun: error: frontier07005: tasks 693-701: Terminated
srun: error: frontier06778: tasks 648-656: Terminated
srun: error: frontier07384: tasks 792-800: Terminated
srun: error: frontier04598: tasks 234-242: Terminated
srun: error: frontier05997: tasks 486-494: Terminated
srun: error: frontier00896: tasks 90-98: Terminated
srun: error: frontier05990: tasks 477-485: Terminated
srun: error: frontier04607: tasks 243-251: Terminated
srun: error: frontier06775: tasks 630-638: Terminated
srun: error: frontier08831: tasks 1017-1025: Terminated
srun: error: frontier04731: tasks 270-278: Terminated
srun: error: frontier06228: tasks 522-530: Terminated
srun: error: frontier00636: tasks 18-26: Terminated
srun: error: frontier00637: tasks 27-35: Terminated
srun: error: frontier07651: tasks 873-881: Terminated
srun: error: frontier06372: tasks 558-566: Terminated
srun: error: frontier05867: tasks 459-467: Terminated
srun: error: frontier09212: tasks 1089-1097: Terminated
srun: error: frontier00640: tasks 45-53: Terminated
srun: error: frontier08832: tasks 1026-1034: Terminated
srun: error: frontier09458: tasks 1143-1151: Terminated
srun: error: frontier05374: tasks 369-377: Terminated
srun: error: frontier00895: tasks 81-89: Terminated
srun: error: frontier04224: tasks 171-179: Terminated
srun: error: frontier06210: tasks 513-521: Terminated
srun: error: frontier04351: tasks 180-188: Terminated
srun: Force Terminated StepId=5138960.0
Running frontier nodes=128 ranks_per_node=9 dist=hierarchical mode=fixed expected_us=100 max_upper_fanout=4
srun: Step created for StepId=5138960.1
RESULT distributor=hierarchical mode=fixed expected_us=100 nodes=128 world_size=1152 max_upper_fanout=4 total_tasks=15969560 elapsed_s=20.0046 throughput_tasks_per_s=798293
MPICH Notice [Rank 0] [job id 5138960.1] [Sun Aug  2 04:30:54 2026] [frontier00126] - Abort(0) (rank 0 in comm 0): application called MPI_Abort(MPI_COMM_WORLD, 0) - process 0

aborting job:
application called MPI_Abort(MPI_COMM_WORLD, 0) - process 0
srun: error: frontier00126: task 0: Exited with exit code 255
srun: Terminating StepId=5138960.1
[2026-08-02T04:30:55.148] error: *** STEP 5138960.1 ON frontier00126 CANCELLED AT 2026-08-02T04:30:55 DUE TO TASK FAILURE ***
srun: error: frontier09446: tasks 1125-1133: Terminated
srun: error: frontier00638: tasks 36-44: Terminated
srun: error: frontier00126: tasks 1-8: Terminated
srun: error: frontier06909: tasks 675-683: Terminated
srun: error: frontier05375: tasks 378-386: Terminated
srun: error: frontier05373: tasks 360-368: Terminated
srun: error: frontier08958: tasks 1044-1052: Terminated
srun: error: frontier09449: tasks 1134-1142: Terminated
srun: error: frontier03711: tasks 144-152: Terminated
srun: error: frontier05098: tasks 315-323: Terminated
srun: error: frontier09088: tasks 1080-1088: Terminated
srun: error: frontier06995: tasks 684-692: Terminated
srun: error: frontier06108: tasks 504-512: Terminated
srun: error: frontier06778: tasks 648-656: Terminated
srun: error: frontier06360: tasks 549-557: Terminated
srun: error: frontier05374: tasks 369-377: Terminated
srun: error: frontier04857: tasks 297-305: Terminated
srun: error: frontier00892: tasks 63-71: Terminated
srun: error: frontier04598: tasks 234-242: Terminated
srun: error: frontier04607: tasks 243-251: Terminated
srun: error: frontier01400: tasks 117-125: Terminated
srun: error: frontier06776: tasks 639-647: Terminated
srun: error: frontier05504: tasks 405-413: Terminated
srun: error: frontier07417: tasks 819-827: Terminated
srun: error: frontier09086: tasks 1071-1079: Terminated
srun: error: frontier06395: tasks 567-575: Terminated
srun: error: frontier05613: tasks 414-422: Terminated
srun: error: frontier07544: tasks 855-863: Terminated
srun: error: frontier00637: tasks 27-35: Terminated
srun: error: frontier06775: tasks 630-638: Terminated
srun: error: frontier06900: tasks 666-674: Terminated
srun: error: frontier04352: tasks 189-197: Terminated
srun: error: frontier07651: tasks 873-881: Terminated
srun: error: frontier08702: tasks 990-998: Terminated
srun: error: frontier07291: tasks 783-791: Terminated
srun: error: frontier04858: tasks 306-314: Terminated
srun: error: frontier04730: tasks 261-269: Terminated
srun: error: frontier03968: tasks 162-170: Terminated
srun: error: frontier06893: tasks 657-665: Terminated
srun: error: frontier07396: tasks 801-809: Terminated
srun: error: frontier00768: tasks 54-62: Terminated
srun: error: frontier00896: tasks 90-98: Terminated
srun: error: frontier01391: tasks 99-107: Terminated
srun: error: frontier07675: tasks 891-899: Terminated
srun: error: frontier06228: tasks 522-530: Terminated
srun: error: frontier07674: tasks 882-890: Terminated
srun: error: frontier00895: tasks 81-89: Terminated
srun: error: frontier04596: tasks 225-233: Terminated
srun: error: frontier07808: tasks 909-917: Terminated
srun: error: frontier05867: tasks 459-467: Terminated
srun: error: frontier05108: tasks 333-341: Terminated
srun: error: frontier09215: tasks 1098-1106: Terminated
srun: error: frontier08832: tasks 1026-1034: Terminated
srun: error: frontier04608: tasks 252-260: Terminated
srun: error: frontier07134: tasks 720-728: Terminated
srun: error: frontier06526: tasks 594-602: Terminated
srun: error: frontier05862: tasks 441-449: Terminated
srun: error: frontier00636: tasks 18-26: Terminated
srun: error: frontier07636: tasks 864-872: Terminated
srun: error: frontier06609: tasks 603-611: Terminated
srun: error: frontier04471: tasks 207-215: Terminated
srun: error: frontier06769: tasks 621-629: Terminated
srun: error: frontier08957: tasks 1035-1043: Terminated
srun: error: frontier05990: tasks 477-485: Terminated
srun: error: frontier07263: tasks 756-764: Terminated
srun: error: frontier06397: tasks 576-584: Terminated
srun: error: frontier04853: tasks 288-296: Terminated
srun: error: frontier05371: tasks 351-359: Terminated
srun: error: frontier06107: tasks 495-503: Terminated
srun: error: frontier03440: tasks 126-134: Terminated
srun: error: frontier05632: tasks 432-440: Terminated
srun: error: frontier07039: tasks 711-719: Terminated
srun: error: frontier05631: tasks 423-431: Terminated
srun: error: frontier08959: tasks 1053-1061: Terminated
srun: error: frontier05502: tasks 387-395: Terminated
srun: error: frontier08573: tasks 963-971: Terminated
srun: error: frontier06210: tasks 513-521: Terminated
srun: error: frontier00379: tasks 9-17: Terminated
srun: error: frontier04351: tasks 180-188: Terminated
srun: error: frontier01392: tasks 108-116: Terminated
srun: error: frontier08575: tasks 981-989: Terminated
srun: error: frontier05503: tasks 396-404: Terminated
srun: error: frontier04477: tasks 216-224: Terminated
srun: error: frontier07163: tasks 738-746: Terminated
srun: error: frontier00640: tasks 45-53: Terminated
srun: error: frontier06261: tasks 540-548: Terminated
srun: error: frontier05966: tasks 468-476: Terminated
srun: error: frontier05866: tasks 450-458: Terminated
srun: error: frontier05103: tasks 324-332: Terminated
srun: error: frontier09085: tasks 1062-1070: Terminated
srun: error: frontier03828: tasks 153-161: Terminated
srun: error: frontier08574: tasks 972-980: Terminated
srun: error: frontier07543: tasks 846-854: Terminated
srun: error: frontier07511: tasks 828-836: Terminated
srun: error: frontier07037: tasks 702-710: Terminated
srun: error: frontier08704: tasks 1008-1016: Terminated
srun: error: frontier05111: tasks 342-350: Terminated
srun: error: frontier09216: tasks 1107-1115: Terminated
srun: error: frontier04224: tasks 171-179: Terminated
srun: error: frontier06496: tasks 585-593: Terminated
srun: error: frontier04731: tasks 270-278: Terminated
srun: error: frontier04848: tasks 279-287: Terminated
srun: error: frontier06238: tasks 531-539: Terminated
srun: error: frontier07513: tasks 837-845: Terminated
srun: error: frontier04468: tasks 198-206: Terminated
srun: error: frontier00894: tasks 72-80: Terminated
srun: error: frontier07135: tasks 729-737: Terminated
srun: error: frontier09458: tasks 1143-1151: Terminated
srun: error: frontier08831: tasks 1017-1025: Terminated
srun: error: frontier08064: tasks 945-953: Terminated
srun: error: frontier09342: tasks 1116-1124: Terminated
srun: error: frontier06625: tasks 612-620: Terminated
srun: error: frontier05997: tasks 486-494: Terminated
srun: error: frontier09212: tasks 1089-1097: Terminated
srun: error: frontier07164: tasks 747-755: Terminated
srun: error: frontier07934: tasks 918-926: Terminated
srun: error: frontier07935: tasks 927-935: Terminated
srun: error: frontier07290: tasks 774-782: Terminated
srun: error: frontier03454: tasks 135-143: Terminated
srun: error: frontier07384: tasks 792-800: Terminated
srun: error: frontier07005: tasks 693-701: Terminated
srun: error: frontier08703: tasks 999-1007: Terminated
srun: error: frontier07802: tasks 900-908: Terminated
srun: error: frontier06372: tasks 558-566: Terminated
srun: error: frontier08192: tasks 954-962: Terminated
srun: error: frontier07264: tasks 765-773: Terminated
srun: error: frontier07398: tasks 810-818: Terminated
srun: error: frontier08038: tasks 936-944: Terminated
srun: Force Terminated StepId=5138960.1
Running frontier nodes=128 ranks_per_node=9 dist=hierarchical mode=fixed expected_us=1000 max_upper_fanout=4
srun: Step created for StepId=5138960.2
RESULT distributor=hierarchical mode=fixed expected_us=1000 nodes=128 world_size=1152 max_upper_fanout=4 total_tasks=20394414 elapsed_s=20.0088 throughput_tasks_per_s=1.01927e+06
MPICH Notice [Rank 0] [job id 5138960.2] [Sun Aug  2 04:31:27 2026] [frontier00126] - Abort(0) (rank 0 in comm 0): application called MPI_Abort(MPI_COMM_WORLD, 0) - process 0

aborting job:
application called MPI_Abort(MPI_COMM_WORLD, 0) - process 0
srun: error: frontier00126: task 0: Exited with exit code 255
srun: Terminating StepId=5138960.2
[2026-08-02T04:31:27.663] error: *** STEP 5138960.2 ON frontier00126 CANCELLED AT 2026-08-02T04:31:27 DUE TO TASK FAILURE ***
srun: error: frontier00895: tasks 81-89: Terminated
srun: error: frontier00126: tasks 1-8: Terminated
srun: error: frontier00892: tasks 63-71: Terminated
srun: error: frontier07651: tasks 873-881: Terminated
srun: error: frontier07808: tasks 909-917: Terminated
srun: error: frontier05867: tasks 459-467: Terminated
srun: error: frontier07163: tasks 738-746: Terminated
srun: error: frontier03440: tasks 126-134: Terminated
srun: error: frontier04731: tasks 270-278: Terminated
srun: error: frontier04858: tasks 306-314: Terminated
srun: error: frontier06238: tasks 531-539: Terminated
srun: error: frontier05375: tasks 378-386: Terminated
srun: error: frontier06775: tasks 630-638: Terminated
srun: error: frontier06776: tasks 639-647: Terminated
srun: error: frontier04857: tasks 297-305: Terminated
srun: error: frontier06995: tasks 684-692: Terminated
srun: error: frontier05111: tasks 342-350: Terminated
srun: error: frontier00637: tasks 27-35: Terminated
srun: error: frontier09342: tasks 1116-1124: Terminated
srun: error: frontier07134: tasks 720-728: Terminated
srun: error: frontier01392: tasks 108-116: Terminated
srun: error: frontier05108: tasks 333-341: Terminated
srun: error: frontier08702: tasks 990-998: Terminated
srun: error: frontier06769: tasks 621-629: Terminated
srun: error: frontier07417: tasks 819-827: Terminated
srun: error: frontier05098: tasks 315-323: Terminated
srun: error: frontier08959: tasks 1053-1061: Terminated
srun: error: frontier06107: tasks 495-503: Terminated
srun: error: frontier00640: tasks 45-53: Terminated
srun: error: frontier08832: tasks 1026-1034: Terminated
srun: error: frontier07935: tasks 927-935: Terminated
srun: error: frontier07396: tasks 801-809: Terminated
srun: error: frontier07675: tasks 891-899: Terminated
srun: error: frontier00638: tasks 36-44: Terminated
srun: error: frontier04352: tasks 189-197: Terminated
srun: error: frontier07264: tasks 765-773: Terminated
srun: error: frontier07513: tasks 837-845: Terminated
srun: error: frontier06228: tasks 522-530: Terminated
srun: error: frontier05997: tasks 486-494: Terminated
srun: error: frontier06609: tasks 603-611: Terminated
srun: error: frontier04848: tasks 279-287: Terminated
srun: error: frontier06893: tasks 657-665: Terminated
srun: error: frontier04224: tasks 171-179: Terminated
srun: error: frontier05966: tasks 468-476: Terminated
srun: error: frontier04853: tasks 288-296: Terminated
srun: error: frontier04351: tasks 180-188: Terminated
srun: error: frontier07291: tasks 783-791: Terminated
srun: error: frontier08575: tasks 981-989: Terminated
srun: error: frontier00768: tasks 54-62: Terminated
srun: error: frontier05103: tasks 324-332: Terminated
srun: error: frontier07636: tasks 864-872: Terminated
srun: error: frontier06372: tasks 558-566: Terminated
srun: error: frontier06108: tasks 504-512: Terminated
srun: error: frontier07037: tasks 702-710: Terminated
srun: error: frontier05503: tasks 396-404: Terminated
srun: error: frontier06909: tasks 675-683: Terminated
srun: error: frontier08831: tasks 1017-1025: Terminated
srun: error: frontier06496: tasks 585-593: Terminated
srun: error: frontier04598: tasks 234-242: Terminated
srun: error: frontier07290: tasks 774-782: Terminated
srun: error: frontier07511: tasks 828-836: Terminated
srun: error: frontier07674: tasks 882-890: Terminated
srun: error: frontier05374: tasks 369-377: Terminated
srun: error: frontier03711: tasks 144-152: Terminated
srun: error: frontier09215: tasks 1098-1106: Terminated
srun: error: frontier07263: tasks 756-764: Terminated
srun: error: frontier04468: tasks 198-206: Terminated
srun: error: frontier08573: tasks 963-971: Terminated
srun: error: frontier05502: tasks 387-395: Terminated
srun: error: frontier09458: tasks 1143-1151: Terminated
srun: error: frontier07384: tasks 792-800: Terminated
srun: error: frontier07164: tasks 747-755: Terminated
srun: error: frontier06261: tasks 540-548: Terminated
srun: error: frontier06360: tasks 549-557: Terminated
srun: error: frontier04730: tasks 261-269: Terminated
srun: error: frontier09088: tasks 1080-1088: Terminated
srun: error: frontier05862: tasks 441-449: Terminated
srun: error: frontier05631: tasks 423-431: Terminated
srun: error: frontier04607: tasks 243-251: Terminated
srun: error: frontier07802: tasks 900-908: Terminated
srun: error: frontier01391: tasks 99-107: Terminated
srun: error: frontier06210: tasks 513-521: Terminated
srun: error: frontier05373: tasks 360-368: Terminated
srun: error: frontier03828: tasks 153-161: Terminated
srun: error: frontier05990: tasks 477-485: Terminated
srun: error: frontier08958: tasks 1044-1052: Terminated
srun: error: frontier08703: tasks 999-1007: Terminated
srun: error: frontier00379: tasks 9-17: Terminated
srun: error: frontier07005: tasks 693-701: Terminated
srun: error: frontier05632: tasks 432-440: Terminated
srun: error: frontier07543: tasks 846-854: Terminated
srun: error: frontier09086: tasks 1071-1079: Terminated
srun: error: frontier06395: tasks 567-575: Terminated
srun: error: frontier05613: tasks 414-422: Terminated
srun: error: frontier05866: tasks 450-458: Terminated
srun: error: frontier06778: tasks 648-656: Terminated
srun: error: frontier00896: tasks 90-98: Terminated
srun: error: frontier04471: tasks 207-215: Terminated
srun: error: frontier08064: tasks 945-953: Terminated
srun: error: frontier06625: tasks 612-620: Terminated
srun: error: frontier09449: tasks 1134-1142: Terminated
srun: error: frontier07135: tasks 729-737: Terminated
srun: error: frontier07544: tasks 855-863: Terminated
srun: error: frontier06900: tasks 666-674: Terminated
srun: error: frontier05371: tasks 351-359: Terminated
srun: error: frontier00636: tasks 18-26: Terminated
srun: error: frontier04477: tasks 216-224: Terminated
srun: error: frontier06397: tasks 576-584: Terminated
srun: error: frontier03968: tasks 162-170: Terminated
srun: error: frontier08704: tasks 1008-1016: Terminated
srun: error: frontier08038: tasks 936-944: Terminated
srun: error: frontier04608: tasks 252-260: Terminated
srun: error: frontier00894: tasks 72-80: Terminated
srun: error: frontier09212: tasks 1089-1097: Terminated
srun: error: frontier08192: tasks 954-962: Terminated
srun: error: frontier09216: tasks 1107-1115: Terminated
srun: error: frontier07039: tasks 711-719: Terminated
srun: error: frontier07934: tasks 918-926: Terminated
srun: error: frontier04596: tasks 225-233: Terminated
srun: error: frontier09446: tasks 1125-1133: Terminated
srun: error: frontier03454: tasks 135-143: Terminated
srun: error: frontier01400: tasks 117-125: Terminated
srun: error: frontier07398: tasks 810-818: Terminated
srun: error: frontier09085: tasks 1062-1070: Terminated
srun: error: frontier05504: tasks 405-413: Terminated
srun: error: frontier08957: tasks 1035-1043: Terminated
srun: error: frontier08574: tasks 972-980: Terminated
srun: error: frontier06526: tasks 594-602: Terminated
srun: Force Terminated StepId=5138960.2
Running frontier nodes=128 ranks_per_node=9 dist=hierarchical mode=uniform expected_us=10 max_upper_fanout=4
srun: Step created for StepId=5138960.3
RESULT distributor=hierarchical mode=uniform expected_us=10 nodes=128 world_size=1152 max_upper_fanout=4 total_tasks=19873346 elapsed_s=20.0032 throughput_tasks_per_s=993508
MPICH Notice [Rank 0] [job id 5138960.3] [Sun Aug  2 04:31:51 2026] [frontier00126] - Abort(0) (rank 0 in comm 0): application called MPI_Abort(MPI_COMM_WORLD, 0) - process 0

aborting job:
application called MPI_Abort(MPI_COMM_WORLD, 0) - process 0
srun: error: frontier00126: task 0: Exited with exit code 255
srun: Terminating StepId=5138960.3
[2026-08-02T04:31:52.136] error: *** STEP 5138960.3 ON frontier00126 CANCELLED AT 2026-08-02T04:31:52 DUE TO TASK FAILURE ***
srun: error: frontier00126: tasks 1-8: Terminated
srun: error: frontier00640: tasks 45-53: Terminated
srun: error: frontier04352: tasks 189-197: Terminated
srun: error: frontier00379: tasks 9-17: Terminated
srun: error: frontier04468: tasks 198-206: Terminated
srun: error: frontier08958: tasks 1044-1052: Terminated
srun: error: frontier05375: tasks 378-386: Terminated
srun: error: frontier05108: tasks 333-341: Terminated
srun: error: frontier07134: tasks 720-728: Terminated
srun: error: frontier05504: tasks 405-413: Terminated
srun: error: frontier04858: tasks 306-314: Terminated
srun: error: frontier06625: tasks 612-620: Terminated
srun: error: frontier07135: tasks 729-737: Terminated
srun: error: frontier00896: tasks 90-98: Terminated
srun: error: frontier04351: tasks 180-188: Terminated
srun: error: frontier09088: tasks 1080-1088: Terminated
srun: error: frontier09085: tasks 1062-1070: Terminated
srun: error: frontier04598: tasks 234-242: Terminated
srun: error: frontier05997: tasks 486-494: Terminated
srun: error: frontier08192: tasks 954-962: Terminated
srun: error: frontier03828: tasks 153-161: Terminated
srun: error: frontier04731: tasks 270-278: Terminated
srun: error: frontier05966: tasks 468-476: Terminated
srun: error: frontier08702: tasks 990-998: Terminated
srun: error: frontier08574: tasks 972-980: Terminated
srun: error: frontier00892: tasks 63-71: Terminated
srun: error: frontier04471: tasks 207-215: Terminated
srun: error: frontier04607: tasks 243-251: Terminated
srun: error: frontier01400: tasks 117-125: Terminated
srun: error: frontier07396: tasks 801-809: Terminated
srun: error: frontier07037: tasks 702-710: Terminated
srun: error: frontier04608: tasks 252-260: Terminated
srun: error: frontier05111: tasks 342-350: Terminated
srun: error: frontier00895: tasks 81-89: Terminated
srun: error: frontier05862: tasks 441-449: Terminated
srun: error: frontier06900: tasks 666-674: Terminated
srun: error: frontier07513: tasks 837-845: Terminated
srun: error: frontier00638: tasks 36-44: Terminated
srun: error: frontier07290: tasks 774-782: Terminated
srun: error: frontier06778: tasks 648-656: Terminated
srun: error: frontier03711: tasks 144-152: Terminated
srun: error: frontier00894: tasks 72-80: Terminated
srun: error: frontier00637: tasks 27-35: Terminated
srun: error: frontier07417: tasks 819-827: Terminated
srun: error: frontier07808: tasks 909-917: Terminated
srun: error: frontier03454: tasks 135-143: Terminated
srun: error: frontier05502: tasks 387-395: Terminated
srun: error: frontier08831: tasks 1017-1025: Terminated
srun: error: frontier07398: tasks 810-818: Terminated
srun: error: frontier06107: tasks 495-503: Terminated
srun: error: frontier04730: tasks 261-269: Terminated
srun: error: frontier05867: tasks 459-467: Terminated
srun: error: frontier06609: tasks 603-611: Terminated
srun: error: frontier09215: tasks 1098-1106: Terminated
srun: error: frontier08959: tasks 1053-1061: Terminated
srun: error: frontier07384: tasks 792-800: Terminated
srun: error: frontier05866: tasks 450-458: Terminated
srun: error: frontier04857: tasks 297-305: Terminated
srun: error: frontier06995: tasks 684-692: Terminated
srun: error: frontier05503: tasks 396-404: Terminated
srun: error: frontier09216: tasks 1107-1115: Terminated
srun: error: frontier09342: tasks 1116-1124: Terminated
srun: error: frontier06496: tasks 585-593: Terminated
srun: error: frontier07263: tasks 756-764: Terminated
srun: error: frontier05613: tasks 414-422: Terminated
srun: error: frontier05098: tasks 315-323: Terminated
srun: error: frontier05103: tasks 324-332: Terminated
srun: error: frontier06397: tasks 576-584: Terminated
srun: error: frontier06372: tasks 558-566: Terminated
srun: error: frontier07291: tasks 783-791: Terminated
srun: error: frontier07039: tasks 711-719: Terminated
srun: error: frontier05631: tasks 423-431: Terminated
srun: error: frontier06769: tasks 621-629: Terminated
srun: error: frontier07935: tasks 927-935: Terminated
srun: error: frontier01391: tasks 99-107: Terminated
srun: error: frontier03968: tasks 162-170: Terminated
srun: error: frontier08704: tasks 1008-1016: Terminated
srun: error: frontier09086: tasks 1071-1079: Terminated
srun: error: frontier05632: tasks 432-440: Terminated
srun: error: frontier06228: tasks 522-530: Terminated
srun: error: frontier00636: tasks 18-26: Terminated
srun: error: frontier07934: tasks 918-926: Terminated
srun: error: frontier06775: tasks 630-638: Terminated
srun: error: frontier06108: tasks 504-512: Terminated
srun: error: frontier06395: tasks 567-575: Terminated
srun: error: frontier05373: tasks 360-368: Terminated
srun: error: frontier05374: tasks 369-377: Terminated
srun: error: frontier06261: tasks 540-548: Terminated
srun: error: frontier07543: tasks 846-854: Terminated
srun: error: frontier07674: tasks 882-890: Terminated
srun: error: frontier07636: tasks 864-872: Terminated
srun: error: frontier04596: tasks 225-233: Terminated
srun: error: frontier07005: tasks 693-701: Terminated
srun: error: frontier06526: tasks 594-602: Terminated
srun: error: frontier07802: tasks 900-908: Terminated
srun: error: frontier05990: tasks 477-485: Terminated
srun: error: frontier01392: tasks 108-116: Terminated
srun: error: frontier08575: tasks 981-989: Terminated
srun: error: frontier07511: tasks 828-836: Terminated
srun: error: frontier08064: tasks 945-953: Terminated
srun: error: frontier06893: tasks 657-665: Terminated
srun: error: frontier08038: tasks 936-944: Terminated
srun: error: frontier06210: tasks 513-521: Terminated
srun: error: frontier07163: tasks 738-746: Terminated
srun: error: frontier09446: tasks 1125-1133: Terminated
srun: error: frontier00768: tasks 54-62: Terminated
srun: error: frontier09458: tasks 1143-1151: Terminated
srun: error: frontier08573: tasks 963-971: Terminated
srun: error: frontier06909: tasks 675-683: Terminated
srun: error: frontier04224: tasks 171-179: Terminated
srun: error: frontier06238: tasks 531-539: Terminated
srun: error: frontier09449: tasks 1134-1142: Terminated
srun: error: frontier07264: tasks 765-773: Terminated
srun: error: frontier06776: tasks 639-647: Terminated
srun: error: frontier08703: tasks 999-1007: Terminated
srun: error: frontier04848: tasks 279-287: Terminated
srun: error: frontier03440: tasks 126-134: Terminated
srun: error: frontier05371: tasks 351-359: Terminated
srun: error: frontier06360: tasks 549-557: Terminated
srun: error: frontier07164: tasks 747-755: Terminated
srun: error: frontier07675: tasks 891-899: Terminated
srun: error: frontier09212: tasks 1089-1097: Terminated
srun: error: frontier04853: tasks 288-296: Terminated
srun: error: frontier08832: tasks 1026-1034: Terminated
srun: error: frontier07651: tasks 873-881: Terminated
srun: error: frontier07544: tasks 855-863: Terminated
srun: error: frontier08957: tasks 1035-1043: Terminated
srun: error: frontier04477: tasks 216-224: Terminated
srun: Force Terminated StepId=5138960.3
Running frontier nodes=128 ranks_per_node=9 dist=hierarchical mode=uniform expected_us=100 max_upper_fanout=4
srun: Step created for StepId=5138960.4
RESULT distributor=hierarchical mode=uniform expected_us=100 nodes=128 world_size=1152 max_upper_fanout=4 total_tasks=14287584 elapsed_s=20.0067 throughput_tasks_per_s=714140
MPICH Notice [Rank 0] [job id 5138960.4] [Sun Aug  2 04:32:13 2026] [frontier00126] - Abort(0) (rank 0 in comm 0): application called MPI_Abort(MPI_COMM_WORLD, 0) - process 0

aborting job:
application called MPI_Abort(MPI_COMM_WORLD, 0) - process 0
srun: error: frontier00126: task 0: Exited with exit code 255
srun: Terminating StepId=5138960.4
[2026-08-02T04:32:13.621] error: *** STEP 5138960.4 ON frontier00126 CANCELLED AT 2026-08-02T04:32:13 DUE TO TASK FAILURE ***
srun: error: frontier07135: tasks 729-737: Terminated
srun: error: frontier00126: tasks 1-8: Terminated
srun: error: frontier00894: tasks 72-80: Terminated
srun: error: frontier07651: tasks 873-881: Terminated
srun: error: frontier09086: tasks 1071-1079: Terminated
srun: error: frontier09449: tasks 1134-1142: Terminated
srun: error: frontier00638: tasks 36-44: Terminated
srun: error: frontier07134: tasks 720-728: Terminated
srun: error: frontier04607: tasks 243-251: Terminated
srun: error: frontier04596: tasks 225-233: Terminated
srun: error: frontier04351: tasks 180-188: Terminated
srun: error: frontier04352: tasks 189-197: Terminated
srun: error: frontier00896: tasks 90-98: Terminated
srun: error: frontier07005: tasks 693-701: Terminated
srun: error: frontier08064: tasks 945-953: Terminated
srun: error: frontier05966: tasks 468-476: Terminated
srun: error: frontier05990: tasks 477-485: Terminated
srun: error: frontier08703: tasks 999-1007: Terminated
srun: error: frontier05613: tasks 414-422: Terminated
srun: error: frontier04471: tasks 207-215: Terminated
srun: error: frontier00895: tasks 81-89: Terminated
srun: error: frontier04224: tasks 171-179: Terminated
srun: error: frontier04730: tasks 261-269: Terminated
srun: error: frontier03968: tasks 162-170: Terminated
srun: error: frontier06360: tasks 549-557: Terminated
srun: error: frontier06238: tasks 531-539: Terminated
srun: error: frontier07291: tasks 783-791: Terminated
srun: error: frontier07543: tasks 846-854: Terminated
srun: error: frontier08831: tasks 1017-1025: Terminated
srun: error: frontier00768: tasks 54-62: Terminated
srun: error: frontier01400: tasks 117-125: Terminated
srun: error: frontier05866: tasks 450-458: Terminated
srun: error: frontier01392: tasks 108-116: Terminated
srun: error: frontier07039: tasks 711-719: Terminated
srun: error: frontier00636: tasks 18-26: Terminated
srun: error: frontier05103: tasks 324-332: Terminated
srun: error: frontier05502: tasks 387-395: Terminated
srun: error: frontier05631: tasks 423-431: Terminated
srun: error: frontier06210: tasks 513-521: Terminated
srun: error: frontier06893: tasks 657-665: Terminated
srun: error: frontier05098: tasks 315-323: Terminated
srun: error: frontier07263: tasks 756-764: Terminated
srun: error: frontier00379: tasks 9-17: Terminated
srun: error: frontier06900: tasks 666-674: Terminated
srun: error: frontier07675: tasks 891-899: Terminated
srun: error: frontier06397: tasks 576-584: Terminated
srun: error: frontier09446: tasks 1125-1133: Terminated
srun: error: frontier06769: tasks 621-629: Terminated
srun: error: frontier06228: tasks 522-530: Terminated
srun: error: frontier07808: tasks 909-917: Terminated
srun: error: frontier06526: tasks 594-602: Terminated
srun: error: frontier06775: tasks 630-638: Terminated
srun: error: frontier09215: tasks 1098-1106: Terminated
srun: error: frontier04731: tasks 270-278: Terminated
srun: error: frontier05108: tasks 333-341: Terminated
srun: error: frontier03440: tasks 126-134: Terminated
srun: error: frontier05371: tasks 351-359: Terminated
srun: error: frontier08704: tasks 1008-1016: Terminated
srun: error: frontier07396: tasks 801-809: Terminated
srun: error: frontier04477: tasks 216-224: Terminated
srun: error: frontier03711: tasks 144-152: Terminated
srun: error: frontier08573: tasks 963-971: Terminated
srun: error: frontier06909: tasks 675-683: Terminated
srun: error: frontier00892: tasks 63-71: Terminated
srun: error: frontier07674: tasks 882-890: Terminated
srun: error: frontier07513: tasks 837-845: Terminated
srun: error: frontier07264: tasks 765-773: Terminated
srun: error: frontier03828: tasks 153-161: Terminated
srun: error: frontier04857: tasks 297-305: Terminated
srun: error: frontier07163: tasks 738-746: Terminated
srun: error: frontier04598: tasks 234-242: Terminated
srun: error: frontier08832: tasks 1026-1034: Terminated
srun: error: frontier08575: tasks 981-989: Terminated
srun: error: frontier00640: tasks 45-53: Terminated
srun: error: frontier09216: tasks 1107-1115: Terminated
srun: error: frontier04848: tasks 279-287: Terminated
srun: error: frontier06776: tasks 639-647: Terminated
srun: error: frontier05375: tasks 378-386: Terminated
srun: error: frontier05862: tasks 441-449: Terminated
srun: error: frontier07511: tasks 828-836: Terminated
srun: error: frontier06261: tasks 540-548: Terminated
srun: error: frontier07802: tasks 900-908: Terminated
srun: error: frontier07290: tasks 774-782: Terminated
srun: error: frontier05867: tasks 459-467: Terminated
srun: error: frontier06995: tasks 684-692: Terminated
srun: error: frontier08038: tasks 936-944: Terminated
srun: error: frontier03454: tasks 135-143: Terminated
srun: error: frontier09085: tasks 1062-1070: Terminated
srun: error: frontier06625: tasks 612-620: Terminated
srun: error: frontier09088: tasks 1080-1088: Terminated
srun: error: frontier09458: tasks 1143-1151: Terminated
srun: error: frontier05111: tasks 342-350: Terminated
srun: error: frontier00637: tasks 27-35: Terminated
srun: error: frontier07384: tasks 792-800: Terminated
srun: error: frontier04853: tasks 288-296: Terminated
srun: error: frontier05504: tasks 405-413: Terminated
srun: error: frontier04608: tasks 252-260: Terminated
srun: error: frontier07164: tasks 747-755: Terminated
srun: error: frontier07398: tasks 810-818: Terminated
srun: error: frontier09212: tasks 1089-1097: Terminated
srun: error: frontier06496: tasks 585-593: Terminated
srun: error: frontier08959: tasks 1053-1061: Terminated
srun: error: frontier04468: tasks 198-206: Terminated
srun: error: frontier08702: tasks 990-998: Terminated
srun: error: frontier06395: tasks 567-575: Terminated
srun: error: frontier08192: tasks 954-962: Terminated
srun: error: frontier07544: tasks 855-863: Terminated
srun: error: frontier05632: tasks 432-440: Terminated
srun: error: frontier07935: tasks 927-935: Terminated
srun: error: frontier05503: tasks 396-404: Terminated
srun: error: frontier07636: tasks 864-872: Terminated
srun: error: frontier04858: tasks 306-314: Terminated
srun: error: frontier08958: tasks 1044-1052: Terminated
srun: error: frontier08574: tasks 972-980: Terminated
srun: error: frontier08957: tasks 1035-1043: Terminated
srun: error: frontier06108: tasks 504-512: Terminated
srun: error: frontier07934: tasks 918-926: Terminated
srun: error: frontier06609: tasks 603-611: Terminated
srun: error: frontier01391: tasks 99-107: Terminated
srun: error: frontier07037: tasks 702-710: Terminated
srun: error: frontier07417: tasks 819-827: Terminated
srun: error: frontier05374: tasks 369-377: Terminated
srun: error: frontier05997: tasks 486-494: Terminated
srun: error: frontier06107: tasks 495-503: Terminated
srun: error: frontier06372: tasks 558-566: Terminated
srun: error: frontier06778: tasks 648-656: Terminated
srun: error: frontier05373: tasks 360-368: Terminated
srun: error: frontier09342: tasks 1116-1124: Terminated
srun: Force Terminated StepId=5138960.4
Running frontier nodes=128 ranks_per_node=9 dist=hierarchical mode=uniform expected_us=1000 max_upper_fanout=4
srun: Step created for StepId=5138960.5
RESULT distributor=hierarchical mode=uniform expected_us=1000 nodes=128 world_size=1152 max_upper_fanout=4 total_tasks=20398054 elapsed_s=20.0109 throughput_tasks_per_s=1.01935e+06
MPICH Notice [Rank 0] [job id 5138960.5] [Sun Aug  2 04:32:49 2026] [frontier00126] - Abort(0) (rank 0 in comm 0): application called MPI_Abort(MPI_COMM_WORLD, 0) - process 0

aborting job:
application called MPI_Abort(MPI_COMM_WORLD, 0) - process 0
srun: error: frontier00126: task 0: Exited with exit code 255
srun: Terminating StepId=5138960.5
[2026-08-02T04:32:49.580] error: *** STEP 5138960.5 ON frontier00126 CANCELLED AT 2026-08-02T04:32:49 DUE TO TASK FAILURE ***
srun: error: frontier07511: tasks 828-836: Terminated
srun: error: frontier07384: tasks 792-800: Terminated
srun: error: frontier05375: tasks 378-386: Terminated
srun: error: frontier00126: tasks 1-8: Terminated
srun: error: frontier06909: tasks 675-683: Terminated
srun: error: frontier05503: tasks 396-404: Terminated
srun: error: frontier03711: tasks 144-152: Terminated
srun: error: frontier04477: tasks 216-224: Terminated
srun: error: frontier06372: tasks 558-566: Terminated
srun: error: frontier04352: tasks 189-197: Terminated
srun: error: frontier05966: tasks 468-476: Terminated
srun: error: frontier05098: tasks 315-323: Terminated
srun: error: frontier04607: tasks 243-251: Terminated
srun: error: frontier04608: tasks 252-260: Terminated
srun: error: frontier04351: tasks 180-188: Terminated
srun: error: frontier08959: tasks 1053-1061: Terminated
srun: error: frontier00638: tasks 36-44: Terminated
srun: error: frontier08038: tasks 936-944: Terminated
srun: error: frontier00895: tasks 81-89: Terminated
srun: error: frontier00892: tasks 63-71: Terminated
srun: error: frontier06238: tasks 531-539: Terminated
srun: error: frontier06261: tasks 540-548: Terminated
srun: error: frontier07935: tasks 927-935: Terminated
srun: error: frontier07544: tasks 855-863: Terminated
srun: error: frontier05997: tasks 486-494: Terminated
srun: error: frontier05862: tasks 441-449: Terminated
srun: error: frontier05990: tasks 477-485: Terminated
srun: error: frontier05371: tasks 351-359: Terminated
srun: error: frontier06360: tasks 549-557: Terminated
srun: error: frontier07808: tasks 909-917: Terminated
srun: error: frontier01392: tasks 108-116: Terminated
srun: error: frontier06397: tasks 576-584: Terminated
srun: error: frontier07164: tasks 747-755: Terminated
srun: error: frontier00637: tasks 27-35: Terminated
srun: error: frontier06107: tasks 495-503: Terminated
srun: error: frontier08702: tasks 990-998: Terminated
srun: error: frontier07263: tasks 756-764: Terminated
srun: error: frontier08704: tasks 1008-1016: Terminated
srun: error: frontier04730: tasks 261-269: Terminated
srun: error: frontier06769: tasks 621-629: Terminated
srun: error: frontier04858: tasks 306-314: Terminated
srun: error: frontier05111: tasks 342-350: Terminated
srun: error: frontier09088: tasks 1080-1088: Terminated
srun: error: frontier06228: tasks 522-530: Terminated
srun: error: frontier05631: tasks 423-431: Terminated
srun: error: frontier07636: tasks 864-872: Terminated
srun: error: frontier06609: tasks 603-611: Terminated
srun: error: frontier03440: tasks 126-134: Terminated
srun: error: frontier07675: tasks 891-899: Terminated
srun: error: frontier07417: tasks 819-827: Terminated
srun: error: frontier07674: tasks 882-890: Terminated
srun: error: frontier07037: tasks 702-710: Terminated
srun: error: frontier07651: tasks 873-881: Terminated
srun: error: frontier07396: tasks 801-809: Terminated
srun: error: frontier04857: tasks 297-305: Terminated
srun: error: frontier07163: tasks 738-746: Terminated
srun: error: frontier03828: tasks 153-161: Terminated
srun: error: frontier00768: tasks 54-62: Terminated
srun: error: frontier06775: tasks 630-638: Terminated
srun: error: frontier05374: tasks 369-377: Terminated
srun: error: frontier04731: tasks 270-278: Terminated
srun: error: frontier06893: tasks 657-665: Terminated
srun: error: frontier06496: tasks 585-593: Terminated
srun: error: frontier07513: tasks 837-845: Terminated
srun: error: frontier08575: tasks 981-989: Terminated
srun: error: frontier08573: tasks 963-971: Terminated
srun: error: frontier07291: tasks 783-791: Terminated
srun: error: frontier04848: tasks 279-287: Terminated
srun: error: frontier07134: tasks 720-728: Terminated
srun: error: frontier06778: tasks 648-656: Terminated
srun: error: frontier07802: tasks 900-908: Terminated
srun: error: frontier00640: tasks 45-53: Terminated
srun: error: frontier08064: tasks 945-953: Terminated
srun: error: frontier04224: tasks 171-179: Terminated
srun: error: frontier08958: tasks 1044-1052: Terminated
srun: error: frontier08703: tasks 999-1007: Terminated
srun: error: frontier05373: tasks 360-368: Terminated
srun: error: frontier04598: tasks 234-242: Terminated
srun: error: frontier06395: tasks 567-575: Terminated
srun: error: frontier04468: tasks 198-206: Terminated
srun: error: frontier06776: tasks 639-647: Terminated
srun: error: frontier05632: tasks 432-440: Terminated
srun: error: frontier09212: tasks 1089-1097: Terminated
srun: error: frontier06108: tasks 504-512: Terminated
srun: error: frontier05103: tasks 324-332: Terminated
srun: error: frontier09342: tasks 1116-1124: Terminated
srun: error: frontier09086: tasks 1071-1079: Terminated
srun: error: frontier05867: tasks 459-467: Terminated
srun: error: frontier07264: tasks 765-773: Terminated
srun: error: frontier07005: tasks 693-701: Terminated
srun: error: frontier09449: tasks 1134-1142: Terminated
srun: error: frontier05502: tasks 387-395: Terminated
srun: error: frontier04471: tasks 207-215: Terminated
srun: error: frontier07135: tasks 729-737: Terminated
srun: error: frontier00379: tasks 9-17: Terminated
srun: error: frontier05866: tasks 450-458: Terminated
srun: error: frontier03968: tasks 162-170: Terminated
srun: error: frontier05613: tasks 414-422: Terminated
srun: error: frontier06625: tasks 612-620: Terminated
srun: error: frontier06210: tasks 513-521: Terminated
srun: error: frontier00896: tasks 90-98: Terminated
srun: error: frontier00636: tasks 18-26: Terminated
srun: error: frontier08832: tasks 1026-1034: Terminated
srun: error: frontier09458: tasks 1143-1151: Terminated
srun: error: frontier08831: tasks 1017-1025: Terminated
srun: error: frontier07543: tasks 846-854: Terminated
srun: error: frontier09215: tasks 1098-1106: Terminated
srun: error: frontier05108: tasks 333-341: Terminated
srun: error: frontier01391: tasks 99-107: Terminated
srun: error: frontier06995: tasks 684-692: Terminated
srun: error: frontier07290: tasks 774-782: Terminated
srun: error: frontier06900: tasks 666-674: Terminated
srun: error: frontier00894: tasks 72-80: Terminated
srun: error: frontier04853: tasks 288-296: Terminated
srun: error: frontier09216: tasks 1107-1115: Terminated
srun: error: frontier07934: tasks 918-926: Terminated
srun: error: frontier04596: tasks 225-233: Terminated
srun: error: frontier08192: tasks 954-962: Terminated
srun: error: frontier07039: tasks 711-719: Terminated
srun: error: frontier08957: tasks 1035-1043: Terminated
srun: error: frontier03454: tasks 135-143: Terminated
srun: error: frontier05504: tasks 405-413: Terminated
srun: error: frontier01400: tasks 117-125: Terminated
srun: error: frontier09446: tasks 1125-1133: Terminated
srun: error: frontier07398: tasks 810-818: Terminated
srun: error: frontier09085: tasks 1062-1070: Terminated
srun: error: frontier06526: tasks 594-602: Terminated
srun: error: frontier08574: tasks 972-980: Terminated
srun: Force Terminated StepId=5138960.5
Running frontier nodes=128 ranks_per_node=9 dist=hierarchical_lockfree_rma mode=fixed expected_us=10 max_upper_fanout=4
RESULT distributor=hierarchical_lockfree_rma mode=fixed expected_us=10 nodes=128 world_size=1152 max_upper_fanout=4 total_tasks=8632640 elapsed_s=20.0005 throughput_tasks_per_s=431621
MPICH Notice [Rank 0] [job id 5138960.6] [Sun Aug  2 04:33:44 2026] [frontier00126] - Abort(0) (rank 0 in comm 0): application called MPI_Abort(MPI_COMM_WORLD, 0) - process 0

aborting job:
application called MPI_Abort(MPI_COMM_WORLD, 0) - process 0
srun: error: frontier00126: task 0: Exited with exit code 255
srun: Terminating StepId=5138960.6
[2026-08-02T04:33:45.755] error: *** STEP 5138960.6 ON frontier00126 CANCELLED AT 2026-08-02T04:33:45 DUE TO TASK FAILURE ***
srun: error: frontier07935: tasks 928-934: Terminated
srun: error: frontier05373: tasks 362,365,367: Terminated
srun: error: frontier08958: tasks 1045,1047-1052: Terminated
srun: error: frontier05867: tasks 460-463,465-467: Terminated
srun: error: frontier03711: tasks 145-152: Terminated
srun: error: frontier06108: tasks 505-512: Terminated
srun: error: frontier01392: tasks 110-116: Terminated
srun: error: frontier06397: tasks 578,580-581,583-584: Terminated
srun: error: frontier01391: tasks 100,102,105-107: Terminated
srun: error: frontier04477: tasks 218,221-223: Terminated
srun: error: frontier06893: tasks 658-659,661-665: Terminated
srun: error: frontier05631: tasks 424-427,429-431: Terminated
srun: error: frontier06261: tasks 543-545,547-548: Terminated
srun: error: frontier09212: tasks 1090-1092,1094-1095: Terminated
srun: error: frontier08831: tasks 1018-1025: Terminated
srun: error: frontier04352: tasks 193-194,196: Terminated
srun: error: frontier05108: tasks 334,337,339-340: Terminated
srun: error: frontier09446: tasks 1130-1132: Terminated
srun: error: frontier07037: tasks 703-706,708-710: Terminated
srun: error: frontier07384: tasks 794-800: Terminated
srun: error: frontier00636: tasks 21-26: Terminated
srun: error: frontier04607: tasks 244,246,250-251: Terminated
srun: error: frontier08704: tasks 1010,1012,1015-1016: Terminated
srun: error: frontier04730: tasks 262-269: Terminated
srun: error: frontier07934: tasks 919-926: Terminated
srun: error: frontier07039: tasks 712-715,717: Terminated
srun: error: frontier07005: tasks 695-697,700: Terminated
srun: error: frontier06769: tasks 622-629: Terminated
srun: error: frontier07802: tasks 901,903,905,907-908: Terminated
srun: error: frontier06496: tasks 586-592: Terminated
srun: error: frontier06526: tasks 595-596,598-599,601: Terminated
srun: error: frontier07264: tasks 766-767,770,772-773: Terminated
srun: error: frontier03828: tasks 154-155,157-160: Terminated
srun: error: frontier05371: tasks 352-359: Terminated
srun: error: frontier01400: tasks 119-120,122,124: Terminated
srun: error: frontier07511: tasks 829-832,834-835: Terminated
srun: error: frontier00126: tasks 2,4-8: Terminated
srun: error: frontier09085: tasks 1064-1066,1068-1070: Terminated
srun: error: frontier05866: tasks 452-456,458: Terminated
srun: error: frontier06210: tasks 515-516,518-519,521: Terminated
srun: error: frontier05502: tasks 388-395: Terminated
srun: error: frontier07544: tasks 856,859-861,863: Terminated
srun: error: frontier06909: tasks 676-682: Terminated
srun: error: frontier09458: tasks 1144-1151: Terminated
srun: error: frontier06900: tasks 667-670,672,674: Terminated
srun: error: frontier07513: tasks 840-842,844-845: Terminated
srun: error: frontier05966: tasks 469,471-473,476: Terminated
srun: error: frontier07290: tasks 775-778,780-782: Terminated
srun: error: frontier03968: tasks 163,165-170: Terminated
srun: error: frontier07651: tasks 874-879,881: Terminated
srun: error: frontier07396: tasks 803-805,807-808: Terminated
srun: error: frontier05375: tasks 380,382-385: Terminated
srun: error: frontier08957: tasks 1036,1038,1040-1043: Terminated
srun: error: frontier05111: tasks 343-344,346-347,349-350: Terminated
srun: error: frontier04731: tasks 271-278: Terminated
srun: error: frontier06360: tasks 550-551,553,555-557: Terminated
srun: error: frontier04351: tasks 181-185,187: Terminated
srun: error: frontier07291: tasks 784-787,789-791: Terminated
srun: error: frontier04468: tasks 199-206: Terminated
srun: error: frontier06372: tasks 559-561,563-564,566: Terminated
srun: error: frontier07398: tasks 812,814-817: Terminated
srun: error: frontier06609: tasks 604-611: Terminated
srun: error: frontier09086: tasks 1072-1073,1075-1077,1079: Terminated
srun: error: frontier06395: tasks 569-571,573-575: Terminated
srun: error: frontier04858: tasks 307-309,311,314: Terminated
srun: error: frontier04471: tasks 210,212,214-215: Terminated
srun: error: frontier03454: tasks 138-140: Terminated
srun: error: frontier07163: tasks 739,741-745: Terminated
srun: error: frontier00640: tasks 46-47,49-50,52: Terminated
srun: error: frontier07263: tasks 758-764: Terminated
srun: error: frontier00892: tasks 64-65,68-69,71: Terminated
srun: error: frontier00894: tasks 73,75-80: Terminated
srun: error: frontier07636: tasks 865,867-869,872: Terminated
srun: error: frontier04596: tasks 226-233: Terminated
srun: error: frontier06238: tasks 532-535,537,539: Terminated
srun: error: frontier08064: tasks 946-949,952: Terminated
srun: error: frontier05862: tasks 442,444,446,448-449: Terminated
srun: error: frontier09215: tasks 1099-1106: Terminated
srun: error: frontier00637: tasks 28-29,31-35: Terminated
srun: error: frontier08575: tasks 982-989: Terminated
srun: error: frontier04853: tasks 289-294,296: Terminated
srun: error: frontier09449: tasks 1138-1142: Terminated
srun: error: frontier06107: tasks 496-502: Terminated
srun: error: frontier06776: tasks 640-642,644-647: Terminated
srun: error: frontier06778: tasks 649-650,652-656: Terminated
srun: error: frontier06995: tasks 685-686,688,690-692: Terminated
srun: error: frontier06625: tasks 613,616-620: Terminated
srun: error: frontier09088: tasks 1081-1088: Terminated
srun: error: frontier04224: tasks 172,174,176-179: Terminated
srun: error: frontier08038: tasks 938-940,942: Terminated
srun: error: frontier07135: tasks 730-731,733-736: Terminated
srun: error: frontier00896: tasks 91,93-95,97-98: Terminated
srun: error: frontier05990: tasks 479,481-485: Terminated
srun: error: frontier05504: tasks 406-409,411-413: Terminated
srun: error: frontier00638: tasks 37-38,40-41,43: Terminated
srun: error: frontier03440: tasks 127-134: Terminated
srun: error: frontier08959: tasks 1054-1061: Terminated
srun: error: frontier08192: tasks 955-962: Terminated
srun: error: frontier08702: tasks 991-994,996,998: Terminated
srun: error: frontier08703: tasks 1000,1002-1004,1006: Terminated
srun: error: frontier04608: tasks 254-255,257-258,260: Terminated
srun: error: frontier05098: tasks 316-320,323: Terminated
srun: error: frontier00768: tasks 55,57-58,60-62: Terminated
srun: error: frontier00379: tasks 10-16: Terminated
srun: error: frontier08573: tasks 964-971: Terminated
srun: error: frontier05632: tasks 433-434,436-440: Terminated
srun: error: frontier05613: tasks 415-416,418-422: Terminated
srun: error: frontier05374: tasks 372-377: Terminated
srun: error: frontier05997: tasks 487-494: Terminated
srun: error: frontier06775: tasks 632-637: Terminated
srun: error: frontier07674: tasks 883-884,886-890: Terminated
srun: error: frontier08832: tasks 1027-1029,1032-1034: Terminated
srun: error: frontier07543: tasks 847,849-851,854: Terminated
srun: error: frontier07164: tasks 748-750,752-755: Terminated
srun: error: frontier04857: tasks 298-305: Terminated
srun: error: frontier04848: tasks 280-285,287: Terminated
srun: error: frontier05503: tasks 397-404: Terminated
srun: error: frontier00895: tasks 82-87,89: Terminated
srun: error: frontier06228: tasks 523-530: Terminated
srun: error: frontier07134: tasks 721,723-728: Terminated
srun: error: frontier05103: tasks 325-326,328-331: Terminated
srun: error: frontier07417: tasks 820-827: Terminated
srun: error: frontier07808: tasks 910-917: Terminated
srun: error: frontier08574: tasks 973-980: Terminated
srun: error: frontier05373: tasks 361,363-364,366,368: Terminated
srun: error: frontier04598: tasks 235-242: Terminated
srun: error: frontier09216: tasks 1108-1115: Terminated
srun: error: frontier09342: tasks 1117-1124: Terminated
srun: error: frontier08958: task 1046: Terminated
srun: error: frontier07675: tasks 893-897,899: Terminated
srun: error: frontier07935: task 935: Terminated
srun: error: frontier01391: tasks 101,103-104: Terminated
srun: error: frontier05867: task 464: Terminated
srun: error: frontier06397: tasks 577,579,582: Terminated
srun: error: frontier05631: task 428: Terminated
srun: error: frontier01392: task 109: Terminated
srun: error: frontier06893: task 660: Terminated
srun: error: frontier09446: tasks 1126-1129,1133: Terminated
srun: error: frontier04477: tasks 217,219-220,224: Terminated
srun: error: frontier09212: tasks 1093,1096-1097: Terminated
srun: error: frontier00636: tasks 19-20: Terminated
srun: error: frontier06261: tasks 541-542,546: Terminated
srun: error: frontier07384: task 793: Terminated
srun: error: frontier08831: task 1017: Terminated
srun: error: frontier07037: task 707: Terminated
srun: error: frontier05108: tasks 335-336,338,341: Terminated
srun: error: frontier04730: task 261: Terminated
srun: error: frontier04352: tasks 190-192,195,197: Terminated
srun: error: frontier05502: task 387: Terminated
srun: error: frontier09215: task 1098: Terminated
srun: error: frontier06769: task 621: Terminated
srun: error: frontier09458: task 1143: Terminated
srun: error: frontier03440: task 126: Terminated
srun: error: frontier04731: task 270: Terminated
srun: error: frontier04468: task 198: Terminated
srun: error: frontier07808: task 909: Terminated
srun: error: frontier05371: task 351: Terminated
srun: error: frontier04596: task 225: Terminated
srun: error: frontier08573: task 963: Terminated
srun: error: frontier05997: task 486: Terminated
srun: error: frontier08575: task 981: Terminated
srun: error: frontier05631: task 423: Terminated
srun: error: frontier04857: task 297: Terminated
srun: error: frontier08192: task 954: Terminated
srun: error: frontier04607: tasks 245,247-249: Terminated
srun: error: frontier06609: task 603: Terminated
srun: error: frontier09216: task 1107: Terminated
srun: error: frontier07935: task 927: Terminated
srun: error: frontier05867: task 459: Terminated
srun: error: frontier06893: task 657: Terminated
srun: error: frontier08704: tasks 1009,1011,1013-1014: Terminated
srun: error: frontier06228: task 522: Terminated
srun: error: frontier00636: task 18: Terminated
srun: error: frontier04598: task 234: Terminated
srun: error: frontier08959: task 1053: Terminated
srun: error: frontier01391: task 99: Terminated
srun: error: frontier07934: task 918: Terminated
srun: error: frontier07037: task 702: Terminated
srun: error: frontier07039: tasks 711,716,718-719: Terminated
srun: error: frontier07802: tasks 902,904,906: Terminated
srun: error: frontier07005: tasks 694,698-699,701: Terminated
srun: error: frontier06496: tasks 585,593: Terminated
srun: error: frontier04352: task 189: Terminated
srun: error: frontier06526: tasks 594,597,600,602: Terminated
srun: error: frontier09212: task 1089: Terminated
srun: error: frontier07264: tasks 765,768-769,771: Terminated
srun: error: frontier03828: tasks 153,156,161: Terminated
srun: error: frontier00126: task 3: Terminated
srun: error: frontier07511: tasks 833,836: Terminated
srun: error: frontier01400: tasks 117-118,121,123,125: Terminated
srun: error: frontier05866: tasks 451,457: Terminated
srun: error: frontier06210: tasks 514,517,520: Terminated
srun: error: frontier09085: tasks 1062-1063,1067: Terminated
srun: error: frontier06909: tasks 675,683: Terminated
srun: error: frontier07544: tasks 855,857-858,862: Terminated
srun: error: frontier05966: tasks 470,474-475: Terminated
srun: error: frontier06900: tasks 666,671,673: Terminated
srun: error: frontier07651: tasks 873,880: Terminated
srun: error: frontier07290: tasks 774,779: Terminated
srun: error: frontier03968: tasks 162,164: Terminated
srun: error: frontier07513: tasks 837-839,843: Terminated
srun: error: frontier05111: tasks 342,345,348: Terminated
srun: error: frontier05375: tasks 378-379,381,386: Terminated
srun: error: frontier06360: tasks 549,552,554: Terminated
srun: error: frontier04351: tasks 186,188: Terminated
srun: error: frontier08957: tasks 1035,1037,1039: Terminated
srun: error: frontier07396: tasks 801-802,806,809: Terminated
srun: error: frontier07291: tasks 783,788: Terminated
srun: error: frontier07263: task 757: Terminated
srun: error: frontier09086: tasks 1071,1074,1078: Terminated
srun: error: frontier06395: tasks 567-568,572: Terminated
srun: error: frontier07417: task 819: Terminated
srun: error: frontier06372: tasks 558,562,565: Terminated
srun: error: frontier07398: tasks 810-811,813,818: Terminated
srun: error: frontier00894: task 74: Terminated
srun: error: frontier04471: tasks 208-209,211,213: Terminated
srun: error: frontier07636: tasks 866,870-871: Terminated
srun: error: frontier04858: tasks 306,310,312-313: Terminated
srun: error: frontier00640: tasks 45,48,51,53: Terminated
srun: error: frontier07163: tasks 738,740,746: Terminated
srun: error: frontier04853: task 295: Terminated
srun: error: frontier06107: task 503: Terminated
srun: error: frontier03454: tasks 135-137,141-143: Terminated
srun: error: frontier05866: task 450: Terminated
srun: error: frontier00637: tasks 27,30: Terminated
srun: error: frontier00892: tasks 63,66-67,70: Terminated
srun: error: frontier06238: tasks 531,536,538: Terminated
srun: error: frontier06778: task 651: Terminated
srun: error: frontier08064: tasks 945,950-951,953: Terminated
srun: error: frontier06995: tasks 687,689: Terminated
srun: error: frontier05862: tasks 441,443,445,447: Terminated
srun: error: frontier06625: tasks 614-615: Terminated
srun: error: frontier04224: tasks 173,175: Terminated
srun: error: frontier06776: tasks 639,643: Terminated
srun: error: frontier09449: tasks 1134-1137: Terminated
srun: error: frontier08038: tasks 937,941,943-944: Terminated
srun: error: frontier05504: tasks 405,410: Terminated
srun: error: frontier07135: tasks 729,732,737: Terminated
srun: error: frontier00896: tasks 90,92,96: Terminated
srun: error: frontier05108: task 333: Terminated
srun: error: frontier00638: tasks 39,42,44: Terminated
srun: error: frontier05990: tasks 477-478,480: Terminated
srun: error: frontier04608: tasks 253,256,259: Terminated
srun: error: frontier05632: task 435: Terminated
srun: error: frontier00379: tasks 9,17: Terminated
srun: error: frontier05098: tasks 315,321-322: Terminated
srun: error: frontier08702: tasks 990,995,997: Terminated
srun: error: frontier06107: task 495: Terminated
srun: error: frontier08703: tasks 999,1001,1005,1007: Terminated
srun: error: frontier00768: tasks 54,56,59: Terminated
srun: error: frontier05613: tasks 414,417: Terminated
srun: error: frontier05374: tasks 369-371: Terminated
srun: error: frontier06775: tasks 630-631,638: Terminated
srun: error: frontier08832: tasks 1026,1030-1031: Terminated
srun: error: frontier07674: tasks 882,885: Terminated
srun: error: frontier04848: tasks 279,286: Terminated
srun: error: frontier07164: tasks 747,751: Terminated
srun: error: frontier07134: task 722: Terminated
srun: error: frontier00895: tasks 81,88: Terminated
srun: error: frontier05103: tasks 327,332: Terminated
srun: error: frontier07543: tasks 846,848,852-853: Terminated
srun: error: frontier07005: task 693: Terminated
srun: error: frontier07675: tasks 891-892,898: Terminated
srun: error: frontier04224: task 171: Terminated
srun: error: frontier06210: task 513: Terminated
srun: error: frontier09446: task 1125: Terminated
srun: error: frontier04471: task 207: Terminated
srun: error: frontier04607: task 243: Terminated
srun: error: frontier06108: task 504: Terminated
srun: error: frontier07384: task 792: Terminated
srun: error: frontier07263: task 756: Terminated
srun: error: frontier09088: task 1080: Terminated
srun: error: frontier08574: task 972: Terminated
srun: error: frontier05373: task 360: Terminated
srun: error: frontier01392: task 108: Terminated
srun: error: frontier05103: task 324: Terminated
srun: error: frontier00894: task 72: Terminated
srun: error: frontier09342: task 1116: Terminated
srun: error: frontier07511: task 828: Terminated
srun: error: frontier04477: task 216: Terminated
srun: error: frontier08038: task 936: Terminated
srun: error: frontier06261: task 540: Terminated
srun: error: frontier07802: task 900: Terminated
srun: error: frontier05966: task 468: Terminated
srun: error: frontier08958: task 1044: Terminated
srun: error: frontier06995: task 684: Terminated
srun: error: frontier04608: task 252: Terminated
srun: error: frontier00638: task 36: Terminated
srun: error: frontier06625: task 612: Terminated
srun: error: frontier04351: task 180: Terminated
srun: error: frontier06778: task 648: Terminated
srun: error: frontier05503: task 396: Terminated
srun: error: frontier03711: task 144: Terminated
srun: error: frontier08704: task 1008: Terminated
srun: error: frontier07636: task 864: Terminated
srun: error: frontier04853: task 288: Terminated
srun: error: frontier07134: task 720: Terminated
srun: error: frontier05632: task 432: Terminated
srun: error: frontier06397: task 576: Terminated
srun: error: frontier00126: task 1: Terminated
srun: Force Terminated StepId=5138960.6
Running frontier nodes=128 ranks_per_node=9 dist=hierarchical_lockfree_rma mode=fixed expected_us=100 max_upper_fanout=4
RESULT distributor=hierarchical_lockfree_rma mode=fixed expected_us=100 nodes=128 world_size=1152 max_upper_fanout=4 total_tasks=7513387 elapsed_s=20.0005 throughput_tasks_per_s=375661
MPICH Notice [Rank 0] [job id 5138960.7] [Sun Aug  2 04:34:59 2026] [frontier00126] - Abort(0) (rank 0 in comm 0): application called MPI_Abort(MPI_COMM_WORLD, 0) - process 0

aborting job:
application called MPI_Abort(MPI_COMM_WORLD, 0) - process 0
srun: error: frontier00126: task 0: Exited with exit code 255
srun: Terminating StepId=5138960.7
[2026-08-02T04:35:00.594] error: *** STEP 5138960.7 ON frontier00126 CANCELLED AT 2026-08-02T04:35:00 DUE TO TASK FAILURE ***
srun: error: frontier05862: tasks 442-449: Terminated
srun: error: frontier05632: tasks 433-440: Terminated
srun: error: frontier07264: tasks 766-773: Terminated
srun: error: frontier08832: tasks 1027-1034: Terminated
srun: error: frontier04848: tasks 280-287: Terminated
srun: error: frontier00894: tasks 73-80: Terminated
srun: error: frontier00126: tasks 2-8: Terminated
srun: error: frontier09342: tasks 1117-1124: Terminated
srun: error: frontier05990: tasks 478-485: Terminated
srun: error: frontier07398: tasks 811-818: Terminated
srun: error: frontier08192: tasks 955-962: Terminated
srun: error: frontier04853: tasks 289-296: Terminated
srun: error: frontier04857: tasks 298-305: Terminated
srun: error: frontier06107: tasks 496-503: Terminated
srun: error: frontier06625: tasks 613-620: Terminated
srun: error: frontier03968: tasks 163-170: Terminated
srun: error: frontier07039: tasks 712-719: Terminated
srun: error: frontier08038: tasks 937-944: Terminated
srun: error: frontier07263: tasks 757-764: Terminated
srun: error: frontier05373: tasks 361-368: Terminated
srun: error: frontier05503: tasks 397-404: Terminated
srun: error: frontier07291: tasks 784-791: Terminated
srun: error: frontier03711: tasks 145-152: Terminated
srun: error: frontier03440: tasks 127-134: Terminated
srun: error: frontier07513: tasks 838-845: Terminated
srun: error: frontier09085: tasks 1063-1070: Terminated
srun: error: frontier05866: tasks 451-458: Terminated
srun: error: frontier05371: tasks 352-359: Terminated
srun: error: frontier07163: tasks 739-746: Terminated
srun: error: frontier06776: tasks 640-647: Terminated
srun: error: frontier06261: tasks 541-548: Terminated
srun: error: frontier04596: tasks 226-233: Terminated
srun: error: frontier04730: tasks 262-269: Terminated
srun: error: frontier09216: tasks 1108-1115: Terminated
srun: error: frontier04608: tasks 253-260: Terminated
srun: error: frontier07164: tasks 748-755: Terminated
srun: error: frontier06395: tasks 568-575: Terminated
srun: error: frontier05613: tasks 415-422: Terminated
srun: error: frontier08831: tasks 1018-1025: Terminated
srun: error: frontier09088: tasks 1081-1088: Terminated
srun: error: frontier09212: tasks 1090-1097: Terminated
srun: error: frontier05098: tasks 316-323: Terminated
srun: error: frontier01392: tasks 109-116: Terminated
srun: error: frontier05108: tasks 334-341: Terminated
srun: error: frontier07134: tasks 721-728: Terminated
srun: error: frontier08064: tasks 946-953: Terminated
srun: error: frontier06893: tasks 658-665: Terminated
srun: error: frontier08958: tasks 1045-1052: Terminated
srun: error: frontier08703: tasks 1000-1007: Terminated
srun: error: frontier04858: tasks 307-314: Terminated
srun: error: frontier00640: tasks 46-53: Terminated
srun: error: frontier03454: tasks 136-143: Terminated
srun: error: frontier08704: tasks 1009-1016: Terminated
srun: error: frontier07396: tasks 802-809: Terminated
srun: error: frontier07636: tasks 865-872: Terminated
srun: error: frontier06995: tasks 685-692: Terminated
srun: error: frontier08573: tasks 964-971: Terminated
srun: error: frontier06769: tasks 622-629: Terminated
srun: error: frontier06609: tasks 604-611: Terminated
srun: error: frontier07544: tasks 856-863: Terminated
srun: error: frontier07934: tasks 919-926: Terminated
srun: error: frontier07802: tasks 901-908: Terminated
srun: error: frontier09446: tasks 1126-1133: Terminated
srun: error: frontier04731: tasks 271-278: Terminated
srun: error: frontier05966: tasks 469-476: Terminated
srun: error: frontier00636: tasks 19-26: Terminated
srun: error: frontier07675: tasks 892-899: Terminated
srun: error: frontier09458: tasks 1144-1151: Terminated
srun: error: frontier01391: tasks 100-107: Terminated
srun: error: frontier00637: tasks 28-35: Terminated
srun: error: frontier00638: tasks 37-44: Terminated
srun: error: frontier06108: tasks 505-512: Terminated
srun: error: frontier09449: tasks 1135-1142: Terminated
srun: error: frontier00896: tasks 91-98: Terminated
srun: error: frontier04598: tasks 235-242: Terminated
srun: error: frontier04352: tasks 190-197: Terminated
srun: error: frontier06775: tasks 631-638: Terminated
srun: error: frontier04471: tasks 208-215: Terminated
srun: error: frontier05867: tasks 460-467: Terminated
srun: error: frontier08575: tasks 982-989: Terminated
srun: error: frontier06900: tasks 667-674: Terminated
srun: error: frontier06210: tasks 514-521: Terminated
srun: error: frontier06397: tasks 577-584: Terminated
srun: error: frontier07674: tasks 883-890: Terminated
srun: error: frontier04477: tasks 217-224: Terminated
srun: error: frontier07543: tasks 847-854: Terminated
srun: error: frontier05374: tasks 370-377: Terminated
srun: error: frontier08959: tasks 1054-1061: Terminated
srun: error: frontier04224: tasks 172-179: Terminated
srun: error: frontier08702: tasks 991-998: Terminated
srun: error: frontier07135: tasks 730-737: Terminated
srun: error: frontier06228: tasks 523-530: Terminated
srun: error: frontier07290: tasks 775-782: Terminated
srun: error: frontier06526: tasks 595-602: Terminated
srun: error: frontier06360: tasks 550-557: Terminated
srun: error: frontier07808: tasks 910-917: Terminated
srun: error: frontier05504: tasks 406-413: Terminated
srun: error: frontier04468: tasks 199-206: Terminated
srun: error: frontier05631: tasks 424-431: Terminated
srun: error: frontier05103: tasks 325-332: Terminated
srun: error: frontier05502: tasks 388-395: Terminated
srun: error: frontier09215: tasks 1099-1106: Terminated
srun: error: frontier04607: tasks 244-251: Terminated
srun: error: frontier00892: tasks 64-71: Terminated
srun: error: frontier04351: tasks 181-188: Terminated
srun: error: frontier07037: tasks 703-710: Terminated
srun: error: frontier01400: tasks 118-125: Terminated
srun: error: frontier07005: tasks 694-701: Terminated
srun: error: frontier00895: tasks 82-89: Terminated
srun: error: frontier07417: tasks 820-827: Terminated
srun: error: frontier05111: tasks 343-350: Terminated
srun: error: frontier05375: tasks 379-386: Terminated
srun: error: frontier07935: tasks 928-935: Terminated
srun: error: frontier07511: tasks 829-836: Terminated
srun: error: frontier06909: tasks 676-683: Terminated
srun: error: frontier07384: tasks 793-800: Terminated
srun: error: frontier06372: tasks 559-566: Terminated
srun: error: frontier00768: tasks 55-62: Terminated
srun: error: frontier07651: tasks 874-881: Terminated
srun: error: frontier09086: tasks 1072-1079: Terminated
srun: error: frontier08574: tasks 973-980: Terminated
srun: error: frontier06496: tasks 586-593: Terminated
srun: error: frontier05997: tasks 487-494: Terminated
srun: error: frontier06238: tasks 532-539: Terminated
srun: error: frontier06778: tasks 649-656: Terminated
srun: error: frontier08957: tasks 1036-1043: Terminated
srun: error: frontier03828: tasks 154-161: Terminated
srun: error: frontier00379: tasks 10-17: Terminated
srun: error: frontier04858: task 306: Terminated
srun: error: frontier07291: task 783: Terminated
srun: error: frontier04596: task 225: Terminated
srun: error: frontier04730: task 261: Terminated
srun: error: frontier09449: task 1134: Terminated
srun: error: frontier06893: task 657: Terminated
srun: error: frontier06776: task 639: Terminated
srun: error: frontier08703: task 999: Terminated
srun: error: frontier05862: task 441: Terminated
srun: error: frontier08573: task 963: Terminated
srun: error: frontier07513: task 837: Terminated
srun: error: frontier09085: task 1062: Terminated
srun: error: frontier07544: task 855: Terminated
srun: error: frontier06526: task 594: Terminated
srun: error: frontier05502: task 387: Terminated
srun: error: frontier04598: task 234: Terminated
srun: error: frontier00895: task 81: Terminated
srun: error: frontier06360: task 549: Terminated
srun: error: frontier05631: task 423: Terminated
srun: error: frontier06395: task 567: Terminated
srun: error: frontier05108: task 333: Terminated
srun: error: frontier04471: task 207: Terminated
srun: error: frontier00637: task 27: Terminated
srun: error: frontier04468: task 198: Terminated
srun: error: frontier03828: task 153: Terminated
srun: error: frontier08959: task 1053: Terminated
srun: error: frontier06775: task 630: Terminated
srun: error: frontier05990: task 477: Terminated
srun: error: frontier06210: task 513: Terminated
srun: error: frontier05613: task 414: Terminated
srun: error: frontier07164: task 747: Terminated
srun: error: frontier05997: task 486: Terminated
srun: error: frontier07163: task 738: Terminated
srun: error: frontier09446: task 1125: Terminated
srun: error: frontier08832: task 1026: Terminated
srun: error: frontier07935: task 927: Terminated
srun: error: frontier07808: task 909: Terminated
srun: error: frontier05371: task 351: Terminated
srun: error: frontier08575: task 981: Terminated
srun: error: frontier05866: task 450: Terminated
srun: error: frontier07934: task 918: Terminated
srun: error: frontier06228: task 522: Terminated
srun: error: frontier05111: task 342: Terminated
srun: error: frontier04731: task 270: Terminated
srun: error: frontier06609: task 603: Terminated
srun: error: frontier01391: task 99: Terminated
srun: error: frontier09216: task 1107: Terminated
srun: error: frontier08957: task 1035: Terminated
srun: error: frontier06372: task 558: Terminated
srun: error: frontier07037: task 702: Terminated
srun: error: frontier07543: task 846: Terminated
srun: error: frontier08831: task 1017: Terminated
srun: error: frontier03454: task 135: Terminated
srun: error: frontier04848: task 279: Terminated
srun: error: frontier00636: task 18: Terminated
srun: error: frontier05867: task 459: Terminated
srun: error: frontier00892: task 63: Terminated
srun: error: frontier07290: task 774: Terminated
srun: error: frontier04857: task 297: Terminated
srun: error: frontier07264: task 765: Terminated
srun: error: frontier03440: task 126: Terminated
srun: error: frontier04607: task 243: Terminated
srun: error: frontier00379: task 9: Terminated
srun: error: frontier08702: task 990: Terminated
srun: error: frontier08064: task 945: Terminated
srun: error: frontier08192: task 954: Terminated
srun: error: frontier05098: task 315: Terminated
srun: error: frontier05504: task 405: Terminated
srun: error: frontier01400: task 117: Terminated
srun: error: frontier07674: task 882: Terminated
srun: error: frontier04352: task 189: Terminated
srun: error: frontier07417: task 819: Terminated
srun: error: frontier07005: task 693: Terminated
srun: error: frontier03968: task 162: Terminated
srun: error: frontier06107: task 495: Terminated
srun: error: frontier09215: task 1098: Terminated
srun: error: frontier07398: task 810: Terminated
srun: error: frontier07651: task 873: Terminated
srun: error: frontier05374: task 369: Terminated
srun: error: frontier05375: task 378: Terminated
srun: error: frontier09458: task 1143: Terminated
srun: error: frontier07396: task 801: Terminated
srun: error: frontier07135: task 729: Terminated
srun: error: frontier00896: task 90: Terminated
srun: error: frontier00640: task 45: Terminated
srun: error: frontier06769: task 621: Terminated
srun: error: frontier04224: task 171: Terminated
srun: error: frontier06238: task 531: Terminated
srun: error: frontier06909: task 675: Terminated
srun: error: frontier07039: task 711: Terminated
srun: error: frontier09086: task 1071: Terminated
srun: error: frontier07675: task 891: Terminated
srun: error: frontier09212: task 1089: Terminated
srun: error: frontier06496: task 585: Terminated
srun: error: frontier00768: task 54: Terminated
srun: error: frontier04608: task 252: Terminated
srun: error: frontier06900: task 666: Terminated
srun: error: frontier01392: task 108: Terminated
srun: error: frontier00638: task 36: Terminated
srun: error: frontier00894: task 72: Terminated
srun: error: frontier06261: task 540: Terminated
srun: error: frontier09342: task 1116: Terminated
srun: error: frontier06108: task 504: Terminated
srun: error: frontier07263: task 756: Terminated
srun: error: frontier07802: task 900: Terminated
srun: error: frontier06625: task 612: Terminated
srun: error: frontier05103: task 324: Terminated
srun: error: frontier07384: task 792: Terminated
srun: error: frontier07511: task 828: Terminated
srun: error: frontier06778: task 648: Terminated
srun: error: frontier05966: task 468: Terminated
srun: error: frontier05503: task 396: Terminated
srun: error: frontier08574: task 972: Terminated
srun: error: frontier06995: task 684: Terminated
srun: error: frontier04351: task 180: Terminated
srun: error: frontier04477: task 216: Terminated
srun: error: frontier05373: task 360: Terminated
srun: error: frontier08958: task 1044: Terminated
srun: error: frontier09088: task 1080: Terminated
srun: error: frontier08704: task 1008: Terminated
srun: error: frontier08038: task 936: Terminated
srun: error: frontier05632: task 432: Terminated
srun: error: frontier03711: task 144: Terminated
srun: error: frontier04853: task 288: Terminated
srun: error: frontier07636: task 864: Terminated
srun: error: frontier06397: task 576: Terminated
srun: error: frontier07134: task 720: Terminated
srun: error: frontier00126: task 1: Terminated
srun: Force Terminated StepId=5138960.7
Running frontier nodes=128 ranks_per_node=9 dist=hierarchical_lockfree_rma mode=fixed expected_us=1000 max_upper_fanout=4
RESULT distributor=hierarchical_lockfree_rma mode=fixed expected_us=1000 nodes=128 world_size=1152 max_upper_fanout=4 total_tasks=1767085 elapsed_s=20.0006 throughput_tasks_per_s=88351.8
MPICH Notice [Rank 0] [job id 5138960.8] [Sun Aug  2 04:36:11 2026] [frontier00126] - Abort(0) (rank 0 in comm 0): application called MPI_Abort(MPI_COMM_WORLD, 0) - process 0

aborting job:
application called MPI_Abort(MPI_COMM_WORLD, 0) - process 0
srun: error: frontier00126: task 0: Exited with exit code 255
srun: Terminating StepId=5138960.8
[2026-08-02T04:36:22.979] error: *** STEP 5138960.8 ON frontier00126 CANCELLED AT 2026-08-02T04:36:22 DUE TO TASK FAILURE ***
srun: error: frontier07808: tasks 910-917: Terminated
srun: error: frontier00768: tasks 55-62: Terminated
srun: error: frontier04858: tasks 307-314: Terminated
srun: error: frontier06238: tasks 532-539: Terminated
srun: error: frontier07513: tasks 838-845: Terminated
srun: error: frontier07651: tasks 874-881: Terminated
srun: error: frontier08573: tasks 964-971: Terminated
srun: error: frontier00637: tasks 28-35: Terminated
srun: error: frontier06107: tasks 496-503: Terminated
srun: error: frontier06372: tasks 559-566: Terminated
srun: error: frontier07263: tasks 757-764: Terminated
srun: error: frontier04468: tasks 199-206: Terminated
srun: error: frontier04853: tasks 289-296: Terminated
srun: error: frontier05997: tasks 487-494: Terminated
srun: error: frontier05502: tasks 388-395: Terminated
srun: error: frontier03440: tasks 127-134: Terminated
srun: error: frontier04857: tasks 298-305: Terminated
srun: error: frontier09458: tasks 1144-1151: Terminated
srun: error: frontier08702: tasks 991-998: Terminated
srun: error: frontier00895: tasks 82-89: Terminated
srun: error: frontier05966: tasks 469-476: Terminated
srun: error: frontier09215: tasks 1099-1106: Terminated
srun: error: frontier05867: tasks 460-467: Terminated
srun: error: frontier07935: tasks 928-935: Terminated
srun: error: frontier07134: tasks 721-728: Terminated
srun: error: frontier04352: tasks 190-197: Terminated
srun: error: frontier06893: tasks 658-665: Terminated
srun: error: frontier07396: tasks 802-809: Terminated
srun: error: frontier04731: tasks 271-278: Terminated
srun: error: frontier06609: tasks 604-611: Terminated
srun: error: frontier05503: tasks 397-404: Terminated
srun: error: frontier05103: tasks 325-332: Terminated
srun: error: frontier06775: tasks 631-638: Terminated
srun: error: frontier06108: tasks 505-512: Terminated
srun: error: frontier06769: tasks 622-629: Terminated
srun: error: frontier07264: tasks 766-773: Terminated
srun: error: frontier07511: tasks 829-836: Terminated
srun: error: frontier06909: tasks 676-683: Terminated
srun: error: frontier03711: tasks 145-152: Terminated
srun: error: frontier07674: tasks 883-890: Terminated
srun: error: frontier07037: tasks 703-710: Terminated
srun: error: frontier06360: tasks 550-553,555-557: Terminated
srun: error: frontier04598: tasks 235-242: Terminated
srun: error: frontier09088: tasks 1081-1088: Terminated
srun: error: frontier07802: tasks 901-908: Terminated
srun: error: frontier06496: tasks 586-593: Terminated
srun: error: frontier06261: tasks 541-548: Terminated
srun: error: frontier05373: tasks 361-368: Terminated
srun: error: frontier07290: tasks 775-782: Terminated
srun: error: frontier04607: tasks 244-251: Terminated
srun: error: frontier05862: tasks 442-449: Terminated
srun: error: frontier08831: tasks 1018-1025: Terminated
srun: error: frontier06210: tasks 514-521: Terminated
srun: error: frontier07384: tasks 793-800: Terminated
srun: error: frontier05374: tasks 370-377: Terminated
srun: error: frontier07636: tasks 865-872: Terminated
srun: error: frontier04224: tasks 172-179: Terminated
srun: error: frontier05990: tasks 478-485: Terminated
srun: error: frontier07291: tasks 784-791: Terminated
srun: error: frontier00892: tasks 64-71: Terminated
srun: error: frontier03828: tasks 154-161: Terminated
srun: error: frontier05375: tasks 379-386: Terminated
srun: error: frontier04848: tasks 280-287: Terminated
srun: error: frontier05631: tasks 424-431: Terminated
srun: error: frontier09449: tasks 1135-1142: Terminated
srun: error: frontier06995: tasks 685-692: Terminated
srun: error: frontier04730: tasks 262-269: Terminated
srun: error: frontier05632: tasks 433-440: Terminated
srun: error: frontier08575: tasks 982-989: Terminated
srun: error: frontier07164: tasks 748-755: Terminated
srun: error: frontier06778: tasks 649-656: Terminated
srun: error: frontier07039: tasks 712-719: Terminated
srun: error: frontier01391: tasks 100-107: Terminated
srun: error: frontier06395: tasks 568-575: Terminated
srun: error: frontier05613: tasks 415-422: Terminated
srun: error: frontier08958: tasks 1045-1052: Terminated
srun: error: frontier08064: tasks 946-953: Terminated
srun: error: frontier07543: tasks 847-854: Terminated
srun: error: frontier05098: tasks 316-323: Terminated
srun: error: frontier07135: tasks 730-737: Terminated
srun: error: frontier00379: tasks 10-17: Terminated
srun: error: frontier06776: tasks 640-647: Terminated
srun: error: frontier08703: tasks 1000-1007: Terminated
srun: error: frontier00896: tasks 91-98: Terminated
srun: error: frontier00640: tasks 46-53: Terminated
srun: error: frontier08832: tasks 1027-1034: Terminated
srun: error: frontier08192: tasks 955-962: Terminated
srun: error: frontier07005: tasks 694-701: Terminated
srun: error: frontier07675: tasks 892-899: Terminated
srun: error: frontier06228: tasks 523-530: Terminated
srun: error: frontier05866: tasks 451-458: Terminated
srun: error: frontier00126: tasks 2-8: Terminated
srun: error: frontier07417: tasks 820-827: Terminated
srun: error: frontier04471: tasks 208-215: Terminated
srun: error: frontier01392: tasks 109-116: Terminated
srun: error: frontier00638: tasks 37-44: Terminated
srun: error: frontier09086: tasks 1072-1079: Terminated
srun: error: frontier08959: tasks 1054-1061: Terminated
srun: error: frontier05108: tasks 334-341: Terminated
srun: error: frontier06625: tasks 613-620: Terminated
srun: error: frontier04477: tasks 217-224: Terminated
srun: error: frontier07163: tasks 739-746: Terminated
srun: error: frontier04351: tasks 181-188: Terminated
srun: error: frontier03968: tasks 163-170: Terminated
srun: error: frontier09342: tasks 1117-1124: Terminated
srun: error: frontier07544: tasks 856-863: Terminated
srun: error: frontier05371: tasks 352-359: Terminated
srun: error: frontier04596: tasks 226-233: Terminated
srun: error: frontier07808: task 909: Terminated
srun: error: frontier00768: task 54: Terminated
srun: error: frontier06397: tasks 577-584: Terminated
srun: error: frontier05111: tasks 343-350: Terminated
srun: error: frontier07513: task 837: Terminated
srun: error: frontier08704: tasks 1009-1016: Terminated
srun: error: frontier00636: tasks 19-26: Terminated
srun: error: frontier00637: task 27: Terminated
srun: error: frontier04608: tasks 253-260: Terminated
srun: error: frontier06900: tasks 667-674: Terminated
srun: error: frontier07263: task 756: Terminated
srun: error: frontier09212: tasks 1090-1097: Terminated
srun: error: frontier00894: tasks 73-80: Terminated
srun: error: frontier05997: task 486: Terminated
srun: error: frontier04858: task 306: Terminated
srun: error: frontier08038: tasks 937-944: Terminated
srun: error: frontier04857: task 297: Terminated
srun: error: frontier07651: task 873: Terminated
srun: error: frontier06238: task 531: Terminated
srun: error: frontier00895: task 81: Terminated
srun: error: frontier06107: task 495: Terminated
srun: error: frontier08573: task 963: Terminated
srun: error: frontier05867: task 459: Terminated
srun: error: frontier04468: task 198: Terminated
srun: error: frontier06372: task 558: Terminated
srun: error: frontier04352: task 189: Terminated
srun: error: frontier05502: task 387: Terminated
srun: error: frontier04853: task 288: Terminated
srun: error: frontier04731: task 270: Terminated
srun: error: frontier09458: task 1143: Terminated
srun: error: frontier03440: task 126: Terminated
srun: error: frontier05103: task 324: Terminated
srun: error: frontier05966: task 468: Terminated
srun: error: frontier08702: task 990: Terminated
srun: error: frontier06769: task 621: Terminated
srun: error: frontier07935: task 927: Terminated
srun: error: frontier09215: task 1098: Terminated
srun: error: frontier06909: task 675: Terminated
srun: error: frontier06893: task 657: Terminated
srun: error: frontier07134: task 720: Terminated
srun: error: frontier07037: task 702: Terminated
srun: error: frontier06609: task 603: Terminated
srun: error: frontier07396: task 801: Terminated
srun: error: frontier09088: task 1080: Terminated
srun: error: frontier06775: task 630: Terminated
srun: error: frontier05503: task 396: Terminated
srun: error: frontier06261: task 540: Terminated
srun: error: frontier07264: task 765: Terminated
srun: error: frontier06108: task 504: Terminated
srun: error: frontier04607: task 243: Terminated
srun: error: frontier03711: task 144: Terminated
srun: error: frontier07511: task 828: Terminated
srun: error: frontier06210: task 513: Terminated
srun: error: frontier07802: task 900: Terminated
srun: error: frontier07674: task 882: Terminated
srun: error: frontier07636: task 864: Terminated
srun: error: frontier05373: task 360: Terminated
srun: error: frontier04598: task 234: Terminated
srun: error: frontier07291: task 783: Terminated
srun: error: frontier05862: task 441: Terminated
srun: error: frontier06496: task 585: Terminated
srun: error: frontier05375: task 378: Terminated
srun: error: frontier07384: task 792: Terminated
srun: error: frontier07290: task 774: Terminated
srun: error: frontier09449: task 1134: Terminated
srun: error: frontier04224: task 171: Terminated
srun: error: frontier08831: task 1017: Terminated
srun: error: frontier06778: task 648: Terminated
srun: error: frontier00892: task 63: Terminated
srun: error: frontier05374: task 369: Terminated
srun: error: frontier06395: task 567: Terminated
srun: error: frontier04848: task 279: Terminated
srun: error: frontier05990: task 477: Terminated
srun: error: frontier08064: task 945: Terminated
srun: error: frontier06995: task 684: Terminated
srun: error: frontier03828: task 153: Terminated
srun: error: frontier07135: task 729: Terminated
srun: error: frontier08575: task 981: Terminated
srun: error: frontier05631: task 423: Terminated
srun: error: frontier08703: task 999: Terminated
srun: error: frontier07039: task 711: Terminated
srun: error: frontier04730: task 261: Terminated
srun: error: frontier08832: task 1026: Terminated
srun: error: frontier05613: task 414: Terminated
srun: error: frontier07164: task 747: Terminated
srun: error: frontier07675: task 891: Terminated
srun: error: frontier07543: task 846: Terminated
srun: error: frontier01391: task 99: Terminated
srun: error: frontier08959: task 1053: Terminated
srun: error: frontier00379: task 9: Terminated
srun: error: frontier08958: task 1044: Terminated
srun: error: frontier00896: task 90: Terminated
srun: error: frontier05098: task 315: Terminated
srun: error: frontier08192: task 954: Terminated
srun: error: frontier06776: task 639: Terminated
srun: error: frontier06228: task 522: Terminated
srun: error: frontier00640: task 45: Terminated
srun: error: frontier07417: task 819: Terminated
srun: error: frontier07005: task 693: Terminated
srun: error: frontier05108: task 333: Terminated
srun: error: frontier05866: task 450: Terminated
srun: error: frontier07163: task 738: Terminated
srun: error: frontier04471: task 207: Terminated
srun: error: frontier04596: task 225: Terminated
srun: error: frontier09086: task 1071: Terminated
srun: error: frontier06625: task 612: Terminated
srun: error: frontier07544: task 855: Terminated
srun: error: frontier05111: task 342: Terminated
srun: error: frontier06360: tasks 549,554: Terminated
srun: error: frontier04351: task 180: Terminated
srun: error: frontier00638: task 36: Terminated
srun: error: frontier09212: task 1089: Terminated
srun: error: frontier06900: task 666: Terminated
srun: error: frontier00636: task 18: Terminated
srun: error: frontier07934: tasks 919-926: Terminated
srun: error: frontier03968: task 162: Terminated
srun: error: frontier05371: task 351: Terminated
srun: error: frontier01392: task 108: Terminated
srun: error: frontier09342: task 1116: Terminated
srun: error: frontier05632: task 432: Terminated
srun: error: frontier09216: tasks 1108-1115: Terminated
srun: error: frontier08957: tasks 1036-1043: Terminated
srun: error: frontier07398: tasks 811-818: Terminated
srun: error: frontier01400: tasks 118-125: Terminated
srun: error: frontier03454: tasks 136-143: Terminated
srun: error: frontier09085: tasks 1063-1070: Terminated
srun: error: frontier09446: tasks 1126-1133: Terminated
srun: error: frontier06526: tasks 595-602: Terminated
srun: error: frontier05504: tasks 406-413: Terminated
srun: error: frontier08574: tasks 973-980: Terminated
srun: error: frontier07934: task 918: Terminated
srun: error: frontier00894: task 72: Terminated
srun: error: frontier04477: task 216: Terminated
srun: error: frontier08038: task 936: Terminated
srun: error: frontier04608: task 252: Terminated
srun: error: frontier09216: task 1107: Terminated
srun: error: frontier06526: task 594: Terminated
srun: error: frontier03454: task 135: Terminated
srun: error: frontier08957: task 1035: Terminated
srun: error: frontier09446: task 1125: Terminated
srun: error: frontier09085: task 1062: Terminated
srun: error: frontier01400: task 117: Terminated
srun: error: frontier05504: task 405: Terminated
srun: error: frontier07398: task 810: Terminated
srun: error: frontier08704: task 1008: Terminated
srun: error: frontier00126: task 1: Terminated
srun: error: frontier08574: task 972: Terminated
srun: error: frontier06397: task 576: Terminated
srun: Force Terminated StepId=5138960.8
Running frontier nodes=128 ranks_per_node=9 dist=hierarchical_lockfree_rma mode=uniform expected_us=10 max_upper_fanout=4
srun: Step created for StepId=5138960.9
RESULT distributor=hierarchical_lockfree_rma mode=uniform expected_us=10 nodes=128 world_size=1152 max_upper_fanout=4 total_tasks=8628680 elapsed_s=20.0004 throughput_tasks_per_s=431425
MPICH Notice [Rank 0] [job id 5138960.9] [Sun Aug  2 04:37:23 2026] [frontier00126] - Abort(0) (rank 0 in comm 0): application called MPI_Abort(MPI_COMM_WORLD, 0) - process 0

aborting job:
application called MPI_Abort(MPI_COMM_WORLD, 0) - process 0
srun: error: frontier00126: task 0: Exited with exit code 255
srun: Terminating StepId=5138960.9
[2026-08-02T04:37:24.919] error: *** STEP 5138960.9 ON frontier00126 CANCELLED AT 2026-08-02T04:37:24 DUE TO TASK FAILURE ***
srun: error: frontier00126: tasks 2-8: Terminated
srun: error: frontier06238: tasks 532-539: Terminated
srun: error: frontier06625: tasks 613-620: Terminated
srun: error: frontier07164: tasks 748-755: Terminated
srun: error: frontier00892: tasks 64-71: Terminated
srun: error: frontier04598: tasks 235-242: Terminated
srun: error: frontier04352: tasks 190-197: Terminated
srun: error: frontier06372: tasks 559-566: Terminated
srun: error: frontier08574: tasks 973-980: Terminated
srun: error: frontier00638: tasks 37-44: Terminated
srun: error: frontier06108: tasks 505-512: Terminated
srun: error: frontier09088: tasks 1081-1088: Terminated
srun: error: frontier08957: tasks 1036-1043: Terminated
srun: error: frontier00640: tasks 46-53: Terminated
srun: error: frontier07291: tasks 784-791: Terminated
srun: error: frontier07384: tasks 793-800: Terminated
srun: error: frontier07511: tasks 829-836: Terminated
srun: error: frontier09449: tasks 1135-1142: Terminated
srun: error: frontier04596: tasks 226-233: Terminated
srun: error: frontier03440: tasks 127-134: Terminated
srun: error: frontier00768: tasks 55-62: Terminated
srun: error: frontier08704: tasks 1009-1016: Terminated
srun: error: frontier05098: tasks 316-323: Terminated
srun: error: frontier03454: tasks 136-143: Terminated
srun: error: frontier06775: tasks 631-638: Terminated
srun: error: frontier06900: tasks 667-674: Terminated
srun: error: frontier08703: tasks 1000-1007: Terminated
srun: error: frontier07163: tasks 739-746: Terminated
srun: error: frontier05503: tasks 397-404: Terminated
srun: error: frontier07398: tasks 811-818: Terminated
srun: error: frontier07039: tasks 712-719: Terminated
srun: error: frontier09446: tasks 1126-1133: Terminated
srun: error: frontier06769: tasks 622-629: Terminated
srun: error: frontier09342: tasks 1117-1124: Terminated
srun: error: frontier05866: tasks 451-458: Terminated
srun: error: frontier07135: tasks 730-737: Terminated
srun: error: frontier09458: tasks 1144-1151: Terminated
srun: error: frontier07134: tasks 721-728: Terminated
srun: error: frontier07513: tasks 838-845: Terminated
srun: error: frontier08192: tasks 955-962: Terminated
srun: error: frontier08038: tasks 937-944: Terminated
srun: error: frontier06210: tasks 514-521: Terminated
srun: error: frontier03711: tasks 145-152: Terminated
srun: error: frontier08831: tasks 1018-1025: Terminated
srun: error: frontier05371: tasks 352-359: Terminated
srun: error: frontier06107: tasks 496-503: Terminated
srun: error: frontier06776: tasks 640-647: Terminated
srun: error: frontier06778: tasks 649-656: Terminated
srun: error: frontier04858: tasks 307-314: Terminated
srun: error: frontier08958: tasks 1045-1052: Terminated
srun: error: frontier06261: tasks 541-548: Terminated
srun: error: frontier05613: tasks 415-422: Terminated
srun: error: frontier07396: tasks 802-809: Terminated
srun: error: frontier01392: tasks 109-116: Terminated
srun: error: frontier04224: tasks 172-179: Terminated
srun: error: frontier03828: tasks 154-161: Terminated
srun: error: frontier08064: tasks 946-953: Terminated
srun: error: frontier05862: tasks 442-449: Terminated
srun: error: frontier05990: tasks 478-485: Terminated
srun: error: frontier05103: tasks 325-332: Terminated
srun: error: frontier06893: tasks 658-665: Terminated
srun: error: frontier00636: tasks 19-26: Terminated
srun: error: frontier08959: tasks 1054-1061: Terminated
srun: error: frontier05502: tasks 388-395: Terminated
srun: error: frontier09215: tasks 1099-1106: Terminated
srun: error: frontier05504: tasks 406-413: Terminated
srun: error: frontier00379: tasks 10-17: Terminated
srun: error: frontier05111: tasks 343-350: Terminated
srun: error: frontier03968: tasks 163-170: Terminated
srun: error: frontier06609: tasks 604-611: Terminated
srun: error: frontier08702: tasks 991-998: Terminated
srun: error: frontier07636: tasks 865-872: Terminated
srun: error: frontier05373: tasks 361-368: Terminated
srun: error: frontier08573: tasks 964-971: Terminated
srun: error: frontier06909: tasks 676-683: Terminated
srun: error: frontier07802: tasks 901-908: Terminated
srun: error: frontier00894: tasks 73-80: Terminated
srun: error: frontier05997: tasks 487-494: Terminated
srun: error: frontier06360: tasks 550-557: Terminated
srun: error: frontier04351: tasks 181-188: Terminated
srun: error: frontier00895: tasks 82-89: Terminated
srun: error: frontier06397: tasks 577-584: Terminated
srun: error: frontier05374: tasks 370-377: Terminated
srun: error: frontier05632: tasks 433-440: Terminated
srun: error: frontier07651: tasks 874-881: Terminated
srun: error: frontier07005: tasks 694-701: Terminated
srun: error: frontier08832: tasks 1027-1034: Terminated
srun: error: frontier05966: tasks 469-476: Terminated
srun: error: frontier05631: tasks 424-431: Terminated
srun: error: frontier06526: tasks 595-602: Terminated
srun: error: frontier07264: tasks 766-773: Terminated
srun: error: frontier07808: tasks 910-917: Terminated
srun: error: frontier04731: tasks 271-278: Terminated
srun: error: frontier04468: tasks 199-206: Terminated
srun: error: frontier06496: tasks 586-593: Terminated
srun: error: frontier04857: tasks 298-305: Terminated
srun: error: frontier05108: tasks 334-341: Terminated
srun: error: frontier04730: tasks 262-269: Terminated
srun: error: frontier07037: tasks 703-710: Terminated
srun: error: frontier01400: tasks 118-125: Terminated
srun: error: frontier09086: tasks 1072-1079: Terminated
srun: error: frontier00637: tasks 28-35: Terminated
srun: error: frontier07935: tasks 928-935: Terminated
srun: error: frontier04853: tasks 289-296: Terminated
srun: error: frontier07675: tasks 892-899: Terminated
srun: error: frontier04848: tasks 280-287: Terminated
srun: error: frontier04471: tasks 208-215: Terminated
srun: error: frontier05375: tasks 379-386: Terminated
srun: error: frontier08575: tasks 982-989: Terminated
srun: error: frontier07290: tasks 775-782: Terminated
srun: error: frontier09216: tasks 1108-1115: Terminated
srun: error: frontier07543: tasks 847-854: Terminated
srun: error: frontier07544: tasks 856-863: Terminated
srun: error: frontier04607: tasks 244-251: Terminated
srun: error: frontier00896: tasks 91-98: Terminated
srun: error: frontier07674: tasks 883-890: Terminated
srun: error: frontier07934: tasks 919-926: Terminated
srun: error: frontier09085: tasks 1063-1070: Terminated
srun: error: frontier04477: tasks 217-224: Terminated
srun: error: frontier09212: tasks 1090-1097: Terminated
srun: error: frontier05867: tasks 460-467: Terminated
srun: error: frontier06995: tasks 685-692: Terminated
srun: error: frontier07263: tasks 757-764: Terminated
srun: error: frontier04608: tasks 253-260: Terminated
srun: error: frontier06228: tasks 523-530: Terminated
srun: error: frontier07417: tasks 820-827: Terminated
srun: error: frontier06395: tasks 568-575: Terminated
srun: error: frontier01391: tasks 100-107: Terminated
srun: error: frontier05098: task 315: Terminated
srun: error: frontier06900: task 666: Terminated
srun: error: frontier05866: task 450: Terminated
srun: error: frontier07039: task 711: Terminated
srun: error: frontier09449: task 1134: Terminated
srun: error: frontier04596: task 225: Terminated
srun: error: frontier04598: task 234: Terminated
srun: error: frontier03454: task 135: Terminated
srun: error: frontier05613: task 414: Terminated
srun: error: frontier03440: task 126: Terminated
srun: error: frontier07513: task 837: Terminated
srun: error: frontier06609: task 603: Terminated
srun: error: frontier01391: task 99: Terminated
srun: error: frontier07135: task 729: Terminated
srun: error: frontier04468: task 198: Terminated
srun: error: frontier05111: task 342: Terminated
srun: error: frontier08959: task 1053: Terminated
srun: error: frontier07417: task 819: Terminated
srun: error: frontier07808: task 909: Terminated
srun: error: frontier06395: task 567: Terminated
srun: error: frontier07935: task 927: Terminated
srun: error: frontier05990: task 477: Terminated
srun: error: frontier06526: task 594: Terminated
srun: error: frontier05502: task 387: Terminated
srun: error: frontier06238: task 531: Terminated
srun: error: frontier06769: task 621: Terminated
srun: error: frontier07543: task 846: Terminated
srun: error: frontier07164: task 747: Terminated
srun: error: frontier08703: task 999: Terminated
srun: error: frontier05862: task 441: Terminated
srun: error: frontier05631: task 423: Terminated
srun: error: frontier06210: task 513: Terminated
srun: error: frontier07163: task 738: Terminated
srun: error: frontier06372: task 558: Terminated
srun: error: frontier07291: task 783: Terminated
srun: error: frontier06107: task 495: Terminated
srun: error: frontier03828: task 153: Terminated
srun: error: frontier00895: task 81: Terminated
srun: error: frontier04858: task 306: Terminated
srun: error: frontier00636: task 18: Terminated
srun: error: frontier05997: task 486: Terminated
srun: error: frontier08575: task 981: Terminated
srun: error: frontier08702: task 990: Terminated
srun: error: frontier00637: task 27: Terminated
srun: error: frontier00892: task 63: Terminated
srun: error: frontier09086: task 1071: Terminated
srun: error: frontier05867: task 459: Terminated
srun: error: frontier06775: task 630: Terminated
srun: error: frontier09446: task 1125: Terminated
srun: error: frontier04731: task 270: Terminated
srun: error: frontier04848: task 279: Terminated
srun: error: frontier08573: task 963: Terminated
srun: error: frontier07037: task 702: Terminated
srun: error: frontier08192: task 954: Terminated
srun: error: frontier04730: task 261: Terminated
srun: error: frontier05371: task 351: Terminated
srun: error: frontier09212: task 1089: Terminated
srun: error: frontier04471: task 207: Terminated
srun: error: frontier08064: task 945: Terminated
srun: error: frontier00379: task 9: Terminated
srun: error: frontier00640: task 45: Terminated
srun: error: frontier05375: task 378: Terminated
srun: error: frontier09085: task 1062: Terminated
srun: error: frontier07290: task 774: Terminated
srun: error: frontier04352: task 189: Terminated
srun: error: frontier09458: task 1143: Terminated
srun: error: frontier09215: task 1098: Terminated
srun: error: frontier09216: task 1107: Terminated
srun: error: frontier08957: task 1035: Terminated
srun: error: frontier07544: task 855: Terminated
srun: error: frontier07934: task 918: Terminated
srun: error: frontier05108: task 333: Terminated
srun: error: frontier07005: task 693: Terminated
srun: error: frontier03968: task 162: Terminated
srun: error: frontier06360: task 549: Terminated
srun: error: frontier08831: task 1017: Terminated
srun: error: frontier08832: task 1026: Terminated
srun: error: frontier06228: task 522: Terminated
srun: error: frontier06496: task 585: Terminated
srun: error: frontier06909: task 675: Terminated
srun: error: frontier01400: task 117: Terminated
srun: error: frontier05374: task 369: Terminated
srun: error: frontier04857: task 297: Terminated
srun: error: frontier07264: task 765: Terminated
srun: error: frontier07396: task 801: Terminated
srun: error: frontier07398: task 810: Terminated
srun: error: frontier07651: task 873: Terminated
srun: error: frontier07674: task 882: Terminated
srun: error: frontier04607: task 243: Terminated
srun: error: frontier00896: task 90: Terminated
srun: error: frontier06776: task 639: Terminated
srun: error: frontier05504: task 405: Terminated
srun: error: frontier04224: task 171: Terminated
srun: error: frontier00894: task 72: Terminated
srun: error: frontier07675: task 891: Terminated
srun: error: frontier06893: task 657: Terminated
srun: error: frontier06108: task 504: Terminated
srun: error: frontier00768: task 54: Terminated
srun: error: frontier09342: task 1116: Terminated
srun: error: frontier06625: task 612: Terminated
srun: error: frontier06778: task 648: Terminated
srun: error: frontier00638: task 36: Terminated
srun: error: frontier08038: task 936: Terminated
srun: error: frontier01392: task 108: Terminated
srun: error: frontier07384: task 792: Terminated
srun: error: frontier07511: task 828: Terminated
srun: error: frontier05103: task 324: Terminated
srun: error: frontier05373: task 360: Terminated
srun: error: frontier04351: task 180: Terminated
srun: error: frontier04477: task 216: Terminated
srun: error: frontier05966: task 468: Terminated
srun: error: frontier08958: task 1044: Terminated
srun: error: frontier06261: task 540: Terminated
srun: error: frontier06995: task 684: Terminated
srun: error: frontier05503: task 396: Terminated
srun: error: frontier07263: task 756: Terminated
srun: error: frontier04608: task 252: Terminated
srun: error: frontier07134: task 720: Terminated
srun: error: frontier08574: task 972: Terminated
srun: error: frontier07802: task 900: Terminated
srun: error: frontier04853: task 288: Terminated
srun: error: frontier09088: task 1080: Terminated
srun: error: frontier08704: task 1008: Terminated
srun: error: frontier05632: task 432: Terminated
srun: error: frontier03711: task 144: Terminated
srun: error: frontier07636: task 864: Terminated
srun: error: frontier06397: task 576: Terminated
srun: error: frontier00126: task 1: Terminated
srun: Force Terminated StepId=5138960.9
Running frontier nodes=128 ranks_per_node=9 dist=hierarchical_lockfree_rma mode=uniform expected_us=100 max_upper_fanout=4
RESULT distributor=hierarchical_lockfree_rma mode=uniform expected_us=100 nodes=128 world_size=1152 max_upper_fanout=4 total_tasks=7552296 elapsed_s=20.0005 throughput_tasks_per_s=377604
MPICH Notice [Rank 0] [job id 5138960.10] [Sun Aug  2 04:38:36 2026] [frontier00126] - Abort(0) (rank 0 in comm 0): application called MPI_Abort(MPI_COMM_WORLD, 0) - process 0

aborting job:
application called MPI_Abort(MPI_COMM_WORLD, 0) - process 0
srun: error: frontier00126: task 0: Exited with exit code 255
srun: Terminating StepId=5138960.10
[2026-08-02T04:38:39.801] error: *** STEP 5138960.10 ON frontier00126 CANCELLED AT 2026-08-02T04:38:39 DUE TO TASK FAILURE ***
srun: error: frontier08704: tasks 1009-1016: Terminated
srun: error: frontier05867: tasks 460-467: Terminated
srun: error: frontier04471: tasks 208-215: Terminated
srun: error: frontier00126: tasks 2-8: Terminated
srun: error: frontier07005: tasks 694-701: Terminated
srun: error: frontier05997: tasks 487-494: Terminated
srun: error: frontier07417: tasks 820-827: Terminated
srun: error: frontier03828: tasks 154-161: Terminated
srun: error: frontier06769: tasks 622-629: Terminated
srun: error: frontier04468: tasks 199-206: Terminated
srun: error: frontier04598: tasks 235-242: Terminated
srun: error: frontier06395: tasks 568-575: Terminated
srun: error: frontier00892: tasks 64-71: Terminated
srun: error: frontier04730: tasks 262-269: Terminated
srun: error: frontier05632: tasks 433-440: Terminated
srun: error: frontier09458: tasks 1144-1151: Terminated
srun: error: frontier03440: tasks 127-134: Terminated
srun: error: frontier05371: tasks 352-359: Terminated
srun: error: frontier06397: tasks 577-584: Terminated
srun: error: frontier07674: tasks 883-890: Terminated
srun: error: frontier06778: tasks 649-656: Terminated
srun: error: frontier06228: tasks 523-530: Terminated
srun: error: frontier07396: tasks 802-809: Terminated
srun: error: frontier04731: tasks 271-278: Terminated
srun: error: frontier08957: tasks 1036-1043: Terminated
srun: error: frontier09086: tasks 1072-1079: Terminated
srun: error: frontier07037: tasks 703-710: Terminated
srun: error: frontier09085: tasks 1063-1070: Terminated
srun: error: frontier06900: tasks 667-674: Terminated
srun: error: frontier08703: tasks 1000-1007: Terminated
srun: error: frontier04224: tasks 172-179: Terminated
srun: error: frontier07808: tasks 910-917: Terminated
srun: error: frontier07135: tasks 730-737: Terminated
srun: error: frontier05613: tasks 415-422: Terminated
srun: error: frontier06372: tasks 559-566: Terminated
srun: error: frontier05103: tasks 325-332: Terminated
srun: error: frontier06360: tasks 550-557: Terminated
srun: error: frontier08831: tasks 1018-1025: Terminated
srun: error: frontier07263: tasks 757-764: Terminated
srun: error: frontier07651: tasks 874-881: Terminated
srun: error: frontier07511: tasks 829-836: Terminated
srun: error: frontier08832: tasks 1027-1034: Terminated
srun: error: frontier04848: tasks 280-287: Terminated
srun: error: frontier04351: tasks 181-188: Terminated
srun: error: frontier08574: tasks 973-980: Terminated
srun: error: frontier07543: tasks 847-854: Terminated
srun: error: frontier05866: tasks 451-458: Terminated
srun: error: frontier03454: tasks 136-143: Terminated
srun: error: frontier07264: tasks 766-773: Terminated
srun: error: frontier08573: tasks 964-971: Terminated
srun: error: frontier06909: tasks 676-683: Terminated
srun: error: frontier09212: tasks 1090-1097: Terminated
srun: error: frontier00640: tasks 46-53: Terminated
srun: error: frontier08064: tasks 946-953: Terminated
srun: error: frontier01400: tasks 118-125: Terminated
srun: error: frontier05631: tasks 424-431: Terminated
srun: error: frontier04857: tasks 298-305: Terminated
srun: error: frontier07384: tasks 793-800: Terminated
srun: error: frontier06238: tasks 532-539: Terminated
srun: error: frontier07636: tasks 865-872: Terminated
srun: error: frontier07802: tasks 901-908: Terminated
srun: error: frontier04853: tasks 289-296: Terminated
srun: error: frontier08959: tasks 1054-1061: Terminated
srun: error: frontier05502: tasks 388-395: Terminated
srun: error: frontier00894: tasks 73-80: Terminated
srun: error: frontier04352: tasks 190-197: Terminated
srun: error: frontier03711: tasks 145-152: Terminated
srun: error: frontier07544: tasks 856-863: Terminated
srun: error: frontier07513: tasks 838-845: Terminated
srun: error: frontier05108: tasks 334-341: Terminated
srun: error: frontier05503: tasks 397-404: Terminated
srun: error: frontier05375: tasks 379-386: Terminated
srun: error: frontier00638: tasks 37-44: Terminated
srun: error: frontier06108: tasks 505-512: Terminated
srun: error: frontier06261: tasks 541-548: Terminated
srun: error: frontier04858: tasks 307-314: Terminated
srun: error: frontier05111: tasks 343-350: Terminated
srun: error: frontier07675: tasks 892-899: Terminated
srun: error: frontier06893: tasks 658-665: Terminated
srun: error: frontier09215: tasks 1099-1106: Terminated
srun: error: frontier03968: tasks 163-170: Terminated
srun: error: frontier07935: tasks 928-935: Terminated
srun: error: frontier07164: tasks 748-755: Terminated
srun: error: frontier00768: tasks 55-62: Terminated
srun: error: frontier07039: tasks 712-719: Terminated
srun: error: frontier08702: tasks 991-998: Terminated
srun: error: frontier05504: tasks 406-413: Terminated
srun: error: frontier04596: tasks 226-233: Terminated
srun: error: frontier05098: tasks 316-323: Terminated
srun: error: frontier06210: tasks 514-521: Terminated
srun: error: frontier00896: tasks 91-98: Terminated
srun: error: frontier05374: tasks 370-377: Terminated
srun: error: frontier07934: tasks 919-926: Terminated
srun: error: frontier06995: tasks 685-692: Terminated
srun: error: frontier00636: tasks 19-26: Terminated
srun: error: frontier04477: tasks 217-224: Terminated
srun: error: frontier04608: tasks 253-260: Terminated
srun: error: frontier07290: tasks 775-782: Terminated
srun: error: frontier04607: tasks 244-251: Terminated
srun: error: frontier05862: tasks 442-449: Terminated
srun: error: frontier08038: tasks 937-944: Terminated
srun: error: frontier09449: tasks 1135-1142: Terminated
srun: error: frontier06609: tasks 604-611: Terminated
srun: error: frontier06496: tasks 586-593: Terminated
srun: error: frontier00895: tasks 82-89: Terminated
srun: error: frontier08575: tasks 982-989: Terminated
srun: error: frontier09446: tasks 1126-1133: Terminated
srun: error: frontier01392: tasks 109-116: Terminated
srun: error: frontier09342: tasks 1117-1124: Terminated
srun: error: frontier07134: tasks 721-728: Terminated
srun: error: frontier07291: tasks 784-791: Terminated
srun: error: frontier06775: tasks 631-638: Terminated
srun: error: frontier05990: tasks 478-485: Terminated
srun: error: frontier06526: tasks 595-602: Terminated
srun: error: frontier05966: tasks 469-476: Terminated
srun: error: frontier06776: tasks 640-647: Terminated
srun: error: frontier07398: tasks 811-818: Terminated
srun: error: frontier07163: tasks 739-746: Terminated
srun: error: frontier06625: tasks 613-620: Terminated
srun: error: frontier00637: tasks 28-35: Terminated
srun: error: frontier05373: tasks 361-368: Terminated
srun: error: frontier09088: tasks 1081-1088: Terminated
srun: error: frontier00379: tasks 10-17: Terminated
srun: error: frontier09216: tasks 1108-1115: Terminated
srun: error: frontier06107: tasks 496-503: Terminated
srun: error: frontier08192: tasks 955-962: Terminated
srun: error: frontier01391: tasks 100-107: Terminated
srun: error: frontier08958: tasks 1045-1052: Terminated
srun: error: frontier07808: task 909: Terminated
srun: error: frontier08959: task 1053: Terminated
srun: error: frontier07417: task 819: Terminated
srun: error: frontier08573: task 963: Terminated
srun: error: frontier06395: task 567: Terminated
srun: error: frontier04596: task 225: Terminated
srun: error: frontier03440: task 126: Terminated
srun: error: frontier09449: task 1134: Terminated
srun: error: frontier09085: task 1062: Terminated
srun: error: frontier07005: task 693: Terminated
srun: error: frontier07135: task 729: Terminated
srun: error: frontier07935: task 927: Terminated
srun: error: frontier01391: task 99: Terminated
srun: error: frontier05867: task 459: Terminated
srun: error: frontier04468: task 198: Terminated
srun: error: frontier05866: task 450: Terminated
srun: error: frontier05371: task 351: Terminated
srun: error: frontier06228: task 522: Terminated
srun: error: frontier05111: task 342: Terminated
srun: error: frontier07513: task 837: Terminated
srun: error: frontier07543: task 846: Terminated
srun: error: frontier07544: task 855: Terminated
srun: error: frontier07291: task 783: Terminated
srun: error: frontier09212: task 1089: Terminated
srun: error: frontier08831: task 1017: Terminated
srun: error: frontier06526: task 594: Terminated
srun: error: frontier05862: task 441: Terminated
srun: error: frontier06372: task 558: Terminated
srun: error: frontier08703: task 999: Terminated
srun: error: frontier04858: task 306: Terminated
srun: error: frontier05098: task 315: Terminated
srun: error: frontier05997: task 486: Terminated
srun: error: frontier06893: task 657: Terminated
srun: error: frontier04471: task 207: Terminated
srun: error: frontier07037: task 702: Terminated
srun: error: frontier05502: task 387: Terminated
srun: error: frontier00636: task 18: Terminated
srun: error: frontier00895: task 81: Terminated
srun: error: frontier06360: task 549: Terminated
srun: error: frontier07164: task 747: Terminated
srun: error: frontier04352: task 189: Terminated
srun: error: frontier07039: task 711: Terminated
srun: error: frontier06776: task 639: Terminated
srun: error: frontier08064: task 945: Terminated
srun: error: frontier05108: task 333: Terminated
srun: error: frontier05990: task 477: Terminated
srun: error: frontier06210: task 513: Terminated
srun: error: frontier01400: task 117: Terminated
srun: error: frontier04730: task 261: Terminated
srun: error: frontier06769: task 621: Terminated
srun: error: frontier05613: task 414: Terminated
srun: error: frontier05631: task 423: Terminated
srun: error: frontier03454: task 135: Terminated
srun: error: frontier08957: task 1035: Terminated
srun: error: frontier08702: task 990: Terminated
srun: error: frontier00768: task 54: Terminated
srun: error: frontier06107: task 495: Terminated
srun: error: frontier06238: task 531: Terminated
srun: error: frontier04731: task 270: Terminated
srun: error: frontier00379: task 9: Terminated
srun: error: frontier07290: task 774: Terminated
srun: error: frontier08832: task 1026: Terminated
srun: error: frontier07264: task 765: Terminated
srun: error: frontier03828: task 153: Terminated
srun: error: frontier04857: task 297: Terminated
srun: error: frontier04848: task 279: Terminated
srun: error: frontier07674: task 882: Terminated
srun: error: frontier05375: task 378: Terminated
srun: error: frontier07651: task 873: Terminated
srun: error: frontier07396: task 801: Terminated
srun: error: frontier00637: task 27: Terminated
srun: error: frontier00892: task 63: Terminated
srun: error: frontier09446: task 1125: Terminated
srun: error: frontier09216: task 1107: Terminated
srun: error: frontier06609: task 603: Terminated
srun: error: frontier05374: task 369: Terminated
srun: error: frontier05504: task 405: Terminated
srun: error: frontier06775: task 630: Terminated
srun: error: frontier04598: task 234: Terminated
srun: error: frontier03968: task 162: Terminated
srun: error: frontier07163: task 738: Terminated
srun: error: frontier09215: task 1098: Terminated
srun: error: frontier06909: task 675: Terminated
srun: error: frontier08192: task 954: Terminated
srun: error: frontier06496: task 585: Terminated
srun: error: frontier04607: task 243: Terminated
srun: error: frontier09458: task 1143: Terminated
srun: error: frontier00640: task 45: Terminated
srun: error: frontier07675: task 891: Terminated
srun: error: frontier00896: task 90: Terminated
srun: error: frontier06900: task 666: Terminated
srun: error: frontier07398: task 810: Terminated
srun: error: frontier08575: task 981: Terminated
srun: error: frontier09086: task 1071: Terminated
srun: error: frontier07934: task 918: Terminated
srun: error: frontier04224: task 171: Terminated
srun: error: frontier06108: task 504: Terminated
srun: error: frontier07263: task 756: Terminated
srun: error: frontier05373: task 360: Terminated
srun: error: frontier08958: task 1044: Terminated
srun: error: frontier09088: task 1080: Terminated
srun: error: frontier07802: task 900: Terminated
srun: error: frontier07511: task 828: Terminated
srun: error: frontier06261: task 540: Terminated
srun: error: frontier07384: task 792: Terminated
srun: error: frontier06625: task 612: Terminated
srun: error: frontier08574: task 972: Terminated
srun: error: frontier05966: task 468: Terminated
srun: error: frontier08038: task 936: Terminated
srun: error: frontier06778: task 648: Terminated
srun: error: frontier09342: task 1116: Terminated
srun: error: frontier00894: task 72: Terminated
srun: error: frontier05103: task 324: Terminated
srun: error: frontier04608: task 252: Terminated
srun: error: frontier04351: task 180: Terminated
srun: error: frontier04477: task 216: Terminated
srun: error: frontier00638: task 36: Terminated
srun: error: frontier05503: task 396: Terminated
srun: error: frontier01392: task 108: Terminated
srun: error: frontier06995: task 684: Terminated
srun: error: frontier07134: task 720: Terminated
srun: error: frontier05632: task 432: Terminated
srun: error: frontier08704: task 1008: Terminated
srun: error: frontier04853: task 288: Terminated
srun: error: frontier07636: task 864: Terminated
srun: error: frontier03711: task 144: Terminated
srun: error: frontier06397: task 576: Terminated
srun: error: frontier00126: task 1: Terminated
srun: Force Terminated StepId=5138960.10
Running frontier nodes=128 ranks_per_node=9 dist=hierarchical_lockfree_rma mode=uniform expected_us=1000 max_upper_fanout=4
RESULT distributor=hierarchical_lockfree_rma mode=uniform expected_us=1000 nodes=128 world_size=1152 max_upper_fanout=4 total_tasks=1646903 elapsed_s=20.0004 throughput_tasks_per_s=82343.4
MPICH Notice [Rank 0] [job id 5138960.11] [Sun Aug  2 04:39:33 2026] [frontier00126] - Abort(0) (rank 0 in comm 0): application called MPI_Abort(MPI_COMM_WORLD, 0) - process 0

aborting job:
application called MPI_Abort(MPI_COMM_WORLD, 0) - process 0
srun: error: frontier00126: task 0: Exited with exit code 255
srun: Terminating StepId=5138960.11
[2026-08-02T04:39:34.050] error: *** STEP 5138960.11 ON frontier00126 CANCELLED AT 2026-08-02T04:39:34 DUE TO TASK FAILURE ***
srun: error: frontier00126: tasks 2-8: Terminated
srun: error: frontier05504: tasks 406-413: Terminated
srun: error: frontier07513: tasks 838-845: Terminated
srun: error: frontier09449: tasks 1135-1142: Terminated
srun: error: frontier07291: tasks 784-791: Terminated
srun: error: frontier07263: tasks 757-764: Terminated
srun: error: frontier07163: tasks 739-746: Terminated
srun: error: frontier05866: tasks 451-458: Terminated
srun: error: frontier00637: tasks 28-35: Terminated
srun: error: frontier07543: tasks 847-854: Terminated
srun: error: frontier09086: tasks 1072-1079: Terminated
srun: error: frontier07636: tasks 865-872: Terminated
srun: error: frontier04858: tasks 307-314: Terminated
srun: error: frontier08573: tasks 964-971: Terminated
srun: error: frontier01392: tasks 109-116: Terminated
srun: error: frontier06893: tasks 658-665: Terminated
srun: error: frontier03828: tasks 154-161: Terminated
srun: error: frontier08959: tasks 1054-1061: Terminated
srun: error: frontier06107: tasks 496-503: Terminated
srun: error: frontier07511: tasks 829-836: Terminated
srun: error: frontier05632: tasks 433-440: Terminated
srun: error: frontier08704: tasks 1009-1016: Terminated
srun: error: frontier04598: tasks 235-242: Terminated
srun: error: frontier00768: tasks 55-62: Terminated
srun: error: frontier04848: tasks 280-287: Terminated
srun: error: frontier06776: tasks 640-647: Terminated
srun: error: frontier06778: tasks 649-656: Terminated
srun: error: frontier07039: tasks 712-719: Terminated
srun: error: frontier07808: tasks 910-917: Terminated
srun: error: frontier04607: tasks 244-251: Terminated
srun: error: frontier06228: tasks 523-530: Terminated
srun: error: frontier09446: tasks 1126-1133: Terminated
srun: error: frontier05997: tasks 487-494: Terminated
srun: error: frontier00379: tasks 10-17: Terminated
srun: error: frontier06496: tasks 586-593: Terminated
srun: error: frontier04857: tasks 298-305: Terminated
srun: error: frontier09085: tasks 1063-1070: Terminated
srun: error: frontier06108: tasks 505-512: Terminated
srun: error: frontier04477: tasks 217-224: Terminated
srun: error: frontier09342: tasks 1117-1124: Terminated
srun: error: frontier06238: tasks 532-539: Terminated
srun: error: frontier06261: tasks 541-548: Terminated
srun: error: frontier04596: tasks 226-233: Terminated
srun: error: frontier07290: tasks 775-782: Terminated
srun: error: frontier03454: tasks 136-143: Terminated
srun: error: frontier05862: tasks 442-449: Terminated
srun: error: frontier07396: tasks 802-809: Terminated
srun: error: frontier07398: tasks 811-818: Terminated
srun: error: frontier07802: tasks 901-908: Terminated
srun: error: frontier06372: tasks 559-566: Terminated
srun: error: frontier05375: tasks 379-386: Terminated
srun: error: frontier07264: tasks 766-773: Terminated
srun: error: frontier08702: tasks 991-998: Terminated
srun: error: frontier05867: tasks 460-467: Terminated
srun: error: frontier09458: tasks 1144-1151: Terminated
srun: error: frontier07674: tasks 883-890: Terminated
srun: error: frontier09088: tasks 1081-1088: Terminated
srun: error: frontier04608: tasks 253-260: Terminated
srun: error: frontier05098: tasks 316-323: Terminated
srun: error: frontier03968: tasks 163-170: Terminated
srun: error: frontier08192: tasks 955-962: Terminated
srun: error: frontier00636: tasks 19-26: Terminated
srun: error: frontier05371: tasks 352-359: Terminated
srun: error: frontier07651: tasks 874-881: Terminated
srun: error: frontier05990: tasks 478-485: Terminated
srun: error: frontier08832: tasks 1027-1034: Terminated
srun: error: frontier05502: tasks 388-395: Terminated
srun: error: frontier04853: tasks 289-296: Terminated
srun: error: frontier07675: tasks 892-899: Terminated
srun: error: frontier05108: tasks 334-341: Terminated
srun: error: frontier07005: tasks 694-701: Terminated
srun: error: frontier04731: tasks 271-278: Terminated
srun: error: frontier05966: tasks 469-476: Terminated
srun: error: frontier07544: tasks 856-863: Terminated
srun: error: frontier05103: tasks 325-332: Terminated
srun: error: frontier03711: tasks 145-152: Terminated
srun: error: frontier01391: tasks 100-107: Terminated
srun: error: frontier08574: tasks 973-980: Terminated
srun: error: frontier00896: tasks 91-98: Terminated
srun: error: frontier04351: tasks 181-188: Terminated
srun: error: frontier08064: tasks 946-953: Terminated
srun: error: frontier04468: tasks 199-206: Terminated
srun: error: frontier04471: tasks 208-215: Terminated
srun: error: frontier06395: tasks 568-575: Terminated
srun: error: frontier00892: tasks 64-71: Terminated
srun: error: frontier00894: tasks 73-80: Terminated
srun: error: frontier06526: tasks 595-602: Terminated
srun: error: frontier07384: tasks 793-800: Terminated
srun: error: frontier05111: tasks 343-350: Terminated
srun: error: frontier07135: tasks 730-737: Terminated
srun: error: frontier07417: tasks 820-827: Terminated
srun: error: frontier09215: tasks 1099-1106: Terminated
srun: error: frontier07934: tasks 919-926: Terminated
srun: error: frontier07935: tasks 928-935: Terminated
srun: error: frontier03440: tasks 127-134: Terminated
srun: error: frontier07037: tasks 703-710: Terminated
srun: error: frontier05613: tasks 415-422: Terminated
srun: error: frontier04730: tasks 262-269: Terminated
srun: error: frontier06210: tasks 514-521: Terminated
srun: error: frontier05373: tasks 361-368: Terminated
srun: error: frontier05503: tasks 397-404: Terminated
srun: error: frontier08703: tasks 1000-1007: Terminated
srun: error: frontier06360: tasks 550-557: Terminated
srun: error: frontier07164: tasks 748-755: Terminated
srun: error: frontier06909: tasks 676-683: Terminated
srun: error: frontier04224: tasks 172-179: Terminated
srun: error: frontier05631: tasks 424-431: Terminated
srun: error: frontier00895: tasks 82-89: Terminated
srun: error: frontier09212: tasks 1090-1097: Terminated
srun: error: frontier00640: tasks 46-53: Terminated
srun: error: frontier04352: tasks 190-197: Terminated
srun: error: frontier00638: tasks 37-44: Terminated
srun: error: frontier05374: tasks 370-377: Terminated
srun: error: frontier09216: tasks 1108-1115: Terminated
srun: error: frontier06609: tasks 604-611: Terminated
srun: error: frontier08958: tasks 1045-1052: Terminated
srun: error: frontier06775: tasks 631-638: Terminated
srun: error: frontier06625: tasks 613-620: Terminated
srun: error: frontier08575: tasks 982-989: Terminated
srun: error: frontier08831: tasks 1018-1025: Terminated
srun: error: frontier06995: tasks 685-692: Terminated
srun: error: frontier08038: tasks 937-944: Terminated
srun: error: frontier01400: tasks 118-125: Terminated
srun: error: frontier06397: tasks 577-584: Terminated
srun: error: frontier08957: tasks 1036-1043: Terminated
srun: error: frontier07134: tasks 721-728: Terminated
srun: error: frontier06769: tasks 622-629: Terminated
srun: error: frontier06900: tasks 667-674: Terminated
srun: error: frontier06228: task 522: Terminated
srun: error: frontier06107: task 495: Terminated
srun: error: frontier08959: task 1053: Terminated
srun: error: frontier04596: task 225: Terminated
srun: error: frontier00637: task 27: Terminated
srun: error: frontier07039: task 711: Terminated
srun: error: frontier04598: task 234: Terminated
srun: error: frontier05997: task 486: Terminated
srun: error: frontier04858: task 306: Terminated
srun: error: frontier07291: task 783: Terminated
srun: error: frontier00379: task 9: Terminated
srun: error: frontier06395: task 567: Terminated
srun: error: frontier05502: task 387: Terminated
srun: error: frontier05631: task 423: Terminated
srun: error: frontier06526: task 594: Terminated
srun: error: frontier05862: task 441: Terminated
srun: error: frontier07808: task 909: Terminated
srun: error: frontier09449: task 1134: Terminated
srun: error: frontier07417: task 819: Terminated
srun: error: frontier01391: task 99: Terminated
srun: error: frontier05867: task 459: Terminated
srun: error: frontier06893: task 657: Terminated
srun: error: frontier05866: task 450: Terminated
srun: error: frontier09212: task 1089: Terminated
srun: error: frontier09086: task 1071: Terminated
srun: error: frontier08575: task 981: Terminated
srun: error: frontier06776: task 639: Terminated
srun: error: frontier04468: task 198: Terminated
srun: error: frontier07935: task 927: Terminated
srun: error: frontier04471: task 207: Terminated
srun: error: frontier03454: task 135: Terminated
srun: error: frontier04848: task 279: Terminated
srun: error: frontier07544: task 855: Terminated
srun: error: frontier07513: task 837: Terminated
srun: error: frontier05990: task 477: Terminated
srun: error: frontier06238: task 531: Terminated
srun: error: frontier05108: task 333: Terminated
srun: error: frontier07164: task 747: Terminated
srun: error: frontier04607: task 243: Terminated
srun: error: frontier07651: task 873: Terminated
srun: error: frontier06372: task 558: Terminated
srun: error: frontier00895: task 81: Terminated
srun: error: frontier09085: task 1062: Terminated
srun: error: frontier05098: task 315: Terminated
srun: error: frontier00636: task 18: Terminated
srun: error: frontier08573: task 963: Terminated
srun: error: frontier06775: task 630: Terminated
srun: error: frontier08702: task 990: Terminated
srun: error: frontier06210: task 513: Terminated
srun: error: frontier07543: task 846: Terminated
srun: error: frontier03828: task 153: Terminated
srun: error: frontier05504: task 405: Terminated
srun: error: frontier07163: task 738: Terminated
srun: error: frontier09446: task 1125: Terminated
srun: error: frontier05111: task 342: Terminated
srun: error: frontier05371: task 351: Terminated
srun: error: frontier07290: task 774: Terminated
srun: error: frontier00768: task 54: Terminated
srun: error: frontier04730: task 261: Terminated
srun: error: frontier04857: task 297: Terminated
srun: error: frontier00892: task 63: Terminated
srun: error: frontier07674: task 882: Terminated
srun: error: frontier08703: task 999: Terminated
srun: error: frontier07264: task 765: Terminated
srun: error: frontier07135: task 729: Terminated
srun: error: frontier07934: task 918: Terminated
srun: error: frontier06360: task 549: Terminated
srun: error: frontier03440: task 126: Terminated
srun: error: frontier05613: task 414: Terminated
srun: error: frontier07037: task 702: Terminated
srun: error: frontier09458: task 1143: Terminated
srun: error: frontier08192: task 954: Terminated
srun: error: frontier06900: task 666: Terminated
srun: error: frontier06769: task 621: Terminated
srun: error: frontier07005: task 693: Terminated
srun: error: frontier05375: task 378: Terminated
srun: error: frontier08957: task 1035: Terminated
srun: error: frontier05374: task 369: Terminated
srun: error: frontier06496: task 585: Terminated
srun: error: frontier09215: task 1098: Terminated
srun: error: frontier01400: task 117: Terminated
srun: error: frontier06609: task 603: Terminated
srun: error: frontier00640: task 45: Terminated
srun: error: frontier08831: task 1017: Terminated
srun: error: frontier00896: task 90: Terminated
srun: error: frontier04731: task 270: Terminated
srun: error: frontier03968: task 162: Terminated
srun: error: frontier08832: task 1026: Terminated
srun: error: frontier09216: task 1107: Terminated
srun: error: frontier06909: task 675: Terminated
srun: error: frontier08064: task 945: Terminated
srun: error: frontier04352: task 189: Terminated
srun: error: frontier07396: task 801: Terminated
srun: error: frontier07398: task 810: Terminated
srun: error: frontier07675: task 891: Terminated
srun: error: frontier04224: task 171: Terminated
srun: error: frontier01392: task 108: Terminated
srun: error: frontier04608: task 252: Terminated
srun: error: frontier00638: task 36: Terminated
srun: error: frontier00894: task 72: Terminated
srun: error: frontier06778: task 648: Terminated
srun: error: frontier09342: task 1116: Terminated
srun: error: frontier04477: task 216: Terminated
srun: error: frontier06261: task 540: Terminated
srun: error: frontier05103: task 324: Terminated
srun: error: frontier07511: task 828: Terminated
srun: error: frontier05966: task 468: Terminated
srun: error: frontier06108: task 504: Terminated
srun: error: frontier08038: task 936: Terminated
srun: error: frontier06995: task 684: Terminated
srun: error: frontier06625: task 612: Terminated
srun: error: frontier08574: task 972: Terminated
srun: error: frontier07263: task 756: Terminated
srun: error: frontier05373: task 360: Terminated
srun: error: frontier04351: task 180: Terminated
srun: error: frontier07802: task 900: Terminated
srun: error: frontier07384: task 792: Terminated
srun: error: frontier09088: task 1080: Terminated
srun: error: frontier08958: task 1044: Terminated
srun: error: frontier05503: task 396: Terminated
srun: error: frontier08704: task 1008: Terminated
srun: error: frontier05632: task 432: Terminated
srun: error: frontier07134: task 720: Terminated
srun: error: frontier04853: task 288: Terminated
srun: error: frontier07636: task 864: Terminated
srun: error: frontier03711: task 144: Terminated
srun: error: frontier00126: task 1: Terminated
srun: error: frontier06397: task 576: Terminated
srun: Force Terminated StepId=5138960.11
Running frontier nodes=128 ranks_per_node=56 dist=hierarchical mode=fixed expected_us=10 max_upper_fanout=4
srun: Step created for StepId=5138960.12
RESULT distributor=hierarchical mode=fixed expected_us=10 nodes=128 world_size=7168 max_upper_fanout=4 total_tasks=33786936 elapsed_s=20.0182 throughput_tasks_per_s=1.68781e+06
MPICH Notice [Rank 0] [job id 5138960.12] [Sun Aug  2 04:39:59 2026] [frontier00126] - Abort(0) (rank 0 in comm 0): application called MPI_Abort(MPI_COMM_WORLD, 0) - process 0

aborting job:
application called MPI_Abort(MPI_COMM_WORLD, 0) - process 0
srun: error: frontier00126: task 0: Exited with exit code 255
srun: Terminating StepId=5138960.12
[2026-08-02T04:39:59.781] error: *** STEP 5138960.12 ON frontier00126 CANCELLED AT 2026-08-02T04:39:59 DUE TO TASK FAILURE ***
srun: error: frontier00126: tasks 1-55: Terminated
srun: error: frontier07163: tasks 4592-4647: Terminated
srun: error: frontier00637: tasks 168-223: Terminated
srun: error: frontier05862: tasks 2744-2799: Terminated
srun: error: frontier07808: tasks 5656-5711: Terminated
srun: error: frontier04607: tasks 1512-1567: Terminated
srun: error: frontier08192: tasks 5936-5991: Terminated
srun: error: frontier05503: tasks 2464-2519: Terminated
srun: error: frontier04477: tasks 1344-1399: Terminated
srun: error: frontier07935: tasks 5768-5823: Terminated
srun: error: frontier07164: tasks 4648-4703: Terminated
srun: error: frontier04857: tasks 1848-1903: Terminated
srun: error: frontier06995: tasks 4256-4311: Terminated
srun: error: frontier04853: tasks 1792-1847: Terminated
srun: error: frontier05632: tasks 2688-2743: Terminated
srun: error: frontier07264: tasks 4760-4815: Terminated
srun: error: frontier04471: tasks 1288-1343: Terminated
srun: error: frontier00768: tasks 336-391: Terminated
srun: error: frontier04608: tasks 1568-1623: Terminated
srun: error: frontier00894: tasks 448-503: Terminated
srun: error: frontier06778: tasks 4032-4087: Terminated
srun: error: frontier04468: tasks 1232-1287: Terminated
srun: error: frontier06625: tasks 3808-3863: Terminated
srun: error: frontier09088: tasks 6720-6775: Terminated
srun: error: frontier07417: tasks 5096-5151: Terminated
srun: error: frontier06238: tasks 3304-3359: Terminated
srun: error: frontier07263: tasks 4704-4759: Terminated
srun: error: frontier00892: tasks 392-447: Terminated
srun: error: frontier04351: tasks 1120-1175: Terminated
srun: error: frontier01392: tasks 672-727: Terminated
srun: error: frontier06360: tasks 3416-3471: Terminated
srun: error: frontier06900: tasks 4144-4199: Terminated
srun: error: frontier07398: tasks 5040-5095: Terminated
srun: error: frontier04858: tasks 1904-1959: Terminated
srun: error: frontier07396: tasks 4984-5039: Terminated
srun: error: frontier09216: tasks 6888-6943: Terminated
srun: error: frontier06228: tasks 3248-3303: Terminated
srun: error: frontier07511: tasks 5152-5207: Terminated
srun: error: frontier05375: tasks 2352-2407: Terminated
srun: error: frontier09458: tasks 7112-7167: Terminated
srun: error: frontier08702: tasks 6160-6215: Terminated
srun: error: frontier06395: tasks 3528-3583: Terminated
srun: error: frontier07384: tasks 4928-4983: Terminated
srun: error: frontier09215: tasks 6832-6887: Terminated
srun: error: frontier03454: tasks 840-895: Terminated
srun: error: frontier04848: tasks 1736-1791: Terminated
srun: error: frontier07544: tasks 5320-5375: Terminated
srun: error: frontier05504: tasks 2520-2575: Terminated
srun: error: frontier00638: tasks 224-279: Terminated
srun: error: frontier05866: tasks 2800-2855: Terminated
srun: error: frontier07513: tasks 5208-5263: Terminated
srun: error: frontier06609: tasks 3752-3807: Terminated
srun: error: frontier06372: tasks 3472-3527: Terminated
srun: error: frontier05997: tasks 3024-3079: Terminated
srun: error: frontier05108: tasks 2072-2127: Terminated
srun: error: frontier08573: tasks 5992-6047: Terminated
srun: error: frontier08959: tasks 6552-6607: Terminated
srun: error: frontier04596: tasks 1400-1455: Terminated
srun: error: frontier05631: tasks 2632-2687: Terminated
srun: error: frontier07934: tasks 5712-5767: Terminated
srun: error: frontier06893: tasks 4088-4143: Terminated
srun: error: frontier00636: tasks 112-167: Terminated
srun: error: frontier00895: tasks 504-559: Terminated
srun: error: frontier05502: tasks 2408-2463: Terminated
srun: error: frontier09446: tasks 7000-7055: Terminated
srun: error: frontier03968: tasks 1008-1063: Terminated
srun: error: frontier09342: tasks 6944-6999: Terminated
srun: error: frontier08038: tasks 5824-5879: Terminated
srun: error: frontier07675: tasks 5544-5599: Terminated
srun: error: frontier01400: tasks 728-783: Terminated
srun: error: frontier03828: tasks 952-1007: Terminated
srun: error: frontier08574: tasks 6048-6103: Terminated
srun: error: frontier08704: tasks 6272-6327: Terminated
srun: error: frontier01391: tasks 616-671: Terminated
srun: error: frontier07037: tasks 4368-4423: Terminated
srun: error: frontier09085: tasks 6608-6663: Terminated
srun: error: frontier08831: tasks 6328-6383: Terminated
srun: error: frontier07291: tasks 4872-4927: Terminated
srun: error: frontier07543: tasks 5264-5319: Terminated
srun: error: frontier05098: tasks 1960-2015: Terminated
srun: error: frontier08832: tasks 6384-6439: Terminated
srun: error: frontier04224: tasks 1064-1119: Terminated
srun: error: frontier06108: tasks 3136-3191: Terminated
srun: error: frontier08703: tasks 6216-6271: Terminated
srun: error: frontier05373: tasks 2240-2295: Terminated
srun: error: frontier05111: tasks 2128-2183: Terminated
srun: error: frontier09449: tasks 7056-7111: Terminated
srun: error: frontier09212: tasks 6776-6831: Terminated
srun: error: frontier05990: tasks 2968-3023: Terminated
srun: error: frontier04352: tasks 1176-1231: Terminated
srun: error: frontier08957: tasks 6440-6495: Terminated
srun: error: frontier03440: tasks 784-839: Terminated
srun: error: frontier08064: tasks 5880-5935: Terminated
srun: error: frontier07802: tasks 5600-5655: Terminated
srun: error: frontier06776: tasks 3976-4031: Terminated
srun: error: frontier07636: tasks 5376-5431: Terminated
srun: error: frontier07651: tasks 5432-5487: Terminated
srun: error: frontier06496: tasks 3640-3695: Terminated
srun: error: frontier06909: tasks 4200-4255: Terminated
srun: error: frontier06107: tasks 3080-3135: Terminated
srun: error: frontier07005: tasks 4312-4367: Terminated
srun: error: frontier05103: tasks 2016-2071: Terminated
srun: error: frontier05613: tasks 2576-2631: Terminated
srun: error: frontier09086: tasks 6664-6719: Terminated
srun: error: frontier07135: tasks 4536-4591: Terminated
srun: error: frontier00379: tasks 56-111: Terminated
srun: error: frontier05374: tasks 2296-2351: Terminated
srun: error: frontier06526: tasks 3696-3751: Terminated
srun: error: frontier07039: tasks 4424-4479: Terminated
srun: error: frontier07674: tasks 5488-5543: Terminated
srun: error: frontier06210: tasks 3192-3247: Terminated
srun: error: frontier06397: tasks 3584-3639: Terminated
srun: error: frontier08958: tasks 6496-6551: Terminated
srun: error: frontier04731: tasks 1680-1735: Terminated
srun: error: frontier06775: tasks 3920-3975: Terminated
srun: error: frontier04598: tasks 1456-1511: Terminated
srun: error: frontier05867: tasks 2856-2911: Terminated
srun: error: frontier08575: tasks 6104-6159: Terminated
srun: error: frontier07134: tasks 4480-4535: Terminated
srun: error: frontier06261: tasks 3360-3415: Terminated
srun: error: frontier05966: tasks 2912-2967: Terminated
srun: error: frontier07290: tasks 4816-4871: Terminated
srun: error: frontier06769: tasks 3864-3919: Terminated
srun: error: frontier03711: tasks 896-951: Terminated
srun: error: frontier00640: tasks 280-335: Terminated
srun: error: frontier05371: tasks 2184-2239: Terminated
srun: error: frontier00896: tasks 560-615: Terminated
srun: error: frontier04730: tasks 1624-1679: Terminated
srun: Force Terminated StepId=5138960.12
Running frontier nodes=128 ranks_per_node=56 dist=hierarchical mode=fixed expected_us=100 max_upper_fanout=4
srun: Step created for StepId=5138960.13
RESULT distributor=hierarchical mode=fixed expected_us=100 nodes=128 world_size=7168 max_upper_fanout=4 total_tasks=22562910 elapsed_s=20.025 throughput_tasks_per_s=1.12674e+06
MPICH Notice [Rank 0] [job id 5138960.13] [Sun Aug  2 04:40:30 2026] [frontier00126] - Abort(0) (rank 0 in comm 0): application called MPI_Abort(MPI_COMM_WORLD, 0) - process 0

aborting job:
application called MPI_Abort(MPI_COMM_WORLD, 0) - process 0
srun: error: frontier00126: task 0: Exited with exit code 255
srun: Terminating StepId=5138960.13
[2026-08-02T04:40:30.646] error: *** STEP 5138960.13 ON frontier00126 CANCELLED AT 2026-08-02T04:40:30 DUE TO TASK FAILURE ***
srun: error: frontier00126: tasks 1-55: Terminated
srun: error: frontier06107: tasks 3080-3135: Terminated
srun: error: frontier05990: tasks 2968-3023: Terminated
srun: error: frontier05613: tasks 2576-2631: Terminated
srun: error: frontier04607: tasks 1512-1567: Terminated
srun: error: frontier06397: tasks 3584-3639: Terminated
srun: error: frontier06210: tasks 3192-3247: Terminated
srun: error: frontier06609: tasks 3752-3807: Terminated
srun: error: frontier04730: tasks 1624-1679: Terminated
srun: error: frontier04352: tasks 1176-1231: Terminated
srun: error: frontier04858: tasks 1904-1959: Terminated
srun: error: frontier05631: tasks 2632-2687: Terminated
srun: error: frontier03968: tasks 1008-1063: Terminated
srun: error: frontier03711: tasks 896-951: Terminated
srun: error: frontier06108: tasks 3136-3191: Terminated
srun: error: frontier05103: tasks 2016-2071: Terminated
srun: error: frontier04224: tasks 1064-1119: Terminated
srun: error: frontier05374: tasks 2296-2351: Terminated
srun: error: frontier00637: tasks 168-223: Terminated
srun: error: frontier05502: tasks 2408-2463: Terminated
srun: error: frontier04471: tasks 1288-1343: Terminated
srun: error: frontier01392: tasks 672-727: Terminated
srun: error: frontier05373: tasks 2240-2295: Terminated
srun: error: frontier00636: tasks 112-167: Terminated
srun: error: frontier00768: tasks 336-391: Terminated
srun: error: frontier06228: tasks 3248-3303: Terminated
srun: error: frontier05503: tasks 2464-2519: Terminated
srun: error: frontier05632: tasks 2688-2743: Terminated
srun: error: frontier00379: tasks 56-111: Terminated
srun: error: frontier03440: tasks 784-839: Terminated
srun: error: frontier06395: tasks 3528-3583: Terminated
srun: error: frontier04848: tasks 1736-1791: Terminated
srun: error: frontier04853: tasks 1792-1847: Terminated
srun: error: frontier09449: tasks 7056-7111: Terminated
srun: error: frontier00896: tasks 560-615: Terminated
srun: error: frontier00894: tasks 448-503: Terminated
srun: error: frontier07037: tasks 4368-4423: Terminated
srun: error: frontier05862: tasks 2744-2799: Terminated
srun: error: frontier05111: tasks 2128-2183: Terminated
srun: error: frontier05371: tasks 2184-2239: Terminated
srun: error: frontier04608: tasks 1568-1623: Terminated
srun: error: frontier04351: tasks 1120-1175: Terminated
srun: error: frontier05867: tasks 2856-2911: Terminated
srun: error: frontier08704: tasks 6272-6327: Terminated
srun: error: frontier00640: tasks 280-335: Terminated
srun: error: frontier00895: tasks 504-559: Terminated
srun: error: frontier07163: tasks 4592-4647: Terminated
srun: error: frontier06238: tasks 3304-3359: Terminated
srun: error: frontier08959: tasks 6552-6607: Terminated
srun: error: frontier06360: tasks 3416-3471: Terminated
srun: error: frontier08831: tasks 6328-6383: Terminated
srun: error: frontier08832: tasks 6384-6439: Terminated
srun: error: frontier07264: tasks 4760-4815: Terminated
srun: error: frontier09086: tasks 6664-6719: Terminated
srun: error: frontier07513: tasks 5208-5263: Terminated
srun: error: frontier07384: tasks 4928-4983: Terminated
srun: error: frontier05866: tasks 2800-2855: Terminated
srun: error: frontier05997: tasks 3024-3079: Terminated
srun: error: frontier06893: tasks 4088-4143: Terminated
srun: error: frontier07511: tasks 5152-5207: Terminated
srun: error: frontier09088: tasks 6720-6775: Terminated
srun: error: frontier09342: tasks 6944-6999: Terminated
srun: error: frontier08038: tasks 5824-5879: Terminated
srun: error: frontier06778: tasks 4032-4087: Terminated
srun: error: frontier08575: tasks 6104-6159: Terminated
srun: error: frontier04598: tasks 1456-1511: Terminated
srun: error: frontier04857: tasks 1848-1903: Terminated
srun: error: frontier07802: tasks 5600-5655: Terminated
srun: error: frontier06776: tasks 3976-4031: Terminated
srun: error: frontier04477: tasks 1344-1399: Terminated
srun: error: frontier09458: tasks 7112-7167: Terminated
srun: error: frontier06900: tasks 4144-4199: Terminated
srun: error: frontier06261: tasks 3360-3415: Terminated
srun: error: frontier06775: tasks 3920-3975: Terminated
srun: error: frontier03828: tasks 952-1007: Terminated
srun: error: frontier04731: tasks 1680-1735: Terminated
srun: error: frontier05966: tasks 2912-2967: Terminated
srun: error: frontier08573: tasks 5992-6047: Terminated
srun: error: frontier07135: tasks 4536-4591: Terminated
srun: error: frontier07543: tasks 5264-5319: Terminated
srun: error: frontier01391: tasks 616-671: Terminated
srun: error: frontier08703: tasks 6216-6271: Terminated
srun: error: frontier00892: tasks 392-447: Terminated
srun: error: frontier06625: tasks 3808-3863: Terminated
srun: error: frontier06909: tasks 4200-4255: Terminated
srun: error: frontier05108: tasks 2072-2127: Terminated
srun: error: frontier06372: tasks 3472-3527: Terminated
srun: error: frontier06769: tasks 3864-3919: Terminated
srun: error: frontier00638: tasks 224-279: Terminated
srun: error: frontier07164: tasks 4648-4703: Terminated
srun: error: frontier08064: tasks 5880-5935: Terminated
srun: error: frontier04468: tasks 1232-1287: Terminated
srun: error: frontier05098: tasks 1960-2015: Terminated
srun: error: frontier07636: tasks 5376-5431: Terminated
srun: error: frontier07417: tasks 5096-5151: Terminated
srun: error: frontier07396: tasks 4984-5039: Terminated
srun: error: frontier07675: tasks 5544-5599: Terminated
srun: error: frontier07935: tasks 5768-5823: Terminated
srun: error: frontier07005: tasks 4312-4367: Terminated
srun: error: frontier07263: tasks 4704-4759: Terminated
srun: error: frontier07651: tasks 5432-5487: Terminated
srun: error: frontier07134: tasks 4480-4535: Terminated
srun: error: frontier07291: tasks 4872-4927: Terminated
srun: error: frontier06995: tasks 4256-4311: Terminated
srun: error: frontier07290: tasks 4816-4871: Terminated
srun: error: frontier05375: tasks 2352-2407: Terminated
srun: error: frontier09212: tasks 6776-6831: Terminated
srun: error: frontier07544: tasks 5320-5375: Terminated
srun: error: frontier09216: tasks 6888-6943: Terminated
srun: error: frontier04596: tasks 1400-1455: Terminated
srun: error: frontier07674: tasks 5488-5543: Terminated
srun: error: frontier07934: tasks 5712-5767: Terminated
srun: error: frontier07039: tasks 4424-4479: Terminated
srun: error: frontier07808: tasks 5656-5711: Terminated
srun: error: frontier05504: tasks 2520-2575: Terminated
srun: error: frontier08192: tasks 5936-5991: Terminated
srun: error: frontier08958: tasks 6496-6551: Terminated
srun: error: frontier06526: tasks 3696-3751: Terminated
srun: error: frontier09085: tasks 6608-6663: Terminated
srun: error: frontier08702: tasks 6160-6215: Terminated
srun: error: frontier03454: tasks 840-895: Terminated
srun: error: frontier08957: tasks 6440-6495: Terminated
srun: error: frontier09215: tasks 6832-6887: Terminated
srun: error: frontier07398: tasks 5040-5095: Terminated
srun: error: frontier01400: tasks 728-783: Terminated
srun: error: frontier06496: tasks 3640-3695: Terminated
srun: error: frontier08574: tasks 6048-6103: Terminated
srun: error: frontier09446: tasks 7000-7055: Terminated
srun: Force Terminated StepId=5138960.13
Running frontier nodes=128 ranks_per_node=56 dist=hierarchical mode=fixed expected_us=1000 max_upper_fanout=4
srun: Step created for StepId=5138960.14
RESULT distributor=hierarchical mode=fixed expected_us=1000 nodes=128 world_size=7168 max_upper_fanout=4 total_tasks=23833560 elapsed_s=20.0279 throughput_tasks_per_s=1.19002e+06
MPICH Notice [Rank 0] [job id 5138960.14] [Sun Aug  2 04:40:54 2026] [frontier00126] - Abort(0) (rank 0 in comm 0): application called MPI_Abort(MPI_COMM_WORLD, 0) - process 0

aborting job:
application called MPI_Abort(MPI_COMM_WORLD, 0) - process 0
srun: error: frontier00126: task 0: Exited with exit code 255
srun: Terminating StepId=5138960.14
[2026-08-02T04:40:54.279] error: *** STEP 5138960.14 ON frontier00126 CANCELLED AT 2026-08-02T04:40:54 DUE TO TASK FAILURE ***
srun: error: frontier00126: tasks 1-55: Terminated
srun: error: frontier08703: tasks 6216-6271: Terminated
srun: error: frontier06372: tasks 3472-3527: Terminated
srun: error: frontier08574: tasks 6048-6103: Terminated
srun: error: frontier07384: tasks 4928-4983: Terminated
srun: error: frontier07005: tasks 4312-4367: Terminated
srun: error: frontier07037: tasks 4368-4423: Terminated
srun: error: frontier08575: tasks 6104-6159: Terminated
srun: error: frontier07290: tasks 4816-4871: Terminated
srun: error: frontier06778: tasks 4032-4087: Terminated
srun: error: frontier06609: tasks 3752-3807: Terminated
srun: error: frontier00640: tasks 280-335: Terminated
srun: error: frontier05375: tasks 2352-2407: Terminated
srun: error: frontier05966: tasks 2912-2967: Terminated
srun: error: frontier05990: tasks 2968-3023: Terminated
srun: error: frontier09216: tasks 6888-6943: Terminated
srun: error: frontier07802: tasks 5600-5655: Terminated
srun: error: frontier07511: tasks 5152-5207: Terminated
srun: error: frontier04857: tasks 1848-1903: Terminated
srun: error: frontier08704: tasks 6272-6327: Terminated
srun: error: frontier00894: tasks 448-503: Terminated
srun: error: frontier04477: tasks 1344-1399: Terminated
srun: error: frontier07039: tasks 4424-4479: Terminated
srun: error: frontier09215: tasks 6832-6887: Terminated
srun: error: frontier04352: tasks 1176-1231: Terminated
srun: error: frontier04468: tasks 1232-1287: Terminated
srun: error: frontier06238: tasks 3304-3359: Terminated
srun: error: frontier07291: tasks 4872-4927: Terminated
srun: error: frontier01400: tasks 728-783: Terminated
srun: error: frontier06776: tasks 3976-4031: Terminated
srun: error: frontier08064: tasks 5880-5935: Terminated
srun: error: frontier05862: tasks 2744-2799: Terminated
srun: error: frontier06108: tasks 3136-3191: Terminated
srun: error: frontier06210: tasks 3192-3247: Terminated
srun: error: frontier05108: tasks 2072-2127: Terminated
srun: error: frontier06625: tasks 3808-3863: Terminated
srun: error: frontier00895: tasks 504-559: Terminated
srun: error: frontier09342: tasks 6944-6999: Terminated
srun: error: frontier07808: tasks 5656-5711: Terminated
srun: error: frontier06261: tasks 3360-3415: Terminated
srun: error: frontier00892: tasks 392-447: Terminated
srun: error: frontier08573: tasks 5992-6047: Terminated
srun: error: frontier05371: tasks 2184-2239: Terminated
srun: error: frontier09212: tasks 6776-6831: Terminated
srun: error: frontier07164: tasks 4648-4703: Terminated
srun: error: frontier08959: tasks 6552-6607: Terminated
srun: error: frontier04596: tasks 1400-1455: Terminated
srun: error: frontier08831: tasks 6328-6383: Terminated
srun: error: frontier07513: tasks 5208-5263: Terminated
srun: error: frontier00638: tasks 224-279: Terminated
srun: error: frontier04598: tasks 1456-1511: Terminated
srun: error: frontier05997: tasks 3024-3079: Terminated
srun: error: frontier00379: tasks 56-111: Terminated
srun: error: frontier04730: tasks 1624-1679: Terminated
srun: error: frontier00768: tasks 336-391: Terminated
srun: error: frontier07417: tasks 5096-5151: Terminated
srun: error: frontier05631: tasks 2632-2687: Terminated
srun: error: frontier05867: tasks 2856-2911: Terminated
srun: error: frontier08192: tasks 5936-5991: Terminated
srun: error: frontier06496: tasks 3640-3695: Terminated
srun: error: frontier06526: tasks 3696-3751: Terminated
srun: error: frontier04608: tasks 1568-1623: Terminated
srun: error: frontier04351: tasks 1120-1175: Terminated
srun: error: frontier06909: tasks 4200-4255: Terminated
srun: error: frontier06893: tasks 4088-4143: Terminated
srun: error: frontier09086: tasks 6664-6719: Terminated
srun: error: frontier04731: tasks 1680-1735: Terminated
srun: error: frontier00896: tasks 560-615: Terminated
srun: error: frontier09446: tasks 7000-7055: Terminated
srun: error: frontier09449: tasks 7056-7111: Terminated
srun: error: frontier08957: tasks 6440-6495: Terminated
srun: error: frontier03828: tasks 952-1007: Terminated
srun: error: frontier06395: tasks 3528-3583: Terminated
srun: error: frontier06775: tasks 3920-3975: Terminated
srun: error: frontier08038: tasks 5824-5879: Terminated
srun: error: frontier03454: tasks 840-895: Terminated
srun: error: frontier06360: tasks 3416-3471: Terminated
srun: error: frontier00636: tasks 112-167: Terminated
srun: error: frontier05103: tasks 2016-2071: Terminated
srun: error: frontier07935: tasks 5768-5823: Terminated
srun: error: frontier08958: tasks 6496-6551: Terminated
srun: error: frontier00637: tasks 168-223: Terminated
srun: error: frontier07264: tasks 4760-4815: Terminated
srun: error: frontier07396: tasks 4984-5039: Terminated
srun: error: frontier06769: tasks 3864-3919: Terminated
srun: error: frontier05613: tasks 2576-2631: Terminated
srun: error: frontier05503: tasks 2464-2519: Terminated
srun: error: frontier07934: tasks 5712-5767: Terminated
srun: error: frontier06397: tasks 3584-3639: Terminated
srun: error: frontier07674: tasks 5488-5543: Terminated
srun: error: frontier07675: tasks 5544-5599: Terminated
srun: error: frontier03711: tasks 896-951: Terminated
srun: error: frontier07544: tasks 5320-5375: Terminated
srun: error: frontier09088: tasks 6720-6775: Terminated
srun: error: frontier07651: tasks 5432-5487: Terminated
srun: error: frontier03440: tasks 784-839: Terminated
srun: error: frontier08832: tasks 6384-6439: Terminated
srun: error: frontier04224: tasks 1064-1119: Terminated
srun: error: frontier07134: tasks 4480-4535: Terminated
srun: error: frontier07636: tasks 5376-5431: Terminated
srun: error: frontier09085: tasks 6608-6663: Terminated
srun: error: frontier06900: tasks 4144-4199: Terminated
srun: error: frontier04607: tasks 1512-1567: Terminated
srun: error: frontier05373: tasks 2240-2295: Terminated
srun: error: frontier04853: tasks 1792-1847: Terminated
srun: error: frontier07263: tasks 4704-4759: Terminated
srun: error: frontier06995: tasks 4256-4311: Terminated
srun: error: frontier05374: tasks 2296-2351: Terminated
srun: error: frontier07398: tasks 5040-5095: Terminated
srun: error: frontier09458: tasks 7112-7167: Terminated
srun: error: frontier04471: tasks 1288-1343: Terminated
srun: error: frontier05504: tasks 2520-2575: Terminated
srun: error: frontier07163: tasks 4592-4647: Terminated
srun: error: frontier01391: tasks 616-671: Terminated
srun: error: frontier03968: tasks 1008-1063: Terminated
srun: error: frontier04858: tasks 1904-1959: Terminated
srun: error: frontier05098: tasks 1960-2015: Terminated
srun: error: frontier01392: tasks 672-727: Terminated
srun: error: frontier06228: tasks 3248-3303: Terminated
srun: error: frontier05866: tasks 2800-2855: Terminated
srun: error: frontier05632: tasks 2688-2743: Terminated
srun: error: frontier06107: tasks 3080-3135: Terminated
srun: error: frontier05111: tasks 2128-2183: Terminated
srun: error: frontier07135: tasks 4536-4591: Terminated
srun: error: frontier04848: tasks 1736-1791: Terminated
srun: error: frontier08702: tasks 6160-6215: Terminated
srun: error: frontier07543: tasks 5264-5319: Terminated
srun: error: frontier05502: tasks 2408-2463: Terminated
srun: Force Terminated StepId=5138960.14
Running frontier nodes=128 ranks_per_node=56 dist=hierarchical mode=uniform expected_us=10 max_upper_fanout=4
srun: Step created for StepId=5138960.15
RESULT distributor=hierarchical mode=uniform expected_us=10 nodes=128 world_size=7168 max_upper_fanout=4 total_tasks=33931538 elapsed_s=20.0127 throughput_tasks_per_s=1.6955e+06
MPICH Notice [Rank 0] [job id 5138960.15] [Sun Aug  2 04:41:17 2026] [frontier00126] - Abort(0) (rank 0 in comm 0): application called MPI_Abort(MPI_COMM_WORLD, 0) - process 0

aborting job:
application called MPI_Abort(MPI_COMM_WORLD, 0) - process 0
srun: error: frontier00126: task 0: Exited with exit code 255
srun: Terminating StepId=5138960.15
[2026-08-02T04:41:17.482] error: *** STEP 5138960.15 ON frontier00126 CANCELLED AT 2026-08-02T04:41:17 DUE TO TASK FAILURE ***
srun: error: frontier00126: tasks 1-55: Terminated
srun: error: frontier06769: tasks 3864-3919: Terminated
srun: error: frontier05504: tasks 2520-2575: Terminated
srun: error: frontier06995: tasks 4256-4311: Terminated
srun: error: frontier06900: tasks 4144-4199: Terminated
srun: error: frontier04607: tasks 1512-1567: Terminated
srun: error: frontier05502: tasks 2408-2463: Terminated
srun: error: frontier07674: tasks 5488-5543: Terminated
srun: error: frontier05103: tasks 2016-2071: Terminated
srun: error: frontier05862: tasks 2744-2799: Terminated
srun: error: frontier09446: tasks 7000-7055: Terminated
srun: error: frontier09088: tasks 6720-6775: Terminated
srun: error: frontier07935: tasks 5768-5823: Terminated
srun: error: frontier07290: tasks 4816-4871: Terminated
srun: error: frontier04477: tasks 1344-1399: Terminated
srun: error: frontier03711: tasks 896-951: Terminated
srun: error: frontier04471: tasks 1288-1343: Terminated
srun: error: frontier01392: tasks 672-727: Terminated
srun: error: frontier09085: tasks 6608-6663: Terminated
srun: error: frontier07134: tasks 4480-4535: Terminated
srun: error: frontier09216: tasks 6888-6943: Terminated
srun: error: frontier08575: tasks 6104-6159: Terminated
srun: error: frontier07396: tasks 4984-5039: Terminated
srun: error: frontier03968: tasks 1008-1063: Terminated
srun: error: frontier09458: tasks 7112-7167: Terminated
srun: error: frontier04351: tasks 1120-1175: Terminated
srun: error: frontier07675: tasks 5544-5599: Terminated
srun: error: frontier04224: tasks 1064-1119: Terminated
srun: error: frontier04853: tasks 1792-1847: Terminated
srun: error: frontier07135: tasks 4536-4591: Terminated
srun: error: frontier06775: tasks 3920-3975: Terminated
srun: error: frontier04730: tasks 1624-1679: Terminated
srun: error: frontier07636: tasks 5376-5431: Terminated
srun: error: frontier04468: tasks 1232-1287: Terminated
srun: error: frontier00894: tasks 448-503: Terminated
srun: error: frontier09449: tasks 7056-7111: Terminated
srun: error: frontier05613: tasks 2576-2631: Terminated
srun: error: frontier09086: tasks 6664-6719: Terminated
srun: error: frontier07263: tasks 4704-4759: Terminated
srun: error: frontier05966: tasks 2912-2967: Terminated
srun: error: frontier06776: tasks 3976-4031: Terminated
srun: error: frontier00768: tasks 336-391: Terminated
srun: error: frontier00638: tasks 224-279: Terminated
srun: error: frontier06372: tasks 3472-3527: Terminated
srun: error: frontier05371: tasks 2184-2239: Terminated
srun: error: frontier04848: tasks 1736-1791: Terminated
srun: error: frontier06108: tasks 3136-3191: Terminated
srun: error: frontier08959: tasks 6552-6607: Terminated
srun: error: frontier06107: tasks 3080-3135: Terminated
srun: error: frontier03440: tasks 784-839: Terminated
srun: error: frontier08832: tasks 6384-6439: Terminated
srun: error: frontier00379: tasks 56-111: Terminated
srun: error: frontier06238: tasks 3304-3359: Terminated
srun: error: frontier07398: tasks 5040-5095: Terminated
srun: error: frontier09342: tasks 6944-6999: Terminated
srun: error: frontier08573: tasks 5992-6047: Terminated
srun: error: frontier07291: tasks 4872-4927: Terminated
srun: error: frontier05373: tasks 2240-2295: Terminated
srun: error: frontier08702: tasks 6160-6215: Terminated
srun: error: frontier08574: tasks 6048-6103: Terminated
srun: error: frontier06228: tasks 3248-3303: Terminated
srun: error: frontier05631: tasks 2632-2687: Terminated
srun: error: frontier06210: tasks 3192-3247: Terminated
srun: error: frontier06397: tasks 3584-3639: Terminated
srun: error: frontier01391: tasks 616-671: Terminated
srun: error: frontier05632: tasks 2688-2743: Terminated
srun: error: frontier00896: tasks 560-615: Terminated
srun: error: frontier07808: tasks 5656-5711: Terminated
srun: error: frontier07934: tasks 5712-5767: Terminated
srun: error: frontier06893: tasks 4088-4143: Terminated
srun: error: frontier00640: tasks 280-335: Terminated
srun: error: frontier08703: tasks 6216-6271: Terminated
srun: error: frontier08704: tasks 6272-6327: Terminated
srun: error: frontier05374: tasks 2296-2351: Terminated
srun: error: frontier04731: tasks 1680-1735: Terminated
srun: error: frontier07163: tasks 4592-4647: Terminated
srun: error: frontier08831: tasks 6328-6383: Terminated
srun: error: frontier04352: tasks 1176-1231: Terminated
srun: error: frontier07802: tasks 5600-5655: Terminated
srun: error: frontier05111: tasks 2128-2183: Terminated
srun: error: frontier05867: tasks 2856-2911: Terminated
srun: error: frontier07384: tasks 4928-4983: Terminated
srun: error: frontier07511: tasks 5152-5207: Terminated
srun: error: frontier04857: tasks 1848-1903: Terminated
srun: error: frontier06609: tasks 3752-3807: Terminated
srun: error: frontier07005: tasks 4312-4367: Terminated
srun: error: frontier07037: tasks 4368-4423: Terminated
srun: error: frontier07264: tasks 4760-4815: Terminated
srun: error: frontier06496: tasks 3640-3695: Terminated
srun: error: frontier05997: tasks 3024-3079: Terminated
srun: error: frontier08957: tasks 6440-6495: Terminated
srun: error: frontier03828: tasks 952-1007: Terminated
srun: error: frontier03454: tasks 840-895: Terminated
srun: error: frontier08192: tasks 5936-5991: Terminated
srun: error: frontier05098: tasks 1960-2015: Terminated
srun: error: frontier00895: tasks 504-559: Terminated
srun: error: frontier00892: tasks 392-447: Terminated
srun: error: frontier04598: tasks 1456-1511: Terminated
srun: error: frontier06395: tasks 3528-3583: Terminated
srun: error: frontier07039: tasks 4424-4479: Terminated
srun: error: frontier08958: tasks 6496-6551: Terminated
srun: error: frontier05375: tasks 2352-2407: Terminated
srun: error: frontier07543: tasks 5264-5319: Terminated
srun: error: frontier00636: tasks 112-167: Terminated
srun: error: frontier06909: tasks 4200-4255: Terminated
srun: error: frontier09212: tasks 6776-6831: Terminated
srun: error: frontier08038: tasks 5824-5879: Terminated
srun: error: frontier06526: tasks 3696-3751: Terminated
srun: error: frontier05108: tasks 2072-2127: Terminated
srun: error: frontier07544: tasks 5320-5375: Terminated
srun: error: frontier00637: tasks 168-223: Terminated
srun: error: frontier07651: tasks 5432-5487: Terminated
srun: error: frontier09215: tasks 6832-6887: Terminated
srun: error: frontier07513: tasks 5208-5263: Terminated
srun: error: frontier07417: tasks 5096-5151: Terminated
srun: error: frontier05866: tasks 2800-2855: Terminated
srun: error: frontier06261: tasks 3360-3415: Terminated
srun: error: frontier04608: tasks 1568-1623: Terminated
srun: error: frontier05990: tasks 2968-3023: Terminated
srun: error: frontier06778: tasks 4032-4087: Terminated
srun: error: frontier04858: tasks 1904-1959: Terminated
srun: error: frontier07164: tasks 4648-4703: Terminated
srun: error: frontier08064: tasks 5880-5935: Terminated
srun: error: frontier06360: tasks 3416-3471: Terminated
srun: error: frontier06625: tasks 3808-3863: Terminated
srun: error: frontier04596: tasks 1400-1455: Terminated
srun: error: frontier05503: tasks 2464-2519: Terminated
srun: error: frontier01400: tasks 728-783: Terminated
srun: Force Terminated StepId=5138960.15
Running frontier nodes=128 ranks_per_node=56 dist=hierarchical mode=uniform expected_us=100 max_upper_fanout=4
srun: Step created for StepId=5138960.16
RESULT distributor=hierarchical mode=uniform expected_us=100 nodes=128 world_size=7168 max_upper_fanout=4 total_tasks=22510510 elapsed_s=20.0235 throughput_tasks_per_s=1.12421e+06
MPICH Notice [Rank 0] [job id 5138960.16] [Sun Aug  2 04:41:51 2026] [frontier00126] - Abort(0) (rank 0 in comm 0): application called MPI_Abort(MPI_COMM_WORLD, 0) - process 0

aborting job:
application called MPI_Abort(MPI_COMM_WORLD, 0) - process 0
srun: error: frontier00126: task 0: Exited with exit code 255
srun: Terminating StepId=5138960.16
[2026-08-02T04:41:51.767] error: *** STEP 5138960.16 ON frontier00126 CANCELLED AT 2026-08-02T04:41:51 DUE TO TASK FAILURE ***
srun: error: frontier00126: tasks 1-55: Terminated
srun: error: frontier04471: tasks 1288-1342: Terminated
srun: error: frontier06893: tasks 4088-4143: Terminated
srun: error: frontier06769: tasks 3864-3919: Terminated
srun: error: frontier06609: tasks 3752-3807: Terminated
srun: error: frontier09086: tasks 6664-6719: Terminated
srun: error: frontier06261: tasks 3360-3415: Terminated
srun: error: frontier07802: tasks 5600-5655: Terminated
srun: error: frontier06776: tasks 3976-4031: Terminated
srun: error: frontier06395: tasks 3528-3560,3562-3583: Terminated
srun: error: frontier05373: tasks 2240-2295: Terminated
srun: error: frontier07134: tasks 4480-4535: Terminated
srun: error: frontier05371: tasks 2184-2239: Terminated
srun: error: frontier09212: tasks 6776-6831: Terminated
srun: error: frontier00894: tasks 448-503: Terminated
srun: error: frontier07675: tasks 5544-5599: Terminated
srun: error: frontier08704: tasks 6272-6327: Terminated
srun: error: frontier06625: tasks 3808-3863: Terminated
srun: error: frontier05375: tasks 2352-2407: Terminated
srun: error: frontier00892: tasks 392-447: Terminated
srun: error: frontier07511: tasks 5152-5207: Terminated
srun: error: frontier09216: tasks 6888-6943: Terminated
srun: error: frontier07417: tasks 5096-5151: Terminated
srun: error: frontier07808: tasks 5656-5711: Terminated
srun: error: frontier09449: tasks 7056-7111: Terminated
srun: error: frontier04596: tasks 1400-1455: Terminated
srun: error: frontier08831: tasks 6328-6383: Terminated
srun: error: frontier06778: tasks 4032-4087: Terminated
srun: error: frontier05862: tasks 2744-2799: Terminated
srun: error: frontier00640: tasks 280-335: Terminated
srun: error: frontier04477: tasks 1344-1399: Terminated
srun: error: frontier09342: tasks 6944-6999: Terminated
srun: error: frontier07290: tasks 4816-4871: Terminated
srun: error: frontier08959: tasks 6552-6607: Terminated
srun: error: frontier04224: tasks 1064-1119: Terminated
srun: error: frontier06238: tasks 3304-3359: Terminated
srun: error: frontier08064: tasks 5880-5935: Terminated
srun: error: frontier06107: tasks 3080-3135: Terminated
srun: error: frontier06372: tasks 3472-3527: Terminated
srun: error: frontier08574: tasks 6048-6103: Terminated
srun: error: frontier04468: tasks 1232-1287: Terminated
srun: error: frontier06108: tasks 3136-3191: Terminated
srun: error: frontier04607: tasks 1512-1567: Terminated
srun: error: frontier07163: tasks 4592-4647: Terminated
srun: error: frontier05990: tasks 2968-3023: Terminated
srun: error: frontier00637: tasks 168-223: Terminated
srun: error: frontier05502: tasks 2408-2463: Terminated
srun: error: frontier04730: tasks 1624-1679: Terminated
srun: error: frontier04352: tasks 1176-1231: Terminated
srun: error: frontier00638: tasks 224-279: Terminated
srun: error: frontier07164: tasks 4648-4703: Terminated
srun: error: frontier06395: task 3561: Terminated
srun: error: frontier04848: tasks 1736-1791: Terminated
srun: error: frontier09215: tasks 6832-6887: Terminated
srun: error: frontier05867: tasks 2856-2911: Terminated
srun: error: frontier05108: tasks 2072-2127: Terminated
srun: error: frontier05111: tasks 2128-2183: Terminated
srun: error: frontier01392: tasks 672-727: Terminated
srun: error: frontier04858: tasks 1904-1959: Terminated
srun: error: frontier05631: tasks 2632-2687: Terminated
srun: error: frontier05997: tasks 3024-3079: Terminated
srun: error: frontier07384: tasks 4928-4983: Terminated
srun: error: frontier06900: tasks 4144-4199: Terminated
srun: error: frontier07037: tasks 4368-4423: Terminated
srun: error: frontier08957: tasks 6440-6495: Terminated
srun: error: frontier04471: task 1343: Terminated
srun: error: frontier06210: tasks 3192-3247: Terminated
srun: error: frontier07264: tasks 4760-4815: Terminated
srun: error: frontier05098: tasks 1960-2015: Terminated
srun: error: frontier06909: tasks 4200-4255: Terminated
srun: error: frontier07651: tasks 5432-5487: Terminated
srun: error: frontier08702: tasks 6160-6215: Terminated
srun: error: frontier07513: tasks 5208-5263: Terminated
srun: error: frontier04608: tasks 1568-1623: Terminated
srun: error: frontier04598: tasks 1456-1511: Terminated
srun: error: frontier04731: tasks 1680-1735: Terminated
srun: error: frontier01400: tasks 728-783: Terminated
srun: error: frontier00636: tasks 112-167: Terminated
srun: error: frontier09088: tasks 6720-6775: Terminated
srun: error: frontier08192: tasks 5936-5991: Terminated
srun: error: frontier07544: tasks 5320-5375: Terminated
srun: error: frontier03454: tasks 840-895: Terminated
srun: error: frontier09458: tasks 7112-7167: Terminated
srun: error: frontier03440: tasks 784-839: Terminated
srun: error: frontier05504: tasks 2520-2575: Terminated
srun: error: frontier07039: tasks 4424-4479: Terminated
srun: error: frontier01391: tasks 616-671: Terminated
srun: error: frontier07398: tasks 5040-5095: Terminated
srun: error: frontier07935: tasks 5768-5823: Terminated
srun: error: frontier07674: tasks 5488-5543: Terminated
srun: error: frontier00768: tasks 336-391: Terminated
srun: error: frontier03711: tasks 896-951: Terminated
srun: error: frontier08958: tasks 6496-6551: Terminated
srun: error: frontier08832: tasks 6384-6439: Terminated
srun: error: frontier06360: tasks 3416-3471: Terminated
srun: error: frontier07005: tasks 4312-4367: Terminated
srun: error: frontier07263: tasks 4704-4759: Terminated
srun: error: frontier08575: tasks 6104-6159: Terminated
srun: error: frontier08038: tasks 5824-5879: Terminated
srun: error: frontier03968: tasks 1008-1063: Terminated
srun: error: frontier06995: tasks 4256-4311: Terminated
srun: error: frontier04853: tasks 1792-1847: Terminated
srun: error: frontier05632: tasks 2688-2743: Terminated
srun: error: frontier06397: tasks 3584-3639: Terminated
srun: error: frontier06496: tasks 3640-3695: Terminated
srun: error: frontier07934: tasks 5712-5767: Terminated
srun: error: frontier05613: tasks 2576-2631: Terminated
srun: error: frontier05503: tasks 2464-2519: Terminated
srun: error: frontier07636: tasks 5376-5431: Terminated
srun: error: frontier06228: tasks 3248-3303: Terminated
srun: error: frontier03828: tasks 952-1007: Terminated
srun: error: frontier07291: tasks 4872-4927: Terminated
srun: error: frontier00379: tasks 56-111: Terminated
srun: error: frontier08573: tasks 5992-6047: Terminated
srun: error: frontier06526: tasks 3696-3751: Terminated
srun: error: frontier00896: tasks 560-615: Terminated
srun: error: frontier04351: tasks 1120-1175: Terminated
srun: error: frontier00895: tasks 504-559: Terminated
srun: error: frontier06775: tasks 3920-3975: Terminated
srun: error: frontier05866: tasks 2800-2855: Terminated
srun: error: frontier08703: tasks 6216-6271: Terminated
srun: error: frontier09085: tasks 6608-6663: Terminated
srun: error: frontier05374: tasks 2296-2351: Terminated
srun: error: frontier04857: tasks 1848-1903: Terminated
srun: error: frontier07543: tasks 5264-5319: Terminated
srun: error: frontier07396: tasks 4984-5039: Terminated
srun: error: frontier05103: tasks 2016-2071: Terminated
srun: error: frontier05966: tasks 2912-2967: Terminated
srun: error: frontier09446: tasks 7000-7055: Terminated
srun: error: frontier07135: tasks 4536-4591: Terminated
srun: Force Terminated StepId=5138960.16
Running frontier nodes=128 ranks_per_node=56 dist=hierarchical mode=uniform expected_us=1000 max_upper_fanout=4
srun: Step created for StepId=5138960.17
RESULT distributor=hierarchical mode=uniform expected_us=1000 nodes=128 world_size=7168 max_upper_fanout=4 total_tasks=25486836 elapsed_s=20.032 throughput_tasks_per_s=1.2723e+06
MPICH Notice [Rank 0] [job id 5138960.17] [Sun Aug  2 04:42:15 2026] [frontier00126] - Abort(0) (rank 0 in comm 0): application called MPI_Abort(MPI_COMM_WORLD, 0) - process 0

aborting job:
application called MPI_Abort(MPI_COMM_WORLD, 0) - process 0
srun: error: frontier00126: task 0: Exited with exit code 255
srun: Terminating StepId=5138960.17
[2026-08-02T04:42:15.509] error: *** STEP 5138960.17 ON frontier00126 CANCELLED AT 2026-08-02T04:42:15 DUE TO TASK FAILURE ***
srun: error: frontier00126: tasks 1-55: Terminated
srun: error: frontier06625: tasks 3808-3863: Terminated
srun: error: frontier05371: tasks 2184-2239: Terminated
srun: error: frontier04596: tasks 1400-1455: Terminated
srun: error: frontier07134: tasks 4480-4535: Terminated
srun: error: frontier05375: tasks 2352-2407: Terminated
srun: error: frontier04608: tasks 1568-1623: Terminated
srun: error: frontier00894: tasks 448-503: Terminated
srun: error: frontier00637: tasks 168-223: Terminated
srun: error: frontier09342: tasks 6944-6999: Terminated
srun: error: frontier07005: tasks 4312-4367: Terminated
srun: error: frontier09449: tasks 7056-7111: Terminated
srun: error: frontier06107: tasks 3080-3135: Terminated
srun: error: frontier04853: tasks 1792-1847: Terminated
srun: error: frontier04607: tasks 1512-1567: Terminated
srun: error: frontier06893: tasks 4088-4143: Terminated
srun: error: frontier09446: tasks 7000-7055: Terminated
srun: error: frontier03454: tasks 840-895: Terminated
srun: error: frontier07935: tasks 5768-5823: Terminated
srun: error: frontier08702: tasks 6160-6215: Terminated
srun: error: frontier09088: tasks 6720-6775: Terminated
srun: error: frontier05862: tasks 2744-2799: Terminated
srun: error: frontier04471: tasks 1288-1343: Terminated
srun: error: frontier04857: tasks 1848-1903: Terminated
srun: error: frontier04468: tasks 1232-1287: Terminated
srun: error: frontier03440: tasks 784-839: Terminated
srun: error: frontier06395: tasks 3528-3583: Terminated
srun: error: frontier05502: tasks 2408-2463: Terminated
srun: error: frontier04351: tasks 1120-1175: Terminated
srun: error: frontier03968: tasks 1008-1063: Terminated
srun: error: frontier05108: tasks 2072-2127: Terminated
srun: error: frontier03828: tasks 952-1007: Terminated
srun: error: frontier06909: tasks 4200-4255: Terminated
srun: error: frontier07417: tasks 5096-5151: Terminated
srun: error: frontier05098: tasks 1960-2015: Terminated
srun: error: frontier07675: tasks 5544-5599: Terminated
srun: error: frontier06995: tasks 4256-4311: Terminated
srun: error: frontier05111: tasks 2128-2183: Terminated
srun: error: frontier07291: tasks 4872-4927: Terminated
srun: error: frontier06228: tasks 3248-3303: Terminated
srun: error: frontier07544: tasks 5320-5375: Terminated
srun: error: frontier07263: tasks 4704-4759: Terminated
srun: error: frontier09085: tasks 6608-6663: Terminated
srun: error: frontier07808: tasks 5656-5711: Terminated
srun: error: frontier07636: tasks 5376-5431: Terminated
srun: error: frontier01400: tasks 728-783: Terminated
srun: error: frontier05503: tasks 2464-2519: Terminated
srun: error: frontier08832: tasks 6384-6439: Terminated
srun: error: frontier04858: tasks 1904-1959: Terminated
srun: error: frontier05990: tasks 2968-3023: Terminated
srun: error: frontier07934: tasks 5712-5767: Terminated
srun: error: frontier07039: tasks 4424-4479: Terminated
srun: error: frontier06776: tasks 3976-4031: Terminated
srun: error: frontier01392: tasks 672-727: Terminated
srun: error: frontier05966: tasks 2912-2967: Terminated
srun: error: frontier07396: tasks 4984-5039: Terminated
srun: error: frontier06769: tasks 3864-3919: Terminated
srun: error: frontier03711: tasks 896-951: Terminated
srun: error: frontier08573: tasks 5992-6047: Terminated
srun: error: frontier05504: tasks 2520-2575: Terminated
srun: error: frontier06609: tasks 3752-3807: Terminated
srun: error: frontier04730: tasks 1624-1679: Terminated
srun: error: frontier07398: tasks 5040-5095: Terminated
srun: error: frontier07802: tasks 5600-5655: Terminated
srun: error: frontier07674: tasks 5488-5543: Terminated
srun: error: frontier08959: tasks 6552-6607: Terminated
srun: error: frontier09458: tasks 7112-7167: Terminated
srun: error: frontier05374: tasks 2296-2351: Terminated
srun: error: frontier06210: tasks 3192-3247: Terminated
srun: error: frontier07651: tasks 5432-5487: Terminated
srun: error: frontier08958: tasks 6496-6551: Terminated
srun: error: frontier04731: tasks 1680-1735: Terminated
srun: error: frontier08575: tasks 6104-6159: Terminated
srun: error: frontier09086: tasks 6664-6719: Terminated
srun: error: frontier07135: tasks 4536-4591: Terminated
srun: error: frontier05613: tasks 2576-2631: Terminated
srun: error: frontier05866: tasks 2800-2855: Terminated
srun: error: frontier05103: tasks 2016-2071: Terminated
srun: error: frontier05373: tasks 2240-2295: Terminated
srun: error: frontier07164: tasks 4648-4703: Terminated
srun: error: frontier00895: tasks 504-559: Terminated
srun: error: frontier07163: tasks 4592-4647: Terminated
srun: error: frontier00636: tasks 112-167: Terminated
srun: error: frontier05867: tasks 2856-2911: Terminated
srun: error: frontier08704: tasks 6272-6327: Terminated
srun: error: frontier04598: tasks 1456-1511: Terminated
srun: error: frontier04477: tasks 1344-1399: Terminated
srun: error: frontier06397: tasks 3584-3639: Terminated
srun: error: frontier06108: tasks 3136-3191: Terminated
srun: error: frontier08574: tasks 6048-6103: Terminated
srun: error: frontier00896: tasks 560-615: Terminated
srun: error: frontier01391: tasks 616-671: Terminated
srun: error: frontier07513: tasks 5208-5263: Terminated
srun: error: frontier00892: tasks 392-447: Terminated
srun: error: frontier07511: tasks 5152-5207: Terminated
srun: error: frontier09216: tasks 6888-6943: Terminated
srun: error: frontier08192: tasks 5936-5991: Terminated
srun: error: frontier06372: tasks 3472-3527: Terminated
srun: error: frontier06526: tasks 3696-3751: Terminated
srun: error: frontier08957: tasks 6440-6495: Terminated
srun: error: frontier08038: tasks 5824-5879: Terminated
srun: error: frontier00768: tasks 336-391: Terminated
srun: error: frontier07384: tasks 4928-4983: Terminated
srun: error: frontier06900: tasks 4144-4199: Terminated
srun: error: frontier06261: tasks 3360-3415: Terminated
srun: error: frontier04848: tasks 1736-1791: Terminated
srun: error: frontier06238: tasks 3304-3359: Terminated
srun: error: frontier07037: tasks 4368-4423: Terminated
srun: error: frontier04224: tasks 1064-1119: Terminated
srun: error: frontier00640: tasks 280-335: Terminated
srun: error: frontier05997: tasks 3024-3079: Terminated
srun: error: frontier09212: tasks 6776-6831: Terminated
srun: error: frontier09215: tasks 6832-6887: Terminated
srun: error: frontier04352: tasks 1176-1231: Terminated
srun: error: frontier00638: tasks 224-279: Terminated
srun: error: frontier05631: tasks 2632-2687: Terminated
srun: error: frontier08064: tasks 5880-5935: Terminated
srun: error: frontier06775: tasks 3920-3975: Terminated
srun: error: frontier08831: tasks 6328-6383: Terminated
srun: error: frontier06778: tasks 4032-4087: Terminated
srun: error: frontier06360: tasks 3416-3471: Terminated
srun: error: frontier06496: tasks 3640-3695: Terminated
srun: error: frontier08703: tasks 6216-6271: Terminated
srun: error: frontier07264: tasks 4760-4815: Terminated
srun: error: frontier07290: tasks 4816-4871: Terminated
srun: error: frontier05632: tasks 2688-2743: Terminated
srun: error: frontier00379: tasks 56-111: Terminated
srun: error: frontier07543: tasks 5264-5319: Terminated
srun: Force Terminated StepId=5138960.17
Running frontier nodes=128 ranks_per_node=56 dist=hierarchical_lockfree_rma mode=fixed expected_us=10 max_upper_fanout=4
srun: Step created for StepId=5138960.18
RESULT distributor=hierarchical_lockfree_rma mode=fixed expected_us=10 nodes=128 world_size=7168 max_upper_fanout=4 total_tasks=27483349 elapsed_s=20.0015 throughput_tasks_per_s=1.37407e+06
MPICH Notice [Rank 0] [job id 5138960.18] [Sun Aug  2 04:43:25 2026] [frontier00126] - Abort(0) (rank 0 in comm 0): application called MPI_Abort(MPI_COMM_WORLD, 0) - process 0

aborting job:
application called MPI_Abort(MPI_COMM_WORLD, 0) - process 0
srun: error: frontier00126: task 0: Exited with exit code 255
srun: Terminating StepId=5138960.18
[2026-08-02T04:43:26.622] error: *** STEP 5138960.18 ON frontier00126 CANCELLED AT 2026-08-02T04:43:26 DUE TO TASK FAILURE ***
srun: error: frontier05632: tasks 2689-2743: Terminated
srun: error: frontier00638: tasks 225-279: Terminated
srun: error: frontier04607: tasks 1513-1567: Terminated
srun: error: frontier08832: tasks 6385-6439: Terminated
srun: error: frontier00892: tasks 393-447: Terminated
srun: error: frontier06893: tasks 4089-4143: Terminated
srun: error: frontier05103: tasks 2017-2071: Terminated
srun: error: frontier07163: tasks 4593-4647: Terminated
srun: error: frontier03440: tasks 785-839: Terminated
srun: error: frontier04352: tasks 1177-1231: Terminated
srun: error: frontier07935: tasks 5769-5823: Terminated
srun: error: frontier08958: tasks 6497-6551: Terminated
srun: error: frontier09216: tasks 6889-6943: Terminated
srun: error: frontier08575: tasks 6105-6159: Terminated
srun: error: frontier09215: tasks 6833-6887: Terminated
srun: error: frontier05371: tasks 2185-2239: Terminated
srun: error: frontier05502: tasks 2409-2463: Terminated
srun: error: frontier04351: tasks 1121-1175: Terminated
srun: error: frontier03968: tasks 1009-1063: Terminated
srun: error: frontier04858: tasks 1905-1959: Terminated
srun: error: frontier07396: tasks 4985-5039: Terminated
srun: error: frontier05375: tasks 2353-2407: Terminated
srun: error: frontier08192: tasks 5937-5991: Terminated
srun: error: frontier08831: tasks 6329-6383: Terminated
srun: error: frontier00126: tasks 2-55: Terminated
srun: error: frontier07802: tasks 5601-5655: Terminated
srun: error: frontier06625: tasks 3809-3863: Terminated
srun: error: frontier06769: tasks 3865-3919: Terminated
srun: error: frontier05108: tasks 2073-2127: Terminated
srun: error: frontier00894: tasks 449-503: Terminated
srun: error: frontier07934: tasks 5713-5767: Terminated
srun: error: frontier06397: tasks 3585-3639: Terminated
srun: error: frontier06900: tasks 4145-4199: Terminated
srun: error: frontier04731: tasks 1681-1735: Terminated
srun: error: frontier00896: tasks 561-615: Terminated
srun: error: frontier07674: tasks 5489-5543: Terminated
srun: error: frontier07513: tasks 5209-5263: Terminated
srun: error: frontier05373: tasks 2241-2295: Terminated
srun: error: frontier04471: tasks 1289-1343: Terminated
srun: error: frontier08703: tasks 6217-6271: Terminated
srun: error: frontier07384: tasks 4929-4983: Terminated
srun: error: frontier05503: tasks 2465-2519: Terminated
srun: error: frontier09449: tasks 7057-7111: Terminated
srun: error: frontier09458: tasks 7113-7167: Terminated
srun: error: frontier07808: tasks 5657-5711: Terminated
srun: error: frontier06395: tasks 3529-3583: Terminated
srun: error: frontier04224: tasks 1065-1119: Terminated
srun: error: frontier06108: tasks 3137-3191: Terminated
srun: error: frontier03454: tasks 841-895: Terminated
srun: error: frontier08704: tasks 6273-6327: Terminated
srun: error: frontier00636: tasks 113-167: Terminated
srun: error: frontier06778: tasks 4033-4087: Terminated
srun: error: frontier06775: tasks 3921-3975: Terminated
srun: error: frontier06776: tasks 3977-4031: Terminated
srun: error: frontier07675: tasks 5545-5599: Terminated
srun: error: frontier07264: tasks 4761-4815: Terminated
srun: error: frontier04730: tasks 1625-1679: Terminated
srun: error: frontier04477: tasks 1345-1399: Terminated
srun: error: frontier06228: tasks 3249-3303: Terminated
srun: error: frontier04598: tasks 1457-1511: Terminated
srun: error: frontier06909: tasks 4201-4255: Terminated
srun: error: frontier04608: tasks 1569-1623: Terminated
srun: error: frontier04853: tasks 1793-1847: Terminated
srun: error: frontier07037: tasks 4369-4423: Terminated
srun: error: frontier07651: tasks 5433-5487: Terminated
srun: error: frontier09446: tasks 7001-7055: Terminated
srun: error: frontier00768: tasks 337-391: Terminated
srun: error: frontier05966: tasks 2913-2967: Terminated
srun: error: frontier08573: tasks 5993-6047: Terminated
srun: error: frontier07263: tasks 4705-4759: Terminated
srun: error: frontier06107: tasks 3081-3135: Terminated
srun: error: frontier05631: tasks 2633-2687: Terminated
srun: error: frontier06261: tasks 3361-3415: Terminated
srun: error: frontier07543: tasks 5265-5319: Terminated
srun: error: frontier05990: tasks 2969-3023: Terminated
srun: error: frontier05997: tasks 3025-3079: Terminated
srun: error: frontier04848: tasks 1737-1791: Terminated
srun: error: frontier07005: tasks 4313-4367: Terminated
srun: error: frontier04857: tasks 1849-1903: Terminated
srun: error: frontier05613: tasks 2577-2631: Terminated
srun: error: frontier07511: tasks 5153-5207: Terminated
srun: error: frontier08959: tasks 6553-6607: Terminated
srun: error: frontier00379: tasks 57-111: Terminated
srun: error: frontier07134: tasks 4481-4535: Terminated
srun: error: frontier06526: tasks 3697-3751: Terminated
srun: error: frontier07039: tasks 4425-4479: Terminated
srun: error: frontier05111: tasks 2129-2183: Terminated
srun: error: frontier09088: tasks 6721-6775: Terminated
srun: error: frontier08957: tasks 6441-6495: Terminated
srun: error: frontier05866: tasks 2801-2855: Terminated
srun: error: frontier07398: tasks 5041-5095: Terminated
srun: error: frontier09212: tasks 6777-6831: Terminated
srun: error: frontier06372: tasks 3473-3527: Terminated
srun: error: frontier07291: tasks 4873-4927: Terminated
srun: error: frontier04468: tasks 1233-1287: Terminated
srun: error: frontier03828: tasks 953-1007: Terminated
srun: error: frontier07636: tasks 5377-5431: Terminated
srun: error: frontier09085: tasks 6609-6663: Terminated
srun: error: frontier09086: tasks 6665-6719: Terminated
srun: error: frontier00895: tasks 505-559: Terminated
srun: error: frontier04596: tasks 1401-1455: Terminated
srun: error: frontier00640: tasks 281-335: Terminated
srun: error: frontier05867: tasks 2857-2911: Terminated
srun: error: frontier03711: tasks 897-951: Terminated
srun: error: frontier06496: tasks 3641-3695: Terminated
srun: error: frontier00637: tasks 169-223: Terminated
srun: error: frontier09342: tasks 6945-6999: Terminated
srun: error: frontier08702: tasks 6161-6215: Terminated
srun: error: frontier01392: tasks 673-727: Terminated
srun: error: frontier07417: tasks 5097-5151: Terminated
srun: error: frontier05374: tasks 2297-2351: Terminated
srun: error: frontier07135: tasks 4537-4591: Terminated
srun: error: frontier06609: tasks 3753-3807: Terminated
srun: error: frontier05098: tasks 1961-2015: Terminated
srun: error: frontier08064: tasks 5881-5935: Terminated
srun: error: frontier06995: tasks 4257-4311: Terminated
srun: error: frontier08038: tasks 5825-5879: Terminated
srun: error: frontier06210: tasks 3193-3247: Terminated
srun: error: frontier05862: tasks 2745-2799: Terminated
srun: error: frontier06238: tasks 3305-3359: Terminated
srun: error: frontier05504: tasks 2521-2575: Terminated
srun: error: frontier06360: tasks 3417-3471: Terminated
srun: error: frontier07290: tasks 4817-4871: Terminated
srun: error: frontier08574: tasks 6049-6103: Terminated
srun: error: frontier01400: tasks 729-783: Terminated
srun: error: frontier07544: tasks 5321-5375: Terminated
srun: error: frontier07164: tasks 4649-4703: Terminated
srun: error: frontier01391: tasks 617-671: Terminated
srun: error: frontier05502: task 2408: Terminated
srun: error: frontier06893: task 4088: Terminated
srun: error: frontier09215: task 6832: Terminated
srun: error: frontier05108: task 2072: Terminated
srun: error: frontier04858: task 1904: Terminated
srun: error: frontier03440: task 784: Terminated
srun: error: frontier05862: task 2744: Terminated
srun: error: frontier07513: task 5208: Terminated
srun: error: frontier07935: task 5768: Terminated
srun: error: frontier04607: task 1512: Terminated
srun: error: frontier04731: task 1680: Terminated
srun: error: frontier06900: task 4144: Terminated
srun: error: frontier00892: task 392: Terminated
srun: error: frontier08575: task 6104: Terminated
srun: error: frontier05504: task 2520: Terminated
srun: error: frontier07163: task 4592: Terminated
srun: error: frontier08832: task 6384: Terminated
srun: error: frontier08192: task 5936: Terminated
srun: error: frontier08831: task 6328: Terminated
srun: error: frontier06776: task 3976: Terminated
srun: error: frontier09216: task 6888: Terminated
srun: error: frontier05371: task 2184: Terminated
srun: error: frontier04352: task 1176: Terminated
srun: error: frontier00636: task 112: Terminated
srun: error: frontier06769: task 3864: Terminated
srun: error: frontier09449: task 7056: Terminated
srun: error: frontier04598: task 1456: Terminated
srun: error: frontier07264: task 4760: Terminated
srun: error: frontier05375: task 2352: Terminated
srun: error: frontier07396: task 4984: Terminated
srun: error: frontier04730: task 1624: Terminated
srun: error: frontier06775: task 3920: Terminated
srun: error: frontier06395: task 3528: Terminated
srun: error: frontier04471: task 1288: Terminated
srun: error: frontier07934: task 5712: Terminated
srun: error: frontier08573: task 5992: Terminated
srun: error: frontier03968: task 1008: Terminated
srun: error: frontier07808: task 5656: Terminated
srun: error: frontier07674: task 5488: Terminated
srun: error: frontier08703: task 6216: Terminated
srun: error: frontier03454: task 840: Terminated
srun: error: frontier06909: task 4200: Terminated
srun: error: frontier00768: task 336: Terminated
srun: error: frontier09458: task 7112: Terminated
srun: error: frontier00896: task 560: Terminated
srun: error: frontier06228: task 3248: Terminated
srun: error: frontier06526: task 3696: Terminated
srun: error: frontier05111: task 2128: Terminated
srun: error: frontier07651: task 5432: Terminated
srun: error: frontier09446: task 7000: Terminated
srun: error: frontier07037: task 4368: Terminated
srun: error: frontier05613: task 2576: Terminated
srun: error: frontier01400: task 728: Terminated
srun: error: frontier00379: task 56: Terminated
srun: error: frontier04596: task 1400: Terminated
srun: error: frontier04468: task 1232: Terminated
srun: error: frontier04848: task 1736: Terminated
srun: error: frontier07039: task 4424: Terminated
srun: error: frontier05631: task 2632: Terminated
srun: error: frontier03828: task 952: Terminated
srun: error: frontier05866: task 2800: Terminated
srun: error: frontier09085: task 6608: Terminated
srun: error: frontier09086: task 6664: Terminated
srun: error: frontier04224: task 1064: Terminated
srun: error: frontier07417: task 5096: Terminated
srun: error: frontier06107: task 3080: Terminated
srun: error: frontier07543: task 5264: Terminated
srun: error: frontier05990: task 2968: Terminated
srun: error: frontier08957: task 6440: Terminated
srun: error: frontier09212: task 6776: Terminated
srun: error: frontier05098: task 1960: Terminated
srun: error: frontier05997: task 3024: Terminated
srun: error: frontier07398: task 5040: Terminated
srun: error: frontier05867: task 2856: Terminated
srun: error: frontier07164: task 4648: Terminated
srun: error: frontier06372: task 3472: Terminated
srun: error: frontier00895: task 504: Terminated
srun: error: frontier06496: task 3640: Terminated
srun: error: frontier06238: task 3304: Terminated
srun: error: frontier00637: task 168: Terminated
srun: error: frontier07005: task 4312: Terminated
srun: error: frontier07544: task 5320: Terminated
srun: error: frontier06609: task 3752: Terminated
srun: error: frontier07135: task 4536: Terminated
srun: error: frontier07290: task 4816: Terminated
srun: error: frontier07291: task 4872: Terminated
srun: error: frontier06360: task 3416: Terminated
srun: error: frontier08959: task 6552: Terminated
srun: error: frontier00640: task 280: Terminated
srun: error: frontier01391: task 616: Terminated
srun: error: frontier05374: task 2296: Terminated
srun: error: frontier06210: task 3192: Terminated
srun: error: frontier07675: task 5544: Terminated
srun: error: frontier08702: task 6160: Terminated
srun: error: frontier08064: task 5880: Terminated
srun: error: frontier04857: task 1848: Terminated
srun: error: frontier00638: task 224: Terminated
srun: error: frontier07802: task 5600: Terminated
srun: error: frontier00894: task 448: Terminated
srun: error: frontier05103: task 2016: Terminated
srun: error: frontier07384: task 4928: Terminated
srun: error: frontier06625: task 3808: Terminated
srun: error: frontier08958: task 6496: Terminated
srun: error: frontier04608: task 1568: Terminated
srun: error: frontier04351: task 1120: Terminated
srun: error: frontier06778: task 4032: Terminated
srun: error: frontier05373: task 2240: Terminated
srun: error: frontier05503: task 2464: Terminated
srun: error: frontier05966: task 2912: Terminated
srun: error: frontier04477: task 1344: Terminated
srun: error: frontier06108: task 3136: Terminated
srun: error: frontier09342: task 6944: Terminated
srun: error: frontier07263: task 4704: Terminated
srun: error: frontier08038: task 5824: Terminated
srun: error: frontier09088: task 6720: Terminated
srun: error: frontier06261: task 3360: Terminated
srun: error: frontier01392: task 672: Terminated
srun: error: frontier07511: task 5152: Terminated
srun: error: frontier06995: task 4256: Terminated
srun: error: frontier08574: task 6048: Terminated
srun: error: frontier05632: task 2688: Terminated
srun: error: frontier04853: task 1792: Terminated
srun: error: frontier07636: task 5376: Terminated
srun: error: frontier03711: task 896: Terminated
srun: error: frontier07134: task 4480: Terminated
srun: error: frontier06397: task 3584: Terminated
srun: error: frontier00126: task 1: Terminated
srun: error: frontier08704: task 6272: Terminated
srun: Force Terminated StepId=5138960.18
Running frontier nodes=128 ranks_per_node=56 dist=hierarchical_lockfree_rma mode=fixed expected_us=100 max_upper_fanout=4
srun: Step created for StepId=5138960.19
RESULT distributor=hierarchical_lockfree_rma mode=fixed expected_us=100 nodes=128 world_size=7168 max_upper_fanout=4 total_tasks=28717449 elapsed_s=20.0009 throughput_tasks_per_s=1.43581e+06
MPICH Notice [Rank 0] [job id 5138960.19] [Sun Aug  2 04:44:29 2026] [frontier00126] - Abort(0) (rank 0 in comm 0): application called MPI_Abort(MPI_COMM_WORLD, 0) - process 0

aborting job:
application called MPI_Abort(MPI_COMM_WORLD, 0) - process 0
srun: error: frontier00126: task 0: Exited with exit code 255
srun: Terminating StepId=5138960.19
[2026-08-02T04:44:30.246] error: *** STEP 5138960.19 ON frontier00126 CANCELLED AT 2026-08-02T04:44:30 DUE TO TASK FAILURE ***
srun: error: frontier07544: tasks 5321-5375: Terminated
srun: error: frontier07513: tasks 5209-5263: Terminated
srun: error: frontier07384: tasks 4929-4983: Terminated
srun: error: frontier06395: tasks 3529-3583: Terminated
srun: error: frontier08192: tasks 5937-5991: Terminated
srun: error: frontier08957: tasks 6441-6495: Terminated
srun: error: frontier09342: tasks 6945-6999: Terminated
srun: error: frontier08064: tasks 5881-5935: Terminated
srun: error: frontier04351: tasks 1121-1175: Terminated
srun: error: frontier05504: tasks 2521-2575: Terminated
srun: error: frontier06893: tasks 4089-4143: Terminated
srun: error: frontier04607: tasks 1513-1567: Terminated
srun: error: frontier06107: tasks 3081-3135: Terminated
srun: error: frontier08573: tasks 5993-6047: Terminated
srun: error: frontier04477: tasks 1345-1399: Terminated
srun: error: frontier08575: tasks 6105-6159: Terminated
srun: error: frontier08958: tasks 6497-6551: Terminated
srun: error: frontier09088: tasks 6721-6775: Terminated
srun: error: frontier07935: tasks 5769-5823: Terminated
srun: error: frontier08038: tasks 5825-5879: Terminated
srun: error: frontier04857: tasks 1849-1903: Terminated
srun: error: frontier05862: tasks 2745-2799: Terminated
srun: error: frontier06776: tasks 3977-4031: Terminated
srun: error: frontier00126: tasks 2-55: Terminated
srun: error: frontier05966: tasks 2913-2967: Terminated
srun: error: frontier06900: tasks 4145-4199: Terminated
srun: error: frontier05632: tasks 2689-2743: Terminated
srun: error: frontier06360: tasks 3417-3471: Terminated
srun: error: frontier09086: tasks 6665-6719: Terminated
srun: error: frontier03454: tasks 841-895: Terminated
srun: error: frontier05502: tasks 2409-2463: Terminated
srun: error: frontier00640: tasks 281-335: Terminated
srun: error: frontier07398: tasks 5041-5095: Terminated
srun: error: frontier00638: tasks 225-279: Terminated
srun: error: frontier08831: tasks 6329-6383: Terminated
srun: error: frontier05375: tasks 2353-2407: Terminated
srun: error: frontier05613: tasks 2577-2631: Terminated
srun: error: frontier04730: tasks 1625-1679: Terminated
srun: error: frontier05997: tasks 3025-3079: Terminated
srun: error: frontier07163: tasks 4593-4647: Terminated
srun: error: frontier06496: tasks 3641-3695: Terminated
srun: error: frontier09449: tasks 7057-7111: Terminated
srun: error: frontier04608: tasks 1569-1623: Terminated
srun: error: frontier06625: tasks 3809-3863: Terminated
srun: error: frontier04731: tasks 1681-1735: Terminated
srun: error: frontier06775: tasks 3921-3975: Terminated
srun: error: frontier06238: tasks 3305-3359: Terminated
srun: error: frontier04352: tasks 1177-1231: Terminated
srun: error: frontier09458: tasks 7113-7167: Terminated
srun: error: frontier04471: tasks 1289-1343: Terminated
srun: error: frontier00895: tasks 505-559: Terminated
srun: error: frontier06609: tasks 3753-3807: Terminated
srun: error: frontier07134: tasks 4481-4535: Terminated
srun: error: frontier06909: tasks 4201-4255: Terminated
srun: error: frontier06397: tasks 3585-3639: Terminated
srun: error: frontier07164: tasks 4649-4703: Terminated
srun: error: frontier00768: tasks 337-391: Terminated
srun: error: frontier04848: tasks 1737-1791: Terminated
srun: error: frontier08702: tasks 6161-6215: Terminated
srun: error: frontier09216: tasks 6889-6943: Terminated
srun: error: frontier01400: tasks 729-783: Terminated
srun: error: frontier03828: tasks 953-1007: Terminated
srun: error: frontier07037: tasks 4369-4423: Terminated
srun: error: frontier07264: tasks 4761-4815: Terminated
srun: error: frontier07674: tasks 5489-5543: Terminated
srun: error: frontier07263: tasks 4705-4759: Terminated
srun: error: frontier05373: tasks 2241-2295: Terminated
srun: error: frontier05631: tasks 2633-2687: Terminated
srun: error: frontier05371: tasks 2185-2239: Terminated
srun: error: frontier04858: tasks 1905-1959: Terminated
srun: error: frontier07005: tasks 4313-4367: Terminated
srun: error: frontier07135: tasks 4537-4591: Terminated
srun: error: frontier07802: tasks 5601-5655: Terminated
srun: error: frontier01391: tasks 617-671: Terminated
srun: error: frontier08574: tasks 6049-6103: Terminated
srun: error: frontier03711: tasks 897-951: Terminated
srun: error: frontier06108: tasks 3137-3191: Terminated
srun: error: frontier06778: tasks 4033-4087: Terminated
srun: error: frontier07039: tasks 4425-4479: Terminated
srun: error: frontier00636: tasks 113-167: Terminated
srun: error: frontier06210: tasks 3193-3247: Terminated
srun: error: frontier09212: tasks 6777-6831: Terminated
srun: error: frontier03440: tasks 785-839: Terminated
srun: error: frontier07675: tasks 5545-5599: Terminated
srun: error: frontier04468: tasks 1233-1287: Terminated
srun: error: frontier04598: tasks 1457-1511: Terminated
srun: error: frontier05103: tasks 2017-2071: Terminated
srun: error: frontier07543: tasks 5265-5319: Terminated
srun: error: frontier07511: tasks 5153-5207: Terminated
srun: error: frontier06526: tasks 3697-3751: Terminated
srun: error: frontier00892: tasks 393-447: Terminated
srun: error: frontier05866: tasks 2801-2855: Terminated
srun: error: frontier00637: tasks 169-223: Terminated
srun: error: frontier00896: tasks 561-615: Terminated
srun: error: frontier00894: tasks 449-503: Terminated
srun: error: frontier07934: tasks 5713-5767: Terminated
srun: error: frontier05108: tasks 2073-2127: Terminated
srun: error: frontier05098: tasks 1961-2015: Terminated
srun: error: frontier06261: tasks 3361-3415: Terminated
srun: error: frontier08704: tasks 6273-6327: Terminated
srun: error: frontier07396: tasks 4985-5039: Terminated
srun: error: frontier08703: tasks 6217-6271: Terminated
srun: error: frontier00379: tasks 57-111: Terminated
srun: error: frontier09215: tasks 6833-6887: Terminated
srun: error: frontier06769: tasks 3865-3919: Terminated
srun: error: frontier09085: tasks 6609-6663: Terminated
srun: error: frontier04853: tasks 1793-1847: Terminated
srun: error: frontier01392: tasks 673-727: Terminated
srun: error: frontier07651: tasks 5433-5487: Terminated
srun: error: frontier07808: tasks 5657-5711: Terminated
srun: error: frontier07291: tasks 4873-4927: Terminated
srun: error: frontier04224: tasks 1065-1119: Terminated
srun: error: frontier05111: tasks 2129-2183: Terminated
srun: error: frontier05867: tasks 2857-2911: Terminated
srun: error: frontier04596: tasks 1401-1455: Terminated
srun: error: frontier06372: tasks 3473-3527: Terminated
srun: error: frontier08959: tasks 6553-6607: Terminated
srun: error: frontier07417: tasks 5097-5151: Terminated
srun: error: frontier05990: tasks 2969-3023: Terminated
srun: error: frontier08832: tasks 6385-6439: Terminated
srun: error: frontier06228: tasks 3249-3303: Terminated
srun: error: frontier05374: tasks 2297-2351: Terminated
srun: error: frontier07636: tasks 5377-5431: Terminated
srun: error: frontier06995: tasks 4257-4311: Terminated
srun: error: frontier07290: tasks 4817-4871: Terminated
srun: error: frontier03968: tasks 1009-1063: Terminated
srun: error: frontier05503: tasks 2465-2519: Terminated
srun: error: frontier09446: tasks 7001-7055: Terminated
srun: error: frontier07544: task 5320: Terminated
srun: error: frontier06395: task 3528: Terminated
srun: error: frontier07513: task 5208: Terminated
srun: error: frontier07935: task 5768: Terminated
srun: error: frontier05502: task 2408: Terminated
srun: error: frontier06776: task 3976: Terminated
srun: error: frontier06769: task 3864: Terminated
srun: error: frontier05862: task 2744: Terminated
srun: error: frontier06360: task 3416: Terminated
srun: error: frontier08064: task 5880: Terminated
srun: error: frontier09086: task 6664: Terminated
srun: error: frontier08957: task 6440: Terminated
srun: error: frontier03454: task 840: Terminated
srun: error: frontier08573: task 5992: Terminated
srun: error: frontier07163: task 4592: Terminated
srun: error: frontier08192: task 5936: Terminated
srun: error: frontier04730: task 1624: Terminated
srun: error: frontier09449: task 7056: Terminated
srun: error: frontier08575: task 6104: Terminated
srun: error: frontier06893: task 4088: Terminated
srun: error: frontier05997: task 3024: Terminated
srun: error: frontier06107: task 3080: Terminated
srun: error: frontier05504: task 2520: Terminated
srun: error: frontier05613: task 2576: Terminated
srun: error: frontier04857: task 1848: Terminated
srun: error: frontier04607: task 1512: Terminated
srun: error: frontier07164: task 4648: Terminated
srun: error: frontier00768: task 336: Terminated
srun: error: frontier09216: task 6888: Terminated
srun: error: frontier06238: task 3304: Terminated
srun: error: frontier05375: task 2352: Terminated
srun: error: frontier06900: task 4144: Terminated
srun: error: frontier06496: task 3640: Terminated
srun: error: frontier04858: task 1904: Terminated
srun: error: frontier06775: task 3920: Terminated
srun: error: frontier05371: task 2184: Terminated
srun: error: frontier04352: task 1176: Terminated
srun: error: frontier04471: task 1288: Terminated
srun: error: frontier07037: task 4368: Terminated
srun: error: frontier04731: task 1680: Terminated
srun: error: frontier07398: task 5040: Terminated
srun: error: frontier09458: task 7112: Terminated
srun: error: frontier01400: task 728: Terminated
srun: error: frontier00895: task 504: Terminated
srun: error: frontier08831: task 6328: Terminated
srun: error: frontier06609: task 3752: Terminated
srun: error: frontier00640: task 280: Terminated
srun: error: frontier08702: task 6160: Terminated
srun: error: frontier07039: task 4424: Terminated
srun: error: frontier01391: task 616: Terminated
srun: error: frontier07264: task 4760: Terminated
srun: error: frontier06526: task 3696: Terminated
srun: error: frontier08832: task 6384: Terminated
srun: error: frontier04848: task 1736: Terminated
srun: error: frontier00636: task 112: Terminated
srun: error: frontier00637: task 168: Terminated
srun: error: frontier07543: task 5264: Terminated
srun: error: frontier06909: task 4200: Terminated
srun: error: frontier05631: task 2632: Terminated
srun: error: frontier07291: task 4872: Terminated
srun: error: frontier05111: task 2128: Terminated
srun: error: frontier05098: task 1960: Terminated
srun: error: frontier04596: task 1400: Terminated
srun: error: frontier07135: task 4536: Terminated
srun: error: frontier04598: task 1456: Terminated
srun: error: frontier09085: task 6608: Terminated
srun: error: frontier07417: task 5096: Terminated
srun: error: frontier07675: task 5544: Terminated
srun: error: frontier09212: task 6776: Terminated
srun: error: frontier00379: task 56: Terminated
srun: error: frontier07808: task 5656: Terminated
srun: error: frontier05866: task 2800: Terminated
srun: error: frontier03440: task 784: Terminated
srun: error: frontier03828: task 952: Terminated
srun: error: frontier09215: task 6832: Terminated
srun: error: frontier05867: task 2856: Terminated
srun: error: frontier07651: task 5432: Terminated
srun: error: frontier06228: task 3248: Terminated
srun: error: frontier09446: task 7000: Terminated
srun: error: frontier06372: task 3472: Terminated
srun: error: frontier06210: task 3192: Terminated
srun: error: frontier08703: task 6216: Terminated
srun: error: frontier07934: task 5712: Terminated
srun: error: frontier07674: task 5488: Terminated
srun: error: frontier00896: task 560: Terminated
srun: error: frontier07005: task 4312: Terminated
srun: error: frontier03968: task 1008: Terminated
srun: error: frontier07396: task 4984: Terminated
srun: error: frontier05990: task 2968: Terminated
srun: error: frontier04468: task 1232: Terminated
srun: error: frontier07290: task 4816: Terminated
srun: error: frontier04224: task 1064: Terminated
srun: error: frontier05374: task 2296: Terminated
srun: error: frontier05108: task 2072: Terminated
srun: error: frontier08959: task 6552: Terminated
srun: error: frontier00892: task 392: Terminated
srun: error: frontier07384: task 4928: Terminated
srun: error: frontier04477: task 1344: Terminated
srun: error: frontier00638: task 224: Terminated
srun: error: frontier08038: task 5824: Terminated
srun: error: frontier06625: task 3808: Terminated
srun: error: frontier05966: task 2912: Terminated
srun: error: frontier07802: task 5600: Terminated
srun: error: frontier08958: task 6496: Terminated
srun: error: frontier05373: task 2240: Terminated
srun: error: frontier09088: task 6720: Terminated
srun: error: frontier04351: task 1120: Terminated
srun: error: frontier04608: task 1568: Terminated
srun: error: frontier08574: task 6048: Terminated
srun: error: frontier07263: task 4704: Terminated
srun: error: frontier06778: task 4032: Terminated
srun: error: frontier09342: task 6944: Terminated
srun: error: frontier06108: task 3136: Terminated
srun: error: frontier00894: task 448: Terminated
srun: error: frontier01392: task 672: Terminated
srun: error: frontier07511: task 5152: Terminated
srun: error: frontier06995: task 4256: Terminated
srun: error: frontier06261: task 3360: Terminated
srun: error: frontier05103: task 2016: Terminated
srun: error: frontier05503: task 2464: Terminated
srun: error: frontier05632: task 2688: Terminated
srun: error: frontier07134: task 4480: Terminated
srun: error: frontier08704: task 6272: Terminated
srun: error: frontier04853: task 1792: Terminated
srun: error: frontier07636: task 5376: Terminated
srun: error: frontier03711: task 896: Terminated
srun: error: frontier00126: task 1: Terminated
srun: error: frontier06397: task 3584: Terminated
srun: Force Terminated StepId=5138960.19
Running frontier nodes=128 ranks_per_node=56 dist=hierarchical_lockfree_rma mode=fixed expected_us=1000 max_upper_fanout=4
srun: Step created for StepId=5138960.20
RESULT distributor=hierarchical_lockfree_rma mode=fixed expected_us=1000 nodes=128 world_size=7168 max_upper_fanout=4 total_tasks=10577790 elapsed_s=20.0006 throughput_tasks_per_s=528873
MPICH Notice [Rank 0] [job id 5138960.20] [Sun Aug  2 04:45:44 2026] [frontier00126] - Abort(0) (rank 0 in comm 0): application called MPI_Abort(MPI_COMM_WORLD, 0) - process 0

aborting job:
application called MPI_Abort(MPI_COMM_WORLD, 0) - process 0
srun: error: frontier00126: task 0: Exited with exit code 255
srun: Terminating StepId=5138960.20
[2026-08-02T04:45:45.531] error: *** STEP 5138960.20 ON frontier00126 CANCELLED AT 2026-08-02T04:45:45 DUE TO TASK FAILURE ***
srun: error: frontier06900: tasks 4145-4199: Terminated
srun: error: frontier06228: tasks 3249-3303: Terminated
srun: error: frontier07290: tasks 4817-4871: Terminated
srun: error: frontier07164: tasks 4649-4703: Terminated
srun: error: frontier07513: tasks 5209-5263: Terminated
srun: error: frontier06995: tasks 4257-4311: Terminated
srun: error: frontier08573: tasks 5993-6047: Terminated
srun: error: frontier05103: tasks 2017-2071: Terminated
srun: error: frontier04848: tasks 1737-1791: Terminated
srun: error: frontier05997: tasks 3025-3079: Terminated
srun: error: frontier06107: tasks 3081-3135: Terminated
srun: error: frontier06625: tasks 3809-3863: Terminated
srun: error: frontier03968: tasks 1009-1063: Terminated
srun: error: frontier08575: tasks 6105-6159: Terminated
srun: error: frontier00894: tasks 449-503: Terminated
srun: error: frontier04857: tasks 1849-1903: Terminated
srun: error: frontier04858: tasks 1905-1959: Terminated
srun: error: frontier06238: tasks 3305-3359: Terminated
srun: error: frontier07037: tasks 4369-4423: Terminated
srun: error: frontier05108: tasks 2073-2127: Terminated
srun: error: frontier03828: tasks 953-1007: Terminated
srun: error: frontier08064: tasks 5881-5935: Terminated
srun: error: frontier07543: tasks 5265-5319: Terminated
srun: error: frontier07134: tasks 4481-4535: Terminated
srun: error: frontier06210: tasks 3193-3247: Terminated
srun: error: frontier00892: tasks 393-447: Terminated
srun: error: frontier05990: tasks 2969-3023: Terminated
srun: error: frontier09216: tasks 6889-6943: Terminated
srun: error: frontier09458: tasks 7113-7167: Terminated
srun: error: frontier04351: tasks 1121-1175: Terminated
srun: error: frontier09449: tasks 7057-7111: Terminated
srun: error: frontier06397: tasks 3585-3639: Terminated
srun: error: frontier09086: tasks 6665-6719: Terminated
srun: error: frontier00126: tasks 2-55: Terminated
srun: error: frontier05373: tasks 2241-2295: Terminated
srun: error: frontier06776: tasks 3977-4031: Terminated
srun: error: frontier00768: tasks 337-391: Terminated
srun: error: frontier00638: tasks 225-279: Terminated
srun: error: frontier07005: tasks 4313-4367: Terminated
srun: error: frontier08574: tasks 6049-6103: Terminated
srun: error: frontier07417: tasks 5097-5151: Terminated
srun: error: frontier01391: tasks 617-671: Terminated
srun: error: frontier03454: tasks 841-895: Terminated
srun: error: frontier06775: tasks 3921-3975: Terminated
srun: error: frontier05503: tasks 2465-2519: Terminated
srun: error: frontier05375: tasks 2353-2407: Terminated
srun: error: frontier01400: tasks 729-783: Terminated
srun: error: frontier00636: tasks 113-167: Terminated
srun: error: frontier00637: tasks 169-223: Terminated
srun: error: frontier09212: tasks 6777-6831: Terminated
srun: error: frontier07544: tasks 5321-5375: Terminated
srun: error: frontier07263: tasks 4705-4759: Terminated
srun: error: frontier07802: tasks 5601-5655: Terminated
srun: error: frontier07511: tasks 5153-5207: Terminated
srun: error: frontier04731: tasks 1681-1735: Terminated
srun: error: frontier07264: tasks 4761-4815: Terminated
srun: error: frontier08958: tasks 6497-6551: Terminated
srun: error: frontier07398: tasks 5041-5095: Terminated
srun: error: frontier07039: tasks 4425-4479: Terminated
srun: error: frontier05098: tasks 1961-2015: Terminated
srun: error: frontier07675: tasks 5545-5599: Terminated
srun: error: frontier00379: tasks 57-111: Terminated
srun: error: frontier05374: tasks 2297-2351: Terminated
srun: error: frontier06909: tasks 4201-4255: Terminated
srun: error: frontier05502: tasks 2409-2463: Terminated
srun: error: frontier09446: tasks 7001-7055: Terminated
srun: error: frontier06261: tasks 3361-3415: Terminated
srun: error: frontier09342: tasks 6945-6999: Terminated
srun: error: frontier00640: tasks 281-335: Terminated
srun: error: frontier05867: tasks 2857-2911: Terminated
srun: error: frontier08704: tasks 6273-6327: Terminated
srun: error: frontier04471: tasks 1289-1343: Terminated
srun: error: frontier04477: tasks 1345-1399: Terminated
srun: error: frontier04468: tasks 1233-1287: Terminated
srun: error: frontier05866: tasks 2801-2855: Terminated
srun: error: frontier07636: tasks 5377-5431: Terminated
srun: error: frontier04608: tasks 1569-1623: Terminated
srun: error: frontier06108: tasks 3137-3191: Terminated
srun: error: frontier07291: tasks 4873-4927: Terminated
srun: error: frontier07163: tasks 4593-4647: Terminated
srun: error: frontier08831: tasks 6329-6383: Terminated
srun: error: frontier06769: tasks 3865-3919: Terminated
srun: error: frontier08957: tasks 6441-6495: Terminated
srun: error: frontier04598: tasks 1457-1511: Terminated
srun: error: frontier08959: tasks 6553-6607: Terminated
srun: error: frontier00896: tasks 561-615: Terminated
srun: error: frontier08038: tasks 5825-5879: Terminated
srun: error: frontier06778: tasks 4033-4087: Terminated
srun: error: frontier05966: tasks 2913-2967: Terminated
srun: error: frontier05631: tasks 2633-2687: Terminated
srun: error: frontier06395: tasks 3529-3583: Terminated
srun: error: frontier06893: tasks 4089-4143: Terminated
srun: error: frontier06372: tasks 3473-3527: Terminated
srun: error: frontier06526: tasks 3697-3751: Terminated
srun: error: frontier09085: tasks 6609-6663: Terminated
srun: error: frontier07396: tasks 4985-5039: Terminated
srun: error: frontier04352: tasks 1177-1231: Terminated
srun: error: frontier05862: tasks 2745-2799: Terminated
srun: error: frontier07674: tasks 5489-5543: Terminated
srun: error: frontier05371: tasks 2185-2239: Terminated
srun: error: frontier06360: tasks 3417-3471: Terminated
srun: error: frontier09215: tasks 6833-6887: Terminated
srun: error: frontier05632: tasks 2689-2743: Terminated
srun: error: frontier03711: tasks 897-951: Terminated
srun: error: frontier04853: tasks 1793-1847: Terminated
srun: error: frontier00895: tasks 505-559: Terminated
srun: error: frontier04596: tasks 1401-1455: Terminated
srun: error: frontier07808: tasks 5657-5711: Terminated
srun: error: frontier09088: tasks 6721-6775: Terminated
srun: error: frontier04224: tasks 1065-1119: Terminated
srun: error: frontier06496: tasks 3641-3695: Terminated
srun: error: frontier05504: tasks 2521-2575: Terminated
srun: error: frontier08192: tasks 5937-5991: Terminated
srun: error: frontier08702: tasks 6161-6215: Terminated
srun: error: frontier08832: tasks 6385-6439: Terminated
srun: error: frontier07935: tasks 5769-5823: Terminated
srun: error: frontier03440: tasks 785-839: Terminated
srun: error: frontier07934: tasks 5713-5767: Terminated
srun: error: frontier05613: tasks 2577-2631: Terminated
srun: error: frontier04730: tasks 1625-1679: Terminated
srun: error: frontier08703: tasks 6217-6271: Terminated
srun: error: frontier06609: tasks 3753-3807: Terminated
srun: error: frontier05111: tasks 2129-2183: Terminated
srun: error: frontier07135: tasks 4537-4591: Terminated
srun: error: frontier07651: tasks 5433-5487: Terminated
srun: error: frontier01392: tasks 673-727: Terminated
srun: error: frontier07384: tasks 4929-4983: Terminated
srun: error: frontier04607: tasks 1513-1567: Terminated
srun: error: frontier07513: task 5208: Terminated
srun: error: frontier05108: task 2072: Terminated
srun: error: frontier08573: task 5992: Terminated
srun: error: frontier07164: task 4648: Terminated
srun: error: frontier06900: task 4144: Terminated
srun: error: frontier06228: task 3248: Terminated
srun: error: frontier09449: task 7056: Terminated
srun: error: frontier04858: task 1904: Terminated
srun: error: frontier05990: task 2968: Terminated
srun: error: frontier07417: task 5096: Terminated
srun: error: frontier08575: task 6104: Terminated
srun: error: frontier07290: task 4816: Terminated
srun: error: frontier07543: task 5264: Terminated
srun: error: frontier04848: task 1736: Terminated
srun: error: frontier06238: task 3304: Terminated
srun: error: frontier05997: task 3024: Terminated
srun: error: frontier06107: task 3080: Terminated
srun: error: frontier06776: task 3976: Terminated
srun: error: frontier09216: task 6888: Terminated
srun: error: frontier09212: task 6776: Terminated
srun: error: frontier09086: task 6664: Terminated
srun: error: frontier03968: task 1008: Terminated
srun: error: frontier07037: task 4368: Terminated
srun: error: frontier04471: task 1288: Terminated
srun: error: frontier00768: task 336: Terminated
srun: error: frontier06210: task 3192: Terminated
srun: error: frontier07005: task 4312: Terminated
srun: error: frontier00892: task 392: Terminated
srun: error: frontier06775: task 3920: Terminated
srun: error: frontier00636: task 112: Terminated
srun: error: frontier00637: task 168: Terminated
srun: error: frontier04468: task 1232: Terminated
srun: error: frontier03828: task 952: Terminated
srun: error: frontier08959: task 6552: Terminated
srun: error: frontier00379: task 56: Terminated
srun: error: frontier06395: task 3528: Terminated
srun: error: frontier08064: task 5880: Terminated
srun: error: frontier07039: task 4424: Terminated
srun: error: frontier07264: task 4760: Terminated
srun: error: frontier04731: task 1680: Terminated
srun: error: frontier05375: task 2352: Terminated
srun: error: frontier05098: task 1960: Terminated
srun: error: frontier07163: task 4592: Terminated
srun: error: frontier03454: task 840: Terminated
srun: error: frontier05866: task 2800: Terminated
srun: error: frontier01400: task 728: Terminated
srun: error: frontier09458: task 7112: Terminated
srun: error: frontier07291: task 4872: Terminated
srun: error: frontier04857: task 1848: Terminated
srun: error: frontier07398: task 5040: Terminated
srun: error: frontier01391: task 616: Terminated
srun: error: frontier07544: task 5320: Terminated
srun: error: frontier08957: task 6440: Terminated
srun: error: frontier07675: task 5544: Terminated
srun: error: frontier06526: task 3696: Terminated
srun: error: frontier05502: task 2408: Terminated
srun: error: frontier00896: task 560: Terminated
srun: error: frontier06909: task 4200: Terminated
srun: error: frontier06769: task 3864: Terminated
srun: error: frontier06893: task 4088: Terminated
srun: error: frontier09446: task 7000: Terminated
srun: error: frontier05867: task 2856: Terminated
srun: error: frontier09085: task 6608: Terminated
srun: error: frontier04607: task 1512: Terminated
srun: error: frontier04598: task 1456: Terminated
srun: error: frontier05613: task 2576: Terminated
srun: error: frontier05631: task 2632: Terminated
srun: error: frontier08192: task 5936: Terminated
srun: error: frontier05111: task 2128: Terminated
srun: error: frontier04730: task 1624: Terminated
srun: error: frontier03440: task 784: Terminated
srun: error: frontier05862: task 2744: Terminated
srun: error: frontier07674: task 5488: Terminated
srun: error: frontier06496: task 3640: Terminated
srun: error: frontier06372: task 3472: Terminated
srun: error: frontier00640: task 280: Terminated
srun: error: frontier07808: task 5656: Terminated
srun: error: frontier07934: task 5712: Terminated
srun: error: frontier08703: task 6216: Terminated
srun: error: frontier00895: task 504: Terminated
srun: error: frontier06609: task 3752: Terminated
srun: error: frontier06360: task 3416: Terminated
srun: error: frontier04596: task 1400: Terminated
srun: error: frontier05371: task 2184: Terminated
srun: error: frontier08702: task 6160: Terminated
srun: error: frontier05374: task 2296: Terminated
srun: error: frontier07135: task 4536: Terminated
srun: error: frontier08832: task 6384: Terminated
srun: error: frontier08831: task 6328: Terminated
srun: error: frontier09215: task 6832: Terminated
srun: error: frontier07651: task 5432: Terminated
srun: error: frontier04352: task 1176: Terminated
srun: error: frontier07396: task 4984: Terminated
srun: error: frontier05504: task 2520: Terminated
srun: error: frontier07935: task 5768: Terminated
srun: error: frontier04224: task 1064: Terminated
srun: error: frontier00894: task 448: Terminated
srun: error: frontier01392: task 672: Terminated
srun: error: frontier05103: task 2016: Terminated
srun: error: frontier00638: task 224: Terminated
srun: error: frontier06625: task 3808: Terminated
srun: error: frontier06995: task 4256: Terminated
srun: error: frontier06778: task 4032: Terminated
srun: error: frontier07802: task 5600: Terminated
srun: error: frontier05373: task 2240: Terminated
srun: error: frontier04351: task 1120: Terminated
srun: error: frontier07263: task 4704: Terminated
srun: error: frontier05503: task 2464: Terminated
srun: error: frontier08574: task 6048: Terminated
srun: error: frontier04608: task 1568: Terminated
srun: error: frontier09342: task 6944: Terminated
srun: error: frontier07511: task 5152: Terminated
srun: error: frontier04477: task 1344: Terminated
srun: error: frontier06261: task 3360: Terminated
srun: error: frontier07384: task 4928: Terminated
srun: error: frontier08038: task 5824: Terminated
srun: error: frontier05966: task 2912: Terminated
srun: error: frontier09088: task 6720: Terminated
srun: error: frontier08958: task 6496: Terminated
srun: error: frontier06108: task 3136: Terminated
srun: error: frontier07134: task 4480: Terminated
srun: error: frontier08704: task 6272: Terminated
srun: error: frontier07636: task 5376: Terminated
srun: error: frontier03711: task 896: Terminated
srun: error: frontier04853: task 1792: Terminated
srun: error: frontier05632: task 2688: Terminated
srun: error: frontier06397: task 3584: Terminated
srun: error: frontier00126: task 1: Terminated
srun: Force Terminated StepId=5138960.20
Running frontier nodes=128 ranks_per_node=56 dist=hierarchical_lockfree_rma mode=uniform expected_us=10 max_upper_fanout=4
srun: Step created for StepId=5138960.21
RESULT distributor=hierarchical_lockfree_rma mode=uniform expected_us=10 nodes=128 world_size=7168 max_upper_fanout=4 total_tasks=27734171 elapsed_s=20.0016 throughput_tasks_per_s=1.3866e+06
MPICH Notice [Rank 0] [job id 5138960.21] [Sun Aug  2 04:46:57 2026] [frontier00126] - Abort(0) (rank 0 in comm 0): application called MPI_Abort(MPI_COMM_WORLD, 0) - process 0

aborting job:
application called MPI_Abort(MPI_COMM_WORLD, 0) - process 0
srun: error: frontier00126: task 0: Exited with exit code 255
srun: Terminating StepId=5138960.21
[2026-08-02T04:46:59.020] error: *** STEP 5138960.21 ON frontier00126 CANCELLED AT 2026-08-02T04:46:59 DUE TO TASK FAILURE ***
srun: error: frontier06107: tasks 3081-3135: Terminated
srun: error: frontier09086: tasks 6665-6719: Terminated
srun: error: frontier03968: tasks 1009-1063: Terminated
srun: error: frontier04468: tasks 1233-1287: Terminated
srun: error: frontier07934: tasks 5713-5767: Terminated
srun: error: frontier00638: tasks 225-279: Terminated
srun: error: frontier00126: tasks 2-55: Terminated
srun: error: frontier05502: tasks 2409-2463: Terminated
srun: error: frontier06909: tasks 4201-4255: Terminated
srun: error: frontier07543: tasks 5265-5319: Terminated
srun: error: frontier07674: tasks 5489-5543: Terminated
srun: error: frontier04857: tasks 1849-1903: Terminated
srun: error: frontier00892: tasks 393-447: Terminated
srun: error: frontier00894: tasks 449-503: Terminated
srun: error: frontier08574: tasks 6049-6103: Terminated
srun: error: frontier04608: tasks 1569-1623: Terminated
srun: error: frontier06625: tasks 3809-3863: Terminated
srun: error: frontier04731: tasks 1681-1735: Terminated
srun: error: frontier05862: tasks 2745-2799: Terminated
srun: error: frontier07134: tasks 4481-4535: Terminated
srun: error: frontier06395: tasks 3529-3583: Terminated
srun: error: frontier01400: tasks 729-783: Terminated
srun: error: frontier06238: tasks 3305-3359: Terminated
srun: error: frontier07636: tasks 5377-5431: Terminated
srun: error: frontier06893: tasks 4089-4143: Terminated
srun: error: frontier00640: tasks 281-335: Terminated
srun: error: frontier09088: tasks 6721-6775: Terminated
srun: error: frontier06360: tasks 3417-3471: Terminated
srun: error: frontier08573: tasks 5993-6047: Terminated
srun: error: frontier05632: tasks 2689-2743: Terminated
srun: error: frontier05966: tasks 2913-2967: Terminated
srun: error: frontier04351: tasks 1121-1175: Terminated
srun: error: frontier01392: tasks 673-727: Terminated
srun: error: frontier09212: tasks 6777-6831: Terminated
srun: error: frontier07808: tasks 5657-5711: Terminated
srun: error: frontier00637: tasks 169-223: Terminated
srun: error: frontier06995: tasks 4257-4311: Terminated
srun: error: frontier03440: tasks 785-839: Terminated
srun: error: frontier07037: tasks 4369-4423: Terminated
srun: error: frontier09342: tasks 6945-6999: Terminated
srun: error: frontier08702: tasks 6161-6215: Terminated
srun: error: frontier07675: tasks 5545-5599: Terminated
srun: error: frontier07163: tasks 4593-4647: Terminated
srun: error: frontier04853: tasks 1793-1847: Terminated
srun: error: frontier00768: tasks 337-391: Terminated
srun: error: frontier06775: tasks 3921-3975: Terminated
srun: error: frontier07290: tasks 4817-4871: Terminated
srun: error: frontier09216: tasks 6889-6943: Terminated
srun: error: frontier08192: tasks 5937-5991: Terminated
srun: error: frontier06776: tasks 3977-4031: Terminated
srun: error: frontier08959: tasks 6553-6607: Terminated
srun: error: frontier08704: tasks 6273-6327: Terminated
srun: error: frontier07544: tasks 5321-5375: Terminated
srun: error: frontier06210: tasks 3193-3247: Terminated
srun: error: frontier03711: tasks 897-951: Terminated
srun: error: frontier06496: tasks 3641-3695: Terminated
srun: error: frontier08064: tasks 5881-5935: Terminated
srun: error: frontier04848: tasks 1737-1791: Terminated
srun: error: frontier05374: tasks 2297-2351: Terminated
srun: error: frontier08703: tasks 6217-6271: Terminated
srun: error: frontier07384: tasks 4929-4983: Terminated
srun: error: frontier01391: tasks 617-671: Terminated
srun: error: frontier07513: tasks 5209-5263: Terminated
srun: error: frontier04858: tasks 1905-1959: Terminated
srun: error: frontier07164: tasks 4649-4703: Terminated
srun: error: frontier05504: tasks 2521-2575: Terminated
srun: error: frontier07264: tasks 4761-4815: Terminated
srun: error: frontier03828: tasks 953-1007: Terminated
srun: error: frontier04477: tasks 1345-1399: Terminated
srun: error: frontier08575: tasks 6105-6159: Terminated
srun: error: frontier06108: tasks 3137-3191: Terminated
srun: error: frontier05375: tasks 2353-2407: Terminated
srun: error: frontier04224: tasks 1065-1119: Terminated
srun: error: frontier06900: tasks 4145-4199: Terminated
srun: error: frontier03454: tasks 841-895: Terminated
srun: error: frontier04596: tasks 1401-1455: Terminated
srun: error: frontier05866: tasks 2801-2855: Terminated
srun: error: frontier06778: tasks 4033-4087: Terminated
srun: error: frontier05108: tasks 2073-2127: Terminated
srun: error: frontier06372: tasks 3473-3527: Terminated
srun: error: frontier05371: tasks 2185-2239: Terminated
srun: error: frontier08957: tasks 6441-6495: Terminated
srun: error: frontier00636: tasks 113-167: Terminated
srun: error: frontier07398: tasks 5041-5095: Terminated
srun: error: frontier09085: tasks 6609-6663: Terminated
srun: error: frontier08958: tasks 6497-6551: Terminated
srun: error: frontier06769: tasks 3865-3919: Terminated
srun: error: frontier07802: tasks 5601-5655: Terminated
srun: error: frontier04730: tasks 1625-1679: Terminated
srun: error: frontier07135: tasks 4537-4591: Terminated
srun: error: frontier00379: tasks 57-111: Terminated
srun: error: frontier07005: tasks 4313-4367: Terminated
srun: error: frontier04352: tasks 1177-1231: Terminated
srun: error: frontier07039: tasks 4425-4479: Terminated
srun: error: frontier08038: tasks 5825-5879: Terminated
srun: error: frontier08832: tasks 6385-6439: Terminated
srun: error: frontier06228: tasks 3249-3303: Terminated
srun: error: frontier07511: tasks 5153-5207: Terminated
srun: error: frontier06526: tasks 3697-3751: Terminated
srun: error: frontier00896: tasks 561-615: Terminated
srun: error: frontier04598: tasks 1457-1511: Terminated
srun: error: frontier05103: tasks 2017-2071: Terminated
srun: error: frontier07417: tasks 5097-5151: Terminated
srun: error: frontier09215: tasks 6833-6887: Terminated
srun: error: frontier05997: tasks 3025-3079: Terminated
srun: error: frontier05613: tasks 2577-2631: Terminated
srun: error: frontier05631: tasks 2633-2687: Terminated
srun: error: frontier07263: tasks 4705-4759: Terminated
srun: error: frontier07651: tasks 5433-5487: Terminated
srun: error: frontier08831: tasks 6329-6383: Terminated
srun: error: frontier05867: tasks 2857-2911: Terminated
srun: error: frontier09458: tasks 7113-7167: Terminated
srun: error: frontier05098: tasks 1961-2015: Terminated
srun: error: frontier09449: tasks 7057-7111: Terminated
srun: error: frontier07935: tasks 5769-5823: Terminated
srun: error: frontier04471: tasks 1289-1343: Terminated
srun: error: frontier07291: tasks 4873-4927: Terminated
srun: error: frontier06609: tasks 3753-3807: Terminated
srun: error: frontier09446: tasks 7001-7055: Terminated
srun: error: frontier04607: tasks 1513-1567: Terminated
srun: error: frontier06397: tasks 3585-3639: Terminated
srun: error: frontier05503: tasks 2465-2519: Terminated
srun: error: frontier00895: tasks 505-559: Terminated
srun: error: frontier05373: tasks 2241-2295: Terminated
srun: error: frontier05990: tasks 2969-3023: Terminated
srun: error: frontier06261: tasks 3361-3415: Terminated
srun: error: frontier07396: tasks 4985-5039: Terminated
srun: error: frontier05111: tasks 2129-2183: Terminated
srun: error: frontier04468: task 1232: Terminated
srun: error: frontier09086: task 6664: Terminated
srun: error: frontier06107: task 3080: Terminated
srun: error: frontier07543: task 5264: Terminated
srun: error: frontier06775: task 3920: Terminated
srun: error: frontier05862: task 2744: Terminated
srun: error: frontier05502: task 2408: Terminated
srun: error: frontier07934: task 5712: Terminated
srun: error: frontier09212: task 6776: Terminated
srun: error: frontier03968: task 1008: Terminated
srun: error: frontier06395: task 3528: Terminated
srun: error: frontier07808: task 5656: Terminated
srun: error: frontier06909: task 4200: Terminated
srun: error: frontier07674: task 5488: Terminated
srun: error: frontier06893: task 4088: Terminated
srun: error: frontier08192: task 5936: Terminated
srun: error: frontier06238: task 3304: Terminated
srun: error: frontier04731: task 1680: Terminated
srun: error: frontier07544: task 5320: Terminated
srun: error: frontier08703: task 6216: Terminated
srun: error: frontier07264: task 4760: Terminated
srun: error: frontier06360: task 3416: Terminated
srun: error: frontier00640: task 280: Terminated
srun: error: frontier01400: task 728: Terminated
srun: error: frontier00892: task 392: Terminated
srun: error: frontier07513: task 5208: Terminated
srun: error: frontier08573: task 5992: Terminated
srun: error: frontier08702: task 6160: Terminated
srun: error: frontier00637: task 168: Terminated
srun: error: frontier01391: task 616: Terminated
srun: error: frontier08064: task 5880: Terminated
srun: error: frontier07290: task 4816: Terminated
srun: error: frontier09216: task 6888: Terminated
srun: error: frontier03440: task 784: Terminated
srun: error: frontier06776: task 3976: Terminated
srun: error: frontier07037: task 4368: Terminated
srun: error: frontier05374: task 2296: Terminated
srun: error: frontier03454: task 840: Terminated
srun: error: frontier04858: task 1904: Terminated
srun: error: frontier05371: task 2184: Terminated
srun: error: frontier08575: task 6104: Terminated
srun: error: frontier06769: task 3864: Terminated
srun: error: frontier07935: task 5768: Terminated
srun: error: frontier07164: task 4648: Terminated
srun: error: frontier05504: task 2520: Terminated
srun: error: frontier05866: task 2800: Terminated
srun: error: frontier05997: task 3024: Terminated
srun: error: frontier04596: task 1400: Terminated
srun: error: frontier06496: task 3640: Terminated
srun: error: frontier04857: task 1848: Terminated
srun: error: frontier00636: task 112: Terminated
srun: error: frontier00768: task 336: Terminated
srun: error: frontier06372: task 3472: Terminated
srun: error: frontier05867: task 2856: Terminated
srun: error: frontier06900: task 4144: Terminated
srun: error: frontier08831: task 6328: Terminated
srun: error: frontier08959: task 6552: Terminated
srun: error: frontier07675: task 5544: Terminated
srun: error: frontier07398: task 5040: Terminated
srun: error: frontier07163: task 4592: Terminated
srun: error: frontier06210: task 3192: Terminated
srun: error: frontier04848: task 1736: Terminated
srun: error: frontier06526: task 3696: Terminated
srun: error: frontier05108: task 2072: Terminated
srun: error: frontier06609: task 3752: Terminated
srun: error: frontier05098: task 1960: Terminated
srun: error: frontier05375: task 2352: Terminated
srun: error: frontier07039: task 4424: Terminated
srun: error: frontier05613: task 2576: Terminated
srun: error: frontier03828: task 952: Terminated
srun: error: frontier07417: task 5096: Terminated
srun: error: frontier09449: task 7056: Terminated
srun: error: frontier04598: task 1456: Terminated
srun: error: frontier05990: task 2968: Terminated
srun: error: frontier07291: task 4872: Terminated
srun: error: frontier00379: task 56: Terminated
srun: error: frontier05631: task 2632: Terminated
srun: error: frontier00895: task 504: Terminated
srun: error: frontier08957: task 6440: Terminated
srun: error: frontier05111: task 2128: Terminated
srun: error: frontier07135: task 4536: Terminated
srun: error: frontier04224: task 1064: Terminated
srun: error: frontier09085: task 6608: Terminated
srun: error: frontier09446: task 7000: Terminated
srun: error: frontier04471: task 1288: Terminated
srun: error: frontier07005: task 4312: Terminated
srun: error: frontier04730: task 1624: Terminated
srun: error: frontier09215: task 6832: Terminated
srun: error: frontier07651: task 5432: Terminated
srun: error: frontier08832: task 6384: Terminated
srun: error: frontier09458: task 7112: Terminated
srun: error: frontier04607: task 1512: Terminated
srun: error: frontier00896: task 560: Terminated
srun: error: frontier07396: task 4984: Terminated
srun: error: frontier04352: task 1176: Terminated
srun: error: frontier06228: task 3248: Terminated
srun: error: frontier00638: task 224: Terminated
srun: error: frontier04608: task 1568: Terminated
srun: error: frontier00894: task 448: Terminated
srun: error: frontier09342: task 6944: Terminated
srun: error: frontier06625: task 3808: Terminated
srun: error: frontier04351: task 1120: Terminated
srun: error: frontier08574: task 6048: Terminated
srun: error: frontier06995: task 4256: Terminated
srun: error: frontier05966: task 2912: Terminated
srun: error: frontier04477: task 1344: Terminated
srun: error: frontier09088: task 6720: Terminated
srun: error: frontier06778: task 4032: Terminated
srun: error: frontier05103: task 2016: Terminated
srun: error: frontier06108: task 3136: Terminated
srun: error: frontier08038: task 5824: Terminated
srun: error: frontier07384: task 4928: Terminated
srun: error: frontier07802: task 5600: Terminated
srun: error: frontier07263: task 4704: Terminated
srun: error: frontier06261: task 3360: Terminated
srun: error: frontier05373: task 2240: Terminated
srun: error: frontier07511: task 5152: Terminated
srun: error: frontier08958: task 6496: Terminated
srun: error: frontier05503: task 2464: Terminated
srun: error: frontier01392: task 672: Terminated
srun: error: frontier08704: task 6272: Terminated
srun: error: frontier05632: task 2688: Terminated
srun: error: frontier03711: task 896: Terminated
srun: error: frontier07636: task 5376: Terminated
srun: error: frontier04853: task 1792: Terminated
srun: error: frontier07134: task 4480: Terminated
srun: error: frontier06397: task 3584: Terminated
srun: error: frontier00126: task 1: Terminated
srun: Force Terminated StepId=5138960.21
Running frontier nodes=128 ranks_per_node=56 dist=hierarchical_lockfree_rma mode=uniform expected_us=100 max_upper_fanout=4
srun: Step created for StepId=5138960.22
RESULT distributor=hierarchical_lockfree_rma mode=uniform expected_us=100 nodes=128 world_size=7168 max_upper_fanout=4 total_tasks=26902846 elapsed_s=20.001 throughput_tasks_per_s=1.34508e+06
MPICH Notice [Rank 0] [job id 5138960.22] [Sun Aug  2 04:48:12 2026] [frontier00126] - Abort(0) (rank 0 in comm 0): application called MPI_Abort(MPI_COMM_WORLD, 0) - process 0

aborting job:
application called MPI_Abort(MPI_COMM_WORLD, 0) - process 0
srun: error: frontier00126: task 0: Exited with exit code 255
srun: Terminating StepId=5138960.22
[2026-08-02T04:48:13.706] error: *** STEP 5138960.22 ON frontier00126 CANCELLED AT 2026-08-02T04:48:13 DUE TO TASK FAILURE ***
srun: error: frontier06238: tasks 3305-3359: Terminated
srun: error: frontier03968: tasks 1009-1063: Terminated
srun: error: frontier07543: tasks 5265-5319: Terminated
srun: error: frontier08038: tasks 5825-5879: Terminated
srun: error: frontier01392: tasks 673-727: Terminated
srun: error: frontier04471: tasks 1289-1343: Terminated
srun: error: frontier07934: tasks 5713-5767: Terminated
srun: error: frontier09342: tasks 6945-6999: Terminated
srun: error: frontier07511: tasks 5153-5207: Terminated
srun: error: frontier08959: tasks 6553-6607: Terminated
srun: error: frontier04468: tasks 1233-1287: Terminated
srun: error: frontier07808: tasks 5657-5711: Terminated
srun: error: frontier00126: tasks 2-55: Terminated
srun: error: frontier03711: tasks 897-951: Terminated
srun: error: frontier05990: tasks 2969-3023: Terminated
srun: error: frontier00768: tasks 337-391: Terminated
srun: error: frontier00896: tasks 561-615: Terminated
srun: error: frontier05374: tasks 2297-2351: Terminated
srun: error: frontier07263: tasks 4705-4759: Terminated
srun: error: frontier09458: tasks 7113-7167: Terminated
srun: error: frontier04598: tasks 1457-1511: Terminated
srun: error: frontier04477: tasks 1345-1399: Terminated
srun: error: frontier00638: tasks 225-279: Terminated
srun: error: frontier07396: tasks 4985-5039: Terminated
srun: error: frontier05632: tasks 2689-2743: Terminated
srun: error: frontier07651: tasks 5433-5487: Terminated
srun: error: frontier09086: tasks 6665-6719: Terminated
srun: error: frontier09088: tasks 6721-6775: Terminated
srun: error: frontier06360: tasks 3417-3471: Terminated
srun: error: frontier04730: tasks 1625-1679: Terminated
srun: error: frontier04352: tasks 1177-1231: Terminated
srun: error: frontier04848: tasks 1737-1791: Terminated
srun: error: frontier06776: tasks 3977-4031: Terminated
srun: error: frontier06395: tasks 3529-3583: Terminated
srun: error: frontier04596: tasks 1401-1455: Terminated
srun: error: frontier04351: tasks 1121-1175: Terminated
srun: error: frontier08574: tasks 6049-6103: Terminated
srun: error: frontier07417: tasks 5097-5151: Terminated
srun: error: frontier09446: tasks 7001-7055: Terminated
srun: error: frontier06909: tasks 4201-4255: Terminated
srun: error: frontier07039: tasks 4425-4479: Terminated
srun: error: frontier06108: tasks 3137-3191: Terminated
srun: error: frontier07037: tasks 4369-4423: Terminated
srun: error: frontier06995: tasks 4257-4311: Terminated
srun: error: frontier01391: tasks 617-671: Terminated
srun: error: frontier03454: tasks 841-895: Terminated
srun: error: frontier01400: tasks 729-783: Terminated
srun: error: frontier08958: tasks 6497-6551: Terminated
srun: error: frontier04731: tasks 1681-1735: Terminated
srun: error: frontier05502: tasks 2409-2463: Terminated
srun: error: frontier07005: tasks 4313-4367: Terminated
srun: error: frontier04607: tasks 1513-1567: Terminated
srun: error: frontier07802: tasks 5601-5655: Terminated
srun: error: frontier04853: tasks 1793-1847: Terminated
srun: error: frontier07398: tasks 5041-5095: Terminated
srun: error: frontier06397: tasks 3585-3639: Terminated
srun: error: frontier06372: tasks 3473-3527: Terminated
srun: error: frontier06210: tasks 3193-3247: Terminated
srun: error: frontier06228: tasks 3249-3303: Terminated
srun: error: frontier06625: tasks 3809-3863: Terminated
srun: error: frontier08832: tasks 6385-6439: Terminated
srun: error: frontier04224: tasks 1065-1119: Terminated
srun: error: frontier05098: tasks 1961-2015: Terminated
srun: error: frontier09449: tasks 7057-7111: Terminated
srun: error: frontier04858: tasks 1905-1959: Terminated
srun: error: frontier07544: tasks 5321-5375: Terminated
srun: error: frontier07135: tasks 4537-4591: Terminated
srun: error: frontier09085: tasks 6609-6663: Terminated
srun: error: frontier07134: tasks 4481-4535: Terminated
srun: error: frontier00895: tasks 505-559: Terminated
srun: error: frontier00892: tasks 393-447: Terminated
srun: error: frontier03828: tasks 953-1007: Terminated
srun: error: frontier04857: tasks 1849-1903: Terminated
srun: error: frontier00379: tasks 57-111: Terminated
srun: error: frontier08573: tasks 5993-6047: Terminated
srun: error: frontier06778: tasks 4033-4087: Terminated
srun: error: frontier09212: tasks 6777-6831: Terminated
srun: error: frontier07290: tasks 4817-4871: Terminated
srun: error: frontier07636: tasks 5377-5431: Terminated
srun: error: frontier06775: tasks 3921-3975: Terminated
srun: error: frontier06900: tasks 4145-4199: Terminated
srun: error: frontier05504: tasks 2521-2575: Terminated
srun: error: frontier07935: tasks 5769-5823: Terminated
srun: error: frontier07164: tasks 4649-4703: Terminated
srun: error: frontier07291: tasks 4873-4927: Terminated
srun: error: frontier06609: tasks 3753-3807: Terminated
srun: error: frontier08702: tasks 6161-6215: Terminated
srun: error: frontier05867: tasks 2857-2911: Terminated
srun: error: frontier06107: tasks 3081-3135: Terminated
srun: error: frontier00636: tasks 113-167: Terminated
srun: error: frontier09216: tasks 6889-6943: Terminated
srun: error: frontier08704: tasks 6273-6327: Terminated
srun: error: frontier07674: tasks 5489-5543: Terminated
srun: error: frontier05371: tasks 2185-2239: Terminated
srun: error: frontier08192: tasks 5937-5991: Terminated
srun: error: frontier05503: tasks 2465-2519: Terminated
srun: error: frontier08064: tasks 5881-5935: Terminated
srun: error: frontier05108: tasks 2073-2127: Terminated
srun: error: frontier05111: tasks 2129-2183: Terminated
srun: error: frontier00637: tasks 169-223: Terminated
srun: error: frontier07264: tasks 4761-4815: Terminated
srun: error: frontier00894: tasks 449-503: Terminated
srun: error: frontier06261: tasks 3361-3415: Terminated
srun: error: frontier05862: tasks 2745-2799: Terminated
srun: error: frontier06496: tasks 3641-3695: Terminated
srun: error: frontier05103: tasks 2017-2071: Terminated
srun: error: frontier07384: tasks 4929-4983: Terminated
srun: error: frontier08831: tasks 6329-6383: Terminated
srun: error: frontier06526: tasks 3697-3751: Terminated
srun: error: frontier05613: tasks 2577-2631: Terminated
srun: error: frontier09215: tasks 6833-6887: Terminated
srun: error: frontier08703: tasks 6217-6271: Terminated
srun: error: frontier06893: tasks 4089-4143: Terminated
srun: error: frontier05866: tasks 2801-2855: Terminated
srun: error: frontier07675: tasks 5545-5599: Terminated
srun: error: frontier08957: tasks 6441-6495: Terminated
srun: error: frontier05631: tasks 2633-2687: Terminated
srun: error: frontier05997: tasks 3025-3079: Terminated
srun: error: frontier07163: tasks 4593-4647: Terminated
srun: error: frontier03440: tasks 785-839: Terminated
srun: error: frontier06769: tasks 3865-3919: Terminated
srun: error: frontier04608: tasks 1569-1623: Terminated
srun: error: frontier00640: tasks 281-335: Terminated
srun: error: frontier07513: tasks 5209-5263: Terminated
srun: error: frontier08575: tasks 6105-6159: Terminated
srun: error: frontier05375: tasks 2353-2407: Terminated
srun: error: frontier05373: tasks 2241-2295: Terminated
srun: error: frontier05966: tasks 2913-2967: Terminated
srun: error: frontier06238: task 3304: Terminated
srun: error: frontier04596: task 1400: Terminated
srun: error: frontier08959: task 6552: Terminated
srun: error: frontier04468: task 1232: Terminated
srun: error: frontier05374: task 2296: Terminated
srun: error: frontier07417: task 5096: Terminated
srun: error: frontier07543: task 5264: Terminated
srun: error: frontier04471: task 1288: Terminated
srun: error: frontier07808: task 5656: Terminated
srun: error: frontier06395: task 3528: Terminated
srun: error: frontier06360: task 3416: Terminated
srun: error: frontier07934: task 5712: Terminated
srun: error: frontier07039: task 4424: Terminated
srun: error: frontier09086: task 6664: Terminated
srun: error: frontier07513: task 5208: Terminated
srun: error: frontier05502: task 2408: Terminated
srun: error: frontier04598: task 1456: Terminated
srun: error: frontier00768: task 336: Terminated
srun: error: frontier03968: task 1008: Terminated
srun: error: frontier07651: task 5432: Terminated
srun: error: frontier05990: task 2968: Terminated
srun: error: frontier07135: task 4536: Terminated
srun: error: frontier04352: task 1176: Terminated
srun: error: frontier09458: task 7112: Terminated
srun: error: frontier06210: task 3192: Terminated
srun: error: frontier06228: task 3248: Terminated
srun: error: frontier06775: task 3920: Terminated
srun: error: frontier00896: task 560: Terminated
srun: error: frontier04848: task 1736: Terminated
srun: error: frontier07037: task 4368: Terminated
srun: error: frontier04731: task 1680: Terminated
srun: error: frontier00379: task 56: Terminated
srun: error: frontier09212: task 6776: Terminated
srun: error: frontier04730: task 1624: Terminated
srun: error: frontier06776: task 3976: Terminated
srun: error: frontier07544: task 5320: Terminated
srun: error: frontier07935: task 5768: Terminated
srun: error: frontier00895: task 504: Terminated
srun: error: frontier00892: task 392: Terminated
srun: error: frontier09085: task 6608: Terminated
srun: error: frontier03828: task 952: Terminated
srun: error: frontier04607: task 1512: Terminated
srun: error: frontier07396: task 4984: Terminated
srun: error: frontier09449: task 7056: Terminated
srun: error: frontier09446: task 7000: Terminated
srun: error: frontier01391: task 616: Terminated
srun: error: frontier03454: task 840: Terminated
srun: error: frontier06909: task 4200: Terminated
srun: error: frontier04857: task 1848: Terminated
srun: error: frontier04858: task 1904: Terminated
srun: error: frontier08832: task 6384: Terminated
srun: error: frontier05867: task 2856: Terminated
srun: error: frontier06372: task 3472: Terminated
srun: error: frontier08573: task 5992: Terminated
srun: error: frontier05098: task 1960: Terminated
srun: error: frontier05111: task 2128: Terminated
srun: error: frontier01400: task 728: Terminated
srun: error: frontier00636: task 112: Terminated
srun: error: frontier00637: task 168: Terminated
srun: error: frontier08192: task 5936: Terminated
srun: error: frontier05108: task 2072: Terminated
srun: error: frontier06609: task 3752: Terminated
srun: error: frontier07398: task 5040: Terminated
srun: error: frontier07005: task 4312: Terminated
srun: error: frontier05866: task 2800: Terminated
srun: error: frontier05631: task 2632: Terminated
srun: error: frontier05504: task 2520: Terminated
srun: error: frontier07264: task 4760: Terminated
srun: error: frontier05862: task 2744: Terminated
srun: error: frontier06107: task 3080: Terminated
srun: error: frontier06496: task 3640: Terminated
srun: error: frontier07164: task 4648: Terminated
srun: error: frontier06526: task 3696: Terminated
srun: error: frontier04224: task 1064: Terminated
srun: error: frontier06893: task 4088: Terminated
srun: error: frontier07290: task 4816: Terminated
srun: error: frontier08702: task 6160: Terminated
srun: error: frontier07291: task 4872: Terminated
srun: error: frontier08575: task 6104: Terminated
srun: error: frontier09216: task 6888: Terminated
srun: error: frontier08703: task 6216: Terminated
srun: error: frontier07163: task 4592: Terminated
srun: error: frontier09215: task 6832: Terminated
srun: error: frontier06900: task 4144: Terminated
srun: error: frontier08831: task 6328: Terminated
srun: error: frontier08064: task 5880: Terminated
srun: error: frontier05371: task 2184: Terminated
srun: error: frontier05613: task 2576: Terminated
srun: error: frontier05997: task 3024: Terminated
srun: error: frontier08957: task 6440: Terminated
srun: error: frontier07674: task 5488: Terminated
srun: error: frontier06769: task 3864: Terminated
srun: error: frontier03440: task 784: Terminated
srun: error: frontier00640: task 280: Terminated
srun: error: frontier05375: task 2352: Terminated
srun: error: frontier07675: task 5544: Terminated
srun: error: frontier01392: task 672: Terminated
srun: error: frontier08038: task 5824: Terminated
srun: error: frontier00638: task 224: Terminated
srun: error: frontier07511: task 5152: Terminated
srun: error: frontier05966: task 2912: Terminated
srun: error: frontier04477: task 1344: Terminated
srun: error: frontier09342: task 6944: Terminated
srun: error: frontier08574: task 6048: Terminated
srun: error: frontier06108: task 3136: Terminated
srun: error: frontier07263: task 4704: Terminated
srun: error: frontier07802: task 5600: Terminated
srun: error: frontier06778: task 4032: Terminated
srun: error: frontier09088: task 6720: Terminated
srun: error: frontier06625: task 3808: Terminated
srun: error: frontier04351: task 1120: Terminated
srun: error: frontier06995: task 4256: Terminated
srun: error: frontier00894: task 448: Terminated
srun: error: frontier08958: task 6496: Terminated
srun: error: frontier05103: task 2016: Terminated
srun: error: frontier04608: task 1568: Terminated
srun: error: frontier05373: task 2240: Terminated
srun: error: frontier06261: task 3360: Terminated
srun: error: frontier07384: task 4928: Terminated
srun: error: frontier05503: task 2464: Terminated
srun: error: frontier03711: task 896: Terminated
srun: error: frontier05632: task 2688: Terminated
srun: error: frontier04853: task 1792: Terminated
srun: error: frontier07134: task 4480: Terminated
srun: error: frontier08704: task 6272: Terminated
srun: error: frontier07636: task 5376: Terminated
srun: error: frontier00126: task 1: Terminated
srun: error: frontier06397: task 3584: Terminated
srun: Force Terminated StepId=5138960.22
Running frontier nodes=128 ranks_per_node=56 dist=hierarchical_lockfree_rma mode=uniform expected_us=1000 max_upper_fanout=4
srun: Step created for StepId=5138960.23
RESULT distributor=hierarchical_lockfree_rma mode=uniform expected_us=1000 nodes=128 world_size=7168 max_upper_fanout=4 total_tasks=10168466 elapsed_s=20.0003 throughput_tasks_per_s=508415
MPICH Notice [Rank 0] [job id 5138960.23] [Sun Aug  2 04:49:26 2026] [frontier00126] - Abort(0) (rank 0 in comm 0): application called MPI_Abort(MPI_COMM_WORLD, 0) - process 0

aborting job:
application called MPI_Abort(MPI_COMM_WORLD, 0) - process 0
srun: error: frontier00126: task 0: Exited with exit code 255
srun: Terminating StepId=5138960.23
[2026-08-02T04:49:27.118] error: *** STEP 5138960.23 ON frontier00126 CANCELLED AT 2026-08-02T04:49:27 DUE TO TASK FAILURE ***
srun: error: frontier04477: tasks 1345-1399: Terminated
srun: error: frontier04224: tasks 1065-1119: Terminated
srun: error: frontier09216: tasks 6889-6943: Terminated
srun: error: frontier07396: tasks 4985-5039: Terminated
srun: error: frontier03711: tasks 897-951: Terminated
srun: error: frontier09342: tasks 6945-6999: Terminated
srun: error: frontier05503: tasks 2465-2519: Terminated
srun: error: frontier01392: tasks 673-727: Terminated
srun: error: frontier06397: tasks 3585-3639: Terminated
srun: error: frontier07511: tasks 5153-5207: Terminated
srun: error: frontier08574: tasks 6049-6103: Terminated
srun: error: frontier05966: tasks 2913-2967: Terminated
srun: error: frontier08958: tasks 6497-6551: Terminated
srun: error: frontier05632: tasks 2689-2743: Terminated
srun: error: frontier05108: tasks 2073-2127: Terminated
srun: error: frontier04853: tasks 1793-1847: Terminated
srun: error: frontier00126: tasks 2-55: Terminated
srun: error: frontier06775: tasks 3921-3975: Terminated
srun: error: frontier06900: tasks 4145-4199: Terminated
srun: error: frontier09088: tasks 6721-6775: Terminated
srun: error: frontier06360: tasks 3417-3471: Terminated
srun: error: frontier06625: tasks 3809-3863: Terminated
srun: error: frontier06395: tasks 3529-3583: Terminated
srun: error: frontier07384: tasks 4929-4983: Terminated
srun: error: frontier04471: tasks 1289-1343: Terminated
srun: error: frontier08703: tasks 6217-6271: Terminated
srun: error: frontier06609: tasks 3753-3807: Terminated
srun: error: frontier06372: tasks 3473-3527: Terminated
srun: error: frontier05375: tasks 2353-2407: Terminated
srun: error: frontier07039: tasks 4425-4479: Terminated
srun: error: frontier07164: tasks 4649-4703: Terminated
srun: error: frontier04857: tasks 1849-1903: Terminated
srun: error: frontier05502: tasks 2409-2463: Terminated
srun: error: frontier07134: tasks 4481-4535: Terminated
srun: error: frontier06909: tasks 4201-4255: Terminated
srun: error: frontier05373: tasks 2241-2295: Terminated
srun: error: frontier09086: tasks 6665-6719: Terminated
srun: error: frontier05103: tasks 2017-2071: Terminated
srun: error: frontier07264: tasks 4761-4815: Terminated
srun: error: frontier08702: tasks 6161-6215: Terminated
srun: error: frontier07513: tasks 5209-5263: Terminated
srun: error: frontier06228: tasks 3249-3303: Terminated
srun: error: frontier04730: tasks 1625-1679: Terminated
srun: error: frontier04731: tasks 1681-1735: Terminated
srun: error: frontier04468: tasks 1233-1287: Terminated
srun: error: frontier00894: tasks 449-503: Terminated
srun: error: frontier05867: tasks 2857-2911: Terminated
srun: error: frontier06995: tasks 4257-4311: Terminated
srun: error: frontier06108: tasks 3137-3191: Terminated
srun: error: frontier09449: tasks 7057-7111: Terminated
srun: error: frontier04848: tasks 1737-1791: Terminated
srun: error: frontier01391: tasks 617-671: Terminated
srun: error: frontier08832: tasks 6385-6439: Terminated
srun: error: frontier00892: tasks 393-447: Terminated
srun: error: frontier00636: tasks 113-167: Terminated
srun: error: frontier07037: tasks 4369-4423: Terminated
srun: error: frontier09085: tasks 6609-6663: Terminated
srun: error: frontier07290: tasks 4817-4871: Terminated
srun: error: frontier06778: tasks 4033-4087: Terminated
srun: error: frontier09212: tasks 6777-6831: Terminated
srun: error: frontier06776: tasks 3977-4031: Terminated
srun: error: frontier03454: tasks 841-895: Terminated
srun: error: frontier07651: tasks 5433-5487: Terminated
srun: error: frontier03440: tasks 785-839: Terminated
srun: error: frontier07675: tasks 5545-5599: Terminated
srun: error: frontier07802: tasks 5601-5655: Terminated
srun: error: frontier00640: tasks 281-335: Terminated
srun: error: frontier06210: tasks 3193-3247: Terminated
srun: error: frontier09458: tasks 7113-7167: Terminated
srun: error: frontier08573: tasks 5993-6047: Terminated
srun: error: frontier07291: tasks 4873-4927: Terminated
srun: error: frontier08957: tasks 6441-6495: Terminated
srun: error: frontier05111: tasks 2129-2183: Terminated
srun: error: frontier07263: tasks 4705-4759: Terminated
srun: error: frontier05862: tasks 2745-2799: Terminated
srun: error: frontier08038: tasks 5825-5879: Terminated
srun: error: frontier05371: tasks 2185-2239: Terminated
srun: error: frontier07417: tasks 5097-5151: Terminated
srun: error: frontier04598: tasks 1457-1511: Terminated
srun: error: frontier00768: tasks 337-391: Terminated
srun: error: frontier07163: tasks 4593-4647: Terminated
srun: error: frontier09446: tasks 7001-7055: Terminated
srun: error: frontier03968: tasks 1009-1063: Terminated
srun: error: frontier06893: tasks 4089-4143: Terminated
srun: error: frontier05866: tasks 2801-2855: Terminated
srun: error: frontier08064: tasks 5881-5935: Terminated
srun: error: frontier00379: tasks 57-111: Terminated
srun: error: frontier07005: tasks 4313-4367: Terminated
srun: error: frontier04607: tasks 1513-1567: Terminated
srun: error: frontier06107: tasks 3081-3135: Terminated
srun: error: frontier03828: tasks 953-1007: Terminated
srun: error: frontier07135: tasks 4537-4591: Terminated
srun: error: frontier07935: tasks 5769-5823: Terminated
srun: error: frontier05098: tasks 1961-2015: Terminated
srun: error: frontier07636: tasks 5377-5431: Terminated
srun: error: frontier07543: tasks 5265-5319: Terminated
srun: error: frontier05631: tasks 2633-2687: Terminated
srun: error: frontier06526: tasks 3697-3751: Terminated
srun: error: frontier01400: tasks 729-783: Terminated
srun: error: frontier05990: tasks 2969-3023: Terminated
srun: error: frontier07398: tasks 5041-5095: Terminated
srun: error: frontier04596: tasks 1401-1455: Terminated
srun: error: frontier07808: tasks 5657-5711: Terminated
srun: error: frontier05504: tasks 2521-2575: Terminated
srun: error: frontier08192: tasks 5937-5991: Terminated
srun: error: frontier09215: tasks 6833-6887: Terminated
srun: error: frontier06261: tasks 3361-3415: Terminated
srun: error: frontier08575: tasks 6105-6159: Terminated
srun: error: frontier07544: tasks 5321-5375: Terminated
srun: error: frontier06769: tasks 3865-3919: Terminated
srun: error: frontier05613: tasks 2577-2631: Terminated
srun: error: frontier07674: tasks 5489-5543: Terminated
srun: error: frontier00637: tasks 169-223: Terminated
srun: error: frontier00638: tasks 225-279: Terminated
srun: error: frontier06238: tasks 3305-3359: Terminated
srun: error: frontier05997: tasks 3025-3079: Terminated
srun: error: frontier04608: tasks 1569-1623: Terminated
srun: error: frontier08831: tasks 6329-6383: Terminated
srun: error: frontier08959: tasks 6553-6607: Terminated
srun: error: frontier08704: tasks 6273-6327: Terminated
srun: error: frontier04351: tasks 1121-1175: Terminated
srun: error: frontier07934: tasks 5713-5767: Terminated
srun: error: frontier00896: tasks 561-615: Terminated
srun: error: frontier06496: tasks 3641-3695: Terminated
srun: error: frontier04352: tasks 1177-1231: Terminated
srun: error: frontier04858: tasks 1905-1959: Terminated
srun: error: frontier05374: tasks 2297-2351: Terminated
srun: error: frontier00895: tasks 505-559: Terminated
srun: error: frontier01400: task 728: Terminated
srun: error: frontier05502: task 2408: Terminated
srun: error: frontier06360: task 3416: Terminated
srun: error: frontier04858: task 1904: Terminated
srun: error: frontier07164: task 4648: Terminated
srun: error: frontier09216: task 6888: Terminated
srun: error: frontier06775: task 3920: Terminated
srun: error: frontier06395: task 3528: Terminated
srun: error: frontier09086: task 6664: Terminated
srun: error: frontier07513: task 5208: Terminated
srun: error: frontier04730: task 1624: Terminated
srun: error: frontier07396: task 4984: Terminated
srun: error: frontier05108: task 2072: Terminated
srun: error: frontier09449: task 7056: Terminated
srun: error: frontier06372: task 3472: Terminated
srun: error: frontier06228: task 3248: Terminated
srun: error: frontier08703: task 6216: Terminated
srun: error: frontier07039: task 4424: Terminated
srun: error: frontier04468: task 1232: Terminated
srun: error: frontier06900: task 4144: Terminated
srun: error: frontier00636: task 112: Terminated
srun: error: frontier08702: task 6160: Terminated
srun: error: frontier06609: task 3752: Terminated
srun: error: frontier05867: task 2856: Terminated
srun: error: frontier04471: task 1288: Terminated
srun: error: frontier07291: task 4872: Terminated
srun: error: frontier05866: task 2800: Terminated
srun: error: frontier01391: task 616: Terminated
srun: error: frontier06909: task 4200: Terminated
srun: error: frontier04731: task 1680: Terminated
srun: error: frontier07290: task 4816: Terminated
srun: error: frontier03454: task 840: Terminated
srun: error: frontier07135: task 4536: Terminated
srun: error: frontier05111: task 2128: Terminated
srun: error: frontier07264: task 4760: Terminated
srun: error: frontier05862: task 2744: Terminated
srun: error: frontier04224: task 1064: Terminated
srun: error: frontier04857: task 1848: Terminated
srun: error: frontier06776: task 3976: Terminated
srun: error: frontier08064: task 5880: Terminated
srun: error: frontier00379: task 56: Terminated
srun: error: frontier00768: task 336: Terminated
srun: error: frontier06210: task 3192: Terminated
srun: error: frontier08573: task 5992: Terminated
srun: error: frontier00892: task 392: Terminated
srun: error: frontier08957: task 6440: Terminated
srun: error: frontier09212: task 6776: Terminated
srun: error: frontier03440: task 784: Terminated
srun: error: frontier04598: task 1456: Terminated
srun: error: frontier05371: task 2184: Terminated
srun: error: frontier06893: task 4088: Terminated
srun: error: frontier04848: task 1736: Terminated
srun: error: frontier07675: task 5544: Terminated
srun: error: frontier07543: task 5264: Terminated
srun: error: frontier06496: task 3640: Terminated
srun: error: frontier04607: task 1512: Terminated
srun: error: frontier07935: task 5768: Terminated
srun: error: frontier07037: task 4368: Terminated
srun: error: frontier03828: task 952: Terminated
srun: error: frontier03968: task 1008: Terminated
srun: error: frontier09085: task 6608: Terminated
srun: error: frontier07651: task 5432: Terminated
srun: error: frontier06526: task 3696: Terminated
srun: error: frontier08832: task 6384: Terminated
srun: error: frontier07417: task 5096: Terminated
srun: error: frontier00640: task 280: Terminated
srun: error: frontier05613: task 2576: Terminated
srun: error: frontier09446: task 7000: Terminated
srun: error: frontier06107: task 3080: Terminated
srun: error: frontier08192: task 5936: Terminated
srun: error: frontier09458: task 7112: Terminated
srun: error: frontier08959: task 6552: Terminated
srun: error: frontier00895: task 504: Terminated
srun: error: frontier05631: task 2632: Terminated
srun: error: frontier07163: task 4592: Terminated
srun: error: frontier05098: task 1960: Terminated
srun: error: frontier07808: task 5656: Terminated
srun: error: frontier04596: task 1400: Terminated
srun: error: frontier07544: task 5320: Terminated
srun: error: frontier06769: task 3864: Terminated
srun: error: frontier05997: task 3024: Terminated
srun: error: frontier00637: task 168: Terminated
srun: error: frontier06238: task 3304: Terminated
srun: error: frontier07674: task 5488: Terminated
srun: error: frontier08575: task 6104: Terminated
srun: error: frontier05504: task 2520: Terminated
srun: error: frontier05990: task 2968: Terminated
srun: error: frontier08831: task 6328: Terminated
srun: error: frontier04352: task 1176: Terminated
srun: error: frontier07005: task 4312: Terminated
srun: error: frontier07398: task 5040: Terminated
srun: error: frontier05374: task 2296: Terminated
srun: error: frontier07934: task 5712: Terminated
srun: error: frontier00896: task 560: Terminated
srun: error: frontier05375: task 2352: Terminated
srun: error: frontier09215: task 6832: Terminated
srun: error: frontier09342: task 6944: Terminated
srun: error: frontier04477: task 1344: Terminated
srun: error: frontier05966: task 2912: Terminated
srun: error: frontier00894: task 448: Terminated
srun: error: frontier01392: task 672: Terminated
srun: error: frontier07511: task 5152: Terminated
srun: error: frontier07384: task 4928: Terminated
srun: error: frontier05373: task 2240: Terminated
srun: error: frontier06625: task 3808: Terminated
srun: error: frontier05503: task 2464: Terminated
srun: error: frontier05103: task 2016: Terminated
srun: error: frontier08574: task 6048: Terminated
srun: error: frontier06778: task 4032: Terminated
srun: error: frontier09088: task 6720: Terminated
srun: error: frontier06995: task 4256: Terminated
srun: error: frontier07263: task 4704: Terminated
srun: error: frontier08958: task 6496: Terminated
srun: error: frontier06108: task 3136: Terminated
srun: error: frontier07802: task 5600: Terminated
srun: error: frontier00638: task 224: Terminated
srun: error: frontier08038: task 5824: Terminated
srun: error: frontier06261: task 3360: Terminated
srun: error: frontier04608: task 1568: Terminated
srun: error: frontier04351: task 1120: Terminated
srun: error: frontier03711: task 896: Terminated
srun: error: frontier04853: task 1792: Terminated
srun: error: frontier05632: task 2688: Terminated
srun: error: frontier07134: task 4480: Terminated
srun: error: frontier08704: task 6272: Terminated
srun: error: frontier07636: task 5376: Terminated
srun: error: frontier06397: task 3584: Terminated
srun: error: frontier00126: task 1: Terminated
srun: Force Terminated StepId=5138960.23
